0 0 0 0 0 0 0 0 0 0 0 0 0 0 0 0 0 4 4
0 0 0 0 0 0 0 0 0 0 0 0 0 0 0 0 0 -4 -4
0 0 0 0 0 0 0 0 0 0 0 0 0 0 0 0 4 0 4
0 0 0 0 0 0 0 0 0 0 0 0 0 0 0 0 -4 0 -4
0 0 0 0 0 0 0 0 0 0 0 0 0 0 0 0 4 4 0
0 0 0 0 0 0 0 0 0 0 0 0 0 0 0 0 -4 -4 0
4 4 0 0 0 0 0 0 0 0 0 0 0 0 0 0 0 0 0
4 -4 0 0 0 0 0 0 0 0 0 0 0 0 0 0 0 0 0
-4 4 0 0 0 0 0 0 0 0 0 0 0 0 0 0 0 0 0
-4 -4 0 0 0 0 0 0 0 0 0 0 0 0 0 0 0 0 0
4 0 4 0 0 0 0 0 0 0 0 0 0 0 0 0 0 0 0
4 0 -4 0 0 0 0 0 0 0 0 0 0 0 0 0 0 0 0
-4 0 4 0 0 0 0 0 0 0 0 0 0 0 0 0 0 0 0
-4 0 -4 0 0 0 0 0 0 0 0 0 0 0 0 0 0 0 0
4 0 0 4 0 0 0 0 0 0 0 0 0 0 0 0 0 0 0
4 0 0 -4 0 0 0 0 0 0 0 0 0 0 0 0 0 0 0
-4 0 0 4 0 0 0 0 0 0 0 0 0 0 0 0 0 0 0
-4 0 0 -4 0 0 0 0 0 0 0 0 0 0 0 0 0 0 0
4 0 0 0 4 0 0 0 0 0 0 0 0 0 0 0 0 0 0
4 0 0 0 -4 0 0 0 0 0 0 0 0 0 0 0 0 0 0
-4 0 0 0 4 0 0 0 0 0 0 0 0 0 0 0 0 0 0
-4 0 0 0 -4 0 0 0 0 0 0 0 0 0 0 0 0 0 0
4 0 0 0 0 4 0 0 0 0 0 0 0 0 0 0 0 0 0
4 0 0 0 0 -4 0 0 0 0 0 0 0 0 0 0 0 0 0
-4 0 0 0 0 4 0 0 0 0 0 0 0 0 0 0 0 0 0
-4 0 0 0 0 -4 0 0 0 0 0 0 0 0 0 0 0 0 0
4 0 0 0 0 0 4 0 0 0 0 0 0 0 0 0 0 0 0
4 0 0 0 0 0 -4 0 0 0 0 0 0 0 0 0 0 0 0
-4 0 0 0 0 0 4 0 0 0 0 0 0 0 0 0 0 0 0
-4 0 0 0 0 0 -4 0 0 0 0 0 0 0 0 0 0 0 0
4 0 0 0 0 0 0 4 0 0 0 0 0 0 0 0 0 0 0
4 0 0 0 0 0 0 -4 0 0 0 0 0 0 0 0 0 0 0
-4 0 0 0 0 0 0 4 0 0 0 0 0 0 0 0 0 0 0
-4 0 0 0 0 0 0 -4 0 0 0 0 0 0 0 0 0 0 0
4 0 0 0 0 0 0 0 4 0 0 0 0 0 0 0 0 0 0
4 0 0 0 0 0 0 0 -4 0 0 0 0 0 0 0 0 0 0
-4 0 0 0 0 0 0 0 4 0 0 0 0 0 0 0 0 0 0
-4 0 0 0 0 0 0 0 -4 0 0 0 0 0 0 0 0 0 0
4 0 0 0 0 0 0 0 0 4 0 0 0 0 0 0 0 0 0
4 0 0 0 0 0 0 0 0 -4 0 0 0 0 0 0 0 0 0
-4 0 0 0 0 0 0 0 0 4 0 0 0 0 0 0 0 0 0
-4 0 0 0 0 0 0 0 0 -4 0 0 0 0 0 0 0 0 0
4 0 0 0 0 0 0 0 0 0 4 0 0 0 0 0 0 0 0
4 0 0 0 0 0 0 0 0 0 -4 0 0 0 0 0 0 0 0
-4 0 0 0 0 0 0 0 0 0 4 0 0 0 0 0 0 0 0
-4 0 0 0 0 0 0 0 0 0 -4 0 0 0 0 0 0 0 0
4 0 0 0 0 0 0 0 0 0 0 4 0 0 0 0 0 0 0
4 0 0 0 0 0 0 0 0 0 0 -4 0 0 0 0 0 0 0
-4 0 0 0 0 0 0 0 0 0 0 4 0 0 0 0 0 0 0
-4 0 0 0 0 0 0 0 0 0 0 -4 0 0 0 0 0 0 0
4 0 0 0 0 0 0 0 0 0 0 0 4 0 0 0 0 0 0
4 0 0 0 0 0 0 0 0 0 0 0 -4 0 0 0 0 0 0
-4 0 0 0 0 0 0 0 0 0 0 0 4 0 0 0 0 0 0
-4 0 0 0 0 0 0 0 0 0 0 0 -4 0 0 0 0 0 0
4 0 0 0 0 0 0 0 0 0 0 0 0 4 0 0 0 0 0
4 0 0 0 0 0 0 0 0 0 0 0 0 -4 0 0 0 0 0
-4 0 0 0 0 0 0 0 0 0 0 0 0 4 0 0 0 0 0
-4 0 0 0 0 0 0 0 0 0 0 0 0 -4 0 0 0 0 0
4 0 0 0 0 0 0 0 0 0 0 0 0 0 4 0 0 0 0
4 0 0 0 0 0 0 0 0 0 0 0 0 0 -4 0 0 0 0
-4 0 0 0 0 0 0 0 0 0 0 0 0 0 4 0 0 0 0
-4 0 0 0 0 0 0 0 0 0 0 0 0 0 -4 0 0 0 0
4 0 0 0 0 0 0 0 0 0 0 0 0 0 0 4 0 0 0
4 0 0 0 0 0 0 0 0 0 0 0 0 0 0 -4 0 0 0
-4 0 0 0 0 0 0 0 0 0 0 0 0 0 0 4 0 0 0
-4 0 0 0 0 0 0 0 0 0 0 0 0 0 0 -4 0 0 0
0 4 4 0 0 0 0 0 0 0 0 0 0 0 0 0 0 0 0
0 4 -4 0 0 0 0 0 0 0 0 0 0 0 0 0 0 0 0
0 -4 4 0 0 0 0 0 0 0 0 0 0 0 0 0 0 0 0
0 -4 -4 0 0 0 0 0 0 0 0 0 0 0 0 0 0 0 0
0 4 0 4 0 0 0 0 0 0 0 0 0 0 0 0 0 0 0
0 4 0 -4 0 0 0 0 0 0 0 0 0 0 0 0 0 0 0
0 -4 0 4 0 0 0 0 0 0 0 0 0 0 0 0 0 0 0
0 -4 0 -4 0 0 0 0 0 0 0 0 0 0 0 0 0 0 0
0 4 0 0 4 0 0 0 0 0 0 0 0 0 0 0 0 0 0
0 4 0 0 -4 0 0 0 0 0 0 0 0 0 0 0 0 0 0
0 -4 0 0 4 0 0 0 0 0 0 0 0 0 0 0 0 0 0
0 -4 0 0 -4 0 0 0 0 0 0 0 0 0 0 0 0 0 0
0 4 0 0 0 4 0 0 0 0 0 0 0 0 0 0 0 0 0
0 4 0 0 0 -4 0 0 0 0 0 0 0 0 0 0 0 0 0
0 -4 0 0 0 4 0 0 0 0 0 0 0 0 0 0 0 0 0
0 -4 0 0 0 -4 0 0 0 0 0 0 0 0 0 0 0 0 0
0 4 0 0 0 0 4 0 0 0 0 0 0 0 0 0 0 0 0
0 4 0 0 0 0 -4 0 0 0 0 0 0 0 0 0 0 0 0
0 -4 0 0 0 0 4 0 0 0 0 0 0 0 0 0 0 0 0
0 -4 0 0 0 0 -4 0 0 0 0 0 0 0 0 0 0 0 0
0 4 0 0 0 0 0 4 0 0 0 0 0 0 0 0 0 0 0
0 4 0 0 0 0 0 -4 0 0 0 0 0 0 0 0 0 0 0
0 -4 0 0 0 0 0 4 0 0 0 0 0 0 0 0 0 0 0
0 -4 0 0 0 0 0 -4 0 0 0 0 0 0 0 0 0 0 0
0 4 0 0 0 0 0 0 4 0 0 0 0 0 0 0 0 0 0
0 4 0 0 0 0 0 0 -4 0 0 0 0 0 0 0 0 0 0
0 -4 0 0 0 0 0 0 4 0 0 0 0 0 0 0 0 0 0
0 -4 0 0 0 0 0 0 -4 0 0 0 0 0 0 0 0 0 0
0 4 0 0 0 0 0 0 0 4 0 0 0 0 0 0 0 0 0
0 4 0 0 0 0 0 0 0 -4 0 0 0 0 0 0 0 0 0
0 -4 0 0 0 0 0 0 0 4 0 0 0 0 0 0 0 0 0
0 -4 0 0 0 0 0 0 0 -4 0 0 0 0 0 0 0 0 0
0 4 0 0 0 0 0 0 0 0 4 0 0 0 0 0 0 0 0
0 4 0 0 0 0 0 0 0 0 -4 0 0 0 0 0 0 0 0
0 -4 0 0 0 0 0 0 0 0 4 0 0 0 0 0 0 0 0
0 -4 0 0 0 0 0 0 0 0 -4 0 0 0 0 0 0 0 0
0 4 0 0 0 0 0 0 0 0 0 4 0 0 0 0 0 0 0
0 4 0 0 0 0 0 0 0 0 0 -4 0 0 0 0 0 0 0
0 -4 0 0 0 0 0 0 0 0 0 4 0 0 0 0 0 0 0
0 -4 0 0 0 0 0 0 0 0 0 -4 0 0 0 0 0 0 0
0 4 0 0 0 0 0 0 0 0 0 0 4 0 0 0 0 0 0
0 4 0 0 0 0 0 0 0 0 0 0 -4 0 0 0 0 0 0
0 -4 0 0 0 0 0 0 0 0 0 0 4 0 0 0 0 0 0
0 -4 0 0 0 0 0 0 0 0 0 0 -4 0 0 0 0 0 0
0 4 0 0 0 0 0 0 0 0 0 0 0 4 0 0 0 0 0
0 4 0 0 0 0 0 0 0 0 0 0 0 -4 0 0 0 0 0
0 -4 0 0 0 0 0 0 0 0 0 0 0 4 0 0 0 0 0
0 -4 0 0 0 0 0 0 0 0 0 0 0 -4 0 0 0 0 0
0 4 0 0 0 0 0 0 0 0 0 0 0 0 4 0 0 0 0
0 4 0 0 0 0 0 0 0 0 0 0 0 0 -4 0 0 0 0
0 -4 0 0 0 0 0 0 0 0 0 0 0 0 4 0 0 0 0
0 -4 0 0 0 0 0 0 0 0 0 0 0 0 -4 0 0 0 0
0 4 0 0 0 0 0 0 0 0 0 0 0 0 0 4 0 0 0
0 4 0 0 0 0 0 0 0 0 0 0 0 0 0 -4 0 0 0
0 -4 0 0 0 0 0 0 0 0 0 0 0 0 0 4 0 0 0
0 -4 0 0 0 0 0 0 0 0 0 0 0 0 0 -4 0 0 0
0 0 0 0 0 0 0 0 0 0 0 0 0 0 0 0 4 -4 0
0 0 0 0 0 0 0 0 0 0 0 0 0 0 0 0 -4 4 0
0 0 0 0 0 0 0 0 0 0 0 0 0 0 0 0 4 0 -4
0 0 0 0 0 0 0 0 0 0 0 0 0 0 0 0 -4 0 4
0 0 4 4 0 0 0 0 0 0 0 0 0 0 0 0 0 0 0
0 0 4 -4 0 0 0 0 0 0 0 0 0 0 0 0 0 0 0
0 0 -4 4 0 0 0 0 0 0 0 0 0 0 0 0 0 0 0
0 0 -4 -4 0 0 0 0 0 0 0 0 0 0 0 0 0 0 0
0 0 4 0 4 0 0 0 0 0 0 0 0 0 0 0 0 0 0
0 0 4 0 -4 0 0 0 0 0 0 0 0 0 0 0 0 0 0
0 0 -4 0 4 0 0 0 0 0 0 0 0 0 0 0 0 0 0
0 0 -4 0 -4 0 0 0 0 0 0 0 0 0 0 0 0 0 0
0 0 4 0 0 4 0 0 0 0 0 0 0 0 0 0 0 0 0
0 0 4 0 0 -4 0 0 0 0 0 0 0 0 0 0 0 0 0
0 0 -4 0 0 4 0 0 0 0 0 0 0 0 0 0 0 0 0
0 0 -4 0 0 -4 0 0 0 0 0 0 0 0 0 0 0 0 0
0 0 4 0 0 0 4 0 0 0 0 0 0 0 0 0 0 0 0
0 0 4 0 0 0 -4 0 0 0 0 0 0 0 0 0 0 0 0
0 0 -4 0 0 0 4 0 0 0 0 0 0 0 0 0 0 0 0
0 0 -4 0 0 0 -4 0 0 0 0 0 0 0 0 0 0 0 0
0 0 4 0 0 0 0 4 0 0 0 0 0 0 0 0 0 0 0
0 0 4 0 0 0 0 -4 0 0 0 0 0 0 0 0 0 0 0
0 0 -4 0 0 0 0 4 0 0 0 0 0 0 0 0 0 0 0
0 0 -4 0 0 0 0 -4 0 0 0 0 0 0 0 0 0 0 0
0 0 4 0 0 0 0 0 4 0 0 0 0 0 0 0 0 0 0
0 0 4 0 0 0 0 0 -4 0 0 0 0 0 0 0 0 0 0
0 0 -4 0 0 0 0 0 4 0 0 0 0 0 0 0 0 0 0
0 0 -4 0 0 0 0 0 -4 0 0 0 0 0 0 0 0 0 0
0 0 4 0 0 0 0 0 0 4 0 0 0 0 0 0 0 0 0
0 0 4 0 0 0 0 0 0 -4 0 0 0 0 0 0 0 0 0
0 0 -4 0 0 0 0 0 0 4 0 0 0 0 0 0 0 0 0
0 0 -4 0 0 0 0 0 0 -4 0 0 0 0 0 0 0 0 0
0 0 4 0 0 0 0 0 0 0 4 0 0 0 0 0 0 0 0
0 0 4 0 0 0 0 0 0 0 -4 0 0 0 0 0 0 0 0
0 0 -4 0 0 0 0 0 0 0 4 0 0 0 0 0 0 0 0
0 0 -4 0 0 0 0 0 0 0 -4 0 0 0 0 0 0 0 0
0 0 4 0 0 0 0 0 0 0 0 4 0 0 0 0 0 0 0
0 0 4 0 0 0 0 0 0 0 0 -4 0 0 0 0 0 0 0
0 0 -4 0 0 0 0 0 0 0 0 4 0 0 0 0 0 0 0
0 0 -4 0 0 0 0 0 0 0 0 -4 0 0 0 0 0 0 0
0 0 4 0 0 0 0 0 0 0 0 0 4 0 0 0 0 0 0
0 0 4 0 0 0 0 0 0 0 0 0 -4 0 0 0 0 0 0
0 0 -4 0 0 0 0 0 0 0 0 0 4 0 0 0 0 0 0
0 0 -4 0 0 0 0 0 0 0 0 0 -4 0 0 0 0 0 0
0 0 4 0 0 0 0 0 0 0 0 0 0 4 0 0 0 0 0
0 0 4 0 0 0 0 0 0 0 0 0 0 -4 0 0 0 0 0
0 0 -4 0 0 0 0 0 0 0 0 0 0 4 0 0 0 0 0
0 0 -4 0 0 0 0 0 0 0 0 0 0 -4 0 0 0 0 0
0 0 4 0 0 0 0 0 0 0 0 0 0 0 4 0 0 0 0
0 0 4 0 0 0 0 0 0 0 0 0 0 0 -4 0 0 0 0
0 0 -4 0 0 0 0 0 0 0 0 0 0 0 4 0 0 0 0
0 0 -4 0 0 0 0 0 0 0 0 0 0 0 -4 0 0 0 0
0 0 4 0 0 0 0 0 0 0 0 0 0 0 0 4 0 0 0
0 0 4 0 0 0 0 0 0 0 0 0 0 0 0 -4 0 0 0
0 0 -4 0 0 0 0 0 0 0 0 0 0 0 0 4 0 0 0
0 0 -4 0 0 0 0 0 0 0 0 0 0 0 0 -4 0 0 0
0 0 0 4 4 0 0 0 0 0 0 0 0 0 0 0 0 0 0
0 0 0 4 -4 0 0 0 0 0 0 0 0 0 0 0 0 0 0
0 0 0 -4 4 0 0 0 0 0 0 0 0 0 0 0 0 0 0
0 0 0 -4 -4 0 0 0 0 0 0 0 0 0 0 0 0 0 0
0 0 0 4 0 4 0 0 0 0 0 0 0 0 0 0 0 0 0
0 0 0 4 0 -4 0 0 0 0 0 0 0 0 0 0 0 0 0
0 0 0 -4 0 4 0 0 0 0 0 0 0 0 0 0 0 0 0
0 0 0 -4 0 -4 0 0 0 0 0 0 0 0 0 0 0 0 0
0 0 0 4 0 0 4 0 0 0 0 0 0 0 0 0 0 0 0
0 0 0 4 0 0 -4 0 0 0 0 0 0 0 0 0 0 0 0
0 0 0 -4 0 0 4 0 0 0 0 0 0 0 0 0 0 0 0
0 0 0 -4 0 0 -4 0 0 0 0 0 0 0 0 0 0 0 0
0 0 0 4 0 0 0 4 0 0 0 0 0 0 0 0 0 0 0
0 0 0 4 0 0 0 -4 0 0 0 0 0 0 0 0 0 0 0
0 0 0 -4 0 0 0 4 0 0 0 0 0 0 0 0 0 0 0
0 0 0 -4 0 0 0 -4 0 0 0 0 0 0 0 0 0 0 0
0 0 0 4 0 0 0 0 4 0 0 0 0 0 0 0 0 0 0
0 0 0 4 0 0 0 0 -4 0 0 0 0 0 0 0 0 0 0
0 0 0 -4 0 0 0 0 4 0 0 0 0 0 0 0 0 0 0
0 0 0 -4 0 0 0 0 -4 0 0 0 0 0 0 0 0 0 0
0 0 0 4 0 0 0 0 0 4 0 0 0 0 0 0 0 0 0
0 0 0 4 0 0 0 0 0 -4 0 0 0 0 0 0 0 0 0
0 0 0 -4 0 0 0 0 0 4 0 0 0 0 0 0 0 0 0
0 0 0 -4 0 0 0 0 0 -4 0 0 0 0 0 0 0 0 0
0 0 0 4 0 0 0 0 0 0 4 0 0 0 0 0 0 0 0
0 0 0 4 0 0 0 0 0 0 -4 0 0 0 0 0 0 0 0
0 0 0 -4 0 0 0 0 0 0 4 0 0 0 0 0 0 0 0
0 0 0 -4 0 0 0 0 0 0 -4 0 0 0 0 0 0 0 0
0 0 0 4 0 0 0 0 0 0 0 4 0 0 0 0 0 0 0
0 0 0 4 0 0 0 0 0 0 0 -4 0 0 0 0 0 0 0
0 0 0 -4 0 0 0 0 0 0 0 4 0 0 0 0 0 0 0
0 0 0 -4 0 0 0 0 0 0 0 -4 0 0 0 0 0 0 0
0 0 0 4 0 0 0 0 0 0 0 0 4 0 0 0 0 0 0
0 0 0 4 0 0 0 0 0 0 0 0 -4 0 0 0 0 0 0
0 0 0 -4 0 0 0 0 0 0 0 0 4 0 0 0 0 0 0
0 0 0 -4 0 0 0 0 0 0 0 0 -4 0 0 0 0 0 0
0 0 0 4 0 0 0 0 0 0 0 0 0 4 0 0 0 0 0
0 0 0 4 0 0 0 0 0 0 0 0 0 -4 0 0 0 0 0
0 0 0 -4 0 0 0 0 0 0 0 0 0 4 0 0 0 0 0
0 0 0 -4 0 0 0 0 0 0 0 0 0 -4 0 0 0 0 0
0 0 0 4 0 0 0 0 0 0 0 0 0 0 4 0 0 0 0
0 0 0 4 0 0 0 0 0 0 0 0 0 0 -4 0 0 0 0
0 0 0 -4 0 0 0 0 0 0 0 0 0 0 4 0 0 0 0
0 0 0 -4 0 0 0 0 0 0 0 0 0 0 -4 0 0 0 0
0 0 0 4 0 0 0 0 0 0 0 0 0 0 0 4 0 0 0
0 0 0 4 0 0 0 0 0 0 0 0 0 0 0 -4 0 0 0
0 0 0 -4 0 0 0 0 0 0 0 0 0 0 0 4 0 0 0
0 0 0 -4 0 0 0 0 0 0 0 0 0 0 0 -4 0 0 0
0 0 0 0 0 0 0 0 0 0 0 0 0 0 0 0 0 4 -4
0 0 0 0 0 0 0 0 0 0 0 0 0 0 0 0 0 -4 4
0 0 0 0 4 4 0 0 0 0 0 0 0 0 0 0 0 0 0
0 0 0 0 4 -4 0 0 0 0 0 0 0 0 0 0 0 0 0
0 0 0 0 -4 4 0 0 0 0 0 0 0 0 0 0 0 0 0
0 0 0 0 -4 -4 0 0 0 0 0 0 0 0 0 0 0 0 0
0 0 0 0 4 0 4 0 0 0 0 0 0 0 0 0 0 0 0
0 0 0 0 4 0 -4 0 0 0 0 0 0 0 0 0 0 0 0
0 0 0 0 -4 0 4 0 0 0 0 0 0 0 0 0 0 0 0
0 0 0 0 -4 0 -4 0 0 0 0 0 0 0 0 0 0 0 0
0 0 0 0 4 0 0 4 0 0 0 0 0 0 0 0 0 0 0
0 0 0 0 4 0 0 -4 0 0 0 0 0 0 0 0 0 0 0
0 0 0 0 -4 0 0 4 0 0 0 0 0 0 0 0 0 0 0
0 0 0 0 -4 0 0 -4 0 0 0 0 0 0 0 0 0 0 0
0 0 0 0 4 0 0 0 4 0 0 0 0 0 0 0 0 0 0
0 0 0 0 4 0 0 0 -4 0 0 0 0 0 0 0 0 0 0
0 0 0 0 -4 0 0 0 4 0 0 0 0 0 0 0 0 0 0
0 0 0 0 -4 0 0 0 -4 0 0 0 0 0 0 0 0 0 0
0 0 0 0 4 0 0 0 0 4 0 0 0 0 0 0 0 0 0
0 0 0 0 4 0 0 0 0 -4 0 0 0 0 0 0 0 0 0
0 0 0 0 -4 0 0 0 0 4 0 0 0 0 0 0 0 0 0
0 0 0 0 -4 0 0 0 0 -4 0 0 0 0 0 0 0 0 0
0 0 0 0 4 0 0 0 0 0 4 0 0 0 0 0 0 0 0
0 0 0 0 4 0 0 0 0 0 -4 0 0 0 0 0 0 0 0
0 0 0 0 -4 0 0 0 0 0 4 0 0 0 0 0 0 0 0
0 0 0 0 -4 0 0 0 0 0 -4 0 0 0 0 0 0 0 0
0 0 0 0 4 0 0 0 0 0 0 4 0 0 0 0 0 0 0
0 0 0 0 4 0 0 0 0 0 0 -4 0 0 0 0 0 0 0
0 0 0 0 -4 0 0 0 0 0 0 4 0 0 0 0 0 0 0
0 0 0 0 -4 0 0 0 0 0 0 -4 0 0 0 0 0 0 0
0 0 0 0 4 0 0 0 0 0 0 0 4 0 0 0 0 0 0
0 0 0 0 4 0 0 0 0 0 0 0 -4 0 0 0 0 0 0
0 0 0 0 -4 0 0 0 0 0 0 0 4 0 0 0 0 0 0
0 0 0 0 -4 0 0 0 0 0 0 0 -4 0 0 0 0 0 0
0 0 0 0 4 0 0 0 0 0 0 0 0 4 0 0 0 0 0
0 0 0 0 4 0 0 0 0 0 0 0 0 -4 0 0 0 0 0
0 0 0 0 -4 0 0 0 0 0 0 0 0 4 0 0 0 0 0
0 0 0 0 -4 0 0 0 0 0 0 0 0 -4 0 0 0 0 0
0 0 0 0 4 0 0 0 0 0 0 0 0 0 4 0 0 0 0
0 0 0 0 4 0 0 0 0 0 0 0 0 0 -4 0 0 0 0
0 0 0 0 -4 0 0 0 0 0 0 0 0 0 4 0 0 0 0
0 0 0 0 -4 0 0 0 0 0 0 0 0 0 -4 0 0 0 0
0 0 0 0 4 0 0 0 0 0 0 0 0 0 0 4 0 0 0
0 0 0 0 4 0 0 0 0 0 0 0 0 0 0 -4 0 0 0
0 0 0 0 -4 0 0 0 0 0 0 0 0 0 0 4 0 0 0
0 0 0 0 -4 0 0 0 0 0 0 0 0 0 0 -4 0 0 0
0 0 0 0 0 4 4 0 0 0 0 0 0 0 0 0 0 0 0
0 0 0 0 0 4 -4 0 0 0 0 0 0 0 0 0 0 0 0
0 0 0 0 0 -4 4 0 0 0 0 0 0 0 0 0 0 0 0
0 0 0 0 0 -4 -4 0 0 0 0 0 0 0 0 0 0 0 0
0 0 0 0 0 4 0 4 0 0 0 0 0 0 0 0 0 0 0
0 0 0 0 0 4 0 -4 0 0 0 0 0 0 0 0 0 0 0
0 0 0 0 0 -4 0 4 0 0 0 0 0 0 0 0 0 0 0
0 0 0 0 0 -4 0 -4 0 0 0 0 0 0 0 0 0 0 0
0 0 0 0 0 4 0 0 4 0 0 0 0 0 0 0 0 0 0
0 0 0 0 0 4 0 0 -4 0 0 0 0 0 0 0 0 0 0
0 0 0 0 0 -4 0 0 4 0 0 0 0 0 0 0 0 0 0
0 0 0 0 0 -4 0 0 -4 0 0 0 0 0 0 0 0 0 0
0 0 0 0 0 4 0 0 0 4 0 0 0 0 0 0 0 0 0
0 0 0 0 0 4 0 0 0 -4 0 0 0 0 0 0 0 0 0
0 0 0 0 0 -4 0 0 0 4 0 0 0 0 0 0 0 0 0
0 0 0 0 0 -4 0 0 0 -4 0 0 0 0 0 0 0 0 0
0 0 0 0 0 4 0 0 0 0 4 0 0 0 0 0 0 0 0
0 0 0 0 0 4 0 0 0 0 -4 0 0 0 0 0 0 0 0
0 0 0 0 0 -4 0 0 0 0 4 0 0 0 0 0 0 0 0
0 0 0 0 0 -4 0 0 0 0 -4 0 0 0 0 0 0 0 0
0 0 0 0 0 4 0 0 0 0 0 4 0 0 0 0 0 0 0
0 0 0 0 0 4 0 0 0 0 0 -4 0 0 0 0 0 0 0
0 0 0 0 0 -4 0 0 0 0 0 4 0 0 0 0 0 0 0
0 0 0 0 0 -4 0 0 0 0 0 -4 0 0 0 0 0 0 0
0 0 0 0 0 4 0 0 0 0 0 0 4 0 0 0 0 0 0
0 0 0 0 0 4 0 0 0 0 0 0 -4 0 0 0 0 0 0
0 0 0 0 0 -4 0 0 0 0 0 0 4 0 0 0 0 0 0
0 0 0 0 0 -4 0 0 0 0 0 0 -4 0 0 0 0 0 0
0 0 0 0 0 4 0 0 0 0 0 0 0 4 0 0 0 0 0
0 0 0 0 0 4 0 0 0 0 0 0 0 -4 0 0 0 0 0
0 0 0 0 0 -4 0 0 0 0 0 0 0 4 0 0 0 0 0
0 0 0 0 0 -4 0 0 0 0 0 0 0 -4 0 0 0 0 0
0 0 0 0 0 4 0 0 0 0 0 0 0 0 4 0 0 0 0
0 0 0 0 0 4 0 0 0 0 0 0 0 0 -4 0 0 0 0
0 0 0 0 0 -4 0 0 0 0 0 0 0 0 4 0 0 0 0
0 0 0 0 0 -4 0 0 0 0 0 0 0 0 -4 0 0 0 0
0 0 0 0 0 4 0 0 0 0 0 0 0 0 0 4 0 0 0
0 0 0 0 0 4 0 0 0 0 0 0 0 0 0 -4 0 0 0
0 0 0 0 0 -4 0 0 0 0 0 0 0 0 0 4 0 0 0
0 0 0 0 0 -4 0 0 0 0 0 0 0 0 0 -4 0 0 0
0 0 0 0 0 0 4 4 0 0 0 0 0 0 0 0 0 0 0
0 0 0 0 0 0 4 -4 0 0 0 0 0 0 0 0 0 0 0
0 0 0 0 0 0 -4 4 0 0 0 0 0 0 0 0 0 0 0
0 0 0 0 0 0 -4 -4 0 0 0 0 0 0 0 0 0 0 0
0 0 0 0 0 0 4 0 4 0 0 0 0 0 0 0 0 0 0
0 0 0 0 0 0 4 0 -4 0 0 0 0 0 0 0 0 0 0
0 0 0 0 0 0 -4 0 4 0 0 0 0 0 0 0 0 0 0
0 0 0 0 0 0 -4 0 -4 0 0 0 0 0 0 0 0 0 0
0 0 0 0 0 0 4 0 0 4 0 0 0 0 0 0 0 0 0
0 0 0 0 0 0 4 0 0 -4 0 0 0 0 0 0 0 0 0
0 0 0 0 0 0 -4 0 0 4 0 0 0 0 0 0 0 0 0
0 0 0 0 0 0 -4 0 0 -4 0 0 0 0 0 0 0 0 0
0 0 0 0 0 0 4 0 0 0 4 0 0 0 0 0 0 0 0
0 0 0 0 0 0 4 0 0 0 -4 0 0 0 0 0 0 0 0
0 0 0 0 0 0 -4 0 0 0 4 0 0 0 0 0 0 0 0
0 0 0 0 0 0 -4 0 0 0 -4 0 0 0 0 0 0 0 0
0 0 0 0 0 0 4 0 0 0 0 4 0 0 0 0 0 0 0
0 0 0 0 0 0 4 0 0 0 0 -4 0 0 0 0 0 0 0
0 0 0 0 0 0 -4 0 0 0 0 4 0 0 0 0 0 0 0
0 0 0 0 0 0 -4 0 0 0 0 -4 0 0 0 0 0 0 0
0 0 0 0 0 0 4 0 0 0 0 0 4 0 0 0 0 0 0
0 0 0 0 0 0 4 0 0 0 0 0 -4 0 0 0 0 0 0
0 0 0 0 0 0 -4 0 0 0 0 0 4 0 0 0 0 0 0
0 0 0 0 0 0 -4 0 0 0 0 0 -4 0 0 0 0 0 0
0 0 0 0 0 0 4 0 0 0 0 0 0 4 0 0 0 0 0
0 0 0 0 0 0 4 0 0 0 0 0 0 -4 0 0 0 0 0
0 0 0 0 0 0 -4 0 0 0 0 0 0 4 0 0 0 0 0
0 0 0 0 0 0 -4 0 0 0 0 0 0 -4 0 0 0 0 0
0 0 0 0 0 0 4 0 0 0 0 0 0 0 4 0 0 0 0
0 0 0 0 0 0 4 0 0 0 0 0 0 0 -4 0 0 0 0
0 0 0 0 0 0 -4 0 0 0 0 0 0 0 4 0 0 0 0
0 0 0 0 0 0 -4 0 0 0 0 0 0 0 -4 0 0 0 0
0 0 0 0 0 0 4 0 0 0 0 0 0 0 0 4 0 0 0
0 0 0 0 0 0 4 0 0 0 0 0 0 0 0 -4 0 0 0
0 0 0 0 0 0 -4 0 0 0 0 0 0 0 0 4 0 0 0
0 0 0 0 0 0 -4 0 0 0 0 0 0 0 0 -4 0 0 0
0 0 0 0 0 0 0 4 4 0 0 0 0 0 0 0 0 0 0
0 0 0 0 0 0 0 4 -4 0 0 0 0 0 0 0 0 0 0
0 0 0 0 0 0 0 -4 4 0 0 0 0 0 0 0 0 0 0
0 0 0 0 0 0 0 -4 -4 0 0 0 0 0 0 0 0 0 0
0 0 0 0 0 0 0 4 0 4 0 0 0 0 0 0 0 0 0
0 0 0 0 0 0 0 4 0 -4 0 0 0 0 0 0 0 0 0
0 0 0 0 0 0 0 -4 0 4 0 0 0 0 0 0 0 0 0
0 0 0 0 0 0 0 -4 0 -4 0 0 0 0 0 0 0 0 0
0 0 0 0 0 0 0 4 0 0 4 0 0 0 0 0 0 0 0
0 0 0 0 0 0 0 4 0 0 -4 0 0 0 0 0 0 0 0
0 0 0 0 0 0 0 -4 0 0 4 0 0 0 0 0 0 0 0
0 0 0 0 0 0 0 -4 0 0 -4 0 0 0 0 0 0 0 0
0 0 0 0 0 0 0 4 0 0 0 4 0 0 0 0 0 0 0
0 0 0 0 0 0 0 4 0 0 0 -4 0 0 0 0 0 0 0
0 0 0 0 0 0 0 -4 0 0 0 4 0 0 0 0 0 0 0
0 0 0 0 0 0 0 -4 0 0 0 -4 0 0 0 0 0 0 0
0 0 0 0 0 0 0 4 0 0 0 0 4 0 0 0 0 0 0
0 0 0 0 0 0 0 4 0 0 0 0 -4 0 0 0 0 0 0
0 0 0 0 0 0 0 -4 0 0 0 0 4 0 0 0 0 0 0
0 0 0 0 0 0 0 -4 0 0 0 0 -4 0 0 0 0 0 0
0 0 0 0 0 0 0 4 0 0 0 0 0 4 0 0 0 0 0
0 0 0 0 0 0 0 4 0 0 0 0 0 -4 0 0 0 0 0
0 0 0 0 0 0 0 -4 0 0 0 0 0 4 0 0 0 0 0
0 0 0 0 0 0 0 -4 0 0 0 0 0 -4 0 0 0 0 0
0 0 0 0 0 0 0 4 0 0 0 0 0 0 4 0 0 0 0
0 0 0 0 0 0 0 4 0 0 0 0 0 0 -4 0 0 0 0
0 0 0 0 0 0 0 -4 0 0 0 0 0 0 4 0 0 0 0
0 0 0 0 0 0 0 -4 0 0 0 0 0 0 -4 0 0 0 0
0 0 0 0 0 0 0 4 0 0 0 0 0 0 0 4 0 0 0
0 0 0 0 0 0 0 4 0 0 0 0 0 0 0 -4 0 0 0
0 0 0 0 0 0 0 -4 0 0 0 0 0 0 0 4 0 0 0
0 0 0 0 0 0 0 -4 0 0 0 0 0 0 0 -4 0 0 0
0 0 0 0 0 0 0 0 4 4 0 0 0 0 0 0 0 0 0
0 0 0 0 0 0 0 0 4 -4 0 0 0 0 0 0 0 0 0
0 0 0 0 0 0 0 0 -4 4 0 0 0 0 0 0 0 0 0
0 0 0 0 0 0 0 0 -4 -4 0 0 0 0 0 0 0 0 0
0 0 0 0 0 0 0 0 4 0 4 0 0 0 0 0 0 0 0
0 0 0 0 0 0 0 0 4 0 -4 0 0 0 0 0 0 0 0
0 0 0 0 0 0 0 0 -4 0 4 0 0 0 0 0 0 0 0
0 0 0 0 0 0 0 0 -4 0 -4 0 0 0 0 0 0 0 0
0 0 0 0 0 0 0 0 4 0 0 4 0 0 0 0 0 0 0
0 0 0 0 0 0 0 0 4 0 0 -4 0 0 0 0 0 0 0
0 0 0 0 0 0 0 0 -4 0 0 4 0 0 0 0 0 0 0
0 0 0 0 0 0 0 0 -4 0 0 -4 0 0 0 0 0 0 0
0 0 0 0 0 0 0 0 4 0 0 0 4 0 0 0 0 0 0
0 0 0 0 0 0 0 0 4 0 0 0 -4 0 0 0 0 0 0
0 0 0 0 0 0 0 0 -4 0 0 0 4 0 0 0 0 0 0
0 0 0 0 0 0 0 0 -4 0 0 0 -4 0 0 0 0 0 0
0 0 0 0 0 0 0 0 4 0 0 0 0 4 0 0 0 0 0
0 0 0 0 0 0 0 0 4 0 0 0 0 -4 0 0 0 0 0
0 0 0 0 0 0 0 0 -4 0 0 0 0 4 0 0 0 0 0
0 0 0 0 0 0 0 0 -4 0 0 0 0 -4 0 0 0 0 0
0 0 0 0 0 0 0 0 4 0 0 0 0 0 4 0 0 0 0
0 0 0 0 0 0 0 0 4 0 0 0 0 0 -4 0 0 0 0
0 0 0 0 0 0 0 0 -4 0 0 0 0 0 4 0 0 0 0
0 0 0 0 0 0 0 0 -4 0 0 0 0 0 -4 0 0 0 0
0 0 0 0 0 0 0 0 4 0 0 0 0 0 0 4 0 0 0
0 0 0 0 0 0 0 0 4 0 0 0 0 0 0 -4 0 0 0
0 0 0 0 0 0 0 0 -4 0 0 0 0 0 0 4 0 0 0
0 0 0 0 0 0 0 0 -4 0 0 0 0 0 0 -4 0 0 0
0 0 0 0 0 0 0 0 0 4 4 0 0 0 0 0 0 0 0
0 0 0 0 0 0 0 0 0 4 -4 0 0 0 0 0 0 0 0
0 0 0 0 0 0 0 0 0 -4 4 0 0 0 0 0 0 0 0
0 0 0 0 0 0 0 0 0 -4 -4 0 0 0 0 0 0 0 0
0 0 0 0 0 0 0 0 0 4 0 4 0 0 0 0 0 0 0
0 0 0 0 0 0 0 0 0 4 0 -4 0 0 0 0 0 0 0
0 0 0 0 0 0 0 0 0 -4 0 4 0 0 0 0 0 0 0
0 0 0 0 0 0 0 0 0 -4 0 -4 0 0 0 0 0 0 0
0 0 0 0 0 0 0 0 0 4 0 0 4 0 0 0 0 0 0
0 0 0 0 0 0 0 0 0 4 0 0 -4 0 0 0 0 0 0
0 0 0 0 0 0 0 0 0 -4 0 0 4 0 0 0 0 0 0
0 0 0 0 0 0 0 0 0 -4 0 0 -4 0 0 0 0 0 0
0 0 0 0 0 0 0 0 0 4 0 0 0 4 0 0 0 0 0
0 0 0 0 0 0 0 0 0 4 0 0 0 -4 0 0 0 0 0
0 0 0 0 0 0 0 0 0 -4 0 0 0 4 0 0 0 0 0
0 0 0 0 0 0 0 0 0 -4 0 0 0 -4 0 0 0 0 0
0 0 0 0 0 0 0 0 0 4 0 0 0 0 4 0 0 0 0
0 0 0 0 0 0 0 0 0 4 0 0 0 0 -4 0 0 0 0
0 0 0 0 0 0 0 0 0 -4 0 0 0 0 4 0 0 0 0
0 0 0 0 0 0 0 0 0 -4 0 0 0 0 -4 0 0 0 0
0 0 0 0 0 0 0 0 0 4 0 0 0 0 0 4 0 0 0
0 0 0 0 0 0 0 0 0 4 0 0 0 0 0 -4 0 0 0
0 0 0 0 0 0 0 0 0 -4 0 0 0 0 0 4 0 0 0
0 0 0 0 0 0 0 0 0 -4 0 0 0 0 0 -4 0 0 0
0 0 0 0 0 0 0 0 0 0 4 4 0 0 0 0 0 0 0
0 0 0 0 0 0 0 0 0 0 4 -4 0 0 0 0 0 0 0
0 0 0 0 0 0 0 0 0 0 -4 4 0 0 0 0 0 0 0
0 0 0 0 0 0 0 0 0 0 -4 -4 0 0 0 0 0 0 0
0 0 0 0 0 0 0 0 0 0 4 0 4 0 0 0 0 0 0
0 0 0 0 0 0 0 0 0 0 4 0 -4 0 0 0 0 0 0
0 0 0 0 0 0 0 0 0 0 -4 0 4 0 0 0 0 0 0
0 0 0 0 0 0 0 0 0 0 -4 0 -4 0 0 0 0 0 0
0 0 0 0 0 0 0 0 0 0 4 0 0 4 0 0 0 0 0
0 0 0 0 0 0 0 0 0 0 4 0 0 -4 0 0 0 0 0
0 0 0 0 0 0 0 0 0 0 -4 0 0 4 0 0 0 0 0
0 0 0 0 0 0 0 0 0 0 -4 0 0 -4 0 0 0 0 0
0 0 0 0 0 0 0 0 0 0 4 0 0 0 4 0 0 0 0
0 0 0 0 0 0 0 0 0 0 4 0 0 0 -4 0 0 0 0
0 0 0 0 0 0 0 0 0 0 -4 0 0 0 4 0 0 0 0
0 0 0 0 0 0 0 0 0 0 -4 0 0 0 -4 0 0 0 0
0 0 0 0 0 0 0 0 0 0 4 0 0 0 0 4 0 0 0
0 0 0 0 0 0 0 0 0 0 4 0 0 0 0 -4 0 0 0
0 0 0 0 0 0 0 0 0 0 -4 0 0 0 0 4 0 0 0
0 0 0 0 0 0 0 0 0 0 -4 0 0 0 0 -4 0 0 0
0 0 0 0 0 0 0 0 0 0 0 4 4 0 0 0 0 0 0
0 0 0 0 0 0 0 0 0 0 0 4 -4 0 0 0 0 0 0
0 0 0 0 0 0 0 0 0 0 0 -4 4 0 0 0 0 0 0
0 0 0 0 0 0 0 0 0 0 0 -4 -4 0 0 0 0 0 0
0 0 0 0 0 0 0 0 0 0 0 4 0 4 0 0 0 0 0
0 0 0 0 0 0 0 0 0 0 0 4 0 -4 0 0 0 0 0
0 0 0 0 0 0 0 0 0 0 0 -4 0 4 0 0 0 0 0
0 0 0 0 0 0 0 0 0 0 0 -4 0 -4 0 0 0 0 0
0 0 0 0 0 0 0 0 0 0 0 4 0 0 4 0 0 0 0
0 0 0 0 0 0 0 0 0 0 0 4 0 0 -4 0 0 0 0
0 0 0 0 0 0 0 0 0 0 0 -4 0 0 4 0 0 0 0
0 0 0 0 0 0 0 0 0 0 0 -4 0 0 -4 0 0 0 0
0 0 0 0 0 0 0 0 0 0 0 4 0 0 0 4 0 0 0
0 0 0 0 0 0 0 0 0 0 0 4 0 0 0 -4 0 0 0
0 0 0 0 0 0 0 0 0 0 0 -4 0 0 0 4 0 0 0
0 0 0 0 0 0 0 0 0 0 0 -4 0 0 0 -4 0 0 0
0 0 0 0 0 0 0 0 0 0 0 0 4 4 0 0 0 0 0
0 0 0 0 0 0 0 0 0 0 0 0 4 -4 0 0 0 0 0
0 0 0 0 0 0 0 0 0 0 0 0 -4 4 0 0 0 0 0
0 0 0 0 0 0 0 0 0 0 0 0 -4 -4 0 0 0 0 0
0 0 0 0 0 0 0 0 0 0 0 0 4 0 4 0 0 0 0
0 0 0 0 0 0 0 0 0 0 0 0 4 0 -4 0 0 0 0
0 0 0 0 0 0 0 0 0 0 0 0 -4 0 4 0 0 0 0
0 0 0 0 0 0 0 0 0 0 0 0 -4 0 -4 0 0 0 0
0 0 0 0 0 0 0 0 0 0 0 0 4 0 0 4 0 0 0
0 0 0 0 0 0 0 0 0 0 0 0 4 0 0 -4 0 0 0
0 0 0 0 0 0 0 0 0 0 0 0 -4 0 0 4 0 0 0
0 0 0 0 0 0 0 0 0 0 0 0 -4 0 0 -4 0 0 0
0 0 0 0 0 0 0 0 0 0 0 0 0 4 4 0 0 0 0
0 0 0 0 0 0 0 0 0 0 0 0 0 4 -4 0 0 0 0
0 0 0 0 0 0 0 0 0 0 0 0 0 -4 4 0 0 0 0
0 0 0 0 0 0 0 0 0 0 0 0 0 -4 -4 0 0 0 0
0 0 0 0 0 0 0 0 0 0 0 0 0 4 0 4 0 0 0
0 0 0 0 0 0 0 0 0 0 0 0 0 4 0 -4 0 0 0
0 0 0 0 0 0 0 0 0 0 0 0 0 -4 0 4 0 0 0
0 0 0 0 0 0 0 0 0 0 0 0 0 -4 0 -4 0 0 0
0 0 0 0 0 0 0 0 0 0 0 0 0 0 4 4 0 0 0
0 0 0 0 0 0 0 0 0 0 0 0 0 0 4 -4 0 0 0
0 0 0 0 0 0 0 0 0 0 0 0 0 0 -4 4 0 0 0
0 0 0 0 0 0 0 0 0 0 0 0 0 0 -4 -4 0 0 0
2 2 2 0 2 0 2 0 2 0 0 0 0 0 0 0 0 -2 -2
-2 -2 2 0 2 0 2 0 2 0 0 0 0 0 0 0 0 -2 -2
2 2 2 0 2 0 2 0 2 0 0 0 0 0 0 0 0 2 2
-2 -2 2 0 2 0 2 0 2 0 0 0 0 0 0 0 0 2 2
-2 2 -2 0 2 0 2 0 2 0 0 0 0 0 0 0 0 -2 -2
2 -2 -2 0 2 0 2 0 2 0 0 0 0 0 0 0 0 -2 -2
-2 2 -2 0 2 0 2 0 2 0 0 0 0 0 0 0 0 2 2
2 -2 -2 0 2 0 2 0 2 0 0 0 0 0 0 0 0 2 2
-2 2 2 0 -2 0 2 0 2 0 0 0 0 0 0 0 0 -2 -2
2 -2 2 0 -2 0 2 0 2 0 0 0 0 0 0 0 0 -2 -2
-2 2 2 0 -2 0 2 0 2 0 0 0 0 0 0 0 0 2 2
2 -2 2 0 -2 0 2 0 2 0 0 0 0 0 0 0 0 2 2
2 2 -2 0 -2 0 2 0 2 0 0 0 0 0 0 0 0 -2 -2
-2 -2 -2 0 -2 0 2 0 2 0 0 0 0 0 0 0 0 -2 -2
2 2 -2 0 -2 0 2 0 2 0 0 0 0 0 0 0 0 2 2
-2 -2 -2 0 -2 0 2 0 2 0 0 0 0 0 0 0 0 2 2
-2 2 2 0 2 0 -2 0 2 0 0 0 0 0 0 0 0 -2 -2
2 -2 2 0 2 0 -2 0 2 0 0 0 0 0 0 0 0 -2 -2
-2 2 2 0 2 0 -2 0 2 0 0 0 0 0 0 0 0 2 2
2 -2 2 0 2 0 -2 0 2 0 0 0 0 0 0 0 0 2 2
2 2 -2 0 2 0 -2 0 2 0 0 0 0 0 0 0 0 -2 -2
-2 -2 -2 0 2 0 -2 0 2 0 0 0 0 0 0 0 0 -2 -2
2 2 -2 0 2 0 -2 0 2 0 0 0 0 0 0 0 0 2 2
-2 -2 -2 0 2 0 -2 0 2 0 0 0 0 0 0 0 0 2 2
2 2 2 0 -2 0 -2 0 2 0 0 0 0 0 0 0 0 -2 -2
-2 -2 2 0 -2 0 -2 0 2 0 0 0 0 0 0 0 0 -2 -2
2 2 2 0 -2 0 -2 0 2 0 0 0 0 0 0 0 0 2 2
-2 -2 2 0 -2 0 -2 0 2 0 0 0 0 0 0 0 0 2 2
-2 2 -2 0 -2 0 -2 0 2 0 0 0 0 0 0 0 0 -2 -2
2 -2 -2 0 -2 0 -2 0 2 0 0 0 0 0 0 0 0 -2 -2
-2 2 -2 0 -2 0 -2 0 2 0 0 0 0 0 0 0 0 2 2
2 -2 -2 0 -2 0 -2 0 2 0 0 0 0 0 0 0 0 2 2
-2 2 2 0 2 0 2 0 -2 0 0 0 0 0 0 0 0 -2 -2
2 -2 2 0 2 0 2 0 -2 0 0 0 0 0 0 0 0 -2 -2
-2 2 2 0 2 0 2 0 -2 0 0 0 0 0 0 0 0 2 2
2 -2 2 0 2 0 2 0 -2 0 0 0 0 0 0 0 0 2 2
2 2 -2 0 2 0 2 0 -2 0 0 0 0 0 0 0 0 -2 -2
-2 -2 -2 0 2 0 2 0 -2 0 0 0 0 0 0 0 0 -2 -2
2 2 -2 0 2 0 2 0 -2 0 0 0 0 0 0 0 0 2 2
-2 -2 -2 0 2 0 2 0 -2 0 0 0 0 0 0 0 0 2 2
2 2 2 0 -2 0 2 0 -2 0 0 0 0 0 0 0 0 -2 -2
-2 -2 2 0 -2 0 2 0 -2 0 0 0 0 0 0 0 0 -2 -2
2 2 2 0 -2 0 2 0 -2 0 0 0 0 0 0 0 0 2 2
-2 -2 2 0 -2 0 2 0 -2 0 0 0 0 0 0 0 0 2 2
-2 2 -2 0 -2 0 2 0 -2 0 0 0 0 0 0 0 0 -2 -2
2 -2 -2 0 -2 0 2 0 -2 0 0 0 0 0 0 0 0 -2 -2
-2 2 -2 0 -2 0 2 0 -2 0 0 0 0 0 0 0 0 2 2
2 -2 -2 0 -2 0 2 0 -2 0 0 0 0 0 0 0 0 2 2
2 2 2 0 2 0 -2 0 -2 0 0 0 0 0 0 0 0 -2 -2
-2 -2 2 0 2 0 -2 0 -2 0 0 0 0 0 0 0 0 -2 -2
2 2 2 0 2 0 -2 0 -2 0 0 0 0 0 0 0 0 2 2
-2 -2 2 0 2 0 -2 0 -2 0 0 0 0 0 0 0 0 2 2
-2 2 -2 0 2 0 -2 0 -2 0 0 0 0 0 0 0 0 -2 -2
2 -2 -2 0 2 0 -2 0 -2 0 0 0 0 0 0 0 0 -2 -2
-2 2 -2 0 2 0 -2 0 -2 0 0 0 0 0 0 0 0 2 2
2 -2 -2 0 2 0 -2 0 -2 0 0 0 0 0 0 0 0 2 2
-2 2 2 0 -2 0 -2 0 -2 0 0 0 0 0 0 0 0 -2 -2
2 -2 2 0 -2 0 -2 0 -2 0 0 0 0 0 0 0 0 -2 -2
-2 2 2 0 -2 0 -2 0 -2 0 0 0 0 0 0 0 0 2 2
2 -2 2 0 -2 0 -2 0 -2 0 0 0 0 0 0 0 0 2 2
2 2 -2 0 -2 0 -2 0 -2 0 0 0 0 0 0 0 0 -2 -2
-2 -2 -2 0 -2 0 -2 0 -2 0 0 0 0 0 0 0 0 -2 -2
2 2 -2 0 -2 0 -2 0 -2 0 0 0 0 0 0 0 0 2 2
-2 -2 -2 0 -2 0 -2 0 -2 0 0 0 0 0 0 0 0 2 2
2 2 2 2 0 0 0 2 0 2 0 0 0 0 0 0 -2 0 2
-2 -2 2 2 0 0 0 2 0 2 0 0 0 0 0 0 -2 0 2
-2 2 -2 2 0 0 0 2 0 2 0 0 0 0 0 0 -2 0 2
2 -2 -2 2 0 0 0 2 0 2 0 0 0 0 0 0 -2 0 2
-2 2 2 -2 0 0 0 2 0 2 0 0 0 0 0 0 -2 0 2
2 -2 2 -2 0 0 0 2 0 2 0 0 0 0 0 0 -2 0 2
2 2 -2 -2 0 0 0 2 0 2 0 0 0 0 0 0 -2 0 2
-2 -2 -2 -2 0 0 0 2 0 2 0 0 0 0 0 0 -2 0 2
2 2 2 2 0 0 0 2 0 2 0 0 0 0 0 0 2 0 -2
-2 -2 2 2 0 0 0 2 0 2 0 0 0 0 0 0 2 0 -2
-2 2 -2 2 0 0 0 2 0 2 0 0 0 0 0 0 2 0 -2
2 -2 -2 2 0 0 0 2 0 2 0 0 0 0 0 0 2 0 -2
-2 2 2 -2 0 0 0 2 0 2 0 0 0 0 0 0 2 0 -2
2 -2 2 -2 0 0 0 2 0 2 0 0 0 0 0 0 2 0 -2
2 2 -2 -2 0 0 0 2 0 2 0 0 0 0 0 0 2 0 -2
-2 -2 -2 -2 0 0 0 2 0 2 0 0 0 0 0 0 2 0 -2
-2 2 2 2 0 0 0 -2 0 2 0 0 0 0 0 0 -2 0 2
2 -2 2 2 0 0 0 -2 0 2 0 0 0 0 0 0 -2 0 2
2 2 -2 2 0 0 0 -2 0 2 0 0 0 0 0 0 -2 0 2
-2 -2 -2 2 0 0 0 -2 0 2 0 0 0 0 0 0 -2 0 2
2 2 2 -2 0 0 0 -2 0 2 0 0 0 0 0 0 -2 0 2
-2 -2 2 -2 0 0 0 -2 0 2 0 0 0 0 0 0 -2 0 2
-2 2 -2 -2 0 0 0 -2 0 2 0 0 0 0 0 0 -2 0 2
2 -2 -2 -2 0 0 0 -2 0 2 0 0 0 0 0 0 -2 0 2
-2 2 2 2 0 0 0 -2 0 2 0 0 0 0 0 0 2 0 -2
2 -2 2 2 0 0 0 -2 0 2 0 0 0 0 0 0 2 0 -2
2 2 -2 2 0 0 0 -2 0 2 0 0 0 0 0 0 2 0 -2
-2 -2 -2 2 0 0 0 -2 0 2 0 0 0 0 0 0 2 0 -2
2 2 2 -2 0 0 0 -2 0 2 0 0 0 0 0 0 2 0 -2
-2 -2 2 -2 0 0 0 -2 0 2 0 0 0 0 0 0 2 0 -2
-2 2 -2 -2 0 0 0 -2 0 2 0 0 0 0 0 0 2 0 -2
2 -2 -2 -2 0 0 0 -2 0 2 0 0 0 0 0 0 2 0 -2
-2 2 2 2 0 0 0 2 0 -2 0 0 0 0 0 0 -2 0 2
2 -2 2 2 0 0 0 2 0 -2 0 0 0 0 0 0 -2 0 2
2 2 -2 2 0 0 0 2 0 -2 0 0 0 0 0 0 -2 0 2
-2 -2 -2 2 0 0 0 2 0 -2 0 0 0 0 0 0 -2 0 2
2 2 2 -2 0 0 0 2 0 -2 0 0 0 0 0 0 -2 0 2
-2 -2 2 -2 0 0 0 2 0 -2 0 0 0 0 0 0 -2 0 2
-2 2 -2 -2 0 0 0 2 0 -2 0 0 0 0 0 0 -2 0 2
2 -2 -2 -2 0 0 0 2 0 -2 0 0 0 0 0 0 -2 0 2
-2 2 2 2 0 0 0 2 0 -2 0 0 0 0 0 0 2 0 -2
2 -2 2 2 0 0 0 2 0 -2 0 0 0 0 0 0 2 0 -2
2 2 -2 2 0 0 0 2 0 -2 0 0 0 0 0 0 2 0 -2
-2 -2 -2 2 0 0 0 2 0 -2 0 0 0 0 0 0 2 0 -2
2 2 2 -2 0 0 0 2 0 -2 0 0 0 0 0 0 2 0 -2
-2 -2 2 -2 0 0 0 2 0 -2 0 0 0 0 0 0 2 0 -2
-2 2 -2 -2 0 0 0 2 0 -2 0 0 0 0 0 0 2 0 -2
2 -2 -2 -2 0 0 0 2 0 -2 0 0 0 0 0 0 2 0 -2
2 2 2 2 0 0 0 -2 0 -2 0 0 0 0 0 0 -2 0 2
-2 -2 2 2 0 0 0 -2 0 -2 0 0 0 0 0 0 -2 0 2
-2 2 -2 2 0 0 0 -2 0 -2 0 0 0 0 0 0 -2 0 2
2 -2 -2 2 0 0 0 -2 0 -2 0 0 0 0 0 0 -2 0 2
-2 2 2 -2 0 0 0 -2 0 -2 0 0 0 0 0 0 -2 0 2
2 -2 2 -2 0 0 0 -2 0 -2 0 0 0 0 0 0 -2 0 2
2 2 -2 -2 0 0 0 -2 0 -2 0 0 0 0 0 0 -2 0 2
-2 -2 -2 -2 0 0 0 -2 0 -2 0 0 0 0 0 0 -2 0 2
2 2 2 2 0 0 0 -2 0 -2 0 0 0 0 0 0 2 0 -2
-2 -2 2 2 0 0 0 -2 0 -2 0 0 0 0 0 0 2 0 -2
-2 2 -2 2 0 0 0 -2 0 -2 0 0 0 0 0 0 2 0 -2
2 -2 -2 2 0 0 0 -2 0 -2 0 0 0 0 0 0 2 0 -2
-2 2 2 -2 0 0 0 -2 0 -2 0 0 0 0 0 0 2 0 -2
2 -2 2 -2 0 0 0 -2 0 -2 0 0 0 0 0 0 2 0 -2
2 2 -2 -2 0 0 0 -2 0 -2 0 0 0 0 0 0 2 0 -2
-2 -2 -2 -2 0 0 0 -2 0 -2 0 0 0 0 0 0 2 0 -2
0 0 0 2 2 0 2 2 2 2 0 0 0 0 0 0 -2 -2 0
0 0 0 -2 -2 0 2 2 2 2 0 0 0 0 0 0 -2 -2 0
0 0 0 2 2 0 2 2 2 2 0 0 0 0 0 0 2 2 0
0 0 0 -2 -2 0 2 2 2 2 0 0 0 0 0 0 2 2 0
0 0 0 -2 2 0 -2 2 2 2 0 0 0 0 0 0 -2 -2 0
0 0 0 2 -2 0 -2 2 2 2 0 0 0 0 0 0 -2 -2 0
0 0 0 -2 2 0 -2 2 2 2 0 0 0 0 0 0 2 2 0
0 0 0 2 -2 0 -2 2 2 2 0 0 0 0 0 0 2 2 0
0 0 0 -2 2 0 2 -2 2 2 0 0 0 0 0 0 -2 -2 0
0 0 0 2 -2 0 2 -2 2 2 0 0 0 0 0 0 -2 -2 0
0 0 0 -2 2 0 2 -2 2 2 0 0 0 0 0 0 2 2 0
0 0 0 2 -2 0 2 -2 2 2 0 0 0 0 0 0 2 2 0
0 0 0 2 2 0 -2 -2 2 2 0 0 0 0 0 0 -2 -2 0
0 0 0 -2 -2 0 -2 -2 2 2 0 0 0 0 0 0 -2 -2 0
0 0 0 2 2 0 -2 -2 2 2 0 0 0 0 0 0 2 2 0
0 0 0 -2 -2 0 -2 -2 2 2 0 0 0 0 0 0 2 2 0
0 0 0 -2 2 0 2 2 -2 2 0 0 0 0 0 0 -2 -2 0
0 0 0 2 -2 0 2 2 -2 2 0 0 0 0 0 0 -2 -2 0
0 0 0 -2 2 0 2 2 -2 2 0 0 0 0 0 0 2 2 0
0 0 0 2 -2 0 2 2 -2 2 0 0 0 0 0 0 2 2 0
0 0 0 2 2 0 -2 2 -2 2 0 0 0 0 0 0 -2 -2 0
0 0 0 -2 -2 0 -2 2 -2 2 0 0 0 0 0 0 -2 -2 0
0 0 0 2 2 0 -2 2 -2 2 0 0 0 0 0 0 2 2 0
0 0 0 -2 -2 0 -2 2 -2 2 0 0 0 0 0 0 2 2 0
0 0 0 2 2 0 2 -2 -2 2 0 0 0 0 0 0 -2 -2 0
0 0 0 -2 -2 0 2 -2 -2 2 0 0 0 0 0 0 -2 -2 0
0 0 0 2 2 0 2 -2 -2 2 0 0 0 0 0 0 2 2 0
0 0 0 -2 -2 0 2 -2 -2 2 0 0 0 0 0 0 2 2 0
0 0 0 -2 2 0 -2 -2 -2 2 0 0 0 0 0 0 -2 -2 0
0 0 0 2 -2 0 -2 -2 -2 2 0 0 0 0 0 0 -2 -2 0
0 0 0 -2 2 0 -2 -2 -2 2 0 0 0 0 0 0 2 2 0
0 0 0 2 -2 0 -2 -2 -2 2 0 0 0 0 0 0 2 2 0
0 0 0 -2 2 0 2 2 2 -2 0 0 0 0 0 0 -2 -2 0
0 0 0 2 -2 0 2 2 2 -2 0 0 0 0 0 0 -2 -2 0
0 0 0 -2 2 0 2 2 2 -2 0 0 0 0 0 0 2 2 0
0 0 0 2 -2 0 2 2 2 -2 0 0 0 0 0 0 2 2 0
0 0 0 2 2 0 -2 2 2 -2 0 0 0 0 0 0 -2 -2 0
0 0 0 -2 -2 0 -2 2 2 -2 0 0 0 0 0 0 -2 -2 0
0 0 0 2 2 0 -2 2 2 -2 0 0 0 0 0 0 2 2 0
0 0 0 -2 -2 0 -2 2 2 -2 0 0 0 0 0 0 2 2 0
0 0 0 2 2 0 2 -2 2 -2 0 0 0 0 0 0 -2 -2 0
0 0 0 -2 -2 0 2 -2 2 -2 0 0 0 0 0 0 -2 -2 0
0 0 0 2 2 0 2 -2 2 -2 0 0 0 0 0 0 2 2 0
0 0 0 -2 -2 0 2 -2 2 -2 0 0 0 0 0 0 2 2 0
0 0 0 -2 2 0 -2 -2 2 -2 0 0 0 0 0 0 -2 -2 0
0 0 0 2 -2 0 -2 -2 2 -2 0 0 0 0 0 0 -2 -2 0
0 0 0 -2 2 0 -2 -2 2 -2 0 0 0 0 0 0 2 2 0
0 0 0 2 -2 0 -2 -2 2 -2 0 0 0 0 0 0 2 2 0
0 0 0 2 2 0 2 2 -2 -2 0 0 0 0 0 0 -2 -2 0
0 0 0 -2 -2 0 2 2 -2 -2 0 0 0 0 0 0 -2 -2 0
0 0 0 2 2 0 2 2 -2 -2 0 0 0 0 0 0 2 2 0
0 0 0 -2 -2 0 2 2 -2 -2 0 0 0 0 0 0 2 2 0
0 0 0 -2 2 0 -2 2 -2 -2 0 0 0 0 0 0 -2 -2 0
0 0 0 2 -2 0 -2 2 -2 -2 0 0 0 0 0 0 -2 -2 0
0 0 0 -2 2 0 -2 2 -2 -2 0 0 0 0 0 0 2 2 0
0 0 0 2 -2 0 -2 2 -2 -2 0 0 0 0 0 0 2 2 0
0 0 0 -2 2 0 2 -2 -2 -2 0 0 0 0 0 0 -2 -2 0
0 0 0 2 -2 0 2 -2 -2 -2 0 0 0 0 0 0 -2 -2 0
0 0 0 -2 2 0 2 -2 -2 -2 0 0 0 0 0 0 2 2 0
0 0 0 2 -2 0 2 -2 -2 -2 0 0 0 0 0 0 2 2 0
0 0 0 2 2 0 -2 -2 -2 -2 0 0 0 0 0 0 -2 -2 0
0 0 0 -2 -2 0 -2 -2 -2 -2 0 0 0 0 0 0 -2 -2 0
0 0 0 2 2 0 -2 -2 -2 -2 0 0 0 0 0 0 2 2 0
0 0 0 -2 -2 0 -2 -2 -2 -2 0 0 0 0 0 0 2 2 0
2 0 0 2 2 2 2 0 0 0 2 0 0 0 0 0 -2 0 -2
-2 0 0 -2 2 2 2 0 0 0 2 0 0 0 0 0 -2 0 -2
2 0 0 2 2 2 2 0 0 0 2 0 0 0 0 0 2 0 2
-2 0 0 -2 2 2 2 0 0 0 2 0 0 0 0 0 2 0 2
-2 0 0 2 -2 2 2 0 0 0 2 0 0 0 0 0 -2 0 -2
2 0 0 -2 -2 2 2 0 0 0 2 0 0 0 0 0 -2 0 -2
-2 0 0 2 -2 2 2 0 0 0 2 0 0 0 0 0 2 0 2
2 0 0 -2 -2 2 2 0 0 0 2 0 0 0 0 0 2 0 2
-2 0 0 2 2 -2 2 0 0 0 2 0 0 0 0 0 -2 0 -2
2 0 0 -2 2 -2 2 0 0 0 2 0 0 0 0 0 -2 0 -2
-2 0 0 2 2 -2 2 0 0 0 2 0 0 0 0 0 2 0 2
2 0 0 -2 2 -2 2 0 0 0 2 0 0 0 0 0 2 0 2
2 0 0 2 -2 -2 2 0 0 0 2 0 0 0 0 0 -2 0 -2
-2 0 0 -2 -2 -2 2 0 0 0 2 0 0 0 0 0 -2 0 -2
2 0 0 2 -2 -2 2 0 0 0 2 0 0 0 0 0 2 0 2
-2 0 0 -2 -2 -2 2 0 0 0 2 0 0 0 0 0 2 0 2
-2 0 0 2 2 2 -2 0 0 0 2 0 0 0 0 0 -2 0 -2
2 0 0 -2 2 2 -2 0 0 0 2 0 0 0 0 0 -2 0 -2
-2 0 0 2 2 2 -2 0 0 0 2 0 0 0 0 0 2 0 2
2 0 0 -2 2 2 -2 0 0 0 2 0 0 0 0 0 2 0 2
2 0 0 2 -2 2 -2 0 0 0 2 0 0 0 0 0 -2 0 -2
-2 0 0 -2 -2 2 -2 0 0 0 2 0 0 0 0 0 -2 0 -2
2 0 0 2 -2 2 -2 0 0 0 2 0 0 0 0 0 2 0 2
-2 0 0 -2 -2 2 -2 0 0 0 2 0 0 0 0 0 2 0 2
2 0 0 2 2 -2 -2 0 0 0 2 0 0 0 0 0 -2 0 -2
-2 0 0 -2 2 -2 -2 0 0 0 2 0 0 0 0 0 -2 0 -2
2 0 0 2 2 -2 -2 0 0 0 2 0 0 0 0 0 2 0 2
-2 0 0 -2 2 -2 -2 0 0 0 2 0 0 0 0 0 2 0 2
-2 0 0 2 -2 -2 -2 0 0 0 2 0 0 0 0 0 -2 0 -2
2 0 0 -2 -2 -2 -2 0 0 0 2 0 0 0 0 0 -2 0 -2
-2 0 0 2 -2 -2 -2 0 0 0 2 0 0 0 0 0 2 0 2
2 0 0 -2 -2 -2 -2 0 0 0 2 0 0 0 0 0 2 0 2
-2 0 0 2 2 2 2 0 0 0 -2 0 0 0 0 0 -2 0 -2
2 0 0 -2 2 2 2 0 0 0 -2 0 0 0 0 0 -2 0 -2
-2 0 0 2 2 2 2 0 0 0 -2 0 0 0 0 0 2 0 2
2 0 0 -2 2 2 2 0 0 0 -2 0 0 0 0 0 2 0 2
2 0 0 2 -2 2 2 0 0 0 -2 0 0 0 0 0 -2 0 -2
-2 0 0 -2 -2 2 2 0 0 0 -2 0 0 0 0 0 -2 0 -2
2 0 0 2 -2 2 2 0 0 0 -2 0 0 0 0 0 2 0 2
-2 0 0 -2 -2 2 2 0 0 0 -2 0 0 0 0 0 2 0 2
2 0 0 2 2 -2 2 0 0 0 -2 0 0 0 0 0 -2 0 -2
-2 0 0 -2 2 -2 2 0 0 0 -2 0 0 0 0 0 -2 0 -2
2 0 0 2 2 -2 2 0 0 0 -2 0 0 0 0 0 2 0 2
-2 0 0 -2 2 -2 2 0 0 0 -2 0 0 0 0 0 2 0 2
-2 0 0 2 -2 -2 2 0 0 0 -2 0 0 0 0 0 -2 0 -2
2 0 0 -2 -2 -2 2 0 0 0 -2 0 0 0 0 0 -2 0 -2
-2 0 0 2 -2 -2 2 0 0 0 -2 0 0 0 0 0 2 0 2
2 0 0 -2 -2 -2 2 0 0 0 -2 0 0 0 0 0 2 0 2
2 0 0 2 2 2 -2 0 0 0 -2 0 0 0 0 0 -2 0 -2
-2 0 0 -2 2 2 -2 0 0 0 -2 0 0 0 0 0 -2 0 -2
2 0 0 2 2 2 -2 0 0 0 -2 0 0 0 0 0 2 0 2
-2 0 0 -2 2 2 -2 0 0 0 -2 0 0 0 0 0 2 0 2
-2 0 0 2 -2 2 -2 0 0 0 -2 0 0 0 0 0 -2 0 -2
2 0 0 -2 -2 2 -2 0 0 0 -2 0 0 0 0 0 -2 0 -2
-2 0 0 2 -2 2 -2 0 0 0 -2 0 0 0 0 0 2 0 2
2 0 0 -2 -2 2 -2 0 0 0 -2 0 0 0 0 0 2 0 2
-2 0 0 2 2 -2 -2 0 0 0 -2 0 0 0 0 0 -2 0 -2
2 0 0 -2 2 -2 -2 0 0 0 -2 0 0 0 0 0 -2 0 -2
-2 0 0 2 2 -2 -2 0 0 0 -2 0 0 0 0 0 2 0 2
2 0 0 -2 2 -2 -2 0 0 0 -2 0 0 0 0 0 2 0 2
2 0 0 2 -2 -2 -2 0 0 0 -2 0 0 0 0 0 -2 0 -2
-2 0 0 -2 -2 -2 -2 0 0 0 -2 0 0 0 0 0 -2 0 -2
2 0 0 2 -2 -2 -2 0 0 0 -2 0 0 0 0 0 2 0 2
-2 0 0 -2 -2 -2 -2 0 0 0 -2 0 0 0 0 0 2 0 2
0 2 2 2 0 2 0 0 2 0 2 0 0 0 0 0 -2 2 0
0 -2 -2 2 0 2 0 0 2 0 2 0 0 0 0 0 -2 2 0
0 -2 2 -2 0 2 0 0 2 0 2 0 0 0 0 0 -2 2 0
0 2 -2 -2 0 2 0 0 2 0 2 0 0 0 0 0 -2 2 0
0 2 2 2 0 2 0 0 2 0 2 0 0 0 0 0 2 -2 0
0 -2 -2 2 0 2 0 0 2 0 2 0 0 0 0 0 2 -2 0
0 -2 2 -2 0 2 0 0 2 0 2 0 0 0 0 0 2 -2 0
0 2 -2 -2 0 2 0 0 2 0 2 0 0 0 0 0 2 -2 0
0 -2 2 2 0 -2 0 0 2 0 2 0 0 0 0 0 -2 2 0
0 2 -2 2 0 -2 0 0 2 0 2 0 0 0 0 0 -2 2 0
0 2 2 -2 0 -2 0 0 2 0 2 0 0 0 0 0 -2 2 0
0 -2 -2 -2 0 -2 0 0 2 0 2 0 0 0 0 0 -2 2 0
0 -2 2 2 0 -2 0 0 2 0 2 0 0 0 0 0 2 -2 0
0 2 -2 2 0 -2 0 0 2 0 2 0 0 0 0 0 2 -2 0
0 2 2 -2 0 -2 0 0 2 0 2 0 0 0 0 0 2 -2 0
0 -2 -2 -2 0 -2 0 0 2 0 2 0 0 0 0 0 2 -2 0
0 -2 2 2 0 2 0 0 -2 0 2 0 0 0 0 0 -2 2 0
0 2 -2 2 0 2 0 0 -2 0 2 0 0 0 0 0 -2 2 0
0 2 2 -2 0 2 0 0 -2 0 2 0 0 0 0 0 -2 2 0
0 -2 -2 -2 0 2 0 0 -2 0 2 0 0 0 0 0 -2 2 0
0 -2 2 2 0 2 0 0 -2 0 2 0 0 0 0 0 2 -2 0
0 2 -2 2 0 2 0 0 -2 0 2 0 0 0 0 0 2 -2 0
0 2 2 -2 0 2 0 0 -2 0 2 0 0 0 0 0 2 -2 0
0 -2 -2 -2 0 2 0 0 -2 0 2 0 0 0 0 0 2 -2 0
0 2 2 2 0 -2 0 0 -2 0 2 0 0 0 0 0 -2 2 0
0 -2 -2 2 0 -2 0 0 -2 0 2 0 0 0 0 0 -2 2 0
0 -2 2 -2 0 -2 0 0 -2 0 2 0 0 0 0 0 -2 2 0
0 2 -2 -2 0 -2 0 0 -2 0 2 0 0 0 0 0 -2 2 0
0 2 2 2 0 -2 0 0 -2 0 2 0 0 0 0 0 2 -2 0
0 -2 -2 2 0 -2 0 0 -2 0 2 0 0 0 0 0 2 -2 0
0 -2 2 -2 0 -2 0 0 -2 0 2 0 0 0 0 0 2 -2 0
0 2 -2 -2 0 -2 0 0 -2 0 2 0 0 0 0 0 2 -2 0
0 -2 2 2 0 2 0 0 2 0 -2 0 0 0 0 0 -2 2 0
0 2 -2 2 0 2 0 0 2 0 -2 0 0 0 0 0 -2 2 0
0 2 2 -2 0 2 0 0 2 0 -2 0 0 0 0 0 -2 2 0
0 -2 -2 -2 0 2 0 0 2 0 -2 0 0 0 0 0 -2 2 0
0 -2 2 2 0 2 0 0 2 0 -2 0 0 0 0 0 2 -2 0
0 2 -2 2 0 2 0 0 2 0 -2 0 0 0 0 0 2 -2 0
0 2 2 -2 0 2 0 0 2 0 -2 0 0 0 0 0 2 -2 0
0 -2 -2 -2 0 2 0 0 2 0 -2 0 0 0 0 0 2 -2 0
0 2 2 2 0 -2 0 0 2 0 -2 0 0 0 0 0 -2 2 0
0 -2 -2 2 0 -2 0 0 2 0 -2 0 0 0 0 0 -2 2 0
0 -2 2 -2 0 -2 0 0 2 0 -2 0 0 0 0 0 -2 2 0
0 2 -2 -2 0 -2 0 0 2 0 -2 0 0 0 0 0 -2 2 0
0 2 2 2 0 -2 0 0 2 0 -2 0 0 0 0 0 2 -2 0
0 -2 -2 2 0 -2 0 0 2 0 -2 0 0 0 0 0 2 -2 0
0 -2 2 -2 0 -2 0 0 2 0 -2 0 0 0 0 0 2 -2 0
0 2 -2 -2 0 -2 0 0 2 0 -2 0 0 0 0 0 2 -2 0
0 2 2 2 0 2 0 0 -2 0 -2 0 0 0 0 0 -2 2 0
0 -2 -2 2 0 2 0 0 -2 0 -2 0 0 0 0 0 -2 2 0
0 -2 2 -2 0 2 0 0 -2 0 -2 0 0 0 0 0 -2 2 0
0 2 -2 -2 0 2 0 0 -2 0 -2 0 0 0 0 0 -2 2 0
0 2 2 2 0 2 0 0 -2 0 -2 0 0 0 0 0 2 -2 0
0 -2 -2 2 0 2 0 0 -2 0 -2 0 0 0 0 0 2 -2 0
0 -2 2 -2 0 2 0 0 -2 0 -2 0 0 0 0 0 2 -2 0
0 2 -2 -2 0 2 0 0 -2 0 -2 0 0 0 0 0 2 -2 0
0 -2 2 2 0 -2 0 0 -2 0 -2 0 0 0 0 0 -2 2 0
0 2 -2 2 0 -2 0 0 -2 0 -2 0 0 0 0 0 -2 2 0
0 2 2 -2 0 -2 0 0 -2 0 -2 0 0 0 0 0 -2 2 0
0 -2 -2 -2 0 -2 0 0 -2 0 -2 0 0 0 0 0 -2 2 0
0 -2 2 2 0 -2 0 0 -2 0 -2 0 0 0 0 0 2 -2 0
0 2 -2 2 0 -2 0 0 -2 0 -2 0 0 0 0 0 2 -2 0
0 2 2 -2 0 -2 0 0 -2 0 -2 0 0 0 0 0 2 -2 0
0 -2 -2 -2 0 -2 0 0 -2 0 -2 0 0 0 0 0 2 -2 0
2 0 0 0 0 2 0 2 2 2 2 0 0 0 0 0 0 -2 2
2 0 0 0 0 2 0 2 2 2 2 0 0 0 0 0 0 2 -2
-2 0 0 0 0 -2 0 2 2 2 2 0 0 0 0 0 0 -2 2
-2 0 0 0 0 -2 0 2 2 2 2 0 0 0 0 0 0 2 -2
-2 0 0 0 0 2 0 -2 2 2 2 0 0 0 0 0 0 -2 2
-2 0 0 0 0 2 0 -2 2 2 2 0 0 0 0 0 0 2 -2
2 0 0 0 0 -2 0 -2 2 2 2 0 0 0 0 0 0 -2 2
2 0 0 0 0 -2 0 -2 2 2 2 0 0 0 0 0 0 2 -2
-2 0 0 0 0 2 0 2 -2 2 2 0 0 0 0 0 0 -2 2
-2 0 0 0 0 2 0 2 -2 2 2 0 0 0 0 0 0 2 -2
2 0 0 0 0 -2 0 2 -2 2 2 0 0 0 0 0 0 -2 2
2 0 0 0 0 -2 0 2 -2 2 2 0 0 0 0 0 0 2 -2
2 0 0 0 0 2 0 -2 -2 2 2 0 0 0 0 0 0 -2 2
2 0 0 0 0 2 0 -2 -2 2 2 0 0 0 0 0 0 2 -2
-2 0 0 0 0 -2 0 -2 -2 2 2 0 0 0 0 0 0 -2 2
-2 0 0 0 0 -2 0 -2 -2 2 2 0 0 0 0 0 0 2 -2
-2 0 0 0 0 2 0 2 2 -2 2 0 0 0 0 0 0 -2 2
-2 0 0 0 0 2 0 2 2 -2 2 0 0 0 0 0 0 2 -2
2 0 0 0 0 -2 0 2 2 -2 2 0 0 0 0 0 0 -2 2
2 0 0 0 0 -2 0 2 2 -2 2 0 0 0 0 0 0 2 -2
2 0 0 0 0 2 0 -2 2 -2 2 0 0 0 0 0 0 -2 2
2 0 0 0 0 2 0 -2 2 -2 2 0 0 0 0 0 0 2 -2
-2 0 0 0 0 -2 0 -2 2 -2 2 0 0 0 0 0 0 -2 2
-2 0 0 0 0 -2 0 -2 2 -2 2 0 0 0 0 0 0 2 -2
2 0 0 0 0 2 0 2 -2 -2 2 0 0 0 0 0 0 -2 2
2 0 0 0 0 2 0 2 -2 -2 2 0 0 0 0 0 0 2 -2
-2 0 0 0 0 -2 0 2 -2 -2 2 0 0 0 0 0 0 -2 2
-2 0 0 0 0 -2 0 2 -2 -2 2 0 0 0 0 0 0 2 -2
-2 0 0 0 0 2 0 -2 -2 -2 2 0 0 0 0 0 0 -2 2
-2 0 0 0 0 2 0 -2 -2 -2 2 0 0 0 0 0 0 2 -2
2 0 0 0 0 -2 0 -2 -2 -2 2 0 0 0 0 0 0 -2 2
2 0 0 0 0 -2 0 -2 -2 -2 2 0 0 0 0 0 0 2 -2
-2 0 0 0 0 2 0 2 2 2 -2 0 0 0 0 0 0 -2 2
-2 0 0 0 0 2 0 2 2 2 -2 0 0 0 0 0 0 2 -2
2 0 0 0 0 -2 0 2 2 2 -2 0 0 0 0 0 0 -2 2
2 0 0 0 0 -2 0 2 2 2 -2 0 0 0 0 0 0 2 -2
2 0 0 0 0 2 0 -2 2 2 -2 0 0 0 0 0 0 -2 2
2 0 0 0 0 2 0 -2 2 2 -2 0 0 0 0 0 0 2 -2
-2 0 0 0 0 -2 0 -2 2 2 -2 0 0 0 0 0 0 -2 2
-2 0 0 0 0 -2 0 -2 2 2 -2 0 0 0 0 0 0 2 -2
2 0 0 0 0 2 0 2 -2 2 -2 0 0 0 0 0 0 -2 2
2 0 0 0 0 2 0 2 -2 2 -2 0 0 0 0 0 0 2 -2
-2 0 0 0 0 -2 0 2 -2 2 -2 0 0 0 0 0 0 -2 2
-2 0 0 0 0 -2 0 2 -2 2 -2 0 0 0 0 0 0 2 -2
-2 0 0 0 0 2 0 -2 -2 2 -2 0 0 0 0 0 0 -2 2
-2 0 0 0 0 2 0 -2 -2 2 -2 0 0 0 0 0 0 2 -2
2 0 0 0 0 -2 0 -2 -2 2 -2 0 0 0 0 0 0 -2 2
2 0 0 0 0 -2 0 -2 -2 2 -2 0 0 0 0 0 0 2 -2
2 0 0 0 0 2 0 2 2 -2 -2 0 0 0 0 0 0 -2 2
2 0 0 0 0 2 0 2 2 -2 -2 0 0 0 0 0 0 2 -2
-2 0 0 0 0 -2 0 2 2 -2 -2 0 0 0 0 0 0 -2 2
-2 0 0 0 0 -2 0 2 2 -2 -2 0 0 0 0 0 0 2 -2
-2 0 0 0 0 2 0 -2 2 -2 -2 0 0 0 0 0 0 -2 2
-2 0 0 0 0 2 0 -2 2 -2 -2 0 0 0 0 0 0 2 -2
2 0 0 0 0 -2 0 -2 2 -2 -2 0 0 0 0 0 0 -2 2
2 0 0 0 0 -2 0 -2 2 -2 -2 0 0 0 0 0 0 2 -2
-2 0 0 0 0 2 0 2 -2 -2 -2 0 0 0 0 0 0 -2 2
-2 0 0 0 0 2 0 2 -2 -2 -2 0 0 0 0 0 0 2 -2
2 0 0 0 0 -2 0 2 -2 -2 -2 0 0 0 0 0 0 -2 2
2 0 0 0 0 -2 0 2 -2 -2 -2 0 0 0 0 0 0 2 -2
2 0 0 0 0 2 0 -2 -2 -2 -2 0 0 0 0 0 0 -2 2
2 0 0 0 0 2 0 -2 -2 -2 -2 0 0 0 0 0 0 2 -2
-2 0 0 0 0 -2 0 -2 -2 -2 -2 0 0 0 0 0 0 -2 2
-2 0 0 0 0 -2 0 -2 -2 -2 -2 0 0 0 0 0 0 2 -2
2 2 0 0 2 0 2 2 0 0 0 2 0 0 0 0 0 -2 2
-2 -2 0 0 2 0 2 2 0 0 0 2 0 0 0 0 0 -2 2
-2 2 0 0 -2 0 2 2 0 0 0 2 0 0 0 0 0 -2 2
2 -2 0 0 -2 0 2 2 0 0 0 2 0 0 0 0 0 -2 2
2 2 0 0 2 0 2 2 0 0 0 2 0 0 0 0 0 2 -2
-2 -2 0 0 2 0 2 2 0 0 0 2 0 0 0 0 0 2 -2
-2 2 0 0 -2 0 2 2 0 0 0 2 0 0 0 0 0 2 -2
2 -2 0 0 -2 0 2 2 0 0 0 2 0 0 0 0 0 2 -2
-2 2 0 0 2 0 -2 2 0 0 0 2 0 0 0 0 0 -2 2
2 -2 0 0 2 0 -2 2 0 0 0 2 0 0 0 0 0 -2 2
2 2 0 0 -2 0 -2 2 0 0 0 2 0 0 0 0 0 -2 2
-2 -2 0 0 -2 0 -2 2 0 0 0 2 0 0 0 0 0 -2 2
-2 2 0 0 2 0 -2 2 0 0 0 2 0 0 0 0 0 2 -2
2 -2 0 0 2 0 -2 2 0 0 0 2 0 0 0 0 0 2 -2
2 2 0 0 -2 0 -2 2 0 0 0 2 0 0 0 0 0 2 -2
-2 -2 0 0 -2 0 -2 2 0 0 0 2 0 0 0 0 0 2 -2
-2 2 0 0 2 0 2 -2 0 0 0 2 0 0 0 0 0 -2 2
2 -2 0 0 2 0 2 -2 0 0 0 2 0 0 0 0 0 -2 2
2 2 0 0 -2 0 2 -2 0 0 0 2 0 0 0 0 0 -2 2
-2 -2 0 0 -2 0 2 -2 0 0 0 2 0 0 0 0 0 -2 2
-2 2 0 0 2 0 2 -2 0 0 0 2 0 0 0 0 0 2 -2
2 -2 0 0 2 0 2 -2 0 0 0 2 0 0 0 0 0 2 -2
2 2 0 0 -2 0 2 -2 0 0 0 2 0 0 0 0 0 2 -2
-2 -2 0 0 -2 0 2 -2 0 0 0 2 0 0 0 0 0 2 -2
2 2 0 0 2 0 -2 -2 0 0 0 2 0 0 0 0 0 -2 2
-2 -2 0 0 2 0 -2 -2 0 0 0 2 0 0 0 0 0 -2 2
-2 2 0 0 -2 0 -2 -2 0 0 0 2 0 0 0 0 0 -2 2
2 -2 0 0 -2 0 -2 -2 0 0 0 2 0 0 0 0 0 -2 2
2 2 0 0 2 0 -2 -2 0 0 0 2 0 0 0 0 0 2 -2
-2 -2 0 0 2 0 -2 -2 0 0 0 2 0 0 0 0 0 2 -2
-2 2 0 0 -2 0 -2 -2 0 0 0 2 0 0 0 0 0 2 -2
2 -2 0 0 -2 0 -2 -2 0 0 0 2 0 0 0 0 0 2 -2
-2 2 0 0 2 0 2 2 0 0 0 -2 0 0 0 0 0 -2 2
2 -2 0 0 2 0 2 2 0 0 0 -2 0 0 0 0 0 -2 2
2 2 0 0 -2 0 2 2 0 0 0 -2 0 0 0 0 0 -2 2
-2 -2 0 0 -2 0 2 2 0 0 0 -2 0 0 0 0 0 -2 2
-2 2 0 0 2 0 2 2 0 0 0 -2 0 0 0 0 0 2 -2
2 -2 0 0 2 0 2 2 0 0 0 -2 0 0 0 0 0 2 -2
2 2 0 0 -2 0 2 2 0 0 0 -2 0 0 0 0 0 2 -2
-2 -2 0 0 -2 0 2 2 0 0 0 -2 0 0 0 0 0 2 -2
2 2 0 0 2 0 -2 2 0 0 0 -2 0 0 0 0 0 -2 2
-2 -2 0 0 2 0 -2 2 0 0 0 -2 0 0 0 0 0 -2 2
-2 2 0 0 -2 0 -2 2 0 0 0 -2 0 0 0 0 0 -2 2
2 -2 0 0 -2 0 -2 2 0 0 0 -2 0 0 0 0 0 -2 2
2 2 0 0 2 0 -2 2 0 0 0 -2 0 0 0 0 0 2 -2
-2 -2 0 0 2 0 -2 2 0 0 0 -2 0 0 0 0 0 2 -2
-2 2 0 0 -2 0 -2 2 0 0 0 -2 0 0 0 0 0 2 -2
2 -2 0 0 -2 0 -2 2 0 0 0 -2 0 0 0 0 0 2 -2
2 2 0 0 2 0 2 -2 0 0 0 -2 0 0 0 0 0 -2 2
-2 -2 0 0 2 0 2 -2 0 0 0 -2 0 0 0 0 0 -2 2
-2 2 0 0 -2 0 2 -2 0 0 0 -2 0 0 0 0 0 -2 2
2 -2 0 0 -2 0 2 -2 0 0 0 -2 0 0 0 0 0 -2 2
2 2 0 0 2 0 2 -2 0 0 0 -2 0 0 0 0 0 2 -2
-2 -2 0 0 2 0 2 -2 0 0 0 -2 0 0 0 0 0 2 -2
-2 2 0 0 -2 0 2 -2 0 0 0 -2 0 0 0 0 0 2 -2
2 -2 0 0 -2 0 2 -2 0 0 0 -2 0 0 0 0 0 2 -2
-2 2 0 0 2 0 -2 -2 0 0 0 -2 0 0 0 0 0 -2 2
2 -2 0 0 2 0 -2 -2 0 0 0 -2 0 0 0 0 0 -2 2
2 2 0 0 -2 0 -2 -2 0 0 0 -2 0 0 0 0 0 -2 2
-2 -2 0 0 -2 0 -2 -2 0 0 0 -2 0 0 0 0 0 -2 2
-2 2 0 0 2 0 -2 -2 0 0 0 -2 0 0 0 0 0 2 -2
2 -2 0 0 2 0 -2 -2 0 0 0 -2 0 0 0 0 0 2 -2
2 2 0 0 -2 0 -2 -2 0 0 0 -2 0 0 0 0 0 2 -2
-2 -2 0 0 -2 0 -2 -2 0 0 0 -2 0 0 0 0 0 2 -2
0 0 2 2 2 0 2 0 0 2 0 2 0 0 0 0 -2 2 0
0 0 -2 -2 2 0 2 0 0 2 0 2 0 0 0 0 -2 2 0
0 0 2 2 2 0 2 0 0 2 0 2 0 0 0 0 2 -2 0
0 0 -2 -2 2 0 2 0 0 2 0 2 0 0 0 0 2 -2 0
0 0 -2 2 -2 0 2 0 0 2 0 2 0 0 0 0 -2 2 0
0 0 2 -2 -2 0 2 0 0 2 0 2 0 0 0 0 -2 2 0
0 0 -2 2 -2 0 2 0 0 2 0 2 0 0 0 0 2 -2 0
0 0 2 -2 -2 0 2 0 0 2 0 2 0 0 0 0 2 -2 0
0 0 -2 2 2 0 -2 0 0 2 0 2 0 0 0 0 -2 2 0
0 0 2 -2 2 0 -2 0 0 2 0 2 0 0 0 0 -2 2 0
0 0 -2 2 2 0 -2 0 0 2 0 2 0 0 0 0 2 -2 0
0 0 2 -2 2 0 -2 0 0 2 0 2 0 0 0 0 2 -2 0
0 0 2 2 -2 0 -2 0 0 2 0 2 0 0 0 0 -2 2 0
0 0 -2 -2 -2 0 -2 0 0 2 0 2 0 0 0 0 -2 2 0
0 0 2 2 -2 0 -2 0 0 2 0 2 0 0 0 0 2 -2 0
0 0 -2 -2 -2 0 -2 0 0 2 0 2 0 0 0 0 2 -2 0
0 0 -2 2 2 0 2 0 0 -2 0 2 0 0 0 0 -2 2 0
0 0 2 -2 2 0 2 0 0 -2 0 2 0 0 0 0 -2 2 0
0 0 -2 2 2 0 2 0 0 -2 0 2 0 0 0 0 2 -2 0
0 0 2 -2 2 0 2 0 0 -2 0 2 0 0 0 0 2 -2 0
0 0 2 2 -2 0 2 0 0 -2 0 2 0 0 0 0 -2 2 0
0 0 -2 -2 -2 0 2 0 0 -2 0 2 0 0 0 0 -2 2 0
0 0 2 2 -2 0 2 0 0 -2 0 2 0 0 0 0 2 -2 0
0 0 -2 -2 -2 0 2 0 0 -2 0 2 0 0 0 0 2 -2 0
0 0 2 2 2 0 -2 0 0 -2 0 2 0 0 0 0 -2 2 0
0 0 -2 -2 2 0 -2 0 0 -2 0 2 0 0 0 0 -2 2 0
0 0 2 2 2 0 -2 0 0 -2 0 2 0 0 0 0 2 -2 0
0 0 -2 -2 2 0 -2 0 0 -2 0 2 0 0 0 0 2 -2 0
0 0 -2 2 -2 0 -2 0 0 -2 0 2 0 0 0 0 -2 2 0
0 0 2 -2 -2 0 -2 0 0 -2 0 2 0 0 0 0 -2 2 0
0 0 -2 2 -2 0 -2 0 0 -2 0 2 0 0 0 0 2 -2 0
0 0 2 -2 -2 0 -2 0 0 -2 0 2 0 0 0 0 2 -2 0
0 0 -2 2 2 0 2 0 0 2 0 -2 0 0 0 0 -2 2 0
0 0 2 -2 2 0 2 0 0 2 0 -2 0 0 0 0 -2 2 0
0 0 -2 2 2 0 2 0 0 2 0 -2 0 0 0 0 2 -2 0
0 0 2 -2 2 0 2 0 0 2 0 -2 0 0 0 0 2 -2 0
0 0 2 2 -2 0 2 0 0 2 0 -2 0 0 0 0 -2 2 0
0 0 -2 -2 -2 0 2 0 0 2 0 -2 0 0 0 0 -2 2 0
0 0 2 2 -2 0 2 0 0 2 0 -2 0 0 0 0 2 -2 0
0 0 -2 -2 -2 0 2 0 0 2 0 -2 0 0 0 0 2 -2 0
0 0 2 2 2 0 -2 0 0 2 0 -2 0 0 0 0 -2 2 0
0 0 -2 -2 2 0 -2 0 0 2 0 -2 0 0 0 0 -2 2 0
0 0 2 2 2 0 -2 0 0 2 0 -2 0 0 0 0 2 -2 0
0 0 -2 -2 2 0 -2 0 0 2 0 -2 0 0 0 0 2 -2 0
0 0 -2 2 -2 0 -2 0 0 2 0 -2 0 0 0 0 -2 2 0
0 0 2 -2 -2 0 -2 0 0 2 0 -2 0 0 0 0 -2 2 0
0 0 -2 2 -2 0 -2 0 0 2 0 -2 0 0 0 0 2 -2 0
0 0 2 -2 -2 0 -2 0 0 2 0 -2 0 0 0 0 2 -2 0
0 0 2 2 2 0 2 0 0 -2 0 -2 0 0 0 0 -2 2 0
0 0 -2 -2 2 0 2 0 0 -2 0 -2 0 0 0 0 -2 2 0
0 0 2 2 2 0 2 0 0 -2 0 -2 0 0 0 0 2 -2 0
0 0 -2 -2 2 0 2 0 0 -2 0 -2 0 0 0 0 2 -2 0
0 0 -2 2 -2 0 2 0 0 -2 0 -2 0 0 0 0 -2 2 0
0 0 2 -2 -2 0 2 0 0 -2 0 -2 0 0 0 0 -2 2 0
0 0 -2 2 -2 0 2 0 0 -2 0 -2 0 0 0 0 2 -2 0
0 0 2 -2 -2 0 2 0 0 -2 0 -2 0 0 0 0 2 -2 0
0 0 -2 2 2 0 -2 0 0 -2 0 -2 0 0 0 0 -2 2 0
0 0 2 -2 2 0 -2 0 0 -2 0 -2 0 0 0 0 -2 2 0
0 0 -2 2 2 0 -2 0 0 -2 0 -2 0 0 0 0 2 -2 0
0 0 2 -2 2 0 -2 0 0 -2 0 -2 0 0 0 0 2 -2 0
0 0 2 2 -2 0 -2 0 0 -2 0 -2 0 0 0 0 -2 2 0
0 0 -2 -2 -2 0 -2 0 0 -2 0 -2 0 0 0 0 -2 2 0
0 0 2 2 -2 0 -2 0 0 -2 0 -2 0 0 0 0 2 -2 0
0 0 -2 -2 -2 0 -2 0 0 -2 0 -2 0 0 0 0 2 -2 0
2 2 0 2 0 0 0 0 2 2 0 2 0 0 0 0 -2 0 -2
-2 -2 0 2 0 0 0 0 2 2 0 2 0 0 0 0 -2 0 -2
-2 2 0 -2 0 0 0 0 2 2 0 2 0 0 0 0 -2 0 -2
2 -2 0 -2 0 0 0 0 2 2 0 2 0 0 0 0 -2 0 -2
2 2 0 2 0 0 0 0 2 2 0 2 0 0 0 0 2 0 2
-2 -2 0 2 0 0 0 0 2 2 0 2 0 0 0 0 2 0 2
-2 2 0 -2 0 0 0 0 2 2 0 2 0 0 0 0 2 0 2
2 -2 0 -2 0 0 0 0 2 2 0 2 0 0 0 0 2 0 2
-2 2 0 2 0 0 0 0 -2 2 0 2 0 0 0 0 -2 0 -2
2 -2 0 2 0 0 0 0 -2 2 0 2 0 0 0 0 -2 0 -2
2 2 0 -2 0 0 0 0 -2 2 0 2 0 0 0 0 -2 0 -2
-2 -2 0 -2 0 0 0 0 -2 2 0 2 0 0 0 0 -2 0 -2
-2 2 0 2 0 0 0 0 -2 2 0 2 0 0 0 0 2 0 2
2 -2 0 2 0 0 0 0 -2 2 0 2 0 0 0 0 2 0 2
2 2 0 -2 0 0 0 0 -2 2 0 2 0 0 0 0 2 0 2
-2 -2 0 -2 0 0 0 0 -2 2 0 2 0 0 0 0 2 0 2
-2 2 0 2 0 0 0 0 2 -2 0 2 0 0 0 0 -2 0 -2
2 -2 0 2 0 0 0 0 2 -2 0 2 0 0 0 0 -2 0 -2
2 2 0 -2 0 0 0 0 2 -2 0 2 0 0 0 0 -2 0 -2
-2 -2 0 -2 0 0 0 0 2 -2 0 2 0 0 0 0 -2 0 -2
-2 2 0 2 0 0 0 0 2 -2 0 2 0 0 0 0 2 0 2
2 -2 0 2 0 0 0 0 2 -2 0 2 0 0 0 0 2 0 2
2 2 0 -2 0 0 0 0 2 -2 0 2 0 0 0 0 2 0 2
-2 -2 0 -2 0 0 0 0 2 -2 0 2 0 0 0 0 2 0 2
2 2 0 2 0 0 0 0 -2 -2 0 2 0 0 0 0 -2 0 -2
-2 -2 0 2 0 0 0 0 -2 -2 0 2 0 0 0 0 -2 0 -2
-2 2 0 -2 0 0 0 0 -2 -2 0 2 0 0 0 0 -2 0 -2
2 -2 0 -2 0 0 0 0 -2 -2 0 2 0 0 0 0 -2 0 -2
2 2 0 2 0 0 0 0 -2 -2 0 2 0 0 0 0 2 0 2
-2 -2 0 2 0 0 0 0 -2 -2 0 2 0 0 0 0 2 0 2
-2 2 0 -2 0 0 0 0 -2 -2 0 2 0 0 0 0 2 0 2
2 -2 0 -2 0 0 0 0 -2 -2 0 2 0 0 0 0 2 0 2
-2 2 0 2 0 0 0 0 2 2 0 -2 0 0 0 0 -2 0 -2
2 -2 0 2 0 0 0 0 2 2 0 -2 0 0 0 0 -2 0 -2
2 2 0 -2 0 0 0 0 2 2 0 -2 0 0 0 0 -2 0 -2
-2 -2 0 -2 0 0 0 0 2 2 0 -2 0 0 0 0 -2 0 -2
-2 2 0 2 0 0 0 0 2 2 0 -2 0 0 0 0 2 0 2
2 -2 0 2 0 0 0 0 2 2 0 -2 0 0 0 0 2 0 2
2 2 0 -2 0 0 0 0 2 2 0 -2 0 0 0 0 2 0 2
-2 -2 0 -2 0 0 0 0 2 2 0 -2 0 0 0 0 2 0 2
2 2 0 2 0 0 0 0 -2 2 0 -2 0 0 0 0 -2 0 -2
-2 -2 0 2 0 0 0 0 -2 2 0 -2 0 0 0 0 -2 0 -2
-2 2 0 -2 0 0 0 0 -2 2 0 -2 0 0 0 0 -2 0 -2
2 -2 0 -2 0 0 0 0 -2 2 0 -2 0 0 0 0 -2 0 -2
2 2 0 2 0 0 0 0 -2 2 0 -2 0 0 0 0 2 0 2
-2 -2 0 2 0 0 0 0 -2 2 0 -2 0 0 0 0 2 0 2
-2 2 0 -2 0 0 0 0 -2 2 0 -2 0 0 0 0 2 0 2
2 -2 0 -2 0 0 0 0 -2 2 0 -2 0 0 0 0 2 0 2
2 2 0 2 0 0 0 0 2 -2 0 -2 0 0 0 0 -2 0 -2
-2 -2 0 2 0 0 0 0 2 -2 0 -2 0 0 0 0 -2 0 -2
-2 2 0 -2 0 0 0 0 2 -2 0 -2 0 0 0 0 -2 0 -2
2 -2 0 -2 0 0 0 0 2 -2 0 -2 0 0 0 0 -2 0 -2
2 2 0 2 0 0 0 0 2 -2 0 -2 0 0 0 0 2 0 2
-2 -2 0 2 0 0 0 0 2 -2 0 -2 0 0 0 0 2 0 2
-2 2 0 -2 0 0 0 0 2 -2 0 -2 0 0 0 0 2 0 2
2 -2 0 -2 0 0 0 0 2 -2 0 -2 0 0 0 0 2 0 2
-2 2 0 2 0 0 0 0 -2 -2 0 -2 0 0 0 0 -2 0 -2
2 -2 0 2 0 0 0 0 -2 -2 0 -2 0 0 0 0 -2 0 -2
2 2 0 -2 0 0 0 0 -2 -2 0 -2 0 0 0 0 -2 0 -2
-2 -2 0 -2 0 0 0 0 -2 -2 0 -2 0 0 0 0 -2 0 -2
-2 2 0 2 0 0 0 0 -2 -2 0 -2 0 0 0 0 2 0 2
2 -2 0 2 0 0 0 0 -2 -2 0 -2 0 0 0 0 2 0 2
2 2 0 -2 0 0 0 0 -2 -2 0 -2 0 0 0 0 2 0 2
-2 -2 0 -2 0 0 0 0 -2 -2 0 -2 0 0 0 0 2 0 2
0 2 0 2 0 2 0 2 0 0 2 2 0 0 0 0 -2 -2 0
0 -2 0 -2 0 2 0 2 0 0 2 2 0 0 0 0 -2 -2 0
0 2 0 2 0 2 0 2 0 0 2 2 0 0 0 0 2 2 0
0 -2 0 -2 0 2 0 2 0 0 2 2 0 0 0 0 2 2 0
0 -2 0 2 0 -2 0 2 0 0 2 2 0 0 0 0 -2 -2 0
0 2 0 -2 0 -2 0 2 0 0 2 2 0 0 0 0 -2 -2 0
0 -2 0 2 0 -2 0 2 0 0 2 2 0 0 0 0 2 2 0
0 2 0 -2 0 -2 0 2 0 0 2 2 0 0 0 0 2 2 0
0 -2 0 2 0 2 0 -2 0 0 2 2 0 0 0 0 -2 -2 0
0 2 0 -2 0 2 0 -2 0 0 2 2 0 0 0 0 -2 -2 0
0 -2 0 2 0 2 0 -2 0 0 2 2 0 0 0 0 2 2 0
0 2 0 -2 0 2 0 -2 0 0 2 2 0 0 0 0 2 2 0
0 2 0 2 0 -2 0 -2 0 0 2 2 0 0 0 0 -2 -2 0
0 -2 0 -2 0 -2 0 -2 0 0 2 2 0 0 0 0 -2 -2 0
0 2 0 2 0 -2 0 -2 0 0 2 2 0 0 0 0 2 2 0
0 -2 0 -2 0 -2 0 -2 0 0 2 2 0 0 0 0 2 2 0
0 -2 0 2 0 2 0 2 0 0 -2 2 0 0 0 0 -2 -2 0
0 2 0 -2 0 2 0 2 0 0 -2 2 0 0 0 0 -2 -2 0
0 -2 0 2 0 2 0 2 0 0 -2 2 0 0 0 0 2 2 0
0 2 0 -2 0 2 0 2 0 0 -2 2 0 0 0 0 2 2 0
0 2 0 2 0 -2 0 2 0 0 -2 2 0 0 0 0 -2 -2 0
0 -2 0 -2 0 -2 0 2 0 0 -2 2 0 0 0 0 -2 -2 0
0 2 0 2 0 -2 0 2 0 0 -2 2 0 0 0 0 2 2 0
0 -2 0 -2 0 -2 0 2 0 0 -2 2 0 0 0 0 2 2 0
0 2 0 2 0 2 0 -2 0 0 -2 2 0 0 0 0 -2 -2 0
0 -2 0 -2 0 2 0 -2 0 0 -2 2 0 0 0 0 -2 -2 0
0 2 0 2 0 2 0 -2 0 0 -2 2 0 0 0 0 2 2 0
0 -2 0 -2 0 2 0 -2 0 0 -2 2 0 0 0 0 2 2 0
0 -2 0 2 0 -2 0 -2 0 0 -2 2 0 0 0 0 -2 -2 0
0 2 0 -2 0 -2 0 -2 0 0 -2 2 0 0 0 0 -2 -2 0
0 -2 0 2 0 -2 0 -2 0 0 -2 2 0 0 0 0 2 2 0
0 2 0 -2 0 -2 0 -2 0 0 -2 2 0 0 0 0 2 2 0
0 -2 0 2 0 2 0 2 0 0 2 -2 0 0 0 0 -2 -2 0
0 2 0 -2 0 2 0 2 0 0 2 -2 0 0 0 0 -2 -2 0
0 -2 0 2 0 2 0 2 0 0 2 -2 0 0 0 0 2 2 0
0 2 0 -2 0 2 0 2 0 0 2 -2 0 0 0 0 2 2 0
0 2 0 2 0 -2 0 2 0 0 2 -2 0 0 0 0 -2 -2 0
0 -2 0 -2 0 -2 0 2 0 0 2 -2 0 0 0 0 -2 -2 0
0 2 0 2 0 -2 0 2 0 0 2 -2 0 0 0 0 2 2 0
0 -2 0 -2 0 -2 0 2 0 0 2 -2 0 0 0 0 2 2 0
0 2 0 2 0 2 0 -2 0 0 2 -2 0 0 0 0 -2 -2 0
0 -2 0 -2 0 2 0 -2 0 0 2 -2 0 0 0 0 -2 -2 0
0 2 0 2 0 2 0 -2 0 0 2 -2 0 0 0 0 2 2 0
0 -2 0 -2 0 2 0 -2 0 0 2 -2 0 0 0 0 2 2 0
0 -2 0 2 0 -2 0 -2 0 0 2 -2 0 0 0 0 -2 -2 0
0 2 0 -2 0 -2 0 -2 0 0 2 -2 0 0 0 0 -2 -2 0
0 -2 0 2 0 -2 0 -2 0 0 2 -2 0 0 0 0 2 2 0
0 2 0 -2 0 -2 0 -2 0 0 2 -2 0 0 0 0 2 2 0
0 2 0 2 0 2 0 2 0 0 -2 -2 0 0 0 0 -2 -2 0
0 -2 0 -2 0 2 0 2 0 0 -2 -2 0 0 0 0 -2 -2 0
0 2 0 2 0 2 0 2 0 0 -2 -2 0 0 0 0 2 2 0
0 -2 0 -2 0 2 0 2 0 0 -2 -2 0 0 0 0 2 2 0
0 -2 0 2 0 -2 0 2 0 0 -2 -2 0 0 0 0 -2 -2 0
0 2 0 -2 0 -2 0 2 0 0 -2 -2 0 0 0 0 -2 -2 0
0 -2 0 2 0 -2 0 2 0 0 -2 -2 0 0 0 0 2 2 0
0 2 0 -2 0 -2 0 2 0 0 -2 -2 0 0 0 0 2 2 0
0 -2 0 2 0 2 0 -2 0 0 -2 -2 0 0 0 0 -2 -2 0
0 2 0 -2 0 2 0 -2 0 0 -2 -2 0 0 0 0 -2 -2 0
0 -2 0 2 0 2 0 -2 0 0 -2 -2 0 0 0 0 2 2 0
0 2 0 -2 0 2 0 -2 0 0 -2 -2 0 0 0 0 2 2 0
0 2 0 2 0 -2 0 -2 0 0 -2 -2 0 0 0 0 -2 -2 0
0 -2 0 -2 0 -2 0 -2 0 0 -2 -2 0 0 0 0 -2 -2 0
0 2 0 2 0 -2 0 -2 0 0 -2 -2 0 0 0 0 2 2 0
0 -2 0 -2 0 -2 0 -2 0 0 -2 -2 0 0 0 0 2 2 0
2 0 2 0 0 2 0 0 0 2 2 2 0 0 0 0 0 -2 -2
2 0 2 0 0 2 0 0 0 2 2 2 0 0 0 0 0 2 2
-2 0 -2 0 0 2 0 0 0 2 2 2 0 0 0 0 0 -2 -2
-2 0 -2 0 0 2 0 0 0 2 2 2 0 0 0 0 0 2 2
-2 0 2 0 0 -2 0 0 0 2 2 2 0 0 0 0 0 -2 -2
-2 0 2 0 0 -2 0 0 0 2 2 2 0 0 0 0 0 2 2
2 0 -2 0 0 -2 0 0 0 2 2 2 0 0 0 0 0 -2 -2
2 0 -2 0 0 -2 0 0 0 2 2 2 0 0 0 0 0 2 2
-2 0 2 0 0 2 0 0 0 -2 2 2 0 0 0 0 0 -2 -2
-2 0 2 0 0 2 0 0 0 -2 2 2 0 0 0 0 0 2 2
2 0 -2 0 0 2 0 0 0 -2 2 2 0 0 0 0 0 -2 -2
2 0 -2 0 0 2 0 0 0 -2 2 2 0 0 0 0 0 2 2
2 0 2 0 0 -2 0 0 0 -2 2 2 0 0 0 0 0 -2 -2
2 0 2 0 0 -2 0 0 0 -2 2 2 0 0 0 0 0 2 2
-2 0 -2 0 0 -2 0 0 0 -2 2 2 0 0 0 0 0 -2 -2
-2 0 -2 0 0 -2 0 0 0 -2 2 2 0 0 0 0 0 2 2
-2 0 2 0 0 2 0 0 0 2 -2 2 0 0 0 0 0 -2 -2
-2 0 2 0 0 2 0 0 0 2 -2 2 0 0 0 0 0 2 2
2 0 -2 0 0 2 0 0 0 2 -2 2 0 0 0 0 0 -2 -2
2 0 -2 0 0 2 0 0 0 2 -2 2 0 0 0 0 0 2 2
2 0 2 0 0 -2 0 0 0 2 -2 2 0 0 0 0 0 -2 -2
2 0 2 0 0 -2 0 0 0 2 -2 2 0 0 0 0 0 2 2
-2 0 -2 0 0 -2 0 0 0 2 -2 2 0 0 0 0 0 -2 -2
-2 0 -2 0 0 -2 0 0 0 2 -2 2 0 0 0 0 0 2 2
2 0 2 0 0 2 0 0 0 -2 -2 2 0 0 0 0 0 -2 -2
2 0 2 0 0 2 0 0 0 -2 -2 2 0 0 0 0 0 2 2
-2 0 -2 0 0 2 0 0 0 -2 -2 2 0 0 0 0 0 -2 -2
-2 0 -2 0 0 2 0 0 0 -2 -2 2 0 0 0 0 0 2 2
-2 0 2 0 0 -2 0 0 0 -2 -2 2 0 0 0 0 0 -2 -2
-2 0 2 0 0 -2 0 0 0 -2 -2 2 0 0 0 0 0 2 2
2 0 -2 0 0 -2 0 0 0 -2 -2 2 0 0 0 0 0 -2 -2
2 0 -2 0 0 -2 0 0 0 -2 -2 2 0 0 0 0 0 2 2
-2 0 2 0 0 2 0 0 0 2 2 -2 0 0 0 0 0 -2 -2
-2 0 2 0 0 2 0 0 0 2 2 -2 0 0 0 0 0 2 2
2 0 -2 0 0 2 0 0 0 2 2 -2 0 0 0 0 0 -2 -2
2 0 -2 0 0 2 0 0 0 2 2 -2 0 0 0 0 0 2 2
2 0 2 0 0 -2 0 0 0 2 2 -2 0 0 0 0 0 -2 -2
2 0 2 0 0 -2 0 0 0 2 2 -2 0 0 0 0 0 2 2
-2 0 -2 0 0 -2 0 0 0 2 2 -2 0 0 0 0 0 -2 -2
-2 0 -2 0 0 -2 0 0 0 2 2 -2 0 0 0 0 0 2 2
2 0 2 0 0 2 0 0 0 -2 2 -2 0 0 0 0 0 -2 -2
2 0 2 0 0 2 0 0 0 -2 2 -2 0 0 0 0 0 2 2
-2 0 -2 0 0 2 0 0 0 -2 2 -2 0 0 0 0 0 -2 -2
-2 0 -2 0 0 2 0 0 0 -2 2 -2 0 0 0 0 0 2 2
-2 0 2 0 0 -2 0 0 0 -2 2 -2 0 0 0 0 0 -2 -2
-2 0 2 0 0 -2 0 0 0 -2 2 -2 0 0 0 0 0 2 2
2 0 -2 0 0 -2 0 0 0 -2 2 -2 0 0 0 0 0 -2 -2
2 0 -2 0 0 -2 0 0 0 -2 2 -2 0 0 0 0 0 2 2
2 0 2 0 0 2 0 0 0 2 -2 -2 0 0 0 0 0 -2 -2
2 0 2 0 0 2 0 0 0 2 -2 -2 0 0 0 0 0 2 2
-2 0 -2 0 0 2 0 0 0 2 -2 -2 0 0 0 0 0 -2 -2
-2 0 -2 0 0 2 0 0 0 2 -2 -2 0 0 0 0 0 2 2
-2 0 2 0 0 -2 0 0 0 2 -2 -2 0 0 0 0 0 -2 -2
-2 0 2 0 0 -2 0 0 0 2 -2 -2 0 0 0 0 0 2 2
2 0 -2 0 0 -2 0 0 0 2 -2 -2 0 0 0 0 0 -2 -2
2 0 -2 0 0 -2 0 0 0 2 -2 -2 0 0 0 0 0 2 2
-2 0 2 0 0 2 0 0 0 -2 -2 -2 0 0 0 0 0 -2 -2
-2 0 2 0 0 2 0 0 0 -2 -2 -2 0 0 0 0 0 2 2
2 0 -2 0 0 2 0 0 0 -2 -2 -2 0 0 0 0 0 -2 -2
2 0 -2 0 0 2 0 0 0 -2 -2 -2 0 0 0 0 0 2 2
2 0 2 0 0 -2 0 0 0 -2 -2 -2 0 0 0 0 0 -2 -2
2 0 2 0 0 -2 0 0 0 -2 -2 -2 0 0 0 0 0 2 2
-2 0 -2 0 0 -2 0 0 0 -2 -2 -2 0 0 0 0 0 -2 -2
-2 0 -2 0 0 -2 0 0 0 -2 -2 -2 0 0 0 0 0 2 2
0 -2 0 0 2 2 2 0 2 2 2 2 0 0 0 0 0 0 0
0 2 0 0 -2 2 2 0 2 2 2 2 0 0 0 0 0 0 0
0 2 0 0 2 -2 2 0 2 2 2 2 0 0 0 0 0 0 0
0 -2 0 0 -2 -2 2 0 2 2 2 2 0 0 0 0 0 0 0
0 2 0 0 2 2 -2 0 2 2 2 2 0 0 0 0 0 0 0
0 -2 0 0 -2 2 -2 0 2 2 2 2 0 0 0 0 0 0 0
0 -2 0 0 2 -2 -2 0 2 2 2 2 0 0 0 0 0 0 0
0 2 0 0 -2 -2 -2 0 2 2 2 2 0 0 0 0 0 0 0
0 2 0 0 2 2 2 0 -2 2 2 2 0 0 0 0 0 0 0
0 -2 0 0 -2 2 2 0 -2 2 2 2 0 0 0 0 0 0 0
0 -2 0 0 2 -2 2 0 -2 2 2 2 0 0 0 0 0 0 0
0 2 0 0 -2 -2 2 0 -2 2 2 2 0 0 0 0 0 0 0
0 -2 0 0 2 2 -2 0 -2 2 2 2 0 0 0 0 0 0 0
0 2 0 0 -2 2 -2 0 -2 2 2 2 0 0 0 0 0 0 0
0 2 0 0 2 -2 -2 0 -2 2 2 2 0 0 0 0 0 0 0
0 -2 0 0 -2 -2 -2 0 -2 2 2 2 0 0 0 0 0 0 0
0 2 0 0 2 2 2 0 2 -2 2 2 0 0 0 0 0 0 0
0 -2 0 0 -2 2 2 0 2 -2 2 2 0 0 0 0 0 0 0
0 -2 0 0 2 -2 2 0 2 -2 2 2 0 0 0 0 0 0 0
0 2 0 0 -2 -2 2 0 2 -2 2 2 0 0 0 0 0 0 0
0 -2 0 0 2 2 -2 0 2 -2 2 2 0 0 0 0 0 0 0
0 2 0 0 -2 2 -2 0 2 -2 2 2 0 0 0 0 0 0 0
0 2 0 0 2 -2 -2 0 2 -2 2 2 0 0 0 0 0 0 0
0 -2 0 0 -2 -2 -2 0 2 -2 2 2 0 0 0 0 0 0 0
0 -2 0 0 2 2 2 0 -2 -2 2 2 0 0 0 0 0 0 0
0 2 0 0 -2 2 2 0 -2 -2 2 2 0 0 0 0 0 0 0
0 2 0 0 2 -2 2 0 -2 -2 2 2 0 0 0 0 0 0 0
0 -2 0 0 -2 -2 2 0 -2 -2 2 2 0 0 0 0 0 0 0
0 2 0 0 2 2 -2 0 -2 -2 2 2 0 0 0 0 0 0 0
0 -2 0 0 -2 2 -2 0 -2 -2 2 2 0 0 0 0 0 0 0
0 -2 0 0 2 -2 -2 0 -2 -2 2 2 0 0 0 0 0 0 0
0 2 0 0 -2 -2 -2 0 -2 -2 2 2 0 0 0 0 0 0 0
0 2 0 0 2 2 2 0 2 2 -2 2 0 0 0 0 0 0 0
0 -2 0 0 -2 2 2 0 2 2 -2 2 0 0 0 0 0 0 0
0 -2 0 0 2 -2 2 0 2 2 -2 2 0 0 0 0 0 0 0
0 2 0 0 -2 -2 2 0 2 2 -2 2 0 0 0 0 0 0 0
0 -2 0 0 2 2 -2 0 2 2 -2 2 0 0 0 0 0 0 0
0 2 0 0 -2 2 -2 0 2 2 -2 2 0 0 0 0 0 0 0
0 2 0 0 2 -2 -2 0 2 2 -2 2 0 0 0 0 0 0 0
0 -2 0 0 -2 -2 -2 0 2 2 -2 2 0 0 0 0 0 0 0
0 -2 0 0 2 2 2 0 -2 2 -2 2 0 0 0 0 0 0 0
0 2 0 0 -2 2 2 0 -2 2 -2 2 0 0 0 0 0 0 0
0 2 0 0 2 -2 2 0 -2 2 -2 2 0 0 0 0 0 0 0
0 -2 0 0 -2 -2 2 0 -2 2 -2 2 0 0 0 0 0 0 0
0 2 0 0 2 2 -2 0 -2 2 -2 2 0 0 0 0 0 0 0
0 -2 0 0 -2 2 -2 0 -2 2 -2 2 0 0 0 0 0 0 0
0 -2 0 0 2 -2 -2 0 -2 2 -2 2 0 0 0 0 0 0 0
0 2 0 0 -2 -2 -2 0 -2 2 -2 2 0 0 0 0 0 0 0
0 -2 0 0 2 2 2 0 2 -2 -2 2 0 0 0 0 0 0 0
0 2 0 0 -2 2 2 0 2 -2 -2 2 0 0 0 0 0 0 0
0 2 0 0 2 -2 2 0 2 -2 -2 2 0 0 0 0 0 0 0
0 -2 0 0 -2 -2 2 0 2 -2 -2 2 0 0 0 0 0 0 0
0 2 0 0 2 2 -2 0 2 -2 -2 2 0 0 0 0 0 0 0
0 -2 0 0 -2 2 -2 0 2 -2 -2 2 0 0 0 0 0 0 0
0 -2 0 0 2 -2 -2 0 2 -2 -2 2 0 0 0 0 0 0 0
0 2 0 0 -2 -2 -2 0 2 -2 -2 2 0 0 0 0 0 0 0
0 2 0 0 2 2 2 0 -2 -2 -2 2 0 0 0 0 0 0 0
0 -2 0 0 -2 2 2 0 -2 -2 -2 2 0 0 0 0 0 0 0
0 -2 0 0 2 -2 2 0 -2 -2 -2 2 0 0 0 0 0 0 0
0 2 0 0 -2 -2 2 0 -2 -2 -2 2 0 0 0 0 0 0 0
0 -2 0 0 2 2 -2 0 -2 -2 -2 2 0 0 0 0 0 0 0
0 2 0 0 -2 2 -2 0 -2 -2 -2 2 0 0 0 0 0 0 0
0 2 0 0 2 -2 -2 0 -2 -2 -2 2 0 0 0 0 0 0 0
0 -2 0 0 -2 -2 -2 0 -2 -2 -2 2 0 0 0 0 0 0 0
0 2 0 0 2 2 2 0 2 2 2 -2 0 0 0 0 0 0 0
0 -2 0 0 -2 2 2 0 2 2 2 -2 0 0 0 0 0 0 0
0 -2 0 0 2 -2 2 0 2 2 2 -2 0 0 0 0 0 0 0
0 2 0 0 -2 -2 2 0 2 2 2 -2 0 0 0 0 0 0 0
0 -2 0 0 2 2 -2 0 2 2 2 -2 0 0 0 0 0 0 0
0 2 0 0 -2 2 -2 0 2 2 2 -2 0 0 0 0 0 0 0
0 2 0 0 2 -2 -2 0 2 2 2 -2 0 0 0 0 0 0 0
0 -2 0 0 -2 -2 -2 0 2 2 2 -2 0 0 0 0 0 0 0
0 -2 0 0 2 2 2 0 -2 2 2 -2 0 0 0 0 0 0 0
0 2 0 0 -2 2 2 0 -2 2 2 -2 0 0 0 0 0 0 0
0 2 0 0 2 -2 2 0 -2 2 2 -2 0 0 0 0 0 0 0
0 -2 0 0 -2 -2 2 0 -2 2 2 -2 0 0 0 0 0 0 0
0 2 0 0 2 2 -2 0 -2 2 2 -2 0 0 0 0 0 0 0
0 -2 0 0 -2 2 -2 0 -2 2 2 -2 0 0 0 0 0 0 0
0 -2 0 0 2 -2 -2 0 -2 2 2 -2 0 0 0 0 0 0 0
0 2 0 0 -2 -2 -2 0 -2 2 2 -2 0 0 0 0 0 0 0
0 -2 0 0 2 2 2 0 2 -2 2 -2 0 0 0 0 0 0 0
0 2 0 0 -2 2 2 0 2 -2 2 -2 0 0 0 0 0 0 0
0 2 0 0 2 -2 2 0 2 -2 2 -2 0 0 0 0 0 0 0
0 -2 0 0 -2 -2 2 0 2 -2 2 -2 0 0 0 0 0 0 0
0 2 0 0 2 2 -2 0 2 -2 2 -2 0 0 0 0 0 0 0
0 -2 0 0 -2 2 -2 0 2 -2 2 -2 0 0 0 0 0 0 0
0 -2 0 0 2 -2 -2 0 2 -2 2 -2 0 0 0 0 0 0 0
0 2 0 0 -2 -2 -2 0 2 -2 2 -2 0 0 0 0 0 0 0
0 2 0 0 2 2 2 0 -2 -2 2 -2 0 0 0 0 0 0 0
0 -2 0 0 -2 2 2 0 -2 -2 2 -2 0 0 0 0 0 0 0
0 -2 0 0 2 -2 2 0 -2 -2 2 -2 0 0 0 0 0 0 0
0 2 0 0 -2 -2 2 0 -2 -2 2 -2 0 0 0 0 0 0 0
0 -2 0 0 2 2 -2 0 -2 -2 2 -2 0 0 0 0 0 0 0
0 2 0 0 -2 2 -2 0 -2 -2 2 -2 0 0 0 0 0 0 0
0 2 0 0 2 -2 -2 0 -2 -2 2 -2 0 0 0 0 0 0 0
0 -2 0 0 -2 -2 -2 0 -2 -2 2 -2 0 0 0 0 0 0 0
0 -2 0 0 2 2 2 0 2 2 -2 -2 0 0 0 0 0 0 0
0 2 0 0 -2 2 2 0 2 2 -2 -2 0 0 0 0 0 0 0
0 2 0 0 2 -2 2 0 2 2 -2 -2 0 0 0 0 0 0 0
0 -2 0 0 -2 -2 2 0 2 2 -2 -2 0 0 0 0 0 0 0
0 2 0 0 2 2 -2 0 2 2 -2 -2 0 0 0 0 0 0 0
0 -2 0 0 -2 2 -2 0 2 2 -2 -2 0 0 0 0 0 0 0
0 -2 0 0 2 -2 -2 0 2 2 -2 -2 0 0 0 0 0 0 0
0 2 0 0 -2 -2 -2 0 2 2 -2 -2 0 0 0 0 0 0 0
0 2 0 0 2 2 2 0 -2 2 -2 -2 0 0 0 0 0 0 0
0 -2 0 0 -2 2 2 0 -2 2 -2 -2 0 0 0 0 0 0 0
0 -2 0 0 2 -2 2 0 -2 2 -2 -2 0 0 0 0 0 0 0
0 2 0 0 -2 -2 2 0 -2 2 -2 -2 0 0 0 0 0 0 0
0 -2 0 0 2 2 -2 0 -2 2 -2 -2 0 0 0 0 0 0 0
0 2 0 0 -2 2 -2 0 -2 2 -2 -2 0 0 0 0 0 0 0
0 2 0 0 2 -2 -2 0 -2 2 -2 -2 0 0 0 0 0 0 0
0 -2 0 0 -2 -2 -2 0 -2 2 -2 -2 0 0 0 0 0 0 0
0 2 0 0 2 2 2 0 2 -2 -2 -2 0 0 0 0 0 0 0
0 -2 0 0 -2 2 2 0 2 -2 -2 -2 0 0 0 0 0 0 0
0 -2 0 0 2 -2 2 0 2 -2 -2 -2 0 0 0 0 0 0 0
0 2 0 0 -2 -2 2 0 2 -2 -2 -2 0 0 0 0 0 0 0
0 -2 0 0 2 2 -2 0 2 -2 -2 -2 0 0 0 0 0 0 0
0 2 0 0 -2 2 -2 0 2 -2 -2 -2 0 0 0 0 0 0 0
0 2 0 0 2 -2 -2 0 2 -2 -2 -2 0 0 0 0 0 0 0
0 -2 0 0 -2 -2 -2 0 2 -2 -2 -2 0 0 0 0 0 0 0
0 -2 0 0 2 2 2 0 -2 -2 -2 -2 0 0 0 0 0 0 0
0 2 0 0 -2 2 2 0 -2 -2 -2 -2 0 0 0 0 0 0 0
0 2 0 0 2 -2 2 0 -2 -2 -2 -2 0 0 0 0 0 0 0
0 -2 0 0 -2 -2 2 0 -2 -2 -2 -2 0 0 0 0 0 0 0
0 2 0 0 2 2 -2 0 -2 -2 -2 -2 0 0 0 0 0 0 0
0 -2 0 0 -2 2 -2 0 -2 -2 -2 -2 0 0 0 0 0 0 0
0 -2 0 0 2 -2 -2 0 -2 -2 -2 -2 0 0 0 0 0 0 0
0 2 0 0 -2 -2 -2 0 -2 -2 -2 -2 0 0 0 0 0 0 0
2 0 2 0 0 2 2 2 0 0 0 0 2 0 0 0 -2 -2 0
-2 0 -2 0 0 2 2 2 0 0 0 0 2 0 0 0 -2 -2 0
2 0 2 0 0 2 2 2 0 0 0 0 2 0 0 0 2 2 0
-2 0 -2 0 0 2 2 2 0 0 0 0 2 0 0 0 2 2 0
-2 0 2 0 0 -2 2 2 0 0 0 0 2 0 0 0 -2 -2 0
2 0 -2 0 0 -2 2 2 0 0 0 0 2 0 0 0 -2 -2 0
-2 0 2 0 0 -2 2 2 0 0 0 0 2 0 0 0 2 2 0
2 0 -2 0 0 -2 2 2 0 0 0 0 2 0 0 0 2 2 0
-2 0 2 0 0 2 -2 2 0 0 0 0 2 0 0 0 -2 -2 0
2 0 -2 0 0 2 -2 2 0 0 0 0 2 0 0 0 -2 -2 0
-2 0 2 0 0 2 -2 2 0 0 0 0 2 0 0 0 2 2 0
2 0 -2 0 0 2 -2 2 0 0 0 0 2 0 0 0 2 2 0
2 0 2 0 0 -2 -2 2 0 0 0 0 2 0 0 0 -2 -2 0
-2 0 -2 0 0 -2 -2 2 0 0 0 0 2 0 0 0 -2 -2 0
2 0 2 0 0 -2 -2 2 0 0 0 0 2 0 0 0 2 2 0
-2 0 -2 0 0 -2 -2 2 0 0 0 0 2 0 0 0 2 2 0
-2 0 2 0 0 2 2 -2 0 0 0 0 2 0 0 0 -2 -2 0
2 0 -2 0 0 2 2 -2 0 0 0 0 2 0 0 0 -2 -2 0
-2 0 2 0 0 2 2 -2 0 0 0 0 2 0 0 0 2 2 0
2 0 -2 0 0 2 2 -2 0 0 0 0 2 0 0 0 2 2 0
2 0 2 0 0 -2 2 -2 0 0 0 0 2 0 0 0 -2 -2 0
-2 0 -2 0 0 -2 2 -2 0 0 0 0 2 0 0 0 -2 -2 0
2 0 2 0 0 -2 2 -2 0 0 0 0 2 0 0 0 2 2 0
-2 0 -2 0 0 -2 2 -2 0 0 0 0 2 0 0 0 2 2 0
2 0 2 0 0 2 -2 -2 0 0 0 0 2 0 0 0 -2 -2 0
-2 0 -2 0 0 2 -2 -2 0 0 0 0 2 0 0 0 -2 -2 0
2 0 2 0 0 2 -2 -2 0 0 0 0 2 0 0 0 2 2 0
-2 0 -2 0 0 2 -2 -2 0 0 0 0 2 0 0 0 2 2 0
-2 0 2 0 0 -2 -2 -2 0 0 0 0 2 0 0 0 -2 -2 0
2 0 -2 0 0 -2 -2 -2 0 0 0 0 2 0 0 0 -2 -2 0
-2 0 2 0 0 -2 -2 -2 0 0 0 0 2 0 0 0 2 2 0
2 0 -2 0 0 -2 -2 -2 0 0 0 0 2 0 0 0 2 2 0
-2 0 2 0 0 2 2 2 0 0 0 0 -2 0 0 0 -2 -2 0
2 0 -2 0 0 2 2 2 0 0 0 0 -2 0 0 0 -2 -2 0
-2 0 2 0 0 2 2 2 0 0 0 0 -2 0 0 0 2 2 0
2 0 -2 0 0 2 2 2 0 0 0 0 -2 0 0 0 2 2 0
2 0 2 0 0 -2 2 2 0 0 0 0 -2 0 0 0 -2 -2 0
-2 0 -2 0 0 -2 2 2 0 0 0 0 -2 0 0 0 -2 -2 0
2 0 2 0 0 -2 2 2 0 0 0 0 -2 0 0 0 2 2 0
-2 0 -2 0 0 -2 2 2 0 0 0 0 -2 0 0 0 2 2 0
2 0 2 0 0 2 -2 2 0 0 0 0 -2 0 0 0 -2 -2 0
-2 0 -2 0 0 2 -2 2 0 0 0 0 -2 0 0 0 -2 -2 0
2 0 2 0 0 2 -2 2 0 0 0 0 -2 0 0 0 2 2 0
-2 0 -2 0 0 2 -2 2 0 0 0 0 -2 0 0 0 2 2 0
-2 0 2 0 0 -2 -2 2 0 0 0 0 -2 0 0 0 -2 -2 0
2 0 -2 0 0 -2 -2 2 0 0 0 0 -2 0 0 0 -2 -2 0
-2 0 2 0 0 -2 -2 2 0 0 0 0 -2 0 0 0 2 2 0
2 0 -2 0 0 -2 -2 2 0 0 0 0 -2 0 0 0 2 2 0
2 0 2 0 0 2 2 -2 0 0 0 0 -2 0 0 0 -2 -2 0
-2 0 -2 0 0 2 2 -2 0 0 0 0 -2 0 0 0 -2 -2 0
2 0 2 0 0 2 2 -2 0 0 0 0 -2 0 0 0 2 2 0
-2 0 -2 0 0 2 2 -2 0 0 0 0 -2 0 0 0 2 2 0
-2 0 2 0 0 -2 2 -2 0 0 0 0 -2 0 0 0 -2 -2 0
2 0 -2 0 0 -2 2 -2 0 0 0 0 -2 0 0 0 -2 -2 0
-2 0 2 0 0 -2 2 -2 0 0 0 0 -2 0 0 0 2 2 0
2 0 -2 0 0 -2 2 -2 0 0 0 0 -2 0 0 0 2 2 0
-2 0 2 0 0 2 -2 -2 0 0 0 0 -2 0 0 0 -2 -2 0
2 0 -2 0 0 2 -2 -2 0 0 0 0 -2 0 0 0 -2 -2 0
-2 0 2 0 0 2 -2 -2 0 0 0 0 -2 0 0 0 2 2 0
2 0 -2 0 0 2 -2 -2 0 0 0 0 -2 0 0 0 2 2 0
2 0 2 0 0 -2 -2 -2 0 0 0 0 -2 0 0 0 -2 -2 0
-2 0 -2 0 0 -2 -2 -2 0 0 0 0 -2 0 0 0 -2 -2 0
2 0 2 0 0 -2 -2 -2 0 0 0 0 -2 0 0 0 2 2 0
-2 0 -2 0 0 -2 -2 -2 0 0 0 0 -2 0 0 0 2 2 0
0 2 0 0 2 2 0 2 2 0 0 0 2 0 0 0 -2 0 2
0 -2 0 0 -2 2 0 2 2 0 0 0 2 0 0 0 -2 0 2
0 2 0 0 2 2 0 2 2 0 0 0 2 0 0 0 2 0 -2
0 -2 0 0 -2 2 0 2 2 0 0 0 2 0 0 0 2 0 -2
0 -2 0 0 2 -2 0 2 2 0 0 0 2 0 0 0 -2 0 2
0 2 0 0 -2 -2 0 2 2 0 0 0 2 0 0 0 -2 0 2
0 -2 0 0 2 -2 0 2 2 0 0 0 2 0 0 0 2 0 -2
0 2 0 0 -2 -2 0 2 2 0 0 0 2 0 0 0 2 0 -2
0 -2 0 0 2 2 0 -2 2 0 0 0 2 0 0 0 -2 0 2
0 2 0 0 -2 2 0 -2 2 0 0 0 2 0 0 0 -2 0 2
0 -2 0 0 2 2 0 -2 2 0 0 0 2 0 0 0 2 0 -2
0 2 0 0 -2 2 0 -2 2 0 0 0 2 0 0 0 2 0 -2
0 2 0 0 2 -2 0 -2 2 0 0 0 2 0 0 0 -2 0 2
0 -2 0 0 -2 -2 0 -2 2 0 0 0 2 0 0 0 -2 0 2
0 2 0 0 2 -2 0 -2 2 0 0 0 2 0 0 0 2 0 -2
0 -2 0 0 -2 -2 0 -2 2 0 0 0 2 0 0 0 2 0 -2
0 -2 0 0 2 2 0 2 -2 0 0 0 2 0 0 0 -2 0 2
0 2 0 0 -2 2 0 2 -2 0 0 0 2 0 0 0 -2 0 2
0 -2 0 0 2 2 0 2 -2 0 0 0 2 0 0 0 2 0 -2
0 2 0 0 -2 2 0 2 -2 0 0 0 2 0 0 0 2 0 -2
0 2 0 0 2 -2 0 2 -2 0 0 0 2 0 0 0 -2 0 2
0 -2 0 0 -2 -2 0 2 -2 0 0 0 2 0 0 0 -2 0 2
0 2 0 0 2 -2 0 2 -2 0 0 0 2 0 0 0 2 0 -2
0 -2 0 0 -2 -2 0 2 -2 0 0 0 2 0 0 0 2 0 -2
0 2 0 0 2 2 0 -2 -2 0 0 0 2 0 0 0 -2 0 2
0 -2 0 0 -2 2 0 -2 -2 0 0 0 2 0 0 0 -2 0 2
0 2 0 0 2 2 0 -2 -2 0 0 0 2 0 0 0 2 0 -2
0 -2 0 0 -2 2 0 -2 -2 0 0 0 2 0 0 0 2 0 -2
0 -2 0 0 2 -2 0 -2 -2 0 0 0 2 0 0 0 -2 0 2
0 2 0 0 -2 -2 0 -2 -2 0 0 0 2 0 0 0 -2 0 2
0 -2 0 0 2 -2 0 -2 -2 0 0 0 2 0 0 0 2 0 -2
0 2 0 0 -2 -2 0 -2 -2 0 0 0 2 0 0 0 2 0 -2
0 -2 0 0 2 2 0 2 2 0 0 0 -2 0 0 0 -2 0 2
0 2 0 0 -2 2 0 2 2 0 0 0 -2 0 0 0 -2 0 2
0 -2 0 0 2 2 0 2 2 0 0 0 -2 0 0 0 2 0 -2
0 2 0 0 -2 2 0 2 2 0 0 0 -2 0 0 0 2 0 -2
0 2 0 0 2 -2 0 2 2 0 0 0 -2 0 0 0 -2 0 2
0 -2 0 0 -2 -2 0 2 2 0 0 0 -2 0 0 0 -2 0 2
0 2 0 0 2 -2 0 2 2 0 0 0 -2 0 0 0 2 0 -2
0 -2 0 0 -2 -2 0 2 2 0 0 0 -2 0 0 0 2 0 -2
0 2 0 0 2 2 0 -2 2 0 0 0 -2 0 0 0 -2 0 2
0 -2 0 0 -2 2 0 -2 2 0 0 0 -2 0 0 0 -2 0 2
0 2 0 0 2 2 0 -2 2 0 0 0 -2 0 0 0 2 0 -2
0 -2 0 0 -2 2 0 -2 2 0 0 0 -2 0 0 0 2 0 -2
0 -2 0 0 2 -2 0 -2 2 0 0 0 -2 0 0 0 -2 0 2
0 2 0 0 -2 -2 0 -2 2 0 0 0 -2 0 0 0 -2 0 2
0 -2 0 0 2 -2 0 -2 2 0 0 0 -2 0 0 0 2 0 -2
0 2 0 0 -2 -2 0 -2 2 0 0 0 -2 0 0 0 2 0 -2
0 2 0 0 2 2 0 2 -2 0 0 0 -2 0 0 0 -2 0 2
0 -2 0 0 -2 2 0 2 -2 0 0 0 -2 0 0 0 -2 0 2
0 2 0 0 2 2 0 2 -2 0 0 0 -2 0 0 0 2 0 -2
0 -2 0 0 -2 2 0 2 -2 0 0 0 -2 0 0 0 2 0 -2
0 -2 0 0 2 -2 0 2 -2 0 0 0 -2 0 0 0 -2 0 2
0 2 0 0 -2 -2 0 2 -2 0 0 0 -2 0 0 0 -2 0 2
0 -2 0 0 2 -2 0 2 -2 0 0 0 -2 0 0 0 2 0 -2
0 2 0 0 -2 -2 0 2 -2 0 0 0 -2 0 0 0 2 0 -2
0 -2 0 0 2 2 0 -2 -2 0 0 0 -2 0 0 0 -2 0 2
0 2 0 0 -2 2 0 -2 -2 0 0 0 -2 0 0 0 -2 0 2
0 -2 0 0 2 2 0 -2 -2 0 0 0 -2 0 0 0 2 0 -2
0 2 0 0 -2 2 0 -2 -2 0 0 0 -2 0 0 0 2 0 -2
0 2 0 0 2 -2 0 -2 -2 0 0 0 -2 0 0 0 -2 0 2
0 -2 0 0 -2 -2 0 -2 -2 0 0 0 -2 0 0 0 -2 0 2
0 2 0 0 2 -2 0 -2 -2 0 0 0 -2 0 0 0 2 0 -2
0 -2 0 0 -2 -2 0 -2 -2 0 0 0 -2 0 0 0 2 0 -2
0 2 0 2 0 2 2 0 0 2 0 0 2 0 0 0 0 -2 -2
0 2 0 2 0 2 2 0 0 2 0 0 2 0 0 0 0 2 2
0 -2 0 -2 0 2 2 0 0 2 0 0 2 0 0 0 0 -2 -2
0 -2 0 -2 0 2 2 0 0 2 0 0 2 0 0 0 0 2 2
0 -2 0 2 0 -2 2 0 0 2 0 0 2 0 0 0 0 -2 -2
0 -2 0 2 0 -2 2 0 0 2 0 0 2 0 0 0 0 2 2
0 2 0 -2 0 -2 2 0 0 2 0 0 2 0 0 0 0 -2 -2
0 2 0 -2 0 -2 2 0 0 2 0 0 2 0 0 0 0 2 2
0 -2 0 2 0 2 -2 0 0 2 0 0 2 0 0 0 0 -2 -2
0 -2 0 2 0 2 -2 0 0 2 0 0 2 0 0 0 0 2 2
0 2 0 -2 0 2 -2 0 0 2 0 0 2 0 0 0 0 -2 -2
0 2 0 -2 0 2 -2 0 0 2 0 0 2 0 0 0 0 2 2
0 2 0 2 0 -2 -2 0 0 2 0 0 2 0 0 0 0 -2 -2
0 2 0 2 0 -2 -2 0 0 2 0 0 2 0 0 0 0 2 2
0 -2 0 -2 0 -2 -2 0 0 2 0 0 2 0 0 0 0 -2 -2
0 -2 0 -2 0 -2 -2 0 0 2 0 0 2 0 0 0 0 2 2
0 -2 0 2 0 2 2 0 0 -2 0 0 2 0 0 0 0 -2 -2
0 -2 0 2 0 2 2 0 0 -2 0 0 2 0 0 0 0 2 2
0 2 0 -2 0 2 2 0 0 -2 0 0 2 0 0 0 0 -2 -2
0 2 0 -2 0 2 2 0 0 -2 0 0 2 0 0 0 0 2 2
0 2 0 2 0 -2 2 0 0 -2 0 0 2 0 0 0 0 -2 -2
0 2 0 2 0 -2 2 0 0 -2 0 0 2 0 0 0 0 2 2
0 -2 0 -2 0 -2 2 0 0 -2 0 0 2 0 0 0 0 -2 -2
0 -2 0 -2 0 -2 2 0 0 -2 0 0 2 0 0 0 0 2 2
0 2 0 2 0 2 -2 0 0 -2 0 0 2 0 0 0 0 -2 -2
0 2 0 2 0 2 -2 0 0 -2 0 0 2 0 0 0 0 2 2
0 -2 0 -2 0 2 -2 0 0 -2 0 0 2 0 0 0 0 -2 -2
0 -2 0 -2 0 2 -2 0 0 -2 0 0 2 0 0 0 0 2 2
0 -2 0 2 0 -2 -2 0 0 -2 0 0 2 0 0 0 0 -2 -2
0 -2 0 2 0 -2 -2 0 0 -2 0 0 2 0 0 0 0 2 2
0 2 0 -2 0 -2 -2 0 0 -2 0 0 2 0 0 0 0 -2 -2
0 2 0 -2 0 -2 -2 0 0 -2 0 0 2 0 0 0 0 2 2
0 -2 0 2 0 2 2 0 0 2 0 0 -2 0 0 0 0 -2 -2
0 -2 0 2 0 2 2 0 0 2 0 0 -2 0 0 0 0 2 2
0 2 0 -2 0 2 2 0 0 2 0 0 -2 0 0 0 0 -2 -2
0 2 0 -2 0 2 2 0 0 2 0 0 -2 0 0 0 0 2 2
0 2 0 2 0 -2 2 0 0 2 0 0 -2 0 0 0 0 -2 -2
0 2 0 2 0 -2 2 0 0 2 0 0 -2 0 0 0 0 2 2
0 -2 0 -2 0 -2 2 0 0 2 0 0 -2 0 0 0 0 -2 -2
0 -2 0 -2 0 -2 2 0 0 2 0 0 -2 0 0 0 0 2 2
0 2 0 2 0 2 -2 0 0 2 0 0 -2 0 0 0 0 -2 -2
0 2 0 2 0 2 -2 0 0 2 0 0 -2 0 0 0 0 2 2
0 -2 0 -2 0 2 -2 0 0 2 0 0 -2 0 0 0 0 -2 -2
0 -2 0 -2 0 2 -2 0 0 2 0 0 -2 0 0 0 0 2 2
0 -2 0 2 0 -2 -2 0 0 2 0 0 -2 0 0 0 0 -2 -2
0 -2 0 2 0 -2 -2 0 0 2 0 0 -2 0 0 0 0 2 2
0 2 0 -2 0 -2 -2 0 0 2 0 0 -2 0 0 0 0 -2 -2
0 2 0 -2 0 -2 -2 0 0 2 0 0 -2 0 0 0 0 2 2
0 2 0 2 0 2 2 0 0 -2 0 0 -2 0 0 0 0 -2 -2
0 2 0 2 0 2 2 0 0 -2 0 0 -2 0 0 0 0 2 2
0 -2 0 -2 0 2 2 0 0 -2 0 0 -2 0 0 0 0 -2 -2
0 -2 0 -2 0 2 2 0 0 -2 0 0 -2 0 0 0 0 2 2
0 -2 0 2 0 -2 2 0 0 -2 0 0 -2 0 0 0 0 -2 -2
0 -2 0 2 0 -2 2 0 0 -2 0 0 -2 0 0 0 0 2 2
0 2 0 -2 0 -2 2 0 0 -2 0 0 -2 0 0 0 0 -2 -2
0 2 0 -2 0 -2 2 0 0 -2 0 0 -2 0 0 0 0 2 2
0 -2 0 2 0 2 -2 0 0 -2 0 0 -2 0 0 0 0 -2 -2
0 -2 0 2 0 2 -2 0 0 -2 0 0 -2 0 0 0 0 2 2
0 2 0 -2 0 2 -2 0 0 -2 0 0 -2 0 0 0 0 -2 -2
0 2 0 -2 0 2 -2 0 0 -2 0 0 -2 0 0 0 0 2 2
0 2 0 2 0 -2 -2 0 0 -2 0 0 -2 0 0 0 0 -2 -2
0 2 0 2 0 -2 -2 0 0 -2 0 0 -2 0 0 0 0 2 2
0 -2 0 -2 0 -2 -2 0 0 -2 0 0 -2 0 0 0 0 -2 -2
0 -2 0 -2 0 -2 -2 0 0 -2 0 0 -2 0 0 0 0 2 2
-2 0 2 2 2 2 0 0 2 2 0 0 2 0 0 0 0 0 0
2 0 -2 2 2 2 0 0 2 2 0 0 2 0 0 0 0 0 0
2 0 2 -2 2 2 0 0 2 2 0 0 2 0 0 0 0 0 0
-2 0 -2 -2 2 2 0 0 2 2 0 0 2 0 0 0 0 0 0
2 0 2 2 -2 2 0 0 2 2 0 0 2 0 0 0 0 0 0
-2 0 -2 2 -2 2 0 0 2 2 0 0 2 0 0 0 0 0 0
-2 0 2 -2 -2 2 0 0 2 2 0 0 2 0 0 0 0 0 0
2 0 -2 -2 -2 2 0 0 2 2 0 0 2 0 0 0 0 0 0
2 0 2 2 2 -2 0 0 2 2 0 0 2 0 0 0 0 0 0
-2 0 -2 2 2 -2 0 0 2 2 0 0 2 0 0 0 0 0 0
-2 0 2 -2 2 -2 0 0 2 2 0 0 2 0 0 0 0 0 0
2 0 -2 -2 2 -2 0 0 2 2 0 0 2 0 0 0 0 0 0
-2 0 2 2 -2 -2 0 0 2 2 0 0 2 0 0 0 0 0 0
2 0 -2 2 -2 -2 0 0 2 2 0 0 2 0 0 0 0 0 0
2 0 2 -2 -2 -2 0 0 2 2 0 0 2 0 0 0 0 0 0
-2 0 -2 -2 -2 -2 0 0 2 2 0 0 2 0 0 0 0 0 0
2 0 2 2 2 2 0 0 -2 2 0 0 2 0 0 0 0 0 0
-2 0 -2 2 2 2 0 0 -2 2 0 0 2 0 0 0 0 0 0
-2 0 2 -2 2 2 0 0 -2 2 0 0 2 0 0 0 0 0 0
2 0 -2 -2 2 2 0 0 -2 2 0 0 2 0 0 0 0 0 0
-2 0 2 2 -2 2 0 0 -2 2 0 0 2 0 0 0 0 0 0
2 0 -2 2 -2 2 0 0 -2 2 0 0 2 0 0 0 0 0 0
2 0 2 -2 -2 2 0 0 -2 2 0 0 2 0 0 0 0 0 0
-2 0 -2 -2 -2 2 0 0 -2 2 0 0 2 0 0 0 0 0 0
-2 0 2 2 2 -2 0 0 -2 2 0 0 2 0 0 0 0 0 0
2 0 -2 2 2 -2 0 0 -2 2 0 0 2 0 0 0 0 0 0
2 0 2 -2 2 -2 0 0 -2 2 0 0 2 0 0 0 0 0 0
-2 0 -2 -2 2 -2 0 0 -2 2 0 0 2 0 0 0 0 0 0
2 0 2 2 -2 -2 0 0 -2 2 0 0 2 0 0 0 0 0 0
-2 0 -2 2 -2 -2 0 0 -2 2 0 0 2 0 0 0 0 0 0
-2 0 2 -2 -2 -2 0 0 -2 2 0 0 2 0 0 0 0 0 0
2 0 -2 -2 -2 -2 0 0 -2 2 0 0 2 0 0 0 0 0 0
2 0 2 2 2 2 0 0 2 -2 0 0 2 0 0 0 0 0 0
-2 0 -2 2 2 2 0 0 2 -2 0 0 2 0 0 0 0 0 0
-2 0 2 -2 2 2 0 0 2 -2 0 0 2 0 0 0 0 0 0
2 0 -2 -2 2 2 0 0 2 -2 0 0 2 0 0 0 0 0 0
-2 0 2 2 -2 2 0 0 2 -2 0 0 2 0 0 0 0 0 0
2 0 -2 2 -2 2 0 0 2 -2 0 0 2 0 0 0 0 0 0
2 0 2 -2 -2 2 0 0 2 -2 0 0 2 0 0 0 0 0 0
-2 0 -2 -2 -2 2 0 0 2 -2 0 0 2 0 0 0 0 0 0
-2 0 2 2 2 -2 0 0 2 -2 0 0 2 0 0 0 0 0 0
2 0 -2 2 2 -2 0 0 2 -2 0 0 2 0 0 0 0 0 0
2 0 2 -2 2 -2 0 0 2 -2 0 0 2 0 0 0 0 0 0
-2 0 -2 -2 2 -2 0 0 2 -2 0 0 2 0 0 0 0 0 0
2 0 2 2 -2 -2 0 0 2 -2 0 0 2 0 0 0 0 0 0
-2 0 -2 2 -2 -2 0 0 2 -2 0 0 2 0 0 0 0 0 0
-2 0 2 -2 -2 -2 0 0 2 -2 0 0 2 0 0 0 0 0 0
2 0 -2 -2 -2 -2 0 0 2 -2 0 0 2 0 0 0 0 0 0
-2 0 2 2 2 2 0 0 -2 -2 0 0 2 0 0 0 0 0 0
2 0 -2 2 2 2 0 0 -2 -2 0 0 2 0 0 0 0 0 0
2 0 2 -2 2 2 0 0 -2 -2 0 0 2 0 0 0 0 0 0
-2 0 -2 -2 2 2 0 0 -2 -2 0 0 2 0 0 0 0 0 0
2 0 2 2 -2 2 0 0 -2 -2 0 0 2 0 0 0 0 0 0
-2 0 -2 2 -2 2 0 0 -2 -2 0 0 2 0 0 0 0 0 0
-2 0 2 -2 -2 2 0 0 -2 -2 0 0 2 0 0 0 0 0 0
2 0 -2 -2 -2 2 0 0 -2 -2 0 0 2 0 0 0 0 0 0
2 0 2 2 2 -2 0 0 -2 -2 0 0 2 0 0 0 0 0 0
-2 0 -2 2 2 -2 0 0 -2 -2 0 0 2 0 0 0 0 0 0
-2 0 2 -2 2 -2 0 0 -2 -2 0 0 2 0 0 0 0 0 0
2 0 -2 -2 2 -2 0 0 -2 -2 0 0 2 0 0 0 0 0 0
-2 0 2 2 -2 -2 0 0 -2 -2 0 0 2 0 0 0 0 0 0
2 0 -2 2 -2 -2 0 0 -2 -2 0 0 2 0 0 0 0 0 0
2 0 2 -2 -2 -2 0 0 -2 -2 0 0 2 0 0 0 0 0 0
-2 0 -2 -2 -2 -2 0 0 -2 -2 0 0 2 0 0 0 0 0 0
2 0 2 2 2 2 0 0 2 2 0 0 -2 0 0 0 0 0 0
-2 0 -2 2 2 2 0 0 2 2 0 0 -2 0 0 0 0 0 0
-2 0 2 -2 2 2 0 0 2 2 0 0 -2 0 0 0 0 0 0
2 0 -2 -2 2 2 0 0 2 2 0 0 -2 0 0 0 0 0 0
-2 0 2 2 -2 2 0 0 2 2 0 0 -2 0 0 0 0 0 0
2 0 -2 2 -2 2 0 0 2 2 0 0 -2 0 0 0 0 0 0
2 0 2 -2 -2 2 0 0 2 2 0 0 -2 0 0 0 0 0 0
-2 0 -2 -2 -2 2 0 0 2 2 0 0 -2 0 0 0 0 0 0
-2 0 2 2 2 -2 0 0 2 2 0 0 -2 0 0 0 0 0 0
2 0 -2 2 2 -2 0 0 2 2 0 0 -2 0 0 0 0 0 0
2 0 2 -2 2 -2 0 0 2 2 0 0 -2 0 0 0 0 0 0
-2 0 -2 -2 2 -2 0 0 2 2 0 0 -2 0 0 0 0 0 0
2 0 2 2 -2 -2 0 0 2 2 0 0 -2 0 0 0 0 0 0
-2 0 -2 2 -2 -2 0 0 2 2 0 0 -2 0 0 0 0 0 0
-2 0 2 -2 -2 -2 0 0 2 2 0 0 -2 0 0 0 0 0 0
2 0 -2 -2 -2 -2 0 0 2 2 0 0 -2 0 0 0 0 0 0
-2 0 2 2 2 2 0 0 -2 2 0 0 -2 0 0 0 0 0 0
2 0 -2 2 2 2 0 0 -2 2 0 0 -2 0 0 0 0 0 0
2 0 2 -2 2 2 0 0 -2 2 0 0 -2 0 0 0 0 0 0
-2 0 -2 -2 2 2 0 0 -2 2 0 0 -2 0 0 0 0 0 0
2 0 2 2 -2 2 0 0 -2 2 0 0 -2 0 0 0 0 0 0
-2 0 -2 2 -2 2 0 0 -2 2 0 0 -2 0 0 0 0 0 0
-2 0 2 -2 -2 2 0 0 -2 2 0 0 -2 0 0 0 0 0 0
2 0 -2 -2 -2 2 0 0 -2 2 0 0 -2 0 0 0 0 0 0
2 0 2 2 2 -2 0 0 -2 2 0 0 -2 0 0 0 0 0 0
-2 0 -2 2 2 -2 0 0 -2 2 0 0 -2 0 0 0 0 0 0
-2 0 2 -2 2 -2 0 0 -2 2 0 0 -2 0 0 0 0 0 0
2 0 -2 -2 2 -2 0 0 -2 2 0 0 -2 0 0 0 0 0 0
-2 0 2 2 -2 -2 0 0 -2 2 0 0 -2 0 0 0 0 0 0
2 0 -2 2 -2 -2 0 0 -2 2 0 0 -2 0 0 0 0 0 0
2 0 2 -2 -2 -2 0 0 -2 2 0 0 -2 0 0 0 0 0 0
-2 0 -2 -2 -2 -2 0 0 -2 2 0 0 -2 0 0 0 0 0 0
-2 0 2 2 2 2 0 0 2 -2 0 0 -2 0 0 0 0 0 0
2 0 -2 2 2 2 0 0 2 -2 0 0 -2 0 0 0 0 0 0
2 0 2 -2 2 2 0 0 2 -2 0 0 -2 0 0 0 0 0 0
-2 0 -2 -2 2 2 0 0 2 -2 0 0 -2 0 0 0 0 0 0
2 0 2 2 -2 2 0 0 2 -2 0 0 -2 0 0 0 0 0 0
-2 0 -2 2 -2 2 0 0 2 -2 0 0 -2 0 0 0 0 0 0
-2 0 2 -2 -2 2 0 0 2 -2 0 0 -2 0 0 0 0 0 0
2 0 -2 -2 -2 2 0 0 2 -2 0 0 -2 0 0 0 0 0 0
2 0 2 2 2 -2 0 0 2 -2 0 0 -2 0 0 0 0 0 0
-2 0 -2 2 2 -2 0 0 2 -2 0 0 -2 0 0 0 0 0 0
-2 0 2 -2 2 -2 0 0 2 -2 0 0 -2 0 0 0 0 0 0
2 0 -2 -2 2 -2 0 0 2 -2 0 0 -2 0 0 0 0 0 0
-2 0 2 2 -2 -2 0 0 2 -2 0 0 -2 0 0 0 0 0 0
2 0 -2 2 -2 -2 0 0 2 -2 0 0 -2 0 0 0 0 0 0
2 0 2 -2 -2 -2 0 0 2 -2 0 0 -2 0 0 0 0 0 0
-2 0 -2 -2 -2 -2 0 0 2 -2 0 0 -2 0 0 0 0 0 0
2 0 2 2 2 2 0 0 -2 -2 0 0 -2 0 0 0 0 0 0
-2 0 -2 2 2 2 0 0 -2 -2 0 0 -2 0 0 0 0 0 0
-2 0 2 -2 2 2 0 0 -2 -2 0 0 -2 0 0 0 0 0 0
2 0 -2 -2 2 2 0 0 -2 -2 0 0 -2 0 0 0 0 0 0
-2 0 2 2 -2 2 0 0 -2 -2 0 0 -2 0 0 0 0 0 0
2 0 -2 2 -2 2 0 0 -2 -2 0 0 -2 0 0 0 0 0 0
2 0 2 -2 -2 2 0 0 -2 -2 0 0 -2 0 0 0 0 0 0
-2 0 -2 -2 -2 2 0 0 -2 -2 0 0 -2 0 0 0 0 0 0
-2 0 2 2 2 -2 0 0 -2 -2 0 0 -2 0 0 0 0 0 0
2 0 -2 2 2 -2 0 0 -2 -2 0 0 -2 0 0 0 0 0 0
2 0 2 -2 2 -2 0 0 -2 -2 0 0 -2 0 0 0 0 0 0
-2 0 -2 -2 2 -2 0 0 -2 -2 0 0 -2 0 0 0 0 0 0
2 0 2 2 -2 -2 0 0 -2 -2 0 0 -2 0 0 0 0 0 0
-2 0 -2 2 -2 -2 0 0 -2 -2 0 0 -2 0 0 0 0 0 0
-2 0 2 -2 -2 -2 0 0 -2 -2 0 0 -2 0 0 0 0 0 0
2 0 -2 -2 -2 -2 0 0 -2 -2 0 0 -2 0 0 0 0 0 0
0 0 2 2 2 0 0 2 0 0 2 0 2 0 0 0 0 -2 2
0 0 -2 -2 2 0 0 2 0 0 2 0 2 0 0 0 0 -2 2
0 0 -2 2 -2 0 0 2 0 0 2 0 2 0 0 0 0 -2 2
0 0 2 -2 -2 0 0 2 0 0 2 0 2 0 0 0 0 -2 2
0 0 2 2 2 0 0 2 0 0 2 0 2 0 0 0 0 2 -2
0 0 -2 -2 2 0 0 2 0 0 2 0 2 0 0 0 0 2 -2
0 0 -2 2 -2 0 0 2 0 0 2 0 2 0 0 0 0 2 -2
0 0 2 -2 -2 0 0 2 0 0 2 0 2 0 0 0 0 2 -2
0 0 -2 2 2 0 0 -2 0 0 2 0 2 0 0 0 0 -2 2
0 0 2 -2 2 0 0 -2 0 0 2 0 2 0 0 0 0 -2 2
0 0 2 2 -2 0 0 -2 0 0 2 0 2 0 0 0 0 -2 2
0 0 -2 -2 -2 0 0 -2 0 0 2 0 2 0 0 0 0 -2 2
0 0 -2 2 2 0 0 -2 0 0 2 0 2 0 0 0 0 2 -2
0 0 2 -2 2 0 0 -2 0 0 2 0 2 0 0 0 0 2 -2
0 0 2 2 -2 0 0 -2 0 0 2 0 2 0 0 0 0 2 -2
0 0 -2 -2 -2 0 0 -2 0 0 2 0 2 0 0 0 0 2 -2
0 0 -2 2 2 0 0 2 0 0 -2 0 2 0 0 0 0 -2 2
0 0 2 -2 2 0 0 2 0 0 -2 0 2 0 0 0 0 -2 2
0 0 2 2 -2 0 0 2 0 0 -2 0 2 0 0 0 0 -2 2
0 0 -2 -2 -2 0 0 2 0 0 -2 0 2 0 0 0 0 -2 2
0 0 -2 2 2 0 0 2 0 0 -2 0 2 0 0 0 0 2 -2
0 0 2 -2 2 0 0 2 0 0 -2 0 2 0 0 0 0 2 -2
0 0 2 2 -2 0 0 2 0 0 -2 0 2 0 0 0 0 2 -2
0 0 -2 -2 -2 0 0 2 0 0 -2 0 2 0 0 0 0 2 -2
0 0 2 2 2 0 0 -2 0 0 -2 0 2 0 0 0 0 -2 2
0 0 -2 -2 2 0 0 -2 0 0 -2 0 2 0 0 0 0 -2 2
0 0 -2 2 -2 0 0 -2 0 0 -2 0 2 0 0 0 0 -2 2
0 0 2 -2 -2 0 0 -2 0 0 -2 0 2 0 0 0 0 -2 2
0 0 2 2 2 0 0 -2 0 0 -2 0 2 0 0 0 0 2 -2
0 0 -2 -2 2 0 0 -2 0 0 -2 0 2 0 0 0 0 2 -2
0 0 -2 2 -2 0 0 -2 0 0 -2 0 2 0 0 0 0 2 -2
0 0 2 -2 -2 0 0 -2 0 0 -2 0 2 0 0 0 0 2 -2
0 0 -2 2 2 0 0 2 0 0 2 0 -2 0 0 0 0 -2 2
0 0 2 -2 2 0 0 2 0 0 2 0 -2 0 0 0 0 -2 2
0 0 2 2 -2 0 0 2 0 0 2 0 -2 0 0 0 0 -2 2
0 0 -2 -2 -2 0 0 2 0 0 2 0 -2 0 0 0 0 -2 2
0 0 -2 2 2 0 0 2 0 0 2 0 -2 0 0 0 0 2 -2
0 0 2 -2 2 0 0 2 0 0 2 0 -2 0 0 0 0 2 -2
0 0 2 2 -2 0 0 2 0 0 2 0 -2 0 0 0 0 2 -2
0 0 -2 -2 -2 0 0 2 0 0 2 0 -2 0 0 0 0 2 -2
0 0 2 2 2 0 0 -2 0 0 2 0 -2 0 0 0 0 -2 2
0 0 -2 -2 2 0 0 -2 0 0 2 0 -2 0 0 0 0 -2 2
0 0 -2 2 -2 0 0 -2 0 0 2 0 -2 0 0 0 0 -2 2
0 0 2 -2 -2 0 0 -2 0 0 2 0 -2 0 0 0 0 -2 2
0 0 2 2 2 0 0 -2 0 0 2 0 -2 0 0 0 0 2 -2
0 0 -2 -2 2 0 0 -2 0 0 2 0 -2 0 0 0 0 2 -2
0 0 -2 2 -2 0 0 -2 0 0 2 0 -2 0 0 0 0 2 -2
0 0 2 -2 -2 0 0 -2 0 0 2 0 -2 0 0 0 0 2 -2
0 0 2 2 2 0 0 2 0 0 -2 0 -2 0 0 0 0 -2 2
0 0 -2 -2 2 0 0 2 0 0 -2 0 -2 0 0 0 0 -2 2
0 0 -2 2 -2 0 0 2 0 0 -2 0 -2 0 0 0 0 -2 2
0 0 2 -2 -2 0 0 2 0 0 -2 0 -2 0 0 0 0 -2 2
0 0 2 2 2 0 0 2 0 0 -2 0 -2 0 0 0 0 2 -2
0 0 -2 -2 2 0 0 2 0 0 -2 0 -2 0 0 0 0 2 -2
0 0 -2 2 -2 0 0 2 0 0 -2 0 -2 0 0 0 0 2 -2
0 0 2 -2 -2 0 0 2 0 0 -2 0 -2 0 0 0 0 2 -2
0 0 -2 2 2 0 0 -2 0 0 -2 0 -2 0 0 0 0 -2 2
0 0 2 -2 2 0 0 -2 0 0 -2 0 -2 0 0 0 0 -2 2
0 0 2 2 -2 0 0 -2 0 0 -2 0 -2 0 0 0 0 -2 2
0 0 -2 -2 -2 0 0 -2 0 0 -2 0 -2 0 0 0 0 -2 2
0 0 -2 2 2 0 0 -2 0 0 -2 0 -2 0 0 0 0 2 -2
0 0 2 -2 2 0 0 -2 0 0 -2 0 -2 0 0 0 0 2 -2
0 0 2 2 -2 0 0 -2 0 0 -2 0 -2 0 0 0 0 2 -2
0 0 -2 -2 -2 0 0 -2 0 0 -2 0 -2 0 0 0 0 2 -2
2 2 0 0 2 0 0 0 0 2 2 0 2 0 0 0 -2 2 0
-2 -2 0 0 2 0 0 0 0 2 2 0 2 0 0 0 -2 2 0
2 2 0 0 2 0 0 0 0 2 2 0 2 0 0 0 2 -2 0
-2 -2 0 0 2 0 0 0 0 2 2 0 2 0 0 0 2 -2 0
-2 2 0 0 -2 0 0 0 0 2 2 0 2 0 0 0 -2 2 0
2 -2 0 0 -2 0 0 0 0 2 2 0 2 0 0 0 -2 2 0
-2 2 0 0 -2 0 0 0 0 2 2 0 2 0 0 0 2 -2 0
2 -2 0 0 -2 0 0 0 0 2 2 0 2 0 0 0 2 -2 0
-2 2 0 0 2 0 0 0 0 -2 2 0 2 0 0 0 -2 2 0
2 -2 0 0 2 0 0 0 0 -2 2 0 2 0 0 0 -2 2 0
-2 2 0 0 2 0 0 0 0 -2 2 0 2 0 0 0 2 -2 0
2 -2 0 0 2 0 0 0 0 -2 2 0 2 0 0 0 2 -2 0
2 2 0 0 -2 0 0 0 0 -2 2 0 2 0 0 0 -2 2 0
-2 -2 0 0 -2 0 0 0 0 -2 2 0 2 0 0 0 -2 2 0
2 2 0 0 -2 0 0 0 0 -2 2 0 2 0 0 0 2 -2 0
-2 -2 0 0 -2 0 0 0 0 -2 2 0 2 0 0 0 2 -2 0
-2 2 0 0 2 0 0 0 0 2 -2 0 2 0 0 0 -2 2 0
2 -2 0 0 2 0 0 0 0 2 -2 0 2 0 0 0 -2 2 0
-2 2 0 0 2 0 0 0 0 2 -2 0 2 0 0 0 2 -2 0
2 -2 0 0 2 0 0 0 0 2 -2 0 2 0 0 0 2 -2 0
2 2 0 0 -2 0 0 0 0 2 -2 0 2 0 0 0 -2 2 0
-2 -2 0 0 -2 0 0 0 0 2 -2 0 2 0 0 0 -2 2 0
2 2 0 0 -2 0 0 0 0 2 -2 0 2 0 0 0 2 -2 0
-2 -2 0 0 -2 0 0 0 0 2 -2 0 2 0 0 0 2 -2 0
2 2 0 0 2 0 0 0 0 -2 -2 0 2 0 0 0 -2 2 0
-2 -2 0 0 2 0 0 0 0 -2 -2 0 2 0 0 0 -2 2 0
2 2 0 0 2 0 0 0 0 -2 -2 0 2 0 0 0 2 -2 0
-2 -2 0 0 2 0 0 0 0 -2 -2 0 2 0 0 0 2 -2 0
-2 2 0 0 -2 0 0 0 0 -2 -2 0 2 0 0 0 -2 2 0
2 -2 0 0 -2 0 0 0 0 -2 -2 0 2 0 0 0 -2 2 0
-2 2 0 0 -2 0 0 0 0 -2 -2 0 2 0 0 0 2 -2 0
2 -2 0 0 -2 0 0 0 0 -2 -2 0 2 0 0 0 2 -2 0
-2 2 0 0 2 0 0 0 0 2 2 0 -2 0 0 0 -2 2 0
2 -2 0 0 2 0 0 0 0 2 2 0 -2 0 0 0 -2 2 0
-2 2 0 0 2 0 0 0 0 2 2 0 -2 0 0 0 2 -2 0
2 -2 0 0 2 0 0 0 0 2 2 0 -2 0 0 0 2 -2 0
2 2 0 0 -2 0 0 0 0 2 2 0 -2 0 0 0 -2 2 0
-2 -2 0 0 -2 0 0 0 0 2 2 0 -2 0 0 0 -2 2 0
2 2 0 0 -2 0 0 0 0 2 2 0 -2 0 0 0 2 -2 0
-2 -2 0 0 -2 0 0 0 0 2 2 0 -2 0 0 0 2 -2 0
2 2 0 0 2 0 0 0 0 -2 2 0 -2 0 0 0 -2 2 0
-2 -2 0 0 2 0 0 0 0 -2 2 0 -2 0 0 0 -2 2 0
2 2 0 0 2 0 0 0 0 -2 2 0 -2 0 0 0 2 -2 0
-2 -2 0 0 2 0 0 0 0 -2 2 0 -2 0 0 0 2 -2 0
-2 2 0 0 -2 0 0 0 0 -2 2 0 -2 0 0 0 -2 2 0
2 -2 0 0 -2 0 0 0 0 -2 2 0 -2 0 0 0 -2 2 0
-2 2 0 0 -2 0 0 0 0 -2 2 0 -2 0 0 0 2 -2 0
2 -2 0 0 -2 0 0 0 0 -2 2 0 -2 0 0 0 2 -2 0
2 2 0 0 2 0 0 0 0 2 -2 0 -2 0 0 0 -2 2 0
-2 -2 0 0 2 0 0 0 0 2 -2 0 -2 0 0 0 -2 2 0
2 2 0 0 2 0 0 0 0 2 -2 0 -2 0 0 0 2 -2 0
-2 -2 0 0 2 0 0 0 0 2 -2 0 -2 0 0 0 2 -2 0
-2 2 0 0 -2 0 0 0 0 2 -2 0 -2 0 0 0 -2 2 0
2 -2 0 0 -2 0 0 0 0 2 -2 0 -2 0 0 0 -2 2 0
-2 2 0 0 -2 0 0 0 0 2 -2 0 -2 0 0 0 2 -2 0
2 -2 0 0 -2 0 0 0 0 2 -2 0 -2 0 0 0 2 -2 0
-2 2 0 0 2 0 0 0 0 -2 -2 0 -2 0 0 0 -2 2 0
2 -2 0 0 2 0 0 0 0 -2 -2 0 -2 0 0 0 -2 2 0
-2 2 0 0 2 0 0 0 0 -2 -2 0 -2 0 0 0 2 -2 0
2 -2 0 0 2 0 0 0 0 -2 -2 0 -2 0 0 0 2 -2 0
2 2 0 0 -2 0 0 0 0 -2 -2 0 -2 0 0 0 -2 2 0
-2 -2 0 0 -2 0 0 0 0 -2 -2 0 -2 0 0 0 -2 2 0
2 2 0 0 -2 0 0 0 0 -2 -2 0 -2 0 0 0 2 -2 0
-2 -2 0 0 -2 0 0 0 0 -2 -2 0 -2 0 0 0 2 -2 0
0 0 2 0 0 0 2 0 2 2 2 0 2 0 0 0 -2 0 -2
0 0 2 0 0 0 2 0 2 2 2 0 2 0 0 0 2 0 2
0 0 -2 0 0 0 -2 0 2 2 2 0 2 0 0 0 -2 0 -2
0 0 -2 0 0 0 -2 0 2 2 2 0 2 0 0 0 2 0 2
0 0 -2 0 0 0 2 0 -2 2 2 0 2 0 0 0 -2 0 -2
0 0 -2 0 0 0 2 0 -2 2 2 0 2 0 0 0 2 0 2
0 0 2 0 0 0 -2 0 -2 2 2 0 2 0 0 0 -2 0 -2
0 0 2 0 0 0 -2 0 -2 2 2 0 2 0 0 0 2 0 2
0 0 -2 0 0 0 2 0 2 -2 2 0 2 0 0 0 -2 0 -2
0 0 -2 0 0 0 2 0 2 -2 2 0 2 0 0 0 2 0 2
0 0 2 0 0 0 -2 0 2 -2 2 0 2 0 0 0 -2 0 -2
0 0 2 0 0 0 -2 0 2 -2 2 0 2 0 0 0 2 0 2
0 0 2 0 0 0 2 0 -2 -2 2 0 2 0 0 0 -2 0 -2
0 0 2 0 0 0 2 0 -2 -2 2 0 2 0 0 0 2 0 2
0 0 -2 0 0 0 -2 0 -2 -2 2 0 2 0 0 0 -2 0 -2
0 0 -2 0 0 0 -2 0 -2 -2 2 0 2 0 0 0 2 0 2
0 0 -2 0 0 0 2 0 2 2 -2 0 2 0 0 0 -2 0 -2
0 0 -2 0 0 0 2 0 2 2 -2 0 2 0 0 0 2 0 2
0 0 2 0 0 0 -2 0 2 2 -2 0 2 0 0 0 -2 0 -2
0 0 2 0 0 0 -2 0 2 2 -2 0 2 0 0 0 2 0 2
0 0 2 0 0 0 2 0 -2 2 -2 0 2 0 0 0 -2 0 -2
0 0 2 0 0 0 2 0 -2 2 -2 0 2 0 0 0 2 0 2
0 0 -2 0 0 0 -2 0 -2 2 -2 0 2 0 0 0 -2 0 -2
0 0 -2 0 0 0 -2 0 -2 2 -2 0 2 0 0 0 2 0 2
0 0 2 0 0 0 2 0 2 -2 -2 0 2 0 0 0 -2 0 -2
0 0 2 0 0 0 2 0 2 -2 -2 0 2 0 0 0 2 0 2
0 0 -2 0 0 0 -2 0 2 -2 -2 0 2 0 0 0 -2 0 -2
0 0 -2 0 0 0 -2 0 2 -2 -2 0 2 0 0 0 2 0 2
0 0 -2 0 0 0 2 0 -2 -2 -2 0 2 0 0 0 -2 0 -2
0 0 -2 0 0 0 2 0 -2 -2 -2 0 2 0 0 0 2 0 2
0 0 2 0 0 0 -2 0 -2 -2 -2 0 2 0 0 0 -2 0 -2
0 0 2 0 0 0 -2 0 -2 -2 -2 0 2 0 0 0 2 0 2
0 0 -2 0 0 0 2 0 2 2 2 0 -2 0 0 0 -2 0 -2
0 0 -2 0 0 0 2 0 2 2 2 0 -2 0 0 0 2 0 2
0 0 2 0 0 0 -2 0 2 2 2 0 -2 0 0 0 -2 0 -2
0 0 2 0 0 0 -2 0 2 2 2 0 -2 0 0 0 2 0 2
0 0 2 0 0 0 2 0 -2 2 2 0 -2 0 0 0 -2 0 -2
0 0 2 0 0 0 2 0 -2 2 2 0 -2 0 0 0 2 0 2
0 0 -2 0 0 0 -2 0 -2 2 2 0 -2 0 0 0 -2 0 -2
0 0 -2 0 0 0 -2 0 -2 2 2 0 -2 0 0 0 2 0 2
0 0 2 0 0 0 2 0 2 -2 2 0 -2 0 0 0 -2 0 -2
0 0 2 0 0 0 2 0 2 -2 2 0 -2 0 0 0 2 0 2
0 0 -2 0 0 0 -2 0 2 -2 2 0 -2 0 0 0 -2 0 -2
0 0 -2 0 0 0 -2 0 2 -2 2 0 -2 0 0 0 2 0 2
0 0 -2 0 0 0 2 0 -2 -2 2 0 -2 0 0 0 -2 0 -2
0 0 -2 0 0 0 2 0 -2 -2 2 0 -2 0 0 0 2 0 2
0 0 2 0 0 0 -2 0 -2 -2 2 0 -2 0 0 0 -2 0 -2
0 0 2 0 0 0 -2 0 -2 -2 2 0 -2 0 0 0 2 0 2
0 0 2 0 0 0 2 0 2 2 -2 0 -2 0 0 0 -2 0 -2
0 0 2 0 0 0 2 0 2 2 -2 0 -2 0 0 0 2 0 2
0 0 -2 0 0 0 -2 0 2 2 -2 0 -2 0 0 0 -2 0 -2
0 0 -2 0 0 0 -2 0 2 2 -2 0 -2 0 0 0 2 0 2
0 0 -2 0 0 0 2 0 -2 2 -2 0 -2 0 0 0 -2 0 -2
0 0 -2 0 0 0 2 0 -2 2 -2 0 -2 0 0 0 2 0 2
0 0 2 0 0 0 -2 0 -2 2 -2 0 -2 0 0 0 -2 0 -2
0 0 2 0 0 0 -2 0 -2 2 -2 0 -2 0 0 0 2 0 2
0 0 -2 0 0 0 2 0 2 -2 -2 0 -2 0 0 0 -2 0 -2
0 0 -2 0 0 0 2 0 2 -2 -2 0 -2 0 0 0 2 0 2
0 0 2 0 0 0 -2 0 2 -2 -2 0 -2 0 0 0 -2 0 -2
0 0 2 0 0 0 -2 0 2 -2 -2 0 -2 0 0 0 2 0 2
0 0 2 0 0 0 2 0 -2 -2 -2 0 -2 0 0 0 -2 0 -2
0 0 2 0 0 0 2 0 -2 -2 -2 0 -2 0 0 0 2 0 2
0 0 -2 0 0 0 -2 0 -2 -2 -2 0 -2 0 0 0 -2 0 -2
0 0 -2 0 0 0 -2 0 -2 -2 -2 0 -2 0 0 0 2 0 2
0 2 2 0 2 2 0 0 0 0 0 2 2 0 0 0 -2 0 -2
0 -2 -2 0 2 2 0 0 0 0 0 2 2 0 0 0 -2 0 -2
0 2 2 0 2 2 0 0 0 0 0 2 2 0 0 0 2 0 2
0 -2 -2 0 2 2 0 0 0 0 0 2 2 0 0 0 2 0 2
0 -2 2 0 -2 2 0 0 0 0 0 2 2 0 0 0 -2 0 -2
0 2 -2 0 -2 2 0 0 0 0 0 2 2 0 0 0 -2 0 -2
0 -2 2 0 -2 2 0 0 0 0 0 2 2 0 0 0 2 0 2
0 2 -2 0 -2 2 0 0 0 0 0 2 2 0 0 0 2 0 2
0 -2 2 0 2 -2 0 0 0 0 0 2 2 0 0 0 -2 0 -2
0 2 -2 0 2 -2 0 0 0 0 0 2 2 0 0 0 -2 0 -2
0 -2 2 0 2 -2 0 0 0 0 0 2 2 0 0 0 2 0 2
0 2 -2 0 2 -2 0 0 0 0 0 2 2 0 0 0 2 0 2
0 2 2 0 -2 -2 0 0 0 0 0 2 2 0 0 0 -2 0 -2
0 -2 -2 0 -2 -2 0 0 0 0 0 2 2 0 0 0 -2 0 -2
0 2 2 0 -2 -2 0 0 0 0 0 2 2 0 0 0 2 0 2
0 -2 -2 0 -2 -2 0 0 0 0 0 2 2 0 0 0 2 0 2
0 -2 2 0 2 2 0 0 0 0 0 -2 2 0 0 0 -2 0 -2
0 2 -2 0 2 2 0 0 0 0 0 -2 2 0 0 0 -2 0 -2
0 -2 2 0 2 2 0 0 0 0 0 -2 2 0 0 0 2 0 2
0 2 -2 0 2 2 0 0 0 0 0 -2 2 0 0 0 2 0 2
0 2 2 0 -2 2 0 0 0 0 0 -2 2 0 0 0 -2 0 -2
0 -2 -2 0 -2 2 0 0 0 0 0 -2 2 0 0 0 -2 0 -2
0 2 2 0 -2 2 0 0 0 0 0 -2 2 0 0 0 2 0 2
0 -2 -2 0 -2 2 0 0 0 0 0 -2 2 0 0 0 2 0 2
0 2 2 0 2 -2 0 0 0 0 0 -2 2 0 0 0 -2 0 -2
0 -2 -2 0 2 -2 0 0 0 0 0 -2 2 0 0 0 -2 0 -2
0 2 2 0 2 -2 0 0 0 0 0 -2 2 0 0 0 2 0 2
0 -2 -2 0 2 -2 0 0 0 0 0 -2 2 0 0 0 2 0 2
0 -2 2 0 -2 -2 0 0 0 0 0 -2 2 0 0 0 -2 0 -2
0 2 -2 0 -2 -2 0 0 0 0 0 -2 2 0 0 0 -2 0 -2
0 -2 2 0 -2 -2 0 0 0 0 0 -2 2 0 0 0 2 0 2
0 2 -2 0 -2 -2 0 0 0 0 0 -2 2 0 0 0 2 0 2
0 -2 2 0 2 2 0 0 0 0 0 2 -2 0 0 0 -2 0 -2
0 2 -2 0 2 2 0 0 0 0 0 2 -2 0 0 0 -2 0 -2
0 -2 2 0 2 2 0 0 0 0 0 2 -2 0 0 0 2 0 2
0 2 -2 0 2 2 0 0 0 0 0 2 -2 0 0 0 2 0 2
0 2 2 0 -2 2 0 0 0 0 0 2 -2 0 0 0 -2 0 -2
0 -2 -2 0 -2 2 0 0 0 0 0 2 -2 0 0 0 -2 0 -2
0 2 2 0 -2 2 0 0 0 0 0 2 -2 0 0 0 2 0 2
0 -2 -2 0 -2 2 0 0 0 0 0 2 -2 0 0 0 2 0 2
0 2 2 0 2 -2 0 0 0 0 0 2 -2 0 0 0 -2 0 -2
0 -2 -2 0 2 -2 0 0 0 0 0 2 -2 0 0 0 -2 0 -2
0 2 2 0 2 -2 0 0 0 0 0 2 -2 0 0 0 2 0 2
0 -2 -2 0 2 -2 0 0 0 0 0 2 -2 0 0 0 2 0 2
0 -2 2 0 -2 -2 0 0 0 0 0 2 -2 0 0 0 -2 0 -2
0 2 -2 0 -2 -2 0 0 0 0 0 2 -2 0 0 0 -2 0 -2
0 -2 2 0 -2 -2 0 0 0 0 0 2 -2 0 0 0 2 0 2
0 2 -2 0 -2 -2 0 0 0 0 0 2 -2 0 0 0 2 0 2
0 2 2 0 2 2 0 0 0 0 0 -2 -2 0 0 0 -2 0 -2
0 -2 -2 0 2 2 0 0 0 0 0 -2 -2 0 0 0 -2 0 -2
0 2 2 0 2 2 0 0 0 0 0 -2 -2 0 0 0 2 0 2
0 -2 -2 0 2 2 0 0 0 0 0 -2 -2 0 0 0 2 0 2
0 -2 2 0 -2 2 0 0 0 0 0 -2 -2 0 0 0 -2 0 -2
0 2 -2 0 -2 2 0 0 0 0 0 -2 -2 0 0 0 -2 0 -2
0 -2 2 0 -2 2 0 0 0 0 0 -2 -2 0 0 0 2 0 2
0 2 -2 0 -2 2 0 0 0 0 0 -2 -2 0 0 0 2 0 2
0 -2 2 0 2 -2 0 0 0 0 0 -2 -2 0 0 0 -2 0 -2
0 2 -2 0 2 -2 0 0 0 0 0 -2 -2 0 0 0 -2 0 -2
0 -2 2 0 2 -2 0 0 0 0 0 -2 -2 0 0 0 2 0 2
0 2 -2 0 2 -2 0 0 0 0 0 -2 -2 0 0 0 2 0 2
0 2 2 0 -2 -2 0 0 0 0 0 -2 -2 0 0 0 -2 0 -2
0 -2 -2 0 -2 -2 0 0 0 0 0 -2 -2 0 0 0 -2 0 -2
0 2 2 0 -2 -2 0 0 0 0 0 -2 -2 0 0 0 2 0 2
0 -2 -2 0 -2 -2 0 0 0 0 0 -2 -2 0 0 0 2 0 2
2 0 0 0 0 2 2 0 2 0 0 2 2 0 0 0 -2 2 0
2 0 0 0 0 2 2 0 2 0 0 2 2 0 0 0 2 -2 0
-2 0 0 0 0 -2 2 0 2 0 0 2 2 0 0 0 -2 2 0
-2 0 0 0 0 -2 2 0 2 0 0 2 2 0 0 0 2 -2 0
-2 0 0 0 0 2 -2 0 2 0 0 2 2 0 0 0 -2 2 0
-2 0 0 0 0 2 -2 0 2 0 0 2 2 0 0 0 2 -2 0
2 0 0 0 0 -2 -2 0 2 0 0 2 2 0 0 0 -2 2 0
2 0 0 0 0 -2 -2 0 2 0 0 2 2 0 0 0 2 -2 0
-2 0 0 0 0 2 2 0 -2 0 0 2 2 0 0 0 -2 2 0
-2 0 0 0 0 2 2 0 -2 0 0 2 2 0 0 0 2 -2 0
2 0 0 0 0 -2 2 0 -2 0 0 2 2 0 0 0 -2 2 0
2 0 0 0 0 -2 2 0 -2 0 0 2 2 0 0 0 2 -2 0
2 0 0 0 0 2 -2 0 -2 0 0 2 2 0 0 0 -2 2 0
2 0 0 0 0 2 -2 0 -2 0 0 2 2 0 0 0 2 -2 0
-2 0 0 0 0 -2 -2 0 -2 0 0 2 2 0 0 0 -2 2 0
-2 0 0 0 0 -2 -2 0 -2 0 0 2 2 0 0 0 2 -2 0
-2 0 0 0 0 2 2 0 2 0 0 -2 2 0 0 0 -2 2 0
-2 0 0 0 0 2 2 0 2 0 0 -2 2 0 0 0 2 -2 0
2 0 0 0 0 -2 2 0 2 0 0 -2 2 0 0 0 -2 2 0
2 0 0 0 0 -2 2 0 2 0 0 -2 2 0 0 0 2 -2 0
2 0 0 0 0 2 -2 0 2 0 0 -2 2 0 0 0 -2 2 0
2 0 0 0 0 2 -2 0 2 0 0 -2 2 0 0 0 2 -2 0
-2 0 0 0 0 -2 -2 0 2 0 0 -2 2 0 0 0 -2 2 0
-2 0 0 0 0 -2 -2 0 2 0 0 -2 2 0 0 0 2 -2 0
2 0 0 0 0 2 2 0 -2 0 0 -2 2 0 0 0 -2 2 0
2 0 0 0 0 2 2 0 -2 0 0 -2 2 0 0 0 2 -2 0
-2 0 0 0 0 -2 2 0 -2 0 0 -2 2 0 0 0 -2 2 0
-2 0 0 0 0 -2 2 0 -2 0 0 -2 2 0 0 0 2 -2 0
-2 0 0 0 0 2 -2 0 -2 0 0 -2 2 0 0 0 -2 2 0
-2 0 0 0 0 2 -2 0 -2 0 0 -2 2 0 0 0 2 -2 0
2 0 0 0 0 -2 -2 0 -2 0 0 -2 2 0 0 0 -2 2 0
2 0 0 0 0 -2 -2 0 -2 0 0 -2 2 0 0 0 2 -2 0
-2 0 0 0 0 2 2 0 2 0 0 2 -2 0 0 0 -2 2 0
-2 0 0 0 0 2 2 0 2 0 0 2 -2 0 0 0 2 -2 0
2 0 0 0 0 -2 2 0 2 0 0 2 -2 0 0 0 -2 2 0
2 0 0 0 0 -2 2 0 2 0 0 2 -2 0 0 0 2 -2 0
2 0 0 0 0 2 -2 0 2 0 0 2 -2 0 0 0 -2 2 0
2 0 0 0 0 2 -2 0 2 0 0 2 -2 0 0 0 2 -2 0
-2 0 0 0 0 -2 -2 0 2 0 0 2 -2 0 0 0 -2 2 0
-2 0 0 0 0 -2 -2 0 2 0 0 2 -2 0 0 0 2 -2 0
2 0 0 0 0 2 2 0 -2 0 0 2 -2 0 0 0 -2 2 0
2 0 0 0 0 2 2 0 -2 0 0 2 -2 0 0 0 2 -2 0
-2 0 0 0 0 -2 2 0 -2 0 0 2 -2 0 0 0 -2 2 0
-2 0 0 0 0 -2 2 0 -2 0 0 2 -2 0 0 0 2 -2 0
-2 0 0 0 0 2 -2 0 -2 0 0 2 -2 0 0 0 -2 2 0
-2 0 0 0 0 2 -2 0 -2 0 0 2 -2 0 0 0 2 -2 0
2 0 0 0 0 -2 -2 0 -2 0 0 2 -2 0 0 0 -2 2 0
2 0 0 0 0 -2 -2 0 -2 0 0 2 -2 0 0 0 2 -2 0
2 0 0 0 0 2 2 0 2 0 0 -2 -2 0 0 0 -2 2 0
2 0 0 0 0 2 2 0 2 0 0 -2 -2 0 0 0 2 -2 0
-2 0 0 0 0 -2 2 0 2 0 0 -2 -2 0 0 0 -2 2 0
-2 0 0 0 0 -2 2 0 2 0 0 -2 -2 0 0 0 2 -2 0
-2 0 0 0 0 2 -2 0 2 0 0 -2 -2 0 0 0 -2 2 0
-2 0 0 0 0 2 -2 0 2 0 0 -2 -2 0 0 0 2 -2 0
2 0 0 0 0 -2 -2 0 2 0 0 -2 -2 0 0 0 -2 2 0
2 0 0 0 0 -2 -2 0 2 0 0 -2 -2 0 0 0 2 -2 0
-2 0 0 0 0 2 2 0 -2 0 0 -2 -2 0 0 0 -2 2 0
-2 0 0 0 0 2 2 0 -2 0 0 -2 -2 0 0 0 2 -2 0
2 0 0 0 0 -2 2 0 -2 0 0 -2 -2 0 0 0 -2 2 0
2 0 0 0 0 -2 2 0 -2 0 0 -2 -2 0 0 0 2 -2 0
2 0 0 0 0 2 -2 0 -2 0 0 -2 -2 0 0 0 -2 2 0
2 0 0 0 0 2 -2 0 -2 0 0 -2 -2 0 0 0 2 -2 0
-2 0 0 0 0 -2 -2 0 -2 0 0 -2 -2 0 0 0 -2 2 0
-2 0 0 0 0 -2 -2 0 -2 0 0 -2 -2 0 0 0 2 -2 0
-2 2 2 2 0 0 2 0 0 0 2 2 2 0 0 0 0 0 0
2 -2 2 2 0 0 2 0 0 0 2 2 2 0 0 0 0 0 0
2 2 -2 2 0 0 2 0 0 0 2 2 2 0 0 0 0 0 0
-2 -2 -2 2 0 0 2 0 0 0 2 2 2 0 0 0 0 0 0
2 2 2 -2 0 0 2 0 0 0 2 2 2 0 0 0 0 0 0
-2 -2 2 -2 0 0 2 0 0 0 2 2 2 0 0 0 0 0 0
-2 2 -2 -2 0 0 2 0 0 0 2 2 2 0 0 0 0 0 0
2 -2 -2 -2 0 0 2 0 0 0 2 2 2 0 0 0 0 0 0
2 2 2 2 0 0 -2 0 0 0 2 2 2 0 0 0 0 0 0
-2 -2 2 2 0 0 -2 0 0 0 2 2 2 0 0 0 0 0 0
-2 2 -2 2 0 0 -2 0 0 0 2 2 2 0 0 0 0 0 0
2 -2 -2 2 0 0 -2 0 0 0 2 2 2 0 0 0 0 0 0
-2 2 2 -2 0 0 -2 0 0 0 2 2 2 0 0 0 0 0 0
2 -2 2 -2 0 0 -2 0 0 0 2 2 2 0 0 0 0 0 0
2 2 -2 -2 0 0 -2 0 0 0 2 2 2 0 0 0 0 0 0
-2 -2 -2 -2 0 0 -2 0 0 0 2 2 2 0 0 0 0 0 0
2 2 2 2 0 0 2 0 0 0 -2 2 2 0 0 0 0 0 0
-2 -2 2 2 0 0 2 0 0 0 -2 2 2 0 0 0 0 0 0
-2 2 -2 2 0 0 2 0 0 0 -2 2 2 0 0 0 0 0 0
2 -2 -2 2 0 0 2 0 0 0 -2 2 2 0 0 0 0 0 0
-2 2 2 -2 0 0 2 0 0 0 -2 2 2 0 0 0 0 0 0
2 -2 2 -2 0 0 2 0 0 0 -2 2 2 0 0 0 0 0 0
2 2 -2 -2 0 0 2 0 0 0 -2 2 2 0 0 0 0 0 0
-2 -2 -2 -2 0 0 2 0 0 0 -2 2 2 0 0 0 0 0 0
-2 2 2 2 0 0 -2 0 0 0 -2 2 2 0 0 0 0 0 0
2 -2 2 2 0 0 -2 0 0 0 -2 2 2 0 0 0 0 0 0
2 2 -2 2 0 0 -2 0 0 0 -2 2 2 0 0 0 0 0 0
-2 -2 -2 2 0 0 -2 0 0 0 -2 2 2 0 0 0 0 0 0
2 2 2 -2 0 0 -2 0 0 0 -2 2 2 0 0 0 0 0 0
-2 -2 2 -2 0 0 -2 0 0 0 -2 2 2 0 0 0 0 0 0
-2 2 -2 -2 0 0 -2 0 0 0 -2 2 2 0 0 0 0 0 0
2 -2 -2 -2 0 0 -2 0 0 0 -2 2 2 0 0 0 0 0 0
2 2 2 2 0 0 2 0 0 0 2 -2 2 0 0 0 0 0 0
-2 -2 2 2 0 0 2 0 0 0 2 -2 2 0 0 0 0 0 0
-2 2 -2 2 0 0 2 0 0 0 2 -2 2 0 0 0 0 0 0
2 -2 -2 2 0 0 2 0 0 0 2 -2 2 0 0 0 0 0 0
-2 2 2 -2 0 0 2 0 0 0 2 -2 2 0 0 0 0 0 0
2 -2 2 -2 0 0 2 0 0 0 2 -2 2 0 0 0 0 0 0
2 2 -2 -2 0 0 2 0 0 0 2 -2 2 0 0 0 0 0 0
-2 -2 -2 -2 0 0 2 0 0 0 2 -2 2 0 0 0 0 0 0
-2 2 2 2 0 0 -2 0 0 0 2 -2 2 0 0 0 0 0 0
2 -2 2 2 0 0 -2 0 0 0 2 -2 2 0 0 0 0 0 0
2 2 -2 2 0 0 -2 0 0 0 2 -2 2 0 0 0 0 0 0
-2 -2 -2 2 0 0 -2 0 0 0 2 -2 2 0 0 0 0 0 0
2 2 2 -2 0 0 -2 0 0 0 2 -2 2 0 0 0 0 0 0
-2 -2 2 -2 0 0 -2 0 0 0 2 -2 2 0 0 0 0 0 0
-2 2 -2 -2 0 0 -2 0 0 0 2 -2 2 0 0 0 0 0 0
2 -2 -2 -2 0 0 -2 0 0 0 2 -2 2 0 0 0 0 0 0
-2 2 2 2 0 0 2 0 0 0 -2 -2 2 0 0 0 0 0 0
2 -2 2 2 0 0 2 0 0 0 -2 -2 2 0 0 0 0 0 0
2 2 -2 2 0 0 2 0 0 0 -2 -2 2 0 0 0 0 0 0
-2 -2 -2 2 0 0 2 0 0 0 -2 -2 2 0 0 0 0 0 0
2 2 2 -2 0 0 2 0 0 0 -2 -2 2 0 0 0 0 0 0
-2 -2 2 -2 0 0 2 0 0 0 -2 -2 2 0 0 0 0 0 0
-2 2 -2 -2 0 0 2 0 0 0 -2 -2 2 0 0 0 0 0 0
2 -2 -2 -2 0 0 2 0 0 0 -2 -2 2 0 0 0 0 0 0
2 2 2 2 0 0 -2 0 0 0 -2 -2 2 0 0 0 0 0 0
-2 -2 2 2 0 0 -2 0 0 0 -2 -2 2 0 0 0 0 0 0
-2 2 -2 2 0 0 -2 0 0 0 -2 -2 2 0 0 0 0 0 0
2 -2 -2 2 0 0 -2 0 0 0 -2 -2 2 0 0 0 0 0 0
-2 2 2 -2 0 0 -2 0 0 0 -2 -2 2 0 0 0 0 0 0
2 -2 2 -2 0 0 -2 0 0 0 -2 -2 2 0 0 0 0 0 0
2 2 -2 -2 0 0 -2 0 0 0 -2 -2 2 0 0 0 0 0 0
-2 -2 -2 -2 0 0 -2 0 0 0 -2 -2 2 0 0 0 0 0 0
2 2 2 2 0 0 2 0 0 0 2 2 -2 0 0 0 0 0 0
-2 -2 2 2 0 0 2 0 0 0 2 2 -2 0 0 0 0 0 0
-2 2 -2 2 0 0 2 0 0 0 2 2 -2 0 0 0 0 0 0
2 -2 -2 2 0 0 2 0 0 0 2 2 -2 0 0 0 0 0 0
-2 2 2 -2 0 0 2 0 0 0 2 2 -2 0 0 0 0 0 0
2 -2 2 -2 0 0 2 0 0 0 2 2 -2 0 0 0 0 0 0
2 2 -2 -2 0 0 2 0 0 0 2 2 -2 0 0 0 0 0 0
-2 -2 -2 -2 0 0 2 0 0 0 2 2 -2 0 0 0 0 0 0
-2 2 2 2 0 0 -2 0 0 0 2 2 -2 0 0 0 0 0 0
2 -2 2 2 0 0 -2 0 0 0 2 2 -2 0 0 0 0 0 0
2 2 -2 2 0 0 -2 0 0 0 2 2 -2 0 0 0 0 0 0
-2 -2 -2 2 0 0 -2 0 0 0 2 2 -2 0 0 0 0 0 0
2 2 2 -2 0 0 -2 0 0 0 2 2 -2 0 0 0 0 0 0
-2 -2 2 -2 0 0 -2 0 0 0 2 2 -2 0 0 0 0 0 0
-2 2 -2 -2 0 0 -2 0 0 0 2 2 -2 0 0 0 0 0 0
2 -2 -2 -2 0 0 -2 0 0 0 2 2 -2 0 0 0 0 0 0
-2 2 2 2 0 0 2 0 0 0 -2 2 -2 0 0 0 0 0 0
2 -2 2 2 0 0 2 0 0 0 -2 2 -2 0 0 0 0 0 0
2 2 -2 2 0 0 2 0 0 0 -2 2 -2 0 0 0 0 0 0
-2 -2 -2 2 0 0 2 0 0 0 -2 2 -2 0 0 0 0 0 0
2 2 2 -2 0 0 2 0 0 0 -2 2 -2 0 0 0 0 0 0
-2 -2 2 -2 0 0 2 0 0 0 -2 2 -2 0 0 0 0 0 0
-2 2 -2 -2 0 0 2 0 0 0 -2 2 -2 0 0 0 0 0 0
2 -2 -2 -2 0 0 2 0 0 0 -2 2 -2 0 0 0 0 0 0
2 2 2 2 0 0 -2 0 0 0 -2 2 -2 0 0 0 0 0 0
-2 -2 2 2 0 0 -2 0 0 0 -2 2 -2 0 0 0 0 0 0
-2 2 -2 2 0 0 -2 0 0 0 -2 2 -2 0 0 0 0 0 0
2 -2 -2 2 0 0 -2 0 0 0 -2 2 -2 0 0 0 0 0 0
-2 2 2 -2 0 0 -2 0 0 0 -2 2 -2 0 0 0 0 0 0
2 -2 2 -2 0 0 -2 0 0 0 -2 2 -2 0 0 0 0 0 0
2 2 -2 -2 0 0 -2 0 0 0 -2 2 -2 0 0 0 0 0 0
-2 -2 -2 -2 0 0 -2 0 0 0 -2 2 -2 0 0 0 0 0 0
-2 2 2 2 0 0 2 0 0 0 2 -2 -2 0 0 0 0 0 0
2 -2 2 2 0 0 2 0 0 0 2 -2 -2 0 0 0 0 0 0
2 2 -2 2 0 0 2 0 0 0 2 -2 -2 0 0 0 0 0 0
-2 -2 -2 2 0 0 2 0 0 0 2 -2 -2 0 0 0 0 0 0
2 2 2 -2 0 0 2 0 0 0 2 -2 -2 0 0 0 0 0 0
-2 -2 2 -2 0 0 2 0 0 0 2 -2 -2 0 0 0 0 0 0
-2 2 -2 -2 0 0 2 0 0 0 2 -2 -2 0 0 0 0 0 0
2 -2 -2 -2 0 0 2 0 0 0 2 -2 -2 0 0 0 0 0 0
2 2 2 2 0 0 -2 0 0 0 2 -2 -2 0 0 0 0 0 0
-2 -2 2 2 0 0 -2 0 0 0 2 -2 -2 0 0 0 0 0 0
-2 2 -2 2 0 0 -2 0 0 0 2 -2 -2 0 0 0 0 0 0
2 -2 -2 2 0 0 -2 0 0 0 2 -2 -2 0 0 0 0 0 0
-2 2 2 -2 0 0 -2 0 0 0 2 -2 -2 0 0 0 0 0 0
2 -2 2 -2 0 0 -2 0 0 0 2 -2 -2 0 0 0 0 0 0
2 2 -2 -2 0 0 -2 0 0 0 2 -2 -2 0 0 0 0 0 0
-2 -2 -2 -2 0 0 -2 0 0 0 2 -2 -2 0 0 0 0 0 0
2 2 2 2 0 0 2 0 0 0 -2 -2 -2 0 0 0 0 0 0
-2 -2 2 2 0 0 2 0 0 0 -2 -2 -2 0 0 0 0 0 0
-2 2 -2 2 0 0 2 0 0 0 -2 -2 -2 0 0 0 0 0 0
2 -2 -2 2 0 0 2 0 0 0 -2 -2 -2 0 0 0 0 0 0
-2 2 2 -2 0 0 2 0 0 0 -2 -2 -2 0 0 0 0 0 0
2 -2 2 -2 0 0 2 0 0 0 -2 -2 -2 0 0 0 0 0 0
2 2 -2 -2 0 0 2 0 0 0 -2 -2 -2 0 0 0 0 0 0
-2 -2 -2 -2 0 0 2 0 0 0 -2 -2 -2 0 0 0 0 0 0
-2 2 2 2 0 0 -2 0 0 0 -2 -2 -2 0 0 0 0 0 0
2 -2 2 2 0 0 -2 0 0 0 -2 -2 -2 0 0 0 0 0 0
2 2 -2 2 0 0 -2 0 0 0 -2 -2 -2 0 0 0 0 0 0
-2 -2 -2 2 0 0 -2 0 0 0 -2 -2 -2 0 0 0 0 0 0
2 2 2 -2 0 0 -2 0 0 0 -2 -2 -2 0 0 0 0 0 0
-2 -2 2 -2 0 0 -2 0 0 0 -2 -2 -2 0 0 0 0 0 0
-2 2 -2 -2 0 0 -2 0 0 0 -2 -2 -2 0 0 0 0 0 0
2 -2 -2 -2 0 0 -2 0 0 0 -2 -2 -2 0 0 0 0 0 0
0 0 0 2 2 0 0 0 2 0 2 2 2 0 0 0 0 -2 -2
0 0 0 2 2 0 0 0 2 0 2 2 2 0 0 0 0 2 2
0 0 0 -2 -2 0 0 0 2 0 2 2 2 0 0 0 0 -2 -2
0 0 0 -2 -2 0 0 0 2 0 2 2 2 0 0 0 0 2 2
0 0 0 -2 2 0 0 0 -2 0 2 2 2 0 0 0 0 -2 -2
0 0 0 -2 2 0 0 0 -2 0 2 2 2 0 0 0 0 2 2
0 0 0 2 -2 0 0 0 -2 0 2 2 2 0 0 0 0 -2 -2
0 0 0 2 -2 0 0 0 -2 0 2 2 2 0 0 0 0 2 2
0 0 0 -2 2 0 0 0 2 0 -2 2 2 0 0 0 0 -2 -2
0 0 0 -2 2 0 0 0 2 0 -2 2 2 0 0 0 0 2 2
0 0 0 2 -2 0 0 0 2 0 -2 2 2 0 0 0 0 -2 -2
0 0 0 2 -2 0 0 0 2 0 -2 2 2 0 0 0 0 2 2
0 0 0 2 2 0 0 0 -2 0 -2 2 2 0 0 0 0 -2 -2
0 0 0 2 2 0 0 0 -2 0 -2 2 2 0 0 0 0 2 2
0 0 0 -2 -2 0 0 0 -2 0 -2 2 2 0 0 0 0 -2 -2
0 0 0 -2 -2 0 0 0 -2 0 -2 2 2 0 0 0 0 2 2
0 0 0 -2 2 0 0 0 2 0 2 -2 2 0 0 0 0 -2 -2
0 0 0 -2 2 0 0 0 2 0 2 -2 2 0 0 0 0 2 2
0 0 0 2 -2 0 0 0 2 0 2 -2 2 0 0 0 0 -2 -2
0 0 0 2 -2 0 0 0 2 0 2 -2 2 0 0 0 0 2 2
0 0 0 2 2 0 0 0 -2 0 2 -2 2 0 0 0 0 -2 -2
0 0 0 2 2 0 0 0 -2 0 2 -2 2 0 0 0 0 2 2
0 0 0 -2 -2 0 0 0 -2 0 2 -2 2 0 0 0 0 -2 -2
0 0 0 -2 -2 0 0 0 -2 0 2 -2 2 0 0 0 0 2 2
0 0 0 2 2 0 0 0 2 0 -2 -2 2 0 0 0 0 -2 -2
0 0 0 2 2 0 0 0 2 0 -2 -2 2 0 0 0 0 2 2
0 0 0 -2 -2 0 0 0 2 0 -2 -2 2 0 0 0 0 -2 -2
0 0 0 -2 -2 0 0 0 2 0 -2 -2 2 0 0 0 0 2 2
0 0 0 -2 2 0 0 0 -2 0 -2 -2 2 0 0 0 0 -2 -2
0 0 0 -2 2 0 0 0 -2 0 -2 -2 2 0 0 0 0 2 2
0 0 0 2 -2 0 0 0 -2 0 -2 -2 2 0 0 0 0 -2 -2
0 0 0 2 -2 0 0 0 -2 0 -2 -2 2 0 0 0 0 2 2
0 0 0 -2 2 0 0 0 2 0 2 2 -2 0 0 0 0 -2 -2
0 0 0 -2 2 0 0 0 2 0 2 2 -2 0 0 0 0 2 2
0 0 0 2 -2 0 0 0 2 0 2 2 -2 0 0 0 0 -2 -2
0 0 0 2 -2 0 0 0 2 0 2 2 -2 0 0 0 0 2 2
0 0 0 2 2 0 0 0 -2 0 2 2 -2 0 0 0 0 -2 -2
0 0 0 2 2 0 0 0 -2 0 2 2 -2 0 0 0 0 2 2
0 0 0 -2 -2 0 0 0 -2 0 2 2 -2 0 0 0 0 -2 -2
0 0 0 -2 -2 0 0 0 -2 0 2 2 -2 0 0 0 0 2 2
0 0 0 2 2 0 0 0 2 0 -2 2 -2 0 0 0 0 -2 -2
0 0 0 2 2 0 0 0 2 0 -2 2 -2 0 0 0 0 2 2
0 0 0 -2 -2 0 0 0 2 0 -2 2 -2 0 0 0 0 -2 -2
0 0 0 -2 -2 0 0 0 2 0 -2 2 -2 0 0 0 0 2 2
0 0 0 -2 2 0 0 0 -2 0 -2 2 -2 0 0 0 0 -2 -2
0 0 0 -2 2 0 0 0 -2 0 -2 2 -2 0 0 0 0 2 2
0 0 0 2 -2 0 0 0 -2 0 -2 2 -2 0 0 0 0 -2 -2
0 0 0 2 -2 0 0 0 -2 0 -2 2 -2 0 0 0 0 2 2
0 0 0 2 2 0 0 0 2 0 2 -2 -2 0 0 0 0 -2 -2
0 0 0 2 2 0 0 0 2 0 2 -2 -2 0 0 0 0 2 2
0 0 0 -2 -2 0 0 0 2 0 2 -2 -2 0 0 0 0 -2 -2
0 0 0 -2 -2 0 0 0 2 0 2 -2 -2 0 0 0 0 2 2
0 0 0 -2 2 0 0 0 -2 0 2 -2 -2 0 0 0 0 -2 -2
0 0 0 -2 2 0 0 0 -2 0 2 -2 -2 0 0 0 0 2 2
0 0 0 2 -2 0 0 0 -2 0 2 -2 -2 0 0 0 0 -2 -2
0 0 0 2 -2 0 0 0 -2 0 2 -2 -2 0 0 0 0 2 2
0 0 0 -2 2 0 0 0 2 0 -2 -2 -2 0 0 0 0 -2 -2
0 0 0 -2 2 0 0 0 2 0 -2 -2 -2 0 0 0 0 2 2
0 0 0 2 -2 0 0 0 2 0 -2 -2 -2 0 0 0 0 -2 -2
0 0 0 2 -2 0 0 0 2 0 -2 -2 -2 0 0 0 0 2 2
0 0 0 2 2 0 0 0 -2 0 -2 -2 -2 0 0 0 0 -2 -2
0 0 0 2 2 0 0 0 -2 0 -2 -2 -2 0 0 0 0 2 2
0 0 0 -2 -2 0 0 0 -2 0 -2 -2 -2 0 0 0 0 -2 -2
0 0 0 -2 -2 0 0 0 -2 0 -2 -2 -2 0 0 0 0 2 2
0 0 0 0 0 0 2 2 0 2 2 2 2 0 0 0 -2 0 2
0 0 0 0 0 0 2 2 0 2 2 2 2 0 0 0 2 0 -2
0 0 0 0 0 0 -2 -2 0 2 2 2 2 0 0 0 -2 0 2
0 0 0 0 0 0 -2 -2 0 2 2 2 2 0 0 0 2 0 -2
0 0 0 0 0 0 -2 2 0 -2 2 2 2 0 0 0 -2 0 2
0 0 0 0 0 0 -2 2 0 -2 2 2 2 0 0 0 2 0 -2
0 0 0 0 0 0 2 -2 0 -2 2 2 2 0 0 0 -2 0 2
0 0 0 0 0 0 2 -2 0 -2 2 2 2 0 0 0 2 0 -2
0 0 0 0 0 0 -2 2 0 2 -2 2 2 0 0 0 -2 0 2
0 0 0 0 0 0 -2 2 0 2 -2 2 2 0 0 0 2 0 -2
0 0 0 0 0 0 2 -2 0 2 -2 2 2 0 0 0 -2 0 2
0 0 0 0 0 0 2 -2 0 2 -2 2 2 0 0 0 2 0 -2
0 0 0 0 0 0 2 2 0 -2 -2 2 2 0 0 0 -2 0 2
0 0 0 0 0 0 2 2 0 -2 -2 2 2 0 0 0 2 0 -2
0 0 0 0 0 0 -2 -2 0 -2 -2 2 2 0 0 0 -2 0 2
0 0 0 0 0 0 -2 -2 0 -2 -2 2 2 0 0 0 2 0 -2
0 0 0 0 0 0 -2 2 0 2 2 -2 2 0 0 0 -2 0 2
0 0 0 0 0 0 -2 2 0 2 2 -2 2 0 0 0 2 0 -2
0 0 0 0 0 0 2 -2 0 2 2 -2 2 0 0 0 -2 0 2
0 0 0 0 0 0 2 -2 0 2 2 -2 2 0 0 0 2 0 -2
0 0 0 0 0 0 2 2 0 -2 2 -2 2 0 0 0 -2 0 2
0 0 0 0 0 0 2 2 0 -2 2 -2 2 0 0 0 2 0 -2
0 0 0 0 0 0 -2 -2 0 -2 2 -2 2 0 0 0 -2 0 2
0 0 0 0 0 0 -2 -2 0 -2 2 -2 2 0 0 0 2 0 -2
0 0 0 0 0 0 2 2 0 2 -2 -2 2 0 0 0 -2 0 2
0 0 0 0 0 0 2 2 0 2 -2 -2 2 0 0 0 2 0 -2
0 0 0 0 0 0 -2 -2 0 2 -2 -2 2 0 0 0 -2 0 2
0 0 0 0 0 0 -2 -2 0 2 -2 -2 2 0 0 0 2 0 -2
0 0 0 0 0 0 -2 2 0 -2 -2 -2 2 0 0 0 -2 0 2
0 0 0 0 0 0 -2 2 0 -2 -2 -2 2 0 0 0 2 0 -2
0 0 0 0 0 0 2 -2 0 -2 -2 -2 2 0 0 0 -2 0 2
0 0 0 0 0 0 2 -2 0 -2 -2 -2 2 0 0 0 2 0 -2
0 0 0 0 0 0 -2 2 0 2 2 2 -2 0 0 0 -2 0 2
0 0 0 0 0 0 -2 2 0 2 2 2 -2 0 0 0 2 0 -2
0 0 0 0 0 0 2 -2 0 2 2 2 -2 0 0 0 -2 0 2
0 0 0 0 0 0 2 -2 0 2 2 2 -2 0 0 0 2 0 -2
0 0 0 0 0 0 2 2 0 -2 2 2 -2 0 0 0 -2 0 2
0 0 0 0 0 0 2 2 0 -2 2 2 -2 0 0 0 2 0 -2
0 0 0 0 0 0 -2 -2 0 -2 2 2 -2 0 0 0 -2 0 2
0 0 0 0 0 0 -2 -2 0 -2 2 2 -2 0 0 0 2 0 -2
0 0 0 0 0 0 2 2 0 2 -2 2 -2 0 0 0 -2 0 2
0 0 0 0 0 0 2 2 0 2 -2 2 -2 0 0 0 2 0 -2
0 0 0 0 0 0 -2 -2 0 2 -2 2 -2 0 0 0 -2 0 2
0 0 0 0 0 0 -2 -2 0 2 -2 2 -2 0 0 0 2 0 -2
0 0 0 0 0 0 -2 2 0 -2 -2 2 -2 0 0 0 -2 0 2
0 0 0 0 0 0 -2 2 0 -2 -2 2 -2 0 0 0 2 0 -2
0 0 0 0 0 0 2 -2 0 -2 -2 2 -2 0 0 0 -2 0 2
0 0 0 0 0 0 2 -2 0 -2 -2 2 -2 0 0 0 2 0 -2
0 0 0 0 0 0 2 2 0 2 2 -2 -2 0 0 0 -2 0 2
0 0 0 0 0 0 2 2 0 2 2 -2 -2 0 0 0 2 0 -2
0 0 0 0 0 0 -2 -2 0 2 2 -2 -2 0 0 0 -2 0 2
0 0 0 0 0 0 -2 -2 0 2 2 -2 -2 0 0 0 2 0 -2
0 0 0 0 0 0 -2 2 0 -2 2 -2 -2 0 0 0 -2 0 2
0 0 0 0 0 0 -2 2 0 -2 2 -2 -2 0 0 0 2 0 -2
0 0 0 0 0 0 2 -2 0 -2 2 -2 -2 0 0 0 -2 0 2
0 0 0 0 0 0 2 -2 0 -2 2 -2 -2 0 0 0 2 0 -2
0 0 0 0 0 0 -2 2 0 2 -2 -2 -2 0 0 0 -2 0 2
0 0 0 0 0 0 -2 2 0 2 -2 -2 -2 0 0 0 2 0 -2
0 0 0 0 0 0 2 -2 0 2 -2 -2 -2 0 0 0 -2 0 2
0 0 0 0 0 0 2 -2 0 2 -2 -2 -2 0 0 0 2 0 -2
0 0 0 0 0 0 2 2 0 -2 -2 -2 -2 0 0 0 -2 0 2
0 0 0 0 0 0 2 2 0 -2 -2 -2 -2 0 0 0 2 0 -2
0 0 0 0 0 0 -2 -2 0 -2 -2 -2 -2 0 0 0 -2 0 2
0 0 0 0 0 0 -2 -2 0 -2 -2 -2 -2 0 0 0 2 0 -2
0 0 2 2 2 2 0 2 0 0 0 0 0 2 0 0 0 -2 -2
0 0 2 2 2 2 0 2 0 0 0 0 0 2 0 0 0 2 2
0 0 -2 -2 2 2 0 2 0 0 0 0 0 2 0 0 0 -2 -2
0 0 -2 -2 2 2 0 2 0 0 0 0 0 2 0 0 0 2 2
0 0 -2 2 -2 2 0 2 0 0 0 0 0 2 0 0 0 -2 -2
0 0 -2 2 -2 2 0 2 0 0 0 0 0 2 0 0 0 2 2
0 0 2 -2 -2 2 0 2 0 0 0 0 0 2 0 0 0 -2 -2
0 0 2 -2 -2 2 0 2 0 0 0 0 0 2 0 0 0 2 2
0 0 -2 2 2 -2 0 2 0 0 0 0 0 2 0 0 0 -2 -2
0 0 -2 2 2 -2 0 2 0 0 0 0 0 2 0 0 0 2 2
0 0 2 -2 2 -2 0 2 0 0 0 0 0 2 0 0 0 -2 -2
0 0 2 -2 2 -2 0 2 0 0 0 0 0 2 0 0 0 2 2
0 0 2 2 -2 -2 0 2 0 0 0 0 0 2 0 0 0 -2 -2
0 0 2 2 -2 -2 0 2 0 0 0 0 0 2 0 0 0 2 2
0 0 -2 -2 -2 -2 0 2 0 0 0 0 0 2 0 0 0 -2 -2
0 0 -2 -2 -2 -2 0 2 0 0 0 0 0 2 0 0 0 2 2
0 0 -2 2 2 2 0 -2 0 0 0 0 0 2 0 0 0 -2 -2
0 0 -2 2 2 2 0 -2 0 0 0 0 0 2 0 0 0 2 2
0 0 2 -2 2 2 0 -2 0 0 0 0 0 2 0 0 0 -2 -2
0 0 2 -2 2 2 0 -2 0 0 0 0 0 2 0 0 0 2 2
0 0 2 2 -2 2 0 -2 0 0 0 0 0 2 0 0 0 -2 -2
0 0 2 2 -2 2 0 -2 0 0 0 0 0 2 0 0 0 2 2
0 0 -2 -2 -2 2 0 -2 0 0 0 0 0 2 0 0 0 -2 -2
0 0 -2 -2 -2 2 0 -2 0 0 0 0 0 2 0 0 0 2 2
0 0 2 2 2 -2 0 -2 0 0 0 0 0 2 0 0 0 -2 -2
0 0 2 2 2 -2 0 -2 0 0 0 0 0 2 0 0 0 2 2
0 0 -2 -2 2 -2 0 -2 0 0 0 0 0 2 0 0 0 -2 -2
0 0 -2 -2 2 -2 0 -2 0 0 0 0 0 2 0 0 0 2 2
0 0 -2 2 -2 -2 0 -2 0 0 0 0 0 2 0 0 0 -2 -2
0 0 -2 2 -2 -2 0 -2 0 0 0 0 0 2 0 0 0 2 2
0 0 2 -2 -2 -2 0 -2 0 0 0 0 0 2 0 0 0 -2 -2
0 0 2 -2 -2 -2 0 -2 0 0 0 0 0 2 0 0 0 2 2
0 0 -2 2 2 2 0 2 0 0 0 0 0 -2 0 0 0 -2 -2
0 0 -2 2 2 2 0 2 0 0 0 0 0 -2 0 0 0 2 2
0 0 2 -2 2 2 0 2 0 0 0 0 0 -2 0 0 0 -2 -2
0 0 2 -2 2 2 0 2 0 0 0 0 0 -2 0 0 0 2 2
0 0 2 2 -2 2 0 2 0 0 0 0 0 -2 0 0 0 -2 -2
0 0 2 2 -2 2 0 2 0 0 0 0 0 -2 0 0 0 2 2
0 0 -2 -2 -2 2 0 2 0 0 0 0 0 -2 0 0 0 -2 -2
0 0 -2 -2 -2 2 0 2 0 0 0 0 0 -2 0 0 0 2 2
0 0 2 2 2 -2 0 2 0 0 0 0 0 -2 0 0 0 -2 -2
0 0 2 2 2 -2 0 2 0 0 0 0 0 -2 0 0 0 2 2
0 0 -2 -2 2 -2 0 2 0 0 0 0 0 -2 0 0 0 -2 -2
0 0 -2 -2 2 -2 0 2 0 0 0 0 0 -2 0 0 0 2 2
0 0 -2 2 -2 -2 0 2 0 0 0 0 0 -2 0 0 0 -2 -2
0 0 -2 2 -2 -2 0 2 0 0 0 0 0 -2 0 0 0 2 2
0 0 2 -2 -2 -2 0 2 0 0 0 0 0 -2 0 0 0 -2 -2
0 0 2 -2 -2 -2 0 2 0 0 0 0 0 -2 0 0 0 2 2
0 0 2 2 2 2 0 -2 0 0 0 0 0 -2 0 0 0 -2 -2
0 0 2 2 2 2 0 -2 0 0 0 0 0 -2 0 0 0 2 2
0 0 -2 -2 2 2 0 -2 0 0 0 0 0 -2 0 0 0 -2 -2
0 0 -2 -2 2 2 0 -2 0 0 0 0 0 -2 0 0 0 2 2
0 0 -2 2 -2 2 0 -2 0 0 0 0 0 -2 0 0 0 -2 -2
0 0 -2 2 -2 2 0 -2 0 0 0 0 0 -2 0 0 0 2 2
0 0 2 -2 -2 2 0 -2 0 0 0 0 0 -2 0 0 0 -2 -2
0 0 2 -2 -2 2 0 -2 0 0 0 0 0 -2 0 0 0 2 2
0 0 -2 2 2 -2 0 -2 0 0 0 0 0 -2 0 0 0 -2 -2
0 0 -2 2 2 -2 0 -2 0 0 0 0 0 -2 0 0 0 2 2
0 0 2 -2 2 -2 0 -2 0 0 0 0 0 -2 0 0 0 -2 -2
0 0 2 -2 2 -2 0 -2 0 0 0 0 0 -2 0 0 0 2 2
0 0 2 2 -2 -2 0 -2 0 0 0 0 0 -2 0 0 0 -2 -2
0 0 2 2 -2 -2 0 -2 0 0 0 0 0 -2 0 0 0 2 2
0 0 -2 -2 -2 -2 0 -2 0 0 0 0 0 -2 0 0 0 -2 -2
0 0 -2 -2 -2 -2 0 -2 0 0 0 0 0 -2 0 0 0 2 2
-2 2 0 2 0 2 2 2 2 0 0 0 0 2 0 0 0 0 0
2 -2 0 2 0 2 2 2 2 0 0 0 0 2 0 0 0 0 0
2 2 0 -2 0 2 2 2 2 0 0 0 0 2 0 0 0 0 0
-2 -2 0 -2 0 2 2 2 2 0 0 0 0 2 0 0 0 0 0
2 2 0 2 0 -2 2 2 2 0 0 0 0 2 0 0 0 0 0
-2 -2 0 2 0 -2 2 2 2 0 0 0 0 2 0 0 0 0 0
-2 2 0 -2 0 -2 2 2 2 0 0 0 0 2 0 0 0 0 0
2 -2 0 -2 0 -2 2 2 2 0 0 0 0 2 0 0 0 0 0
2 2 0 2 0 2 -2 2 2 0 0 0 0 2 0 0 0 0 0
-2 -2 0 2 0 2 -2 2 2 0 0 0 0 2 0 0 0 0 0
-2 2 0 -2 0 2 -2 2 2 0 0 0 0 2 0 0 0 0 0
2 -2 0 -2 0 2 -2 2 2 0 0 0 0 2 0 0 0 0 0
-2 2 0 2 0 -2 -2 2 2 0 0 0 0 2 0 0 0 0 0
2 -2 0 2 0 -2 -2 2 2 0 0 0 0 2 0 0 0 0 0
2 2 0 -2 0 -2 -2 2 2 0 0 0 0 2 0 0 0 0 0
-2 -2 0 -2 0 -2 -2 2 2 0 0 0 0 2 0 0 0 0 0
2 2 0 2 0 2 2 -2 2 0 0 0 0 2 0 0 0 0 0
-2 -2 0 2 0 2 2 -2 2 0 0 0 0 2 0 0 0 0 0
-2 2 0 -2 0 2 2 -2 2 0 0 0 0 2 0 0 0 0 0
2 -2 0 -2 0 2 2 -2 2 0 0 0 0 2 0 0 0 0 0
-2 2 0 2 0 -2 2 -2 2 0 0 0 0 2 0 0 0 0 0
2 -2 0 2 0 -2 2 -2 2 0 0 0 0 2 0 0 0 0 0
2 2 0 -2 0 -2 2 -2 2 0 0 0 0 2 0 0 0 0 0
-2 -2 0 -2 0 -2 2 -2 2 0 0 0 0 2 0 0 0 0 0
-2 2 0 2 0 2 -2 -2 2 0 0 0 0 2 0 0 0 0 0
2 -2 0 2 0 2 -2 -2 2 0 0 0 0 2 0 0 0 0 0
2 2 0 -2 0 2 -2 -2 2 0 0 0 0 2 0 0 0 0 0
-2 -2 0 -2 0 2 -2 -2 2 0 0 0 0 2 0 0 0 0 0
2 2 0 2 0 -2 -2 -2 2 0 0 0 0 2 0 0 0 0 0
-2 -2 0 2 0 -2 -2 -2 2 0 0 0 0 2 0 0 0 0 0
-2 2 0 -2 0 -2 -2 -2 2 0 0 0 0 2 0 0 0 0 0
2 -2 0 -2 0 -2 -2 -2 2 0 0 0 0 2 0 0 0 0 0
2 2 0 2 0 2 2 2 -2 0 0 0 0 2 0 0 0 0 0
-2 -2 0 2 0 2 2 2 -2 0 0 0 0 2 0 0 0 0 0
-2 2 0 -2 0 2 2 2 -2 0 0 0 0 2 0 0 0 0 0
2 -2 0 -2 0 2 2 2 -2 0 0 0 0 2 0 0 0 0 0
-2 2 0 2 0 -2 2 2 -2 0 0 0 0 2 0 0 0 0 0
2 -2 0 2 0 -2 2 2 -2 0 0 0 0 2 0 0 0 0 0
2 2 0 -2 0 -2 2 2 -2 0 0 0 0 2 0 0 0 0 0
-2 -2 0 -2 0 -2 2 2 -2 0 0 0 0 2 0 0 0 0 0
-2 2 0 2 0 2 -2 2 -2 0 0 0 0 2 0 0 0 0 0
2 -2 0 2 0 2 -2 2 -2 0 0 0 0 2 0 0 0 0 0
2 2 0 -2 0 2 -2 2 -2 0 0 0 0 2 0 0 0 0 0
-2 -2 0 -2 0 2 -2 2 -2 0 0 0 0 2 0 0 0 0 0
2 2 0 2 0 -2 -2 2 -2 0 0 0 0 2 0 0 0 0 0
-2 -2 0 2 0 -2 -2 2 -2 0 0 0 0 2 0 0 0 0 0
-2 2 0 -2 0 -2 -2 2 -2 0 0 0 0 2 0 0 0 0 0
2 -2 0 -2 0 -2 -2 2 -2 0 0 0 0 2 0 0 0 0 0
-2 2 0 2 0 2 2 -2 -2 0 0 0 0 2 0 0 0 0 0
2 -2 0 2 0 2 2 -2 -2 0 0 0 0 2 0 0 0 0 0
2 2 0 -2 0 2 2 -2 -2 0 0 0 0 2 0 0 0 0 0
-2 -2 0 -2 0 2 2 -2 -2 0 0 0 0 2 0 0 0 0 0
2 2 0 2 0 -2 2 -2 -2 0 0 0 0 2 0 0 0 0 0
-2 -2 0 2 0 -2 2 -2 -2 0 0 0 0 2 0 0 0 0 0
-2 2 0 -2 0 -2 2 -2 -2 0 0 0 0 2 0 0 0 0 0
2 -2 0 -2 0 -2 2 -2 -2 0 0 0 0 2 0 0 0 0 0
2 2 0 2 0 2 -2 -2 -2 0 0 0 0 2 0 0 0 0 0
-2 -2 0 2 0 2 -2 -2 -2 0 0 0 0 2 0 0 0 0 0
-2 2 0 -2 0 2 -2 -2 -2 0 0 0 0 2 0 0 0 0 0
2 -2 0 -2 0 2 -2 -2 -2 0 0 0 0 2 0 0 0 0 0
-2 2 0 2 0 -2 -2 -2 -2 0 0 0 0 2 0 0 0 0 0
2 -2 0 2 0 -2 -2 -2 -2 0 0 0 0 2 0 0 0 0 0
2 2 0 -2 0 -2 -2 -2 -2 0 0 0 0 2 0 0 0 0 0
-2 -2 0 -2 0 -2 -2 -2 -2 0 0 0 0 2 0 0 0 0 0
2 2 0 2 0 2 2 2 2 0 0 0 0 -2 0 0 0 0 0
-2 -2 0 2 0 2 2 2 2 0 0 0 0 -2 0 0 0 0 0
-2 2 0 -2 0 2 2 2 2 0 0 0 0 -2 0 0 0 0 0
2 -2 0 -2 0 2 2 2 2 0 0 0 0 -2 0 0 0 0 0
-2 2 0 2 0 -2 2 2 2 0 0 0 0 -2 0 0 0 0 0
2 -2 0 2 0 -2 2 2 2 0 0 0 0 -2 0 0 0 0 0
2 2 0 -2 0 -2 2 2 2 0 0 0 0 -2 0 0 0 0 0
-2 -2 0 -2 0 -2 2 2 2 0 0 0 0 -2 0 0 0 0 0
-2 2 0 2 0 2 -2 2 2 0 0 0 0 -2 0 0 0 0 0
2 -2 0 2 0 2 -2 2 2 0 0 0 0 -2 0 0 0 0 0
2 2 0 -2 0 2 -2 2 2 0 0 0 0 -2 0 0 0 0 0
-2 -2 0 -2 0 2 -2 2 2 0 0 0 0 -2 0 0 0 0 0
2 2 0 2 0 -2 -2 2 2 0 0 0 0 -2 0 0 0 0 0
-2 -2 0 2 0 -2 -2 2 2 0 0 0 0 -2 0 0 0 0 0
-2 2 0 -2 0 -2 -2 2 2 0 0 0 0 -2 0 0 0 0 0
2 -2 0 -2 0 -2 -2 2 2 0 0 0 0 -2 0 0 0 0 0
-2 2 0 2 0 2 2 -2 2 0 0 0 0 -2 0 0 0 0 0
2 -2 0 2 0 2 2 -2 2 0 0 0 0 -2 0 0 0 0 0
2 2 0 -2 0 2 2 -2 2 0 0 0 0 -2 0 0 0 0 0
-2 -2 0 -2 0 2 2 -2 2 0 0 0 0 -2 0 0 0 0 0
2 2 0 2 0 -2 2 -2 2 0 0 0 0 -2 0 0 0 0 0
-2 -2 0 2 0 -2 2 -2 2 0 0 0 0 -2 0 0 0 0 0
-2 2 0 -2 0 -2 2 -2 2 0 0 0 0 -2 0 0 0 0 0
2 -2 0 -2 0 -2 2 -2 2 0 0 0 0 -2 0 0 0 0 0
2 2 0 2 0 2 -2 -2 2 0 0 0 0 -2 0 0 0 0 0
-2 -2 0 2 0 2 -2 -2 2 0 0 0 0 -2 0 0 0 0 0
-2 2 0 -2 0 2 -2 -2 2 0 0 0 0 -2 0 0 0 0 0
2 -2 0 -2 0 2 -2 -2 2 0 0 0 0 -2 0 0 0 0 0
-2 2 0 2 0 -2 -2 -2 2 0 0 0 0 -2 0 0 0 0 0
2 -2 0 2 0 -2 -2 -2 2 0 0 0 0 -2 0 0 0 0 0
2 2 0 -2 0 -2 -2 -2 2 0 0 0 0 -2 0 0 0 0 0
-2 -2 0 -2 0 -2 -2 -2 2 0 0 0 0 -2 0 0 0 0 0
-2 2 0 2 0 2 2 2 -2 0 0 0 0 -2 0 0 0 0 0
2 -2 0 2 0 2 2 2 -2 0 0 0 0 -2 0 0 0 0 0
2 2 0 -2 0 2 2 2 -2 0 0 0 0 -2 0 0 0 0 0
-2 -2 0 -2 0 2 2 2 -2 0 0 0 0 -2 0 0 0 0 0
2 2 0 2 0 -2 2 2 -2 0 0 0 0 -2 0 0 0 0 0
-2 -2 0 2 0 -2 2 2 -2 0 0 0 0 -2 0 0 0 0 0
-2 2 0 -2 0 -2 2 2 -2 0 0 0 0 -2 0 0 0 0 0
2 -2 0 -2 0 -2 2 2 -2 0 0 0 0 -2 0 0 0 0 0
2 2 0 2 0 2 -2 2 -2 0 0 0 0 -2 0 0 0 0 0
-2 -2 0 2 0 2 -2 2 -2 0 0 0 0 -2 0 0 0 0 0
-2 2 0 -2 0 2 -2 2 -2 0 0 0 0 -2 0 0 0 0 0
2 -2 0 -2 0 2 -2 2 -2 0 0 0 0 -2 0 0 0 0 0
-2 2 0 2 0 -2 -2 2 -2 0 0 0 0 -2 0 0 0 0 0
2 -2 0 2 0 -2 -2 2 -2 0 0 0 0 -2 0 0 0 0 0
2 2 0 -2 0 -2 -2 2 -2 0 0 0 0 -2 0 0 0 0 0
-2 -2 0 -2 0 -2 -2 2 -2 0 0 0 0 -2 0 0 0 0 0
2 2 0 2 0 2 2 -2 -2 0 0 0 0 -2 0 0 0 0 0
-2 -2 0 2 0 2 2 -2 -2 0 0 0 0 -2 0 0 0 0 0
-2 2 0 -2 0 2 2 -2 -2 0 0 0 0 -2 0 0 0 0 0
2 -2 0 -2 0 2 2 -2 -2 0 0 0 0 -2 0 0 0 0 0
-2 2 0 2 0 -2 2 -2 -2 0 0 0 0 -2 0 0 0 0 0
2 -2 0 2 0 -2 2 -2 -2 0 0 0 0 -2 0 0 0 0 0
2 2 0 -2 0 -2 2 -2 -2 0 0 0 0 -2 0 0 0 0 0
-2 -2 0 -2 0 -2 2 -2 -2 0 0 0 0 -2 0 0 0 0 0
-2 2 0 2 0 2 -2 -2 -2 0 0 0 0 -2 0 0 0 0 0
2 -2 0 2 0 2 -2 -2 -2 0 0 0 0 -2 0 0 0 0 0
2 2 0 -2 0 2 -2 -2 -2 0 0 0 0 -2 0 0 0 0 0
-2 -2 0 -2 0 2 -2 -2 -2 0 0 0 0 -2 0 0 0 0 0
2 2 0 2 0 -2 -2 -2 -2 0 0 0 0 -2 0 0 0 0 0
-2 -2 0 2 0 -2 -2 -2 -2 0 0 0 0 -2 0 0 0 0 0
-2 2 0 -2 0 -2 -2 -2 -2 0 0 0 0 -2 0 0 0 0 0
2 -2 0 -2 0 -2 -2 -2 -2 0 0 0 0 -2 0 0 0 0 0
2 2 0 0 2 2 0 0 0 2 0 0 0 2 0 0 -2 -2 0
-2 -2 0 0 2 2 0 0 0 2 0 0 0 2 0 0 -2 -2 0
-2 2 0 0 -2 2 0 0 0 2 0 0 0 2 0 0 -2 -2 0
2 -2 0 0 -2 2 0 0 0 2 0 0 0 2 0 0 -2 -2 0
2 2 0 0 2 2 0 0 0 2 0 0 0 2 0 0 2 2 0
-2 -2 0 0 2 2 0 0 0 2 0 0 0 2 0 0 2 2 0
-2 2 0 0 -2 2 0 0 0 2 0 0 0 2 0 0 2 2 0
2 -2 0 0 -2 2 0 0 0 2 0 0 0 2 0 0 2 2 0
-2 2 0 0 2 -2 0 0 0 2 0 0 0 2 0 0 -2 -2 0
2 -2 0 0 2 -2 0 0 0 2 0 0 0 2 0 0 -2 -2 0
2 2 0 0 -2 -2 0 0 0 2 0 0 0 2 0 0 -2 -2 0
-2 -2 0 0 -2 -2 0 0 0 2 0 0 0 2 0 0 -2 -2 0
-2 2 0 0 2 -2 0 0 0 2 0 0 0 2 0 0 2 2 0
2 -2 0 0 2 -2 0 0 0 2 0 0 0 2 0 0 2 2 0
2 2 0 0 -2 -2 0 0 0 2 0 0 0 2 0 0 2 2 0
-2 -2 0 0 -2 -2 0 0 0 2 0 0 0 2 0 0 2 2 0
-2 2 0 0 2 2 0 0 0 -2 0 0 0 2 0 0 -2 -2 0
2 -2 0 0 2 2 0 0 0 -2 0 0 0 2 0 0 -2 -2 0
2 2 0 0 -2 2 0 0 0 -2 0 0 0 2 0 0 -2 -2 0
-2 -2 0 0 -2 2 0 0 0 -2 0 0 0 2 0 0 -2 -2 0
-2 2 0 0 2 2 0 0 0 -2 0 0 0 2 0 0 2 2 0
2 -2 0 0 2 2 0 0 0 -2 0 0 0 2 0 0 2 2 0
2 2 0 0 -2 2 0 0 0 -2 0 0 0 2 0 0 2 2 0
-2 -2 0 0 -2 2 0 0 0 -2 0 0 0 2 0 0 2 2 0
2 2 0 0 2 -2 0 0 0 -2 0 0 0 2 0 0 -2 -2 0
-2 -2 0 0 2 -2 0 0 0 -2 0 0 0 2 0 0 -2 -2 0
-2 2 0 0 -2 -2 0 0 0 -2 0 0 0 2 0 0 -2 -2 0
2 -2 0 0 -2 -2 0 0 0 -2 0 0 0 2 0 0 -2 -2 0
2 2 0 0 2 -2 0 0 0 -2 0 0 0 2 0 0 2 2 0
-2 -2 0 0 2 -2 0 0 0 -2 0 0 0 2 0 0 2 2 0
-2 2 0 0 -2 -2 0 0 0 -2 0 0 0 2 0 0 2 2 0
2 -2 0 0 -2 -2 0 0 0 -2 0 0 0 2 0 0 2 2 0
-2 2 0 0 2 2 0 0 0 2 0 0 0 -2 0 0 -2 -2 0
2 -2 0 0 2 2 0 0 0 2 0 0 0 -2 0 0 -2 -2 0
2 2 0 0 -2 2 0 0 0 2 0 0 0 -2 0 0 -2 -2 0
-2 -2 0 0 -2 2 0 0 0 2 0 0 0 -2 0 0 -2 -2 0
-2 2 0 0 2 2 0 0 0 2 0 0 0 -2 0 0 2 2 0
2 -2 0 0 2 2 0 0 0 2 0 0 0 -2 0 0 2 2 0
2 2 0 0 -2 2 0 0 0 2 0 0 0 -2 0 0 2 2 0
-2 -2 0 0 -2 2 0 0 0 2 0 0 0 -2 0 0 2 2 0
2 2 0 0 2 -2 0 0 0 2 0 0 0 -2 0 0 -2 -2 0
-2 -2 0 0 2 -2 0 0 0 2 0 0 0 -2 0 0 -2 -2 0
-2 2 0 0 -2 -2 0 0 0 2 0 0 0 -2 0 0 -2 -2 0
2 -2 0 0 -2 -2 0 0 0 2 0 0 0 -2 0 0 -2 -2 0
2 2 0 0 2 -2 0 0 0 2 0 0 0 -2 0 0 2 2 0
-2 -2 0 0 2 -2 0 0 0 2 0 0 0 -2 0 0 2 2 0
-2 2 0 0 -2 -2 0 0 0 2 0 0 0 -2 0 0 2 2 0
2 -2 0 0 -2 -2 0 0 0 2 0 0 0 -2 0 0 2 2 0
2 2 0 0 2 2 0 0 0 -2 0 0 0 -2 0 0 -2 -2 0
-2 -2 0 0 2 2 0 0 0 -2 0 0 0 -2 0 0 -2 -2 0
-2 2 0 0 -2 2 0 0 0 -2 0 0 0 -2 0 0 -2 -2 0
2 -2 0 0 -2 2 0 0 0 -2 0 0 0 -2 0 0 -2 -2 0
2 2 0 0 2 2 0 0 0 -2 0 0 0 -2 0 0 2 2 0
-2 -2 0 0 2 2 0 0 0 -2 0 0 0 -2 0 0 2 2 0
-2 2 0 0 -2 2 0 0 0 -2 0 0 0 -2 0 0 2 2 0
2 -2 0 0 -2 2 0 0 0 -2 0 0 0 -2 0 0 2 2 0
-2 2 0 0 2 -2 0 0 0 -2 0 0 0 -2 0 0 -2 -2 0
2 -2 0 0 2 -2 0 0 0 -2 0 0 0 -2 0 0 -2 -2 0
2 2 0 0 -2 -2 0 0 0 -2 0 0 0 -2 0 0 -2 -2 0
-2 -2 0 0 -2 -2 0 0 0 -2 0 0 0 -2 0 0 -2 -2 0
-2 2 0 0 2 -2 0 0 0 -2 0 0 0 -2 0 0 2 2 0
2 -2 0 0 2 -2 0 0 0 -2 0 0 0 -2 0 0 2 2 0
2 2 0 0 -2 -2 0 0 0 -2 0 0 0 -2 0 0 2 2 0
-2 -2 0 0 -2 -2 0 0 0 -2 0 0 0 -2 0 0 2 2 0
0 0 2 0 0 2 2 0 2 2 0 0 0 2 0 0 -2 0 2
0 0 2 0 0 2 2 0 2 2 0 0 0 2 0 0 2 0 -2
0 0 -2 0 0 -2 2 0 2 2 0 0 0 2 0 0 -2 0 2
0 0 -2 0 0 -2 2 0 2 2 0 0 0 2 0 0 2 0 -2
0 0 -2 0 0 2 -2 0 2 2 0 0 0 2 0 0 -2 0 2
0 0 -2 0 0 2 -2 0 2 2 0 0 0 2 0 0 2 0 -2
0 0 2 0 0 -2 -2 0 2 2 0 0 0 2 0 0 -2 0 2
0 0 2 0 0 -2 -2 0 2 2 0 0 0 2 0 0 2 0 -2
0 0 -2 0 0 2 2 0 -2 2 0 0 0 2 0 0 -2 0 2
0 0 -2 0 0 2 2 0 -2 2 0 0 0 2 0 0 2 0 -2
0 0 2 0 0 -2 2 0 -2 2 0 0 0 2 0 0 -2 0 2
0 0 2 0 0 -2 2 0 -2 2 0 0 0 2 0 0 2 0 -2
0 0 2 0 0 2 -2 0 -2 2 0 0 0 2 0 0 -2 0 2
0 0 2 0 0 2 -2 0 -2 2 0 0 0 2 0 0 2 0 -2
0 0 -2 0 0 -2 -2 0 -2 2 0 0 0 2 0 0 -2 0 2
0 0 -2 0 0 -2 -2 0 -2 2 0 0 0 2 0 0 2 0 -2
0 0 -2 0 0 2 2 0 2 -2 0 0 0 2 0 0 -2 0 2
0 0 -2 0 0 2 2 0 2 -2 0 0 0 2 0 0 2 0 -2
0 0 2 0 0 -2 2 0 2 -2 0 0 0 2 0 0 -2 0 2
0 0 2 0 0 -2 2 0 2 -2 0 0 0 2 0 0 2 0 -2
0 0 2 0 0 2 -2 0 2 -2 0 0 0 2 0 0 -2 0 2
0 0 2 0 0 2 -2 0 2 -2 0 0 0 2 0 0 2 0 -2
0 0 -2 0 0 -2 -2 0 2 -2 0 0 0 2 0 0 -2 0 2
0 0 -2 0 0 -2 -2 0 2 -2 0 0 0 2 0 0 2 0 -2
0 0 2 0 0 2 2 0 -2 -2 0 0 0 2 0 0 -2 0 2
0 0 2 0 0 2 2 0 -2 -2 0 0 0 2 0 0 2 0 -2
0 0 -2 0 0 -2 2 0 -2 -2 0 0 0 2 0 0 -2 0 2
0 0 -2 0 0 -2 2 0 -2 -2 0 0 0 2 0 0 2 0 -2
0 0 -2 0 0 2 -2 0 -2 -2 0 0 0 2 0 0 -2 0 2
0 0 -2 0 0 2 -2 0 -2 -2 0 0 0 2 0 0 2 0 -2
0 0 2 0 0 -2 -2 0 -2 -2 0 0 0 2 0 0 -2 0 2
0 0 2 0 0 -2 -2 0 -2 -2 0 0 0 2 0 0 2 0 -2
0 0 -2 0 0 2 2 0 2 2 0 0 0 -2 0 0 -2 0 2
0 0 -2 0 0 2 2 0 2 2 0 0 0 -2 0 0 2 0 -2
0 0 2 0 0 -2 2 0 2 2 0 0 0 -2 0 0 -2 0 2
0 0 2 0 0 -2 2 0 2 2 0 0 0 -2 0 0 2 0 -2
0 0 2 0 0 2 -2 0 2 2 0 0 0 -2 0 0 -2 0 2
0 0 2 0 0 2 -2 0 2 2 0 0 0 -2 0 0 2 0 -2
0 0 -2 0 0 -2 -2 0 2 2 0 0 0 -2 0 0 -2 0 2
0 0 -2 0 0 -2 -2 0 2 2 0 0 0 -2 0 0 2 0 -2
0 0 2 0 0 2 2 0 -2 2 0 0 0 -2 0 0 -2 0 2
0 0 2 0 0 2 2 0 -2 2 0 0 0 -2 0 0 2 0 -2
0 0 -2 0 0 -2 2 0 -2 2 0 0 0 -2 0 0 -2 0 2
0 0 -2 0 0 -2 2 0 -2 2 0 0 0 -2 0 0 2 0 -2
0 0 -2 0 0 2 -2 0 -2 2 0 0 0 -2 0 0 -2 0 2
0 0 -2 0 0 2 -2 0 -2 2 0 0 0 -2 0 0 2 0 -2
0 0 2 0 0 -2 -2 0 -2 2 0 0 0 -2 0 0 -2 0 2
0 0 2 0 0 -2 -2 0 -2 2 0 0 0 -2 0 0 2 0 -2
0 0 2 0 0 2 2 0 2 -2 0 0 0 -2 0 0 -2 0 2
0 0 2 0 0 2 2 0 2 -2 0 0 0 -2 0 0 2 0 -2
0 0 -2 0 0 -2 2 0 2 -2 0 0 0 -2 0 0 -2 0 2
0 0 -2 0 0 -2 2 0 2 -2 0 0 0 -2 0 0 2 0 -2
0 0 -2 0 0 2 -2 0 2 -2 0 0 0 -2 0 0 -2 0 2
0 0 -2 0 0 2 -2 0 2 -2 0 0 0 -2 0 0 2 0 -2
0 0 2 0 0 -2 -2 0 2 -2 0 0 0 -2 0 0 -2 0 2
0 0 2 0 0 -2 -2 0 2 -2 0 0 0 -2 0 0 2 0 -2
0 0 -2 0 0 2 2 0 -2 -2 0 0 0 -2 0 0 -2 0 2
0 0 -2 0 0 2 2 0 -2 -2 0 0 0 -2 0 0 2 0 -2
0 0 2 0 0 -2 2 0 -2 -2 0 0 0 -2 0 0 -2 0 2
0 0 2 0 0 -2 2 0 -2 -2 0 0 0 -2 0 0 2 0 -2
0 0 2 0 0 2 -2 0 -2 -2 0 0 0 -2 0 0 -2 0 2
0 0 2 0 0 2 -2 0 -2 -2 0 0 0 -2 0 0 2 0 -2
0 0 -2 0 0 -2 -2 0 -2 -2 0 0 0 -2 0 0 -2 0 2
0 0 -2 0 0 -2 -2 0 -2 -2 0 0 0 -2 0 0 2 0 -2
2 0 2 0 0 0 2 2 0 0 2 0 0 2 0 0 -2 2 0
-2 0 -2 0 0 0 2 2 0 0 2 0 0 2 0 0 -2 2 0
2 0 2 0 0 0 2 2 0 0 2 0 0 2 0 0 2 -2 0
-2 0 -2 0 0 0 2 2 0 0 2 0 0 2 0 0 2 -2 0
-2 0 2 0 0 0 -2 2 0 0 2 0 0 2 0 0 -2 2 0
2 0 -2 0 0 0 -2 2 0 0 2 0 0 2 0 0 -2 2 0
-2 0 2 0 0 0 -2 2 0 0 2 0 0 2 0 0 2 -2 0
2 0 -2 0 0 0 -2 2 0 0 2 0 0 2 0 0 2 -2 0
-2 0 2 0 0 0 2 -2 0 0 2 0 0 2 0 0 -2 2 0
2 0 -2 0 0 0 2 -2 0 0 2 0 0 2 0 0 -2 2 0
-2 0 2 0 0 0 2 -2 0 0 2 0 0 2 0 0 2 -2 0
2 0 -2 0 0 0 2 -2 0 0 2 0 0 2 0 0 2 -2 0
2 0 2 0 0 0 -2 -2 0 0 2 0 0 2 0 0 -2 2 0
-2 0 -2 0 0 0 -2 -2 0 0 2 0 0 2 0 0 -2 2 0
2 0 2 0 0 0 -2 -2 0 0 2 0 0 2 0 0 2 -2 0
-2 0 -2 0 0 0 -2 -2 0 0 2 0 0 2 0 0 2 -2 0
-2 0 2 0 0 0 2 2 0 0 -2 0 0 2 0 0 -2 2 0
2 0 -2 0 0 0 2 2 0 0 -2 0 0 2 0 0 -2 2 0
-2 0 2 0 0 0 2 2 0 0 -2 0 0 2 0 0 2 -2 0
2 0 -2 0 0 0 2 2 0 0 -2 0 0 2 0 0 2 -2 0
2 0 2 0 0 0 -2 2 0 0 -2 0 0 2 0 0 -2 2 0
-2 0 -2 0 0 0 -2 2 0 0 -2 0 0 2 0 0 -2 2 0
2 0 2 0 0 0 -2 2 0 0 -2 0 0 2 0 0 2 -2 0
-2 0 -2 0 0 0 -2 2 0 0 -2 0 0 2 0 0 2 -2 0
2 0 2 0 0 0 2 -2 0 0 -2 0 0 2 0 0 -2 2 0
-2 0 -2 0 0 0 2 -2 0 0 -2 0 0 2 0 0 -2 2 0
2 0 2 0 0 0 2 -2 0 0 -2 0 0 2 0 0 2 -2 0
-2 0 -2 0 0 0 2 -2 0 0 -2 0 0 2 0 0 2 -2 0
-2 0 2 0 0 0 -2 -2 0 0 -2 0 0 2 0 0 -2 2 0
2 0 -2 0 0 0 -2 -2 0 0 -2 0 0 2 0 0 -2 2 0
-2 0 2 0 0 0 -2 -2 0 0 -2 0 0 2 0 0 2 -2 0
2 0 -2 0 0 0 -2 -2 0 0 -2 0 0 2 0 0 2 -2 0
-2 0 2 0 0 0 2 2 0 0 2 0 0 -2 0 0 -2 2 0
2 0 -2 0 0 0 2 2 0 0 2 0 0 -2 0 0 -2 2 0
-2 0 2 0 0 0 2 2 0 0 2 0 0 -2 0 0 2 -2 0
2 0 -2 0 0 0 2 2 0 0 2 0 0 -2 0 0 2 -2 0
2 0 2 0 0 0 -2 2 0 0 2 0 0 -2 0 0 -2 2 0
-2 0 -2 0 0 0 -2 2 0 0 2 0 0 -2 0 0 -2 2 0
2 0 2 0 0 0 -2 2 0 0 2 0 0 -2 0 0 2 -2 0
-2 0 -2 0 0 0 -2 2 0 0 2 0 0 -2 0 0 2 -2 0
2 0 2 0 0 0 2 -2 0 0 2 0 0 -2 0 0 -2 2 0
-2 0 -2 0 0 0 2 -2 0 0 2 0 0 -2 0 0 -2 2 0
2 0 2 0 0 0 2 -2 0 0 2 0 0 -2 0 0 2 -2 0
-2 0 -2 0 0 0 2 -2 0 0 2 0 0 -2 0 0 2 -2 0
-2 0 2 0 0 0 -2 -2 0 0 2 0 0 -2 0 0 -2 2 0
2 0 -2 0 0 0 -2 -2 0 0 2 0 0 -2 0 0 -2 2 0
-2 0 2 0 0 0 -2 -2 0 0 2 0 0 -2 0 0 2 -2 0
2 0 -2 0 0 0 -2 -2 0 0 2 0 0 -2 0 0 2 -2 0
2 0 2 0 0 0 2 2 0 0 -2 0 0 -2 0 0 -2 2 0
-2 0 -2 0 0 0 2 2 0 0 -2 0 0 -2 0 0 -2 2 0
2 0 2 0 0 0 2 2 0 0 -2 0 0 -2 0 0 2 -2 0
-2 0 -2 0 0 0 2 2 0 0 -2 0 0 -2 0 0 2 -2 0
-2 0 2 0 0 0 -2 2 0 0 -2 0 0 -2 0 0 -2 2 0
2 0 -2 0 0 0 -2 2 0 0 -2 0 0 -2 0 0 -2 2 0
-2 0 2 0 0 0 -2 2 0 0 -2 0 0 -2 0 0 2 -2 0
2 0 -2 0 0 0 -2 2 0 0 -2 0 0 -2 0 0 2 -2 0
-2 0 2 0 0 0 2 -2 0 0 -2 0 0 -2 0 0 -2 2 0
2 0 -2 0 0 0 2 -2 0 0 -2 0 0 -2 0 0 -2 2 0
-2 0 2 0 0 0 2 -2 0 0 -2 0 0 -2 0 0 2 -2 0
2 0 -2 0 0 0 2 -2 0 0 -2 0 0 -2 0 0 2 -2 0
2 0 2 0 0 0 -2 -2 0 0 -2 0 0 -2 0 0 -2 2 0
-2 0 -2 0 0 0 -2 -2 0 0 -2 0 0 -2 0 0 -2 2 0
2 0 2 0 0 0 -2 -2 0 0 -2 0 0 -2 0 0 2 -2 0
-2 0 -2 0 0 0 -2 -2 0 0 -2 0 0 -2 0 0 2 -2 0
0 2 0 0 2 0 0 2 2 0 2 0 0 2 0 0 -2 0 -2
0 2 0 0 2 0 0 2 2 0 2 0 0 2 0 0 2 0 2
0 -2 0 0 -2 0 0 2 2 0 2 0 0 2 0 0 -2 0 -2
0 -2 0 0 -2 0 0 2 2 0 2 0 0 2 0 0 2 0 2
0 -2 0 0 2 0 0 -2 2 0 2 0 0 2 0 0 -2 0 -2
0 -2 0 0 2 0 0 -2 2 0 2 0 0 2 0 0 2 0 2
0 2 0 0 -2 0 0 -2 2 0 2 0 0 2 0 0 -2 0 -2
0 2 0 0 -2 0 0 -2 2 0 2 0 0 2 0 0 2 0 2
0 -2 0 0 2 0 0 2 -2 0 2 0 0 2 0 0 -2 0 -2
0 -2 0 0 2 0 0 2 -2 0 2 0 0 2 0 0 2 0 2
0 2 0 0 -2 0 0 2 -2 0 2 0 0 2 0 0 -2 0 -2
0 2 0 0 -2 0 0 2 -2 0 2 0 0 2 0 0 2 0 2
0 2 0 0 2 0 0 -2 -2 0 2 0 0 2 0 0 -2 0 -2
0 2 0 0 2 0 0 -2 -2 0 2 0 0 2 0 0 2 0 2
0 -2 0 0 -2 0 0 -2 -2 0 2 0 0 2 0 0 -2 0 -2
0 -2 0 0 -2 0 0 -2 -2 0 2 0 0 2 0 0 2 0 2
0 -2 0 0 2 0 0 2 2 0 -2 0 0 2 0 0 -2 0 -2
0 -2 0 0 2 0 0 2 2 0 -2 0 0 2 0 0 2 0 2
0 2 0 0 -2 0 0 2 2 0 -2 0 0 2 0 0 -2 0 -2
0 2 0 0 -2 0 0 2 2 0 -2 0 0 2 0 0 2 0 2
0 2 0 0 2 0 0 -2 2 0 -2 0 0 2 0 0 -2 0 -2
0 2 0 0 2 0 0 -2 2 0 -2 0 0 2 0 0 2 0 2
0 -2 0 0 -2 0 0 -2 2 0 -2 0 0 2 0 0 -2 0 -2
0 -2 0 0 -2 0 0 -2 2 0 -2 0 0 2 0 0 2 0 2
0 2 0 0 2 0 0 2 -2 0 -2 0 0 2 0 0 -2 0 -2
0 2 0 0 2 0 0 2 -2 0 -2 0 0 2 0 0 2 0 2
0 -2 0 0 -2 0 0 2 -2 0 -2 0 0 2 0 0 -2 0 -2
0 -2 0 0 -2 0 0 2 -2 0 -2 0 0 2 0 0 2 0 2
0 -2 0 0 2 0 0 -2 -2 0 -2 0 0 2 0 0 -2 0 -2
0 -2 0 0 2 0 0 -2 -2 0 -2 0 0 2 0 0 2 0 2
0 2 0 0 -2 0 0 -2 -2 0 -2 0 0 2 0 0 -2 0 -2
0 2 0 0 -2 0 0 -2 -2 0 -2 0 0 2 0 0 2 0 2
0 -2 0 0 2 0 0 2 2 0 2 0 0 -2 0 0 -2 0 -2
0 -2 0 0 2 0 0 2 2 0 2 0 0 -2 0 0 2 0 2
0 2 0 0 -2 0 0 2 2 0 2 0 0 -2 0 0 -2 0 -2
0 2 0 0 -2 0 0 2 2 0 2 0 0 -2 0 0 2 0 2
0 2 0 0 2 0 0 -2 2 0 2 0 0 -2 0 0 -2 0 -2
0 2 0 0 2 0 0 -2 2 0 2 0 0 -2 0 0 2 0 2
0 -2 0 0 -2 0 0 -2 2 0 2 0 0 -2 0 0 -2 0 -2
0 -2 0 0 -2 0 0 -2 2 0 2 0 0 -2 0 0 2 0 2
0 2 0 0 2 0 0 2 -2 0 2 0 0 -2 0 0 -2 0 -2
0 2 0 0 2 0 0 2 -2 0 2 0 0 -2 0 0 2 0 2
0 -2 0 0 -2 0 0 2 -2 0 2 0 0 -2 0 0 -2 0 -2
0 -2 0 0 -2 0 0 2 -2 0 2 0 0 -2 0 0 2 0 2
0 -2 0 0 2 0 0 -2 -2 0 2 0 0 -2 0 0 -2 0 -2
0 -2 0 0 2 0 0 -2 -2 0 2 0 0 -2 0 0 2 0 2
0 2 0 0 -2 0 0 -2 -2 0 2 0 0 -2 0 0 -2 0 -2
0 2 0 0 -2 0 0 -2 -2 0 2 0 0 -2 0 0 2 0 2
0 2 0 0 2 0 0 2 2 0 -2 0 0 -2 0 0 -2 0 -2
0 2 0 0 2 0 0 2 2 0 -2 0 0 -2 0 0 2 0 2
0 -2 0 0 -2 0 0 2 2 0 -2 0 0 -2 0 0 -2 0 -2
0 -2 0 0 -2 0 0 2 2 0 -2 0 0 -2 0 0 2 0 2
0 -2 0 0 2 0 0 -2 2 0 -2 0 0 -2 0 0 -2 0 -2
0 -2 0 0 2 0 0 -2 2 0 -2 0 0 -2 0 0 2 0 2
0 2 0 0 -2 0 0 -2 2 0 -2 0 0 -2 0 0 -2 0 -2
0 2 0 0 -2 0 0 -2 2 0 -2 0 0 -2 0 0 2 0 2
0 -2 0 0 2 0 0 2 -2 0 -2 0 0 -2 0 0 -2 0 -2
0 -2 0 0 2 0 0 2 -2 0 -2 0 0 -2 0 0 2 0 2
0 2 0 0 -2 0 0 2 -2 0 -2 0 0 -2 0 0 -2 0 -2
0 2 0 0 -2 0 0 2 -2 0 -2 0 0 -2 0 0 2 0 2
0 2 0 0 2 0 0 -2 -2 0 -2 0 0 -2 0 0 -2 0 -2
0 2 0 0 2 0 0 -2 -2 0 -2 0 0 -2 0 0 2 0 2
0 -2 0 0 -2 0 0 -2 -2 0 -2 0 0 -2 0 0 -2 0 -2
0 -2 0 0 -2 0 0 -2 -2 0 -2 0 0 -2 0 0 2 0 2
0 2 0 2 0 0 2 0 0 2 2 0 0 2 0 0 0 -2 2
0 -2 0 -2 0 0 2 0 0 2 2 0 0 2 0 0 0 -2 2
0 2 0 2 0 0 2 0 0 2 2 0 0 2 0 0 0 2 -2
0 -2 0 -2 0 0 2 0 0 2 2 0 0 2 0 0 0 2 -2
0 -2 0 2 0 0 -2 0 0 2 2 0 0 2 0 0 0 -2 2
0 2 0 -2 0 0 -2 0 0 2 2 0 0 2 0 0 0 -2 2
0 -2 0 2 0 0 -2 0 0 2 2 0 0 2 0 0 0 2 -2
0 2 0 -2 0 0 -2 0 0 2 2 0 0 2 0 0 0 2 -2
0 -2 0 2 0 0 2 0 0 -2 2 0 0 2 0 0 0 -2 2
0 2 0 -2 0 0 2 0 0 -2 2 0 0 2 0 0 0 -2 2
0 -2 0 2 0 0 2 0 0 -2 2 0 0 2 0 0 0 2 -2
0 2 0 -2 0 0 2 0 0 -2 2 0 0 2 0 0 0 2 -2
0 2 0 2 0 0 -2 0 0 -2 2 0 0 2 0 0 0 -2 2
0 -2 0 -2 0 0 -2 0 0 -2 2 0 0 2 0 0 0 -2 2
0 2 0 2 0 0 -2 0 0 -2 2 0 0 2 0 0 0 2 -2
0 -2 0 -2 0 0 -2 0 0 -2 2 0 0 2 0 0 0 2 -2
0 -2 0 2 0 0 2 0 0 2 -2 0 0 2 0 0 0 -2 2
0 2 0 -2 0 0 2 0 0 2 -2 0 0 2 0 0 0 -2 2
0 -2 0 2 0 0 2 0 0 2 -2 0 0 2 0 0 0 2 -2
0 2 0 -2 0 0 2 0 0 2 -2 0 0 2 0 0 0 2 -2
0 2 0 2 0 0 -2 0 0 2 -2 0 0 2 0 0 0 -2 2
0 -2 0 -2 0 0 -2 0 0 2 -2 0 0 2 0 0 0 -2 2
0 2 0 2 0 0 -2 0 0 2 -2 0 0 2 0 0 0 2 -2
0 -2 0 -2 0 0 -2 0 0 2 -2 0 0 2 0 0 0 2 -2
0 2 0 2 0 0 2 0 0 -2 -2 0 0 2 0 0 0 -2 2
0 -2 0 -2 0 0 2 0 0 -2 -2 0 0 2 0 0 0 -2 2
0 2 0 2 0 0 2 0 0 -2 -2 0 0 2 0 0 0 2 -2
0 -2 0 -2 0 0 2 0 0 -2 -2 0 0 2 0 0 0 2 -2
0 -2 0 2 0 0 -2 0 0 -2 -2 0 0 2 0 0 0 -2 2
0 2 0 -2 0 0 -2 0 0 -2 -2 0 0 2 0 0 0 -2 2
0 -2 0 2 0 0 -2 0 0 -2 -2 0 0 2 0 0 0 2 -2
0 2 0 -2 0 0 -2 0 0 -2 -2 0 0 2 0 0 0 2 -2
0 -2 0 2 0 0 2 0 0 2 2 0 0 -2 0 0 0 -2 2
0 2 0 -2 0 0 2 0 0 2 2 0 0 -2 0 0 0 -2 2
0 -2 0 2 0 0 2 0 0 2 2 0 0 -2 0 0 0 2 -2
0 2 0 -2 0 0 2 0 0 2 2 0 0 -2 0 0 0 2 -2
0 2 0 2 0 0 -2 0 0 2 2 0 0 -2 0 0 0 -2 2
0 -2 0 -2 0 0 -2 0 0 2 2 0 0 -2 0 0 0 -2 2
0 2 0 2 0 0 -2 0 0 2 2 0 0 -2 0 0 0 2 -2
0 -2 0 -2 0 0 -2 0 0 2 2 0 0 -2 0 0 0 2 -2
0 2 0 2 0 0 2 0 0 -2 2 0 0 -2 0 0 0 -2 2
0 -2 0 -2 0 0 2 0 0 -2 2 0 0 -2 0 0 0 -2 2
0 2 0 2 0 0 2 0 0 -2 2 0 0 -2 0 0 0 2 -2
0 -2 0 -2 0 0 2 0 0 -2 2 0 0 -2 0 0 0 2 -2
0 -2 0 2 0 0 -2 0 0 -2 2 0 0 -2 0 0 0 -2 2
0 2 0 -2 0 0 -2 0 0 -2 2 0 0 -2 0 0 0 -2 2
0 -2 0 2 0 0 -2 0 0 -2 2 0 0 -2 0 0 0 2 -2
0 2 0 -2 0 0 -2 0 0 -2 2 0 0 -2 0 0 0 2 -2
0 2 0 2 0 0 2 0 0 2 -2 0 0 -2 0 0 0 -2 2
0 -2 0 -2 0 0 2 0 0 2 -2 0 0 -2 0 0 0 -2 2
0 2 0 2 0 0 2 0 0 2 -2 0 0 -2 0 0 0 2 -2
0 -2 0 -2 0 0 2 0 0 2 -2 0 0 -2 0 0 0 2 -2
0 -2 0 2 0 0 -2 0 0 2 -2 0 0 -2 0 0 0 -2 2
0 2 0 -2 0 0 -2 0 0 2 -2 0 0 -2 0 0 0 -2 2
0 -2 0 2 0 0 -2 0 0 2 -2 0 0 -2 0 0 0 2 -2
0 2 0 -2 0 0 -2 0 0 2 -2 0 0 -2 0 0 0 2 -2
0 -2 0 2 0 0 2 0 0 -2 -2 0 0 -2 0 0 0 -2 2
0 2 0 -2 0 0 2 0 0 -2 -2 0 0 -2 0 0 0 -2 2
0 -2 0 2 0 0 2 0 0 -2 -2 0 0 -2 0 0 0 2 -2
0 2 0 -2 0 0 2 0 0 -2 -2 0 0 -2 0 0 0 2 -2
0 2 0 2 0 0 -2 0 0 -2 -2 0 0 -2 0 0 0 -2 2
0 -2 0 -2 0 0 -2 0 0 -2 -2 0 0 -2 0 0 0 -2 2
0 2 0 2 0 0 -2 0 0 -2 -2 0 0 -2 0 0 0 2 -2
0 -2 0 -2 0 0 -2 0 0 -2 -2 0 0 -2 0 0 0 2 -2
0 0 0 2 2 2 0 0 2 0 0 2 0 2 0 0 0 -2 2
0 0 0 -2 -2 2 0 0 2 0 0 2 0 2 0 0 0 -2 2
0 0 0 2 2 2 0 0 2 0 0 2 0 2 0 0 0 2 -2
0 0 0 -2 -2 2 0 0 2 0 0 2 0 2 0 0 0 2 -2
0 0 0 -2 2 -2 0 0 2 0 0 2 0 2 0 0 0 -2 2
0 0 0 2 -2 -2 0 0 2 0 0 2 0 2 0 0 0 -2 2
0 0 0 -2 2 -2 0 0 2 0 0 2 0 2 0 0 0 2 -2
0 0 0 2 -2 -2 0 0 2 0 0 2 0 2 0 0 0 2 -2
0 0 0 -2 2 2 0 0 -2 0 0 2 0 2 0 0 0 -2 2
0 0 0 2 -2 2 0 0 -2 0 0 2 0 2 0 0 0 -2 2
0 0 0 -2 2 2 0 0 -2 0 0 2 0 2 0 0 0 2 -2
0 0 0 2 -2 2 0 0 -2 0 0 2 0 2 0 0 0 2 -2
0 0 0 2 2 -2 0 0 -2 0 0 2 0 2 0 0 0 -2 2
0 0 0 -2 -2 -2 0 0 -2 0 0 2 0 2 0 0 0 -2 2
0 0 0 2 2 -2 0 0 -2 0 0 2 0 2 0 0 0 2 -2
0 0 0 -2 -2 -2 0 0 -2 0 0 2 0 2 0 0 0 2 -2
0 0 0 -2 2 2 0 0 2 0 0 -2 0 2 0 0 0 -2 2
0 0 0 2 -2 2 0 0 2 0 0 -2 0 2 0 0 0 -2 2
0 0 0 -2 2 2 0 0 2 0 0 -2 0 2 0 0 0 2 -2
0 0 0 2 -2 2 0 0 2 0 0 -2 0 2 0 0 0 2 -2
0 0 0 2 2 -2 0 0 2 0 0 -2 0 2 0 0 0 -2 2
0 0 0 -2 -2 -2 0 0 2 0 0 -2 0 2 0 0 0 -2 2
0 0 0 2 2 -2 0 0 2 0 0 -2 0 2 0 0 0 2 -2
0 0 0 -2 -2 -2 0 0 2 0 0 -2 0 2 0 0 0 2 -2
0 0 0 2 2 2 0 0 -2 0 0 -2 0 2 0 0 0 -2 2
0 0 0 -2 -2 2 0 0 -2 0 0 -2 0 2 0 0 0 -2 2
0 0 0 2 2 2 0 0 -2 0 0 -2 0 2 0 0 0 2 -2
0 0 0 -2 -2 2 0 0 -2 0 0 -2 0 2 0 0 0 2 -2
0 0 0 -2 2 -2 0 0 -2 0 0 -2 0 2 0 0 0 -2 2
0 0 0 2 -2 -2 0 0 -2 0 0 -2 0 2 0 0 0 -2 2
0 0 0 -2 2 -2 0 0 -2 0 0 -2 0 2 0 0 0 2 -2
0 0 0 2 -2 -2 0 0 -2 0 0 -2 0 2 0 0 0 2 -2
0 0 0 -2 2 2 0 0 2 0 0 2 0 -2 0 0 0 -2 2
0 0 0 2 -2 2 0 0 2 0 0 2 0 -2 0 0 0 -2 2
0 0 0 -2 2 2 0 0 2 0 0 2 0 -2 0 0 0 2 -2
0 0 0 2 -2 2 0 0 2 0 0 2 0 -2 0 0 0 2 -2
0 0 0 2 2 -2 0 0 2 0 0 2 0 -2 0 0 0 -2 2
0 0 0 -2 -2 -2 0 0 2 0 0 2 0 -2 0 0 0 -2 2
0 0 0 2 2 -2 0 0 2 0 0 2 0 -2 0 0 0 2 -2
0 0 0 -2 -2 -2 0 0 2 0 0 2 0 -2 0 0 0 2 -2
0 0 0 2 2 2 0 0 -2 0 0 2 0 -2 0 0 0 -2 2
0 0 0 -2 -2 2 0 0 -2 0 0 2 0 -2 0 0 0 -2 2
0 0 0 2 2 2 0 0 -2 0 0 2 0 -2 0 0 0 2 -2
0 0 0 -2 -2 2 0 0 -2 0 0 2 0 -2 0 0 0 2 -2
0 0 0 -2 2 -2 0 0 -2 0 0 2 0 -2 0 0 0 -2 2
0 0 0 2 -2 -2 0 0 -2 0 0 2 0 -2 0 0 0 -2 2
0 0 0 -2 2 -2 0 0 -2 0 0 2 0 -2 0 0 0 2 -2
0 0 0 2 -2 -2 0 0 -2 0 0 2 0 -2 0 0 0 2 -2
0 0 0 2 2 2 0 0 2 0 0 -2 0 -2 0 0 0 -2 2
0 0 0 -2 -2 2 0 0 2 0 0 -2 0 -2 0 0 0 -2 2
0 0 0 2 2 2 0 0 2 0 0 -2 0 -2 0 0 0 2 -2
0 0 0 -2 -2 2 0 0 2 0 0 -2 0 -2 0 0 0 2 -2
0 0 0 -2 2 -2 0 0 2 0 0 -2 0 -2 0 0 0 -2 2
0 0 0 2 -2 -2 0 0 2 0 0 -2 0 -2 0 0 0 -2 2
0 0 0 -2 2 -2 0 0 2 0 0 -2 0 -2 0 0 0 2 -2
0 0 0 2 -2 -2 0 0 2 0 0 -2 0 -2 0 0 0 2 -2
0 0 0 -2 2 2 0 0 -2 0 0 -2 0 -2 0 0 0 -2 2
0 0 0 2 -2 2 0 0 -2 0 0 -2 0 -2 0 0 0 -2 2
0 0 0 -2 2 2 0 0 -2 0 0 -2 0 -2 0 0 0 2 -2
0 0 0 2 -2 2 0 0 -2 0 0 -2 0 -2 0 0 0 2 -2
0 0 0 2 2 -2 0 0 -2 0 0 -2 0 -2 0 0 0 -2 2
0 0 0 -2 -2 -2 0 0 -2 0 0 -2 0 -2 0 0 0 -2 2
0 0 0 2 2 -2 0 0 -2 0 0 -2 0 -2 0 0 0 2 -2
0 0 0 -2 -2 -2 0 0 -2 0 0 -2 0 -2 0 0 0 2 -2
0 0 0 0 0 2 2 2 0 2 0 2 0 2 0 0 -2 0 -2
0 0 0 0 0 2 2 2 0 2 0 2 0 2 0 0 2 0 2
0 0 0 0 0 -2 -2 2 0 2 0 2 0 2 0 0 -2 0 -2
0 0 0 0 0 -2 -2 2 0 2 0 2 0 2 0 0 2 0 2
0 0 0 0 0 -2 2 -2 0 2 0 2 0 2 0 0 -2 0 -2
0 0 0 0 0 -2 2 -2 0 2 0 2 0 2 0 0 2 0 2
0 0 0 0 0 2 -2 -2 0 2 0 2 0 2 0 0 -2 0 -2
0 0 0 0 0 2 -2 -2 0 2 0 2 0 2 0 0 2 0 2
0 0 0 0 0 -2 2 2 0 -2 0 2 0 2 0 0 -2 0 -2
0 0 0 0 0 -2 2 2 0 -2 0 2 0 2 0 0 2 0 2
0 0 0 0 0 2 -2 2 0 -2 0 2 0 2 0 0 -2 0 -2
0 0 0 0 0 2 -2 2 0 -2 0 2 0 2 0 0 2 0 2
0 0 0 0 0 2 2 -2 0 -2 0 2 0 2 0 0 -2 0 -2
0 0 0 0 0 2 2 -2 0 -2 0 2 0 2 0 0 2 0 2
0 0 0 0 0 -2 -2 -2 0 -2 0 2 0 2 0 0 -2 0 -2
0 0 0 0 0 -2 -2 -2 0 -2 0 2 0 2 0 0 2 0 2
0 0 0 0 0 -2 2 2 0 2 0 -2 0 2 0 0 -2 0 -2
0 0 0 0 0 -2 2 2 0 2 0 -2 0 2 0 0 2 0 2
0 0 0 0 0 2 -2 2 0 2 0 -2 0 2 0 0 -2 0 -2
0 0 0 0 0 2 -2 2 0 2 0 -2 0 2 0 0 2 0 2
0 0 0 0 0 2 2 -2 0 2 0 -2 0 2 0 0 -2 0 -2
0 0 0 0 0 2 2 -2 0 2 0 -2 0 2 0 0 2 0 2
0 0 0 0 0 -2 -2 -2 0 2 0 -2 0 2 0 0 -2 0 -2
0 0 0 0 0 -2 -2 -2 0 2 0 -2 0 2 0 0 2 0 2
0 0 0 0 0 2 2 2 0 -2 0 -2 0 2 0 0 -2 0 -2
0 0 0 0 0 2 2 2 0 -2 0 -2 0 2 0 0 2 0 2
0 0 0 0 0 -2 -2 2 0 -2 0 -2 0 2 0 0 -2 0 -2
0 0 0 0 0 -2 -2 2 0 -2 0 -2 0 2 0 0 2 0 2
0 0 0 0 0 -2 2 -2 0 -2 0 -2 0 2 0 0 -2 0 -2
0 0 0 0 0 -2 2 -2 0 -2 0 -2 0 2 0 0 2 0 2
0 0 0 0 0 2 -2 -2 0 -2 0 -2 0 2 0 0 -2 0 -2
0 0 0 0 0 2 -2 -2 0 -2 0 -2 0 2 0 0 2 0 2
0 0 0 0 0 -2 2 2 0 2 0 2 0 -2 0 0 -2 0 -2
0 0 0 0 0 -2 2 2 0 2 0 2 0 -2 0 0 2 0 2
0 0 0 0 0 2 -2 2 0 2 0 2 0 -2 0 0 -2 0 -2
0 0 0 0 0 2 -2 2 0 2 0 2 0 -2 0 0 2 0 2
0 0 0 0 0 2 2 -2 0 2 0 2 0 -2 0 0 -2 0 -2
0 0 0 0 0 2 2 -2 0 2 0 2 0 -2 0 0 2 0 2
0 0 0 0 0 -2 -2 -2 0 2 0 2 0 -2 0 0 -2 0 -2
0 0 0 0 0 -2 -2 -2 0 2 0 2 0 -2 0 0 2 0 2
0 0 0 0 0 2 2 2 0 -2 0 2 0 -2 0 0 -2 0 -2
0 0 0 0 0 2 2 2 0 -2 0 2 0 -2 0 0 2 0 2
0 0 0 0 0 -2 -2 2 0 -2 0 2 0 -2 0 0 -2 0 -2
0 0 0 0 0 -2 -2 2 0 -2 0 2 0 -2 0 0 2 0 2
0 0 0 0 0 -2 2 -2 0 -2 0 2 0 -2 0 0 -2 0 -2
0 0 0 0 0 -2 2 -2 0 -2 0 2 0 -2 0 0 2 0 2
0 0 0 0 0 2 -2 -2 0 -2 0 2 0 -2 0 0 -2 0 -2
0 0 0 0 0 2 -2 -2 0 -2 0 2 0 -2 0 0 2 0 2
0 0 0 0 0 2 2 2 0 2 0 -2 0 -2 0 0 -2 0 -2
0 0 0 0 0 2 2 2 0 2 0 -2 0 -2 0 0 2 0 2
0 0 0 0 0 -2 -2 2 0 2 0 -2 0 -2 0 0 -2 0 -2
0 0 0 0 0 -2 -2 2 0 2 0 -2 0 -2 0 0 2 0 2
0 0 0 0 0 -2 2 -2 0 2 0 -2 0 -2 0 0 -2 0 -2
0 0 0 0 0 -2 2 -2 0 2 0 -2 0 -2 0 0 2 0 2
0 0 0 0 0 2 -2 -2 0 2 0 -2 0 -2 0 0 -2 0 -2
0 0 0 0 0 2 -2 -2 0 2 0 -2 0 -2 0 0 2 0 2
0 0 0 0 0 -2 2 2 0 -2 0 -2 0 -2 0 0 -2 0 -2
0 0 0 0 0 -2 2 2 0 -2 0 -2 0 -2 0 0 2 0 2
0 0 0 0 0 2 -2 2 0 -2 0 -2 0 -2 0 0 -2 0 -2
0 0 0 0 0 2 -2 2 0 -2 0 -2 0 -2 0 0 2 0 2
0 0 0 0 0 2 2 -2 0 -2 0 -2 0 -2 0 0 -2 0 -2
0 0 0 0 0 2 2 -2 0 -2 0 -2 0 -2 0 0 2 0 2
0 0 0 0 0 -2 -2 -2 0 -2 0 -2 0 -2 0 0 -2 0 -2
0 0 0 0 0 -2 -2 -2 0 -2 0 -2 0 -2 0 0 2 0 2
0 2 2 0 2 0 0 0 0 0 2 2 0 2 0 0 -2 0 2
0 -2 -2 0 2 0 0 0 0 0 2 2 0 2 0 0 -2 0 2
0 -2 2 0 -2 0 0 0 0 0 2 2 0 2 0 0 -2 0 2
0 2 -2 0 -2 0 0 0 0 0 2 2 0 2 0 0 -2 0 2
0 2 2 0 2 0 0 0 0 0 2 2 0 2 0 0 2 0 -2
0 -2 -2 0 2 0 0 0 0 0 2 2 0 2 0 0 2 0 -2
0 -2 2 0 -2 0 0 0 0 0 2 2 0 2 0 0 2 0 -2
0 2 -2 0 -2 0 0 0 0 0 2 2 0 2 0 0 2 0 -2
0 -2 2 0 2 0 0 0 0 0 -2 2 0 2 0 0 -2 0 2
0 2 -2 0 2 0 0 0 0 0 -2 2 0 2 0 0 -2 0 2
0 2 2 0 -2 0 0 0 0 0 -2 2 0 2 0 0 -2 0 2
0 -2 -2 0 -2 0 0 0 0 0 -2 2 0 2 0 0 -2 0 2
0 -2 2 0 2 0 0 0 0 0 -2 2 0 2 0 0 2 0 -2
0 2 -2 0 2 0 0 0 0 0 -2 2 0 2 0 0 2 0 -2
0 2 2 0 -2 0 0 0 0 0 -2 2 0 2 0 0 2 0 -2
0 -2 -2 0 -2 0 0 0 0 0 -2 2 0 2 0 0 2 0 -2
0 -2 2 0 2 0 0 0 0 0 2 -2 0 2 0 0 -2 0 2
0 2 -2 0 2 0 0 0 0 0 2 -2 0 2 0 0 -2 0 2
0 2 2 0 -2 0 0 0 0 0 2 -2 0 2 0 0 -2 0 2
0 -2 -2 0 -2 0 0 0 0 0 2 -2 0 2 0 0 -2 0 2
0 -2 2 0 2 0 0 0 0 0 2 -2 0 2 0 0 2 0 -2
0 2 -2 0 2 0 0 0 0 0 2 -2 0 2 0 0 2 0 -2
0 2 2 0 -2 0 0 0 0 0 2 -2 0 2 0 0 2 0 -2
0 -2 -2 0 -2 0 0 0 0 0 2 -2 0 2 0 0 2 0 -2
0 2 2 0 2 0 0 0 0 0 -2 -2 0 2 0 0 -2 0 2
0 -2 -2 0 2 0 0 0 0 0 -2 -2 0 2 0 0 -2 0 2
0 -2 2 0 -2 0 0 0 0 0 -2 -2 0 2 0 0 -2 0 2
0 2 -2 0 -2 0 0 0 0 0 -2 -2 0 2 0 0 -2 0 2
0 2 2 0 2 0 0 0 0 0 -2 -2 0 2 0 0 2 0 -2
0 -2 -2 0 2 0 0 0 0 0 -2 -2 0 2 0 0 2 0 -2
0 -2 2 0 -2 0 0 0 0 0 -2 -2 0 2 0 0 2 0 -2
0 2 -2 0 -2 0 0 0 0 0 -2 -2 0 2 0 0 2 0 -2
0 -2 2 0 2 0 0 0 0 0 2 2 0 -2 0 0 -2 0 2
0 2 -2 0 2 0 0 0 0 0 2 2 0 -2 0 0 -2 0 2
0 2 2 0 -2 0 0 0 0 0 2 2 0 -2 0 0 -2 0 2
0 -2 -2 0 -2 0 0 0 0 0 2 2 0 -2 0 0 -2 0 2
0 -2 2 0 2 0 0 0 0 0 2 2 0 -2 0 0 2 0 -2
0 2 -2 0 2 0 0 0 0 0 2 2 0 -2 0 0 2 0 -2
0 2 2 0 -2 0 0 0 0 0 2 2 0 -2 0 0 2 0 -2
0 -2 -2 0 -2 0 0 0 0 0 2 2 0 -2 0 0 2 0 -2
0 2 2 0 2 0 0 0 0 0 -2 2 0 -2 0 0 -2 0 2
0 -2 -2 0 2 0 0 0 0 0 -2 2 0 -2 0 0 -2 0 2
0 -2 2 0 -2 0 0 0 0 0 -2 2 0 -2 0 0 -2 0 2
0 2 -2 0 -2 0 0 0 0 0 -2 2 0 -2 0 0 -2 0 2
0 2 2 0 2 0 0 0 0 0 -2 2 0 -2 0 0 2 0 -2
0 -2 -2 0 2 0 0 0 0 0 -2 2 0 -2 0 0 2 0 -2
0 -2 2 0 -2 0 0 0 0 0 -2 2 0 -2 0 0 2 0 -2
0 2 -2 0 -2 0 0 0 0 0 -2 2 0 -2 0 0 2 0 -2
0 2 2 0 2 0 0 0 0 0 2 -2 0 -2 0 0 -2 0 2
0 -2 -2 0 2 0 0 0 0 0 2 -2 0 -2 0 0 -2 0 2
0 -2 2 0 -2 0 0 0 0 0 2 -2 0 -2 0 0 -2 0 2
0 2 -2 0 -2 0 0 0 0 0 2 -2 0 -2 0 0 -2 0 2
0 2 2 0 2 0 0 0 0 0 2 -2 0 -2 0 0 2 0 -2
0 -2 -2 0 2 0 0 0 0 0 2 -2 0 -2 0 0 2 0 -2
0 -2 2 0 -2 0 0 0 0 0 2 -2 0 -2 0 0 2 0 -2
0 2 -2 0 -2 0 0 0 0 0 2 -2 0 -2 0 0 2 0 -2
0 -2 2 0 2 0 0 0 0 0 -2 -2 0 -2 0 0 -2 0 2
0 2 -2 0 2 0 0 0 0 0 -2 -2 0 -2 0 0 -2 0 2
0 2 2 0 -2 0 0 0 0 0 -2 -2 0 -2 0 0 -2 0 2
0 -2 -2 0 -2 0 0 0 0 0 -2 -2 0 -2 0 0 -2 0 2
0 -2 2 0 2 0 0 0 0 0 -2 -2 0 -2 0 0 2 0 -2
0 2 -2 0 2 0 0 0 0 0 -2 -2 0 -2 0 0 2 0 -2
0 2 2 0 -2 0 0 0 0 0 -2 -2 0 -2 0 0 2 0 -2
0 -2 -2 0 -2 0 0 0 0 0 -2 -2 0 -2 0 0 2 0 -2
2 0 0 0 0 0 2 0 2 0 2 2 0 2 0 0 -2 -2 0
2 0 0 0 0 0 2 0 2 0 2 2 0 2 0 0 2 2 0
-2 0 0 0 0 0 -2 0 2 0 2 2 0 2 0 0 -2 -2 0
-2 0 0 0 0 0 -2 0 2 0 2 2 0 2 0 0 2 2 0
-2 0 0 0 0 0 2 0 -2 0 2 2 0 2 0 0 -2 -2 0
-2 0 0 0 0 0 2 0 -2 0 2 2 0 2 0 0 2 2 0
2 0 0 0 0 0 -2 0 -2 0 2 2 0 2 0 0 -2 -2 0
2 0 0 0 0 0 -2 0 -2 0 2 2 0 2 0 0 2 2 0
-2 0 0 0 0 0 2 0 2 0 -2 2 0 2 0 0 -2 -2 0
-2 0 0 0 0 0 2 0 2 0 -2 2 0 2 0 0 2 2 0
2 0 0 0 0 0 -2 0 2 0 -2 2 0 2 0 0 -2 -2 0
2 0 0 0 0 0 -2 0 2 0 -2 2 0 2 0 0 2 2 0
2 0 0 0 0 0 2 0 -2 0 -2 2 0 2 0 0 -2 -2 0
2 0 0 0 0 0 2 0 -2 0 -2 2 0 2 0 0 2 2 0
-2 0 0 0 0 0 -2 0 -2 0 -2 2 0 2 0 0 -2 -2 0
-2 0 0 0 0 0 -2 0 -2 0 -2 2 0 2 0 0 2 2 0
-2 0 0 0 0 0 2 0 2 0 2 -2 0 2 0 0 -2 -2 0
-2 0 0 0 0 0 2 0 2 0 2 -2 0 2 0 0 2 2 0
2 0 0 0 0 0 -2 0 2 0 2 -2 0 2 0 0 -2 -2 0
2 0 0 0 0 0 -2 0 2 0 2 -2 0 2 0 0 2 2 0
2 0 0 0 0 0 2 0 -2 0 2 -2 0 2 0 0 -2 -2 0
2 0 0 0 0 0 2 0 -2 0 2 -2 0 2 0 0 2 2 0
-2 0 0 0 0 0 -2 0 -2 0 2 -2 0 2 0 0 -2 -2 0
-2 0 0 0 0 0 -2 0 -2 0 2 -2 0 2 0 0 2 2 0
2 0 0 0 0 0 2 0 2 0 -2 -2 0 2 0 0 -2 -2 0
2 0 0 0 0 0 2 0 2 0 -2 -2 0 2 0 0 2 2 0
-2 0 0 0 0 0 -2 0 2 0 -2 -2 0 2 0 0 -2 -2 0
-2 0 0 0 0 0 -2 0 2 0 -2 -2 0 2 0 0 2 2 0
-2 0 0 0 0 0 2 0 -2 0 -2 -2 0 2 0 0 -2 -2 0
-2 0 0 0 0 0 2 0 -2 0 -2 -2 0 2 0 0 2 2 0
2 0 0 0 0 0 -2 0 -2 0 -2 -2 0 2 0 0 -2 -2 0
2 0 0 0 0 0 -2 0 -2 0 -2 -2 0 2 0 0 2 2 0
-2 0 0 0 0 0 2 0 2 0 2 2 0 -2 0 0 -2 -2 0
-2 0 0 0 0 0 2 0 2 0 2 2 0 -2 0 0 2 2 0
2 0 0 0 0 0 -2 0 2 0 2 2 0 -2 0 0 -2 -2 0
2 0 0 0 0 0 -2 0 2 0 2 2 0 -2 0 0 2 2 0
2 0 0 0 0 0 2 0 -2 0 2 2 0 -2 0 0 -2 -2 0
2 0 0 0 0 0 2 0 -2 0 2 2 0 -2 0 0 2 2 0
-2 0 0 0 0 0 -2 0 -2 0 2 2 0 -2 0 0 -2 -2 0
-2 0 0 0 0 0 -2 0 -2 0 2 2 0 -2 0 0 2 2 0
2 0 0 0 0 0 2 0 2 0 -2 2 0 -2 0 0 -2 -2 0
2 0 0 0 0 0 2 0 2 0 -2 2 0 -2 0 0 2 2 0
-2 0 0 0 0 0 -2 0 2 0 -2 2 0 -2 0 0 -2 -2 0
-2 0 0 0 0 0 -2 0 2 0 -2 2 0 -2 0 0 2 2 0
-2 0 0 0 0 0 2 0 -2 0 -2 2 0 -2 0 0 -2 -2 0
-2 0 0 0 0 0 2 0 -2 0 -2 2 0 -2 0 0 2 2 0
2 0 0 0 0 0 -2 0 -2 0 -2 2 0 -2 0 0 -2 -2 0
2 0 0 0 0 0 -2 0 -2 0 -2 2 0 -2 0 0 2 2 0
2 0 0 0 0 0 2 0 2 0 2 -2 0 -2 0 0 -2 -2 0
2 0 0 0 0 0 2 0 2 0 2 -2 0 -2 0 0 2 2 0
-2 0 0 0 0 0 -2 0 2 0 2 -2 0 -2 0 0 -2 -2 0
-2 0 0 0 0 0 -2 0 2 0 2 -2 0 -2 0 0 2 2 0
-2 0 0 0 0 0 2 0 -2 0 2 -2 0 -2 0 0 -2 -2 0
-2 0 0 0 0 0 2 0 -2 0 2 -2 0 -2 0 0 2 2 0
2 0 0 0 0 0 -2 0 -2 0 2 -2 0 -2 0 0 -2 -2 0
2 0 0 0 0 0 -2 0 -2 0 2 -2 0 -2 0 0 2 2 0
-2 0 0 0 0 0 2 0 2 0 -2 -2 0 -2 0 0 -2 -2 0
-2 0 0 0 0 0 2 0 2 0 -2 -2 0 -2 0 0 2 2 0
2 0 0 0 0 0 -2 0 2 0 -2 -2 0 -2 0 0 -2 -2 0
2 0 0 0 0 0 -2 0 2 0 -2 -2 0 -2 0 0 2 2 0
2 0 0 0 0 0 2 0 -2 0 -2 -2 0 -2 0 0 -2 -2 0
2 0 0 0 0 0 2 0 -2 0 -2 -2 0 -2 0 0 2 2 0
-2 0 0 0 0 0 -2 0 -2 0 -2 -2 0 -2 0 0 -2 -2 0
-2 0 0 0 0 0 -2 0 -2 0 -2 -2 0 -2 0 0 2 2 0
-2 0 0 2 2 0 0 2 0 2 2 2 0 2 0 0 0 0 0
2 0 0 -2 2 0 0 2 0 2 2 2 0 2 0 0 0 0 0
2 0 0 2 -2 0 0 2 0 2 2 2 0 2 0 0 0 0 0
-2 0 0 -2 -2 0 0 2 0 2 2 2 0 2 0 0 0 0 0
2 0 0 2 2 0 0 -2 0 2 2 2 0 2 0 0 0 0 0
-2 0 0 -2 2 0 0 -2 0 2 2 2 0 2 0 0 0 0 0
-2 0 0 2 -2 0 0 -2 0 2 2 2 0 2 0 0 0 0 0
2 0 0 -2 -2 0 0 -2 0 2 2 2 0 2 0 0 0 0 0
2 0 0 2 2 0 0 2 0 -2 2 2 0 2 0 0 0 0 0
-2 0 0 -2 2 0 0 2 0 -2 2 2 0 2 0 0 0 0 0
-2 0 0 2 -2 0 0 2 0 -2 2 2 0 2 0 0 0 0 0
2 0 0 -2 -2 0 0 2 0 -2 2 2 0 2 0 0 0 0 0
-2 0 0 2 2 0 0 -2 0 -2 2 2 0 2 0 0 0 0 0
2 0 0 -2 2 0 0 -2 0 -2 2 2 0 2 0 0 0 0 0
2 0 0 2 -2 0 0 -2 0 -2 2 2 0 2 0 0 0 0 0
-2 0 0 -2 -2 0 0 -2 0 -2 2 2 0 2 0 0 0 0 0
2 0 0 2 2 0 0 2 0 2 -2 2 0 2 0 0 0 0 0
-2 0 0 -2 2 0 0 2 0 2 -2 2 0 2 0 0 0 0 0
-2 0 0 2 -2 0 0 2 0 2 -2 2 0 2 0 0 0 0 0
2 0 0 -2 -2 0 0 2 0 2 -2 2 0 2 0 0 0 0 0
-2 0 0 2 2 0 0 -2 0 2 -2 2 0 2 0 0 0 0 0
2 0 0 -2 2 0 0 -2 0 2 -2 2 0 2 0 0 0 0 0
2 0 0 2 -2 0 0 -2 0 2 -2 2 0 2 0 0 0 0 0
-2 0 0 -2 -2 0 0 -2 0 2 -2 2 0 2 0 0 0 0 0
-2 0 0 2 2 0 0 2 0 -2 -2 2 0 2 0 0 0 0 0
2 0 0 -2 2 0 0 2 0 -2 -2 2 0 2 0 0 0 0 0
2 0 0 2 -2 0 0 2 0 -2 -2 2 0 2 0 0 0 0 0
-2 0 0 -2 -2 0 0 2 0 -2 -2 2 0 2 0 0 0 0 0
2 0 0 2 2 0 0 -2 0 -2 -2 2 0 2 0 0 0 0 0
-2 0 0 -2 2 0 0 -2 0 -2 -2 2 0 2 0 0 0 0 0
-2 0 0 2 -2 0 0 -2 0 -2 -2 2 0 2 0 0 0 0 0
2 0 0 -2 -2 0 0 -2 0 -2 -2 2 0 2 0 0 0 0 0
2 0 0 2 2 0 0 2 0 2 2 -2 0 2 0 0 0 0 0
-2 0 0 -2 2 0 0 2 0 2 2 -2 0 2 0 0 0 0 0
-2 0 0 2 -2 0 0 2 0 2 2 -2 0 2 0 0 0 0 0
2 0 0 -2 -2 0 0 2 0 2 2 -2 0 2 0 0 0 0 0
-2 0 0 2 2 0 0 -2 0 2 2 -2 0 2 0 0 0 0 0
2 0 0 -2 2 0 0 -2 0 2 2 -2 0 2 0 0 0 0 0
2 0 0 2 -2 0 0 -2 0 2 2 -2 0 2 0 0 0 0 0
-2 0 0 -2 -2 0 0 -2 0 2 2 -2 0 2 0 0 0 0 0
-2 0 0 2 2 0 0 2 0 -2 2 -2 0 2 0 0 0 0 0
2 0 0 -2 2 0 0 2 0 -2 2 -2 0 2 0 0 0 0 0
2 0 0 2 -2 0 0 2 0 -2 2 -2 0 2 0 0 0 0 0
-2 0 0 -2 -2 0 0 2 0 -2 2 -2 0 2 0 0 0 0 0
2 0 0 2 2 0 0 -2 0 -2 2 -2 0 2 0 0 0 0 0
-2 0 0 -2 2 0 0 -2 0 -2 2 -2 0 2 0 0 0 0 0
-2 0 0 2 -2 0 0 -2 0 -2 2 -2 0 2 0 0 0 0 0
2 0 0 -2 -2 0 0 -2 0 -2 2 -2 0 2 0 0 0 0 0
-2 0 0 2 2 0 0 2 0 2 -2 -2 0 2 0 0 0 0 0
2 0 0 -2 2 0 0 2 0 2 -2 -2 0 2 0 0 0 0 0
2 0 0 2 -2 0 0 2 0 2 -2 -2 0 2 0 0 0 0 0
-2 0 0 -2 -2 0 0 2 0 2 -2 -2 0 2 0 0 0 0 0
2 0 0 2 2 0 0 -2 0 2 -2 -2 0 2 0 0 0 0 0
-2 0 0 -2 2 0 0 -2 0 2 -2 -2 0 2 0 0 0 0 0
-2 0 0 2 -2 0 0 -2 0 2 -2 -2 0 2 0 0 0 0 0
2 0 0 -2 -2 0 0 -2 0 2 -2 -2 0 2 0 0 0 0 0
2 0 0 2 2 0 0 2 0 -2 -2 -2 0 2 0 0 0 0 0
-2 0 0 -2 2 0 0 2 0 -2 -2 -2 0 2 0 0 0 0 0
-2 0 0 2 -2 0 0 2 0 -2 -2 -2 0 2 0 0 0 0 0
2 0 0 -2 -2 0 0 2 0 -2 -2 -2 0 2 0 0 0 0 0
-2 0 0 2 2 0 0 -2 0 -2 -2 -2 0 2 0 0 0 0 0
2 0 0 -2 2 0 0 -2 0 -2 -2 -2 0 2 0 0 0 0 0
2 0 0 2 -2 0 0 -2 0 -2 -2 -2 0 2 0 0 0 0 0
-2 0 0 -2 -2 0 0 -2 0 -2 -2 -2 0 2 0 0 0 0 0
2 0 0 2 2 0 0 2 0 2 2 2 0 -2 0 0 0 0 0
-2 0 0 -2 2 0 0 2 0 2 2 2 0 -2 0 0 0 0 0
-2 0 0 2 -2 0 0 2 0 2 2 2 0 -2 0 0 0 0 0
2 0 0 -2 -2 0 0 2 0 2 2 2 0 -2 0 0 0 0 0
-2 0 0 2 2 0 0 -2 0 2 2 2 0 -2 0 0 0 0 0
2 0 0 -2 2 0 0 -2 0 2 2 2 0 -2 0 0 0 0 0
2 0 0 2 -2 0 0 -2 0 2 2 2 0 -2 0 0 0 0 0
-2 0 0 -2 -2 0 0 -2 0 2 2 2 0 -2 0 0 0 0 0
-2 0 0 2 2 0 0 2 0 -2 2 2 0 -2 0 0 0 0 0
2 0 0 -2 2 0 0 2 0 -2 2 2 0 -2 0 0 0 0 0
2 0 0 2 -2 0 0 2 0 -2 2 2 0 -2 0 0 0 0 0
-2 0 0 -2 -2 0 0 2 0 -2 2 2 0 -2 0 0 0 0 0
2 0 0 2 2 0 0 -2 0 -2 2 2 0 -2 0 0 0 0 0
-2 0 0 -2 2 0 0 -2 0 -2 2 2 0 -2 0 0 0 0 0
-2 0 0 2 -2 0 0 -2 0 -2 2 2 0 -2 0 0 0 0 0
2 0 0 -2 -2 0 0 -2 0 -2 2 2 0 -2 0 0 0 0 0
-2 0 0 2 2 0 0 2 0 2 -2 2 0 -2 0 0 0 0 0
2 0 0 -2 2 0 0 2 0 2 -2 2 0 -2 0 0 0 0 0
2 0 0 2 -2 0 0 2 0 2 -2 2 0 -2 0 0 0 0 0
-2 0 0 -2 -2 0 0 2 0 2 -2 2 0 -2 0 0 0 0 0
2 0 0 2 2 0 0 -2 0 2 -2 2 0 -2 0 0 0 0 0
-2 0 0 -2 2 0 0 -2 0 2 -2 2 0 -2 0 0 0 0 0
-2 0 0 2 -2 0 0 -2 0 2 -2 2 0 -2 0 0 0 0 0
2 0 0 -2 -2 0 0 -2 0 2 -2 2 0 -2 0 0 0 0 0
2 0 0 2 2 0 0 2 0 -2 -2 2 0 -2 0 0 0 0 0
-2 0 0 -2 2 0 0 2 0 -2 -2 2 0 -2 0 0 0 0 0
-2 0 0 2 -2 0 0 2 0 -2 -2 2 0 -2 0 0 0 0 0
2 0 0 -2 -2 0 0 2 0 -2 -2 2 0 -2 0 0 0 0 0
-2 0 0 2 2 0 0 -2 0 -2 -2 2 0 -2 0 0 0 0 0
2 0 0 -2 2 0 0 -2 0 -2 -2 2 0 -2 0 0 0 0 0
2 0 0 2 -2 0 0 -2 0 -2 -2 2 0 -2 0 0 0 0 0
-2 0 0 -2 -2 0 0 -2 0 -2 -2 2 0 -2 0 0 0 0 0
-2 0 0 2 2 0 0 2 0 2 2 -2 0 -2 0 0 0 0 0
2 0 0 -2 2 0 0 2 0 2 2 -2 0 -2 0 0 0 0 0
2 0 0 2 -2 0 0 2 0 2 2 -2 0 -2 0 0 0 0 0
-2 0 0 -2 -2 0 0 2 0 2 2 -2 0 -2 0 0 0 0 0
2 0 0 2 2 0 0 -2 0 2 2 -2 0 -2 0 0 0 0 0
-2 0 0 -2 2 0 0 -2 0 2 2 -2 0 -2 0 0 0 0 0
-2 0 0 2 -2 0 0 -2 0 2 2 -2 0 -2 0 0 0 0 0
2 0 0 -2 -2 0 0 -2 0 2 2 -2 0 -2 0 0 0 0 0
2 0 0 2 2 0 0 2 0 -2 2 -2 0 -2 0 0 0 0 0
-2 0 0 -2 2 0 0 2 0 -2 2 -2 0 -2 0 0 0 0 0
-2 0 0 2 -2 0 0 2 0 -2 2 -2 0 -2 0 0 0 0 0
2 0 0 -2 -2 0 0 2 0 -2 2 -2 0 -2 0 0 0 0 0
-2 0 0 2 2 0 0 -2 0 -2 2 -2 0 -2 0 0 0 0 0
2 0 0 -2 2 0 0 -2 0 -2 2 -2 0 -2 0 0 0 0 0
2 0 0 2 -2 0 0 -2 0 -2 2 -2 0 -2 0 0 0 0 0
-2 0 0 -2 -2 0 0 -2 0 -2 2 -2 0 -2 0 0 0 0 0
2 0 0 2 2 0 0 2 0 2 -2 -2 0 -2 0 0 0 0 0
-2 0 0 -2 2 0 0 2 0 2 -2 -2 0 -2 0 0 0 0 0
-2 0 0 2 -2 0 0 2 0 2 -2 -2 0 -2 0 0 0 0 0
2 0 0 -2 -2 0 0 2 0 2 -2 -2 0 -2 0 0 0 0 0
-2 0 0 2 2 0 0 -2 0 2 -2 -2 0 -2 0 0 0 0 0
2 0 0 -2 2 0 0 -2 0 2 -2 -2 0 -2 0 0 0 0 0
2 0 0 2 -2 0 0 -2 0 2 -2 -2 0 -2 0 0 0 0 0
-2 0 0 -2 -2 0 0 -2 0 2 -2 -2 0 -2 0 0 0 0 0
-2 0 0 2 2 0 0 2 0 -2 -2 -2 0 -2 0 0 0 0 0
2 0 0 -2 2 0 0 2 0 -2 -2 -2 0 -2 0 0 0 0 0
2 0 0 2 -2 0 0 2 0 -2 -2 -2 0 -2 0 0 0 0 0
-2 0 0 -2 -2 0 0 2 0 -2 -2 -2 0 -2 0 0 0 0 0
2 0 0 2 2 0 0 -2 0 -2 -2 -2 0 -2 0 0 0 0 0
-2 0 0 -2 2 0 0 -2 0 -2 -2 -2 0 -2 0 0 0 0 0
-2 0 0 2 -2 0 0 -2 0 -2 -2 -2 0 -2 0 0 0 0 0
2 0 0 -2 -2 0 0 -2 0 -2 -2 -2 0 -2 0 0 0 0 0
2 0 0 2 2 0 2 0 0 0 0 0 2 2 0 0 -2 0 2
-2 0 0 -2 2 0 2 0 0 0 0 0 2 2 0 0 -2 0 2
-2 0 0 2 -2 0 2 0 0 0 0 0 2 2 0 0 -2 0 2
2 0 0 -2 -2 0 2 0 0 0 0 0 2 2 0 0 -2 0 2
2 0 0 2 2 0 2 0 0 0 0 0 2 2 0 0 2 0 -2
-2 0 0 -2 2 0 2 0 0 0 0 0 2 2 0 0 2 0 -2
-2 0 0 2 -2 0 2 0 0 0 0 0 2 2 0 0 2 0 -2
2 0 0 -2 -2 0 2 0 0 0 0 0 2 2 0 0 2 0 -2
-2 0 0 2 2 0 -2 0 0 0 0 0 2 2 0 0 -2 0 2
2 0 0 -2 2 0 -2 0 0 0 0 0 2 2 0 0 -2 0 2
2 0 0 2 -2 0 -2 0 0 0 0 0 2 2 0 0 -2 0 2
-2 0 0 -2 -2 0 -2 0 0 0 0 0 2 2 0 0 -2 0 2
-2 0 0 2 2 0 -2 0 0 0 0 0 2 2 0 0 2 0 -2
2 0 0 -2 2 0 -2 0 0 0 0 0 2 2 0 0 2 0 -2
2 0 0 2 -2 0 -2 0 0 0 0 0 2 2 0 0 2 0 -2
-2 0 0 -2 -2 0 -2 0 0 0 0 0 2 2 0 0 2 0 -2
-2 0 0 2 2 0 2 0 0 0 0 0 -2 2 0 0 -2 0 2
2 0 0 -2 2 0 2 0 0 0 0 0 -2 2 0 0 -2 0 2
2 0 0 2 -2 0 2 0 0 0 0 0 -2 2 0 0 -2 0 2
-2 0 0 -2 -2 0 2 0 0 0 0 0 -2 2 0 0 -2 0 2
-2 0 0 2 2 0 2 0 0 0 0 0 -2 2 0 0 2 0 -2
2 0 0 -2 2 0 2 0 0 0 0 0 -2 2 0 0 2 0 -2
2 0 0 2 -2 0 2 0 0 0 0 0 -2 2 0 0 2 0 -2
-2 0 0 -2 -2 0 2 0 0 0 0 0 -2 2 0 0 2 0 -2
2 0 0 2 2 0 -2 0 0 0 0 0 -2 2 0 0 -2 0 2
-2 0 0 -2 2 0 -2 0 0 0 0 0 -2 2 0 0 -2 0 2
-2 0 0 2 -2 0 -2 0 0 0 0 0 -2 2 0 0 -2 0 2
2 0 0 -2 -2 0 -2 0 0 0 0 0 -2 2 0 0 -2 0 2
2 0 0 2 2 0 -2 0 0 0 0 0 -2 2 0 0 2 0 -2
-2 0 0 -2 2 0 -2 0 0 0 0 0 -2 2 0 0 2 0 -2
-2 0 0 2 -2 0 -2 0 0 0 0 0 -2 2 0 0 2 0 -2
2 0 0 -2 -2 0 -2 0 0 0 0 0 -2 2 0 0 2 0 -2
-2 0 0 2 2 0 2 0 0 0 0 0 2 -2 0 0 -2 0 2
2 0 0 -2 2 0 2 0 0 0 0 0 2 -2 0 0 -2 0 2
2 0 0 2 -2 0 2 0 0 0 0 0 2 -2 0 0 -2 0 2
-2 0 0 -2 -2 0 2 0 0 0 0 0 2 -2 0 0 -2 0 2
-2 0 0 2 2 0 2 0 0 0 0 0 2 -2 0 0 2 0 -2
2 0 0 -2 2 0 2 0 0 0 0 0 2 -2 0 0 2 0 -2
2 0 0 2 -2 0 2 0 0 0 0 0 2 -2 0 0 2 0 -2
-2 0 0 -2 -2 0 2 0 0 0 0 0 2 -2 0 0 2 0 -2
2 0 0 2 2 0 -2 0 0 0 0 0 2 -2 0 0 -2 0 2
-2 0 0 -2 2 0 -2 0 0 0 0 0 2 -2 0 0 -2 0 2
-2 0 0 2 -2 0 -2 0 0 0 0 0 2 -2 0 0 -2 0 2
2 0 0 -2 -2 0 -2 0 0 0 0 0 2 -2 0 0 -2 0 2
2 0 0 2 2 0 -2 0 0 0 0 0 2 -2 0 0 2 0 -2
-2 0 0 -2 2 0 -2 0 0 0 0 0 2 -2 0 0 2 0 -2
-2 0 0 2 -2 0 -2 0 0 0 0 0 2 -2 0 0 2 0 -2
2 0 0 -2 -2 0 -2 0 0 0 0 0 2 -2 0 0 2 0 -2
2 0 0 2 2 0 2 0 0 0 0 0 -2 -2 0 0 -2 0 2
-2 0 0 -2 2 0 2 0 0 0 0 0 -2 -2 0 0 -2 0 2
-2 0 0 2 -2 0 2 0 0 0 0 0 -2 -2 0 0 -2 0 2
2 0 0 -2 -2 0 2 0 0 0 0 0 -2 -2 0 0 -2 0 2
2 0 0 2 2 0 2 0 0 0 0 0 -2 -2 0 0 2 0 -2
-2 0 0 -2 2 0 2 0 0 0 0 0 -2 -2 0 0 2 0 -2
-2 0 0 2 -2 0 2 0 0 0 0 0 -2 -2 0 0 2 0 -2
2 0 0 -2 -2 0 2 0 0 0 0 0 -2 -2 0 0 2 0 -2
-2 0 0 2 2 0 -2 0 0 0 0 0 -2 -2 0 0 -2 0 2
2 0 0 -2 2 0 -2 0 0 0 0 0 -2 -2 0 0 -2 0 2
2 0 0 2 -2 0 -2 0 0 0 0 0 -2 -2 0 0 -2 0 2
-2 0 0 -2 -2 0 -2 0 0 0 0 0 -2 -2 0 0 -2 0 2
-2 0 0 2 2 0 -2 0 0 0 0 0 -2 -2 0 0 2 0 -2
2 0 0 -2 2 0 -2 0 0 0 0 0 -2 -2 0 0 2 0 -2
2 0 0 2 -2 0 -2 0 0 0 0 0 -2 -2 0 0 2 0 -2
-2 0 0 -2 -2 0 -2 0 0 0 0 0 -2 -2 0 0 2 0 -2
0 2 2 2 0 0 0 0 2 0 0 0 2 2 0 0 -2 -2 0
0 -2 -2 2 0 0 0 0 2 0 0 0 2 2 0 0 -2 -2 0
0 -2 2 -2 0 0 0 0 2 0 0 0 2 2 0 0 -2 -2 0
0 2 -2 -2 0 0 0 0 2 0 0 0 2 2 0 0 -2 -2 0
0 2 2 2 0 0 0 0 2 0 0 0 2 2 0 0 2 2 0
0 -2 -2 2 0 0 0 0 2 0 0 0 2 2 0 0 2 2 0
0 -2 2 -2 0 0 0 0 2 0 0 0 2 2 0 0 2 2 0
0 2 -2 -2 0 0 0 0 2 0 0 0 2 2 0 0 2 2 0
0 -2 2 2 0 0 0 0 -2 0 0 0 2 2 0 0 -2 -2 0
0 2 -2 2 0 0 0 0 -2 0 0 0 2 2 0 0 -2 -2 0
0 2 2 -2 0 0 0 0 -2 0 0 0 2 2 0 0 -2 -2 0
0 -2 -2 -2 0 0 0 0 -2 0 0 0 2 2 0 0 -2 -2 0
0 -2 2 2 0 0 0 0 -2 0 0 0 2 2 0 0 2 2 0
0 2 -2 2 0 0 0 0 -2 0 0 0 2 2 0 0 2 2 0
0 2 2 -2 0 0 0 0 -2 0 0 0 2 2 0 0 2 2 0
0 -2 -2 -2 0 0 0 0 -2 0 0 0 2 2 0 0 2 2 0
0 -2 2 2 0 0 0 0 2 0 0 0 -2 2 0 0 -2 -2 0
0 2 -2 2 0 0 0 0 2 0 0 0 -2 2 0 0 -2 -2 0
0 2 2 -2 0 0 0 0 2 0 0 0 -2 2 0 0 -2 -2 0
0 -2 -2 -2 0 0 0 0 2 0 0 0 -2 2 0 0 -2 -2 0
0 -2 2 2 0 0 0 0 2 0 0 0 -2 2 0 0 2 2 0
0 2 -2 2 0 0 0 0 2 0 0 0 -2 2 0 0 2 2 0
0 2 2 -2 0 0 0 0 2 0 0 0 -2 2 0 0 2 2 0
0 -2 -2 -2 0 0 0 0 2 0 0 0 -2 2 0 0 2 2 0
0 2 2 2 0 0 0 0 -2 0 0 0 -2 2 0 0 -2 -2 0
0 -2 -2 2 0 0 0 0 -2 0 0 0 -2 2 0 0 -2 -2 0
0 -2 2 -2 0 0 0 0 -2 0 0 0 -2 2 0 0 -2 -2 0
0 2 -2 -2 0 0 0 0 -2 0 0 0 -2 2 0 0 -2 -2 0
0 2 2 2 0 0 0 0 -2 0 0 0 -2 2 0 0 2 2 0
0 -2 -2 2 0 0 0 0 -2 0 0 0 -2 2 0 0 2 2 0
0 -2 2 -2 0 0 0 0 -2 0 0 0 -2 2 0 0 2 2 0
0 2 -2 -2 0 0 0 0 -2 0 0 0 -2 2 0 0 2 2 0
0 -2 2 2 0 0 0 0 2 0 0 0 2 -2 0 0 -2 -2 0
0 2 -2 2 0 0 0 0 2 0 0 0 2 -2 0 0 -2 -2 0
0 2 2 -2 0 0 0 0 2 0 0 0 2 -2 0 0 -2 -2 0
0 -2 -2 -2 0 0 0 0 2 0 0 0 2 -2 0 0 -2 -2 0
0 -2 2 2 0 0 0 0 2 0 0 0 2 -2 0 0 2 2 0
0 2 -2 2 0 0 0 0 2 0 0 0 2 -2 0 0 2 2 0
0 2 2 -2 0 0 0 0 2 0 0 0 2 -2 0 0 2 2 0
0 -2 -2 -2 0 0 0 0 2 0 0 0 2 -2 0 0 2 2 0
0 2 2 2 0 0 0 0 -2 0 0 0 2 -2 0 0 -2 -2 0
0 -2 -2 2 0 0 0 0 -2 0 0 0 2 -2 0 0 -2 -2 0
0 -2 2 -2 0 0 0 0 -2 0 0 0 2 -2 0 0 -2 -2 0
0 2 -2 -2 0 0 0 0 -2 0 0 0 2 -2 0 0 -2 -2 0
0 2 2 2 0 0 0 0 -2 0 0 0 2 -2 0 0 2 2 0
0 -2 -2 2 0 0 0 0 -2 0 0 0 2 -2 0 0 2 2 0
0 -2 2 -2 0 0 0 0 -2 0 0 0 2 -2 0 0 2 2 0
0 2 -2 -2 0 0 0 0 -2 0 0 0 2 -2 0 0 2 2 0
0 2 2 2 0 0 0 0 2 0 0 0 -2 -2 0 0 -2 -2 0
0 -2 -2 2 0 0 0 0 2 0 0 0 -2 -2 0 0 -2 -2 0
0 -2 2 -2 0 0 0 0 2 0 0 0 -2 -2 0 0 -2 -2 0
0 2 -2 -2 0 0 0 0 2 0 0 0 -2 -2 0 0 -2 -2 0
0 2 2 2 0 0 0 0 2 0 0 0 -2 -2 0 0 2 2 0
0 -2 -2 2 0 0 0 0 2 0 0 0 -2 -2 0 0 2 2 0
0 -2 2 -2 0 0 0 0 2 0 0 0 -2 -2 0 0 2 2 0
0 2 -2 -2 0 0 0 0 2 0 0 0 -2 -2 0 0 2 2 0
0 -2 2 2 0 0 0 0 -2 0 0 0 -2 -2 0 0 -2 -2 0
0 2 -2 2 0 0 0 0 -2 0 0 0 -2 -2 0 0 -2 -2 0
0 2 2 -2 0 0 0 0 -2 0 0 0 -2 -2 0 0 -2 -2 0
0 -2 -2 -2 0 0 0 0 -2 0 0 0 -2 -2 0 0 -2 -2 0
0 -2 2 2 0 0 0 0 -2 0 0 0 -2 -2 0 0 2 2 0
0 2 -2 2 0 0 0 0 -2 0 0 0 -2 -2 0 0 2 2 0
0 2 2 -2 0 0 0 0 -2 0 0 0 -2 -2 0 0 2 2 0
0 -2 -2 -2 0 0 0 0 -2 0 0 0 -2 -2 0 0 2 2 0
0 -2 2 0 2 0 2 2 0 2 0 0 2 2 0 0 0 0 0
0 2 -2 0 2 0 2 2 0 2 0 0 2 2 0 0 0 0 0
0 2 2 0 -2 0 2 2 0 2 0 0 2 2 0 0 0 0 0
0 -2 -2 0 -2 0 2 2 0 2 0 0 2 2 0 0 0 0 0
0 2 2 0 2 0 -2 2 0 2 0 0 2 2 0 0 0 0 0
0 -2 -2 0 2 0 -2 2 0 2 0 0 2 2 0 0 0 0 0
0 -2 2 0 -2 0 -2 2 0 2 0 0 2 2 0 0 0 0 0
0 2 -2 0 -2 0 -2 2 0 2 0 0 2 2 0 0 0 0 0
0 2 2 0 2 0 2 -2 0 2 0 0 2 2 0 0 0 0 0
0 -2 -2 0 2 0 2 -2 0 2 0 0 2 2 0 0 0 0 0
0 -2 2 0 -2 0 2 -2 0 2 0 0 2 2 0 0 0 0 0
0 2 -2 0 -2 0 2 -2 0 2 0 0 2 2 0 0 0 0 0
0 -2 2 0 2 0 -2 -2 0 2 0 0 2 2 0 0 0 0 0
0 2 -2 0 2 0 -2 -2 0 2 0 0 2 2 0 0 0 0 0
0 2 2 0 -2 0 -2 -2 0 2 0 0 2 2 0 0 0 0 0
0 -2 -2 0 -2 0 -2 -2 0 2 0 0 2 2 0 0 0 0 0
0 2 2 0 2 0 2 2 0 -2 0 0 2 2 0 0 0 0 0
0 -2 -2 0 2 0 2 2 0 -2 0 0 2 2 0 0 0 0 0
0 -2 2 0 -2 0 2 2 0 -2 0 0 2 2 0 0 0 0 0
0 2 -2 0 -2 0 2 2 0 -2 0 0 2 2 0 0 0 0 0
0 -2 2 0 2 0 -2 2 0 -2 0 0 2 2 0 0 0 0 0
0 2 -2 0 2 0 -2 2 0 -2 0 0 2 2 0 0 0 0 0
0 2 2 0 -2 0 -2 2 0 -2 0 0 2 2 0 0 0 0 0
0 -2 -2 0 -2 0 -2 2 0 -2 0 0 2 2 0 0 0 0 0
0 -2 2 0 2 0 2 -2 0 -2 0 0 2 2 0 0 0 0 0
0 2 -2 0 2 0 2 -2 0 -2 0 0 2 2 0 0 0 0 0
0 2 2 0 -2 0 2 -2 0 -2 0 0 2 2 0 0 0 0 0
0 -2 -2 0 -2 0 2 -2 0 -2 0 0 2 2 0 0 0 0 0
0 2 2 0 2 0 -2 -2 0 -2 0 0 2 2 0 0 0 0 0
0 -2 -2 0 2 0 -2 -2 0 -2 0 0 2 2 0 0 0 0 0
0 -2 2 0 -2 0 -2 -2 0 -2 0 0 2 2 0 0 0 0 0
0 2 -2 0 -2 0 -2 -2 0 -2 0 0 2 2 0 0 0 0 0
0 2 2 0 2 0 2 2 0 2 0 0 -2 2 0 0 0 0 0
0 -2 -2 0 2 0 2 2 0 2 0 0 -2 2 0 0 0 0 0
0 -2 2 0 -2 0 2 2 0 2 0 0 -2 2 0 0 0 0 0
0 2 -2 0 -2 0 2 2 0 2 0 0 -2 2 0 0 0 0 0
0 -2 2 0 2 0 -2 2 0 2 0 0 -2 2 0 0 0 0 0
0 2 -2 0 2 0 -2 2 0 2 0 0 -2 2 0 0 0 0 0
0 2 2 0 -2 0 -2 2 0 2 0 0 -2 2 0 0 0 0 0
0 -2 -2 0 -2 0 -2 2 0 2 0 0 -2 2 0 0 0 0 0
0 -2 2 0 2 0 2 -2 0 2 0 0 -2 2 0 0 0 0 0
0 2 -2 0 2 0 2 -2 0 2 0 0 -2 2 0 0 0 0 0
0 2 2 0 -2 0 2 -2 0 2 0 0 -2 2 0 0 0 0 0
0 -2 -2 0 -2 0 2 -2 0 2 0 0 -2 2 0 0 0 0 0
0 2 2 0 2 0 -2 -2 0 2 0 0 -2 2 0 0 0 0 0
0 -2 -2 0 2 0 -2 -2 0 2 0 0 -2 2 0 0 0 0 0
0 -2 2 0 -2 0 -2 -2 0 2 0 0 -2 2 0 0 0 0 0
0 2 -2 0 -2 0 -2 -2 0 2 0 0 -2 2 0 0 0 0 0
0 -2 2 0 2 0 2 2 0 -2 0 0 -2 2 0 0 0 0 0
0 2 -2 0 2 0 2 2 0 -2 0 0 -2 2 0 0 0 0 0
0 2 2 0 -2 0 2 2 0 -2 0 0 -2 2 0 0 0 0 0
0 -2 -2 0 -2 0 2 2 0 -2 0 0 -2 2 0 0 0 0 0
0 2 2 0 2 0 -2 2 0 -2 0 0 -2 2 0 0 0 0 0
0 -2 -2 0 2 0 -2 2 0 -2 0 0 -2 2 0 0 0 0 0
0 -2 2 0 -2 0 -2 2 0 -2 0 0 -2 2 0 0 0 0 0
0 2 -2 0 -2 0 -2 2 0 -2 0 0 -2 2 0 0 0 0 0
0 2 2 0 2 0 2 -2 0 -2 0 0 -2 2 0 0 0 0 0
0 -2 -2 0 2 0 2 -2 0 -2 0 0 -2 2 0 0 0 0 0
0 -2 2 0 -2 0 2 -2 0 -2 0 0 -2 2 0 0 0 0 0
0 2 -2 0 -2 0 2 -2 0 -2 0 0 -2 2 0 0 0 0 0
0 -2 2 0 2 0 -2 -2 0 -2 0 0 -2 2 0 0 0 0 0
0 2 -2 0 2 0 -2 -2 0 -2 0 0 -2 2 0 0 0 0 0
0 2 2 0 -2 0 -2 -2 0 -2 0 0 -2 2 0 0 0 0 0
0 -2 -2 0 -2 0 -2 -2 0 -2 0 0 -2 2 0 0 0 0 0
0 2 2 0 2 0 2 2 0 2 0 0 2 -2 0 0 0 0 0
0 -2 -2 0 2 0 2 2 0 2 0 0 2 -2 0 0 0 0 0
0 -2 2 0 -2 0 2 2 0 2 0 0 2 -2 0 0 0 0 0
0 2 -2 0 -2 0 2 2 0 2 0 0 2 -2 0 0 0 0 0
0 -2 2 0 2 0 -2 2 0 2 0 0 2 -2 0 0 0 0 0
0 2 -2 0 2 0 -2 2 0 2 0 0 2 -2 0 0 0 0 0
0 2 2 0 -2 0 -2 2 0 2 0 0 2 -2 0 0 0 0 0
0 -2 -2 0 -2 0 -2 2 0 2 0 0 2 -2 0 0 0 0 0
0 -2 2 0 2 0 2 -2 0 2 0 0 2 -2 0 0 0 0 0
0 2 -2 0 2 0 2 -2 0 2 0 0 2 -2 0 0 0 0 0
0 2 2 0 -2 0 2 -2 0 2 0 0 2 -2 0 0 0 0 0
0 -2 -2 0 -2 0 2 -2 0 2 0 0 2 -2 0 0 0 0 0
0 2 2 0 2 0 -2 -2 0 2 0 0 2 -2 0 0 0 0 0
0 -2 -2 0 2 0 -2 -2 0 2 0 0 2 -2 0 0 0 0 0
0 -2 2 0 -2 0 -2 -2 0 2 0 0 2 -2 0 0 0 0 0
0 2 -2 0 -2 0 -2 -2 0 2 0 0 2 -2 0 0 0 0 0
0 -2 2 0 2 0 2 2 0 -2 0 0 2 -2 0 0 0 0 0
0 2 -2 0 2 0 2 2 0 -2 0 0 2 -2 0 0 0 0 0
0 2 2 0 -2 0 2 2 0 -2 0 0 2 -2 0 0 0 0 0
0 -2 -2 0 -2 0 2 2 0 -2 0 0 2 -2 0 0 0 0 0
0 2 2 0 2 0 -2 2 0 -2 0 0 2 -2 0 0 0 0 0
0 -2 -2 0 2 0 -2 2 0 -2 0 0 2 -2 0 0 0 0 0
0 -2 2 0 -2 0 -2 2 0 -2 0 0 2 -2 0 0 0 0 0
0 2 -2 0 -2 0 -2 2 0 -2 0 0 2 -2 0 0 0 0 0
0 2 2 0 2 0 2 -2 0 -2 0 0 2 -2 0 0 0 0 0
0 -2 -2 0 2 0 2 -2 0 -2 0 0 2 -2 0 0 0 0 0
0 -2 2 0 -2 0 2 -2 0 -2 0 0 2 -2 0 0 0 0 0
0 2 -2 0 -2 0 2 -2 0 -2 0 0 2 -2 0 0 0 0 0
0 -2 2 0 2 0 -2 -2 0 -2 0 0 2 -2 0 0 0 0 0
0 2 -2 0 2 0 -2 -2 0 -2 0 0 2 -2 0 0 0 0 0
0 2 2 0 -2 0 -2 -2 0 -2 0 0 2 -2 0 0 0 0 0
0 -2 -2 0 -2 0 -2 -2 0 -2 0 0 2 -2 0 0 0 0 0
0 -2 2 0 2 0 2 2 0 2 0 0 -2 -2 0 0 0 0 0
0 2 -2 0 2 0 2 2 0 2 0 0 -2 -2 0 0 0 0 0
0 2 2 0 -2 0 2 2 0 2 0 0 -2 -2 0 0 0 0 0
0 -2 -2 0 -2 0 2 2 0 2 0 0 -2 -2 0 0 0 0 0
0 2 2 0 2 0 -2 2 0 2 0 0 -2 -2 0 0 0 0 0
0 -2 -2 0 2 0 -2 2 0 2 0 0 -2 -2 0 0 0 0 0
0 -2 2 0 -2 0 -2 2 0 2 0 0 -2 -2 0 0 0 0 0
0 2 -2 0 -2 0 -2 2 0 2 0 0 -2 -2 0 0 0 0 0
0 2 2 0 2 0 2 -2 0 2 0 0 -2 -2 0 0 0 0 0
0 -2 -2 0 2 0 2 -2 0 2 0 0 -2 -2 0 0 0 0 0
0 -2 2 0 -2 0 2 -2 0 2 0 0 -2 -2 0 0 0 0 0
0 2 -2 0 -2 0 2 -2 0 2 0 0 -2 -2 0 0 0 0 0
0 -2 2 0 2 0 -2 -2 0 2 0 0 -2 -2 0 0 0 0 0
0 2 -2 0 2 0 -2 -2 0 2 0 0 -2 -2 0 0 0 0 0
0 2 2 0 -2 0 -2 -2 0 2 0 0 -2 -2 0 0 0 0 0
0 -2 -2 0 -2 0 -2 -2 0 2 0 0 -2 -2 0 0 0 0 0
0 2 2 0 2 0 2 2 0 -2 0 0 -2 -2 0 0 0 0 0
0 -2 -2 0 2 0 2 2 0 -2 0 0 -2 -2 0 0 0 0 0
0 -2 2 0 -2 0 2 2 0 -2 0 0 -2 -2 0 0 0 0 0
0 2 -2 0 -2 0 2 2 0 -2 0 0 -2 -2 0 0 0 0 0
0 -2 2 0 2 0 -2 2 0 -2 0 0 -2 -2 0 0 0 0 0
0 2 -2 0 2 0 -2 2 0 -2 0 0 -2 -2 0 0 0 0 0
0 2 2 0 -2 0 -2 2 0 -2 0 0 -2 -2 0 0 0 0 0
0 -2 -2 0 -2 0 -2 2 0 -2 0 0 -2 -2 0 0 0 0 0
0 -2 2 0 2 0 2 -2 0 -2 0 0 -2 -2 0 0 0 0 0
0 2 -2 0 2 0 2 -2 0 -2 0 0 -2 -2 0 0 0 0 0
0 2 2 0 -2 0 2 -2 0 -2 0 0 -2 -2 0 0 0 0 0
0 -2 -2 0 -2 0 2 -2 0 -2 0 0 -2 -2 0 0 0 0 0
0 2 2 0 2 0 -2 -2 0 -2 0 0 -2 -2 0 0 0 0 0
0 -2 -2 0 2 0 -2 -2 0 -2 0 0 -2 -2 0 0 0 0 0
0 -2 2 0 -2 0 -2 -2 0 -2 0 0 -2 -2 0 0 0 0 0
0 2 -2 0 -2 0 -2 -2 0 -2 0 0 -2 -2 0 0 0 0 0
2 0 0 0 0 0 0 2 2 2 0 0 2 2 0 0 0 -2 -2
2 0 0 0 0 0 0 2 2 2 0 0 2 2 0 0 0 2 2
-2 0 0 0 0 0 0 -2 2 2 0 0 2 2 0 0 0 -2 -2
-2 0 0 0 0 0 0 -2 2 2 0 0 2 2 0 0 0 2 2
-2 0 0 0 0 0 0 2 -2 2 0 0 2 2 0 0 0 -2 -2
-2 0 0 0 0 0 0 2 -2 2 0 0 2 2 0 0 0 2 2
2 0 0 0 0 0 0 -2 -2 2 0 0 2 2 0 0 0 -2 -2
2 0 0 0 0 0 0 -2 -2 2 0 0 2 2 0 0 0 2 2
-2 0 0 0 0 0 0 2 2 -2 0 0 2 2 0 0 0 -2 -2
-2 0 0 0 0 0 0 2 2 -2 0 0 2 2 0 0 0 2 2
2 0 0 0 0 0 0 -2 2 -2 0 0 2 2 0 0 0 -2 -2
2 0 0 0 0 0 0 -2 2 -2 0 0 2 2 0 0 0 2 2
2 0 0 0 0 0 0 2 -2 -2 0 0 2 2 0 0 0 -2 -2
2 0 0 0 0 0 0 2 -2 -2 0 0 2 2 0 0 0 2 2
-2 0 0 0 0 0 0 -2 -2 -2 0 0 2 2 0 0 0 -2 -2
-2 0 0 0 0 0 0 -2 -2 -2 0 0 2 2 0 0 0 2 2
-2 0 0 0 0 0 0 2 2 2 0 0 -2 2 0 0 0 -2 -2
-2 0 0 0 0 0 0 2 2 2 0 0 -2 2 0 0 0 2 2
2 0 0 0 0 0 0 -2 2 2 0 0 -2 2 0 0 0 -2 -2
2 0 0 0 0 0 0 -2 2 2 0 0 -2 2 0 0 0 2 2
2 0 0 0 0 0 0 2 -2 2 0 0 -2 2 0 0 0 -2 -2
2 0 0 0 0 0 0 2 -2 2 0 0 -2 2 0 0 0 2 2
-2 0 0 0 0 0 0 -2 -2 2 0 0 -2 2 0 0 0 -2 -2
-2 0 0 0 0 0 0 -2 -2 2 0 0 -2 2 0 0 0 2 2
2 0 0 0 0 0 0 2 2 -2 0 0 -2 2 0 0 0 -2 -2
2 0 0 0 0 0 0 2 2 -2 0 0 -2 2 0 0 0 2 2
-2 0 0 0 0 0 0 -2 2 -2 0 0 -2 2 0 0 0 -2 -2
-2 0 0 0 0 0 0 -2 2 -2 0 0 -2 2 0 0 0 2 2
-2 0 0 0 0 0 0 2 -2 -2 0 0 -2 2 0 0 0 -2 -2
-2 0 0 0 0 0 0 2 -2 -2 0 0 -2 2 0 0 0 2 2
2 0 0 0 0 0 0 -2 -2 -2 0 0 -2 2 0 0 0 -2 -2
2 0 0 0 0 0 0 -2 -2 -2 0 0 -2 2 0 0 0 2 2
-2 0 0 0 0 0 0 2 2 2 0 0 2 -2 0 0 0 -2 -2
-2 0 0 0 0 0 0 2 2 2 0 0 2 -2 0 0 0 2 2
2 0 0 0 0 0 0 -2 2 2 0 0 2 -2 0 0 0 -2 -2
2 0 0 0 0 0 0 -2 2 2 0 0 2 -2 0 0 0 2 2
2 0 0 0 0 0 0 2 -2 2 0 0 2 -2 0 0 0 -2 -2
2 0 0 0 0 0 0 2 -2 2 0 0 2 -2 0 0 0 2 2
-2 0 0 0 0 0 0 -2 -2 2 0 0 2 -2 0 0 0 -2 -2
-2 0 0 0 0 0 0 -2 -2 2 0 0 2 -2 0 0 0 2 2
2 0 0 0 0 0 0 2 2 -2 0 0 2 -2 0 0 0 -2 -2
2 0 0 0 0 0 0 2 2 -2 0 0 2 -2 0 0 0 2 2
-2 0 0 0 0 0 0 -2 2 -2 0 0 2 -2 0 0 0 -2 -2
-2 0 0 0 0 0 0 -2 2 -2 0 0 2 -2 0 0 0 2 2
-2 0 0 0 0 0 0 2 -2 -2 0 0 2 -2 0 0 0 -2 -2
-2 0 0 0 0 0 0 2 -2 -2 0 0 2 -2 0 0 0 2 2
2 0 0 0 0 0 0 -2 -2 -2 0 0 2 -2 0 0 0 -2 -2
2 0 0 0 0 0 0 -2 -2 -2 0 0 2 -2 0 0 0 2 2
2 0 0 0 0 0 0 2 2 2 0 0 -2 -2 0 0 0 -2 -2
2 0 0 0 0 0 0 2 2 2 0 0 -2 -2 0 0 0 2 2
-2 0 0 0 0 0 0 -2 2 2 0 0 -2 -2 0 0 0 -2 -2
-2 0 0 0 0 0 0 -2 2 2 0 0 -2 -2 0 0 0 2 2
-2 0 0 0 0 0 0 2 -2 2 0 0 -2 -2 0 0 0 -2 -2
-2 0 0 0 0 0 0 2 -2 2 0 0 -2 -2 0 0 0 2 2
2 0 0 0 0 0 0 -2 -2 2 0 0 -2 -2 0 0 0 -2 -2
2 0 0 0 0 0 0 -2 -2 2 0 0 -2 -2 0 0 0 2 2
-2 0 0 0 0 0 0 2 2 -2 0 0 -2 -2 0 0 0 -2 -2
-2 0 0 0 0 0 0 2 2 -2 0 0 -2 -2 0 0 0 2 2
2 0 0 0 0 0 0 -2 2 -2 0 0 -2 -2 0 0 0 -2 -2
2 0 0 0 0 0 0 -2 2 -2 0 0 -2 -2 0 0 0 2 2
2 0 0 0 0 0 0 2 -2 -2 0 0 -2 -2 0 0 0 -2 -2
2 0 0 0 0 0 0 2 -2 -2 0 0 -2 -2 0 0 0 2 2
-2 0 0 0 0 0 0 -2 -2 -2 0 0 -2 -2 0 0 0 -2 -2
-2 0 0 0 0 0 0 -2 -2 -2 0 0 -2 -2 0 0 0 2 2
0 2 0 2 0 0 0 2 0 0 0 2 2 2 0 0 -2 2 0
0 -2 0 -2 0 0 0 2 0 0 0 2 2 2 0 0 -2 2 0
0 2 0 2 0 0 0 2 0 0 0 2 2 2 0 0 2 -2 0
0 -2 0 -2 0 0 0 2 0 0 0 2 2 2 0 0 2 -2 0
0 -2 0 2 0 0 0 -2 0 0 0 2 2 2 0 0 -2 2 0
0 2 0 -2 0 0 0 -2 0 0 0 2 2 2 0 0 -2 2 0
0 -2 0 2 0 0 0 -2 0 0 0 2 2 2 0 0 2 -2 0
0 2 0 -2 0 0 0 -2 0 0 0 2 2 2 0 0 2 -2 0
0 -2 0 2 0 0 0 2 0 0 0 -2 2 2 0 0 -2 2 0
0 2 0 -2 0 0 0 2 0 0 0 -2 2 2 0 0 -2 2 0
0 -2 0 2 0 0 0 2 0 0 0 -2 2 2 0 0 2 -2 0
0 2 0 -2 0 0 0 2 0 0 0 -2 2 2 0 0 2 -2 0
0 2 0 2 0 0 0 -2 0 0 0 -2 2 2 0 0 -2 2 0
0 -2 0 -2 0 0 0 -2 0 0 0 -2 2 2 0 0 -2 2 0
0 2 0 2 0 0 0 -2 0 0 0 -2 2 2 0 0 2 -2 0
0 -2 0 -2 0 0 0 -2 0 0 0 -2 2 2 0 0 2 -2 0
0 -2 0 2 0 0 0 2 0 0 0 2 -2 2 0 0 -2 2 0
0 2 0 -2 0 0 0 2 0 0 0 2 -2 2 0 0 -2 2 0
0 -2 0 2 0 0 0 2 0 0 0 2 -2 2 0 0 2 -2 0
0 2 0 -2 0 0 0 2 0 0 0 2 -2 2 0 0 2 -2 0
0 2 0 2 0 0 0 -2 0 0 0 2 -2 2 0 0 -2 2 0
0 -2 0 -2 0 0 0 -2 0 0 0 2 -2 2 0 0 -2 2 0
0 2 0 2 0 0 0 -2 0 0 0 2 -2 2 0 0 2 -2 0
0 -2 0 -2 0 0 0 -2 0 0 0 2 -2 2 0 0 2 -2 0
0 2 0 2 0 0 0 2 0 0 0 -2 -2 2 0 0 -2 2 0
0 -2 0 -2 0 0 0 2 0 0 0 -2 -2 2 0 0 -2 2 0
0 2 0 2 0 0 0 2 0 0 0 -2 -2 2 0 0 2 -2 0
0 -2 0 -2 0 0 0 2 0 0 0 -2 -2 2 0 0 2 -2 0
0 -2 0 2 0 0 0 -2 0 0 0 -2 -2 2 0 0 -2 2 0
0 2 0 -2 0 0 0 -2 0 0 0 -2 -2 2 0 0 -2 2 0
0 -2 0 2 0 0 0 -2 0 0 0 -2 -2 2 0 0 2 -2 0
0 2 0 -2 0 0 0 -2 0 0 0 -2 -2 2 0 0 2 -2 0
0 -2 0 2 0 0 0 2 0 0 0 2 2 -2 0 0 -2 2 0
0 2 0 -2 0 0 0 2 0 0 0 2 2 -2 0 0 -2 2 0
0 -2 0 2 0 0 0 2 0 0 0 2 2 -2 0 0 2 -2 0
0 2 0 -2 0 0 0 2 0 0 0 2 2 -2 0 0 2 -2 0
0 2 0 2 0 0 0 -2 0 0 0 2 2 -2 0 0 -2 2 0
0 -2 0 -2 0 0 0 -2 0 0 0 2 2 -2 0 0 -2 2 0
0 2 0 2 0 0 0 -2 0 0 0 2 2 -2 0 0 2 -2 0
0 -2 0 -2 0 0 0 -2 0 0 0 2 2 -2 0 0 2 -2 0
0 2 0 2 0 0 0 2 0 0 0 -2 2 -2 0 0 -2 2 0
0 -2 0 -2 0 0 0 2 0 0 0 -2 2 -2 0 0 -2 2 0
0 2 0 2 0 0 0 2 0 0 0 -2 2 -2 0 0 2 -2 0
0 -2 0 -2 0 0 0 2 0 0 0 -2 2 -2 0 0 2 -2 0
0 -2 0 2 0 0 0 -2 0 0 0 -2 2 -2 0 0 -2 2 0
0 2 0 -2 0 0 0 -2 0 0 0 -2 2 -2 0 0 -2 2 0
0 -2 0 2 0 0 0 -2 0 0 0 -2 2 -2 0 0 2 -2 0
0 2 0 -2 0 0 0 -2 0 0 0 -2 2 -2 0 0 2 -2 0
0 2 0 2 0 0 0 2 0 0 0 2 -2 -2 0 0 -2 2 0
0 -2 0 -2 0 0 0 2 0 0 0 2 -2 -2 0 0 -2 2 0
0 2 0 2 0 0 0 2 0 0 0 2 -2 -2 0 0 2 -2 0
0 -2 0 -2 0 0 0 2 0 0 0 2 -2 -2 0 0 2 -2 0
0 -2 0 2 0 0 0 -2 0 0 0 2 -2 -2 0 0 -2 2 0
0 2 0 -2 0 0 0 -2 0 0 0 2 -2 -2 0 0 -2 2 0
0 -2 0 2 0 0 0 -2 0 0 0 2 -2 -2 0 0 2 -2 0
0 2 0 -2 0 0 0 -2 0 0 0 2 -2 -2 0 0 2 -2 0
0 -2 0 2 0 0 0 2 0 0 0 -2 -2 -2 0 0 -2 2 0
0 2 0 -2 0 0 0 2 0 0 0 -2 -2 -2 0 0 -2 2 0
0 -2 0 2 0 0 0 2 0 0 0 -2 -2 -2 0 0 2 -2 0
0 2 0 -2 0 0 0 2 0 0 0 -2 -2 -2 0 0 2 -2 0
0 2 0 2 0 0 0 -2 0 0 0 -2 -2 -2 0 0 -2 2 0
0 -2 0 -2 0 0 0 -2 0 0 0 -2 -2 -2 0 0 -2 2 0
0 2 0 2 0 0 0 -2 0 0 0 -2 -2 -2 0 0 2 -2 0
0 -2 0 -2 0 0 0 -2 0 0 0 -2 -2 -2 0 0 2 -2 0
2 0 2 0 0 0 0 0 0 2 0 2 2 2 0 0 0 -2 2
-2 0 -2 0 0 0 0 0 0 2 0 2 2 2 0 0 0 -2 2
2 0 2 0 0 0 0 0 0 2 0 2 2 2 0 0 0 2 -2
-2 0 -2 0 0 0 0 0 0 2 0 2 2 2 0 0 0 2 -2
-2 0 2 0 0 0 0 0 0 -2 0 2 2 2 0 0 0 -2 2
2 0 -2 0 0 0 0 0 0 -2 0 2 2 2 0 0 0 -2 2
-2 0 2 0 0 0 0 0 0 -2 0 2 2 2 0 0 0 2 -2
2 0 -2 0 0 0 0 0 0 -2 0 2 2 2 0 0 0 2 -2
-2 0 2 0 0 0 0 0 0 2 0 -2 2 2 0 0 0 -2 2
2 0 -2 0 0 0 0 0 0 2 0 -2 2 2 0 0 0 -2 2
-2 0 2 0 0 0 0 0 0 2 0 -2 2 2 0 0 0 2 -2
2 0 -2 0 0 0 0 0 0 2 0 -2 2 2 0 0 0 2 -2
2 0 2 0 0 0 0 0 0 -2 0 -2 2 2 0 0 0 -2 2
-2 0 -2 0 0 0 0 0 0 -2 0 -2 2 2 0 0 0 -2 2
2 0 2 0 0 0 0 0 0 -2 0 -2 2 2 0 0 0 2 -2
-2 0 -2 0 0 0 0 0 0 -2 0 -2 2 2 0 0 0 2 -2
-2 0 2 0 0 0 0 0 0 2 0 2 -2 2 0 0 0 -2 2
2 0 -2 0 0 0 0 0 0 2 0 2 -2 2 0 0 0 -2 2
-2 0 2 0 0 0 0 0 0 2 0 2 -2 2 0 0 0 2 -2
2 0 -2 0 0 0 0 0 0 2 0 2 -2 2 0 0 0 2 -2
2 0 2 0 0 0 0 0 0 -2 0 2 -2 2 0 0 0 -2 2
-2 0 -2 0 0 0 0 0 0 -2 0 2 -2 2 0 0 0 -2 2
2 0 2 0 0 0 0 0 0 -2 0 2 -2 2 0 0 0 2 -2
-2 0 -2 0 0 0 0 0 0 -2 0 2 -2 2 0 0 0 2 -2
2 0 2 0 0 0 0 0 0 2 0 -2 -2 2 0 0 0 -2 2
-2 0 -2 0 0 0 0 0 0 2 0 -2 -2 2 0 0 0 -2 2
2 0 2 0 0 0 0 0 0 2 0 -2 -2 2 0 0 0 2 -2
-2 0 -2 0 0 0 0 0 0 2 0 -2 -2 2 0 0 0 2 -2
-2 0 2 0 0 0 0 0 0 -2 0 -2 -2 2 0 0 0 -2 2
2 0 -2 0 0 0 0 0 0 -2 0 -2 -2 2 0 0 0 -2 2
-2 0 2 0 0 0 0 0 0 -2 0 -2 -2 2 0 0 0 2 -2
2 0 -2 0 0 0 0 0 0 -2 0 -2 -2 2 0 0 0 2 -2
-2 0 2 0 0 0 0 0 0 2 0 2 2 -2 0 0 0 -2 2
2 0 -2 0 0 0 0 0 0 2 0 2 2 -2 0 0 0 -2 2
-2 0 2 0 0 0 0 0 0 2 0 2 2 -2 0 0 0 2 -2
2 0 -2 0 0 0 0 0 0 2 0 2 2 -2 0 0 0 2 -2
2 0 2 0 0 0 0 0 0 -2 0 2 2 -2 0 0 0 -2 2
-2 0 -2 0 0 0 0 0 0 -2 0 2 2 -2 0 0 0 -2 2
2 0 2 0 0 0 0 0 0 -2 0 2 2 -2 0 0 0 2 -2
-2 0 -2 0 0 0 0 0 0 -2 0 2 2 -2 0 0 0 2 -2
2 0 2 0 0 0 0 0 0 2 0 -2 2 -2 0 0 0 -2 2
-2 0 -2 0 0 0 0 0 0 2 0 -2 2 -2 0 0 0 -2 2
2 0 2 0 0 0 0 0 0 2 0 -2 2 -2 0 0 0 2 -2
-2 0 -2 0 0 0 0 0 0 2 0 -2 2 -2 0 0 0 2 -2
-2 0 2 0 0 0 0 0 0 -2 0 -2 2 -2 0 0 0 -2 2
2 0 -2 0 0 0 0 0 0 -2 0 -2 2 -2 0 0 0 -2 2
-2 0 2 0 0 0 0 0 0 -2 0 -2 2 -2 0 0 0 2 -2
2 0 -2 0 0 0 0 0 0 -2 0 -2 2 -2 0 0 0 2 -2
2 0 2 0 0 0 0 0 0 2 0 2 -2 -2 0 0 0 -2 2
-2 0 -2 0 0 0 0 0 0 2 0 2 -2 -2 0 0 0 -2 2
2 0 2 0 0 0 0 0 0 2 0 2 -2 -2 0 0 0 2 -2
-2 0 -2 0 0 0 0 0 0 2 0 2 -2 -2 0 0 0 2 -2
-2 0 2 0 0 0 0 0 0 -2 0 2 -2 -2 0 0 0 -2 2
2 0 -2 0 0 0 0 0 0 -2 0 2 -2 -2 0 0 0 -2 2
-2 0 2 0 0 0 0 0 0 -2 0 2 -2 -2 0 0 0 2 -2
2 0 -2 0 0 0 0 0 0 -2 0 2 -2 -2 0 0 0 2 -2
-2 0 2 0 0 0 0 0 0 2 0 -2 -2 -2 0 0 0 -2 2
2 0 -2 0 0 0 0 0 0 2 0 -2 -2 -2 0 0 0 -2 2
-2 0 2 0 0 0 0 0 0 2 0 -2 -2 -2 0 0 0 2 -2
2 0 -2 0 0 0 0 0 0 2 0 -2 -2 -2 0 0 0 2 -2
2 0 2 0 0 0 0 0 0 -2 0 -2 -2 -2 0 0 0 -2 2
-2 0 -2 0 0 0 0 0 0 -2 0 -2 -2 -2 0 0 0 -2 2
2 0 2 0 0 0 0 0 0 -2 0 -2 -2 -2 0 0 0 2 -2
-2 0 -2 0 0 0 0 0 0 -2 0 -2 -2 -2 0 0 0 2 -2
0 0 -2 0 0 2 0 2 2 0 2 2 2 2 0 0 0 0 0
0 0 2 0 0 -2 0 2 2 0 2 2 2 2 0 0 0 0 0
0 0 2 0 0 2 0 -2 2 0 2 2 2 2 0 0 0 0 0
0 0 -2 0 0 -2 0 -2 2 0 2 2 2 2 0 0 0 0 0
0 0 2 0 0 2 0 2 -2 0 2 2 2 2 0 0 0 0 0
0 0 -2 0 0 -2 0 2 -2 0 2 2 2 2 0 0 0 0 0
0 0 -2 0 0 2 0 -2 -2 0 2 2 2 2 0 0 0 0 0
0 0 2 0 0 -2 0 -2 -2 0 2 2 2 2 0 0 0 0 0
0 0 2 0 0 2 0 2 2 0 -2 2 2 2 0 0 0 0 0
0 0 -2 0 0 -2 0 2 2 0 -2 2 2 2 0 0 0 0 0
0 0 -2 0 0 2 0 -2 2 0 -2 2 2 2 0 0 0 0 0
0 0 2 0 0 -2 0 -2 2 0 -2 2 2 2 0 0 0 0 0
0 0 -2 0 0 2 0 2 -2 0 -2 2 2 2 0 0 0 0 0
0 0 2 0 0 -2 0 2 -2 0 -2 2 2 2 0 0 0 0 0
0 0 2 0 0 2 0 -2 -2 0 -2 2 2 2 0 0 0 0 0
0 0 -2 0 0 -2 0 -2 -2 0 -2 2 2 2 0 0 0 0 0
0 0 2 0 0 2 0 2 2 0 2 -2 2 2 0 0 0 0 0
0 0 -2 0 0 -2 0 2 2 0 2 -2 2 2 0 0 0 0 0
0 0 -2 0 0 2 0 -2 2 0 2 -2 2 2 0 0 0 0 0
0 0 2 0 0 -2 0 -2 2 0 2 -2 2 2 0 0 0 0 0
0 0 -2 0 0 2 0 2 -2 0 2 -2 2 2 0 0 0 0 0
0 0 2 0 0 -2 0 2 -2 0 2 -2 2 2 0 0 0 0 0
0 0 2 0 0 2 0 -2 -2 0 2 -2 2 2 0 0 0 0 0
0 0 -2 0 0 -2 0 -2 -2 0 2 -2 2 2 0 0 0 0 0
0 0 -2 0 0 2 0 2 2 0 -2 -2 2 2 0 0 0 0 0
0 0 2 0 0 -2 0 2 2 0 -2 -2 2 2 0 0 0 0 0
0 0 2 0 0 2 0 -2 2 0 -2 -2 2 2 0 0 0 0 0
0 0 -2 0 0 -2 0 -2 2 0 -2 -2 2 2 0 0 0 0 0
0 0 2 0 0 2 0 2 -2 0 -2 -2 2 2 0 0 0 0 0
0 0 -2 0 0 -2 0 2 -2 0 -2 -2 2 2 0 0 0 0 0
0 0 -2 0 0 2 0 -2 -2 0 -2 -2 2 2 0 0 0 0 0
0 0 2 0 0 -2 0 -2 -2 0 -2 -2 2 2 0 0 0 0 0
0 0 2 0 0 2 0 2 2 0 2 2 -2 2 0 0 0 0 0
0 0 -2 0 0 -2 0 2 2 0 2 2 -2 2 0 0 0 0 0
0 0 -2 0 0 2 0 -2 2 0 2 2 -2 2 0 0 0 0 0
0 0 2 0 0 -2 0 -2 2 0 2 2 -2 2 0 0 0 0 0
0 0 -2 0 0 2 0 2 -2 0 2 2 -2 2 0 0 0 0 0
0 0 2 0 0 -2 0 2 -2 0 2 2 -2 2 0 0 0 0 0
0 0 2 0 0 2 0 -2 -2 0 2 2 -2 2 0 0 0 0 0
0 0 -2 0 0 -2 0 -2 -2 0 2 2 -2 2 0 0 0 0 0
0 0 -2 0 0 2 0 2 2 0 -2 2 -2 2 0 0 0 0 0
0 0 2 0 0 -2 0 2 2 0 -2 2 -2 2 0 0 0 0 0
0 0 2 0 0 2 0 -2 2 0 -2 2 -2 2 0 0 0 0 0
0 0 -2 0 0 -2 0 -2 2 0 -2 2 -2 2 0 0 0 0 0
0 0 2 0 0 2 0 2 -2 0 -2 2 -2 2 0 0 0 0 0
0 0 -2 0 0 -2 0 2 -2 0 -2 2 -2 2 0 0 0 0 0
0 0 -2 0 0 2 0 -2 -2 0 -2 2 -2 2 0 0 0 0 0
0 0 2 0 0 -2 0 -2 -2 0 -2 2 -2 2 0 0 0 0 0
0 0 -2 0 0 2 0 2 2 0 2 -2 -2 2 0 0 0 0 0
0 0 2 0 0 -2 0 2 2 0 2 -2 -2 2 0 0 0 0 0
0 0 2 0 0 2 0 -2 2 0 2 -2 -2 2 0 0 0 0 0
0 0 -2 0 0 -2 0 -2 2 0 2 -2 -2 2 0 0 0 0 0
0 0 2 0 0 2 0 2 -2 0 2 -2 -2 2 0 0 0 0 0
0 0 -2 0 0 -2 0 2 -2 0 2 -2 -2 2 0 0 0 0 0
0 0 -2 0 0 2 0 -2 -2 0 2 -2 -2 2 0 0 0 0 0
0 0 2 0 0 -2 0 -2 -2 0 2 -2 -2 2 0 0 0 0 0
0 0 2 0 0 2 0 2 2 0 -2 -2 -2 2 0 0 0 0 0
0 0 -2 0 0 -2 0 2 2 0 -2 -2 -2 2 0 0 0 0 0
0 0 -2 0 0 2 0 -2 2 0 -2 -2 -2 2 0 0 0 0 0
0 0 2 0 0 -2 0 -2 2 0 -2 -2 -2 2 0 0 0 0 0
0 0 -2 0 0 2 0 2 -2 0 -2 -2 -2 2 0 0 0 0 0
0 0 2 0 0 -2 0 2 -2 0 -2 -2 -2 2 0 0 0 0 0
0 0 2 0 0 2 0 -2 -2 0 -2 -2 -2 2 0 0 0 0 0
0 0 -2 0 0 -2 0 -2 -2 0 -2 -2 -2 2 0 0 0 0 0
0 0 2 0 0 2 0 2 2 0 2 2 2 -2 0 0 0 0 0
0 0 -2 0 0 -2 0 2 2 0 2 2 2 -2 0 0 0 0 0
0 0 -2 0 0 2 0 -2 2 0 2 2 2 -2 0 0 0 0 0
0 0 2 0 0 -2 0 -2 2 0 2 2 2 -2 0 0 0 0 0
0 0 -2 0 0 2 0 2 -2 0 2 2 2 -2 0 0 0 0 0
0 0 2 0 0 -2 0 2 -2 0 2 2 2 -2 0 0 0 0 0
0 0 2 0 0 2 0 -2 -2 0 2 2 2 -2 0 0 0 0 0
0 0 -2 0 0 -2 0 -2 -2 0 2 2 2 -2 0 0 0 0 0
0 0 -2 0 0 2 0 2 2 0 -2 2 2 -2 0 0 0 0 0
0 0 2 0 0 -2 0 2 2 0 -2 2 2 -2 0 0 0 0 0
0 0 2 0 0 2 0 -2 2 0 -2 2 2 -2 0 0 0 0 0
0 0 -2 0 0 -2 0 -2 2 0 -2 2 2 -2 0 0 0 0 0
0 0 2 0 0 2 0 2 -2 0 -2 2 2 -2 0 0 0 0 0
0 0 -2 0 0 -2 0 2 -2 0 -2 2 2 -2 0 0 0 0 0
0 0 -2 0 0 2 0 -2 -2 0 -2 2 2 -2 0 0 0 0 0
0 0 2 0 0 -2 0 -2 -2 0 -2 2 2 -2 0 0 0 0 0
0 0 -2 0 0 2 0 2 2 0 2 -2 2 -2 0 0 0 0 0
0 0 2 0 0 -2 0 2 2 0 2 -2 2 -2 0 0 0 0 0
0 0 2 0 0 2 0 -2 2 0 2 -2 2 -2 0 0 0 0 0
0 0 -2 0 0 -2 0 -2 2 0 2 -2 2 -2 0 0 0 0 0
0 0 2 0 0 2 0 2 -2 0 2 -2 2 -2 0 0 0 0 0
0 0 -2 0 0 -2 0 2 -2 0 2 -2 2 -2 0 0 0 0 0
0 0 -2 0 0 2 0 -2 -2 0 2 -2 2 -2 0 0 0 0 0
0 0 2 0 0 -2 0 -2 -2 0 2 -2 2 -2 0 0 0 0 0
0 0 2 0 0 2 0 2 2 0 -2 -2 2 -2 0 0 0 0 0
0 0 -2 0 0 -2 0 2 2 0 -2 -2 2 -2 0 0 0 0 0
0 0 -2 0 0 2 0 -2 2 0 -2 -2 2 -2 0 0 0 0 0
0 0 2 0 0 -2 0 -2 2 0 -2 -2 2 -2 0 0 0 0 0
0 0 -2 0 0 2 0 2 -2 0 -2 -2 2 -2 0 0 0 0 0
0 0 2 0 0 -2 0 2 -2 0 -2 -2 2 -2 0 0 0 0 0
0 0 2 0 0 2 0 -2 -2 0 -2 -2 2 -2 0 0 0 0 0
0 0 -2 0 0 -2 0 -2 -2 0 -2 -2 2 -2 0 0 0 0 0
0 0 -2 0 0 2 0 2 2 0 2 2 -2 -2 0 0 0 0 0
0 0 2 0 0 -2 0 2 2 0 2 2 -2 -2 0 0 0 0 0
0 0 2 0 0 2 0 -2 2 0 2 2 -2 -2 0 0 0 0 0
0 0 -2 0 0 -2 0 -2 2 0 2 2 -2 -2 0 0 0 0 0
0 0 2 0 0 2 0 2 -2 0 2 2 -2 -2 0 0 0 0 0
0 0 -2 0 0 -2 0 2 -2 0 2 2 -2 -2 0 0 0 0 0
0 0 -2 0 0 2 0 -2 -2 0 2 2 -2 -2 0 0 0 0 0
0 0 2 0 0 -2 0 -2 -2 0 2 2 -2 -2 0 0 0 0 0
0 0 2 0 0 2 0 2 2 0 -2 2 -2 -2 0 0 0 0 0
0 0 -2 0 0 -2 0 2 2 0 -2 2 -2 -2 0 0 0 0 0
0 0 -2 0 0 2 0 -2 2 0 -2 2 -2 -2 0 0 0 0 0
0 0 2 0 0 -2 0 -2 2 0 -2 2 -2 -2 0 0 0 0 0
0 0 -2 0 0 2 0 2 -2 0 -2 2 -2 -2 0 0 0 0 0
0 0 2 0 0 -2 0 2 -2 0 -2 2 -2 -2 0 0 0 0 0
0 0 2 0 0 2 0 -2 -2 0 -2 2 -2 -2 0 0 0 0 0
0 0 -2 0 0 -2 0 -2 -2 0 -2 2 -2 -2 0 0 0 0 0
0 0 2 0 0 2 0 2 2 0 2 -2 -2 -2 0 0 0 0 0
0 0 -2 0 0 -2 0 2 2 0 2 -2 -2 -2 0 0 0 0 0
0 0 -2 0 0 2 0 -2 2 0 2 -2 -2 -2 0 0 0 0 0
0 0 2 0 0 -2 0 -2 2 0 2 -2 -2 -2 0 0 0 0 0
0 0 -2 0 0 2 0 2 -2 0 2 -2 -2 -2 0 0 0 0 0
0 0 2 0 0 -2 0 2 -2 0 2 -2 -2 -2 0 0 0 0 0
0 0 2 0 0 2 0 -2 -2 0 2 -2 -2 -2 0 0 0 0 0
0 0 -2 0 0 -2 0 -2 -2 0 2 -2 -2 -2 0 0 0 0 0
0 0 -2 0 0 2 0 2 2 0 -2 -2 -2 -2 0 0 0 0 0
0 0 2 0 0 -2 0 2 2 0 -2 -2 -2 -2 0 0 0 0 0
0 0 2 0 0 2 0 -2 2 0 -2 -2 -2 -2 0 0 0 0 0
0 0 -2 0 0 -2 0 -2 2 0 -2 -2 -2 -2 0 0 0 0 0
0 0 2 0 0 2 0 2 -2 0 -2 -2 -2 -2 0 0 0 0 0
0 0 -2 0 0 -2 0 2 -2 0 -2 -2 -2 -2 0 0 0 0 0
0 0 -2 0 0 2 0 -2 -2 0 -2 -2 -2 -2 0 0 0 0 0
0 0 2 0 0 -2 0 -2 -2 0 -2 -2 -2 -2 0 0 0 0 0
2 0 2 2 0 0 2 0 2 0 0 0 0 0 2 0 0 -2 2
-2 0 -2 2 0 0 2 0 2 0 0 0 0 0 2 0 0 -2 2
-2 0 2 -2 0 0 2 0 2 0 0 0 0 0 2 0 0 -2 2
2 0 -2 -2 0 0 2 0 2 0 0 0 0 0 2 0 0 -2 2
2 0 2 2 0 0 2 0 2 0 0 0 0 0 2 0 0 2 -2
-2 0 -2 2 0 0 2 0 2 0 0 0 0 0 2 0 0 2 -2
-2 0 2 -2 0 0 2 0 2 0 0 0 0 0 2 0 0 2 -2
2 0 -2 -2 0 0 2 0 2 0 0 0 0 0 2 0 0 2 -2
-2 0 2 2 0 0 -2 0 2 0 0 0 0 0 2 0 0 -2 2
2 0 -2 2 0 0 -2 0 2 0 0 0 0 0 2 0 0 -2 2
2 0 2 -2 0 0 -2 0 2 0 0 0 0 0 2 0 0 -2 2
-2 0 -2 -2 0 0 -2 0 2 0 0 0 0 0 2 0 0 -2 2
-2 0 2 2 0 0 -2 0 2 0 0 0 0 0 2 0 0 2 -2
2 0 -2 2 0 0 -2 0 2 0 0 0 0 0 2 0 0 2 -2
2 0 2 -2 0 0 -2 0 2 0 0 0 0 0 2 0 0 2 -2
-2 0 -2 -2 0 0 -2 0 2 0 0 0 0 0 2 0 0 2 -2
-2 0 2 2 0 0 2 0 -2 0 0 0 0 0 2 0 0 -2 2
2 0 -2 2 0 0 2 0 -2 0 0 0 0 0 2 0 0 -2 2
2 0 2 -2 0 0 2 0 -2 0 0 0 0 0 2 0 0 -2 2
-2 0 -2 -2 0 0 2 0 -2 0 0 0 0 0 2 0 0 -2 2
-2 0 2 2 0 0 2 0 -2 0 0 0 0 0 2 0 0 2 -2
2 0 -2 2 0 0 2 0 -2 0 0 0 0 0 2 0 0 2 -2
2 0 2 -2 0 0 2 0 -2 0 0 0 0 0 2 0 0 2 -2
-2 0 -2 -2 0 0 2 0 -2 0 0 0 0 0 2 0 0 2 -2
2 0 2 2 0 0 -2 0 -2 0 0 0 0 0 2 0 0 -2 2
-2 0 -2 2 0 0 -2 0 -2 0 0 0 0 0 2 0 0 -2 2
-2 0 2 -2 0 0 -2 0 -2 0 0 0 0 0 2 0 0 -2 2
2 0 -2 -2 0 0 -2 0 -2 0 0 0 0 0 2 0 0 -2 2
2 0 2 2 0 0 -2 0 -2 0 0 0 0 0 2 0 0 2 -2
-2 0 -2 2 0 0 -2 0 -2 0 0 0 0 0 2 0 0 2 -2
-2 0 2 -2 0 0 -2 0 -2 0 0 0 0 0 2 0 0 2 -2
2 0 -2 -2 0 0 -2 0 -2 0 0 0 0 0 2 0 0 2 -2
-2 0 2 2 0 0 2 0 2 0 0 0 0 0 -2 0 0 -2 2
2 0 -2 2 0 0 2 0 2 0 0 0 0 0 -2 0 0 -2 2
2 0 2 -2 0 0 2 0 2 0 0 0 0 0 -2 0 0 -2 2
-2 0 -2 -2 0 0 2 0 2 0 0 0 0 0 -2 0 0 -2 2
-2 0 2 2 0 0 2 0 2 0 0 0 0 0 -2 0 0 2 -2
2 0 -2 2 0 0 2 0 2 0 0 0 0 0 -2 0 0 2 -2
2 0 2 -2 0 0 2 0 2 0 0 0 0 0 -2 0 0 2 -2
-2 0 -2 -2 0 0 2 0 2 0 0 0 0 0 -2 0 0 2 -2
2 0 2 2 0 0 -2 0 2 0 0 0 0 0 -2 0 0 -2 2
-2 0 -2 2 0 0 -2 0 2 0 0 0 0 0 -2 0 0 -2 2
-2 0 2 -2 0 0 -2 0 2 0 0 0 0 0 -2 0 0 -2 2
2 0 -2 -2 0 0 -2 0 2 0 0 0 0 0 -2 0 0 -2 2
2 0 2 2 0 0 -2 0 2 0 0 0 0 0 -2 0 0 2 -2
-2 0 -2 2 0 0 -2 0 2 0 0 0 0 0 -2 0 0 2 -2
-2 0 2 -2 0 0 -2 0 2 0 0 0 0 0 -2 0 0 2 -2
2 0 -2 -2 0 0 -2 0 2 0 0 0 0 0 -2 0 0 2 -2
2 0 2 2 0 0 2 0 -2 0 0 0 0 0 -2 0 0 -2 2
-2 0 -2 2 0 0 2 0 -2 0 0 0 0 0 -2 0 0 -2 2
-2 0 2 -2 0 0 2 0 -2 0 0 0 0 0 -2 0 0 -2 2
2 0 -2 -2 0 0 2 0 -2 0 0 0 0 0 -2 0 0 -2 2
2 0 2 2 0 0 2 0 -2 0 0 0 0 0 -2 0 0 2 -2
-2 0 -2 2 0 0 2 0 -2 0 0 0 0 0 -2 0 0 2 -2
-2 0 2 -2 0 0 2 0 -2 0 0 0 0 0 -2 0 0 2 -2
2 0 -2 -2 0 0 2 0 -2 0 0 0 0 0 -2 0 0 2 -2
-2 0 2 2 0 0 -2 0 -2 0 0 0 0 0 -2 0 0 -2 2
2 0 -2 2 0 0 -2 0 -2 0 0 0 0 0 -2 0 0 -2 2
2 0 2 -2 0 0 -2 0 -2 0 0 0 0 0 -2 0 0 -2 2
-2 0 -2 -2 0 0 -2 0 -2 0 0 0 0 0 -2 0 0 -2 2
-2 0 2 2 0 0 -2 0 -2 0 0 0 0 0 -2 0 0 2 -2
2 0 -2 2 0 0 -2 0 -2 0 0 0 0 0 -2 0 0 2 -2
2 0 2 -2 0 0 -2 0 -2 0 0 0 0 0 -2 0 0 2 -2
-2 0 -2 -2 0 0 -2 0 -2 0 0 0 0 0 -2 0 0 2 -2
2 0 2 0 2 0 0 2 0 2 0 0 0 0 2 0 -2 0 -2
-2 0 -2 0 2 0 0 2 0 2 0 0 0 0 2 0 -2 0 -2
2 0 2 0 2 0 0 2 0 2 0 0 0 0 2 0 2 0 2
-2 0 -2 0 2 0 0 2 0 2 0 0 0 0 2 0 2 0 2
-2 0 2 0 -2 0 0 2 0 2 0 0 0 0 2 0 -2 0 -2
2 0 -2 0 -2 0 0 2 0 2 0 0 0 0 2 0 -2 0 -2
-2 0 2 0 -2 0 0 2 0 2 0 0 0 0 2 0 2 0 2
2 0 -2 0 -2 0 0 2 0 2 0 0 0 0 2 0 2 0 2
-2 0 2 0 2 0 0 -2 0 2 0 0 0 0 2 0 -2 0 -2
2 0 -2 0 2 0 0 -2 0 2 0 0 0 0 2 0 -2 0 -2
-2 0 2 0 2 0 0 -2 0 2 0 0 0 0 2 0 2 0 2
2 0 -2 0 2 0 0 -2 0 2 0 0 0 0 2 0 2 0 2
2 0 2 0 -2 0 0 -2 0 2 0 0 0 0 2 0 -2 0 -2
-2 0 -2 0 -2 0 0 -2 0 2 0 0 0 0 2 0 -2 0 -2
2 0 2 0 -2 0 0 -2 0 2 0 0 0 0 2 0 2 0 2
-2 0 -2 0 -2 0 0 -2 0 2 0 0 0 0 2 0 2 0 2
-2 0 2 0 2 0 0 2 0 -2 0 0 0 0 2 0 -2 0 -2
2 0 -2 0 2 0 0 2 0 -2 0 0 0 0 2 0 -2 0 -2
-2 0 2 0 2 0 0 2 0 -2 0 0 0 0 2 0 2 0 2
2 0 -2 0 2 0 0 2 0 -2 0 0 0 0 2 0 2 0 2
2 0 2 0 -2 0 0 2 0 -2 0 0 0 0 2 0 -2 0 -2
-2 0 -2 0 -2 0 0 2 0 -2 0 0 0 0 2 0 -2 0 -2
2 0 2 0 -2 0 0 2 0 -2 0 0 0 0 2 0 2 0 2
-2 0 -2 0 -2 0 0 2 0 -2 0 0 0 0 2 0 2 0 2
2 0 2 0 2 0 0 -2 0 -2 0 0 0 0 2 0 -2 0 -2
-2 0 -2 0 2 0 0 -2 0 -2 0 0 0 0 2 0 -2 0 -2
2 0 2 0 2 0 0 -2 0 -2 0 0 0 0 2 0 2 0 2
-2 0 -2 0 2 0 0 -2 0 -2 0 0 0 0 2 0 2 0 2
-2 0 2 0 -2 0 0 -2 0 -2 0 0 0 0 2 0 -2 0 -2
2 0 -2 0 -2 0 0 -2 0 -2 0 0 0 0 2 0 -2 0 -2
-2 0 2 0 -2 0 0 -2 0 -2 0 0 0 0 2 0 2 0 2
2 0 -2 0 -2 0 0 -2 0 -2 0 0 0 0 2 0 2 0 2
-2 0 2 0 2 0 0 2 0 2 0 0 0 0 -2 0 -2 0 -2
2 0 -2 0 2 0 0 2 0 2 0 0 0 0 -2 0 -2 0 -2
-2 0 2 0 2 0 0 2 0 2 0 0 0 0 -2 0 2 0 2
2 0 -2 0 2 0 0 2 0 2 0 0 0 0 -2 0 2 0 2
2 0 2 0 -2 0 0 2 0 2 0 0 0 0 -2 0 -2 0 -2
-2 0 -2 0 -2 0 0 2 0 2 0 0 0 0 -2 0 -2 0 -2
2 0 2 0 -2 0 0 2 0 2 0 0 0 0 -2 0 2 0 2
-2 0 -2 0 -2 0 0 2 0 2 0 0 0 0 -2 0 2 0 2
2 0 2 0 2 0 0 -2 0 2 0 0 0 0 -2 0 -2 0 -2
-2 0 -2 0 2 0 0 -2 0 2 0 0 0 0 -2 0 -2 0 -2
2 0 2 0 2 0 0 -2 0 2 0 0 0 0 -2 0 2 0 2
-2 0 -2 0 2 0 0 -2 0 2 0 0 0 0 -2 0 2 0 2
-2 0 2 0 -2 0 0 -2 0 2 0 0 0 0 -2 0 -2 0 -2
2 0 -2 0 -2 0 0 -2 0 2 0 0 0 0 -2 0 -2 0 -2
-2 0 2 0 -2 0 0 -2 0 2 0 0 0 0 -2 0 2 0 2
2 0 -2 0 -2 0 0 -2 0 2 0 0 0 0 -2 0 2 0 2
2 0 2 0 2 0 0 2 0 -2 0 0 0 0 -2 0 -2 0 -2
-2 0 -2 0 2 0 0 2 0 -2 0 0 0 0 -2 0 -2 0 -2
2 0 2 0 2 0 0 2 0 -2 0 0 0 0 -2 0 2 0 2
-2 0 -2 0 2 0 0 2 0 -2 0 0 0 0 -2 0 2 0 2
-2 0 2 0 -2 0 0 2 0 -2 0 0 0 0 -2 0 -2 0 -2
2 0 -2 0 -2 0 0 2 0 -2 0 0 0 0 -2 0 -2 0 -2
-2 0 2 0 -2 0 0 2 0 -2 0 0 0 0 -2 0 2 0 2
2 0 -2 0 -2 0 0 2 0 -2 0 0 0 0 -2 0 2 0 2
-2 0 2 0 2 0 0 -2 0 -2 0 0 0 0 -2 0 -2 0 -2
2 0 -2 0 2 0 0 -2 0 -2 0 0 0 0 -2 0 -2 0 -2
-2 0 2 0 2 0 0 -2 0 -2 0 0 0 0 -2 0 2 0 2
2 0 -2 0 2 0 0 -2 0 -2 0 0 0 0 -2 0 2 0 2
2 0 2 0 -2 0 0 -2 0 -2 0 0 0 0 -2 0 -2 0 -2
-2 0 -2 0 -2 0 0 -2 0 -2 0 0 0 0 -2 0 -2 0 -2
2 0 2 0 -2 0 0 -2 0 -2 0 0 0 0 -2 0 2 0 2
-2 0 -2 0 -2 0 0 -2 0 -2 0 0 0 0 -2 0 2 0 2
0 2 0 0 0 0 2 2 2 2 0 0 0 0 2 0 -2 2 0
0 2 0 0 0 0 2 2 2 2 0 0 0 0 2 0 2 -2 0
0 -2 0 0 0 0 -2 2 2 2 0 0 0 0 2 0 -2 2 0
0 -2 0 0 0 0 -2 2 2 2 0 0 0 0 2 0 2 -2 0
0 -2 0 0 0 0 2 -2 2 2 0 0 0 0 2 0 -2 2 0
0 -2 0 0 0 0 2 -2 2 2 0 0 0 0 2 0 2 -2 0
0 2 0 0 0 0 -2 -2 2 2 0 0 0 0 2 0 -2 2 0
0 2 0 0 0 0 -2 -2 2 2 0 0 0 0 2 0 2 -2 0
0 -2 0 0 0 0 2 2 -2 2 0 0 0 0 2 0 -2 2 0
0 -2 0 0 0 0 2 2 -2 2 0 0 0 0 2 0 2 -2 0
0 2 0 0 0 0 -2 2 -2 2 0 0 0 0 2 0 -2 2 0
0 2 0 0 0 0 -2 2 -2 2 0 0 0 0 2 0 2 -2 0
0 2 0 0 0 0 2 -2 -2 2 0 0 0 0 2 0 -2 2 0
0 2 0 0 0 0 2 -2 -2 2 0 0 0 0 2 0 2 -2 0
0 -2 0 0 0 0 -2 -2 -2 2 0 0 0 0 2 0 -2 2 0
0 -2 0 0 0 0 -2 -2 -2 2 0 0 0 0 2 0 2 -2 0
0 -2 0 0 0 0 2 2 2 -2 0 0 0 0 2 0 -2 2 0
0 -2 0 0 0 0 2 2 2 -2 0 0 0 0 2 0 2 -2 0
0 2 0 0 0 0 -2 2 2 -2 0 0 0 0 2 0 -2 2 0
0 2 0 0 0 0 -2 2 2 -2 0 0 0 0 2 0 2 -2 0
0 2 0 0 0 0 2 -2 2 -2 0 0 0 0 2 0 -2 2 0
0 2 0 0 0 0 2 -2 2 -2 0 0 0 0 2 0 2 -2 0
0 -2 0 0 0 0 -2 -2 2 -2 0 0 0 0 2 0 -2 2 0
0 -2 0 0 0 0 -2 -2 2 -2 0 0 0 0 2 0 2 -2 0
0 2 0 0 0 0 2 2 -2 -2 0 0 0 0 2 0 -2 2 0
0 2 0 0 0 0 2 2 -2 -2 0 0 0 0 2 0 2 -2 0
0 -2 0 0 0 0 -2 2 -2 -2 0 0 0 0 2 0 -2 2 0
0 -2 0 0 0 0 -2 2 -2 -2 0 0 0 0 2 0 2 -2 0
0 -2 0 0 0 0 2 -2 -2 -2 0 0 0 0 2 0 -2 2 0
0 -2 0 0 0 0 2 -2 -2 -2 0 0 0 0 2 0 2 -2 0
0 2 0 0 0 0 -2 -2 -2 -2 0 0 0 0 2 0 -2 2 0
0 2 0 0 0 0 -2 -2 -2 -2 0 0 0 0 2 0 2 -2 0
0 -2 0 0 0 0 2 2 2 2 0 0 0 0 -2 0 -2 2 0
0 -2 0 0 0 0 2 2 2 2 0 0 0 0 -2 0 2 -2 0
0 2 0 0 0 0 -2 2 2 2 0 0 0 0 -2 0 -2 2 0
0 2 0 0 0 0 -2 2 2 2 0 0 0 0 -2 0 2 -2 0
0 2 0 0 0 0 2 -2 2 2 0 0 0 0 -2 0 -2 2 0
0 2 0 0 0 0 2 -2 2 2 0 0 0 0 -2 0 2 -2 0
0 -2 0 0 0 0 -2 -2 2 2 0 0 0 0 -2 0 -2 2 0
0 -2 0 0 0 0 -2 -2 2 2 0 0 0 0 -2 0 2 -2 0
0 2 0 0 0 0 2 2 -2 2 0 0 0 0 -2 0 -2 2 0
0 2 0 0 0 0 2 2 -2 2 0 0 0 0 -2 0 2 -2 0
0 -2 0 0 0 0 -2 2 -2 2 0 0 0 0 -2 0 -2 2 0
0 -2 0 0 0 0 -2 2 -2 2 0 0 0 0 -2 0 2 -2 0
0 -2 0 0 0 0 2 -2 -2 2 0 0 0 0 -2 0 -2 2 0
0 -2 0 0 0 0 2 -2 -2 2 0 0 0 0 -2 0 2 -2 0
0 2 0 0 0 0 -2 -2 -2 2 0 0 0 0 -2 0 -2 2 0
0 2 0 0 0 0 -2 -2 -2 2 0 0 0 0 -2 0 2 -2 0
0 2 0 0 0 0 2 2 2 -2 0 0 0 0 -2 0 -2 2 0
0 2 0 0 0 0 2 2 2 -2 0 0 0 0 -2 0 2 -2 0
0 -2 0 0 0 0 -2 2 2 -2 0 0 0 0 -2 0 -2 2 0
0 -2 0 0 0 0 -2 2 2 -2 0 0 0 0 -2 0 2 -2 0
0 -2 0 0 0 0 2 -2 2 -2 0 0 0 0 -2 0 -2 2 0
0 -2 0 0 0 0 2 -2 2 -2 0 0 0 0 -2 0 2 -2 0
0 2 0 0 0 0 -2 -2 2 -2 0 0 0 0 -2 0 -2 2 0
0 2 0 0 0 0 -2 -2 2 -2 0 0 0 0 -2 0 2 -2 0
0 -2 0 0 0 0 2 2 -2 -2 0 0 0 0 -2 0 -2 2 0
0 -2 0 0 0 0 2 2 -2 -2 0 0 0 0 -2 0 2 -2 0
0 2 0 0 0 0 -2 2 -2 -2 0 0 0 0 -2 0 -2 2 0
0 2 0 0 0 0 -2 2 -2 -2 0 0 0 0 -2 0 2 -2 0
0 2 0 0 0 0 2 -2 -2 -2 0 0 0 0 -2 0 -2 2 0
0 2 0 0 0 0 2 -2 -2 -2 0 0 0 0 -2 0 2 -2 0
0 -2 0 0 0 0 -2 -2 -2 -2 0 0 0 0 -2 0 -2 2 0
0 -2 0 0 0 0 -2 -2 -2 -2 0 0 0 0 -2 0 2 -2 0
2 2 0 0 0 2 2 0 0 0 2 0 0 0 2 0 -2 0 2
-2 -2 0 0 0 2 2 0 0 0 2 0 0 0 2 0 -2 0 2
2 2 0 0 0 2 2 0 0 0 2 0 0 0 2 0 2 0 -2
-2 -2 0 0 0 2 2 0 0 0 2 0 0 0 2 0 2 0 -2
-2 2 0 0 0 -2 2 0 0 0 2 0 0 0 2 0 -2 0 2
2 -2 0 0 0 -2 2 0 0 0 2 0 0 0 2 0 -2 0 2
-2 2 0 0 0 -2 2 0 0 0 2 0 0 0 2 0 2 0 -2
2 -2 0 0 0 -2 2 0 0 0 2 0 0 0 2 0 2 0 -2
-2 2 0 0 0 2 -2 0 0 0 2 0 0 0 2 0 -2 0 2
2 -2 0 0 0 2 -2 0 0 0 2 0 0 0 2 0 -2 0 2
-2 2 0 0 0 2 -2 0 0 0 2 0 0 0 2 0 2 0 -2
2 -2 0 0 0 2 -2 0 0 0 2 0 0 0 2 0 2 0 -2
2 2 0 0 0 -2 -2 0 0 0 2 0 0 0 2 0 -2 0 2
-2 -2 0 0 0 -2 -2 0 0 0 2 0 0 0 2 0 -2 0 2
2 2 0 0 0 -2 -2 0 0 0 2 0 0 0 2 0 2 0 -2
-2 -2 0 0 0 -2 -2 0 0 0 2 0 0 0 2 0 2 0 -2
-2 2 0 0 0 2 2 0 0 0 -2 0 0 0 2 0 -2 0 2
2 -2 0 0 0 2 2 0 0 0 -2 0 0 0 2 0 -2 0 2
-2 2 0 0 0 2 2 0 0 0 -2 0 0 0 2 0 2 0 -2
2 -2 0 0 0 2 2 0 0 0 -2 0 0 0 2 0 2 0 -2
2 2 0 0 0 -2 2 0 0 0 -2 0 0 0 2 0 -2 0 2
-2 -2 0 0 0 -2 2 0 0 0 -2 0 0 0 2 0 -2 0 2
2 2 0 0 0 -2 2 0 0 0 -2 0 0 0 2 0 2 0 -2
-2 -2 0 0 0 -2 2 0 0 0 -2 0 0 0 2 0 2 0 -2
2 2 0 0 0 2 -2 0 0 0 -2 0 0 0 2 0 -2 0 2
-2 -2 0 0 0 2 -2 0 0 0 -2 0 0 0 2 0 -2 0 2
2 2 0 0 0 2 -2 0 0 0 -2 0 0 0 2 0 2 0 -2
-2 -2 0 0 0 2 -2 0 0 0 -2 0 0 0 2 0 2 0 -2
-2 2 0 0 0 -2 -2 0 0 0 -2 0 0 0 2 0 -2 0 2
2 -2 0 0 0 -2 -2 0 0 0 -2 0 0 0 2 0 -2 0 2
-2 2 0 0 0 -2 -2 0 0 0 -2 0 0 0 2 0 2 0 -2
2 -2 0 0 0 -2 -2 0 0 0 -2 0 0 0 2 0 2 0 -2
-2 2 0 0 0 2 2 0 0 0 2 0 0 0 -2 0 -2 0 2
2 -2 0 0 0 2 2 0 0 0 2 0 0 0 -2 0 -2 0 2
-2 2 0 0 0 2 2 0 0 0 2 0 0 0 -2 0 2 0 -2
2 -2 0 0 0 2 2 0 0 0 2 0 0 0 -2 0 2 0 -2
2 2 0 0 0 -2 2 0 0 0 2 0 0 0 -2 0 -2 0 2
-2 -2 0 0 0 -2 2 0 0 0 2 0 0 0 -2 0 -2 0 2
2 2 0 0 0 -2 2 0 0 0 2 0 0 0 -2 0 2 0 -2
-2 -2 0 0 0 -2 2 0 0 0 2 0 0 0 -2 0 2 0 -2
2 2 0 0 0 2 -2 0 0 0 2 0 0 0 -2 0 -2 0 2
-2 -2 0 0 0 2 -2 0 0 0 2 0 0 0 -2 0 -2 0 2
2 2 0 0 0 2 -2 0 0 0 2 0 0 0 -2 0 2 0 -2
-2 -2 0 0 0 2 -2 0 0 0 2 0 0 0 -2 0 2 0 -2
-2 2 0 0 0 -2 -2 0 0 0 2 0 0 0 -2 0 -2 0 2
2 -2 0 0 0 -2 -2 0 0 0 2 0 0 0 -2 0 -2 0 2
-2 2 0 0 0 -2 -2 0 0 0 2 0 0 0 -2 0 2 0 -2
2 -2 0 0 0 -2 -2 0 0 0 2 0 0 0 -2 0 2 0 -2
2 2 0 0 0 2 2 0 0 0 -2 0 0 0 -2 0 -2 0 2
-2 -2 0 0 0 2 2 0 0 0 -2 0 0 0 -2 0 -2 0 2
2 2 0 0 0 2 2 0 0 0 -2 0 0 0 -2 0 2 0 -2
-2 -2 0 0 0 2 2 0 0 0 -2 0 0 0 -2 0 2 0 -2
-2 2 0 0 0 -2 2 0 0 0 -2 0 0 0 -2 0 -2 0 2
2 -2 0 0 0 -2 2 0 0 0 -2 0 0 0 -2 0 -2 0 2
-2 2 0 0 0 -2 2 0 0 0 -2 0 0 0 -2 0 2 0 -2
2 -2 0 0 0 -2 2 0 0 0 -2 0 0 0 -2 0 2 0 -2
-2 2 0 0 0 2 -2 0 0 0 -2 0 0 0 -2 0 -2 0 2
2 -2 0 0 0 2 -2 0 0 0 -2 0 0 0 -2 0 -2 0 2
-2 2 0 0 0 2 -2 0 0 0 -2 0 0 0 -2 0 2 0 -2
2 -2 0 0 0 2 -2 0 0 0 -2 0 0 0 -2 0 2 0 -2
2 2 0 0 0 -2 -2 0 0 0 -2 0 0 0 -2 0 -2 0 2
-2 -2 0 0 0 -2 -2 0 0 0 -2 0 0 0 -2 0 -2 0 2
2 2 0 0 0 -2 -2 0 0 0 -2 0 0 0 -2 0 2 0 -2
-2 -2 0 0 0 -2 -2 0 0 0 -2 0 0 0 -2 0 2 0 -2
0 0 2 0 2 2 0 0 2 0 2 0 0 0 2 0 -2 -2 0
0 0 -2 0 -2 2 0 0 2 0 2 0 0 0 2 0 -2 -2 0
0 0 2 0 2 2 0 0 2 0 2 0 0 0 2 0 2 2 0
0 0 -2 0 -2 2 0 0 2 0 2 0 0 0 2 0 2 2 0
0 0 -2 0 2 -2 0 0 2 0 2 0 0 0 2 0 -2 -2 0
0 0 2 0 -2 -2 0 0 2 0 2 0 0 0 2 0 -2 -2 0
0 0 -2 0 2 -2 0 0 2 0 2 0 0 0 2 0 2 2 0
0 0 2 0 -2 -2 0 0 2 0 2 0 0 0 2 0 2 2 0
0 0 -2 0 2 2 0 0 -2 0 2 0 0 0 2 0 -2 -2 0
0 0 2 0 -2 2 0 0 -2 0 2 0 0 0 2 0 -2 -2 0
0 0 -2 0 2 2 0 0 -2 0 2 0 0 0 2 0 2 2 0
0 0 2 0 -2 2 0 0 -2 0 2 0 0 0 2 0 2 2 0
0 0 2 0 2 -2 0 0 -2 0 2 0 0 0 2 0 -2 -2 0
0 0 -2 0 -2 -2 0 0 -2 0 2 0 0 0 2 0 -2 -2 0
0 0 2 0 2 -2 0 0 -2 0 2 0 0 0 2 0 2 2 0
0 0 -2 0 -2 -2 0 0 -2 0 2 0 0 0 2 0 2 2 0
0 0 -2 0 2 2 0 0 2 0 -2 0 0 0 2 0 -2 -2 0
0 0 2 0 -2 2 0 0 2 0 -2 0 0 0 2 0 -2 -2 0
0 0 -2 0 2 2 0 0 2 0 -2 0 0 0 2 0 2 2 0
0 0 2 0 -2 2 0 0 2 0 -2 0 0 0 2 0 2 2 0
0 0 2 0 2 -2 0 0 2 0 -2 0 0 0 2 0 -2 -2 0
0 0 -2 0 -2 -2 0 0 2 0 -2 0 0 0 2 0 -2 -2 0
0 0 2 0 2 -2 0 0 2 0 -2 0 0 0 2 0 2 2 0
0 0 -2 0 -2 -2 0 0 2 0 -2 0 0 0 2 0 2 2 0
0 0 2 0 2 2 0 0 -2 0 -2 0 0 0 2 0 -2 -2 0
0 0 -2 0 -2 2 0 0 -2 0 -2 0 0 0 2 0 -2 -2 0
0 0 2 0 2 2 0 0 -2 0 -2 0 0 0 2 0 2 2 0
0 0 -2 0 -2 2 0 0 -2 0 -2 0 0 0 2 0 2 2 0
0 0 -2 0 2 -2 0 0 -2 0 -2 0 0 0 2 0 -2 -2 0
0 0 2 0 -2 -2 0 0 -2 0 -2 0 0 0 2 0 -2 -2 0
0 0 -2 0 2 -2 0 0 -2 0 -2 0 0 0 2 0 2 2 0
0 0 2 0 -2 -2 0 0 -2 0 -2 0 0 0 2 0 2 2 0
0 0 -2 0 2 2 0 0 2 0 2 0 0 0 -2 0 -2 -2 0
0 0 2 0 -2 2 0 0 2 0 2 0 0 0 -2 0 -2 -2 0
0 0 -2 0 2 2 0 0 2 0 2 0 0 0 -2 0 2 2 0
0 0 2 0 -2 2 0 0 2 0 2 0 0 0 -2 0 2 2 0
0 0 2 0 2 -2 0 0 2 0 2 0 0 0 -2 0 -2 -2 0
0 0 -2 0 -2 -2 0 0 2 0 2 0 0 0 -2 0 -2 -2 0
0 0 2 0 2 -2 0 0 2 0 2 0 0 0 -2 0 2 2 0
0 0 -2 0 -2 -2 0 0 2 0 2 0 0 0 -2 0 2 2 0
0 0 2 0 2 2 0 0 -2 0 2 0 0 0 -2 0 -2 -2 0
0 0 -2 0 -2 2 0 0 -2 0 2 0 0 0 -2 0 -2 -2 0
0 0 2 0 2 2 0 0 -2 0 2 0 0 0 -2 0 2 2 0
0 0 -2 0 -2 2 0 0 -2 0 2 0 0 0 -2 0 2 2 0
0 0 -2 0 2 -2 0 0 -2 0 2 0 0 0 -2 0 -2 -2 0
0 0 2 0 -2 -2 0 0 -2 0 2 0 0 0 -2 0 -2 -2 0
0 0 -2 0 2 -2 0 0 -2 0 2 0 0 0 -2 0 2 2 0
0 0 2 0 -2 -2 0 0 -2 0 2 0 0 0 -2 0 2 2 0
0 0 2 0 2 2 0 0 2 0 -2 0 0 0 -2 0 -2 -2 0
0 0 -2 0 -2 2 0 0 2 0 -2 0 0 0 -2 0 -2 -2 0
0 0 2 0 2 2 0 0 2 0 -2 0 0 0 -2 0 2 2 0
0 0 -2 0 -2 2 0 0 2 0 -2 0 0 0 -2 0 2 2 0
0 0 -2 0 2 -2 0 0 2 0 -2 0 0 0 -2 0 -2 -2 0
0 0 2 0 -2 -2 0 0 2 0 -2 0 0 0 -2 0 -2 -2 0
0 0 -2 0 2 -2 0 0 2 0 -2 0 0 0 -2 0 2 2 0
0 0 2 0 -2 -2 0 0 2 0 -2 0 0 0 -2 0 2 2 0
0 0 -2 0 2 2 0 0 -2 0 -2 0 0 0 -2 0 -2 -2 0
0 0 2 0 -2 2 0 0 -2 0 -2 0 0 0 -2 0 -2 -2 0
0 0 -2 0 2 2 0 0 -2 0 -2 0 0 0 -2 0 2 2 0
0 0 2 0 -2 2 0 0 -2 0 -2 0 0 0 -2 0 2 2 0
0 0 2 0 2 -2 0 0 -2 0 -2 0 0 0 -2 0 -2 -2 0
0 0 -2 0 -2 -2 0 0 -2 0 -2 0 0 0 -2 0 -2 -2 0
0 0 2 0 2 -2 0 0 -2 0 -2 0 0 0 -2 0 2 2 0
0 0 -2 0 -2 -2 0 0 -2 0 -2 0 0 0 -2 0 2 2 0
0 0 -2 2 0 2 2 2 0 2 2 0 0 0 2 0 0 0 0
0 0 2 -2 0 2 2 2 0 2 2 0 0 0 2 0 0 0 0
0 0 2 2 0 -2 2 2 0 2 2 0 0 0 2 0 0 0 0
0 0 -2 -2 0 -2 2 2 0 2 2 0 0 0 2 0 0 0 0
0 0 2 2 0 2 -2 2 0 2 2 0 0 0 2 0 0 0 0
0 0 -2 -2 0 2 -2 2 0 2 2 0 0 0 2 0 0 0 0
0 0 -2 2 0 -2 -2 2 0 2 2 0 0 0 2 0 0 0 0
0 0 2 -2 0 -2 -2 2 0 2 2 0 0 0 2 0 0 0 0
0 0 2 2 0 2 2 -2 0 2 2 0 0 0 2 0 0 0 0
0 0 -2 -2 0 2 2 -2 0 2 2 0 0 0 2 0 0 0 0
0 0 -2 2 0 -2 2 -2 0 2 2 0 0 0 2 0 0 0 0
0 0 2 -2 0 -2 2 -2 0 2 2 0 0 0 2 0 0 0 0
0 0 -2 2 0 2 -2 -2 0 2 2 0 0 0 2 0 0 0 0
0 0 2 -2 0 2 -2 -2 0 2 2 0 0 0 2 0 0 0 0
0 0 2 2 0 -2 -2 -2 0 2 2 0 0 0 2 0 0 0 0
0 0 -2 -2 0 -2 -2 -2 0 2 2 0 0 0 2 0 0 0 0
0 0 2 2 0 2 2 2 0 -2 2 0 0 0 2 0 0 0 0
0 0 -2 -2 0 2 2 2 0 -2 2 0 0 0 2 0 0 0 0
0 0 -2 2 0 -2 2 2 0 -2 2 0 0 0 2 0 0 0 0
0 0 2 -2 0 -2 2 2 0 -2 2 0 0 0 2 0 0 0 0
0 0 -2 2 0 2 -2 2 0 -2 2 0 0 0 2 0 0 0 0
0 0 2 -2 0 2 -2 2 0 -2 2 0 0 0 2 0 0 0 0
0 0 2 2 0 -2 -2 2 0 -2 2 0 0 0 2 0 0 0 0
0 0 -2 -2 0 -2 -2 2 0 -2 2 0 0 0 2 0 0 0 0
0 0 -2 2 0 2 2 -2 0 -2 2 0 0 0 2 0 0 0 0
0 0 2 -2 0 2 2 -2 0 -2 2 0 0 0 2 0 0 0 0
0 0 2 2 0 -2 2 -2 0 -2 2 0 0 0 2 0 0 0 0
0 0 -2 -2 0 -2 2 -2 0 -2 2 0 0 0 2 0 0 0 0
0 0 2 2 0 2 -2 -2 0 -2 2 0 0 0 2 0 0 0 0
0 0 -2 -2 0 2 -2 -2 0 -2 2 0 0 0 2 0 0 0 0
0 0 -2 2 0 -2 -2 -2 0 -2 2 0 0 0 2 0 0 0 0
0 0 2 -2 0 -2 -2 -2 0 -2 2 0 0 0 2 0 0 0 0
0 0 2 2 0 2 2 2 0 2 -2 0 0 0 2 0 0 0 0
0 0 -2 -2 0 2 2 2 0 2 -2 0 0 0 2 0 0 0 0
0 0 -2 2 0 -2 2 2 0 2 -2 0 0 0 2 0 0 0 0
0 0 2 -2 0 -2 2 2 0 2 -2 0 0 0 2 0 0 0 0
0 0 -2 2 0 2 -2 2 0 2 -2 0 0 0 2 0 0 0 0
0 0 2 -2 0 2 -2 2 0 2 -2 0 0 0 2 0 0 0 0
0 0 2 2 0 -2 -2 2 0 2 -2 0 0 0 2 0 0 0 0
0 0 -2 -2 0 -2 -2 2 0 2 -2 0 0 0 2 0 0 0 0
0 0 -2 2 0 2 2 -2 0 2 -2 0 0 0 2 0 0 0 0
0 0 2 -2 0 2 2 -2 0 2 -2 0 0 0 2 0 0 0 0
0 0 2 2 0 -2 2 -2 0 2 -2 0 0 0 2 0 0 0 0
0 0 -2 -2 0 -2 2 -2 0 2 -2 0 0 0 2 0 0 0 0
0 0 2 2 0 2 -2 -2 0 2 -2 0 0 0 2 0 0 0 0
0 0 -2 -2 0 2 -2 -2 0 2 -2 0 0 0 2 0 0 0 0
0 0 -2 2 0 -2 -2 -2 0 2 -2 0 0 0 2 0 0 0 0
0 0 2 -2 0 -2 -2 -2 0 2 -2 0 0 0 2 0 0 0 0
0 0 -2 2 0 2 2 2 0 -2 -2 0 0 0 2 0 0 0 0
0 0 2 -2 0 2 2 2 0 -2 -2 0 0 0 2 0 0 0 0
0 0 2 2 0 -2 2 2 0 -2 -2 0 0 0 2 0 0 0 0
0 0 -2 -2 0 -2 2 2 0 -2 -2 0 0 0 2 0 0 0 0
0 0 2 2 0 2 -2 2 0 -2 -2 0 0 0 2 0 0 0 0
0 0 -2 -2 0 2 -2 2 0 -2 -2 0 0 0 2 0 0 0 0
0 0 -2 2 0 -2 -2 2 0 -2 -2 0 0 0 2 0 0 0 0
0 0 2 -2 0 -2 -2 2 0 -2 -2 0 0 0 2 0 0 0 0
0 0 2 2 0 2 2 -2 0 -2 -2 0 0 0 2 0 0 0 0
0 0 -2 -2 0 2 2 -2 0 -2 -2 0 0 0 2 0 0 0 0
0 0 -2 2 0 -2 2 -2 0 -2 -2 0 0 0 2 0 0 0 0
0 0 2 -2 0 -2 2 -2 0 -2 -2 0 0 0 2 0 0 0 0
0 0 -2 2 0 2 -2 -2 0 -2 -2 0 0 0 2 0 0 0 0
0 0 2 -2 0 2 -2 -2 0 -2 -2 0 0 0 2 0 0 0 0
0 0 2 2 0 -2 -2 -2 0 -2 -2 0 0 0 2 0 0 0 0
0 0 -2 -2 0 -2 -2 -2 0 -2 -2 0 0 0 2 0 0 0 0
0 0 2 2 0 2 2 2 0 2 2 0 0 0 -2 0 0 0 0
0 0 -2 -2 0 2 2 2 0 2 2 0 0 0 -2 0 0 0 0
0 0 -2 2 0 -2 2 2 0 2 2 0 0 0 -2 0 0 0 0
0 0 2 -2 0 -2 2 2 0 2 2 0 0 0 -2 0 0 0 0
0 0 -2 2 0 2 -2 2 0 2 2 0 0 0 -2 0 0 0 0
0 0 2 -2 0 2 -2 2 0 2 2 0 0 0 -2 0 0 0 0
0 0 2 2 0 -2 -2 2 0 2 2 0 0 0 -2 0 0 0 0
0 0 -2 -2 0 -2 -2 2 0 2 2 0 0 0 -2 0 0 0 0
0 0 -2 2 0 2 2 -2 0 2 2 0 0 0 -2 0 0 0 0
0 0 2 -2 0 2 2 -2 0 2 2 0 0 0 -2 0 0 0 0
0 0 2 2 0 -2 2 -2 0 2 2 0 0 0 -2 0 0 0 0
0 0 -2 -2 0 -2 2 -2 0 2 2 0 0 0 -2 0 0 0 0
0 0 2 2 0 2 -2 -2 0 2 2 0 0 0 -2 0 0 0 0
0 0 -2 -2 0 2 -2 -2 0 2 2 0 0 0 -2 0 0 0 0
0 0 -2 2 0 -2 -2 -2 0 2 2 0 0 0 -2 0 0 0 0
0 0 2 -2 0 -2 -2 -2 0 2 2 0 0 0 -2 0 0 0 0
0 0 -2 2 0 2 2 2 0 -2 2 0 0 0 -2 0 0 0 0
0 0 2 -2 0 2 2 2 0 -2 2 0 0 0 -2 0 0 0 0
0 0 2 2 0 -2 2 2 0 -2 2 0 0 0 -2 0 0 0 0
0 0 -2 -2 0 -2 2 2 0 -2 2 0 0 0 -2 0 0 0 0
0 0 2 2 0 2 -2 2 0 -2 2 0 0 0 -2 0 0 0 0
0 0 -2 -2 0 2 -2 2 0 -2 2 0 0 0 -2 0 0 0 0
0 0 -2 2 0 -2 -2 2 0 -2 2 0 0 0 -2 0 0 0 0
0 0 2 -2 0 -2 -2 2 0 -2 2 0 0 0 -2 0 0 0 0
0 0 2 2 0 2 2 -2 0 -2 2 0 0 0 -2 0 0 0 0
0 0 -2 -2 0 2 2 -2 0 -2 2 0 0 0 -2 0 0 0 0
0 0 -2 2 0 -2 2 -2 0 -2 2 0 0 0 -2 0 0 0 0
0 0 2 -2 0 -2 2 -2 0 -2 2 0 0 0 -2 0 0 0 0
0 0 -2 2 0 2 -2 -2 0 -2 2 0 0 0 -2 0 0 0 0
0 0 2 -2 0 2 -2 -2 0 -2 2 0 0 0 -2 0 0 0 0
0 0 2 2 0 -2 -2 -2 0 -2 2 0 0 0 -2 0 0 0 0
0 0 -2 -2 0 -2 -2 -2 0 -2 2 0 0 0 -2 0 0 0 0
0 0 -2 2 0 2 2 2 0 2 -2 0 0 0 -2 0 0 0 0
0 0 2 -2 0 2 2 2 0 2 -2 0 0 0 -2 0 0 0 0
0 0 2 2 0 -2 2 2 0 2 -2 0 0 0 -2 0 0 0 0
0 0 -2 -2 0 -2 2 2 0 2 -2 0 0 0 -2 0 0 0 0
0 0 2 2 0 2 -2 2 0 2 -2 0 0 0 -2 0 0 0 0
0 0 -2 -2 0 2 -2 2 0 2 -2 0 0 0 -2 0 0 0 0
0 0 -2 2 0 -2 -2 2 0 2 -2 0 0 0 -2 0 0 0 0
0 0 2 -2 0 -2 -2 2 0 2 -2 0 0 0 -2 0 0 0 0
0 0 2 2 0 2 2 -2 0 2 -2 0 0 0 -2 0 0 0 0
0 0 -2 -2 0 2 2 -2 0 2 -2 0 0 0 -2 0 0 0 0
0 0 -2 2 0 -2 2 -2 0 2 -2 0 0 0 -2 0 0 0 0
0 0 2 -2 0 -2 2 -2 0 2 -2 0 0 0 -2 0 0 0 0
0 0 -2 2 0 2 -2 -2 0 2 -2 0 0 0 -2 0 0 0 0
0 0 2 -2 0 2 -2 -2 0 2 -2 0 0 0 -2 0 0 0 0
0 0 2 2 0 -2 -2 -2 0 2 -2 0 0 0 -2 0 0 0 0
0 0 -2 -2 0 -2 -2 -2 0 2 -2 0 0 0 -2 0 0 0 0
0 0 2 2 0 2 2 2 0 -2 -2 0 0 0 -2 0 0 0 0
0 0 -2 -2 0 2 2 2 0 -2 -2 0 0 0 -2 0 0 0 0
0 0 -2 2 0 -2 2 2 0 -2 -2 0 0 0 -2 0 0 0 0
0 0 2 -2 0 -2 2 2 0 -2 -2 0 0 0 -2 0 0 0 0
0 0 -2 2 0 2 -2 2 0 -2 -2 0 0 0 -2 0 0 0 0
0 0 2 -2 0 2 -2 2 0 -2 -2 0 0 0 -2 0 0 0 0
0 0 2 2 0 -2 -2 2 0 -2 -2 0 0 0 -2 0 0 0 0
0 0 -2 -2 0 -2 -2 2 0 -2 -2 0 0 0 -2 0 0 0 0
0 0 -2 2 0 2 2 -2 0 -2 -2 0 0 0 -2 0 0 0 0
0 0 2 -2 0 2 2 -2 0 -2 -2 0 0 0 -2 0 0 0 0
0 0 2 2 0 -2 2 -2 0 -2 -2 0 0 0 -2 0 0 0 0
0 0 -2 -2 0 -2 2 -2 0 -2 -2 0 0 0 -2 0 0 0 0
0 0 2 2 0 2 -2 -2 0 -2 -2 0 0 0 -2 0 0 0 0
0 0 -2 -2 0 2 -2 -2 0 -2 -2 0 0 0 -2 0 0 0 0
0 0 -2 2 0 -2 -2 -2 0 -2 -2 0 0 0 -2 0 0 0 0
0 0 2 -2 0 -2 -2 -2 0 -2 -2 0 0 0 -2 0 0 0 0
2 0 0 2 0 0 2 2 0 0 0 2 0 0 2 0 0 -2 -2
2 0 0 2 0 0 2 2 0 0 0 2 0 0 2 0 0 2 2
-2 0 0 -2 0 0 2 2 0 0 0 2 0 0 2 0 0 -2 -2
-2 0 0 -2 0 0 2 2 0 0 0 2 0 0 2 0 0 2 2
-2 0 0 2 0 0 -2 2 0 0 0 2 0 0 2 0 0 -2 -2
-2 0 0 2 0 0 -2 2 0 0 0 2 0 0 2 0 0 2 2
2 0 0 -2 0 0 -2 2 0 0 0 2 0 0 2 0 0 -2 -2
2 0 0 -2 0 0 -2 2 0 0 0 2 0 0 2 0 0 2 2
-2 0 0 2 0 0 2 -2 0 0 0 2 0 0 2 0 0 -2 -2
-2 0 0 2 0 0 2 -2 0 0 0 2 0 0 2 0 0 2 2
2 0 0 -2 0 0 2 -2 0 0 0 2 0 0 2 0 0 -2 -2
2 0 0 -2 0 0 2 -2 0 0 0 2 0 0 2 0 0 2 2
2 0 0 2 0 0 -2 -2 0 0 0 2 0 0 2 0 0 -2 -2
2 0 0 2 0 0 -2 -2 0 0 0 2 0 0 2 0 0 2 2
-2 0 0 -2 0 0 -2 -2 0 0 0 2 0 0 2 0 0 -2 -2
-2 0 0 -2 0 0 -2 -2 0 0 0 2 0 0 2 0 0 2 2
-2 0 0 2 0 0 2 2 0 0 0 -2 0 0 2 0 0 -2 -2
-2 0 0 2 0 0 2 2 0 0 0 -2 0 0 2 0 0 2 2
2 0 0 -2 0 0 2 2 0 0 0 -2 0 0 2 0 0 -2 -2
2 0 0 -2 0 0 2 2 0 0 0 -2 0 0 2 0 0 2 2
2 0 0 2 0 0 -2 2 0 0 0 -2 0 0 2 0 0 -2 -2
2 0 0 2 0 0 -2 2 0 0 0 -2 0 0 2 0 0 2 2
-2 0 0 -2 0 0 -2 2 0 0 0 -2 0 0 2 0 0 -2 -2
-2 0 0 -2 0 0 -2 2 0 0 0 -2 0 0 2 0 0 2 2
2 0 0 2 0 0 2 -2 0 0 0 -2 0 0 2 0 0 -2 -2
2 0 0 2 0 0 2 -2 0 0 0 -2 0 0 2 0 0 2 2
-2 0 0 -2 0 0 2 -2 0 0 0 -2 0 0 2 0 0 -2 -2
-2 0 0 -2 0 0 2 -2 0 0 0 -2 0 0 2 0 0 2 2
-2 0 0 2 0 0 -2 -2 0 0 0 -2 0 0 2 0 0 -2 -2
-2 0 0 2 0 0 -2 -2 0 0 0 -2 0 0 2 0 0 2 2
2 0 0 -2 0 0 -2 -2 0 0 0 -2 0 0 2 0 0 -2 -2
2 0 0 -2 0 0 -2 -2 0 0 0 -2 0 0 2 0 0 2 2
-2 0 0 2 0 0 2 2 0 0 0 2 0 0 -2 0 0 -2 -2
-2 0 0 2 0 0 2 2 0 0 0 2 0 0 -2 0 0 2 2
2 0 0 -2 0 0 2 2 0 0 0 2 0 0 -2 0 0 -2 -2
2 0 0 -2 0 0 2 2 0 0 0 2 0 0 -2 0 0 2 2
2 0 0 2 0 0 -2 2 0 0 0 2 0 0 -2 0 0 -2 -2
2 0 0 2 0 0 -2 2 0 0 0 2 0 0 -2 0 0 2 2
-2 0 0 -2 0 0 -2 2 0 0 0 2 0 0 -2 0 0 -2 -2
-2 0 0 -2 0 0 -2 2 0 0 0 2 0 0 -2 0 0 2 2
2 0 0 2 0 0 2 -2 0 0 0 2 0 0 -2 0 0 -2 -2
2 0 0 2 0 0 2 -2 0 0 0 2 0 0 -2 0 0 2 2
-2 0 0 -2 0 0 2 -2 0 0 0 2 0 0 -2 0 0 -2 -2
-2 0 0 -2 0 0 2 -2 0 0 0 2 0 0 -2 0 0 2 2
-2 0 0 2 0 0 -2 -2 0 0 0 2 0 0 -2 0 0 -2 -2
-2 0 0 2 0 0 -2 -2 0 0 0 2 0 0 -2 0 0 2 2
2 0 0 -2 0 0 -2 -2 0 0 0 2 0 0 -2 0 0 -2 -2
2 0 0 -2 0 0 -2 -2 0 0 0 2 0 0 -2 0 0 2 2
2 0 0 2 0 0 2 2 0 0 0 -2 0 0 -2 0 0 -2 -2
2 0 0 2 0 0 2 2 0 0 0 -2 0 0 -2 0 0 2 2
-2 0 0 -2 0 0 2 2 0 0 0 -2 0 0 -2 0 0 -2 -2
-2 0 0 -2 0 0 2 2 0 0 0 -2 0 0 -2 0 0 2 2
-2 0 0 2 0 0 -2 2 0 0 0 -2 0 0 -2 0 0 -2 -2
-2 0 0 2 0 0 -2 2 0 0 0 -2 0 0 -2 0 0 2 2
2 0 0 -2 0 0 -2 2 0 0 0 -2 0 0 -2 0 0 -2 -2
2 0 0 -2 0 0 -2 2 0 0 0 -2 0 0 -2 0 0 2 2
-2 0 0 2 0 0 2 -2 0 0 0 -2 0 0 -2 0 0 -2 -2
-2 0 0 2 0 0 2 -2 0 0 0 -2 0 0 -2 0 0 2 2
2 0 0 -2 0 0 2 -2 0 0 0 -2 0 0 -2 0 0 -2 -2
2 0 0 -2 0 0 2 -2 0 0 0 -2 0 0 -2 0 0 2 2
2 0 0 2 0 0 -2 -2 0 0 0 -2 0 0 -2 0 0 -2 -2
2 0 0 2 0 0 -2 -2 0 0 0 -2 0 0 -2 0 0 2 2
-2 0 0 -2 0 0 -2 -2 0 0 0 -2 0 0 -2 0 0 -2 -2
-2 0 0 -2 0 0 -2 -2 0 0 0 -2 0 0 -2 0 0 2 2
0 -2 2 2 2 0 0 2 2 0 0 2 0 0 2 0 0 0 0
0 2 -2 2 2 0 0 2 2 0 0 2 0 0 2 0 0 0 0
0 2 2 -2 2 0 0 2 2 0 0 2 0 0 2 0 0 0 0
0 -2 -2 -2 2 0 0 2 2 0 0 2 0 0 2 0 0 0 0
0 2 2 2 -2 0 0 2 2 0 0 2 0 0 2 0 0 0 0
0 -2 -2 2 -2 0 0 2 2 0 0 2 0 0 2 0 0 0 0
0 -2 2 -2 -2 0 0 2 2 0 0 2 0 0 2 0 0 0 0
0 2 -2 -2 -2 0 0 2 2 0 0 2 0 0 2 0 0 0 0
0 2 2 2 2 0 0 -2 2 0 0 2 0 0 2 0 0 0 0
0 -2 -2 2 2 0 0 -2 2 0 0 2 0 0 2 0 0 0 0
0 -2 2 -2 2 0 0 -2 2 0 0 2 0 0 2 0 0 0 0
0 2 -2 -2 2 0 0 -2 2 0 0 2 0 0 2 0 0 0 0
0 -2 2 2 -2 0 0 -2 2 0 0 2 0 0 2 0 0 0 0
0 2 -2 2 -2 0 0 -2 2 0 0 2 0 0 2 0 0 0 0
0 2 2 -2 -2 0 0 -2 2 0 0 2 0 0 2 0 0 0 0
0 -2 -2 -2 -2 0 0 -2 2 0 0 2 0 0 2 0 0 0 0
0 2 2 2 2 0 0 2 -2 0 0 2 0 0 2 0 0 0 0
0 -2 -2 2 2 0 0 2 -2 0 0 2 0 0 2 0 0 0 0
0 -2 2 -2 2 0 0 2 -2 0 0 2 0 0 2 0 0 0 0
0 2 -2 -2 2 0 0 2 -2 0 0 2 0 0 2 0 0 0 0
0 -2 2 2 -2 0 0 2 -2 0 0 2 0 0 2 0 0 0 0
0 2 -2 2 -2 0 0 2 -2 0 0 2 0 0 2 0 0 0 0
0 2 2 -2 -2 0 0 2 -2 0 0 2 0 0 2 0 0 0 0
0 -2 -2 -2 -2 0 0 2 -2 0 0 2 0 0 2 0 0 0 0
0 -2 2 2 2 0 0 -2 -2 0 0 2 0 0 2 0 0 0 0
0 2 -2 2 2 0 0 -2 -2 0 0 2 0 0 2 0 0 0 0
0 2 2 -2 2 0 0 -2 -2 0 0 2 0 0 2 0 0 0 0
0 -2 -2 -2 2 0 0 -2 -2 0 0 2 0 0 2 0 0 0 0
0 2 2 2 -2 0 0 -2 -2 0 0 2 0 0 2 0 0 0 0
0 -2 -2 2 -2 0 0 -2 -2 0 0 2 0 0 2 0 0 0 0
0 -2 2 -2 -2 0 0 -2 -2 0 0 2 0 0 2 0 0 0 0
0 2 -2 -2 -2 0 0 -2 -2 0 0 2 0 0 2 0 0 0 0
0 2 2 2 2 0 0 2 2 0 0 -2 0 0 2 0 0 0 0
0 -2 -2 2 2 0 0 2 2 0 0 -2 0 0 2 0 0 0 0
0 -2 2 -2 2 0 0 2 2 0 0 -2 0 0 2 0 0 0 0
0 2 -2 -2 2 0 0 2 2 0 0 -2 0 0 2 0 0 0 0
0 -2 2 2 -2 0 0 2 2 0 0 -2 0 0 2 0 0 0 0
0 2 -2 2 -2 0 0 2 2 0 0 -2 0 0 2 0 0 0 0
0 2 2 -2 -2 0 0 2 2 0 0 -2 0 0 2 0 0 0 0
0 -2 -2 -2 -2 0 0 2 2 0 0 -2 0 0 2 0 0 0 0
0 -2 2 2 2 0 0 -2 2 0 0 -2 0 0 2 0 0 0 0
0 2 -2 2 2 0 0 -2 2 0 0 -2 0 0 2 0 0 0 0
0 2 2 -2 2 0 0 -2 2 0 0 -2 0 0 2 0 0 0 0
0 -2 -2 -2 2 0 0 -2 2 0 0 -2 0 0 2 0 0 0 0
0 2 2 2 -2 0 0 -2 2 0 0 -2 0 0 2 0 0 0 0
0 -2 -2 2 -2 0 0 -2 2 0 0 -2 0 0 2 0 0 0 0
0 -2 2 -2 -2 0 0 -2 2 0 0 -2 0 0 2 0 0 0 0
0 2 -2 -2 -2 0 0 -2 2 0 0 -2 0 0 2 0 0 0 0
0 -2 2 2 2 0 0 2 -2 0 0 -2 0 0 2 0 0 0 0
0 2 -2 2 2 0 0 2 -2 0 0 -2 0 0 2 0 0 0 0
0 2 2 -2 2 0 0 2 -2 0 0 -2 0 0 2 0 0 0 0
0 -2 -2 -2 2 0 0 2 -2 0 0 -2 0 0 2 0 0 0 0
0 2 2 2 -2 0 0 2 -2 0 0 -2 0 0 2 0 0 0 0
0 -2 -2 2 -2 0 0 2 -2 0 0 -2 0 0 2 0 0 0 0
0 -2 2 -2 -2 0 0 2 -2 0 0 -2 0 0 2 0 0 0 0
0 2 -2 -2 -2 0 0 2 -2 0 0 -2 0 0 2 0 0 0 0
0 2 2 2 2 0 0 -2 -2 0 0 -2 0 0 2 0 0 0 0
0 -2 -2 2 2 0 0 -2 -2 0 0 -2 0 0 2 0 0 0 0
0 -2 2 -2 2 0 0 -2 -2 0 0 -2 0 0 2 0 0 0 0
0 2 -2 -2 2 0 0 -2 -2 0 0 -2 0 0 2 0 0 0 0
0 -2 2 2 -2 0 0 -2 -2 0 0 -2 0 0 2 0 0 0 0
0 2 -2 2 -2 0 0 -2 -2 0 0 -2 0 0 2 0 0 0 0
0 2 2 -2 -2 0 0 -2 -2 0 0 -2 0 0 2 0 0 0 0
0 -2 -2 -2 -2 0 0 -2 -2 0 0 -2 0 0 2 0 0 0 0
0 2 2 2 2 0 0 2 2 0 0 2 0 0 -2 0 0 0 0
0 -2 -2 2 2 0 0 2 2 0 0 2 0 0 -2 0 0 0 0
0 -2 2 -2 2 0 0 2 2 0 0 2 0 0 -2 0 0 0 0
0 2 -2 -2 2 0 0 2 2 0 0 2 0 0 -2 0 0 0 0
0 -2 2 2 -2 0 0 2 2 0 0 2 0 0 -2 0 0 0 0
0 2 -2 2 -2 0 0 2 2 0 0 2 0 0 -2 0 0 0 0
0 2 2 -2 -2 0 0 2 2 0 0 2 0 0 -2 0 0 0 0
0 -2 -2 -2 -2 0 0 2 2 0 0 2 0 0 -2 0 0 0 0
0 -2 2 2 2 0 0 -2 2 0 0 2 0 0 -2 0 0 0 0
0 2 -2 2 2 0 0 -2 2 0 0 2 0 0 -2 0 0 0 0
0 2 2 -2 2 0 0 -2 2 0 0 2 0 0 -2 0 0 0 0
0 -2 -2 -2 2 0 0 -2 2 0 0 2 0 0 -2 0 0 0 0
0 2 2 2 -2 0 0 -2 2 0 0 2 0 0 -2 0 0 0 0
0 -2 -2 2 -2 0 0 -2 2 0 0 2 0 0 -2 0 0 0 0
0 -2 2 -2 -2 0 0 -2 2 0 0 2 0 0 -2 0 0 0 0
0 2 -2 -2 -2 0 0 -2 2 0 0 2 0 0 -2 0 0 0 0
0 -2 2 2 2 0 0 2 -2 0 0 2 0 0 -2 0 0 0 0
0 2 -2 2 2 0 0 2 -2 0 0 2 0 0 -2 0 0 0 0
0 2 2 -2 2 0 0 2 -2 0 0 2 0 0 -2 0 0 0 0
0 -2 -2 -2 2 0 0 2 -2 0 0 2 0 0 -2 0 0 0 0
0 2 2 2 -2 0 0 2 -2 0 0 2 0 0 -2 0 0 0 0
0 -2 -2 2 -2 0 0 2 -2 0 0 2 0 0 -2 0 0 0 0
0 -2 2 -2 -2 0 0 2 -2 0 0 2 0 0 -2 0 0 0 0
0 2 -2 -2 -2 0 0 2 -2 0 0 2 0 0 -2 0 0 0 0
0 2 2 2 2 0 0 -2 -2 0 0 2 0 0 -2 0 0 0 0
0 -2 -2 2 2 0 0 -2 -2 0 0 2 0 0 -2 0 0 0 0
0 -2 2 -2 2 0 0 -2 -2 0 0 2 0 0 -2 0 0 0 0
0 2 -2 -2 2 0 0 -2 -2 0 0 2 0 0 -2 0 0 0 0
0 -2 2 2 -2 0 0 -2 -2 0 0 2 0 0 -2 0 0 0 0
0 2 -2 2 -2 0 0 -2 -2 0 0 2 0 0 -2 0 0 0 0
0 2 2 -2 -2 0 0 -2 -2 0 0 2 0 0 -2 0 0 0 0
0 -2 -2 -2 -2 0 0 -2 -2 0 0 2 0 0 -2 0 0 0 0
0 -2 2 2 2 0 0 2 2 0 0 -2 0 0 -2 0 0 0 0
0 2 -2 2 2 0 0 2 2 0 0 -2 0 0 -2 0 0 0 0
0 2 2 -2 2 0 0 2 2 0 0 -2 0 0 -2 0 0 0 0
0 -2 -2 -2 2 0 0 2 2 0 0 -2 0 0 -2 0 0 0 0
0 2 2 2 -2 0 0 2 2 0 0 -2 0 0 -2 0 0 0 0
0 -2 -2 2 -2 0 0 2 2 0 0 -2 0 0 -2 0 0 0 0
0 -2 2 -2 -2 0 0 2 2 0 0 -2 0 0 -2 0 0 0 0
0 2 -2 -2 -2 0 0 2 2 0 0 -2 0 0 -2 0 0 0 0
0 2 2 2 2 0 0 -2 2 0 0 -2 0 0 -2 0 0 0 0
0 -2 -2 2 2 0 0 -2 2 0 0 -2 0 0 -2 0 0 0 0
0 -2 2 -2 2 0 0 -2 2 0 0 -2 0 0 -2 0 0 0 0
0 2 -2 -2 2 0 0 -2 2 0 0 -2 0 0 -2 0 0 0 0
0 -2 2 2 -2 0 0 -2 2 0 0 -2 0 0 -2 0 0 0 0
0 2 -2 2 -2 0 0 -2 2 0 0 -2 0 0 -2 0 0 0 0
0 2 2 -2 -2 0 0 -2 2 0 0 -2 0 0 -2 0 0 0 0
0 -2 -2 -2 -2 0 0 -2 2 0 0 -2 0 0 -2 0 0 0 0
0 2 2 2 2 0 0 2 -2 0 0 -2 0 0 -2 0 0 0 0
0 -2 -2 2 2 0 0 2 -2 0 0 -2 0 0 -2 0 0 0 0
0 -2 2 -2 2 0 0 2 -2 0 0 -2 0 0 -2 0 0 0 0
0 2 -2 -2 2 0 0 2 -2 0 0 -2 0 0 -2 0 0 0 0
0 -2 2 2 -2 0 0 2 -2 0 0 -2 0 0 -2 0 0 0 0
0 2 -2 2 -2 0 0 2 -2 0 0 -2 0 0 -2 0 0 0 0
0 2 2 -2 -2 0 0 2 -2 0 0 -2 0 0 -2 0 0 0 0
0 -2 -2 -2 -2 0 0 2 -2 0 0 -2 0 0 -2 0 0 0 0
0 -2 2 2 2 0 0 -2 -2 0 0 -2 0 0 -2 0 0 0 0
0 2 -2 2 2 0 0 -2 -2 0 0 -2 0 0 -2 0 0 0 0
0 2 2 -2 2 0 0 -2 -2 0 0 -2 0 0 -2 0 0 0 0
0 -2 -2 -2 2 0 0 -2 -2 0 0 -2 0 0 -2 0 0 0 0
0 2 2 2 -2 0 0 -2 -2 0 0 -2 0 0 -2 0 0 0 0
0 -2 -2 2 -2 0 0 -2 -2 0 0 -2 0 0 -2 0 0 0 0
0 -2 2 -2 -2 0 0 -2 -2 0 0 -2 0 0 -2 0 0 0 0
0 2 -2 -2 -2 0 0 -2 -2 0 0 -2 0 0 -2 0 0 0 0
0 2 2 0 0 0 2 0 0 2 0 2 0 0 2 0 -2 -2 0
0 -2 -2 0 0 0 2 0 0 2 0 2 0 0 2 0 -2 -2 0
0 2 2 0 0 0 2 0 0 2 0 2 0 0 2 0 2 2 0
0 -2 -2 0 0 0 2 0 0 2 0 2 0 0 2 0 2 2 0
0 -2 2 0 0 0 -2 0 0 2 0 2 0 0 2 0 -2 -2 0
0 2 -2 0 0 0 -2 0 0 2 0 2 0 0 2 0 -2 -2 0
0 -2 2 0 0 0 -2 0 0 2 0 2 0 0 2 0 2 2 0
0 2 -2 0 0 0 -2 0 0 2 0 2 0 0 2 0 2 2 0
0 -2 2 0 0 0 2 0 0 -2 0 2 0 0 2 0 -2 -2 0
0 2 -2 0 0 0 2 0 0 -2 0 2 0 0 2 0 -2 -2 0
0 -2 2 0 0 0 2 0 0 -2 0 2 0 0 2 0 2 2 0
0 2 -2 0 0 0 2 0 0 -2 0 2 0 0 2 0 2 2 0
0 2 2 0 0 0 -2 0 0 -2 0 2 0 0 2 0 -2 -2 0
0 -2 -2 0 0 0 -2 0 0 -2 0 2 0 0 2 0 -2 -2 0
0 2 2 0 0 0 -2 0 0 -2 0 2 0 0 2 0 2 2 0
0 -2 -2 0 0 0 -2 0 0 -2 0 2 0 0 2 0 2 2 0
0 -2 2 0 0 0 2 0 0 2 0 -2 0 0 2 0 -2 -2 0
0 2 -2 0 0 0 2 0 0 2 0 -2 0 0 2 0 -2 -2 0
0 -2 2 0 0 0 2 0 0 2 0 -2 0 0 2 0 2 2 0
0 2 -2 0 0 0 2 0 0 2 0 -2 0 0 2 0 2 2 0
0 2 2 0 0 0 -2 0 0 2 0 -2 0 0 2 0 -2 -2 0
0 -2 -2 0 0 0 -2 0 0 2 0 -2 0 0 2 0 -2 -2 0
0 2 2 0 0 0 -2 0 0 2 0 -2 0 0 2 0 2 2 0
0 -2 -2 0 0 0 -2 0 0 2 0 -2 0 0 2 0 2 2 0
0 2 2 0 0 0 2 0 0 -2 0 -2 0 0 2 0 -2 -2 0
0 -2 -2 0 0 0 2 0 0 -2 0 -2 0 0 2 0 -2 -2 0
0 2 2 0 0 0 2 0 0 -2 0 -2 0 0 2 0 2 2 0
0 -2 -2 0 0 0 2 0 0 -2 0 -2 0 0 2 0 2 2 0
0 -2 2 0 0 0 -2 0 0 -2 0 -2 0 0 2 0 -2 -2 0
0 2 -2 0 0 0 -2 0 0 -2 0 -2 0 0 2 0 -2 -2 0
0 -2 2 0 0 0 -2 0 0 -2 0 -2 0 0 2 0 2 2 0
0 2 -2 0 0 0 -2 0 0 -2 0 -2 0 0 2 0 2 2 0
0 -2 2 0 0 0 2 0 0 2 0 2 0 0 -2 0 -2 -2 0
0 2 -2 0 0 0 2 0 0 2 0 2 0 0 -2 0 -2 -2 0
0 -2 2 0 0 0 2 0 0 2 0 2 0 0 -2 0 2 2 0
0 2 -2 0 0 0 2 0 0 2 0 2 0 0 -2 0 2 2 0
0 2 2 0 0 0 -2 0 0 2 0 2 0 0 -2 0 -2 -2 0
0 -2 -2 0 0 0 -2 0 0 2 0 2 0 0 -2 0 -2 -2 0
0 2 2 0 0 0 -2 0 0 2 0 2 0 0 -2 0 2 2 0
0 -2 -2 0 0 0 -2 0 0 2 0 2 0 0 -2 0 2 2 0
0 2 2 0 0 0 2 0 0 -2 0 2 0 0 -2 0 -2 -2 0
0 -2 -2 0 0 0 2 0 0 -2 0 2 0 0 -2 0 -2 -2 0
0 2 2 0 0 0 2 0 0 -2 0 2 0 0 -2 0 2 2 0
0 -2 -2 0 0 0 2 0 0 -2 0 2 0 0 -2 0 2 2 0
0 -2 2 0 0 0 -2 0 0 -2 0 2 0 0 -2 0 -2 -2 0
0 2 -2 0 0 0 -2 0 0 -2 0 2 0 0 -2 0 -2 -2 0
0 -2 2 0 0 0 -2 0 0 -2 0 2 0 0 -2 0 2 2 0
0 2 -2 0 0 0 -2 0 0 -2 0 2 0 0 -2 0 2 2 0
0 2 2 0 0 0 2 0 0 2 0 -2 0 0 -2 0 -2 -2 0
0 -2 -2 0 0 0 2 0 0 2 0 -2 0 0 -2 0 -2 -2 0
0 2 2 0 0 0 2 0 0 2 0 -2 0 0 -2 0 2 2 0
0 -2 -2 0 0 0 2 0 0 2 0 -2 0 0 -2 0 2 2 0
0 -2 2 0 0 0 -2 0 0 2 0 -2 0 0 -2 0 -2 -2 0
0 2 -2 0 0 0 -2 0 0 2 0 -2 0 0 -2 0 -2 -2 0
0 -2 2 0 0 0 -2 0 0 2 0 -2 0 0 -2 0 2 2 0
0 2 -2 0 0 0 -2 0 0 2 0 -2 0 0 -2 0 2 2 0
0 -2 2 0 0 0 2 0 0 -2 0 -2 0 0 -2 0 -2 -2 0
0 2 -2 0 0 0 2 0 0 -2 0 -2 0 0 -2 0 -2 -2 0
0 -2 2 0 0 0 2 0 0 -2 0 -2 0 0 -2 0 2 2 0
0 2 -2 0 0 0 2 0 0 -2 0 -2 0 0 -2 0 2 2 0
0 2 2 0 0 0 -2 0 0 -2 0 -2 0 0 -2 0 -2 -2 0
0 -2 -2 0 0 0 -2 0 0 -2 0 -2 0 0 -2 0 -2 -2 0
0 2 2 0 0 0 -2 0 0 -2 0 -2 0 0 -2 0 2 2 0
0 -2 -2 0 0 0 -2 0 0 -2 0 -2 0 0 -2 0 2 2 0
2 0 0 0 2 0 0 0 2 2 0 2 0 0 2 0 -2 0 2
-2 0 0 0 -2 0 0 0 2 2 0 2 0 0 2 0 -2 0 2
2 0 0 0 2 0 0 0 2 2 0 2 0 0 2 0 2 0 -2
-2 0 0 0 -2 0 0 0 2 2 0 2 0 0 2 0 2 0 -2
-2 0 0 0 2 0 0 0 -2 2 0 2 0 0 2 0 -2 0 2
2 0 0 0 -2 0 0 0 -2 2 0 2 0 0 2 0 -2 0 2
-2 0 0 0 2 0 0 0 -2 2 0 2 0 0 2 0 2 0 -2
2 0 0 0 -2 0 0 0 -2 2 0 2 0 0 2 0 2 0 -2
-2 0 0 0 2 0 0 0 2 -2 0 2 0 0 2 0 -2 0 2
2 0 0 0 -2 0 0 0 2 -2 0 2 0 0 2 0 -2 0 2
-2 0 0 0 2 0 0 0 2 -2 0 2 0 0 2 0 2 0 -2
2 0 0 0 -2 0 0 0 2 -2 0 2 0 0 2 0 2 0 -2
2 0 0 0 2 0 0 0 -2 -2 0 2 0 0 2 0 -2 0 2
-2 0 0 0 -2 0 0 0 -2 -2 0 2 0 0 2 0 -2 0 2
2 0 0 0 2 0 0 0 -2 -2 0 2 0 0 2 0 2 0 -2
-2 0 0 0 -2 0 0 0 -2 -2 0 2 0 0 2 0 2 0 -2
-2 0 0 0 2 0 0 0 2 2 0 -2 0 0 2 0 -2 0 2
2 0 0 0 -2 0 0 0 2 2 0 -2 0 0 2 0 -2 0 2
-2 0 0 0 2 0 0 0 2 2 0 -2 0 0 2 0 2 0 -2
2 0 0 0 -2 0 0 0 2 2 0 -2 0 0 2 0 2 0 -2
2 0 0 0 2 0 0 0 -2 2 0 -2 0 0 2 0 -2 0 2
-2 0 0 0 -2 0 0 0 -2 2 0 -2 0 0 2 0 -2 0 2
2 0 0 0 2 0 0 0 -2 2 0 -2 0 0 2 0 2 0 -2
-2 0 0 0 -2 0 0 0 -2 2 0 -2 0 0 2 0 2 0 -2
2 0 0 0 2 0 0 0 2 -2 0 -2 0 0 2 0 -2 0 2
-2 0 0 0 -2 0 0 0 2 -2 0 -2 0 0 2 0 -2 0 2
2 0 0 0 2 0 0 0 2 -2 0 -2 0 0 2 0 2 0 -2
-2 0 0 0 -2 0 0 0 2 -2 0 -2 0 0 2 0 2 0 -2
-2 0 0 0 2 0 0 0 -2 -2 0 -2 0 0 2 0 -2 0 2
2 0 0 0 -2 0 0 0 -2 -2 0 -2 0 0 2 0 -2 0 2
-2 0 0 0 2 0 0 0 -2 -2 0 -2 0 0 2 0 2 0 -2
2 0 0 0 -2 0 0 0 -2 -2 0 -2 0 0 2 0 2 0 -2
-2 0 0 0 2 0 0 0 2 2 0 2 0 0 -2 0 -2 0 2
2 0 0 0 -2 0 0 0 2 2 0 2 0 0 -2 0 -2 0 2
-2 0 0 0 2 0 0 0 2 2 0 2 0 0 -2 0 2 0 -2
2 0 0 0 -2 0 0 0 2 2 0 2 0 0 -2 0 2 0 -2
2 0 0 0 2 0 0 0 -2 2 0 2 0 0 -2 0 -2 0 2
-2 0 0 0 -2 0 0 0 -2 2 0 2 0 0 -2 0 -2 0 2
2 0 0 0 2 0 0 0 -2 2 0 2 0 0 -2 0 2 0 -2
-2 0 0 0 -2 0 0 0 -2 2 0 2 0 0 -2 0 2 0 -2
2 0 0 0 2 0 0 0 2 -2 0 2 0 0 -2 0 -2 0 2
-2 0 0 0 -2 0 0 0 2 -2 0 2 0 0 -2 0 -2 0 2
2 0 0 0 2 0 0 0 2 -2 0 2 0 0 -2 0 2 0 -2
-2 0 0 0 -2 0 0 0 2 -2 0 2 0 0 -2 0 2 0 -2
-2 0 0 0 2 0 0 0 -2 -2 0 2 0 0 -2 0 -2 0 2
2 0 0 0 -2 0 0 0 -2 -2 0 2 0 0 -2 0 -2 0 2
-2 0 0 0 2 0 0 0 -2 -2 0 2 0 0 -2 0 2 0 -2
2 0 0 0 -2 0 0 0 -2 -2 0 2 0 0 -2 0 2 0 -2
2 0 0 0 2 0 0 0 2 2 0 -2 0 0 -2 0 -2 0 2
-2 0 0 0 -2 0 0 0 2 2 0 -2 0 0 -2 0 -2 0 2
2 0 0 0 2 0 0 0 2 2 0 -2 0 0 -2 0 2 0 -2
-2 0 0 0 -2 0 0 0 2 2 0 -2 0 0 -2 0 2 0 -2
-2 0 0 0 2 0 0 0 -2 2 0 -2 0 0 -2 0 -2 0 2
2 0 0 0 -2 0 0 0 -2 2 0 -2 0 0 -2 0 -2 0 2
-2 0 0 0 2 0 0 0 -2 2 0 -2 0 0 -2 0 2 0 -2
2 0 0 0 -2 0 0 0 -2 2 0 -2 0 0 -2 0 2 0 -2
-2 0 0 0 2 0 0 0 2 -2 0 -2 0 0 -2 0 -2 0 2
2 0 0 0 -2 0 0 0 2 -2 0 -2 0 0 -2 0 -2 0 2
-2 0 0 0 2 0 0 0 2 -2 0 -2 0 0 -2 0 2 0 -2
2 0 0 0 -2 0 0 0 2 -2 0 -2 0 0 -2 0 2 0 -2
2 0 0 0 2 0 0 0 -2 -2 0 -2 0 0 -2 0 -2 0 2
-2 0 0 0 -2 0 0 0 -2 -2 0 -2 0 0 -2 0 -2 0 2
2 0 0 0 2 0 0 0 -2 -2 0 -2 0 0 -2 0 2 0 -2
-2 0 0 0 -2 0 0 0 -2 -2 0 -2 0 0 -2 0 2 0 -2
0 0 0 0 2 2 0 2 0 0 2 2 0 0 2 0 -2 2 0
0 0 0 0 2 2 0 2 0 0 2 2 0 0 2 0 2 -2 0
0 0 0 0 -2 -2 0 2 0 0 2 2 0 0 2 0 -2 2 0
0 0 0 0 -2 -2 0 2 0 0 2 2 0 0 2 0 2 -2 0
0 0 0 0 -2 2 0 -2 0 0 2 2 0 0 2 0 -2 2 0
0 0 0 0 -2 2 0 -2 0 0 2 2 0 0 2 0 2 -2 0
0 0 0 0 2 -2 0 -2 0 0 2 2 0 0 2 0 -2 2 0
0 0 0 0 2 -2 0 -2 0 0 2 2 0 0 2 0 2 -2 0
0 0 0 0 -2 2 0 2 0 0 -2 2 0 0 2 0 -2 2 0
0 0 0 0 -2 2 0 2 0 0 -2 2 0 0 2 0 2 -2 0
0 0 0 0 2 -2 0 2 0 0 -2 2 0 0 2 0 -2 2 0
0 0 0 0 2 -2 0 2 0 0 -2 2 0 0 2 0 2 -2 0
0 0 0 0 2 2 0 -2 0 0 -2 2 0 0 2 0 -2 2 0
0 0 0 0 2 2 0 -2 0 0 -2 2 0 0 2 0 2 -2 0
0 0 0 0 -2 -2 0 -2 0 0 -2 2 0 0 2 0 -2 2 0
0 0 0 0 -2 -2 0 -2 0 0 -2 2 0 0 2 0 2 -2 0
0 0 0 0 -2 2 0 2 0 0 2 -2 0 0 2 0 -2 2 0
0 0 0 0 -2 2 0 2 0 0 2 -2 0 0 2 0 2 -2 0
0 0 0 0 2 -2 0 2 0 0 2 -2 0 0 2 0 -2 2 0
0 0 0 0 2 -2 0 2 0 0 2 -2 0 0 2 0 2 -2 0
0 0 0 0 2 2 0 -2 0 0 2 -2 0 0 2 0 -2 2 0
0 0 0 0 2 2 0 -2 0 0 2 -2 0 0 2 0 2 -2 0
0 0 0 0 -2 -2 0 -2 0 0 2 -2 0 0 2 0 -2 2 0
0 0 0 0 -2 -2 0 -2 0 0 2 -2 0 0 2 0 2 -2 0
0 0 0 0 2 2 0 2 0 0 -2 -2 0 0 2 0 -2 2 0
0 0 0 0 2 2 0 2 0 0 -2 -2 0 0 2 0 2 -2 0
0 0 0 0 -2 -2 0 2 0 0 -2 -2 0 0 2 0 -2 2 0
0 0 0 0 -2 -2 0 2 0 0 -2 -2 0 0 2 0 2 -2 0
0 0 0 0 -2 2 0 -2 0 0 -2 -2 0 0 2 0 -2 2 0
0 0 0 0 -2 2 0 -2 0 0 -2 -2 0 0 2 0 2 -2 0
0 0 0 0 2 -2 0 -2 0 0 -2 -2 0 0 2 0 -2 2 0
0 0 0 0 2 -2 0 -2 0 0 -2 -2 0 0 2 0 2 -2 0
0 0 0 0 -2 2 0 2 0 0 2 2 0 0 -2 0 -2 2 0
0 0 0 0 -2 2 0 2 0 0 2 2 0 0 -2 0 2 -2 0
0 0 0 0 2 -2 0 2 0 0 2 2 0 0 -2 0 -2 2 0
0 0 0 0 2 -2 0 2 0 0 2 2 0 0 -2 0 2 -2 0
0 0 0 0 2 2 0 -2 0 0 2 2 0 0 -2 0 -2 2 0
0 0 0 0 2 2 0 -2 0 0 2 2 0 0 -2 0 2 -2 0
0 0 0 0 -2 -2 0 -2 0 0 2 2 0 0 -2 0 -2 2 0
0 0 0 0 -2 -2 0 -2 0 0 2 2 0 0 -2 0 2 -2 0
0 0 0 0 2 2 0 2 0 0 -2 2 0 0 -2 0 -2 2 0
0 0 0 0 2 2 0 2 0 0 -2 2 0 0 -2 0 2 -2 0
0 0 0 0 -2 -2 0 2 0 0 -2 2 0 0 -2 0 -2 2 0
0 0 0 0 -2 -2 0 2 0 0 -2 2 0 0 -2 0 2 -2 0
0 0 0 0 -2 2 0 -2 0 0 -2 2 0 0 -2 0 -2 2 0
0 0 0 0 -2 2 0 -2 0 0 -2 2 0 0 -2 0 2 -2 0
0 0 0 0 2 -2 0 -2 0 0 -2 2 0 0 -2 0 -2 2 0
0 0 0 0 2 -2 0 -2 0 0 -2 2 0 0 -2 0 2 -2 0
0 0 0 0 2 2 0 2 0 0 2 -2 0 0 -2 0 -2 2 0
0 0 0 0 2 2 0 2 0 0 2 -2 0 0 -2 0 2 -2 0
0 0 0 0 -2 -2 0 2 0 0 2 -2 0 0 -2 0 -2 2 0
0 0 0 0 -2 -2 0 2 0 0 2 -2 0 0 -2 0 2 -2 0
0 0 0 0 -2 2 0 -2 0 0 2 -2 0 0 -2 0 -2 2 0
0 0 0 0 -2 2 0 -2 0 0 2 -2 0 0 -2 0 2 -2 0
0 0 0 0 2 -2 0 -2 0 0 2 -2 0 0 -2 0 -2 2 0
0 0 0 0 2 -2 0 -2 0 0 2 -2 0 0 -2 0 2 -2 0
0 0 0 0 -2 2 0 2 0 0 -2 -2 0 0 -2 0 -2 2 0
0 0 0 0 -2 2 0 2 0 0 -2 -2 0 0 -2 0 2 -2 0
0 0 0 0 2 -2 0 2 0 0 -2 -2 0 0 -2 0 -2 2 0
0 0 0 0 2 -2 0 2 0 0 -2 -2 0 0 -2 0 2 -2 0
0 0 0 0 2 2 0 -2 0 0 -2 -2 0 0 -2 0 -2 2 0
0 0 0 0 2 2 0 -2 0 0 -2 -2 0 0 -2 0 2 -2 0
0 0 0 0 -2 -2 0 -2 0 0 -2 -2 0 0 -2 0 -2 2 0
0 0 0 0 -2 -2 0 -2 0 0 -2 -2 0 0 -2 0 2 -2 0
0 0 0 2 0 2 0 2 2 0 0 0 2 0 2 0 -2 0 -2
0 0 0 2 0 2 0 2 2 0 0 0 2 0 2 0 2 0 2
0 0 0 -2 0 -2 0 2 2 0 0 0 2 0 2 0 -2 0 -2
0 0 0 -2 0 -2 0 2 2 0 0 0 2 0 2 0 2 0 2
0 0 0 -2 0 2 0 -2 2 0 0 0 2 0 2 0 -2 0 -2
0 0 0 -2 0 2 0 -2 2 0 0 0 2 0 2 0 2 0 2
0 0 0 2 0 -2 0 -2 2 0 0 0 2 0 2 0 -2 0 -2
0 0 0 2 0 -2 0 -2 2 0 0 0 2 0 2 0 2 0 2
0 0 0 -2 0 2 0 2 -2 0 0 0 2 0 2 0 -2 0 -2
0 0 0 -2 0 2 0 2 -2 0 0 0 2 0 2 0 2 0 2
0 0 0 2 0 -2 0 2 -2 0 0 0 2 0 2 0 -2 0 -2
0 0 0 2 0 -2 0 2 -2 0 0 0 2 0 2 0 2 0 2
0 0 0 2 0 2 0 -2 -2 0 0 0 2 0 2 0 -2 0 -2
0 0 0 2 0 2 0 -2 -2 0 0 0 2 0 2 0 2 0 2
0 0 0 -2 0 -2 0 -2 -2 0 0 0 2 0 2 0 -2 0 -2
0 0 0 -2 0 -2 0 -2 -2 0 0 0 2 0 2 0 2 0 2
0 0 0 -2 0 2 0 2 2 0 0 0 -2 0 2 0 -2 0 -2
0 0 0 -2 0 2 0 2 2 0 0 0 -2 0 2 0 2 0 2
0 0 0 2 0 -2 0 2 2 0 0 0 -2 0 2 0 -2 0 -2
0 0 0 2 0 -2 0 2 2 0 0 0 -2 0 2 0 2 0 2
0 0 0 2 0 2 0 -2 2 0 0 0 -2 0 2 0 -2 0 -2
0 0 0 2 0 2 0 -2 2 0 0 0 -2 0 2 0 2 0 2
0 0 0 -2 0 -2 0 -2 2 0 0 0 -2 0 2 0 -2 0 -2
0 0 0 -2 0 -2 0 -2 2 0 0 0 -2 0 2 0 2 0 2
0 0 0 2 0 2 0 2 -2 0 0 0 -2 0 2 0 -2 0 -2
0 0 0 2 0 2 0 2 -2 0 0 0 -2 0 2 0 2 0 2
0 0 0 -2 0 -2 0 2 -2 0 0 0 -2 0 2 0 -2 0 -2
0 0 0 -2 0 -2 0 2 -2 0 0 0 -2 0 2 0 2 0 2
0 0 0 -2 0 2 0 -2 -2 0 0 0 -2 0 2 0 -2 0 -2
0 0 0 -2 0 2 0 -2 -2 0 0 0 -2 0 2 0 2 0 2
0 0 0 2 0 -2 0 -2 -2 0 0 0 -2 0 2 0 -2 0 -2
0 0 0 2 0 -2 0 -2 -2 0 0 0 -2 0 2 0 2 0 2
0 0 0 -2 0 2 0 2 2 0 0 0 2 0 -2 0 -2 0 -2
0 0 0 -2 0 2 0 2 2 0 0 0 2 0 -2 0 2 0 2
0 0 0 2 0 -2 0 2 2 0 0 0 2 0 -2 0 -2 0 -2
0 0 0 2 0 -2 0 2 2 0 0 0 2 0 -2 0 2 0 2
0 0 0 2 0 2 0 -2 2 0 0 0 2 0 -2 0 -2 0 -2
0 0 0 2 0 2 0 -2 2 0 0 0 2 0 -2 0 2 0 2
0 0 0 -2 0 -2 0 -2 2 0 0 0 2 0 -2 0 -2 0 -2
0 0 0 -2 0 -2 0 -2 2 0 0 0 2 0 -2 0 2 0 2
0 0 0 2 0 2 0 2 -2 0 0 0 2 0 -2 0 -2 0 -2
0 0 0 2 0 2 0 2 -2 0 0 0 2 0 -2 0 2 0 2
0 0 0 -2 0 -2 0 2 -2 0 0 0 2 0 -2 0 -2 0 -2
0 0 0 -2 0 -2 0 2 -2 0 0 0 2 0 -2 0 2 0 2
0 0 0 -2 0 2 0 -2 -2 0 0 0 2 0 -2 0 -2 0 -2
0 0 0 -2 0 2 0 -2 -2 0 0 0 2 0 -2 0 2 0 2
0 0 0 2 0 -2 0 -2 -2 0 0 0 2 0 -2 0 -2 0 -2
0 0 0 2 0 -2 0 -2 -2 0 0 0 2 0 -2 0 2 0 2
0 0 0 2 0 2 0 2 2 0 0 0 -2 0 -2 0 -2 0 -2
0 0 0 2 0 2 0 2 2 0 0 0 -2 0 -2 0 2 0 2
0 0 0 -2 0 -2 0 2 2 0 0 0 -2 0 -2 0 -2 0 -2
0 0 0 -2 0 -2 0 2 2 0 0 0 -2 0 -2 0 2 0 2
0 0 0 -2 0 2 0 -2 2 0 0 0 -2 0 -2 0 -2 0 -2
0 0 0 -2 0 2 0 -2 2 0 0 0 -2 0 -2 0 2 0 2
0 0 0 2 0 -2 0 -2 2 0 0 0 -2 0 -2 0 -2 0 -2
0 0 0 2 0 -2 0 -2 2 0 0 0 -2 0 -2 0 2 0 2
0 0 0 -2 0 2 0 2 -2 0 0 0 -2 0 -2 0 -2 0 -2
0 0 0 -2 0 2 0 2 -2 0 0 0 -2 0 -2 0 2 0 2
0 0 0 2 0 -2 0 2 -2 0 0 0 -2 0 -2 0 -2 0 -2
0 0 0 2 0 -2 0 2 -2 0 0 0 -2 0 -2 0 2 0 2
0 0 0 2 0 2 0 -2 -2 0 0 0 -2 0 -2 0 -2 0 -2
0 0 0 2 0 2 0 -2 -2 0 0 0 -2 0 -2 0 2 0 2
0 0 0 -2 0 -2 0 -2 -2 0 0 0 -2 0 -2 0 -2 0 -2
0 0 0 -2 0 -2 0 -2 -2 0 0 0 -2 0 -2 0 2 0 2
0 0 0 0 2 2 2 0 0 2 0 0 2 0 2 0 0 -2 2
0 0 0 0 2 2 2 0 0 2 0 0 2 0 2 0 0 2 -2
0 0 0 0 -2 -2 2 0 0 2 0 0 2 0 2 0 0 -2 2
0 0 0 0 -2 -2 2 0 0 2 0 0 2 0 2 0 0 2 -2
0 0 0 0 -2 2 -2 0 0 2 0 0 2 0 2 0 0 -2 2
0 0 0 0 -2 2 -2 0 0 2 0 0 2 0 2 0 0 2 -2
0 0 0 0 2 -2 -2 0 0 2 0 0 2 0 2 0 0 -2 2
0 0 0 0 2 -2 -2 0 0 2 0 0 2 0 2 0 0 2 -2
0 0 0 0 -2 2 2 0 0 -2 0 0 2 0 2 0 0 -2 2
0 0 0 0 -2 2 2 0 0 -2 0 0 2 0 2 0 0 2 -2
0 0 0 0 2 -2 2 0 0 -2 0 0 2 0 2 0 0 -2 2
0 0 0 0 2 -2 2 0 0 -2 0 0 2 0 2 0 0 2 -2
0 0 0 0 2 2 -2 0 0 -2 0 0 2 0 2 0 0 -2 2
0 0 0 0 2 2 -2 0 0 -2 0 0 2 0 2 0 0 2 -2
0 0 0 0 -2 -2 -2 0 0 -2 0 0 2 0 2 0 0 -2 2
0 0 0 0 -2 -2 -2 0 0 -2 0 0 2 0 2 0 0 2 -2
0 0 0 0 -2 2 2 0 0 2 0 0 -2 0 2 0 0 -2 2
0 0 0 0 -2 2 2 0 0 2 0 0 -2 0 2 0 0 2 -2
0 0 0 0 2 -2 2 0 0 2 0 0 -2 0 2 0 0 -2 2
0 0 0 0 2 -2 2 0 0 2 0 0 -2 0 2 0 0 2 -2
0 0 0 0 2 2 -2 0 0 2 0 0 -2 0 2 0 0 -2 2
0 0 0 0 2 2 -2 0 0 2 0 0 -2 0 2 0 0 2 -2
0 0 0 0 -2 -2 -2 0 0 2 0 0 -2 0 2 0 0 -2 2
0 0 0 0 -2 -2 -2 0 0 2 0 0 -2 0 2 0 0 2 -2
0 0 0 0 2 2 2 0 0 -2 0 0 -2 0 2 0 0 -2 2
0 0 0 0 2 2 2 0 0 -2 0 0 -2 0 2 0 0 2 -2
0 0 0 0 -2 -2 2 0 0 -2 0 0 -2 0 2 0 0 -2 2
0 0 0 0 -2 -2 2 0 0 -2 0 0 -2 0 2 0 0 2 -2
0 0 0 0 -2 2 -2 0 0 -2 0 0 -2 0 2 0 0 -2 2
0 0 0 0 -2 2 -2 0 0 -2 0 0 -2 0 2 0 0 2 -2
0 0 0 0 2 -2 -2 0 0 -2 0 0 -2 0 2 0 0 -2 2
0 0 0 0 2 -2 -2 0 0 -2 0 0 -2 0 2 0 0 2 -2
0 0 0 0 -2 2 2 0 0 2 0 0 2 0 -2 0 0 -2 2
0 0 0 0 -2 2 2 0 0 2 0 0 2 0 -2 0 0 2 -2
0 0 0 0 2 -2 2 0 0 2 0 0 2 0 -2 0 0 -2 2
0 0 0 0 2 -2 2 0 0 2 0 0 2 0 -2 0 0 2 -2
0 0 0 0 2 2 -2 0 0 2 0 0 2 0 -2 0 0 -2 2
0 0 0 0 2 2 -2 0 0 2 0 0 2 0 -2 0 0 2 -2
0 0 0 0 -2 -2 -2 0 0 2 0 0 2 0 -2 0 0 -2 2
0 0 0 0 -2 -2 -2 0 0 2 0 0 2 0 -2 0 0 2 -2
0 0 0 0 2 2 2 0 0 -2 0 0 2 0 -2 0 0 -2 2
0 0 0 0 2 2 2 0 0 -2 0 0 2 0 -2 0 0 2 -2
0 0 0 0 -2 -2 2 0 0 -2 0 0 2 0 -2 0 0 -2 2
0 0 0 0 -2 -2 2 0 0 -2 0 0 2 0 -2 0 0 2 -2
0 0 0 0 -2 2 -2 0 0 -2 0 0 2 0 -2 0 0 -2 2
0 0 0 0 -2 2 -2 0 0 -2 0 0 2 0 -2 0 0 2 -2
0 0 0 0 2 -2 -2 0 0 -2 0 0 2 0 -2 0 0 -2 2
0 0 0 0 2 -2 -2 0 0 -2 0 0 2 0 -2 0 0 2 -2
0 0 0 0 2 2 2 0 0 2 0 0 -2 0 -2 0 0 -2 2
0 0 0 0 2 2 2 0 0 2 0 0 -2 0 -2 0 0 2 -2
0 0 0 0 -2 -2 2 0 0 2 0 0 -2 0 -2 0 0 -2 2
0 0 0 0 -2 -2 2 0 0 2 0 0 -2 0 -2 0 0 2 -2
0 0 0 0 -2 2 -2 0 0 2 0 0 -2 0 -2 0 0 -2 2
0 0 0 0 -2 2 -2 0 0 2 0 0 -2 0 -2 0 0 2 -2
0 0 0 0 2 -2 -2 0 0 2 0 0 -2 0 -2 0 0 -2 2
0 0 0 0 2 -2 -2 0 0 2 0 0 -2 0 -2 0 0 2 -2
0 0 0 0 -2 2 2 0 0 -2 0 0 -2 0 -2 0 0 -2 2
0 0 0 0 -2 2 2 0 0 -2 0 0 -2 0 -2 0 0 2 -2
0 0 0 0 2 -2 2 0 0 -2 0 0 -2 0 -2 0 0 -2 2
0 0 0 0 2 -2 2 0 0 -2 0 0 -2 0 -2 0 0 2 -2
0 0 0 0 2 2 -2 0 0 -2 0 0 -2 0 -2 0 0 -2 2
0 0 0 0 2 2 -2 0 0 -2 0 0 -2 0 -2 0 0 2 -2
0 0 0 0 -2 -2 -2 0 0 -2 0 0 -2 0 -2 0 0 -2 2
0 0 0 0 -2 -2 -2 0 0 -2 0 0 -2 0 -2 0 0 2 -2
0 2 2 0 0 0 0 2 0 0 2 0 2 0 2 0 0 -2 -2
0 2 2 0 0 0 0 2 0 0 2 0 2 0 2 0 0 2 2
0 -2 -2 0 0 0 0 2 0 0 2 0 2 0 2 0 0 -2 -2
0 -2 -2 0 0 0 0 2 0 0 2 0 2 0 2 0 0 2 2
0 -2 2 0 0 0 0 -2 0 0 2 0 2 0 2 0 0 -2 -2
0 -2 2 0 0 0 0 -2 0 0 2 0 2 0 2 0 0 2 2
0 2 -2 0 0 0 0 -2 0 0 2 0 2 0 2 0 0 -2 -2
0 2 -2 0 0 0 0 -2 0 0 2 0 2 0 2 0 0 2 2
0 -2 2 0 0 0 0 2 0 0 -2 0 2 0 2 0 0 -2 -2
0 -2 2 0 0 0 0 2 0 0 -2 0 2 0 2 0 0 2 2
0 2 -2 0 0 0 0 2 0 0 -2 0 2 0 2 0 0 -2 -2
0 2 -2 0 0 0 0 2 0 0 -2 0 2 0 2 0 0 2 2
0 2 2 0 0 0 0 -2 0 0 -2 0 2 0 2 0 0 -2 -2
0 2 2 0 0 0 0 -2 0 0 -2 0 2 0 2 0 0 2 2
0 -2 -2 0 0 0 0 -2 0 0 -2 0 2 0 2 0 0 -2 -2
0 -2 -2 0 0 0 0 -2 0 0 -2 0 2 0 2 0 0 2 2
0 -2 2 0 0 0 0 2 0 0 2 0 -2 0 2 0 0 -2 -2
0 -2 2 0 0 0 0 2 0 0 2 0 -2 0 2 0 0 2 2
0 2 -2 0 0 0 0 2 0 0 2 0 -2 0 2 0 0 -2 -2
0 2 -2 0 0 0 0 2 0 0 2 0 -2 0 2 0 0 2 2
0 2 2 0 0 0 0 -2 0 0 2 0 -2 0 2 0 0 -2 -2
0 2 2 0 0 0 0 -2 0 0 2 0 -2 0 2 0 0 2 2
0 -2 -2 0 0 0 0 -2 0 0 2 0 -2 0 2 0 0 -2 -2
0 -2 -2 0 0 0 0 -2 0 0 2 0 -2 0 2 0 0 2 2
0 2 2 0 0 0 0 2 0 0 -2 0 -2 0 2 0 0 -2 -2
0 2 2 0 0 0 0 2 0 0 -2 0 -2 0 2 0 0 2 2
0 -2 -2 0 0 0 0 2 0 0 -2 0 -2 0 2 0 0 -2 -2
0 -2 -2 0 0 0 0 2 0 0 -2 0 -2 0 2 0 0 2 2
0 -2 2 0 0 0 0 -2 0 0 -2 0 -2 0 2 0 0 -2 -2
0 -2 2 0 0 0 0 -2 0 0 -2 0 -2 0 2 0 0 2 2
0 2 -2 0 0 0 0 -2 0 0 -2 0 -2 0 2 0 0 -2 -2
0 2 -2 0 0 0 0 -2 0 0 -2 0 -2 0 2 0 0 2 2
0 -2 2 0 0 0 0 2 0 0 2 0 2 0 -2 0 0 -2 -2
0 -2 2 0 0 0 0 2 0 0 2 0 2 0 -2 0 0 2 2
0 2 -2 0 0 0 0 2 0 0 2 0 2 0 -2 0 0 -2 -2
0 2 -2 0 0 0 0 2 0 0 2 0 2 0 -2 0 0 2 2
0 2 2 0 0 0 0 -2 0 0 2 0 2 0 -2 0 0 -2 -2
0 2 2 0 0 0 0 -2 0 0 2 0 2 0 -2 0 0 2 2
0 -2 -2 0 0 0 0 -2 0 0 2 0 2 0 -2 0 0 -2 -2
0 -2 -2 0 0 0 0 -2 0 0 2 0 2 0 -2 0 0 2 2
0 2 2 0 0 0 0 2 0 0 -2 0 2 0 -2 0 0 -2 -2
0 2 2 0 0 0 0 2 0 0 -2 0 2 0 -2 0 0 2 2
0 -2 -2 0 0 0 0 2 0 0 -2 0 2 0 -2 0 0 -2 -2
0 -2 -2 0 0 0 0 2 0 0 -2 0 2 0 -2 0 0 2 2
0 -2 2 0 0 0 0 -2 0 0 -2 0 2 0 -2 0 0 -2 -2
0 -2 2 0 0 0 0 -2 0 0 -2 0 2 0 -2 0 0 2 2
0 2 -2 0 0 0 0 -2 0 0 -2 0 2 0 -2 0 0 -2 -2
0 2 -2 0 0 0 0 -2 0 0 -2 0 2 0 -2 0 0 2 2
0 2 2 0 0 0 0 2 0 0 2 0 -2 0 -2 0 0 -2 -2
0 2 2 0 0 0 0 2 0 0 2 0 -2 0 -2 0 0 2 2
0 -2 -2 0 0 0 0 2 0 0 2 0 -2 0 -2 0 0 -2 -2
0 -2 -2 0 0 0 0 2 0 0 2 0 -2 0 -2 0 0 2 2
0 -2 2 0 0 0 0 -2 0 0 2 0 -2 0 -2 0 0 -2 -2
0 -2 2 0 0 0 0 -2 0 0 2 0 -2 0 -2 0 0 2 2
0 2 -2 0 0 0 0 -2 0 0 2 0 -2 0 -2 0 0 -2 -2
0 2 -2 0 0 0 0 -2 0 0 2 0 -2 0 -2 0 0 2 2
0 -2 2 0 0 0 0 2 0 0 -2 0 -2 0 -2 0 0 -2 -2
0 -2 2 0 0 0 0 2 0 0 -2 0 -2 0 -2 0 0 2 2
0 2 -2 0 0 0 0 2 0 0 -2 0 -2 0 -2 0 0 -2 -2
0 2 -2 0 0 0 0 2 0 0 -2 0 -2 0 -2 0 0 2 2
0 2 2 0 0 0 0 -2 0 0 -2 0 -2 0 -2 0 0 -2 -2
0 2 2 0 0 0 0 -2 0 0 -2 0 -2 0 -2 0 0 2 2
0 -2 -2 0 0 0 0 -2 0 0 -2 0 -2 0 -2 0 0 -2 -2
0 -2 -2 0 0 0 0 -2 0 0 -2 0 -2 0 -2 0 0 2 2
-2 0 0 0 2 0 2 2 2 0 2 0 2 0 2 0 0 0 0
2 0 0 0 -2 0 2 2 2 0 2 0 2 0 2 0 0 0 0
2 0 0 0 2 0 -2 2 2 0 2 0 2 0 2 0 0 0 0
-2 0 0 0 -2 0 -2 2 2 0 2 0 2 0 2 0 0 0 0
2 0 0 0 2 0 2 -2 2 0 2 0 2 0 2 0 0 0 0
-2 0 0 0 -2 0 2 -2 2 0 2 0 2 0 2 0 0 0 0
-2 0 0 0 2 0 -2 -2 2 0 2 0 2 0 2 0 0 0 0
2 0 0 0 -2 0 -2 -2 2 0 2 0 2 0 2 0 0 0 0
2 0 0 0 2 0 2 2 -2 0 2 0 2 0 2 0 0 0 0
-2 0 0 0 -2 0 2 2 -2 0 2 0 2 0 2 0 0 0 0
-2 0 0 0 2 0 -2 2 -2 0 2 0 2 0 2 0 0 0 0
2 0 0 0 -2 0 -2 2 -2 0 2 0 2 0 2 0 0 0 0
-2 0 0 0 2 0 2 -2 -2 0 2 0 2 0 2 0 0 0 0
2 0 0 0 -2 0 2 -2 -2 0 2 0 2 0 2 0 0 0 0
2 0 0 0 2 0 -2 -2 -2 0 2 0 2 0 2 0 0 0 0
-2 0 0 0 -2 0 -2 -2 -2 0 2 0 2 0 2 0 0 0 0
2 0 0 0 2 0 2 2 2 0 -2 0 2 0 2 0 0 0 0
-2 0 0 0 -2 0 2 2 2 0 -2 0 2 0 2 0 0 0 0
-2 0 0 0 2 0 -2 2 2 0 -2 0 2 0 2 0 0 0 0
2 0 0 0 -2 0 -2 2 2 0 -2 0 2 0 2 0 0 0 0
-2 0 0 0 2 0 2 -2 2 0 -2 0 2 0 2 0 0 0 0
2 0 0 0 -2 0 2 -2 2 0 -2 0 2 0 2 0 0 0 0
2 0 0 0 2 0 -2 -2 2 0 -2 0 2 0 2 0 0 0 0
-2 0 0 0 -2 0 -2 -2 2 0 -2 0 2 0 2 0 0 0 0
-2 0 0 0 2 0 2 2 -2 0 -2 0 2 0 2 0 0 0 0
2 0 0 0 -2 0 2 2 -2 0 -2 0 2 0 2 0 0 0 0
2 0 0 0 2 0 -2 2 -2 0 -2 0 2 0 2 0 0 0 0
-2 0 0 0 -2 0 -2 2 -2 0 -2 0 2 0 2 0 0 0 0
2 0 0 0 2 0 2 -2 -2 0 -2 0 2 0 2 0 0 0 0
-2 0 0 0 -2 0 2 -2 -2 0 -2 0 2 0 2 0 0 0 0
-2 0 0 0 2 0 -2 -2 -2 0 -2 0 2 0 2 0 0 0 0
2 0 0 0 -2 0 -2 -2 -2 0 -2 0 2 0 2 0 0 0 0
2 0 0 0 2 0 2 2 2 0 2 0 -2 0 2 0 0 0 0
-2 0 0 0 -2 0 2 2 2 0 2 0 -2 0 2 0 0 0 0
-2 0 0 0 2 0 -2 2 2 0 2 0 -2 0 2 0 0 0 0
2 0 0 0 -2 0 -2 2 2 0 2 0 -2 0 2 0 0 0 0
-2 0 0 0 2 0 2 -2 2 0 2 0 -2 0 2 0 0 0 0
2 0 0 0 -2 0 2 -2 2 0 2 0 -2 0 2 0 0 0 0
2 0 0 0 2 0 -2 -2 2 0 2 0 -2 0 2 0 0 0 0
-2 0 0 0 -2 0 -2 -2 2 0 2 0 -2 0 2 0 0 0 0
-2 0 0 0 2 0 2 2 -2 0 2 0 -2 0 2 0 0 0 0
2 0 0 0 -2 0 2 2 -2 0 2 0 -2 0 2 0 0 0 0
2 0 0 0 2 0 -2 2 -2 0 2 0 -2 0 2 0 0 0 0
-2 0 0 0 -2 0 -2 2 -2 0 2 0 -2 0 2 0 0 0 0
2 0 0 0 2 0 2 -2 -2 0 2 0 -2 0 2 0 0 0 0
-2 0 0 0 -2 0 2 -2 -2 0 2 0 -2 0 2 0 0 0 0
-2 0 0 0 2 0 -2 -2 -2 0 2 0 -2 0 2 0 0 0 0
2 0 0 0 -2 0 -2 -2 -2 0 2 0 -2 0 2 0 0 0 0
-2 0 0 0 2 0 2 2 2 0 -2 0 -2 0 2 0 0 0 0
2 0 0 0 -2 0 2 2 2 0 -2 0 -2 0 2 0 0 0 0
2 0 0 0 2 0 -2 2 2 0 -2 0 -2 0 2 0 0 0 0
-2 0 0 0 -2 0 -2 2 2 0 -2 0 -2 0 2 0 0 0 0
2 0 0 0 2 0 2 -2 2 0 -2 0 -2 0 2 0 0 0 0
-2 0 0 0 -2 0 2 -2 2 0 -2 0 -2 0 2 0 0 0 0
-2 0 0 0 2 0 -2 -2 2 0 -2 0 -2 0 2 0 0 0 0
2 0 0 0 -2 0 -2 -2 2 0 -2 0 -2 0 2 0 0 0 0
2 0 0 0 2 0 2 2 -2 0 -2 0 -2 0 2 0 0 0 0
-2 0 0 0 -2 0 2 2 -2 0 -2 0 -2 0 2 0 0 0 0
-2 0 0 0 2 0 -2 2 -2 0 -2 0 -2 0 2 0 0 0 0
2 0 0 0 -2 0 -2 2 -2 0 -2 0 -2 0 2 0 0 0 0
-2 0 0 0 2 0 2 -2 -2 0 -2 0 -2 0 2 0 0 0 0
2 0 0 0 -2 0 2 -2 -2 0 -2 0 -2 0 2 0 0 0 0
2 0 0 0 2 0 -2 -2 -2 0 -2 0 -2 0 2 0 0 0 0
-2 0 0 0 -2 0 -2 -2 -2 0 -2 0 -2 0 2 0 0 0 0
2 0 0 0 2 0 2 2 2 0 2 0 2 0 -2 0 0 0 0
-2 0 0 0 -2 0 2 2 2 0 2 0 2 0 -2 0 0 0 0
-2 0 0 0 2 0 -2 2 2 0 2 0 2 0 -2 0 0 0 0
2 0 0 0 -2 0 -2 2 2 0 2 0 2 0 -2 0 0 0 0
-2 0 0 0 2 0 2 -2 2 0 2 0 2 0 -2 0 0 0 0
2 0 0 0 -2 0 2 -2 2 0 2 0 2 0 -2 0 0 0 0
2 0 0 0 2 0 -2 -2 2 0 2 0 2 0 -2 0 0 0 0
-2 0 0 0 -2 0 -2 -2 2 0 2 0 2 0 -2 0 0 0 0
-2 0 0 0 2 0 2 2 -2 0 2 0 2 0 -2 0 0 0 0
2 0 0 0 -2 0 2 2 -2 0 2 0 2 0 -2 0 0 0 0
2 0 0 0 2 0 -2 2 -2 0 2 0 2 0 -2 0 0 0 0
-2 0 0 0 -2 0 -2 2 -2 0 2 0 2 0 -2 0 0 0 0
2 0 0 0 2 0 2 -2 -2 0 2 0 2 0 -2 0 0 0 0
-2 0 0 0 -2 0 2 -2 -2 0 2 0 2 0 -2 0 0 0 0
-2 0 0 0 2 0 -2 -2 -2 0 2 0 2 0 -2 0 0 0 0
2 0 0 0 -2 0 -2 -2 -2 0 2 0 2 0 -2 0 0 0 0
-2 0 0 0 2 0 2 2 2 0 -2 0 2 0 -2 0 0 0 0
2 0 0 0 -2 0 2 2 2 0 -2 0 2 0 -2 0 0 0 0
2 0 0 0 2 0 -2 2 2 0 -2 0 2 0 -2 0 0 0 0
-2 0 0 0 -2 0 -2 2 2 0 -2 0 2 0 -2 0 0 0 0
2 0 0 0 2 0 2 -2 2 0 -2 0 2 0 -2 0 0 0 0
-2 0 0 0 -2 0 2 -2 2 0 -2 0 2 0 -2 0 0 0 0
-2 0 0 0 2 0 -2 -2 2 0 -2 0 2 0 -2 0 0 0 0
2 0 0 0 -2 0 -2 -2 2 0 -2 0 2 0 -2 0 0 0 0
2 0 0 0 2 0 2 2 -2 0 -2 0 2 0 -2 0 0 0 0
-2 0 0 0 -2 0 2 2 -2 0 -2 0 2 0 -2 0 0 0 0
-2 0 0 0 2 0 -2 2 -2 0 -2 0 2 0 -2 0 0 0 0
2 0 0 0 -2 0 -2 2 -2 0 -2 0 2 0 -2 0 0 0 0
-2 0 0 0 2 0 2 -2 -2 0 -2 0 2 0 -2 0 0 0 0
2 0 0 0 -2 0 2 -2 -2 0 -2 0 2 0 -2 0 0 0 0
2 0 0 0 2 0 -2 -2 -2 0 -2 0 2 0 -2 0 0 0 0
-2 0 0 0 -2 0 -2 -2 -2 0 -2 0 2 0 -2 0 0 0 0
-2 0 0 0 2 0 2 2 2 0 2 0 -2 0 -2 0 0 0 0
2 0 0 0 -2 0 2 2 2 0 2 0 -2 0 -2 0 0 0 0
2 0 0 0 2 0 -2 2 2 0 2 0 -2 0 -2 0 0 0 0
-2 0 0 0 -2 0 -2 2 2 0 2 0 -2 0 -2 0 0 0 0
2 0 0 0 2 0 2 -2 2 0 2 0 -2 0 -2 0 0 0 0
-2 0 0 0 -2 0 2 -2 2 0 2 0 -2 0 -2 0 0 0 0
-2 0 0 0 2 0 -2 -2 2 0 2 0 -2 0 -2 0 0 0 0
2 0 0 0 -2 0 -2 -2 2 0 2 0 -2 0 -2 0 0 0 0
2 0 0 0 2 0 2 2 -2 0 2 0 -2 0 -2 0 0 0 0
-2 0 0 0 -2 0 2 2 -2 0 2 0 -2 0 -2 0 0 0 0
-2 0 0 0 2 0 -2 2 -2 0 2 0 -2 0 -2 0 0 0 0
2 0 0 0 -2 0 -2 2 -2 0 2 0 -2 0 -2 0 0 0 0
-2 0 0 0 2 0 2 -2 -2 0 2 0 -2 0 -2 0 0 0 0
2 0 0 0 -2 0 2 -2 -2 0 2 0 -2 0 -2 0 0 0 0
2 0 0 0 2 0 -2 -2 -2 0 2 0 -2 0 -2 0 0 0 0
-2 0 0 0 -2 0 -2 -2 -2 0 2 0 -2 0 -2 0 0 0 0
2 0 0 0 2 0 2 2 2 0 -2 0 -2 0 -2 0 0 0 0
-2 0 0 0 -2 0 2 2 2 0 -2 0 -2 0 -2 0 0 0 0
-2 0 0 0 2 0 -2 2 2 0 -2 0 -2 0 -2 0 0 0 0
2 0 0 0 -2 0 -2 2 2 0 -2 0 -2 0 -2 0 0 0 0
-2 0 0 0 2 0 2 -2 2 0 -2 0 -2 0 -2 0 0 0 0
2 0 0 0 -2 0 2 -2 2 0 -2 0 -2 0 -2 0 0 0 0
2 0 0 0 2 0 -2 -2 2 0 -2 0 -2 0 -2 0 0 0 0
-2 0 0 0 -2 0 -2 -2 2 0 -2 0 -2 0 -2 0 0 0 0
-2 0 0 0 2 0 2 2 -2 0 -2 0 -2 0 -2 0 0 0 0
2 0 0 0 -2 0 2 2 -2 0 -2 0 -2 0 -2 0 0 0 0
2 0 0 0 2 0 -2 2 -2 0 -2 0 -2 0 -2 0 0 0 0
-2 0 0 0 -2 0 -2 2 -2 0 -2 0 -2 0 -2 0 0 0 0
2 0 0 0 2 0 2 -2 -2 0 -2 0 -2 0 -2 0 0 0 0
-2 0 0 0 -2 0 2 -2 -2 0 -2 0 -2 0 -2 0 0 0 0
-2 0 0 0 2 0 -2 -2 -2 0 -2 0 -2 0 -2 0 0 0 0
2 0 0 0 -2 0 -2 -2 -2 0 -2 0 -2 0 -2 0 0 0 0
2 0 0 2 0 0 0 0 0 2 2 0 2 0 2 0 -2 -2 0
-2 0 0 -2 0 0 0 0 0 2 2 0 2 0 2 0 -2 -2 0
2 0 0 2 0 0 0 0 0 2 2 0 2 0 2 0 2 2 0
-2 0 0 -2 0 0 0 0 0 2 2 0 2 0 2 0 2 2 0
-2 0 0 2 0 0 0 0 0 -2 2 0 2 0 2 0 -2 -2 0
2 0 0 -2 0 0 0 0 0 -2 2 0 2 0 2 0 -2 -2 0
-2 0 0 2 0 0 0 0 0 -2 2 0 2 0 2 0 2 2 0
2 0 0 -2 0 0 0 0 0 -2 2 0 2 0 2 0 2 2 0
-2 0 0 2 0 0 0 0 0 2 -2 0 2 0 2 0 -2 -2 0
2 0 0 -2 0 0 0 0 0 2 -2 0 2 0 2 0 -2 -2 0
-2 0 0 2 0 0 0 0 0 2 -2 0 2 0 2 0 2 2 0
2 0 0 -2 0 0 0 0 0 2 -2 0 2 0 2 0 2 2 0
2 0 0 2 0 0 0 0 0 -2 -2 0 2 0 2 0 -2 -2 0
-2 0 0 -2 0 0 0 0 0 -2 -2 0 2 0 2 0 -2 -2 0
2 0 0 2 0 0 0 0 0 -2 -2 0 2 0 2 0 2 2 0
-2 0 0 -2 0 0 0 0 0 -2 -2 0 2 0 2 0 2 2 0
-2 0 0 2 0 0 0 0 0 2 2 0 -2 0 2 0 -2 -2 0
2 0 0 -2 0 0 0 0 0 2 2 0 -2 0 2 0 -2 -2 0
-2 0 0 2 0 0 0 0 0 2 2 0 -2 0 2 0 2 2 0
2 0 0 -2 0 0 0 0 0 2 2 0 -2 0 2 0 2 2 0
2 0 0 2 0 0 0 0 0 -2 2 0 -2 0 2 0 -2 -2 0
-2 0 0 -2 0 0 0 0 0 -2 2 0 -2 0 2 0 -2 -2 0
2 0 0 2 0 0 0 0 0 -2 2 0 -2 0 2 0 2 2 0
-2 0 0 -2 0 0 0 0 0 -2 2 0 -2 0 2 0 2 2 0
2 0 0 2 0 0 0 0 0 2 -2 0 -2 0 2 0 -2 -2 0
-2 0 0 -2 0 0 0 0 0 2 -2 0 -2 0 2 0 -2 -2 0
2 0 0 2 0 0 0 0 0 2 -2 0 -2 0 2 0 2 2 0
-2 0 0 -2 0 0 0 0 0 2 -2 0 -2 0 2 0 2 2 0
-2 0 0 2 0 0 0 0 0 -2 -2 0 -2 0 2 0 -2 -2 0
2 0 0 -2 0 0 0 0 0 -2 -2 0 -2 0 2 0 -2 -2 0
-2 0 0 2 0 0 0 0 0 -2 -2 0 -2 0 2 0 2 2 0
2 0 0 -2 0 0 0 0 0 -2 -2 0 -2 0 2 0 2 2 0
-2 0 0 2 0 0 0 0 0 2 2 0 2 0 -2 0 -2 -2 0
2 0 0 -2 0 0 0 0 0 2 2 0 2 0 -2 0 -2 -2 0
-2 0 0 2 0 0 0 0 0 2 2 0 2 0 -2 0 2 2 0
2 0 0 -2 0 0 0 0 0 2 2 0 2 0 -2 0 2 2 0
2 0 0 2 0 0 0 0 0 -2 2 0 2 0 -2 0 -2 -2 0
-2 0 0 -2 0 0 0 0 0 -2 2 0 2 0 -2 0 -2 -2 0
2 0 0 2 0 0 0 0 0 -2 2 0 2 0 -2 0 2 2 0
-2 0 0 -2 0 0 0 0 0 -2 2 0 2 0 -2 0 2 2 0
2 0 0 2 0 0 0 0 0 2 -2 0 2 0 -2 0 -2 -2 0
-2 0 0 -2 0 0 0 0 0 2 -2 0 2 0 -2 0 -2 -2 0
2 0 0 2 0 0 0 0 0 2 -2 0 2 0 -2 0 2 2 0
-2 0 0 -2 0 0 0 0 0 2 -2 0 2 0 -2 0 2 2 0
-2 0 0 2 0 0 0 0 0 -2 -2 0 2 0 -2 0 -2 -2 0
2 0 0 -2 0 0 0 0 0 -2 -2 0 2 0 -2 0 -2 -2 0
-2 0 0 2 0 0 0 0 0 -2 -2 0 2 0 -2 0 2 2 0
2 0 0 -2 0 0 0 0 0 -2 -2 0 2 0 -2 0 2 2 0
2 0 0 2 0 0 0 0 0 2 2 0 -2 0 -2 0 -2 -2 0
-2 0 0 -2 0 0 0 0 0 2 2 0 -2 0 -2 0 -2 -2 0
2 0 0 2 0 0 0 0 0 2 2 0 -2 0 -2 0 2 2 0
-2 0 0 -2 0 0 0 0 0 2 2 0 -2 0 -2 0 2 2 0
-2 0 0 2 0 0 0 0 0 -2 2 0 -2 0 -2 0 -2 -2 0
2 0 0 -2 0 0 0 0 0 -2 2 0 -2 0 -2 0 -2 -2 0
-2 0 0 2 0 0 0 0 0 -2 2 0 -2 0 -2 0 2 2 0
2 0 0 -2 0 0 0 0 0 -2 2 0 -2 0 -2 0 2 2 0
-2 0 0 2 0 0 0 0 0 2 -2 0 -2 0 -2 0 -2 -2 0
2 0 0 -2 0 0 0 0 0 2 -2 0 -2 0 -2 0 -2 -2 0
-2 0 0 2 0 0 0 0 0 2 -2 0 -2 0 -2 0 2 2 0
2 0 0 -2 0 0 0 0 0 2 -2 0 -2 0 -2 0 2 2 0
2 0 0 2 0 0 0 0 0 -2 -2 0 -2 0 -2 0 -2 -2 0
-2 0 0 -2 0 0 0 0 0 -2 -2 0 -2 0 -2 0 -2 -2 0
2 0 0 2 0 0 0 0 0 -2 -2 0 -2 0 -2 0 2 2 0
-2 0 0 -2 0 0 0 0 0 -2 -2 0 -2 0 -2 0 2 2 0
0 0 2 2 0 2 0 0 0 0 0 2 2 0 2 0 -2 0 2
0 0 -2 -2 0 2 0 0 0 0 0 2 2 0 2 0 -2 0 2
0 0 2 2 0 2 0 0 0 0 0 2 2 0 2 0 2 0 -2
0 0 -2 -2 0 2 0 0 0 0 0 2 2 0 2 0 2 0 -2
0 0 -2 2 0 -2 0 0 0 0 0 2 2 0 2 0 -2 0 2
0 0 2 -2 0 -2 0 0 0 0 0 2 2 0 2 0 -2 0 2
0 0 -2 2 0 -2 0 0 0 0 0 2 2 0 2 0 2 0 -2
0 0 2 -2 0 -2 0 0 0 0 0 2 2 0 2 0 2 0 -2
0 0 -2 2 0 2 0 0 0 0 0 -2 2 0 2 0 -2 0 2
0 0 2 -2 0 2 0 0 0 0 0 -2 2 0 2 0 -2 0 2
0 0 -2 2 0 2 0 0 0 0 0 -2 2 0 2 0 2 0 -2
0 0 2 -2 0 2 0 0 0 0 0 -2 2 0 2 0 2 0 -2
0 0 2 2 0 -2 0 0 0 0 0 -2 2 0 2 0 -2 0 2
0 0 -2 -2 0 -2 0 0 0 0 0 -2 2 0 2 0 -2 0 2
0 0 2 2 0 -2 0 0 0 0 0 -2 2 0 2 0 2 0 -2
0 0 -2 -2 0 -2 0 0 0 0 0 -2 2 0 2 0 2 0 -2
0 0 -2 2 0 2 0 0 0 0 0 2 -2 0 2 0 -2 0 2
0 0 2 -2 0 2 0 0 0 0 0 2 -2 0 2 0 -2 0 2
0 0 -2 2 0 2 0 0 0 0 0 2 -2 0 2 0 2 0 -2
0 0 2 -2 0 2 0 0 0 0 0 2 -2 0 2 0 2 0 -2
0 0 2 2 0 -2 0 0 0 0 0 2 -2 0 2 0 -2 0 2
0 0 -2 -2 0 -2 0 0 0 0 0 2 -2 0 2 0 -2 0 2
0 0 2 2 0 -2 0 0 0 0 0 2 -2 0 2 0 2 0 -2
0 0 -2 -2 0 -2 0 0 0 0 0 2 -2 0 2 0 2 0 -2
0 0 2 2 0 2 0 0 0 0 0 -2 -2 0 2 0 -2 0 2
0 0 -2 -2 0 2 0 0 0 0 0 -2 -2 0 2 0 -2 0 2
0 0 2 2 0 2 0 0 0 0 0 -2 -2 0 2 0 2 0 -2
0 0 -2 -2 0 2 0 0 0 0 0 -2 -2 0 2 0 2 0 -2
0 0 -2 2 0 -2 0 0 0 0 0 -2 -2 0 2 0 -2 0 2
0 0 2 -2 0 -2 0 0 0 0 0 -2 -2 0 2 0 -2 0 2
0 0 -2 2 0 -2 0 0 0 0 0 -2 -2 0 2 0 2 0 -2
0 0 2 -2 0 -2 0 0 0 0 0 -2 -2 0 2 0 2 0 -2
0 0 -2 2 0 2 0 0 0 0 0 2 2 0 -2 0 -2 0 2
0 0 2 -2 0 2 0 0 0 0 0 2 2 0 -2 0 -2 0 2
0 0 -2 2 0 2 0 0 0 0 0 2 2 0 -2 0 2 0 -2
0 0 2 -2 0 2 0 0 0 0 0 2 2 0 -2 0 2 0 -2
0 0 2 2 0 -2 0 0 0 0 0 2 2 0 -2 0 -2 0 2
0 0 -2 -2 0 -2 0 0 0 0 0 2 2 0 -2 0 -2 0 2
0 0 2 2 0 -2 0 0 0 0 0 2 2 0 -2 0 2 0 -2
0 0 -2 -2 0 -2 0 0 0 0 0 2 2 0 -2 0 2 0 -2
0 0 2 2 0 2 0 0 0 0 0 -2 2 0 -2 0 -2 0 2
0 0 -2 -2 0 2 0 0 0 0 0 -2 2 0 -2 0 -2 0 2
0 0 2 2 0 2 0 0 0 0 0 -2 2 0 -2 0 2 0 -2
0 0 -2 -2 0 2 0 0 0 0 0 -2 2 0 -2 0 2 0 -2
0 0 -2 2 0 -2 0 0 0 0 0 -2 2 0 -2 0 -2 0 2
0 0 2 -2 0 -2 0 0 0 0 0 -2 2 0 -2 0 -2 0 2
0 0 -2 2 0 -2 0 0 0 0 0 -2 2 0 -2 0 2 0 -2
0 0 2 -2 0 -2 0 0 0 0 0 -2 2 0 -2 0 2 0 -2
0 0 2 2 0 2 0 0 0 0 0 2 -2 0 -2 0 -2 0 2
0 0 -2 -2 0 2 0 0 0 0 0 2 -2 0 -2 0 -2 0 2
0 0 2 2 0 2 0 0 0 0 0 2 -2 0 -2 0 2 0 -2
0 0 -2 -2 0 2 0 0 0 0 0 2 -2 0 -2 0 2 0 -2
0 0 -2 2 0 -2 0 0 0 0 0 2 -2 0 -2 0 -2 0 2
0 0 2 -2 0 -2 0 0 0 0 0 2 -2 0 -2 0 -2 0 2
0 0 -2 2 0 -2 0 0 0 0 0 2 -2 0 -2 0 2 0 -2
0 0 2 -2 0 -2 0 0 0 0 0 2 -2 0 -2 0 2 0 -2
0 0 -2 2 0 2 0 0 0 0 0 -2 -2 0 -2 0 -2 0 2
0 0 2 -2 0 2 0 0 0 0 0 -2 -2 0 -2 0 -2 0 2
0 0 -2 2 0 2 0 0 0 0 0 -2 -2 0 -2 0 2 0 -2
0 0 2 -2 0 2 0 0 0 0 0 -2 -2 0 -2 0 2 0 -2
0 0 2 2 0 -2 0 0 0 0 0 -2 -2 0 -2 0 -2 0 2
0 0 -2 -2 0 -2 0 0 0 0 0 -2 -2 0 -2 0 -2 0 2
0 0 2 2 0 -2 0 0 0 0 0 -2 -2 0 -2 0 2 0 -2
0 0 -2 -2 0 -2 0 0 0 0 0 -2 -2 0 -2 0 2 0 -2
-2 2 0 0 0 2 0 2 0 2 0 2 2 0 2 0 0 0 0
2 -2 0 0 0 2 0 2 0 2 0 2 2 0 2 0 0 0 0
2 2 0 0 0 -2 0 2 0 2 0 2 2 0 2 0 0 0 0
-2 -2 0 0 0 -2 0 2 0 2 0 2 2 0 2 0 0 0 0
2 2 0 0 0 2 0 -2 0 2 0 2 2 0 2 0 0 0 0
-2 -2 0 0 0 2 0 -2 0 2 0 2 2 0 2 0 0 0 0
-2 2 0 0 0 -2 0 -2 0 2 0 2 2 0 2 0 0 0 0
2 -2 0 0 0 -2 0 -2 0 2 0 2 2 0 2 0 0 0 0
2 2 0 0 0 2 0 2 0 -2 0 2 2 0 2 0 0 0 0
-2 -2 0 0 0 2 0 2 0 -2 0 2 2 0 2 0 0 0 0
-2 2 0 0 0 -2 0 2 0 -2 0 2 2 0 2 0 0 0 0
2 -2 0 0 0 -2 0 2 0 -2 0 2 2 0 2 0 0 0 0
-2 2 0 0 0 2 0 -2 0 -2 0 2 2 0 2 0 0 0 0
2 -2 0 0 0 2 0 -2 0 -2 0 2 2 0 2 0 0 0 0
2 2 0 0 0 -2 0 -2 0 -2 0 2 2 0 2 0 0 0 0
-2 -2 0 0 0 -2 0 -2 0 -2 0 2 2 0 2 0 0 0 0
2 2 0 0 0 2 0 2 0 2 0 -2 2 0 2 0 0 0 0
-2 -2 0 0 0 2 0 2 0 2 0 -2 2 0 2 0 0 0 0
-2 2 0 0 0 -2 0 2 0 2 0 -2 2 0 2 0 0 0 0
2 -2 0 0 0 -2 0 2 0 2 0 -2 2 0 2 0 0 0 0
-2 2 0 0 0 2 0 -2 0 2 0 -2 2 0 2 0 0 0 0
2 -2 0 0 0 2 0 -2 0 2 0 -2 2 0 2 0 0 0 0
2 2 0 0 0 -2 0 -2 0 2 0 -2 2 0 2 0 0 0 0
-2 -2 0 0 0 -2 0 -2 0 2 0 -2 2 0 2 0 0 0 0
-2 2 0 0 0 2 0 2 0 -2 0 -2 2 0 2 0 0 0 0
2 -2 0 0 0 2 0 2 0 -2 0 -2 2 0 2 0 0 0 0
2 2 0 0 0 -2 0 2 0 -2 0 -2 2 0 2 0 0 0 0
-2 -2 0 0 0 -2 0 2 0 -2 0 -2 2 0 2 0 0 0 0
2 2 0 0 0 2 0 -2 0 -2 0 -2 2 0 2 0 0 0 0
-2 -2 0 0 0 2 0 -2 0 -2 0 -2 2 0 2 0 0 0 0
-2 2 0 0 0 -2 0 -2 0 -2 0 -2 2 0 2 0 0 0 0
2 -2 0 0 0 -2 0 -2 0 -2 0 -2 2 0 2 0 0 0 0
2 2 0 0 0 2 0 2 0 2 0 2 -2 0 2 0 0 0 0
-2 -2 0 0 0 2 0 2 0 2 0 2 -2 0 2 0 0 0 0
-2 2 0 0 0 -2 0 2 0 2 0 2 -2 0 2 0 0 0 0
2 -2 0 0 0 -2 0 2 0 2 0 2 -2 0 2 0 0 0 0
-2 2 0 0 0 2 0 -2 0 2 0 2 -2 0 2 0 0 0 0
2 -2 0 0 0 2 0 -2 0 2 0 2 -2 0 2 0 0 0 0
2 2 0 0 0 -2 0 -2 0 2 0 2 -2 0 2 0 0 0 0
-2 -2 0 0 0 -2 0 -2 0 2 0 2 -2 0 2 0 0 0 0
-2 2 0 0 0 2 0 2 0 -2 0 2 -2 0 2 0 0 0 0
2 -2 0 0 0 2 0 2 0 -2 0 2 -2 0 2 0 0 0 0
2 2 0 0 0 -2 0 2 0 -2 0 2 -2 0 2 0 0 0 0
-2 -2 0 0 0 -2 0 2 0 -2 0 2 -2 0 2 0 0 0 0
2 2 0 0 0 2 0 -2 0 -2 0 2 -2 0 2 0 0 0 0
-2 -2 0 0 0 2 0 -2 0 -2 0 2 -2 0 2 0 0 0 0
-2 2 0 0 0 -2 0 -2 0 -2 0 2 -2 0 2 0 0 0 0
2 -2 0 0 0 -2 0 -2 0 -2 0 2 -2 0 2 0 0 0 0
-2 2 0 0 0 2 0 2 0 2 0 -2 -2 0 2 0 0 0 0
2 -2 0 0 0 2 0 2 0 2 0 -2 -2 0 2 0 0 0 0
2 2 0 0 0 -2 0 2 0 2 0 -2 -2 0 2 0 0 0 0
-2 -2 0 0 0 -2 0 2 0 2 0 -2 -2 0 2 0 0 0 0
2 2 0 0 0 2 0 -2 0 2 0 -2 -2 0 2 0 0 0 0
-2 -2 0 0 0 2 0 -2 0 2 0 -2 -2 0 2 0 0 0 0
-2 2 0 0 0 -2 0 -2 0 2 0 -2 -2 0 2 0 0 0 0
2 -2 0 0 0 -2 0 -2 0 2 0 -2 -2 0 2 0 0 0 0
2 2 0 0 0 2 0 2 0 -2 0 -2 -2 0 2 0 0 0 0
-2 -2 0 0 0 2 0 2 0 -2 0 -2 -2 0 2 0 0 0 0
-2 2 0 0 0 -2 0 2 0 -2 0 -2 -2 0 2 0 0 0 0
2 -2 0 0 0 -2 0 2 0 -2 0 -2 -2 0 2 0 0 0 0
-2 2 0 0 0 2 0 -2 0 -2 0 -2 -2 0 2 0 0 0 0
2 -2 0 0 0 2 0 -2 0 -2 0 -2 -2 0 2 0 0 0 0
2 2 0 0 0 -2 0 -2 0 -2 0 -2 -2 0 2 0 0 0 0
-2 -2 0 0 0 -2 0 -2 0 -2 0 -2 -2 0 2 0 0 0 0
2 2 0 0 0 2 0 2 0 2 0 2 2 0 -2 0 0 0 0
-2 -2 0 0 0 2 0 2 0 2 0 2 2 0 -2 0 0 0 0
-2 2 0 0 0 -2 0 2 0 2 0 2 2 0 -2 0 0 0 0
2 -2 0 0 0 -2 0 2 0 2 0 2 2 0 -2 0 0 0 0
-2 2 0 0 0 2 0 -2 0 2 0 2 2 0 -2 0 0 0 0
2 -2 0 0 0 2 0 -2 0 2 0 2 2 0 -2 0 0 0 0
2 2 0 0 0 -2 0 -2 0 2 0 2 2 0 -2 0 0 0 0
-2 -2 0 0 0 -2 0 -2 0 2 0 2 2 0 -2 0 0 0 0
-2 2 0 0 0 2 0 2 0 -2 0 2 2 0 -2 0 0 0 0
2 -2 0 0 0 2 0 2 0 -2 0 2 2 0 -2 0 0 0 0
2 2 0 0 0 -2 0 2 0 -2 0 2 2 0 -2 0 0 0 0
-2 -2 0 0 0 -2 0 2 0 -2 0 2 2 0 -2 0 0 0 0
2 2 0 0 0 2 0 -2 0 -2 0 2 2 0 -2 0 0 0 0
-2 -2 0 0 0 2 0 -2 0 -2 0 2 2 0 -2 0 0 0 0
-2 2 0 0 0 -2 0 -2 0 -2 0 2 2 0 -2 0 0 0 0
2 -2 0 0 0 -2 0 -2 0 -2 0 2 2 0 -2 0 0 0 0
-2 2 0 0 0 2 0 2 0 2 0 -2 2 0 -2 0 0 0 0
2 -2 0 0 0 2 0 2 0 2 0 -2 2 0 -2 0 0 0 0
2 2 0 0 0 -2 0 2 0 2 0 -2 2 0 -2 0 0 0 0
-2 -2 0 0 0 -2 0 2 0 2 0 -2 2 0 -2 0 0 0 0
2 2 0 0 0 2 0 -2 0 2 0 -2 2 0 -2 0 0 0 0
-2 -2 0 0 0 2 0 -2 0 2 0 -2 2 0 -2 0 0 0 0
-2 2 0 0 0 -2 0 -2 0 2 0 -2 2 0 -2 0 0 0 0
2 -2 0 0 0 -2 0 -2 0 2 0 -2 2 0 -2 0 0 0 0
2 2 0 0 0 2 0 2 0 -2 0 -2 2 0 -2 0 0 0 0
-2 -2 0 0 0 2 0 2 0 -2 0 -2 2 0 -2 0 0 0 0
-2 2 0 0 0 -2 0 2 0 -2 0 -2 2 0 -2 0 0 0 0
2 -2 0 0 0 -2 0 2 0 -2 0 -2 2 0 -2 0 0 0 0
-2 2 0 0 0 2 0 -2 0 -2 0 -2 2 0 -2 0 0 0 0
2 -2 0 0 0 2 0 -2 0 -2 0 -2 2 0 -2 0 0 0 0
2 2 0 0 0 -2 0 -2 0 -2 0 -2 2 0 -2 0 0 0 0
-2 -2 0 0 0 -2 0 -2 0 -2 0 -2 2 0 -2 0 0 0 0
-2 2 0 0 0 2 0 2 0 2 0 2 -2 0 -2 0 0 0 0
2 -2 0 0 0 2 0 2 0 2 0 2 -2 0 -2 0 0 0 0
2 2 0 0 0 -2 0 2 0 2 0 2 -2 0 -2 0 0 0 0
-2 -2 0 0 0 -2 0 2 0 2 0 2 -2 0 -2 0 0 0 0
2 2 0 0 0 2 0 -2 0 2 0 2 -2 0 -2 0 0 0 0
-2 -2 0 0 0 2 0 -2 0 2 0 2 -2 0 -2 0 0 0 0
-2 2 0 0 0 -2 0 -2 0 2 0 2 -2 0 -2 0 0 0 0
2 -2 0 0 0 -2 0 -2 0 2 0 2 -2 0 -2 0 0 0 0
2 2 0 0 0 2 0 2 0 -2 0 2 -2 0 -2 0 0 0 0
-2 -2 0 0 0 2 0 2 0 -2 0 2 -2 0 -2 0 0 0 0
-2 2 0 0 0 -2 0 2 0 -2 0 2 -2 0 -2 0 0 0 0
2 -2 0 0 0 -2 0 2 0 -2 0 2 -2 0 -2 0 0 0 0
-2 2 0 0 0 2 0 -2 0 -2 0 2 -2 0 -2 0 0 0 0
2 -2 0 0 0 2 0 -2 0 -2 0 2 -2 0 -2 0 0 0 0
2 2 0 0 0 -2 0 -2 0 -2 0 2 -2 0 -2 0 0 0 0
-2 -2 0 0 0 -2 0 -2 0 -2 0 2 -2 0 -2 0 0 0 0
2 2 0 0 0 2 0 2 0 2 0 -2 -2 0 -2 0 0 0 0
-2 -2 0 0 0 2 0 2 0 2 0 -2 -2 0 -2 0 0 0 0
-2 2 0 0 0 -2 0 2 0 2 0 -2 -2 0 -2 0 0 0 0
2 -2 0 0 0 -2 0 2 0 2 0 -2 -2 0 -2 0 0 0 0
-2 2 0 0 0 2 0 -2 0 2 0 -2 -2 0 -2 0 0 0 0
2 -2 0 0 0 2 0 -2 0 2 0 -2 -2 0 -2 0 0 0 0
2 2 0 0 0 -2 0 -2 0 2 0 -2 -2 0 -2 0 0 0 0
-2 -2 0 0 0 -2 0 -2 0 2 0 -2 -2 0 -2 0 0 0 0
-2 2 0 0 0 2 0 2 0 -2 0 -2 -2 0 -2 0 0 0 0
2 -2 0 0 0 2 0 2 0 -2 0 -2 -2 0 -2 0 0 0 0
2 2 0 0 0 -2 0 2 0 -2 0 -2 -2 0 -2 0 0 0 0
-2 -2 0 0 0 -2 0 2 0 -2 0 -2 -2 0 -2 0 0 0 0
2 2 0 0 0 2 0 -2 0 -2 0 -2 -2 0 -2 0 0 0 0
-2 -2 0 0 0 2 0 -2 0 -2 0 -2 -2 0 -2 0 0 0 0
-2 2 0 0 0 -2 0 -2 0 -2 0 -2 -2 0 -2 0 0 0 0
2 -2 0 0 0 -2 0 -2 0 -2 0 -2 -2 0 -2 0 0 0 0
0 2 0 0 0 0 0 0 2 0 2 2 2 0 2 0 0 -2 2
0 2 0 0 0 0 0 0 2 0 2 2 2 0 2 0 0 2 -2
0 -2 0 0 0 0 0 0 -2 0 2 2 2 0 2 0 0 -2 2
0 -2 0 0 0 0 0 0 -2 0 2 2 2 0 2 0 0 2 -2
0 -2 0 0 0 0 0 0 2 0 -2 2 2 0 2 0 0 -2 2
0 -2 0 0 0 0 0 0 2 0 -2 2 2 0 2 0 0 2 -2
0 2 0 0 0 0 0 0 -2 0 -2 2 2 0 2 0 0 -2 2
0 2 0 0 0 0 0 0 -2 0 -2 2 2 0 2 0 0 2 -2
0 -2 0 0 0 0 0 0 2 0 2 -2 2 0 2 0 0 -2 2
0 -2 0 0 0 0 0 0 2 0 2 -2 2 0 2 0 0 2 -2
0 2 0 0 0 0 0 0 -2 0 2 -2 2 0 2 0 0 -2 2
0 2 0 0 0 0 0 0 -2 0 2 -2 2 0 2 0 0 2 -2
0 2 0 0 0 0 0 0 2 0 -2 -2 2 0 2 0 0 -2 2
0 2 0 0 0 0 0 0 2 0 -2 -2 2 0 2 0 0 2 -2
0 -2 0 0 0 0 0 0 -2 0 -2 -2 2 0 2 0 0 -2 2
0 -2 0 0 0 0 0 0 -2 0 -2 -2 2 0 2 0 0 2 -2
0 -2 0 0 0 0 0 0 2 0 2 2 -2 0 2 0 0 -2 2
0 -2 0 0 0 0 0 0 2 0 2 2 -2 0 2 0 0 2 -2
0 2 0 0 0 0 0 0 -2 0 2 2 -2 0 2 0 0 -2 2
0 2 0 0 0 0 0 0 -2 0 2 2 -2 0 2 0 0 2 -2
0 2 0 0 0 0 0 0 2 0 -2 2 -2 0 2 0 0 -2 2
0 2 0 0 0 0 0 0 2 0 -2 2 -2 0 2 0 0 2 -2
0 -2 0 0 0 0 0 0 -2 0 -2 2 -2 0 2 0 0 -2 2
0 -2 0 0 0 0 0 0 -2 0 -2 2 -2 0 2 0 0 2 -2
0 2 0 0 0 0 0 0 2 0 2 -2 -2 0 2 0 0 -2 2
0 2 0 0 0 0 0 0 2 0 2 -2 -2 0 2 0 0 2 -2
0 -2 0 0 0 0 0 0 -2 0 2 -2 -2 0 2 0 0 -2 2
0 -2 0 0 0 0 0 0 -2 0 2 -2 -2 0 2 0 0 2 -2
0 -2 0 0 0 0 0 0 2 0 -2 -2 -2 0 2 0 0 -2 2
0 -2 0 0 0 0 0 0 2 0 -2 -2 -2 0 2 0 0 2 -2
0 2 0 0 0 0 0 0 -2 0 -2 -2 -2 0 2 0 0 -2 2
0 2 0 0 0 0 0 0 -2 0 -2 -2 -2 0 2 0 0 2 -2
0 -2 0 0 0 0 0 0 2 0 2 2 2 0 -2 0 0 -2 2
0 -2 0 0 0 0 0 0 2 0 2 2 2 0 -2 0 0 2 -2
0 2 0 0 0 0 0 0 -2 0 2 2 2 0 -2 0 0 -2 2
0 2 0 0 0 0 0 0 -2 0 2 2 2 0 -2 0 0 2 -2
0 2 0 0 0 0 0 0 2 0 -2 2 2 0 -2 0 0 -2 2
0 2 0 0 0 0 0 0 2 0 -2 2 2 0 -2 0 0 2 -2
0 -2 0 0 0 0 0 0 -2 0 -2 2 2 0 -2 0 0 -2 2
0 -2 0 0 0 0 0 0 -2 0 -2 2 2 0 -2 0 0 2 -2
0 2 0 0 0 0 0 0 2 0 2 -2 2 0 -2 0 0 -2 2
0 2 0 0 0 0 0 0 2 0 2 -2 2 0 -2 0 0 2 -2
0 -2 0 0 0 0 0 0 -2 0 2 -2 2 0 -2 0 0 -2 2
0 -2 0 0 0 0 0 0 -2 0 2 -2 2 0 -2 0 0 2 -2
0 -2 0 0 0 0 0 0 2 0 -2 -2 2 0 -2 0 0 -2 2
0 -2 0 0 0 0 0 0 2 0 -2 -2 2 0 -2 0 0 2 -2
0 2 0 0 0 0 0 0 -2 0 -2 -2 2 0 -2 0 0 -2 2
0 2 0 0 0 0 0 0 -2 0 -2 -2 2 0 -2 0 0 2 -2
0 2 0 0 0 0 0 0 2 0 2 2 -2 0 -2 0 0 -2 2
0 2 0 0 0 0 0 0 2 0 2 2 -2 0 -2 0 0 2 -2
0 -2 0 0 0 0 0 0 -2 0 2 2 -2 0 -2 0 0 -2 2
0 -2 0 0 0 0 0 0 -2 0 2 2 -2 0 -2 0 0 2 -2
0 -2 0 0 0 0 0 0 2 0 -2 2 -2 0 -2 0 0 -2 2
0 -2 0 0 0 0 0 0 2 0 -2 2 -2 0 -2 0 0 2 -2
0 2 0 0 0 0 0 0 -2 0 -2 2 -2 0 -2 0 0 -2 2
0 2 0 0 0 0 0 0 -2 0 -2 2 -2 0 -2 0 0 2 -2
0 -2 0 0 0 0 0 0 2 0 2 -2 -2 0 -2 0 0 -2 2
0 -2 0 0 0 0 0 0 2 0 2 -2 -2 0 -2 0 0 2 -2
0 2 0 0 0 0 0 0 -2 0 2 -2 -2 0 -2 0 0 -2 2
0 2 0 0 0 0 0 0 -2 0 2 -2 -2 0 -2 0 0 2 -2
0 2 0 0 0 0 0 0 2 0 -2 -2 -2 0 -2 0 0 -2 2
0 2 0 0 0 0 0 0 2 0 -2 -2 -2 0 -2 0 0 2 -2
0 -2 0 0 0 0 0 0 -2 0 -2 -2 -2 0 -2 0 0 -2 2
0 -2 0 0 0 0 0 0 -2 0 -2 -2 -2 0 -2 0 0 2 -2
0 2 2 0 0 2 0 2 0 0 0 0 0 2 2 0 0 -2 2
0 -2 -2 0 0 2 0 2 0 0 0 0 0 2 2 0 0 -2 2
0 2 2 0 0 2 0 2 0 0 0 0 0 2 2 0 0 2 -2
0 -2 -2 0 0 2 0 2 0 0 0 0 0 2 2 0 0 2 -2
0 -2 2 0 0 -2 0 2 0 0 0 0 0 2 2 0 0 -2 2
0 2 -2 0 0 -2 0 2 0 0 0 0 0 2 2 0 0 -2 2
0 -2 2 0 0 -2 0 2 0 0 0 0 0 2 2 0 0 2 -2
0 2 -2 0 0 -2 0 2 0 0 0 0 0 2 2 0 0 2 -2
0 -2 2 0 0 2 0 -2 0 0 0 0 0 2 2 0 0 -2 2
0 2 -2 0 0 2 0 -2 0 0 0 0 0 2 2 0 0 -2 2
0 -2 2 0 0 2 0 -2 0 0 0 0 0 2 2 0 0 2 -2
0 2 -2 0 0 2 0 -2 0 0 0 0 0 2 2 0 0 2 -2
0 2 2 0 0 -2 0 -2 0 0 0 0 0 2 2 0 0 -2 2
0 -2 -2 0 0 -2 0 -2 0 0 0 0 0 2 2 0 0 -2 2
0 2 2 0 0 -2 0 -2 0 0 0 0 0 2 2 0 0 2 -2
0 -2 -2 0 0 -2 0 -2 0 0 0 0 0 2 2 0 0 2 -2
0 -2 2 0 0 2 0 2 0 0 0 0 0 -2 2 0 0 -2 2
0 2 -2 0 0 2 0 2 0 0 0 0 0 -2 2 0 0 -2 2
0 -2 2 0 0 2 0 2 0 0 0 0 0 -2 2 0 0 2 -2
0 2 -2 0 0 2 0 2 0 0 0 0 0 -2 2 0 0 2 -2
0 2 2 0 0 -2 0 2 0 0 0 0 0 -2 2 0 0 -2 2
0 -2 -2 0 0 -2 0 2 0 0 0 0 0 -2 2 0 0 -2 2
0 2 2 0 0 -2 0 2 0 0 0 0 0 -2 2 0 0 2 -2
0 -2 -2 0 0 -2 0 2 0 0 0 0 0 -2 2 0 0 2 -2
0 2 2 0 0 2 0 -2 0 0 0 0 0 -2 2 0 0 -2 2
0 -2 -2 0 0 2 0 -2 0 0 0 0 0 -2 2 0 0 -2 2
0 2 2 0 0 2 0 -2 0 0 0 0 0 -2 2 0 0 2 -2
0 -2 -2 0 0 2 0 -2 0 0 0 0 0 -2 2 0 0 2 -2
0 -2 2 0 0 -2 0 -2 0 0 0 0 0 -2 2 0 0 -2 2
0 2 -2 0 0 -2 0 -2 0 0 0 0 0 -2 2 0 0 -2 2
0 -2 2 0 0 -2 0 -2 0 0 0 0 0 -2 2 0 0 2 -2
0 2 -2 0 0 -2 0 -2 0 0 0 0 0 -2 2 0 0 2 -2
0 -2 2 0 0 2 0 2 0 0 0 0 0 2 -2 0 0 -2 2
0 2 -2 0 0 2 0 2 0 0 0 0 0 2 -2 0 0 -2 2
0 -2 2 0 0 2 0 2 0 0 0 0 0 2 -2 0 0 2 -2
0 2 -2 0 0 2 0 2 0 0 0 0 0 2 -2 0 0 2 -2
0 2 2 0 0 -2 0 2 0 0 0 0 0 2 -2 0 0 -2 2
0 -2 -2 0 0 -2 0 2 0 0 0 0 0 2 -2 0 0 -2 2
0 2 2 0 0 -2 0 2 0 0 0 0 0 2 -2 0 0 2 -2
0 -2 -2 0 0 -2 0 2 0 0 0 0 0 2 -2 0 0 2 -2
0 2 2 0 0 2 0 -2 0 0 0 0 0 2 -2 0 0 -2 2
0 -2 -2 0 0 2 0 -2 0 0 0 0 0 2 -2 0 0 -2 2
0 2 2 0 0 2 0 -2 0 0 0 0 0 2 -2 0 0 2 -2
0 -2 -2 0 0 2 0 -2 0 0 0 0 0 2 -2 0 0 2 -2
0 -2 2 0 0 -2 0 -2 0 0 0 0 0 2 -2 0 0 -2 2
0 2 -2 0 0 -2 0 -2 0 0 0 0 0 2 -2 0 0 -2 2
0 -2 2 0 0 -2 0 -2 0 0 0 0 0 2 -2 0 0 2 -2
0 2 -2 0 0 -2 0 -2 0 0 0 0 0 2 -2 0 0 2 -2
0 2 2 0 0 2 0 2 0 0 0 0 0 -2 -2 0 0 -2 2
0 -2 -2 0 0 2 0 2 0 0 0 0 0 -2 -2 0 0 -2 2
0 2 2 0 0 2 0 2 0 0 0 0 0 -2 -2 0 0 2 -2
0 -2 -2 0 0 2 0 2 0 0 0 0 0 -2 -2 0 0 2 -2
0 -2 2 0 0 -2 0 2 0 0 0 0 0 -2 -2 0 0 -2 2
0 2 -2 0 0 -2 0 2 0 0 0 0 0 -2 -2 0 0 -2 2
0 -2 2 0 0 -2 0 2 0 0 0 0 0 -2 -2 0 0 2 -2
0 2 -2 0 0 -2 0 2 0 0 0 0 0 -2 -2 0 0 2 -2
0 -2 2 0 0 2 0 -2 0 0 0 0 0 -2 -2 0 0 -2 2
0 2 -2 0 0 2 0 -2 0 0 0 0 0 -2 -2 0 0 -2 2
0 -2 2 0 0 2 0 -2 0 0 0 0 0 -2 -2 0 0 2 -2
0 2 -2 0 0 2 0 -2 0 0 0 0 0 -2 -2 0 0 2 -2
0 2 2 0 0 -2 0 -2 0 0 0 0 0 -2 -2 0 0 -2 2
0 -2 -2 0 0 -2 0 -2 0 0 0 0 0 -2 -2 0 0 -2 2
0 2 2 0 0 -2 0 -2 0 0 0 0 0 -2 -2 0 0 2 -2
0 -2 -2 0 0 -2 0 -2 0 0 0 0 0 -2 -2 0 0 2 -2
2 0 0 2 0 2 0 0 0 2 0 0 0 2 2 0 -2 2 0
-2 0 0 -2 0 2 0 0 0 2 0 0 0 2 2 0 -2 2 0
2 0 0 2 0 2 0 0 0 2 0 0 0 2 2 0 2 -2 0
-2 0 0 -2 0 2 0 0 0 2 0 0 0 2 2 0 2 -2 0
-2 0 0 2 0 -2 0 0 0 2 0 0 0 2 2 0 -2 2 0
2 0 0 -2 0 -2 0 0 0 2 0 0 0 2 2 0 -2 2 0
-2 0 0 2 0 -2 0 0 0 2 0 0 0 2 2 0 2 -2 0
2 0 0 -2 0 -2 0 0 0 2 0 0 0 2 2 0 2 -2 0
-2 0 0 2 0 2 0 0 0 -2 0 0 0 2 2 0 -2 2 0
2 0 0 -2 0 2 0 0 0 -2 0 0 0 2 2 0 -2 2 0
-2 0 0 2 0 2 0 0 0 -2 0 0 0 2 2 0 2 -2 0
2 0 0 -2 0 2 0 0 0 -2 0 0 0 2 2 0 2 -2 0
2 0 0 2 0 -2 0 0 0 -2 0 0 0 2 2 0 -2 2 0
-2 0 0 -2 0 -2 0 0 0 -2 0 0 0 2 2 0 -2 2 0
2 0 0 2 0 -2 0 0 0 -2 0 0 0 2 2 0 2 -2 0
-2 0 0 -2 0 -2 0 0 0 -2 0 0 0 2 2 0 2 -2 0
-2 0 0 2 0 2 0 0 0 2 0 0 0 -2 2 0 -2 2 0
2 0 0 -2 0 2 0 0 0 2 0 0 0 -2 2 0 -2 2 0
-2 0 0 2 0 2 0 0 0 2 0 0 0 -2 2 0 2 -2 0
2 0 0 -2 0 2 0 0 0 2 0 0 0 -2 2 0 2 -2 0
2 0 0 2 0 -2 0 0 0 2 0 0 0 -2 2 0 -2 2 0
-2 0 0 -2 0 -2 0 0 0 2 0 0 0 -2 2 0 -2 2 0
2 0 0 2 0 -2 0 0 0 2 0 0 0 -2 2 0 2 -2 0
-2 0 0 -2 0 -2 0 0 0 2 0 0 0 -2 2 0 2 -2 0
2 0 0 2 0 2 0 0 0 -2 0 0 0 -2 2 0 -2 2 0
-2 0 0 -2 0 2 0 0 0 -2 0 0 0 -2 2 0 -2 2 0
2 0 0 2 0 2 0 0 0 -2 0 0 0 -2 2 0 2 -2 0
-2 0 0 -2 0 2 0 0 0 -2 0 0 0 -2 2 0 2 -2 0
-2 0 0 2 0 -2 0 0 0 -2 0 0 0 -2 2 0 -2 2 0
2 0 0 -2 0 -2 0 0 0 -2 0 0 0 -2 2 0 -2 2 0
-2 0 0 2 0 -2 0 0 0 -2 0 0 0 -2 2 0 2 -2 0
2 0 0 -2 0 -2 0 0 0 -2 0 0 0 -2 2 0 2 -2 0
-2 0 0 2 0 2 0 0 0 2 0 0 0 2 -2 0 -2 2 0
2 0 0 -2 0 2 0 0 0 2 0 0 0 2 -2 0 -2 2 0
-2 0 0 2 0 2 0 0 0 2 0 0 0 2 -2 0 2 -2 0
2 0 0 -2 0 2 0 0 0 2 0 0 0 2 -2 0 2 -2 0
2 0 0 2 0 -2 0 0 0 2 0 0 0 2 -2 0 -2 2 0
-2 0 0 -2 0 -2 0 0 0 2 0 0 0 2 -2 0 -2 2 0
2 0 0 2 0 -2 0 0 0 2 0 0 0 2 -2 0 2 -2 0
-2 0 0 -2 0 -2 0 0 0 2 0 0 0 2 -2 0 2 -2 0
2 0 0 2 0 2 0 0 0 -2 0 0 0 2 -2 0 -2 2 0
-2 0 0 -2 0 2 0 0 0 -2 0 0 0 2 -2 0 -2 2 0
2 0 0 2 0 2 0 0 0 -2 0 0 0 2 -2 0 2 -2 0
-2 0 0 -2 0 2 0 0 0 -2 0 0 0 2 -2 0 2 -2 0
-2 0 0 2 0 -2 0 0 0 -2 0 0 0 2 -2 0 -2 2 0
2 0 0 -2 0 -2 0 0 0 -2 0 0 0 2 -2 0 -2 2 0
-2 0 0 2 0 -2 0 0 0 -2 0 0 0 2 -2 0 2 -2 0
2 0 0 -2 0 -2 0 0 0 -2 0 0 0 2 -2 0 2 -2 0
2 0 0 2 0 2 0 0 0 2 0 0 0 -2 -2 0 -2 2 0
-2 0 0 -2 0 2 0 0 0 2 0 0 0 -2 -2 0 -2 2 0
2 0 0 2 0 2 0 0 0 2 0 0 0 -2 -2 0 2 -2 0
-2 0 0 -2 0 2 0 0 0 2 0 0 0 -2 -2 0 2 -2 0
-2 0 0 2 0 -2 0 0 0 2 0 0 0 -2 -2 0 -2 2 0
2 0 0 -2 0 -2 0 0 0 2 0 0 0 -2 -2 0 -2 2 0
-2 0 0 2 0 -2 0 0 0 2 0 0 0 -2 -2 0 2 -2 0
2 0 0 -2 0 -2 0 0 0 2 0 0 0 -2 -2 0 2 -2 0
-2 0 0 2 0 2 0 0 0 -2 0 0 0 -2 -2 0 -2 2 0
2 0 0 -2 0 2 0 0 0 -2 0 0 0 -2 -2 0 -2 2 0
-2 0 0 2 0 2 0 0 0 -2 0 0 0 -2 -2 0 2 -2 0
2 0 0 -2 0 2 0 0 0 -2 0 0 0 -2 -2 0 2 -2 0
2 0 0 2 0 -2 0 0 0 -2 0 0 0 -2 -2 0 -2 2 0
-2 0 0 -2 0 -2 0 0 0 -2 0 0 0 -2 -2 0 -2 2 0
2 0 0 2 0 -2 0 0 0 -2 0 0 0 -2 -2 0 2 -2 0
-2 0 0 -2 0 -2 0 0 0 -2 0 0 0 -2 -2 0 2 -2 0
0 0 0 2 0 0 0 2 2 0 2 0 0 2 2 0 -2 0 2
0 0 0 2 0 0 0 2 2 0 2 0 0 2 2 0 2 0 -2
0 0 0 -2 0 0 0 -2 2 0 2 0 0 2 2 0 -2 0 2
0 0 0 -2 0 0 0 -2 2 0 2 0 0 2 2 0 2 0 -2
0 0 0 -2 0 0 0 2 -2 0 2 0 0 2 2 0 -2 0 2
0 0 0 -2 0 0 0 2 -2 0 2 0 0 2 2 0 2 0 -2
0 0 0 2 0 0 0 -2 -2 0 2 0 0 2 2 0 -2 0 2
0 0 0 2 0 0 0 -2 -2 0 2 0 0 2 2 0 2 0 -2
0 0 0 -2 0 0 0 2 2 0 -2 0 0 2 2 0 -2 0 2
0 0 0 -2 0 0 0 2 2 0 -2 0 0 2 2 0 2 0 -2
0 0 0 2 0 0 0 -2 2 0 -2 0 0 2 2 0 -2 0 2
0 0 0 2 0 0 0 -2 2 0 -2 0 0 2 2 0 2 0 -2
0 0 0 2 0 0 0 2 -2 0 -2 0 0 2 2 0 -2 0 2
0 0 0 2 0 0 0 2 -2 0 -2 0 0 2 2 0 2 0 -2
0 0 0 -2 0 0 0 -2 -2 0 -2 0 0 2 2 0 -2 0 2
0 0 0 -2 0 0 0 -2 -2 0 -2 0 0 2 2 0 2 0 -2
0 0 0 -2 0 0 0 2 2 0 2 0 0 -2 2 0 -2 0 2
0 0 0 -2 0 0 0 2 2 0 2 0 0 -2 2 0 2 0 -2
0 0 0 2 0 0 0 -2 2 0 2 0 0 -2 2 0 -2 0 2
0 0 0 2 0 0 0 -2 2 0 2 0 0 -2 2 0 2 0 -2
0 0 0 2 0 0 0 2 -2 0 2 0 0 -2 2 0 -2 0 2
0 0 0 2 0 0 0 2 -2 0 2 0 0 -2 2 0 2 0 -2
0 0 0 -2 0 0 0 -2 -2 0 2 0 0 -2 2 0 -2 0 2
0 0 0 -2 0 0 0 -2 -2 0 2 0 0 -2 2 0 2 0 -2
0 0 0 2 0 0 0 2 2 0 -2 0 0 -2 2 0 -2 0 2
0 0 0 2 0 0 0 2 2 0 -2 0 0 -2 2 0 2 0 -2
0 0 0 -2 0 0 0 -2 2 0 -2 0 0 -2 2 0 -2 0 2
0 0 0 -2 0 0 0 -2 2 0 -2 0 0 -2 2 0 2 0 -2
0 0 0 -2 0 0 0 2 -2 0 -2 0 0 -2 2 0 -2 0 2
0 0 0 -2 0 0 0 2 -2 0 -2 0 0 -2 2 0 2 0 -2
0 0 0 2 0 0 0 -2 -2 0 -2 0 0 -2 2 0 -2 0 2
0 0 0 2 0 0 0 -2 -2 0 -2 0 0 -2 2 0 2 0 -2
0 0 0 -2 0 0 0 2 2 0 2 0 0 2 -2 0 -2 0 2
0 0 0 -2 0 0 0 2 2 0 2 0 0 2 -2 0 2 0 -2
0 0 0 2 0 0 0 -2 2 0 2 0 0 2 -2 0 -2 0 2
0 0 0 2 0 0 0 -2 2 0 2 0 0 2 -2 0 2 0 -2
0 0 0 2 0 0 0 2 -2 0 2 0 0 2 -2 0 -2 0 2
0 0 0 2 0 0 0 2 -2 0 2 0 0 2 -2 0 2 0 -2
0 0 0 -2 0 0 0 -2 -2 0 2 0 0 2 -2 0 -2 0 2
0 0 0 -2 0 0 0 -2 -2 0 2 0 0 2 -2 0 2 0 -2
0 0 0 2 0 0 0 2 2 0 -2 0 0 2 -2 0 -2 0 2
0 0 0 2 0 0 0 2 2 0 -2 0 0 2 -2 0 2 0 -2
0 0 0 -2 0 0 0 -2 2 0 -2 0 0 2 -2 0 -2 0 2
0 0 0 -2 0 0 0 -2 2 0 -2 0 0 2 -2 0 2 0 -2
0 0 0 -2 0 0 0 2 -2 0 -2 0 0 2 -2 0 -2 0 2
0 0 0 -2 0 0 0 2 -2 0 -2 0 0 2 -2 0 2 0 -2
0 0 0 2 0 0 0 -2 -2 0 -2 0 0 2 -2 0 -2 0 2
0 0 0 2 0 0 0 -2 -2 0 -2 0 0 2 -2 0 2 0 -2
0 0 0 2 0 0 0 2 2 0 2 0 0 -2 -2 0 -2 0 2
0 0 0 2 0 0 0 2 2 0 2 0 0 -2 -2 0 2 0 -2
0 0 0 -2 0 0 0 -2 2 0 2 0 0 -2 -2 0 -2 0 2
0 0 0 -2 0 0 0 -2 2 0 2 0 0 -2 -2 0 2 0 -2
0 0 0 -2 0 0 0 2 -2 0 2 0 0 -2 -2 0 -2 0 2
0 0 0 -2 0 0 0 2 -2 0 2 0 0 -2 -2 0 2 0 -2
0 0 0 2 0 0 0 -2 -2 0 2 0 0 -2 -2 0 -2 0 2
0 0 0 2 0 0 0 -2 -2 0 2 0 0 -2 -2 0 2 0 -2
0 0 0 -2 0 0 0 2 2 0 -2 0 0 -2 -2 0 -2 0 2
0 0 0 -2 0 0 0 2 2 0 -2 0 0 -2 -2 0 2 0 -2
0 0 0 2 0 0 0 -2 2 0 -2 0 0 -2 -2 0 -2 0 2
0 0 0 2 0 0 0 -2 2 0 -2 0 0 -2 -2 0 2 0 -2
0 0 0 2 0 0 0 2 -2 0 -2 0 0 -2 -2 0 -2 0 2
0 0 0 2 0 0 0 2 -2 0 -2 0 0 -2 -2 0 2 0 -2
0 0 0 -2 0 0 0 -2 -2 0 -2 0 0 -2 -2 0 -2 0 2
0 0 0 -2 0 0 0 -2 -2 0 -2 0 0 -2 -2 0 2 0 -2
0 0 0 0 2 0 2 0 0 2 2 0 0 2 2 0 0 -2 -2
0 0 0 0 2 0 2 0 0 2 2 0 0 2 2 0 0 2 2
0 0 0 0 -2 0 -2 0 0 2 2 0 0 2 2 0 0 -2 -2
0 0 0 0 -2 0 -2 0 0 2 2 0 0 2 2 0 0 2 2
0 0 0 0 -2 0 2 0 0 -2 2 0 0 2 2 0 0 -2 -2
0 0 0 0 -2 0 2 0 0 -2 2 0 0 2 2 0 0 2 2
0 0 0 0 2 0 -2 0 0 -2 2 0 0 2 2 0 0 -2 -2
0 0 0 0 2 0 -2 0 0 -2 2 0 0 2 2 0 0 2 2
0 0 0 0 -2 0 2 0 0 2 -2 0 0 2 2 0 0 -2 -2
0 0 0 0 -2 0 2 0 0 2 -2 0 0 2 2 0 0 2 2
0 0 0 0 2 0 -2 0 0 2 -2 0 0 2 2 0 0 -2 -2
0 0 0 0 2 0 -2 0 0 2 -2 0 0 2 2 0 0 2 2
0 0 0 0 2 0 2 0 0 -2 -2 0 0 2 2 0 0 -2 -2
0 0 0 0 2 0 2 0 0 -2 -2 0 0 2 2 0 0 2 2
0 0 0 0 -2 0 -2 0 0 -2 -2 0 0 2 2 0 0 -2 -2
0 0 0 0 -2 0 -2 0 0 -2 -2 0 0 2 2 0 0 2 2
0 0 0 0 -2 0 2 0 0 2 2 0 0 -2 2 0 0 -2 -2
0 0 0 0 -2 0 2 0 0 2 2 0 0 -2 2 0 0 2 2
0 0 0 0 2 0 -2 0 0 2 2 0 0 -2 2 0 0 -2 -2
0 0 0 0 2 0 -2 0 0 2 2 0 0 -2 2 0 0 2 2
0 0 0 0 2 0 2 0 0 -2 2 0 0 -2 2 0 0 -2 -2
0 0 0 0 2 0 2 0 0 -2 2 0 0 -2 2 0 0 2 2
0 0 0 0 -2 0 -2 0 0 -2 2 0 0 -2 2 0 0 -2 -2
0 0 0 0 -2 0 -2 0 0 -2 2 0 0 -2 2 0 0 2 2
0 0 0 0 2 0 2 0 0 2 -2 0 0 -2 2 0 0 -2 -2
0 0 0 0 2 0 2 0 0 2 -2 0 0 -2 2 0 0 2 2
0 0 0 0 -2 0 -2 0 0 2 -2 0 0 -2 2 0 0 -2 -2
0 0 0 0 -2 0 -2 0 0 2 -2 0 0 -2 2 0 0 2 2
0 0 0 0 -2 0 2 0 0 -2 -2 0 0 -2 2 0 0 -2 -2
0 0 0 0 -2 0 2 0 0 -2 -2 0 0 -2 2 0 0 2 2
0 0 0 0 2 0 -2 0 0 -2 -2 0 0 -2 2 0 0 -2 -2
0 0 0 0 2 0 -2 0 0 -2 -2 0 0 -2 2 0 0 2 2
0 0 0 0 -2 0 2 0 0 2 2 0 0 2 -2 0 0 -2 -2
0 0 0 0 -2 0 2 0 0 2 2 0 0 2 -2 0 0 2 2
0 0 0 0 2 0 -2 0 0 2 2 0 0 2 -2 0 0 -2 -2
0 0 0 0 2 0 -2 0 0 2 2 0 0 2 -2 0 0 2 2
0 0 0 0 2 0 2 0 0 -2 2 0 0 2 -2 0 0 -2 -2
0 0 0 0 2 0 2 0 0 -2 2 0 0 2 -2 0 0 2 2
0 0 0 0 -2 0 -2 0 0 -2 2 0 0 2 -2 0 0 -2 -2
0 0 0 0 -2 0 -2 0 0 -2 2 0 0 2 -2 0 0 2 2
0 0 0 0 2 0 2 0 0 2 -2 0 0 2 -2 0 0 -2 -2
0 0 0 0 2 0 2 0 0 2 -2 0 0 2 -2 0 0 2 2
0 0 0 0 -2 0 -2 0 0 2 -2 0 0 2 -2 0 0 -2 -2
0 0 0 0 -2 0 -2 0 0 2 -2 0 0 2 -2 0 0 2 2
0 0 0 0 -2 0 2 0 0 -2 -2 0 0 2 -2 0 0 -2 -2
0 0 0 0 -2 0 2 0 0 -2 -2 0 0 2 -2 0 0 2 2
0 0 0 0 2 0 -2 0 0 -2 -2 0 0 2 -2 0 0 -2 -2
0 0 0 0 2 0 -2 0 0 -2 -2 0 0 2 -2 0 0 2 2
0 0 0 0 2 0 2 0 0 2 2 0 0 -2 -2 0 0 -2 -2
0 0 0 0 2 0 2 0 0 2 2 0 0 -2 -2 0 0 2 2
0 0 0 0 -2 0 -2 0 0 2 2 0 0 -2 -2 0 0 -2 -2
0 0 0 0 -2 0 -2 0 0 2 2 0 0 -2 -2 0 0 2 2
0 0 0 0 -2 0 2 0 0 -2 2 0 0 -2 -2 0 0 -2 -2
0 0 0 0 -2 0 2 0 0 -2 2 0 0 -2 -2 0 0 2 2
0 0 0 0 2 0 -2 0 0 -2 2 0 0 -2 -2 0 0 -2 -2
0 0 0 0 2 0 -2 0 0 -2 2 0 0 -2 -2 0 0 2 2
0 0 0 0 -2 0 2 0 0 2 -2 0 0 -2 -2 0 0 -2 -2
0 0 0 0 -2 0 2 0 0 2 -2 0 0 -2 -2 0 0 2 2
0 0 0 0 2 0 -2 0 0 2 -2 0 0 -2 -2 0 0 -2 -2
0 0 0 0 2 0 -2 0 0 2 -2 0 0 -2 -2 0 0 2 2
0 0 0 0 2 0 2 0 0 -2 -2 0 0 -2 -2 0 0 -2 -2
0 0 0 0 2 0 2 0 0 -2 -2 0 0 -2 -2 0 0 2 2
0 0 0 0 -2 0 -2 0 0 -2 -2 0 0 -2 -2 0 0 -2 -2
0 0 0 0 -2 0 -2 0 0 -2 -2 0 0 -2 -2 0 0 2 2
-2 2 2 0 0 0 0 0 2 2 2 0 0 2 2 0 0 0 0
2 -2 2 0 0 0 0 0 2 2 2 0 0 2 2 0 0 0 0
2 2 -2 0 0 0 0 0 2 2 2 0 0 2 2 0 0 0 0
-2 -2 -2 0 0 0 0 0 2 2 2 0 0 2 2 0 0 0 0
2 2 2 0 0 0 0 0 -2 2 2 0 0 2 2 0 0 0 0
-2 -2 2 0 0 0 0 0 -2 2 2 0 0 2 2 0 0 0 0
-2 2 -2 0 0 0 0 0 -2 2 2 0 0 2 2 0 0 0 0
2 -2 -2 0 0 0 0 0 -2 2 2 0 0 2 2 0 0 0 0
2 2 2 0 0 0 0 0 2 -2 2 0 0 2 2 0 0 0 0
-2 -2 2 0 0 0 0 0 2 -2 2 0 0 2 2 0 0 0 0
-2 2 -2 0 0 0 0 0 2 -2 2 0 0 2 2 0 0 0 0
2 -2 -2 0 0 0 0 0 2 -2 2 0 0 2 2 0 0 0 0
-2 2 2 0 0 0 0 0 -2 -2 2 0 0 2 2 0 0 0 0
2 -2 2 0 0 0 0 0 -2 -2 2 0 0 2 2 0 0 0 0
2 2 -2 0 0 0 0 0 -2 -2 2 0 0 2 2 0 0 0 0
-2 -2 -2 0 0 0 0 0 -2 -2 2 0 0 2 2 0 0 0 0
2 2 2 0 0 0 0 0 2 2 -2 0 0 2 2 0 0 0 0
-2 -2 2 0 0 0 0 0 2 2 -2 0 0 2 2 0 0 0 0
-2 2 -2 0 0 0 0 0 2 2 -2 0 0 2 2 0 0 0 0
2 -2 -2 0 0 0 0 0 2 2 -2 0 0 2 2 0 0 0 0
-2 2 2 0 0 0 0 0 -2 2 -2 0 0 2 2 0 0 0 0
2 -2 2 0 0 0 0 0 -2 2 -2 0 0 2 2 0 0 0 0
2 2 -2 0 0 0 0 0 -2 2 -2 0 0 2 2 0 0 0 0
-2 -2 -2 0 0 0 0 0 -2 2 -2 0 0 2 2 0 0 0 0
-2 2 2 0 0 0 0 0 2 -2 -2 0 0 2 2 0 0 0 0
2 -2 2 0 0 0 0 0 2 -2 -2 0 0 2 2 0 0 0 0
2 2 -2 0 0 0 0 0 2 -2 -2 0 0 2 2 0 0 0 0
-2 -2 -2 0 0 0 0 0 2 -2 -2 0 0 2 2 0 0 0 0
2 2 2 0 0 0 0 0 -2 -2 -2 0 0 2 2 0 0 0 0
-2 -2 2 0 0 0 0 0 -2 -2 -2 0 0 2 2 0 0 0 0
-2 2 -2 0 0 0 0 0 -2 -2 -2 0 0 2 2 0 0 0 0
2 -2 -2 0 0 0 0 0 -2 -2 -2 0 0 2 2 0 0 0 0
2 2 2 0 0 0 0 0 2 2 2 0 0 -2 2 0 0 0 0
-2 -2 2 0 0 0 0 0 2 2 2 0 0 -2 2 0 0 0 0
-2 2 -2 0 0 0 0 0 2 2 2 0 0 -2 2 0 0 0 0
2 -2 -2 0 0 0 0 0 2 2 2 0 0 -2 2 0 0 0 0
-2 2 2 0 0 0 0 0 -2 2 2 0 0 -2 2 0 0 0 0
2 -2 2 0 0 0 0 0 -2 2 2 0 0 -2 2 0 0 0 0
2 2 -2 0 0 0 0 0 -2 2 2 0 0 -2 2 0 0 0 0
-2 -2 -2 0 0 0 0 0 -2 2 2 0 0 -2 2 0 0 0 0
-2 2 2 0 0 0 0 0 2 -2 2 0 0 -2 2 0 0 0 0
2 -2 2 0 0 0 0 0 2 -2 2 0 0 -2 2 0 0 0 0
2 2 -2 0 0 0 0 0 2 -2 2 0 0 -2 2 0 0 0 0
-2 -2 -2 0 0 0 0 0 2 -2 2 0 0 -2 2 0 0 0 0
2 2 2 0 0 0 0 0 -2 -2 2 0 0 -2 2 0 0 0 0
-2 -2 2 0 0 0 0 0 -2 -2 2 0 0 -2 2 0 0 0 0
-2 2 -2 0 0 0 0 0 -2 -2 2 0 0 -2 2 0 0 0 0
2 -2 -2 0 0 0 0 0 -2 -2 2 0 0 -2 2 0 0 0 0
-2 2 2 0 0 0 0 0 2 2 -2 0 0 -2 2 0 0 0 0
2 -2 2 0 0 0 0 0 2 2 -2 0 0 -2 2 0 0 0 0
2 2 -2 0 0 0 0 0 2 2 -2 0 0 -2 2 0 0 0 0
-2 -2 -2 0 0 0 0 0 2 2 -2 0 0 -2 2 0 0 0 0
2 2 2 0 0 0 0 0 -2 2 -2 0 0 -2 2 0 0 0 0
-2 -2 2 0 0 0 0 0 -2 2 -2 0 0 -2 2 0 0 0 0
-2 2 -2 0 0 0 0 0 -2 2 -2 0 0 -2 2 0 0 0 0
2 -2 -2 0 0 0 0 0 -2 2 -2 0 0 -2 2 0 0 0 0
2 2 2 0 0 0 0 0 2 -2 -2 0 0 -2 2 0 0 0 0
-2 -2 2 0 0 0 0 0 2 -2 -2 0 0 -2 2 0 0 0 0
-2 2 -2 0 0 0 0 0 2 -2 -2 0 0 -2 2 0 0 0 0
2 -2 -2 0 0 0 0 0 2 -2 -2 0 0 -2 2 0 0 0 0
-2 2 2 0 0 0 0 0 -2 -2 -2 0 0 -2 2 0 0 0 0
2 -2 2 0 0 0 0 0 -2 -2 -2 0 0 -2 2 0 0 0 0
2 2 -2 0 0 0 0 0 -2 -2 -2 0 0 -2 2 0 0 0 0
-2 -2 -2 0 0 0 0 0 -2 -2 -2 0 0 -2 2 0 0 0 0
2 2 2 0 0 0 0 0 2 2 2 0 0 2 -2 0 0 0 0
-2 -2 2 0 0 0 0 0 2 2 2 0 0 2 -2 0 0 0 0
-2 2 -2 0 0 0 0 0 2 2 2 0 0 2 -2 0 0 0 0
2 -2 -2 0 0 0 0 0 2 2 2 0 0 2 -2 0 0 0 0
-2 2 2 0 0 0 0 0 -2 2 2 0 0 2 -2 0 0 0 0
2 -2 2 0 0 0 0 0 -2 2 2 0 0 2 -2 0 0 0 0
2 2 -2 0 0 0 0 0 -2 2 2 0 0 2 -2 0 0 0 0
-2 -2 -2 0 0 0 0 0 -2 2 2 0 0 2 -2 0 0 0 0
-2 2 2 0 0 0 0 0 2 -2 2 0 0 2 -2 0 0 0 0
2 -2 2 0 0 0 0 0 2 -2 2 0 0 2 -2 0 0 0 0
2 2 -2 0 0 0 0 0 2 -2 2 0 0 2 -2 0 0 0 0
-2 -2 -2 0 0 0 0 0 2 -2 2 0 0 2 -2 0 0 0 0
2 2 2 0 0 0 0 0 -2 -2 2 0 0 2 -2 0 0 0 0
-2 -2 2 0 0 0 0 0 -2 -2 2 0 0 2 -2 0 0 0 0
-2 2 -2 0 0 0 0 0 -2 -2 2 0 0 2 -2 0 0 0 0
2 -2 -2 0 0 0 0 0 -2 -2 2 0 0 2 -2 0 0 0 0
-2 2 2 0 0 0 0 0 2 2 -2 0 0 2 -2 0 0 0 0
2 -2 2 0 0 0 0 0 2 2 -2 0 0 2 -2 0 0 0 0
2 2 -2 0 0 0 0 0 2 2 -2 0 0 2 -2 0 0 0 0
-2 -2 -2 0 0 0 0 0 2 2 -2 0 0 2 -2 0 0 0 0
2 2 2 0 0 0 0 0 -2 2 -2 0 0 2 -2 0 0 0 0
-2 -2 2 0 0 0 0 0 -2 2 -2 0 0 2 -2 0 0 0 0
-2 2 -2 0 0 0 0 0 -2 2 -2 0 0 2 -2 0 0 0 0
2 -2 -2 0 0 0 0 0 -2 2 -2 0 0 2 -2 0 0 0 0
2 2 2 0 0 0 0 0 2 -2 -2 0 0 2 -2 0 0 0 0
-2 -2 2 0 0 0 0 0 2 -2 -2 0 0 2 -2 0 0 0 0
-2 2 -2 0 0 0 0 0 2 -2 -2 0 0 2 -2 0 0 0 0
2 -2 -2 0 0 0 0 0 2 -2 -2 0 0 2 -2 0 0 0 0
-2 2 2 0 0 0 0 0 -2 -2 -2 0 0 2 -2 0 0 0 0
2 -2 2 0 0 0 0 0 -2 -2 -2 0 0 2 -2 0 0 0 0
2 2 -2 0 0 0 0 0 -2 -2 -2 0 0 2 -2 0 0 0 0
-2 -2 -2 0 0 0 0 0 -2 -2 -2 0 0 2 -2 0 0 0 0
-2 2 2 0 0 0 0 0 2 2 2 0 0 -2 -2 0 0 0 0
2 -2 2 0 0 0 0 0 2 2 2 0 0 -2 -2 0 0 0 0
2 2 -2 0 0 0 0 0 2 2 2 0 0 -2 -2 0 0 0 0
-2 -2 -2 0 0 0 0 0 2 2 2 0 0 -2 -2 0 0 0 0
2 2 2 0 0 0 0 0 -2 2 2 0 0 -2 -2 0 0 0 0
-2 -2 2 0 0 0 0 0 -2 2 2 0 0 -2 -2 0 0 0 0
-2 2 -2 0 0 0 0 0 -2 2 2 0 0 -2 -2 0 0 0 0
2 -2 -2 0 0 0 0 0 -2 2 2 0 0 -2 -2 0 0 0 0
2 2 2 0 0 0 0 0 2 -2 2 0 0 -2 -2 0 0 0 0
-2 -2 2 0 0 0 0 0 2 -2 2 0 0 -2 -2 0 0 0 0
-2 2 -2 0 0 0 0 0 2 -2 2 0 0 -2 -2 0 0 0 0
2 -2 -2 0 0 0 0 0 2 -2 2 0 0 -2 -2 0 0 0 0
-2 2 2 0 0 0 0 0 -2 -2 2 0 0 -2 -2 0 0 0 0
2 -2 2 0 0 0 0 0 -2 -2 2 0 0 -2 -2 0 0 0 0
2 2 -2 0 0 0 0 0 -2 -2 2 0 0 -2 -2 0 0 0 0
-2 -2 -2 0 0 0 0 0 -2 -2 2 0 0 -2 -2 0 0 0 0
2 2 2 0 0 0 0 0 2 2 -2 0 0 -2 -2 0 0 0 0
-2 -2 2 0 0 0 0 0 2 2 -2 0 0 -2 -2 0 0 0 0
-2 2 -2 0 0 0 0 0 2 2 -2 0 0 -2 -2 0 0 0 0
2 -2 -2 0 0 0 0 0 2 2 -2 0 0 -2 -2 0 0 0 0
-2 2 2 0 0 0 0 0 -2 2 -2 0 0 -2 -2 0 0 0 0
2 -2 2 0 0 0 0 0 -2 2 -2 0 0 -2 -2 0 0 0 0
2 2 -2 0 0 0 0 0 -2 2 -2 0 0 -2 -2 0 0 0 0
-2 -2 -2 0 0 0 0 0 -2 2 -2 0 0 -2 -2 0 0 0 0
-2 2 2 0 0 0 0 0 2 -2 -2 0 0 -2 -2 0 0 0 0
2 -2 2 0 0 0 0 0 2 -2 -2 0 0 -2 -2 0 0 0 0
2 2 -2 0 0 0 0 0 2 -2 -2 0 0 -2 -2 0 0 0 0
-2 -2 -2 0 0 0 0 0 2 -2 -2 0 0 -2 -2 0 0 0 0
2 2 2 0 0 0 0 0 -2 -2 -2 0 0 -2 -2 0 0 0 0
-2 -2 2 0 0 0 0 0 -2 -2 -2 0 0 -2 -2 0 0 0 0
-2 2 -2 0 0 0 0 0 -2 -2 -2 0 0 -2 -2 0 0 0 0
2 -2 -2 0 0 0 0 0 -2 -2 -2 0 0 -2 -2 0 0 0 0
-2 0 2 0 2 2 2 0 0 0 0 2 0 2 2 0 0 0 0
2 0 -2 0 2 2 2 0 0 0 0 2 0 2 2 0 0 0 0
2 0 2 0 -2 2 2 0 0 0 0 2 0 2 2 0 0 0 0
-2 0 -2 0 -2 2 2 0 0 0 0 2 0 2 2 0 0 0 0
2 0 2 0 2 -2 2 0 0 0 0 2 0 2 2 0 0 0 0
-2 0 -2 0 2 -2 2 0 0 0 0 2 0 2 2 0 0 0 0
-2 0 2 0 -2 -2 2 0 0 0 0 2 0 2 2 0 0 0 0
2 0 -2 0 -2 -2 2 0 0 0 0 2 0 2 2 0 0 0 0
2 0 2 0 2 2 -2 0 0 0 0 2 0 2 2 0 0 0 0
-2 0 -2 0 2 2 -2 0 0 0 0 2 0 2 2 0 0 0 0
-2 0 2 0 -2 2 -2 0 0 0 0 2 0 2 2 0 0 0 0
2 0 -2 0 -2 2 -2 0 0 0 0 2 0 2 2 0 0 0 0
-2 0 2 0 2 -2 -2 0 0 0 0 2 0 2 2 0 0 0 0
2 0 -2 0 2 -2 -2 0 0 0 0 2 0 2 2 0 0 0 0
2 0 2 0 -2 -2 -2 0 0 0 0 2 0 2 2 0 0 0 0
-2 0 -2 0 -2 -2 -2 0 0 0 0 2 0 2 2 0 0 0 0
2 0 2 0 2 2 2 0 0 0 0 -2 0 2 2 0 0 0 0
-2 0 -2 0 2 2 2 0 0 0 0 -2 0 2 2 0 0 0 0
-2 0 2 0 -2 2 2 0 0 0 0 -2 0 2 2 0 0 0 0
2 0 -2 0 -2 2 2 0 0 0 0 -2 0 2 2 0 0 0 0
-2 0 2 0 2 -2 2 0 0 0 0 -2 0 2 2 0 0 0 0
2 0 -2 0 2 -2 2 0 0 0 0 -2 0 2 2 0 0 0 0
2 0 2 0 -2 -2 2 0 0 0 0 -2 0 2 2 0 0 0 0
-2 0 -2 0 -2 -2 2 0 0 0 0 -2 0 2 2 0 0 0 0
-2 0 2 0 2 2 -2 0 0 0 0 -2 0 2 2 0 0 0 0
2 0 -2 0 2 2 -2 0 0 0 0 -2 0 2 2 0 0 0 0
2 0 2 0 -2 2 -2 0 0 0 0 -2 0 2 2 0 0 0 0
-2 0 -2 0 -2 2 -2 0 0 0 0 -2 0 2 2 0 0 0 0
2 0 2 0 2 -2 -2 0 0 0 0 -2 0 2 2 0 0 0 0
-2 0 -2 0 2 -2 -2 0 0 0 0 -2 0 2 2 0 0 0 0
-2 0 2 0 -2 -2 -2 0 0 0 0 -2 0 2 2 0 0 0 0
2 0 -2 0 -2 -2 -2 0 0 0 0 -2 0 2 2 0 0 0 0
2 0 2 0 2 2 2 0 0 0 0 2 0 -2 2 0 0 0 0
-2 0 -2 0 2 2 2 0 0 0 0 2 0 -2 2 0 0 0 0
-2 0 2 0 -2 2 2 0 0 0 0 2 0 -2 2 0 0 0 0
2 0 -2 0 -2 2 2 0 0 0 0 2 0 -2 2 0 0 0 0
-2 0 2 0 2 -2 2 0 0 0 0 2 0 -2 2 0 0 0 0
2 0 -2 0 2 -2 2 0 0 0 0 2 0 -2 2 0 0 0 0
2 0 2 0 -2 -2 2 0 0 0 0 2 0 -2 2 0 0 0 0
-2 0 -2 0 -2 -2 2 0 0 0 0 2 0 -2 2 0 0 0 0
-2 0 2 0 2 2 -2 0 0 0 0 2 0 -2 2 0 0 0 0
2 0 -2 0 2 2 -2 0 0 0 0 2 0 -2 2 0 0 0 0
2 0 2 0 -2 2 -2 0 0 0 0 2 0 -2 2 0 0 0 0
-2 0 -2 0 -2 2 -2 0 0 0 0 2 0 -2 2 0 0 0 0
2 0 2 0 2 -2 -2 0 0 0 0 2 0 -2 2 0 0 0 0
-2 0 -2 0 2 -2 -2 0 0 0 0 2 0 -2 2 0 0 0 0
-2 0 2 0 -2 -2 -2 0 0 0 0 2 0 -2 2 0 0 0 0
2 0 -2 0 -2 -2 -2 0 0 0 0 2 0 -2 2 0 0 0 0
-2 0 2 0 2 2 2 0 0 0 0 -2 0 -2 2 0 0 0 0
2 0 -2 0 2 2 2 0 0 0 0 -2 0 -2 2 0 0 0 0
2 0 2 0 -2 2 2 0 0 0 0 -2 0 -2 2 0 0 0 0
-2 0 -2 0 -2 2 2 0 0 0 0 -2 0 -2 2 0 0 0 0
2 0 2 0 2 -2 2 0 0 0 0 -2 0 -2 2 0 0 0 0
-2 0 -2 0 2 -2 2 0 0 0 0 -2 0 -2 2 0 0 0 0
-2 0 2 0 -2 -2 2 0 0 0 0 -2 0 -2 2 0 0 0 0
2 0 -2 0 -2 -2 2 0 0 0 0 -2 0 -2 2 0 0 0 0
2 0 2 0 2 2 -2 0 0 0 0 -2 0 -2 2 0 0 0 0
-2 0 -2 0 2 2 -2 0 0 0 0 -2 0 -2 2 0 0 0 0
-2 0 2 0 -2 2 -2 0 0 0 0 -2 0 -2 2 0 0 0 0
2 0 -2 0 -2 2 -2 0 0 0 0 -2 0 -2 2 0 0 0 0
-2 0 2 0 2 -2 -2 0 0 0 0 -2 0 -2 2 0 0 0 0
2 0 -2 0 2 -2 -2 0 0 0 0 -2 0 -2 2 0 0 0 0
2 0 2 0 -2 -2 -2 0 0 0 0 -2 0 -2 2 0 0 0 0
-2 0 -2 0 -2 -2 -2 0 0 0 0 -2 0 -2 2 0 0 0 0
2 0 2 0 2 2 2 0 0 0 0 2 0 2 -2 0 0 0 0
-2 0 -2 0 2 2 2 0 0 0 0 2 0 2 -2 0 0 0 0
-2 0 2 0 -2 2 2 0 0 0 0 2 0 2 -2 0 0 0 0
2 0 -2 0 -2 2 2 0 0 0 0 2 0 2 -2 0 0 0 0
-2 0 2 0 2 -2 2 0 0 0 0 2 0 2 -2 0 0 0 0
2 0 -2 0 2 -2 2 0 0 0 0 2 0 2 -2 0 0 0 0
2 0 2 0 -2 -2 2 0 0 0 0 2 0 2 -2 0 0 0 0
-2 0 -2 0 -2 -2 2 0 0 0 0 2 0 2 -2 0 0 0 0
-2 0 2 0 2 2 -2 0 0 0 0 2 0 2 -2 0 0 0 0
2 0 -2 0 2 2 -2 0 0 0 0 2 0 2 -2 0 0 0 0
2 0 2 0 -2 2 -2 0 0 0 0 2 0 2 -2 0 0 0 0
-2 0 -2 0 -2 2 -2 0 0 0 0 2 0 2 -2 0 0 0 0
2 0 2 0 2 -2 -2 0 0 0 0 2 0 2 -2 0 0 0 0
-2 0 -2 0 2 -2 -2 0 0 0 0 2 0 2 -2 0 0 0 0
-2 0 2 0 -2 -2 -2 0 0 0 0 2 0 2 -2 0 0 0 0
2 0 -2 0 -2 -2 -2 0 0 0 0 2 0 2 -2 0 0 0 0
-2 0 2 0 2 2 2 0 0 0 0 -2 0 2 -2 0 0 0 0
2 0 -2 0 2 2 2 0 0 0 0 -2 0 2 -2 0 0 0 0
2 0 2 0 -2 2 2 0 0 0 0 -2 0 2 -2 0 0 0 0
-2 0 -2 0 -2 2 2 0 0 0 0 -2 0 2 -2 0 0 0 0
2 0 2 0 2 -2 2 0 0 0 0 -2 0 2 -2 0 0 0 0
-2 0 -2 0 2 -2 2 0 0 0 0 -2 0 2 -2 0 0 0 0
-2 0 2 0 -2 -2 2 0 0 0 0 -2 0 2 -2 0 0 0 0
2 0 -2 0 -2 -2 2 0 0 0 0 -2 0 2 -2 0 0 0 0
2 0 2 0 2 2 -2 0 0 0 0 -2 0 2 -2 0 0 0 0
-2 0 -2 0 2 2 -2 0 0 0 0 -2 0 2 -2 0 0 0 0
-2 0 2 0 -2 2 -2 0 0 0 0 -2 0 2 -2 0 0 0 0
2 0 -2 0 -2 2 -2 0 0 0 0 -2 0 2 -2 0 0 0 0
-2 0 2 0 2 -2 -2 0 0 0 0 -2 0 2 -2 0 0 0 0
2 0 -2 0 2 -2 -2 0 0 0 0 -2 0 2 -2 0 0 0 0
2 0 2 0 -2 -2 -2 0 0 0 0 -2 0 2 -2 0 0 0 0
-2 0 -2 0 -2 -2 -2 0 0 0 0 -2 0 2 -2 0 0 0 0
-2 0 2 0 2 2 2 0 0 0 0 2 0 -2 -2 0 0 0 0
2 0 -2 0 2 2 2 0 0 0 0 2 0 -2 -2 0 0 0 0
2 0 2 0 -2 2 2 0 0 0 0 2 0 -2 -2 0 0 0 0
-2 0 -2 0 -2 2 2 0 0 0 0 2 0 -2 -2 0 0 0 0
2 0 2 0 2 -2 2 0 0 0 0 2 0 -2 -2 0 0 0 0
-2 0 -2 0 2 -2 2 0 0 0 0 2 0 -2 -2 0 0 0 0
-2 0 2 0 -2 -2 2 0 0 0 0 2 0 -2 -2 0 0 0 0
2 0 -2 0 -2 -2 2 0 0 0 0 2 0 -2 -2 0 0 0 0
2 0 2 0 2 2 -2 0 0 0 0 2 0 -2 -2 0 0 0 0
-2 0 -2 0 2 2 -2 0 0 0 0 2 0 -2 -2 0 0 0 0
-2 0 2 0 -2 2 -2 0 0 0 0 2 0 -2 -2 0 0 0 0
2 0 -2 0 -2 2 -2 0 0 0 0 2 0 -2 -2 0 0 0 0
-2 0 2 0 2 -2 -2 0 0 0 0 2 0 -2 -2 0 0 0 0
2 0 -2 0 2 -2 -2 0 0 0 0 2 0 -2 -2 0 0 0 0
2 0 2 0 -2 -2 -2 0 0 0 0 2 0 -2 -2 0 0 0 0
-2 0 -2 0 -2 -2 -2 0 0 0 0 2 0 -2 -2 0 0 0 0
2 0 2 0 2 2 2 0 0 0 0 -2 0 -2 -2 0 0 0 0
-2 0 -2 0 2 2 2 0 0 0 0 -2 0 -2 -2 0 0 0 0
-2 0 2 0 -2 2 2 0 0 0 0 -2 0 -2 -2 0 0 0 0
2 0 -2 0 -2 2 2 0 0 0 0 -2 0 -2 -2 0 0 0 0
-2 0 2 0 2 -2 2 0 0 0 0 -2 0 -2 -2 0 0 0 0
2 0 -2 0 2 -2 2 0 0 0 0 -2 0 -2 -2 0 0 0 0
2 0 2 0 -2 -2 2 0 0 0 0 -2 0 -2 -2 0 0 0 0
-2 0 -2 0 -2 -2 2 0 0 0 0 -2 0 -2 -2 0 0 0 0
-2 0 2 0 2 2 -2 0 0 0 0 -2 0 -2 -2 0 0 0 0
2 0 -2 0 2 2 -2 0 0 0 0 -2 0 -2 -2 0 0 0 0
2 0 2 0 -2 2 -2 0 0 0 0 -2 0 -2 -2 0 0 0 0
-2 0 -2 0 -2 2 -2 0 0 0 0 -2 0 -2 -2 0 0 0 0
2 0 2 0 2 -2 -2 0 0 0 0 -2 0 -2 -2 0 0 0 0
-2 0 -2 0 2 -2 -2 0 0 0 0 -2 0 -2 -2 0 0 0 0
-2 0 2 0 -2 -2 -2 0 0 0 0 -2 0 -2 -2 0 0 0 0
2 0 -2 0 -2 -2 -2 0 0 0 0 -2 0 -2 -2 0 0 0 0
0 2 0 0 0 2 0 0 2 0 0 2 0 2 2 0 0 -2 -2
0 2 0 0 0 2 0 0 2 0 0 2 0 2 2 0 0 2 2
0 -2 0 0 0 -2 0 0 2 0 0 2 0 2 2 0 0 -2 -2
0 -2 0 0 0 -2 0 0 2 0 0 2 0 2 2 0 0 2 2
0 -2 0 0 0 2 0 0 -2 0 0 2 0 2 2 0 0 -2 -2
0 -2 0 0 0 2 0 0 -2 0 0 2 0 2 2 0 0 2 2
0 2 0 0 0 -2 0 0 -2 0 0 2 0 2 2 0 0 -2 -2
0 2 0 0 0 -2 0 0 -2 0 0 2 0 2 2 0 0 2 2
0 -2 0 0 0 2 0 0 2 0 0 -2 0 2 2 0 0 -2 -2
0 -2 0 0 0 2 0 0 2 0 0 -2 0 2 2 0 0 2 2
0 2 0 0 0 -2 0 0 2 0 0 -2 0 2 2 0 0 -2 -2
0 2 0 0 0 -2 0 0 2 0 0 -2 0 2 2 0 0 2 2
0 2 0 0 0 2 0 0 -2 0 0 -2 0 2 2 0 0 -2 -2
0 2 0 0 0 2 0 0 -2 0 0 -2 0 2 2 0 0 2 2
0 -2 0 0 0 -2 0 0 -2 0 0 -2 0 2 2 0 0 -2 -2
0 -2 0 0 0 -2 0 0 -2 0 0 -2 0 2 2 0 0 2 2
0 -2 0 0 0 2 0 0 2 0 0 2 0 -2 2 0 0 -2 -2
0 -2 0 0 0 2 0 0 2 0 0 2 0 -2 2 0 0 2 2
0 2 0 0 0 -2 0 0 2 0 0 2 0 -2 2 0 0 -2 -2
0 2 0 0 0 -2 0 0 2 0 0 2 0 -2 2 0 0 2 2
0 2 0 0 0 2 0 0 -2 0 0 2 0 -2 2 0 0 -2 -2
0 2 0 0 0 2 0 0 -2 0 0 2 0 -2 2 0 0 2 2
0 -2 0 0 0 -2 0 0 -2 0 0 2 0 -2 2 0 0 -2 -2
0 -2 0 0 0 -2 0 0 -2 0 0 2 0 -2 2 0 0 2 2
0 2 0 0 0 2 0 0 2 0 0 -2 0 -2 2 0 0 -2 -2
0 2 0 0 0 2 0 0 2 0 0 -2 0 -2 2 0 0 2 2
0 -2 0 0 0 -2 0 0 2 0 0 -2 0 -2 2 0 0 -2 -2
0 -2 0 0 0 -2 0 0 2 0 0 -2 0 -2 2 0 0 2 2
0 -2 0 0 0 2 0 0 -2 0 0 -2 0 -2 2 0 0 -2 -2
0 -2 0 0 0 2 0 0 -2 0 0 -2 0 -2 2 0 0 2 2
0 2 0 0 0 -2 0 0 -2 0 0 -2 0 -2 2 0 0 -2 -2
0 2 0 0 0 -2 0 0 -2 0 0 -2 0 -2 2 0 0 2 2
0 -2 0 0 0 2 0 0 2 0 0 2 0 2 -2 0 0 -2 -2
0 -2 0 0 0 2 0 0 2 0 0 2 0 2 -2 0 0 2 2
0 2 0 0 0 -2 0 0 2 0 0 2 0 2 -2 0 0 -2 -2
0 2 0 0 0 -2 0 0 2 0 0 2 0 2 -2 0 0 2 2
0 2 0 0 0 2 0 0 -2 0 0 2 0 2 -2 0 0 -2 -2
0 2 0 0 0 2 0 0 -2 0 0 2 0 2 -2 0 0 2 2
0 -2 0 0 0 -2 0 0 -2 0 0 2 0 2 -2 0 0 -2 -2
0 -2 0 0 0 -2 0 0 -2 0 0 2 0 2 -2 0 0 2 2
0 2 0 0 0 2 0 0 2 0 0 -2 0 2 -2 0 0 -2 -2
0 2 0 0 0 2 0 0 2 0 0 -2 0 2 -2 0 0 2 2
0 -2 0 0 0 -2 0 0 2 0 0 -2 0 2 -2 0 0 -2 -2
0 -2 0 0 0 -2 0 0 2 0 0 -2 0 2 -2 0 0 2 2
0 -2 0 0 0 2 0 0 -2 0 0 -2 0 2 -2 0 0 -2 -2
0 -2 0 0 0 2 0 0 -2 0 0 -2 0 2 -2 0 0 2 2
0 2 0 0 0 -2 0 0 -2 0 0 -2 0 2 -2 0 0 -2 -2
0 2 0 0 0 -2 0 0 -2 0 0 -2 0 2 -2 0 0 2 2
0 2 0 0 0 2 0 0 2 0 0 2 0 -2 -2 0 0 -2 -2
0 2 0 0 0 2 0 0 2 0 0 2 0 -2 -2 0 0 2 2
0 -2 0 0 0 -2 0 0 2 0 0 2 0 -2 -2 0 0 -2 -2
0 -2 0 0 0 -2 0 0 2 0 0 2 0 -2 -2 0 0 2 2
0 -2 0 0 0 2 0 0 -2 0 0 2 0 -2 -2 0 0 -2 -2
0 -2 0 0 0 2 0 0 -2 0 0 2 0 -2 -2 0 0 2 2
0 2 0 0 0 -2 0 0 -2 0 0 2 0 -2 -2 0 0 -2 -2
0 2 0 0 0 -2 0 0 -2 0 0 2 0 -2 -2 0 0 2 2
0 -2 0 0 0 2 0 0 2 0 0 -2 0 -2 -2 0 0 -2 -2
0 -2 0 0 0 2 0 0 2 0 0 -2 0 -2 -2 0 0 2 2
0 2 0 0 0 -2 0 0 2 0 0 -2 0 -2 -2 0 0 -2 -2
0 2 0 0 0 -2 0 0 2 0 0 -2 0 -2 -2 0 0 2 2
0 2 0 0 0 2 0 0 -2 0 0 -2 0 -2 -2 0 0 -2 -2
0 2 0 0 0 2 0 0 -2 0 0 -2 0 -2 -2 0 0 2 2
0 -2 0 0 0 -2 0 0 -2 0 0 -2 0 -2 -2 0 0 -2 -2
0 -2 0 0 0 -2 0 0 -2 0 0 -2 0 -2 -2 0 0 2 2
0 0 2 2 0 0 0 0 0 0 2 2 0 2 2 0 -2 0 -2
0 0 -2 -2 0 0 0 0 0 0 2 2 0 2 2 0 -2 0 -2
0 0 2 2 0 0 0 0 0 0 2 2 0 2 2 0 2 0 2
0 0 -2 -2 0 0 0 0 0 0 2 2 0 2 2 0 2 0 2
0 0 -2 2 0 0 0 0 0 0 -2 2 0 2 2 0 -2 0 -2
0 0 2 -2 0 0 0 0 0 0 -2 2 0 2 2 0 -2 0 -2
0 0 -2 2 0 0 0 0 0 0 -2 2 0 2 2 0 2 0 2
0 0 2 -2 0 0 0 0 0 0 -2 2 0 2 2 0 2 0 2
0 0 -2 2 0 0 0 0 0 0 2 -2 0 2 2 0 -2 0 -2
0 0 2 -2 0 0 0 0 0 0 2 -2 0 2 2 0 -2 0 -2
0 0 -2 2 0 0 0 0 0 0 2 -2 0 2 2 0 2 0 2
0 0 2 -2 0 0 0 0 0 0 2 -2 0 2 2 0 2 0 2
0 0 2 2 0 0 0 0 0 0 -2 -2 0 2 2 0 -2 0 -2
0 0 -2 -2 0 0 0 0 0 0 -2 -2 0 2 2 0 -2 0 -2
0 0 2 2 0 0 0 0 0 0 -2 -2 0 2 2 0 2 0 2
0 0 -2 -2 0 0 0 0 0 0 -2 -2 0 2 2 0 2 0 2
0 0 -2 2 0 0 0 0 0 0 2 2 0 -2 2 0 -2 0 -2
0 0 2 -2 0 0 0 0 0 0 2 2 0 -2 2 0 -2 0 -2
0 0 -2 2 0 0 0 0 0 0 2 2 0 -2 2 0 2 0 2
0 0 2 -2 0 0 0 0 0 0 2 2 0 -2 2 0 2 0 2
0 0 2 2 0 0 0 0 0 0 -2 2 0 -2 2 0 -2 0 -2
0 0 -2 -2 0 0 0 0 0 0 -2 2 0 -2 2 0 -2 0 -2
0 0 2 2 0 0 0 0 0 0 -2 2 0 -2 2 0 2 0 2
0 0 -2 -2 0 0 0 0 0 0 -2 2 0 -2 2 0 2 0 2
0 0 2 2 0 0 0 0 0 0 2 -2 0 -2 2 0 -2 0 -2
0 0 -2 -2 0 0 0 0 0 0 2 -2 0 -2 2 0 -2 0 -2
0 0 2 2 0 0 0 0 0 0 2 -2 0 -2 2 0 2 0 2
0 0 -2 -2 0 0 0 0 0 0 2 -2 0 -2 2 0 2 0 2
0 0 -2 2 0 0 0 0 0 0 -2 -2 0 -2 2 0 -2 0 -2
0 0 2 -2 0 0 0 0 0 0 -2 -2 0 -2 2 0 -2 0 -2
0 0 -2 2 0 0 0 0 0 0 -2 -2 0 -2 2 0 2 0 2
0 0 2 -2 0 0 0 0 0 0 -2 -2 0 -2 2 0 2 0 2
0 0 -2 2 0 0 0 0 0 0 2 2 0 2 -2 0 -2 0 -2
0 0 2 -2 0 0 0 0 0 0 2 2 0 2 -2 0 -2 0 -2
0 0 -2 2 0 0 0 0 0 0 2 2 0 2 -2 0 2 0 2
0 0 2 -2 0 0 0 0 0 0 2 2 0 2 -2 0 2 0 2
0 0 2 2 0 0 0 0 0 0 -2 2 0 2 -2 0 -2 0 -2
0 0 -2 -2 0 0 0 0 0 0 -2 2 0 2 -2 0 -2 0 -2
0 0 2 2 0 0 0 0 0 0 -2 2 0 2 -2 0 2 0 2
0 0 -2 -2 0 0 0 0 0 0 -2 2 0 2 -2 0 2 0 2
0 0 2 2 0 0 0 0 0 0 2 -2 0 2 -2 0 -2 0 -2
0 0 -2 -2 0 0 0 0 0 0 2 -2 0 2 -2 0 -2 0 -2
0 0 2 2 0 0 0 0 0 0 2 -2 0 2 -2 0 2 0 2
0 0 -2 -2 0 0 0 0 0 0 2 -2 0 2 -2 0 2 0 2
0 0 -2 2 0 0 0 0 0 0 -2 -2 0 2 -2 0 -2 0 -2
0 0 2 -2 0 0 0 0 0 0 -2 -2 0 2 -2 0 -2 0 -2
0 0 -2 2 0 0 0 0 0 0 -2 -2 0 2 -2 0 2 0 2
0 0 2 -2 0 0 0 0 0 0 -2 -2 0 2 -2 0 2 0 2
0 0 2 2 0 0 0 0 0 0 2 2 0 -2 -2 0 -2 0 -2
0 0 -2 -2 0 0 0 0 0 0 2 2 0 -2 -2 0 -2 0 -2
0 0 2 2 0 0 0 0 0 0 2 2 0 -2 -2 0 2 0 2
0 0 -2 -2 0 0 0 0 0 0 2 2 0 -2 -2 0 2 0 2
0 0 -2 2 0 0 0 0 0 0 -2 2 0 -2 -2 0 -2 0 -2
0 0 2 -2 0 0 0 0 0 0 -2 2 0 -2 -2 0 -2 0 -2
0 0 -2 2 0 0 0 0 0 0 -2 2 0 -2 -2 0 2 0 2
0 0 2 -2 0 0 0 0 0 0 -2 2 0 -2 -2 0 2 0 2
0 0 -2 2 0 0 0 0 0 0 2 -2 0 -2 -2 0 -2 0 -2
0 0 2 -2 0 0 0 0 0 0 2 -2 0 -2 -2 0 -2 0 -2
0 0 -2 2 0 0 0 0 0 0 2 -2 0 -2 -2 0 2 0 2
0 0 2 -2 0 0 0 0 0 0 2 -2 0 -2 -2 0 2 0 2
0 0 2 2 0 0 0 0 0 0 -2 -2 0 -2 -2 0 -2 0 -2
0 0 -2 -2 0 0 0 0 0 0 -2 -2 0 -2 -2 0 -2 0 -2
0 0 2 2 0 0 0 0 0 0 -2 -2 0 -2 -2 0 2 0 2
0 0 -2 -2 0 0 0 0 0 0 -2 -2 0 -2 -2 0 2 0 2
2 2 0 0 0 0 2 0 0 0 0 0 2 2 2 0 -2 0 -2
-2 -2 0 0 0 0 2 0 0 0 0 0 2 2 2 0 -2 0 -2
2 2 0 0 0 0 2 0 0 0 0 0 2 2 2 0 2 0 2
-2 -2 0 0 0 0 2 0 0 0 0 0 2 2 2 0 2 0 2
-2 2 0 0 0 0 -2 0 0 0 0 0 2 2 2 0 -2 0 -2
2 -2 0 0 0 0 -2 0 0 0 0 0 2 2 2 0 -2 0 -2
-2 2 0 0 0 0 -2 0 0 0 0 0 2 2 2 0 2 0 2
2 -2 0 0 0 0 -2 0 0 0 0 0 2 2 2 0 2 0 2
-2 2 0 0 0 0 2 0 0 0 0 0 -2 2 2 0 -2 0 -2
2 -2 0 0 0 0 2 0 0 0 0 0 -2 2 2 0 -2 0 -2
-2 2 0 0 0 0 2 0 0 0 0 0 -2 2 2 0 2 0 2
2 -2 0 0 0 0 2 0 0 0 0 0 -2 2 2 0 2 0 2
2 2 0 0 0 0 -2 0 0 0 0 0 -2 2 2 0 -2 0 -2
-2 -2 0 0 0 0 -2 0 0 0 0 0 -2 2 2 0 -2 0 -2
2 2 0 0 0 0 -2 0 0 0 0 0 -2 2 2 0 2 0 2
-2 -2 0 0 0 0 -2 0 0 0 0 0 -2 2 2 0 2 0 2
-2 2 0 0 0 0 2 0 0 0 0 0 2 -2 2 0 -2 0 -2
2 -2 0 0 0 0 2 0 0 0 0 0 2 -2 2 0 -2 0 -2
-2 2 0 0 0 0 2 0 0 0 0 0 2 -2 2 0 2 0 2
2 -2 0 0 0 0 2 0 0 0 0 0 2 -2 2 0 2 0 2
2 2 0 0 0 0 -2 0 0 0 0 0 2 -2 2 0 -2 0 -2
-2 -2 0 0 0 0 -2 0 0 0 0 0 2 -2 2 0 -2 0 -2
2 2 0 0 0 0 -2 0 0 0 0 0 2 -2 2 0 2 0 2
-2 -2 0 0 0 0 -2 0 0 0 0 0 2 -2 2 0 2 0 2
2 2 0 0 0 0 2 0 0 0 0 0 -2 -2 2 0 -2 0 -2
-2 -2 0 0 0 0 2 0 0 0 0 0 -2 -2 2 0 -2 0 -2
2 2 0 0 0 0 2 0 0 0 0 0 -2 -2 2 0 2 0 2
-2 -2 0 0 0 0 2 0 0 0 0 0 -2 -2 2 0 2 0 2
-2 2 0 0 0 0 -2 0 0 0 0 0 -2 -2 2 0 -2 0 -2
2 -2 0 0 0 0 -2 0 0 0 0 0 -2 -2 2 0 -2 0 -2
-2 2 0 0 0 0 -2 0 0 0 0 0 -2 -2 2 0 2 0 2
2 -2 0 0 0 0 -2 0 0 0 0 0 -2 -2 2 0 2 0 2
-2 2 0 0 0 0 2 0 0 0 0 0 2 2 -2 0 -2 0 -2
2 -2 0 0 0 0 2 0 0 0 0 0 2 2 -2 0 -2 0 -2
-2 2 0 0 0 0 2 0 0 0 0 0 2 2 -2 0 2 0 2
2 -2 0 0 0 0 2 0 0 0 0 0 2 2 -2 0 2 0 2
2 2 0 0 0 0 -2 0 0 0 0 0 2 2 -2 0 -2 0 -2
-2 -2 0 0 0 0 -2 0 0 0 0 0 2 2 -2 0 -2 0 -2
2 2 0 0 0 0 -2 0 0 0 0 0 2 2 -2 0 2 0 2
-2 -2 0 0 0 0 -2 0 0 0 0 0 2 2 -2 0 2 0 2
2 2 0 0 0 0 2 0 0 0 0 0 -2 2 -2 0 -2 0 -2
-2 -2 0 0 0 0 2 0 0 0 0 0 -2 2 -2 0 -2 0 -2
2 2 0 0 0 0 2 0 0 0 0 0 -2 2 -2 0 2 0 2
-2 -2 0 0 0 0 2 0 0 0 0 0 -2 2 -2 0 2 0 2
-2 2 0 0 0 0 -2 0 0 0 0 0 -2 2 -2 0 -2 0 -2
2 -2 0 0 0 0 -2 0 0 0 0 0 -2 2 -2 0 -2 0 -2
-2 2 0 0 0 0 -2 0 0 0 0 0 -2 2 -2 0 2 0 2
2 -2 0 0 0 0 -2 0 0 0 0 0 -2 2 -2 0 2 0 2
2 2 0 0 0 0 2 0 0 0 0 0 2 -2 -2 0 -2 0 -2
-2 -2 0 0 0 0 2 0 0 0 0 0 2 -2 -2 0 -2 0 -2
2 2 0 0 0 0 2 0 0 0 0 0 2 -2 -2 0 2 0 2
-2 -2 0 0 0 0 2 0 0 0 0 0 2 -2 -2 0 2 0 2
-2 2 0 0 0 0 -2 0 0 0 0 0 2 -2 -2 0 -2 0 -2
2 -2 0 0 0 0 -2 0 0 0 0 0 2 -2 -2 0 -2 0 -2
-2 2 0 0 0 0 -2 0 0 0 0 0 2 -2 -2 0 2 0 2
2 -2 0 0 0 0 -2 0 0 0 0 0 2 -2 -2 0 2 0 2
-2 2 0 0 0 0 2 0 0 0 0 0 -2 -2 -2 0 -2 0 -2
2 -2 0 0 0 0 2 0 0 0 0 0 -2 -2 -2 0 -2 0 -2
-2 2 0 0 0 0 2 0 0 0 0 0 -2 -2 -2 0 2 0 2
2 -2 0 0 0 0 2 0 0 0 0 0 -2 -2 -2 0 2 0 2
2 2 0 0 0 0 -2 0 0 0 0 0 -2 -2 -2 0 -2 0 -2
-2 -2 0 0 0 0 -2 0 0 0 0 0 -2 -2 -2 0 -2 0 -2
2 2 0 0 0 0 -2 0 0 0 0 0 -2 -2 -2 0 2 0 2
-2 -2 0 0 0 0 -2 0 0 0 0 0 -2 -2 -2 0 2 0 2
0 0 2 0 2 0 0 0 2 0 0 0 2 2 2 0 -2 2 0
0 0 2 0 2 0 0 0 2 0 0 0 2 2 2 0 2 -2 0
0 0 -2 0 -2 0 0 0 2 0 0 0 2 2 2 0 -2 2 0
0 0 -2 0 -2 0 0 0 2 0 0 0 2 2 2 0 2 -2 0
0 0 -2 0 2 0 0 0 -2 0 0 0 2 2 2 0 -2 2 0
0 0 -2 0 2 0 0 0 -2 0 0 0 2 2 2 0 2 -2 0
0 0 2 0 -2 0 0 0 -2 0 0 0 2 2 2 0 -2 2 0
0 0 2 0 -2 0 0 0 -2 0 0 0 2 2 2 0 2 -2 0
0 0 -2 0 2 0 0 0 2 0 0 0 -2 2 2 0 -2 2 0
0 0 -2 0 2 0 0 0 2 0 0 0 -2 2 2 0 2 -2 0
0 0 2 0 -2 0 0 0 2 0 0 0 -2 2 2 0 -2 2 0
0 0 2 0 -2 0 0 0 2 0 0 0 -2 2 2 0 2 -2 0
0 0 2 0 2 0 0 0 -2 0 0 0 -2 2 2 0 -2 2 0
0 0 2 0 2 0 0 0 -2 0 0 0 -2 2 2 0 2 -2 0
0 0 -2 0 -2 0 0 0 -2 0 0 0 -2 2 2 0 -2 2 0
0 0 -2 0 -2 0 0 0 -2 0 0 0 -2 2 2 0 2 -2 0
0 0 -2 0 2 0 0 0 2 0 0 0 2 -2 2 0 -2 2 0
0 0 -2 0 2 0 0 0 2 0 0 0 2 -2 2 0 2 -2 0
0 0 2 0 -2 0 0 0 2 0 0 0 2 -2 2 0 -2 2 0
0 0 2 0 -2 0 0 0 2 0 0 0 2 -2 2 0 2 -2 0
0 0 2 0 2 0 0 0 -2 0 0 0 2 -2 2 0 -2 2 0
0 0 2 0 2 0 0 0 -2 0 0 0 2 -2 2 0 2 -2 0
0 0 -2 0 -2 0 0 0 -2 0 0 0 2 -2 2 0 -2 2 0
0 0 -2 0 -2 0 0 0 -2 0 0 0 2 -2 2 0 2 -2 0
0 0 2 0 2 0 0 0 2 0 0 0 -2 -2 2 0 -2 2 0
0 0 2 0 2 0 0 0 2 0 0 0 -2 -2 2 0 2 -2 0
0 0 -2 0 -2 0 0 0 2 0 0 0 -2 -2 2 0 -2 2 0
0 0 -2 0 -2 0 0 0 2 0 0 0 -2 -2 2 0 2 -2 0
0 0 -2 0 2 0 0 0 -2 0 0 0 -2 -2 2 0 -2 2 0
0 0 -2 0 2 0 0 0 -2 0 0 0 -2 -2 2 0 2 -2 0
0 0 2 0 -2 0 0 0 -2 0 0 0 -2 -2 2 0 -2 2 0
0 0 2 0 -2 0 0 0 -2 0 0 0 -2 -2 2 0 2 -2 0
0 0 -2 0 2 0 0 0 2 0 0 0 2 2 -2 0 -2 2 0
0 0 -2 0 2 0 0 0 2 0 0 0 2 2 -2 0 2 -2 0
0 0 2 0 -2 0 0 0 2 0 0 0 2 2 -2 0 -2 2 0
0 0 2 0 -2 0 0 0 2 0 0 0 2 2 -2 0 2 -2 0
0 0 2 0 2 0 0 0 -2 0 0 0 2 2 -2 0 -2 2 0
0 0 2 0 2 0 0 0 -2 0 0 0 2 2 -2 0 2 -2 0
0 0 -2 0 -2 0 0 0 -2 0 0 0 2 2 -2 0 -2 2 0
0 0 -2 0 -2 0 0 0 -2 0 0 0 2 2 -2 0 2 -2 0
0 0 2 0 2 0 0 0 2 0 0 0 -2 2 -2 0 -2 2 0
0 0 2 0 2 0 0 0 2 0 0 0 -2 2 -2 0 2 -2 0
0 0 -2 0 -2 0 0 0 2 0 0 0 -2 2 -2 0 -2 2 0
0 0 -2 0 -2 0 0 0 2 0 0 0 -2 2 -2 0 2 -2 0
0 0 -2 0 2 0 0 0 -2 0 0 0 -2 2 -2 0 -2 2 0
0 0 -2 0 2 0 0 0 -2 0 0 0 -2 2 -2 0 2 -2 0
0 0 2 0 -2 0 0 0 -2 0 0 0 -2 2 -2 0 -2 2 0
0 0 2 0 -2 0 0 0 -2 0 0 0 -2 2 -2 0 2 -2 0
0 0 2 0 2 0 0 0 2 0 0 0 2 -2 -2 0 -2 2 0
0 0 2 0 2 0 0 0 2 0 0 0 2 -2 -2 0 2 -2 0
0 0 -2 0 -2 0 0 0 2 0 0 0 2 -2 -2 0 -2 2 0
0 0 -2 0 -2 0 0 0 2 0 0 0 2 -2 -2 0 2 -2 0
0 0 -2 0 2 0 0 0 -2 0 0 0 2 -2 -2 0 -2 2 0
0 0 -2 0 2 0 0 0 -2 0 0 0 2 -2 -2 0 2 -2 0
0 0 2 0 -2 0 0 0 -2 0 0 0 2 -2 -2 0 -2 2 0
0 0 2 0 -2 0 0 0 -2 0 0 0 2 -2 -2 0 2 -2 0
0 0 -2 0 2 0 0 0 2 0 0 0 -2 -2 -2 0 -2 2 0
0 0 -2 0 2 0 0 0 2 0 0 0 -2 -2 -2 0 2 -2 0
0 0 2 0 -2 0 0 0 2 0 0 0 -2 -2 -2 0 -2 2 0
0 0 2 0 -2 0 0 0 2 0 0 0 -2 -2 -2 0 2 -2 0
0 0 2 0 2 0 0 0 -2 0 0 0 -2 -2 -2 0 -2 2 0
0 0 2 0 2 0 0 0 -2 0 0 0 -2 -2 -2 0 2 -2 0
0 0 -2 0 -2 0 0 0 -2 0 0 0 -2 -2 -2 0 -2 2 0
0 0 -2 0 -2 0 0 0 -2 0 0 0 -2 -2 -2 0 2 -2 0
0 -2 0 2 2 2 0 0 0 0 2 0 2 2 2 0 0 0 0
0 2 0 -2 2 2 0 0 0 0 2 0 2 2 2 0 0 0 0
0 2 0 2 -2 2 0 0 0 0 2 0 2 2 2 0 0 0 0
0 -2 0 -2 -2 2 0 0 0 0 2 0 2 2 2 0 0 0 0
0 2 0 2 2 -2 0 0 0 0 2 0 2 2 2 0 0 0 0
0 -2 0 -2 2 -2 0 0 0 0 2 0 2 2 2 0 0 0 0
0 -2 0 2 -2 -2 0 0 0 0 2 0 2 2 2 0 0 0 0
0 2 0 -2 -2 -2 0 0 0 0 2 0 2 2 2 0 0 0 0
0 2 0 2 2 2 0 0 0 0 -2 0 2 2 2 0 0 0 0
0 -2 0 -2 2 2 0 0 0 0 -2 0 2 2 2 0 0 0 0
0 -2 0 2 -2 2 0 0 0 0 -2 0 2 2 2 0 0 0 0
0 2 0 -2 -2 2 0 0 0 0 -2 0 2 2 2 0 0 0 0
0 -2 0 2 2 -2 0 0 0 0 -2 0 2 2 2 0 0 0 0
0 2 0 -2 2 -2 0 0 0 0 -2 0 2 2 2 0 0 0 0
0 2 0 2 -2 -2 0 0 0 0 -2 0 2 2 2 0 0 0 0
0 -2 0 -2 -2 -2 0 0 0 0 -2 0 2 2 2 0 0 0 0
0 2 0 2 2 2 0 0 0 0 2 0 -2 2 2 0 0 0 0
0 -2 0 -2 2 2 0 0 0 0 2 0 -2 2 2 0 0 0 0
0 -2 0 2 -2 2 0 0 0 0 2 0 -2 2 2 0 0 0 0
0 2 0 -2 -2 2 0 0 0 0 2 0 -2 2 2 0 0 0 0
0 -2 0 2 2 -2 0 0 0 0 2 0 -2 2 2 0 0 0 0
0 2 0 -2 2 -2 0 0 0 0 2 0 -2 2 2 0 0 0 0
0 2 0 2 -2 -2 0 0 0 0 2 0 -2 2 2 0 0 0 0
0 -2 0 -2 -2 -2 0 0 0 0 2 0 -2 2 2 0 0 0 0
0 -2 0 2 2 2 0 0 0 0 -2 0 -2 2 2 0 0 0 0
0 2 0 -2 2 2 0 0 0 0 -2 0 -2 2 2 0 0 0 0
0 2 0 2 -2 2 0 0 0 0 -2 0 -2 2 2 0 0 0 0
0 -2 0 -2 -2 2 0 0 0 0 -2 0 -2 2 2 0 0 0 0
0 2 0 2 2 -2 0 0 0 0 -2 0 -2 2 2 0 0 0 0
0 -2 0 -2 2 -2 0 0 0 0 -2 0 -2 2 2 0 0 0 0
0 -2 0 2 -2 -2 0 0 0 0 -2 0 -2 2 2 0 0 0 0
0 2 0 -2 -2 -2 0 0 0 0 -2 0 -2 2 2 0 0 0 0
0 2 0 2 2 2 0 0 0 0 2 0 2 -2 2 0 0 0 0
0 -2 0 -2 2 2 0 0 0 0 2 0 2 -2 2 0 0 0 0
0 -2 0 2 -2 2 0 0 0 0 2 0 2 -2 2 0 0 0 0
0 2 0 -2 -2 2 0 0 0 0 2 0 2 -2 2 0 0 0 0
0 -2 0 2 2 -2 0 0 0 0 2 0 2 -2 2 0 0 0 0
0 2 0 -2 2 -2 0 0 0 0 2 0 2 -2 2 0 0 0 0
0 2 0 2 -2 -2 0 0 0 0 2 0 2 -2 2 0 0 0 0
0 -2 0 -2 -2 -2 0 0 0 0 2 0 2 -2 2 0 0 0 0
0 -2 0 2 2 2 0 0 0 0 -2 0 2 -2 2 0 0 0 0
0 2 0 -2 2 2 0 0 0 0 -2 0 2 -2 2 0 0 0 0
0 2 0 2 -2 2 0 0 0 0 -2 0 2 -2 2 0 0 0 0
0 -2 0 -2 -2 2 0 0 0 0 -2 0 2 -2 2 0 0 0 0
0 2 0 2 2 -2 0 0 0 0 -2 0 2 -2 2 0 0 0 0
0 -2 0 -2 2 -2 0 0 0 0 -2 0 2 -2 2 0 0 0 0
0 -2 0 2 -2 -2 0 0 0 0 -2 0 2 -2 2 0 0 0 0
0 2 0 -2 -2 -2 0 0 0 0 -2 0 2 -2 2 0 0 0 0
0 -2 0 2 2 2 0 0 0 0 2 0 -2 -2 2 0 0 0 0
0 2 0 -2 2 2 0 0 0 0 2 0 -2 -2 2 0 0 0 0
0 2 0 2 -2 2 0 0 0 0 2 0 -2 -2 2 0 0 0 0
0 -2 0 -2 -2 2 0 0 0 0 2 0 -2 -2 2 0 0 0 0
0 2 0 2 2 -2 0 0 0 0 2 0 -2 -2 2 0 0 0 0
0 -2 0 -2 2 -2 0 0 0 0 2 0 -2 -2 2 0 0 0 0
0 -2 0 2 -2 -2 0 0 0 0 2 0 -2 -2 2 0 0 0 0
0 2 0 -2 -2 -2 0 0 0 0 2 0 -2 -2 2 0 0 0 0
0 2 0 2 2 2 0 0 0 0 -2 0 -2 -2 2 0 0 0 0
0 -2 0 -2 2 2 0 0 0 0 -2 0 -2 -2 2 0 0 0 0
0 -2 0 2 -2 2 0 0 0 0 -2 0 -2 -2 2 0 0 0 0
0 2 0 -2 -2 2 0 0 0 0 -2 0 -2 -2 2 0 0 0 0
0 -2 0 2 2 -2 0 0 0 0 -2 0 -2 -2 2 0 0 0 0
0 2 0 -2 2 -2 0 0 0 0 -2 0 -2 -2 2 0 0 0 0
0 2 0 2 -2 -2 0 0 0 0 -2 0 -2 -2 2 0 0 0 0
0 -2 0 -2 -2 -2 0 0 0 0 -2 0 -2 -2 2 0 0 0 0
0 2 0 2 2 2 0 0 0 0 2 0 2 2 -2 0 0 0 0
0 -2 0 -2 2 2 0 0 0 0 2 0 2 2 -2 0 0 0 0
0 -2 0 2 -2 2 0 0 0 0 2 0 2 2 -2 0 0 0 0
0 2 0 -2 -2 2 0 0 0 0 2 0 2 2 -2 0 0 0 0
0 -2 0 2 2 -2 0 0 0 0 2 0 2 2 -2 0 0 0 0
0 2 0 -2 2 -2 0 0 0 0 2 0 2 2 -2 0 0 0 0
0 2 0 2 -2 -2 0 0 0 0 2 0 2 2 -2 0 0 0 0
0 -2 0 -2 -2 -2 0 0 0 0 2 0 2 2 -2 0 0 0 0
0 -2 0 2 2 2 0 0 0 0 -2 0 2 2 -2 0 0 0 0
0 2 0 -2 2 2 0 0 0 0 -2 0 2 2 -2 0 0 0 0
0 2 0 2 -2 2 0 0 0 0 -2 0 2 2 -2 0 0 0 0
0 -2 0 -2 -2 2 0 0 0 0 -2 0 2 2 -2 0 0 0 0
0 2 0 2 2 -2 0 0 0 0 -2 0 2 2 -2 0 0 0 0
0 -2 0 -2 2 -2 0 0 0 0 -2 0 2 2 -2 0 0 0 0
0 -2 0 2 -2 -2 0 0 0 0 -2 0 2 2 -2 0 0 0 0
0 2 0 -2 -2 -2 0 0 0 0 -2 0 2 2 -2 0 0 0 0
0 -2 0 2 2 2 0 0 0 0 2 0 -2 2 -2 0 0 0 0
0 2 0 -2 2 2 0 0 0 0 2 0 -2 2 -2 0 0 0 0
0 2 0 2 -2 2 0 0 0 0 2 0 -2 2 -2 0 0 0 0
0 -2 0 -2 -2 2 0 0 0 0 2 0 -2 2 -2 0 0 0 0
0 2 0 2 2 -2 0 0 0 0 2 0 -2 2 -2 0 0 0 0
0 -2 0 -2 2 -2 0 0 0 0 2 0 -2 2 -2 0 0 0 0
0 -2 0 2 -2 -2 0 0 0 0 2 0 -2 2 -2 0 0 0 0
0 2 0 -2 -2 -2 0 0 0 0 2 0 -2 2 -2 0 0 0 0
0 2 0 2 2 2 0 0 0 0 -2 0 -2 2 -2 0 0 0 0
0 -2 0 -2 2 2 0 0 0 0 -2 0 -2 2 -2 0 0 0 0
0 -2 0 2 -2 2 0 0 0 0 -2 0 -2 2 -2 0 0 0 0
0 2 0 -2 -2 2 0 0 0 0 -2 0 -2 2 -2 0 0 0 0
0 -2 0 2 2 -2 0 0 0 0 -2 0 -2 2 -2 0 0 0 0
0 2 0 -2 2 -2 0 0 0 0 -2 0 -2 2 -2 0 0 0 0
0 2 0 2 -2 -2 0 0 0 0 -2 0 -2 2 -2 0 0 0 0
0 -2 0 -2 -2 -2 0 0 0 0 -2 0 -2 2 -2 0 0 0 0
0 -2 0 2 2 2 0 0 0 0 2 0 2 -2 -2 0 0 0 0
0 2 0 -2 2 2 0 0 0 0 2 0 2 -2 -2 0 0 0 0
0 2 0 2 -2 2 0 0 0 0 2 0 2 -2 -2 0 0 0 0
0 -2 0 -2 -2 2 0 0 0 0 2 0 2 -2 -2 0 0 0 0
0 2 0 2 2 -2 0 0 0 0 2 0 2 -2 -2 0 0 0 0
0 -2 0 -2 2 -2 0 0 0 0 2 0 2 -2 -2 0 0 0 0
0 -2 0 2 -2 -2 0 0 0 0 2 0 2 -2 -2 0 0 0 0
0 2 0 -2 -2 -2 0 0 0 0 2 0 2 -2 -2 0 0 0 0
0 2 0 2 2 2 0 0 0 0 -2 0 2 -2 -2 0 0 0 0
0 -2 0 -2 2 2 0 0 0 0 -2 0 2 -2 -2 0 0 0 0
0 -2 0 2 -2 2 0 0 0 0 -2 0 2 -2 -2 0 0 0 0
0 2 0 -2 -2 2 0 0 0 0 -2 0 2 -2 -2 0 0 0 0
0 -2 0 2 2 -2 0 0 0 0 -2 0 2 -2 -2 0 0 0 0
0 2 0 -2 2 -2 0 0 0 0 -2 0 2 -2 -2 0 0 0 0
0 2 0 2 -2 -2 0 0 0 0 -2 0 2 -2 -2 0 0 0 0
0 -2 0 -2 -2 -2 0 0 0 0 -2 0 2 -2 -2 0 0 0 0
0 2 0 2 2 2 0 0 0 0 2 0 -2 -2 -2 0 0 0 0
0 -2 0 -2 2 2 0 0 0 0 2 0 -2 -2 -2 0 0 0 0
0 -2 0 2 -2 2 0 0 0 0 2 0 -2 -2 -2 0 0 0 0
0 2 0 -2 -2 2 0 0 0 0 2 0 -2 -2 -2 0 0 0 0
0 -2 0 2 2 -2 0 0 0 0 2 0 -2 -2 -2 0 0 0 0
0 2 0 -2 2 -2 0 0 0 0 2 0 -2 -2 -2 0 0 0 0
0 2 0 2 -2 -2 0 0 0 0 2 0 -2 -2 -2 0 0 0 0
0 -2 0 -2 -2 -2 0 0 0 0 2 0 -2 -2 -2 0 0 0 0
0 -2 0 2 2 2 0 0 0 0 -2 0 -2 -2 -2 0 0 0 0
0 2 0 -2 2 2 0 0 0 0 -2 0 -2 -2 -2 0 0 0 0
0 2 0 2 -2 2 0 0 0 0 -2 0 -2 -2 -2 0 0 0 0
0 -2 0 -2 -2 2 0 0 0 0 -2 0 -2 -2 -2 0 0 0 0
0 2 0 2 2 -2 0 0 0 0 -2 0 -2 -2 -2 0 0 0 0
0 -2 0 -2 2 -2 0 0 0 0 -2 0 -2 -2 -2 0 0 0 0
0 -2 0 2 -2 -2 0 0 0 0 -2 0 -2 -2 -2 0 0 0 0
0 2 0 -2 -2 -2 0 0 0 0 -2 0 -2 -2 -2 0 0 0 0
0 0 0 0 2 0 0 2 0 0 0 2 2 2 2 0 -2 -2 0
0 0 0 0 2 0 0 2 0 0 0 2 2 2 2 0 2 2 0
0 0 0 0 -2 0 0 -2 0 0 0 2 2 2 2 0 -2 -2 0
0 0 0 0 -2 0 0 -2 0 0 0 2 2 2 2 0 2 2 0
0 0 0 0 -2 0 0 2 0 0 0 -2 2 2 2 0 -2 -2 0
0 0 0 0 -2 0 0 2 0 0 0 -2 2 2 2 0 2 2 0
0 0 0 0 2 0 0 -2 0 0 0 -2 2 2 2 0 -2 -2 0
0 0 0 0 2 0 0 -2 0 0 0 -2 2 2 2 0 2 2 0
0 0 0 0 -2 0 0 2 0 0 0 2 -2 2 2 0 -2 -2 0
0 0 0 0 -2 0 0 2 0 0 0 2 -2 2 2 0 2 2 0
0 0 0 0 2 0 0 -2 0 0 0 2 -2 2 2 0 -2 -2 0
0 0 0 0 2 0 0 -2 0 0 0 2 -2 2 2 0 2 2 0
0 0 0 0 2 0 0 2 0 0 0 -2 -2 2 2 0 -2 -2 0
0 0 0 0 2 0 0 2 0 0 0 -2 -2 2 2 0 2 2 0
0 0 0 0 -2 0 0 -2 0 0 0 -2 -2 2 2 0 -2 -2 0
0 0 0 0 -2 0 0 -2 0 0 0 -2 -2 2 2 0 2 2 0
0 0 0 0 -2 0 0 2 0 0 0 2 2 -2 2 0 -2 -2 0
0 0 0 0 -2 0 0 2 0 0 0 2 2 -2 2 0 2 2 0
0 0 0 0 2 0 0 -2 0 0 0 2 2 -2 2 0 -2 -2 0
0 0 0 0 2 0 0 -2 0 0 0 2 2 -2 2 0 2 2 0
0 0 0 0 2 0 0 2 0 0 0 -2 2 -2 2 0 -2 -2 0
0 0 0 0 2 0 0 2 0 0 0 -2 2 -2 2 0 2 2 0
0 0 0 0 -2 0 0 -2 0 0 0 -2 2 -2 2 0 -2 -2 0
0 0 0 0 -2 0 0 -2 0 0 0 -2 2 -2 2 0 2 2 0
0 0 0 0 2 0 0 2 0 0 0 2 -2 -2 2 0 -2 -2 0
0 0 0 0 2 0 0 2 0 0 0 2 -2 -2 2 0 2 2 0
0 0 0 0 -2 0 0 -2 0 0 0 2 -2 -2 2 0 -2 -2 0
0 0 0 0 -2 0 0 -2 0 0 0 2 -2 -2 2 0 2 2 0
0 0 0 0 -2 0 0 2 0 0 0 -2 -2 -2 2 0 -2 -2 0
0 0 0 0 -2 0 0 2 0 0 0 -2 -2 -2 2 0 2 2 0
0 0 0 0 2 0 0 -2 0 0 0 -2 -2 -2 2 0 -2 -2 0
0 0 0 0 2 0 0 -2 0 0 0 -2 -2 -2 2 0 2 2 0
0 0 0 0 -2 0 0 2 0 0 0 2 2 2 -2 0 -2 -2 0
0 0 0 0 -2 0 0 2 0 0 0 2 2 2 -2 0 2 2 0
0 0 0 0 2 0 0 -2 0 0 0 2 2 2 -2 0 -2 -2 0
0 0 0 0 2 0 0 -2 0 0 0 2 2 2 -2 0 2 2 0
0 0 0 0 2 0 0 2 0 0 0 -2 2 2 -2 0 -2 -2 0
0 0 0 0 2 0 0 2 0 0 0 -2 2 2 -2 0 2 2 0
0 0 0 0 -2 0 0 -2 0 0 0 -2 2 2 -2 0 -2 -2 0
0 0 0 0 -2 0 0 -2 0 0 0 -2 2 2 -2 0 2 2 0
0 0 0 0 2 0 0 2 0 0 0 2 -2 2 -2 0 -2 -2 0
0 0 0 0 2 0 0 2 0 0 0 2 -2 2 -2 0 2 2 0
0 0 0 0 -2 0 0 -2 0 0 0 2 -2 2 -2 0 -2 -2 0
0 0 0 0 -2 0 0 -2 0 0 0 2 -2 2 -2 0 2 2 0
0 0 0 0 -2 0 0 2 0 0 0 -2 -2 2 -2 0 -2 -2 0
0 0 0 0 -2 0 0 2 0 0 0 -2 -2 2 -2 0 2 2 0
0 0 0 0 2 0 0 -2 0 0 0 -2 -2 2 -2 0 -2 -2 0
0 0 0 0 2 0 0 -2 0 0 0 -2 -2 2 -2 0 2 2 0
0 0 0 0 2 0 0 2 0 0 0 2 2 -2 -2 0 -2 -2 0
0 0 0 0 2 0 0 2 0 0 0 2 2 -2 -2 0 2 2 0
0 0 0 0 -2 0 0 -2 0 0 0 2 2 -2 -2 0 -2 -2 0
0 0 0 0 -2 0 0 -2 0 0 0 2 2 -2 -2 0 2 2 0
0 0 0 0 -2 0 0 2 0 0 0 -2 2 -2 -2 0 -2 -2 0
0 0 0 0 -2 0 0 2 0 0 0 -2 2 -2 -2 0 2 2 0
0 0 0 0 2 0 0 -2 0 0 0 -2 2 -2 -2 0 -2 -2 0
0 0 0 0 2 0 0 -2 0 0 0 -2 2 -2 -2 0 2 2 0
0 0 0 0 -2 0 0 2 0 0 0 2 -2 -2 -2 0 -2 -2 0
0 0 0 0 -2 0 0 2 0 0 0 2 -2 -2 -2 0 2 2 0
0 0 0 0 2 0 0 -2 0 0 0 2 -2 -2 -2 0 -2 -2 0
0 0 0 0 2 0 0 -2 0 0 0 2 -2 -2 -2 0 2 2 0
0 0 0 0 2 0 0 2 0 0 0 -2 -2 -2 -2 0 -2 -2 0
0 0 0 0 2 0 0 2 0 0 0 -2 -2 -2 -2 0 2 2 0
0 0 0 0 -2 0 0 -2 0 0 0 -2 -2 -2 -2 0 -2 -2 0
0 0 0 0 -2 0 0 -2 0 0 0 -2 -2 -2 -2 0 2 2 0
0 0 0 -2 0 0 2 0 2 2 0 2 2 2 2 0 0 0 0
0 0 0 2 0 0 -2 0 2 2 0 2 2 2 2 0 0 0 0
0 0 0 2 0 0 2 0 -2 2 0 2 2 2 2 0 0 0 0
0 0 0 -2 0 0 -2 0 -2 2 0 2 2 2 2 0 0 0 0
0 0 0 2 0 0 2 0 2 -2 0 2 2 2 2 0 0 0 0
0 0 0 -2 0 0 -2 0 2 -2 0 2 2 2 2 0 0 0 0
0 0 0 -2 0 0 2 0 -2 -2 0 2 2 2 2 0 0 0 0
0 0 0 2 0 0 -2 0 -2 -2 0 2 2 2 2 0 0 0 0
0 0 0 2 0 0 2 0 2 2 0 -2 2 2 2 0 0 0 0
0 0 0 -2 0 0 -2 0 2 2 0 -2 2 2 2 0 0 0 0
0 0 0 -2 0 0 2 0 -2 2 0 -2 2 2 2 0 0 0 0
0 0 0 2 0 0 -2 0 -2 2 0 -2 2 2 2 0 0 0 0
0 0 0 -2 0 0 2 0 2 -2 0 -2 2 2 2 0 0 0 0
0 0 0 2 0 0 -2 0 2 -2 0 -2 2 2 2 0 0 0 0
0 0 0 2 0 0 2 0 -2 -2 0 -2 2 2 2 0 0 0 0
0 0 0 -2 0 0 -2 0 -2 -2 0 -2 2 2 2 0 0 0 0
0 0 0 2 0 0 2 0 2 2 0 2 -2 2 2 0 0 0 0
0 0 0 -2 0 0 -2 0 2 2 0 2 -2 2 2 0 0 0 0
0 0 0 -2 0 0 2 0 -2 2 0 2 -2 2 2 0 0 0 0
0 0 0 2 0 0 -2 0 -2 2 0 2 -2 2 2 0 0 0 0
0 0 0 -2 0 0 2 0 2 -2 0 2 -2 2 2 0 0 0 0
0 0 0 2 0 0 -2 0 2 -2 0 2 -2 2 2 0 0 0 0
0 0 0 2 0 0 2 0 -2 -2 0 2 -2 2 2 0 0 0 0
0 0 0 -2 0 0 -2 0 -2 -2 0 2 -2 2 2 0 0 0 0
0 0 0 -2 0 0 2 0 2 2 0 -2 -2 2 2 0 0 0 0
0 0 0 2 0 0 -2 0 2 2 0 -2 -2 2 2 0 0 0 0
0 0 0 2 0 0 2 0 -2 2 0 -2 -2 2 2 0 0 0 0
0 0 0 -2 0 0 -2 0 -2 2 0 -2 -2 2 2 0 0 0 0
0 0 0 2 0 0 2 0 2 -2 0 -2 -2 2 2 0 0 0 0
0 0 0 -2 0 0 -2 0 2 -2 0 -2 -2 2 2 0 0 0 0
0 0 0 -2 0 0 2 0 -2 -2 0 -2 -2 2 2 0 0 0 0
0 0 0 2 0 0 -2 0 -2 -2 0 -2 -2 2 2 0 0 0 0
0 0 0 2 0 0 2 0 2 2 0 2 2 -2 2 0 0 0 0
0 0 0 -2 0 0 -2 0 2 2 0 2 2 -2 2 0 0 0 0
0 0 0 -2 0 0 2 0 -2 2 0 2 2 -2 2 0 0 0 0
0 0 0 2 0 0 -2 0 -2 2 0 2 2 -2 2 0 0 0 0
0 0 0 -2 0 0 2 0 2 -2 0 2 2 -2 2 0 0 0 0
0 0 0 2 0 0 -2 0 2 -2 0 2 2 -2 2 0 0 0 0
0 0 0 2 0 0 2 0 -2 -2 0 2 2 -2 2 0 0 0 0
0 0 0 -2 0 0 -2 0 -2 -2 0 2 2 -2 2 0 0 0 0
0 0 0 -2 0 0 2 0 2 2 0 -2 2 -2 2 0 0 0 0
0 0 0 2 0 0 -2 0 2 2 0 -2 2 -2 2 0 0 0 0
0 0 0 2 0 0 2 0 -2 2 0 -2 2 -2 2 0 0 0 0
0 0 0 -2 0 0 -2 0 -2 2 0 -2 2 -2 2 0 0 0 0
0 0 0 2 0 0 2 0 2 -2 0 -2 2 -2 2 0 0 0 0
0 0 0 -2 0 0 -2 0 2 -2 0 -2 2 -2 2 0 0 0 0
0 0 0 -2 0 0 2 0 -2 -2 0 -2 2 -2 2 0 0 0 0
0 0 0 2 0 0 -2 0 -2 -2 0 -2 2 -2 2 0 0 0 0
0 0 0 -2 0 0 2 0 2 2 0 2 -2 -2 2 0 0 0 0
0 0 0 2 0 0 -2 0 2 2 0 2 -2 -2 2 0 0 0 0
0 0 0 2 0 0 2 0 -2 2 0 2 -2 -2 2 0 0 0 0
0 0 0 -2 0 0 -2 0 -2 2 0 2 -2 -2 2 0 0 0 0
0 0 0 2 0 0 2 0 2 -2 0 2 -2 -2 2 0 0 0 0
0 0 0 -2 0 0 -2 0 2 -2 0 2 -2 -2 2 0 0 0 0
0 0 0 -2 0 0 2 0 -2 -2 0 2 -2 -2 2 0 0 0 0
0 0 0 2 0 0 -2 0 -2 -2 0 2 -2 -2 2 0 0 0 0
0 0 0 2 0 0 2 0 2 2 0 -2 -2 -2 2 0 0 0 0
0 0 0 -2 0 0 -2 0 2 2 0 -2 -2 -2 2 0 0 0 0
0 0 0 -2 0 0 2 0 -2 2 0 -2 -2 -2 2 0 0 0 0
0 0 0 2 0 0 -2 0 -2 2 0 -2 -2 -2 2 0 0 0 0
0 0 0 -2 0 0 2 0 2 -2 0 -2 -2 -2 2 0 0 0 0
0 0 0 2 0 0 -2 0 2 -2 0 -2 -2 -2 2 0 0 0 0
0 0 0 2 0 0 2 0 -2 -2 0 -2 -2 -2 2 0 0 0 0
0 0 0 -2 0 0 -2 0 -2 -2 0 -2 -2 -2 2 0 0 0 0
0 0 0 2 0 0 2 0 2 2 0 2 2 2 -2 0 0 0 0
0 0 0 -2 0 0 -2 0 2 2 0 2 2 2 -2 0 0 0 0
0 0 0 -2 0 0 2 0 -2 2 0 2 2 2 -2 0 0 0 0
0 0 0 2 0 0 -2 0 -2 2 0 2 2 2 -2 0 0 0 0
0 0 0 -2 0 0 2 0 2 -2 0 2 2 2 -2 0 0 0 0
0 0 0 2 0 0 -2 0 2 -2 0 2 2 2 -2 0 0 0 0
0 0 0 2 0 0 2 0 -2 -2 0 2 2 2 -2 0 0 0 0
0 0 0 -2 0 0 -2 0 -2 -2 0 2 2 2 -2 0 0 0 0
0 0 0 -2 0 0 2 0 2 2 0 -2 2 2 -2 0 0 0 0
0 0 0 2 0 0 -2 0 2 2 0 -2 2 2 -2 0 0 0 0
0 0 0 2 0 0 2 0 -2 2 0 -2 2 2 -2 0 0 0 0
0 0 0 -2 0 0 -2 0 -2 2 0 -2 2 2 -2 0 0 0 0
0 0 0 2 0 0 2 0 2 -2 0 -2 2 2 -2 0 0 0 0
0 0 0 -2 0 0 -2 0 2 -2 0 -2 2 2 -2 0 0 0 0
0 0 0 -2 0 0 2 0 -2 -2 0 -2 2 2 -2 0 0 0 0
0 0 0 2 0 0 -2 0 -2 -2 0 -2 2 2 -2 0 0 0 0
0 0 0 -2 0 0 2 0 2 2 0 2 -2 2 -2 0 0 0 0
0 0 0 2 0 0 -2 0 2 2 0 2 -2 2 -2 0 0 0 0
0 0 0 2 0 0 2 0 -2 2 0 2 -2 2 -2 0 0 0 0
0 0 0 -2 0 0 -2 0 -2 2 0 2 -2 2 -2 0 0 0 0
0 0 0 2 0 0 2 0 2 -2 0 2 -2 2 -2 0 0 0 0
0 0 0 -2 0 0 -2 0 2 -2 0 2 -2 2 -2 0 0 0 0
0 0 0 -2 0 0 2 0 -2 -2 0 2 -2 2 -2 0 0 0 0
0 0 0 2 0 0 -2 0 -2 -2 0 2 -2 2 -2 0 0 0 0
0 0 0 2 0 0 2 0 2 2 0 -2 -2 2 -2 0 0 0 0
0 0 0 -2 0 0 -2 0 2 2 0 -2 -2 2 -2 0 0 0 0
0 0 0 -2 0 0 2 0 -2 2 0 -2 -2 2 -2 0 0 0 0
0 0 0 2 0 0 -2 0 -2 2 0 -2 -2 2 -2 0 0 0 0
0 0 0 -2 0 0 2 0 2 -2 0 -2 -2 2 -2 0 0 0 0
0 0 0 2 0 0 -2 0 2 -2 0 -2 -2 2 -2 0 0 0 0
0 0 0 2 0 0 2 0 -2 -2 0 -2 -2 2 -2 0 0 0 0
0 0 0 -2 0 0 -2 0 -2 -2 0 -2 -2 2 -2 0 0 0 0
0 0 0 -2 0 0 2 0 2 2 0 2 2 -2 -2 0 0 0 0
0 0 0 2 0 0 -2 0 2 2 0 2 2 -2 -2 0 0 0 0
0 0 0 2 0 0 2 0 -2 2 0 2 2 -2 -2 0 0 0 0
0 0 0 -2 0 0 -2 0 -2 2 0 2 2 -2 -2 0 0 0 0
0 0 0 2 0 0 2 0 2 -2 0 2 2 -2 -2 0 0 0 0
0 0 0 -2 0 0 -2 0 2 -2 0 2 2 -2 -2 0 0 0 0
0 0 0 -2 0 0 2 0 -2 -2 0 2 2 -2 -2 0 0 0 0
0 0 0 2 0 0 -2 0 -2 -2 0 2 2 -2 -2 0 0 0 0
0 0 0 2 0 0 2 0 2 2 0 -2 2 -2 -2 0 0 0 0
0 0 0 -2 0 0 -2 0 2 2 0 -2 2 -2 -2 0 0 0 0
0 0 0 -2 0 0 2 0 -2 2 0 -2 2 -2 -2 0 0 0 0
0 0 0 2 0 0 -2 0 -2 2 0 -2 2 -2 -2 0 0 0 0
0 0 0 -2 0 0 2 0 2 -2 0 -2 2 -2 -2 0 0 0 0
0 0 0 2 0 0 -2 0 2 -2 0 -2 2 -2 -2 0 0 0 0
0 0 0 2 0 0 2 0 -2 -2 0 -2 2 -2 -2 0 0 0 0
0 0 0 -2 0 0 -2 0 -2 -2 0 -2 2 -2 -2 0 0 0 0
0 0 0 2 0 0 2 0 2 2 0 2 -2 -2 -2 0 0 0 0
0 0 0 -2 0 0 -2 0 2 2 0 2 -2 -2 -2 0 0 0 0
0 0 0 -2 0 0 2 0 -2 2 0 2 -2 -2 -2 0 0 0 0
0 0 0 2 0 0 -2 0 -2 2 0 2 -2 -2 -2 0 0 0 0
0 0 0 -2 0 0 2 0 2 -2 0 2 -2 -2 -2 0 0 0 0
0 0 0 2 0 0 -2 0 2 -2 0 2 -2 -2 -2 0 0 0 0
0 0 0 2 0 0 2 0 -2 -2 0 2 -2 -2 -2 0 0 0 0
0 0 0 -2 0 0 -2 0 -2 -2 0 2 -2 -2 -2 0 0 0 0
0 0 0 -2 0 0 2 0 2 2 0 -2 -2 -2 -2 0 0 0 0
0 0 0 2 0 0 -2 0 2 2 0 -2 -2 -2 -2 0 0 0 0
0 0 0 2 0 0 2 0 -2 2 0 -2 -2 -2 -2 0 0 0 0
0 0 0 -2 0 0 -2 0 -2 2 0 -2 -2 -2 -2 0 0 0 0
0 0 0 2 0 0 2 0 2 -2 0 -2 -2 -2 -2 0 0 0 0
0 0 0 -2 0 0 -2 0 2 -2 0 -2 -2 -2 -2 0 0 0 0
0 0 0 -2 0 0 2 0 -2 -2 0 -2 -2 -2 -2 0 0 0 0
0 0 0 2 0 0 -2 0 -2 -2 0 -2 -2 -2 -2 0 0 0 0
0 2 2 2 0 0 2 2 0 0 0 0 0 0 0 2 -2 0 -2
0 -2 -2 2 0 0 2 2 0 0 0 0 0 0 0 2 -2 0 -2
0 -2 2 -2 0 0 2 2 0 0 0 0 0 0 0 2 -2 0 -2
0 2 -2 -2 0 0 2 2 0 0 0 0 0 0 0 2 -2 0 -2
0 2 2 2 0 0 2 2 0 0 0 0 0 0 0 2 2 0 2
0 -2 -2 2 0 0 2 2 0 0 0 0 0 0 0 2 2 0 2
0 -2 2 -2 0 0 2 2 0 0 0 0 0 0 0 2 2 0 2
0 2 -2 -2 0 0 2 2 0 0 0 0 0 0 0 2 2 0 2
0 -2 2 2 0 0 -2 2 0 0 0 0 0 0 0 2 -2 0 -2
0 2 -2 2 0 0 -2 2 0 0 0 0 0 0 0 2 -2 0 -2
0 2 2 -2 0 0 -2 2 0 0 0 0 0 0 0 2 -2 0 -2
0 -2 -2 -2 0 0 -2 2 0 0 0 0 0 0 0 2 -2 0 -2
0 -2 2 2 0 0 -2 2 0 0 0 0 0 0 0 2 2 0 2
0 2 -2 2 0 0 -2 2 0 0 0 0 0 0 0 2 2 0 2
0 2 2 -2 0 0 -2 2 0 0 0 0 0 0 0 2 2 0 2
0 -2 -2 -2 0 0 -2 2 0 0 0 0 0 0 0 2 2 0 2
0 -2 2 2 0 0 2 -2 0 0 0 0 0 0 0 2 -2 0 -2
0 2 -2 2 0 0 2 -2 0 0 0 0 0 0 0 2 -2 0 -2
0 2 2 -2 0 0 2 -2 0 0 0 0 0 0 0 2 -2 0 -2
0 -2 -2 -2 0 0 2 -2 0 0 0 0 0 0 0 2 -2 0 -2
0 -2 2 2 0 0 2 -2 0 0 0 0 0 0 0 2 2 0 2
0 2 -2 2 0 0 2 -2 0 0 0 0 0 0 0 2 2 0 2
0 2 2 -2 0 0 2 -2 0 0 0 0 0 0 0 2 2 0 2
0 -2 -2 -2 0 0 2 -2 0 0 0 0 0 0 0 2 2 0 2
0 2 2 2 0 0 -2 -2 0 0 0 0 0 0 0 2 -2 0 -2
0 -2 -2 2 0 0 -2 -2 0 0 0 0 0 0 0 2 -2 0 -2
0 -2 2 -2 0 0 -2 -2 0 0 0 0 0 0 0 2 -2 0 -2
0 2 -2 -2 0 0 -2 -2 0 0 0 0 0 0 0 2 -2 0 -2
0 2 2 2 0 0 -2 -2 0 0 0 0 0 0 0 2 2 0 2
0 -2 -2 2 0 0 -2 -2 0 0 0 0 0 0 0 2 2 0 2
0 -2 2 -2 0 0 -2 -2 0 0 0 0 0 0 0 2 2 0 2
0 2 -2 -2 0 0 -2 -2 0 0 0 0 0 0 0 2 2 0 2
0 -2 2 2 0 0 2 2 0 0 0 0 0 0 0 -2 -2 0 -2
0 2 -2 2 0 0 2 2 0 0 0 0 0 0 0 -2 -2 0 -2
0 2 2 -2 0 0 2 2 0 0 0 0 0 0 0 -2 -2 0 -2
0 -2 -2 -2 0 0 2 2 0 0 0 0 0 0 0 -2 -2 0 -2
0 -2 2 2 0 0 2 2 0 0 0 0 0 0 0 -2 2 0 2
0 2 -2 2 0 0 2 2 0 0 0 0 0 0 0 -2 2 0 2
0 2 2 -2 0 0 2 2 0 0 0 0 0 0 0 -2 2 0 2
0 -2 -2 -2 0 0 2 2 0 0 0 0 0 0 0 -2 2 0 2
0 2 2 2 0 0 -2 2 0 0 0 0 0 0 0 -2 -2 0 -2
0 -2 -2 2 0 0 -2 2 0 0 0 0 0 0 0 -2 -2 0 -2
0 -2 2 -2 0 0 -2 2 0 0 0 0 0 0 0 -2 -2 0 -2
0 2 -2 -2 0 0 -2 2 0 0 0 0 0 0 0 -2 -2 0 -2
0 2 2 2 0 0 -2 2 0 0 0 0 0 0 0 -2 2 0 2
0 -2 -2 2 0 0 -2 2 0 0 0 0 0 0 0 -2 2 0 2
0 -2 2 -2 0 0 -2 2 0 0 0 0 0 0 0 -2 2 0 2
0 2 -2 -2 0 0 -2 2 0 0 0 0 0 0 0 -2 2 0 2
0 2 2 2 0 0 2 -2 0 0 0 0 0 0 0 -2 -2 0 -2
0 -2 -2 2 0 0 2 -2 0 0 0 0 0 0 0 -2 -2 0 -2
0 -2 2 -2 0 0 2 -2 0 0 0 0 0 0 0 -2 -2 0 -2
0 2 -2 -2 0 0 2 -2 0 0 0 0 0 0 0 -2 -2 0 -2
0 2 2 2 0 0 2 -2 0 0 0 0 0 0 0 -2 2 0 2
0 -2 -2 2 0 0 2 -2 0 0 0 0 0 0 0 -2 2 0 2
0 -2 2 -2 0 0 2 -2 0 0 0 0 0 0 0 -2 2 0 2
0 2 -2 -2 0 0 2 -2 0 0 0 0 0 0 0 -2 2 0 2
0 -2 2 2 0 0 -2 -2 0 0 0 0 0 0 0 -2 -2 0 -2
0 2 -2 2 0 0 -2 -2 0 0 0 0 0 0 0 -2 -2 0 -2
0 2 2 -2 0 0 -2 -2 0 0 0 0 0 0 0 -2 -2 0 -2
0 -2 -2 -2 0 0 -2 -2 0 0 0 0 0 0 0 -2 -2 0 -2
0 -2 2 2 0 0 -2 -2 0 0 0 0 0 0 0 -2 2 0 2
0 2 -2 2 0 0 -2 -2 0 0 0 0 0 0 0 -2 2 0 2
0 2 2 -2 0 0 -2 -2 0 0 0 0 0 0 0 -2 2 0 2
0 -2 -2 -2 0 0 -2 -2 0 0 0 0 0 0 0 -2 2 0 2
2 0 0 2 2 0 0 2 2 0 0 0 0 0 0 2 -2 2 0
-2 0 0 -2 2 0 0 2 2 0 0 0 0 0 0 2 -2 2 0
2 0 0 2 2 0 0 2 2 0 0 0 0 0 0 2 2 -2 0
-2 0 0 -2 2 0 0 2 2 0 0 0 0 0 0 2 2 -2 0
-2 0 0 2 -2 0 0 2 2 0 0 0 0 0 0 2 -2 2 0
2 0 0 -2 -2 0 0 2 2 0 0 0 0 0 0 2 -2 2 0
-2 0 0 2 -2 0 0 2 2 0 0 0 0 0 0 2 2 -2 0
2 0 0 -2 -2 0 0 2 2 0 0 0 0 0 0 2 2 -2 0
-2 0 0 2 2 0 0 -2 2 0 0 0 0 0 0 2 -2 2 0
2 0 0 -2 2 0 0 -2 2 0 0 0 0 0 0 2 -2 2 0
-2 0 0 2 2 0 0 -2 2 0 0 0 0 0 0 2 2 -2 0
2 0 0 -2 2 0 0 -2 2 0 0 0 0 0 0 2 2 -2 0
2 0 0 2 -2 0 0 -2 2 0 0 0 0 0 0 2 -2 2 0
-2 0 0 -2 -2 0 0 -2 2 0 0 0 0 0 0 2 -2 2 0
2 0 0 2 -2 0 0 -2 2 0 0 0 0 0 0 2 2 -2 0
-2 0 0 -2 -2 0 0 -2 2 0 0 0 0 0 0 2 2 -2 0
-2 0 0 2 2 0 0 2 -2 0 0 0 0 0 0 2 -2 2 0
2 0 0 -2 2 0 0 2 -2 0 0 0 0 0 0 2 -2 2 0
-2 0 0 2 2 0 0 2 -2 0 0 0 0 0 0 2 2 -2 0
2 0 0 -2 2 0 0 2 -2 0 0 0 0 0 0 2 2 -2 0
2 0 0 2 -2 0 0 2 -2 0 0 0 0 0 0 2 -2 2 0
-2 0 0 -2 -2 0 0 2 -2 0 0 0 0 0 0 2 -2 2 0
2 0 0 2 -2 0 0 2 -2 0 0 0 0 0 0 2 2 -2 0
-2 0 0 -2 -2 0 0 2 -2 0 0 0 0 0 0 2 2 -2 0
2 0 0 2 2 0 0 -2 -2 0 0 0 0 0 0 2 -2 2 0
-2 0 0 -2 2 0 0 -2 -2 0 0 0 0 0 0 2 -2 2 0
2 0 0 2 2 0 0 -2 -2 0 0 0 0 0 0 2 2 -2 0
-2 0 0 -2 2 0 0 -2 -2 0 0 0 0 0 0 2 2 -2 0
-2 0 0 2 -2 0 0 -2 -2 0 0 0 0 0 0 2 -2 2 0
2 0 0 -2 -2 0 0 -2 -2 0 0 0 0 0 0 2 -2 2 0
-2 0 0 2 -2 0 0 -2 -2 0 0 0 0 0 0 2 2 -2 0
2 0 0 -2 -2 0 0 -2 -2 0 0 0 0 0 0 2 2 -2 0
-2 0 0 2 2 0 0 2 2 0 0 0 0 0 0 -2 -2 2 0
2 0 0 -2 2 0 0 2 2 0 0 0 0 0 0 -2 -2 2 0
-2 0 0 2 2 0 0 2 2 0 0 0 0 0 0 -2 2 -2 0
2 0 0 -2 2 0 0 2 2 0 0 0 0 0 0 -2 2 -2 0
2 0 0 2 -2 0 0 2 2 0 0 0 0 0 0 -2 -2 2 0
-2 0 0 -2 -2 0 0 2 2 0 0 0 0 0 0 -2 -2 2 0
2 0 0 2 -2 0 0 2 2 0 0 0 0 0 0 -2 2 -2 0
-2 0 0 -2 -2 0 0 2 2 0 0 0 0 0 0 -2 2 -2 0
2 0 0 2 2 0 0 -2 2 0 0 0 0 0 0 -2 -2 2 0
-2 0 0 -2 2 0 0 -2 2 0 0 0 0 0 0 -2 -2 2 0
2 0 0 2 2 0 0 -2 2 0 0 0 0 0 0 -2 2 -2 0
-2 0 0 -2 2 0 0 -2 2 0 0 0 0 0 0 -2 2 -2 0
-2 0 0 2 -2 0 0 -2 2 0 0 0 0 0 0 -2 -2 2 0
2 0 0 -2 -2 0 0 -2 2 0 0 0 0 0 0 -2 -2 2 0
-2 0 0 2 -2 0 0 -2 2 0 0 0 0 0 0 -2 2 -2 0
2 0 0 -2 -2 0 0 -2 2 0 0 0 0 0 0 -2 2 -2 0
2 0 0 2 2 0 0 2 -2 0 0 0 0 0 0 -2 -2 2 0
-2 0 0 -2 2 0 0 2 -2 0 0 0 0 0 0 -2 -2 2 0
2 0 0 2 2 0 0 2 -2 0 0 0 0 0 0 -2 2 -2 0
-2 0 0 -2 2 0 0 2 -2 0 0 0 0 0 0 -2 2 -2 0
-2 0 0 2 -2 0 0 2 -2 0 0 0 0 0 0 -2 -2 2 0
2 0 0 -2 -2 0 0 2 -2 0 0 0 0 0 0 -2 -2 2 0
-2 0 0 2 -2 0 0 2 -2 0 0 0 0 0 0 -2 2 -2 0
2 0 0 -2 -2 0 0 2 -2 0 0 0 0 0 0 -2 2 -2 0
-2 0 0 2 2 0 0 -2 -2 0 0 0 0 0 0 -2 -2 2 0
2 0 0 -2 2 0 0 -2 -2 0 0 0 0 0 0 -2 -2 2 0
-2 0 0 2 2 0 0 -2 -2 0 0 0 0 0 0 -2 2 -2 0
2 0 0 -2 2 0 0 -2 -2 0 0 0 0 0 0 -2 2 -2 0
2 0 0 2 -2 0 0 -2 -2 0 0 0 0 0 0 -2 -2 2 0
-2 0 0 -2 -2 0 0 -2 -2 0 0 0 0 0 0 -2 -2 2 0
2 0 0 2 -2 0 0 -2 -2 0 0 0 0 0 0 -2 2 -2 0
-2 0 0 -2 -2 0 0 -2 -2 0 0 0 0 0 0 -2 2 -2 0
0 2 2 0 2 0 0 0 2 2 0 0 0 0 0 2 0 -2 2
0 -2 -2 0 2 0 0 0 2 2 0 0 0 0 0 2 0 -2 2
0 -2 2 0 -2 0 0 0 2 2 0 0 0 0 0 2 0 -2 2
0 2 -2 0 -2 0 0 0 2 2 0 0 0 0 0 2 0 -2 2
0 2 2 0 2 0 0 0 2 2 0 0 0 0 0 2 0 2 -2
0 -2 -2 0 2 0 0 0 2 2 0 0 0 0 0 2 0 2 -2
0 -2 2 0 -2 0 0 0 2 2 0 0 0 0 0 2 0 2 -2
0 2 -2 0 -2 0 0 0 2 2 0 0 0 0 0 2 0 2 -2
0 -2 2 0 2 0 0 0 -2 2 0 0 0 0 0 2 0 -2 2
0 2 -2 0 2 0 0 0 -2 2 0 0 0 0 0 2 0 -2 2
0 2 2 0 -2 0 0 0 -2 2 0 0 0 0 0 2 0 -2 2
0 -2 -2 0 -2 0 0 0 -2 2 0 0 0 0 0 2 0 -2 2
0 -2 2 0 2 0 0 0 -2 2 0 0 0 0 0 2 0 2 -2
0 2 -2 0 2 0 0 0 -2 2 0 0 0 0 0 2 0 2 -2
0 2 2 0 -2 0 0 0 -2 2 0 0 0 0 0 2 0 2 -2
0 -2 -2 0 -2 0 0 0 -2 2 0 0 0 0 0 2 0 2 -2
0 -2 2 0 2 0 0 0 2 -2 0 0 0 0 0 2 0 -2 2
0 2 -2 0 2 0 0 0 2 -2 0 0 0 0 0 2 0 -2 2
0 2 2 0 -2 0 0 0 2 -2 0 0 0 0 0 2 0 -2 2
0 -2 -2 0 -2 0 0 0 2 -2 0 0 0 0 0 2 0 -2 2
0 -2 2 0 2 0 0 0 2 -2 0 0 0 0 0 2 0 2 -2
0 2 -2 0 2 0 0 0 2 -2 0 0 0 0 0 2 0 2 -2
0 2 2 0 -2 0 0 0 2 -2 0 0 0 0 0 2 0 2 -2
0 -2 -2 0 -2 0 0 0 2 -2 0 0 0 0 0 2 0 2 -2
0 2 2 0 2 0 0 0 -2 -2 0 0 0 0 0 2 0 -2 2
0 -2 -2 0 2 0 0 0 -2 -2 0 0 0 0 0 2 0 -2 2
0 -2 2 0 -2 0 0 0 -2 -2 0 0 0 0 0 2 0 -2 2
0 2 -2 0 -2 0 0 0 -2 -2 0 0 0 0 0 2 0 -2 2
0 2 2 0 2 0 0 0 -2 -2 0 0 0 0 0 2 0 2 -2
0 -2 -2 0 2 0 0 0 -2 -2 0 0 0 0 0 2 0 2 -2
0 -2 2 0 -2 0 0 0 -2 -2 0 0 0 0 0 2 0 2 -2
0 2 -2 0 -2 0 0 0 -2 -2 0 0 0 0 0 2 0 2 -2
0 -2 2 0 2 0 0 0 2 2 0 0 0 0 0 -2 0 -2 2
0 2 -2 0 2 0 0 0 2 2 0 0 0 0 0 -2 0 -2 2
0 2 2 0 -2 0 0 0 2 2 0 0 0 0 0 -2 0 -2 2
0 -2 -2 0 -2 0 0 0 2 2 0 0 0 0 0 -2 0 -2 2
0 -2 2 0 2 0 0 0 2 2 0 0 0 0 0 -2 0 2 -2
0 2 -2 0 2 0 0 0 2 2 0 0 0 0 0 -2 0 2 -2
0 2 2 0 -2 0 0 0 2 2 0 0 0 0 0 -2 0 2 -2
0 -2 -2 0 -2 0 0 0 2 2 0 0 0 0 0 -2 0 2 -2
0 2 2 0 2 0 0 0 -2 2 0 0 0 0 0 -2 0 -2 2
0 -2 -2 0 2 0 0 0 -2 2 0 0 0 0 0 -2 0 -2 2
0 -2 2 0 -2 0 0 0 -2 2 0 0 0 0 0 -2 0 -2 2
0 2 -2 0 -2 0 0 0 -2 2 0 0 0 0 0 -2 0 -2 2
0 2 2 0 2 0 0 0 -2 2 0 0 0 0 0 -2 0 2 -2
0 -2 -2 0 2 0 0 0 -2 2 0 0 0 0 0 -2 0 2 -2
0 -2 2 0 -2 0 0 0 -2 2 0 0 0 0 0 -2 0 2 -2
0 2 -2 0 -2 0 0 0 -2 2 0 0 0 0 0 -2 0 2 -2
0 2 2 0 2 0 0 0 2 -2 0 0 0 0 0 -2 0 -2 2
0 -2 -2 0 2 0 0 0 2 -2 0 0 0 0 0 -2 0 -2 2
0 -2 2 0 -2 0 0 0 2 -2 0 0 0 0 0 -2 0 -2 2
0 2 -2 0 -2 0 0 0 2 -2 0 0 0 0 0 -2 0 -2 2
0 2 2 0 2 0 0 0 2 -2 0 0 0 0 0 -2 0 2 -2
0 -2 -2 0 2 0 0 0 2 -2 0 0 0 0 0 -2 0 2 -2
0 -2 2 0 -2 0 0 0 2 -2 0 0 0 0 0 -2 0 2 -2
0 2 -2 0 -2 0 0 0 2 -2 0 0 0 0 0 -2 0 2 -2
0 -2 2 0 2 0 0 0 -2 -2 0 0 0 0 0 -2 0 -2 2
0 2 -2 0 2 0 0 0 -2 -2 0 0 0 0 0 -2 0 -2 2
0 2 2 0 -2 0 0 0 -2 -2 0 0 0 0 0 -2 0 -2 2
0 -2 -2 0 -2 0 0 0 -2 -2 0 0 0 0 0 -2 0 -2 2
0 -2 2 0 2 0 0 0 -2 -2 0 0 0 0 0 -2 0 2 -2
0 2 -2 0 2 0 0 0 -2 -2 0 0 0 0 0 -2 0 2 -2
0 2 2 0 -2 0 0 0 -2 -2 0 0 0 0 0 -2 0 2 -2
0 -2 -2 0 -2 0 0 0 -2 -2 0 0 0 0 0 -2 0 2 -2
-2 2 2 0 2 2 0 2 0 0 2 0 0 0 0 2 0 0 0
2 -2 2 0 2 2 0 2 0 0 2 0 0 0 0 2 0 0 0
2 2 -2 0 2 2 0 2 0 0 2 0 0 0 0 2 0 0 0
-2 -2 -2 0 2 2 0 2 0 0 2 0 0 0 0 2 0 0 0
2 2 2 0 -2 2 0 2 0 0 2 0 0 0 0 2 0 0 0
-2 -2 2 0 -2 2 0 2 0 0 2 0 0 0 0 2 0 0 0
-2 2 -2 0 -2 2 0 2 0 0 2 0 0 0 0 2 0 0 0
2 -2 -2 0 -2 2 0 2 0 0 2 0 0 0 0 2 0 0 0
2 2 2 0 2 -2 0 2 0 0 2 0 0 0 0 2 0 0 0
-2 -2 2 0 2 -2 0 2 0 0 2 0 0 0 0 2 0 0 0
-2 2 -2 0 2 -2 0 2 0 0 2 0 0 0 0 2 0 0 0
2 -2 -2 0 2 -2 0 2 0 0 2 0 0 0 0 2 0 0 0
-2 2 2 0 -2 -2 0 2 0 0 2 0 0 0 0 2 0 0 0
2 -2 2 0 -2 -2 0 2 0 0 2 0 0 0 0 2 0 0 0
2 2 -2 0 -2 -2 0 2 0 0 2 0 0 0 0 2 0 0 0
-2 -2 -2 0 -2 -2 0 2 0 0 2 0 0 0 0 2 0 0 0
2 2 2 0 2 2 0 -2 0 0 2 0 0 0 0 2 0 0 0
-2 -2 2 0 2 2 0 -2 0 0 2 0 0 0 0 2 0 0 0
-2 2 -2 0 2 2 0 -2 0 0 2 0 0 0 0 2 0 0 0
2 -2 -2 0 2 2 0 -2 0 0 2 0 0 0 0 2 0 0 0
-2 2 2 0 -2 2 0 -2 0 0 2 0 0 0 0 2 0 0 0
2 -2 2 0 -2 2 0 -2 0 0 2 0 0 0 0 2 0 0 0
2 2 -2 0 -2 2 0 -2 0 0 2 0 0 0 0 2 0 0 0
-2 -2 -2 0 -2 2 0 -2 0 0 2 0 0 0 0 2 0 0 0
-2 2 2 0 2 -2 0 -2 0 0 2 0 0 0 0 2 0 0 0
2 -2 2 0 2 -2 0 -2 0 0 2 0 0 0 0 2 0 0 0
2 2 -2 0 2 -2 0 -2 0 0 2 0 0 0 0 2 0 0 0
-2 -2 -2 0 2 -2 0 -2 0 0 2 0 0 0 0 2 0 0 0
2 2 2 0 -2 -2 0 -2 0 0 2 0 0 0 0 2 0 0 0
-2 -2 2 0 -2 -2 0 -2 0 0 2 0 0 0 0 2 0 0 0
-2 2 -2 0 -2 -2 0 -2 0 0 2 0 0 0 0 2 0 0 0
2 -2 -2 0 -2 -2 0 -2 0 0 2 0 0 0 0 2 0 0 0
2 2 2 0 2 2 0 2 0 0 -2 0 0 0 0 2 0 0 0
-2 -2 2 0 2 2 0 2 0 0 -2 0 0 0 0 2 0 0 0
-2 2 -2 0 2 2 0 2 0 0 -2 0 0 0 0 2 0 0 0
2 -2 -2 0 2 2 0 2 0 0 -2 0 0 0 0 2 0 0 0
-2 2 2 0 -2 2 0 2 0 0 -2 0 0 0 0 2 0 0 0
2 -2 2 0 -2 2 0 2 0 0 -2 0 0 0 0 2 0 0 0
2 2 -2 0 -2 2 0 2 0 0 -2 0 0 0 0 2 0 0 0
-2 -2 -2 0 -2 2 0 2 0 0 -2 0 0 0 0 2 0 0 0
-2 2 2 0 2 -2 0 2 0 0 -2 0 0 0 0 2 0 0 0
2 -2 2 0 2 -2 0 2 0 0 -2 0 0 0 0 2 0 0 0
2 2 -2 0 2 -2 0 2 0 0 -2 0 0 0 0 2 0 0 0
-2 -2 -2 0 2 -2 0 2 0 0 -2 0 0 0 0 2 0 0 0
2 2 2 0 -2 -2 0 2 0 0 -2 0 0 0 0 2 0 0 0
-2 -2 2 0 -2 -2 0 2 0 0 -2 0 0 0 0 2 0 0 0
-2 2 -2 0 -2 -2 0 2 0 0 -2 0 0 0 0 2 0 0 0
2 -2 -2 0 -2 -2 0 2 0 0 -2 0 0 0 0 2 0 0 0
-2 2 2 0 2 2 0 -2 0 0 -2 0 0 0 0 2 0 0 0
2 -2 2 0 2 2 0 -2 0 0 -2 0 0 0 0 2 0 0 0
2 2 -2 0 2 2 0 -2 0 0 -2 0 0 0 0 2 0 0 0
-2 -2 -2 0 2 2 0 -2 0 0 -2 0 0 0 0 2 0 0 0
2 2 2 0 -2 2 0 -2 0 0 -2 0 0 0 0 2 0 0 0
-2 -2 2 0 -2 2 0 -2 0 0 -2 0 0 0 0 2 0 0 0
-2 2 -2 0 -2 2 0 -2 0 0 -2 0 0 0 0 2 0 0 0
2 -2 -2 0 -2 2 0 -2 0 0 -2 0 0 0 0 2 0 0 0
2 2 2 0 2 -2 0 -2 0 0 -2 0 0 0 0 2 0 0 0
-2 -2 2 0 2 -2 0 -2 0 0 -2 0 0 0 0 2 0 0 0
-2 2 -2 0 2 -2 0 -2 0 0 -2 0 0 0 0 2 0 0 0
2 -2 -2 0 2 -2 0 -2 0 0 -2 0 0 0 0 2 0 0 0
-2 2 2 0 -2 -2 0 -2 0 0 -2 0 0 0 0 2 0 0 0
2 -2 2 0 -2 -2 0 -2 0 0 -2 0 0 0 0 2 0 0 0
2 2 -2 0 -2 -2 0 -2 0 0 -2 0 0 0 0 2 0 0 0
-2 -2 -2 0 -2 -2 0 -2 0 0 -2 0 0 0 0 2 0 0 0
2 2 2 0 2 2 0 2 0 0 2 0 0 0 0 -2 0 0 0
-2 -2 2 0 2 2 0 2 0 0 2 0 0 0 0 -2 0 0 0
-2 2 -2 0 2 2 0 2 0 0 2 0 0 0 0 -2 0 0 0
2 -2 -2 0 2 2 0 2 0 0 2 0 0 0 0 -2 0 0 0
-2 2 2 0 -2 2 0 2 0 0 2 0 0 0 0 -2 0 0 0
2 -2 2 0 -2 2 0 2 0 0 2 0 0 0 0 -2 0 0 0
2 2 -2 0 -2 2 0 2 0 0 2 0 0 0 0 -2 0 0 0
-2 -2 -2 0 -2 2 0 2 0 0 2 0 0 0 0 -2 0 0 0
-2 2 2 0 2 -2 0 2 0 0 2 0 0 0 0 -2 0 0 0
2 -2 2 0 2 -2 0 2 0 0 2 0 0 0 0 -2 0 0 0
2 2 -2 0 2 -2 0 2 0 0 2 0 0 0 0 -2 0 0 0
-2 -2 -2 0 2 -2 0 2 0 0 2 0 0 0 0 -2 0 0 0
2 2 2 0 -2 -2 0 2 0 0 2 0 0 0 0 -2 0 0 0
-2 -2 2 0 -2 -2 0 2 0 0 2 0 0 0 0 -2 0 0 0
-2 2 -2 0 -2 -2 0 2 0 0 2 0 0 0 0 -2 0 0 0
2 -2 -2 0 -2 -2 0 2 0 0 2 0 0 0 0 -2 0 0 0
-2 2 2 0 2 2 0 -2 0 0 2 0 0 0 0 -2 0 0 0
2 -2 2 0 2 2 0 -2 0 0 2 0 0 0 0 -2 0 0 0
2 2 -2 0 2 2 0 -2 0 0 2 0 0 0 0 -2 0 0 0
-2 -2 -2 0 2 2 0 -2 0 0 2 0 0 0 0 -2 0 0 0
2 2 2 0 -2 2 0 -2 0 0 2 0 0 0 0 -2 0 0 0
-2 -2 2 0 -2 2 0 -2 0 0 2 0 0 0 0 -2 0 0 0
-2 2 -2 0 -2 2 0 -2 0 0 2 0 0 0 0 -2 0 0 0
2 -2 -2 0 -2 2 0 -2 0 0 2 0 0 0 0 -2 0 0 0
2 2 2 0 2 -2 0 -2 0 0 2 0 0 0 0 -2 0 0 0
-2 -2 2 0 2 -2 0 -2 0 0 2 0 0 0 0 -2 0 0 0
-2 2 -2 0 2 -2 0 -2 0 0 2 0 0 0 0 -2 0 0 0
2 -2 -2 0 2 -2 0 -2 0 0 2 0 0 0 0 -2 0 0 0
-2 2 2 0 -2 -2 0 -2 0 0 2 0 0 0 0 -2 0 0 0
2 -2 2 0 -2 -2 0 -2 0 0 2 0 0 0 0 -2 0 0 0
2 2 -2 0 -2 -2 0 -2 0 0 2 0 0 0 0 -2 0 0 0
-2 -2 -2 0 -2 -2 0 -2 0 0 2 0 0 0 0 -2 0 0 0
-2 2 2 0 2 2 0 2 0 0 -2 0 0 0 0 -2 0 0 0
2 -2 2 0 2 2 0 2 0 0 -2 0 0 0 0 -2 0 0 0
2 2 -2 0 2 2 0 2 0 0 -2 0 0 0 0 -2 0 0 0
-2 -2 -2 0 2 2 0 2 0 0 -2 0 0 0 0 -2 0 0 0
2 2 2 0 -2 2 0 2 0 0 -2 0 0 0 0 -2 0 0 0
-2 -2 2 0 -2 2 0 2 0 0 -2 0 0 0 0 -2 0 0 0
-2 2 -2 0 -2 2 0 2 0 0 -2 0 0 0 0 -2 0 0 0
2 -2 -2 0 -2 2 0 2 0 0 -2 0 0 0 0 -2 0 0 0
2 2 2 0 2 -2 0 2 0 0 -2 0 0 0 0 -2 0 0 0
-2 -2 2 0 2 -2 0 2 0 0 -2 0 0 0 0 -2 0 0 0
-2 2 -2 0 2 -2 0 2 0 0 -2 0 0 0 0 -2 0 0 0
2 -2 -2 0 2 -2 0 2 0 0 -2 0 0 0 0 -2 0 0 0
-2 2 2 0 -2 -2 0 2 0 0 -2 0 0 0 0 -2 0 0 0
2 -2 2 0 -2 -2 0 2 0 0 -2 0 0 0 0 -2 0 0 0
2 2 -2 0 -2 -2 0 2 0 0 -2 0 0 0 0 -2 0 0 0
-2 -2 -2 0 -2 -2 0 2 0 0 -2 0 0 0 0 -2 0 0 0
2 2 2 0 2 2 0 -2 0 0 -2 0 0 0 0 -2 0 0 0
-2 -2 2 0 2 2 0 -2 0 0 -2 0 0 0 0 -2 0 0 0
-2 2 -2 0 2 2 0 -2 0 0 -2 0 0 0 0 -2 0 0 0
2 -2 -2 0 2 2 0 -2 0 0 -2 0 0 0 0 -2 0 0 0
-2 2 2 0 -2 2 0 -2 0 0 -2 0 0 0 0 -2 0 0 0
2 -2 2 0 -2 2 0 -2 0 0 -2 0 0 0 0 -2 0 0 0
2 2 -2 0 -2 2 0 -2 0 0 -2 0 0 0 0 -2 0 0 0
-2 -2 -2 0 -2 2 0 -2 0 0 -2 0 0 0 0 -2 0 0 0
-2 2 2 0 2 -2 0 -2 0 0 -2 0 0 0 0 -2 0 0 0
2 -2 2 0 2 -2 0 -2 0 0 -2 0 0 0 0 -2 0 0 0
2 2 -2 0 2 -2 0 -2 0 0 -2 0 0 0 0 -2 0 0 0
-2 -2 -2 0 2 -2 0 -2 0 0 -2 0 0 0 0 -2 0 0 0
2 2 2 0 -2 -2 0 -2 0 0 -2 0 0 0 0 -2 0 0 0
-2 -2 2 0 -2 -2 0 -2 0 0 -2 0 0 0 0 -2 0 0 0
-2 2 -2 0 -2 -2 0 -2 0 0 -2 0 0 0 0 -2 0 0 0
2 -2 -2 0 -2 -2 0 -2 0 0 -2 0 0 0 0 -2 0 0 0
0 0 0 0 0 2 2 2 2 0 2 0 0 0 0 2 0 -2 -2
0 0 0 0 0 2 2 2 2 0 2 0 0 0 0 2 0 2 2
0 0 0 0 0 -2 -2 2 2 0 2 0 0 0 0 2 0 -2 -2
0 0 0 0 0 -2 -2 2 2 0 2 0 0 0 0 2 0 2 2
0 0 0 0 0 -2 2 -2 2 0 2 0 0 0 0 2 0 -2 -2
0 0 0 0 0 -2 2 -2 2 0 2 0 0 0 0 2 0 2 2
0 0 0 0 0 2 -2 -2 2 0 2 0 0 0 0 2 0 -2 -2
0 0 0 0 0 2 -2 -2 2 0 2 0 0 0 0 2 0 2 2
0 0 0 0 0 -2 2 2 -2 0 2 0 0 0 0 2 0 -2 -2
0 0 0 0 0 -2 2 2 -2 0 2 0 0 0 0 2 0 2 2
0 0 0 0 0 2 -2 2 -2 0 2 0 0 0 0 2 0 -2 -2
0 0 0 0 0 2 -2 2 -2 0 2 0 0 0 0 2 0 2 2
0 0 0 0 0 2 2 -2 -2 0 2 0 0 0 0 2 0 -2 -2
0 0 0 0 0 2 2 -2 -2 0 2 0 0 0 0 2 0 2 2
0 0 0 0 0 -2 -2 -2 -2 0 2 0 0 0 0 2 0 -2 -2
0 0 0 0 0 -2 -2 -2 -2 0 2 0 0 0 0 2 0 2 2
0 0 0 0 0 -2 2 2 2 0 -2 0 0 0 0 2 0 -2 -2
0 0 0 0 0 -2 2 2 2 0 -2 0 0 0 0 2 0 2 2
0 0 0 0 0 2 -2 2 2 0 -2 0 0 0 0 2 0 -2 -2
0 0 0 0 0 2 -2 2 2 0 -2 0 0 0 0 2 0 2 2
0 0 0 0 0 2 2 -2 2 0 -2 0 0 0 0 2 0 -2 -2
0 0 0 0 0 2 2 -2 2 0 -2 0 0 0 0 2 0 2 2
0 0 0 0 0 -2 -2 -2 2 0 -2 0 0 0 0 2 0 -2 -2
0 0 0 0 0 -2 -2 -2 2 0 -2 0 0 0 0 2 0 2 2
0 0 0 0 0 2 2 2 -2 0 -2 0 0 0 0 2 0 -2 -2
0 0 0 0 0 2 2 2 -2 0 -2 0 0 0 0 2 0 2 2
0 0 0 0 0 -2 -2 2 -2 0 -2 0 0 0 0 2 0 -2 -2
0 0 0 0 0 -2 -2 2 -2 0 -2 0 0 0 0 2 0 2 2
0 0 0 0 0 -2 2 -2 -2 0 -2 0 0 0 0 2 0 -2 -2
0 0 0 0 0 -2 2 -2 -2 0 -2 0 0 0 0 2 0 2 2
0 0 0 0 0 2 -2 -2 -2 0 -2 0 0 0 0 2 0 -2 -2
0 0 0 0 0 2 -2 -2 -2 0 -2 0 0 0 0 2 0 2 2
0 0 0 0 0 -2 2 2 2 0 2 0 0 0 0 -2 0 -2 -2
0 0 0 0 0 -2 2 2 2 0 2 0 0 0 0 -2 0 2 2
0 0 0 0 0 2 -2 2 2 0 2 0 0 0 0 -2 0 -2 -2
0 0 0 0 0 2 -2 2 2 0 2 0 0 0 0 -2 0 2 2
0 0 0 0 0 2 2 -2 2 0 2 0 0 0 0 -2 0 -2 -2
0 0 0 0 0 2 2 -2 2 0 2 0 0 0 0 -2 0 2 2
0 0 0 0 0 -2 -2 -2 2 0 2 0 0 0 0 -2 0 -2 -2
0 0 0 0 0 -2 -2 -2 2 0 2 0 0 0 0 -2 0 2 2
0 0 0 0 0 2 2 2 -2 0 2 0 0 0 0 -2 0 -2 -2
0 0 0 0 0 2 2 2 -2 0 2 0 0 0 0 -2 0 2 2
0 0 0 0 0 -2 -2 2 -2 0 2 0 0 0 0 -2 0 -2 -2
0 0 0 0 0 -2 -2 2 -2 0 2 0 0 0 0 -2 0 2 2
0 0 0 0 0 -2 2 -2 -2 0 2 0 0 0 0 -2 0 -2 -2
0 0 0 0 0 -2 2 -2 -2 0 2 0 0 0 0 -2 0 2 2
0 0 0 0 0 2 -2 -2 -2 0 2 0 0 0 0 -2 0 -2 -2
0 0 0 0 0 2 -2 -2 -2 0 2 0 0 0 0 -2 0 2 2
0 0 0 0 0 2 2 2 2 0 -2 0 0 0 0 -2 0 -2 -2
0 0 0 0 0 2 2 2 2 0 -2 0 0 0 0 -2 0 2 2
0 0 0 0 0 -2 -2 2 2 0 -2 0 0 0 0 -2 0 -2 -2
0 0 0 0 0 -2 -2 2 2 0 -2 0 0 0 0 -2 0 2 2
0 0 0 0 0 -2 2 -2 2 0 -2 0 0 0 0 -2 0 -2 -2
0 0 0 0 0 -2 2 -2 2 0 -2 0 0 0 0 -2 0 2 2
0 0 0 0 0 2 -2 -2 2 0 -2 0 0 0 0 -2 0 -2 -2
0 0 0 0 0 2 -2 -2 2 0 -2 0 0 0 0 -2 0 2 2
0 0 0 0 0 -2 2 2 -2 0 -2 0 0 0 0 -2 0 -2 -2
0 0 0 0 0 -2 2 2 -2 0 -2 0 0 0 0 -2 0 2 2
0 0 0 0 0 2 -2 2 -2 0 -2 0 0 0 0 -2 0 -2 -2
0 0 0 0 0 2 -2 2 -2 0 -2 0 0 0 0 -2 0 2 2
0 0 0 0 0 2 2 -2 -2 0 -2 0 0 0 0 -2 0 -2 -2
0 0 0 0 0 2 2 -2 -2 0 -2 0 0 0 0 -2 0 2 2
0 0 0 0 0 -2 -2 -2 -2 0 -2 0 0 0 0 -2 0 -2 -2
0 0 0 0 0 -2 -2 -2 -2 0 -2 0 0 0 0 -2 0 2 2
0 0 0 2 2 2 0 0 0 2 2 0 0 0 0 2 -2 0 2
0 0 0 -2 -2 2 0 0 0 2 2 0 0 0 0 2 -2 0 2
0 0 0 2 2 2 0 0 0 2 2 0 0 0 0 2 2 0 -2
0 0 0 -2 -2 2 0 0 0 2 2 0 0 0 0 2 2 0 -2
0 0 0 -2 2 -2 0 0 0 2 2 0 0 0 0 2 -2 0 2
0 0 0 2 -2 -2 0 0 0 2 2 0 0 0 0 2 -2 0 2
0 0 0 -2 2 -2 0 0 0 2 2 0 0 0 0 2 2 0 -2
0 0 0 2 -2 -2 0 0 0 2 2 0 0 0 0 2 2 0 -2
0 0 0 -2 2 2 0 0 0 -2 2 0 0 0 0 2 -2 0 2
0 0 0 2 -2 2 0 0 0 -2 2 0 0 0 0 2 -2 0 2
0 0 0 -2 2 2 0 0 0 -2 2 0 0 0 0 2 2 0 -2
0 0 0 2 -2 2 0 0 0 -2 2 0 0 0 0 2 2 0 -2
0 0 0 2 2 -2 0 0 0 -2 2 0 0 0 0 2 -2 0 2
0 0 0 -2 -2 -2 0 0 0 -2 2 0 0 0 0 2 -2 0 2
0 0 0 2 2 -2 0 0 0 -2 2 0 0 0 0 2 2 0 -2
0 0 0 -2 -2 -2 0 0 0 -2 2 0 0 0 0 2 2 0 -2
0 0 0 -2 2 2 0 0 0 2 -2 0 0 0 0 2 -2 0 2
0 0 0 2 -2 2 0 0 0 2 -2 0 0 0 0 2 -2 0 2
0 0 0 -2 2 2 0 0 0 2 -2 0 0 0 0 2 2 0 -2
0 0 0 2 -2 2 0 0 0 2 -2 0 0 0 0 2 2 0 -2
0 0 0 2 2 -2 0 0 0 2 -2 0 0 0 0 2 -2 0 2
0 0 0 -2 -2 -2 0 0 0 2 -2 0 0 0 0 2 -2 0 2
0 0 0 2 2 -2 0 0 0 2 -2 0 0 0 0 2 2 0 -2
0 0 0 -2 -2 -2 0 0 0 2 -2 0 0 0 0 2 2 0 -2
0 0 0 2 2 2 0 0 0 -2 -2 0 0 0 0 2 -2 0 2
0 0 0 -2 -2 2 0 0 0 -2 -2 0 0 0 0 2 -2 0 2
0 0 0 2 2 2 0 0 0 -2 -2 0 0 0 0 2 2 0 -2
0 0 0 -2 -2 2 0 0 0 -2 -2 0 0 0 0 2 2 0 -2
0 0 0 -2 2 -2 0 0 0 -2 -2 0 0 0 0 2 -2 0 2
0 0 0 2 -2 -2 0 0 0 -2 -2 0 0 0 0 2 -2 0 2
0 0 0 -2 2 -2 0 0 0 -2 -2 0 0 0 0 2 2 0 -2
0 0 0 2 -2 -2 0 0 0 -2 -2 0 0 0 0 2 2 0 -2
0 0 0 -2 2 2 0 0 0 2 2 0 0 0 0 -2 -2 0 2
0 0 0 2 -2 2 0 0 0 2 2 0 0 0 0 -2 -2 0 2
0 0 0 -2 2 2 0 0 0 2 2 0 0 0 0 -2 2 0 -2
0 0 0 2 -2 2 0 0 0 2 2 0 0 0 0 -2 2 0 -2
0 0 0 2 2 -2 0 0 0 2 2 0 0 0 0 -2 -2 0 2
0 0 0 -2 -2 -2 0 0 0 2 2 0 0 0 0 -2 -2 0 2
0 0 0 2 2 -2 0 0 0 2 2 0 0 0 0 -2 2 0 -2
0 0 0 -2 -2 -2 0 0 0 2 2 0 0 0 0 -2 2 0 -2
0 0 0 2 2 2 0 0 0 -2 2 0 0 0 0 -2 -2 0 2
0 0 0 -2 -2 2 0 0 0 -2 2 0 0 0 0 -2 -2 0 2
0 0 0 2 2 2 0 0 0 -2 2 0 0 0 0 -2 2 0 -2
0 0 0 -2 -2 2 0 0 0 -2 2 0 0 0 0 -2 2 0 -2
0 0 0 -2 2 -2 0 0 0 -2 2 0 0 0 0 -2 -2 0 2
0 0 0 2 -2 -2 0 0 0 -2 2 0 0 0 0 -2 -2 0 2
0 0 0 -2 2 -2 0 0 0 -2 2 0 0 0 0 -2 2 0 -2
0 0 0 2 -2 -2 0 0 0 -2 2 0 0 0 0 -2 2 0 -2
0 0 0 2 2 2 0 0 0 2 -2 0 0 0 0 -2 -2 0 2
0 0 0 -2 -2 2 0 0 0 2 -2 0 0 0 0 -2 -2 0 2
0 0 0 2 2 2 0 0 0 2 -2 0 0 0 0 -2 2 0 -2
0 0 0 -2 -2 2 0 0 0 2 -2 0 0 0 0 -2 2 0 -2
0 0 0 -2 2 -2 0 0 0 2 -2 0 0 0 0 -2 -2 0 2
0 0 0 2 -2 -2 0 0 0 2 -2 0 0 0 0 -2 -2 0 2
0 0 0 -2 2 -2 0 0 0 2 -2 0 0 0 0 -2 2 0 -2
0 0 0 2 -2 -2 0 0 0 2 -2 0 0 0 0 -2 2 0 -2
0 0 0 -2 2 2 0 0 0 -2 -2 0 0 0 0 -2 -2 0 2
0 0 0 2 -2 2 0 0 0 -2 -2 0 0 0 0 -2 -2 0 2
0 0 0 -2 2 2 0 0 0 -2 -2 0 0 0 0 -2 2 0 -2
0 0 0 2 -2 2 0 0 0 -2 -2 0 0 0 0 -2 2 0 -2
0 0 0 2 2 -2 0 0 0 -2 -2 0 0 0 0 -2 -2 0 2
0 0 0 -2 -2 -2 0 0 0 -2 -2 0 0 0 0 -2 -2 0 2
0 0 0 2 2 -2 0 0 0 -2 -2 0 0 0 0 -2 2 0 -2
0 0 0 -2 -2 -2 0 0 0 -2 -2 0 0 0 0 -2 2 0 -2
2 0 2 2 2 0 0 0 0 0 0 2 0 0 0 2 -2 -2 0
-2 0 -2 2 2 0 0 0 0 0 0 2 0 0 0 2 -2 -2 0
-2 0 2 -2 2 0 0 0 0 0 0 2 0 0 0 2 -2 -2 0
2 0 -2 -2 2 0 0 0 0 0 0 2 0 0 0 2 -2 -2 0
-2 0 2 2 -2 0 0 0 0 0 0 2 0 0 0 2 -2 -2 0
2 0 -2 2 -2 0 0 0 0 0 0 2 0 0 0 2 -2 -2 0
2 0 2 -2 -2 0 0 0 0 0 0 2 0 0 0 2 -2 -2 0
-2 0 -2 -2 -2 0 0 0 0 0 0 2 0 0 0 2 -2 -2 0
2 0 2 2 2 0 0 0 0 0 0 2 0 0 0 2 2 2 0
-2 0 -2 2 2 0 0 0 0 0 0 2 0 0 0 2 2 2 0
-2 0 2 -2 2 0 0 0 0 0 0 2 0 0 0 2 2 2 0
2 0 -2 -2 2 0 0 0 0 0 0 2 0 0 0 2 2 2 0
-2 0 2 2 -2 0 0 0 0 0 0 2 0 0 0 2 2 2 0
2 0 -2 2 -2 0 0 0 0 0 0 2 0 0 0 2 2 2 0
2 0 2 -2 -2 0 0 0 0 0 0 2 0 0 0 2 2 2 0
-2 0 -2 -2 -2 0 0 0 0 0 0 2 0 0 0 2 2 2 0
-2 0 2 2 2 0 0 0 0 0 0 -2 0 0 0 2 -2 -2 0
2 0 -2 2 2 0 0 0 0 0 0 -2 0 0 0 2 -2 -2 0
2 0 2 -2 2 0 0 0 0 0 0 -2 0 0 0 2 -2 -2 0
-2 0 -2 -2 2 0 0 0 0 0 0 -2 0 0 0 2 -2 -2 0
2 0 2 2 -2 0 0 0 0 0 0 -2 0 0 0 2 -2 -2 0
-2 0 -2 2 -2 0 0 0 0 0 0 -2 0 0 0 2 -2 -2 0
-2 0 2 -2 -2 0 0 0 0 0 0 -2 0 0 0 2 -2 -2 0
2 0 -2 -2 -2 0 0 0 0 0 0 -2 0 0 0 2 -2 -2 0
-2 0 2 2 2 0 0 0 0 0 0 -2 0 0 0 2 2 2 0
2 0 -2 2 2 0 0 0 0 0 0 -2 0 0 0 2 2 2 0
2 0 2 -2 2 0 0 0 0 0 0 -2 0 0 0 2 2 2 0
-2 0 -2 -2 2 0 0 0 0 0 0 -2 0 0 0 2 2 2 0
2 0 2 2 -2 0 0 0 0 0 0 -2 0 0 0 2 2 2 0
-2 0 -2 2 -2 0 0 0 0 0 0 -2 0 0 0 2 2 2 0
-2 0 2 -2 -2 0 0 0 0 0 0 -2 0 0 0 2 2 2 0
2 0 -2 -2 -2 0 0 0 0 0 0 -2 0 0 0 2 2 2 0
-2 0 2 2 2 0 0 0 0 0 0 2 0 0 0 -2 -2 -2 0
2 0 -2 2 2 0 0 0 0 0 0 2 0 0 0 -2 -2 -2 0
2 0 2 -2 2 0 0 0 0 0 0 2 0 0 0 -2 -2 -2 0
-2 0 -2 -2 2 0 0 0 0 0 0 2 0 0 0 -2 -2 -2 0
2 0 2 2 -2 0 0 0 0 0 0 2 0 0 0 -2 -2 -2 0
-2 0 -2 2 -2 0 0 0 0 0 0 2 0 0 0 -2 -2 -2 0
-2 0 2 -2 -2 0 0 0 0 0 0 2 0 0 0 -2 -2 -2 0
2 0 -2 -2 -2 0 0 0 0 0 0 2 0 0 0 -2 -2 -2 0
-2 0 2 2 2 0 0 0 0 0 0 2 0 0 0 -2 2 2 0
2 0 -2 2 2 0 0 0 0 0 0 2 0 0 0 -2 2 2 0
2 0 2 -2 2 0 0 0 0 0 0 2 0 0 0 -2 2 2 0
-2 0 -2 -2 2 0 0 0 0 0 0 2 0 0 0 -2 2 2 0
2 0 2 2 -2 0 0 0 0 0 0 2 0 0 0 -2 2 2 0
-2 0 -2 2 -2 0 0 0 0 0 0 2 0 0 0 -2 2 2 0
-2 0 2 -2 -2 0 0 0 0 0 0 2 0 0 0 -2 2 2 0
2 0 -2 -2 -2 0 0 0 0 0 0 2 0 0 0 -2 2 2 0
2 0 2 2 2 0 0 0 0 0 0 -2 0 0 0 -2 -2 -2 0
-2 0 -2 2 2 0 0 0 0 0 0 -2 0 0 0 -2 -2 -2 0
-2 0 2 -2 2 0 0 0 0 0 0 -2 0 0 0 -2 -2 -2 0
2 0 -2 -2 2 0 0 0 0 0 0 -2 0 0 0 -2 -2 -2 0
-2 0 2 2 -2 0 0 0 0 0 0 -2 0 0 0 -2 -2 -2 0
2 0 -2 2 -2 0 0 0 0 0 0 -2 0 0 0 -2 -2 -2 0
2 0 2 -2 -2 0 0 0 0 0 0 -2 0 0 0 -2 -2 -2 0
-2 0 -2 -2 -2 0 0 0 0 0 0 -2 0 0 0 -2 -2 -2 0
2 0 2 2 2 0 0 0 0 0 0 -2 0 0 0 -2 2 2 0
-2 0 -2 2 2 0 0 0 0 0 0 -2 0 0 0 -2 2 2 0
-2 0 2 -2 2 0 0 0 0 0 0 -2 0 0 0 -2 2 2 0
2 0 -2 -2 2 0 0 0 0 0 0 -2 0 0 0 -2 2 2 0
-2 0 2 2 -2 0 0 0 0 0 0 -2 0 0 0 -2 2 2 0
2 0 -2 2 -2 0 0 0 0 0 0 -2 0 0 0 -2 2 2 0
2 0 2 -2 -2 0 0 0 0 0 0 -2 0 0 0 -2 2 2 0
-2 0 -2 -2 -2 0 0 0 0 0 0 -2 0 0 0 -2 2 2 0
0 2 0 2 0 0 2 0 2 0 0 2 0 0 0 2 -2 0 2
0 -2 0 -2 0 0 2 0 2 0 0 2 0 0 0 2 -2 0 2
0 2 0 2 0 0 2 0 2 0 0 2 0 0 0 2 2 0 -2
0 -2 0 -2 0 0 2 0 2 0 0 2 0 0 0 2 2 0 -2
0 -2 0 2 0 0 -2 0 2 0 0 2 0 0 0 2 -2 0 2
0 2 0 -2 0 0 -2 0 2 0 0 2 0 0 0 2 -2 0 2
0 -2 0 2 0 0 -2 0 2 0 0 2 0 0 0 2 2 0 -2
0 2 0 -2 0 0 -2 0 2 0 0 2 0 0 0 2 2 0 -2
0 -2 0 2 0 0 2 0 -2 0 0 2 0 0 0 2 -2 0 2
0 2 0 -2 0 0 2 0 -2 0 0 2 0 0 0 2 -2 0 2
0 -2 0 2 0 0 2 0 -2 0 0 2 0 0 0 2 2 0 -2
0 2 0 -2 0 0 2 0 -2 0 0 2 0 0 0 2 2 0 -2
0 2 0 2 0 0 -2 0 -2 0 0 2 0 0 0 2 -2 0 2
0 -2 0 -2 0 0 -2 0 -2 0 0 2 0 0 0 2 -2 0 2
0 2 0 2 0 0 -2 0 -2 0 0 2 0 0 0 2 2 0 -2
0 -2 0 -2 0 0 -2 0 -2 0 0 2 0 0 0 2 2 0 -2
0 -2 0 2 0 0 2 0 2 0 0 -2 0 0 0 2 -2 0 2
0 2 0 -2 0 0 2 0 2 0 0 -2 0 0 0 2 -2 0 2
0 -2 0 2 0 0 2 0 2 0 0 -2 0 0 0 2 2 0 -2
0 2 0 -2 0 0 2 0 2 0 0 -2 0 0 0 2 2 0 -2
0 2 0 2 0 0 -2 0 2 0 0 -2 0 0 0 2 -2 0 2
0 -2 0 -2 0 0 -2 0 2 0 0 -2 0 0 0 2 -2 0 2
0 2 0 2 0 0 -2 0 2 0 0 -2 0 0 0 2 2 0 -2
0 -2 0 -2 0 0 -2 0 2 0 0 -2 0 0 0 2 2 0 -2
0 2 0 2 0 0 2 0 -2 0 0 -2 0 0 0 2 -2 0 2
0 -2 0 -2 0 0 2 0 -2 0 0 -2 0 0 0 2 -2 0 2
0 2 0 2 0 0 2 0 -2 0 0 -2 0 0 0 2 2 0 -2
0 -2 0 -2 0 0 2 0 -2 0 0 -2 0 0 0 2 2 0 -2
0 -2 0 2 0 0 -2 0 -2 0 0 -2 0 0 0 2 -2 0 2
0 2 0 -2 0 0 -2 0 -2 0 0 -2 0 0 0 2 -2 0 2
0 -2 0 2 0 0 -2 0 -2 0 0 -2 0 0 0 2 2 0 -2
0 2 0 -2 0 0 -2 0 -2 0 0 -2 0 0 0 2 2 0 -2
0 -2 0 2 0 0 2 0 2 0 0 2 0 0 0 -2 -2 0 2
0 2 0 -2 0 0 2 0 2 0 0 2 0 0 0 -2 -2 0 2
0 -2 0 2 0 0 2 0 2 0 0 2 0 0 0 -2 2 0 -2
0 2 0 -2 0 0 2 0 2 0 0 2 0 0 0 -2 2 0 -2
0 2 0 2 0 0 -2 0 2 0 0 2 0 0 0 -2 -2 0 2
0 -2 0 -2 0 0 -2 0 2 0 0 2 0 0 0 -2 -2 0 2
0 2 0 2 0 0 -2 0 2 0 0 2 0 0 0 -2 2 0 -2
0 -2 0 -2 0 0 -2 0 2 0 0 2 0 0 0 -2 2 0 -2
0 2 0 2 0 0 2 0 -2 0 0 2 0 0 0 -2 -2 0 2
0 -2 0 -2 0 0 2 0 -2 0 0 2 0 0 0 -2 -2 0 2
0 2 0 2 0 0 2 0 -2 0 0 2 0 0 0 -2 2 0 -2
0 -2 0 -2 0 0 2 0 -2 0 0 2 0 0 0 -2 2 0 -2
0 -2 0 2 0 0 -2 0 -2 0 0 2 0 0 0 -2 -2 0 2
0 2 0 -2 0 0 -2 0 -2 0 0 2 0 0 0 -2 -2 0 2
0 -2 0 2 0 0 -2 0 -2 0 0 2 0 0 0 -2 2 0 -2
0 2 0 -2 0 0 -2 0 -2 0 0 2 0 0 0 -2 2 0 -2
0 2 0 2 0 0 2 0 2 0 0 -2 0 0 0 -2 -2 0 2
0 -2 0 -2 0 0 2 0 2 0 0 -2 0 0 0 -2 -2 0 2
0 2 0 2 0 0 2 0 2 0 0 -2 0 0 0 -2 2 0 -2
0 -2 0 -2 0 0 2 0 2 0 0 -2 0 0 0 -2 2 0 -2
0 -2 0 2 0 0 -2 0 2 0 0 -2 0 0 0 -2 -2 0 2
0 2 0 -2 0 0 -2 0 2 0 0 -2 0 0 0 -2 -2 0 2
0 -2 0 2 0 0 -2 0 2 0 0 -2 0 0 0 -2 2 0 -2
0 2 0 -2 0 0 -2 0 2 0 0 -2 0 0 0 -2 2 0 -2
0 -2 0 2 0 0 2 0 -2 0 0 -2 0 0 0 -2 -2 0 2
0 2 0 -2 0 0 2 0 -2 0 0 -2 0 0 0 -2 -2 0 2
0 -2 0 2 0 0 2 0 -2 0 0 -2 0 0 0 -2 2 0 -2
0 2 0 -2 0 0 2 0 -2 0 0 -2 0 0 0 -2 2 0 -2
0 2 0 2 0 0 -2 0 -2 0 0 -2 0 0 0 -2 -2 0 2
0 -2 0 -2 0 0 -2 0 -2 0 0 -2 0 0 0 -2 -2 0 2
0 2 0 2 0 0 -2 0 -2 0 0 -2 0 0 0 -2 2 0 -2
0 -2 0 -2 0 0 -2 0 -2 0 0 -2 0 0 0 -2 2 0 -2
0 2 0 0 2 0 0 2 0 2 0 2 0 0 0 2 0 -2 -2
0 2 0 0 2 0 0 2 0 2 0 2 0 0 0 2 0 2 2
0 -2 0 0 -2 0 0 2 0 2 0 2 0 0 0 2 0 -2 -2
0 -2 0 0 -2 0 0 2 0 2 0 2 0 0 0 2 0 2 2
0 -2 0 0 2 0 0 -2 0 2 0 2 0 0 0 2 0 -2 -2
0 -2 0 0 2 0 0 -2 0 2 0 2 0 0 0 2 0 2 2
0 2 0 0 -2 0 0 -2 0 2 0 2 0 0 0 2 0 -2 -2
0 2 0 0 -2 0 0 -2 0 2 0 2 0 0 0 2 0 2 2
0 -2 0 0 2 0 0 2 0 -2 0 2 0 0 0 2 0 -2 -2
0 -2 0 0 2 0 0 2 0 -2 0 2 0 0 0 2 0 2 2
0 2 0 0 -2 0 0 2 0 -2 0 2 0 0 0 2 0 -2 -2
0 2 0 0 -2 0 0 2 0 -2 0 2 0 0 0 2 0 2 2
0 2 0 0 2 0 0 -2 0 -2 0 2 0 0 0 2 0 -2 -2
0 2 0 0 2 0 0 -2 0 -2 0 2 0 0 0 2 0 2 2
0 -2 0 0 -2 0 0 -2 0 -2 0 2 0 0 0 2 0 -2 -2
0 -2 0 0 -2 0 0 -2 0 -2 0 2 0 0 0 2 0 2 2
0 -2 0 0 2 0 0 2 0 2 0 -2 0 0 0 2 0 -2 -2
0 -2 0 0 2 0 0 2 0 2 0 -2 0 0 0 2 0 2 2
0 2 0 0 -2 0 0 2 0 2 0 -2 0 0 0 2 0 -2 -2
0 2 0 0 -2 0 0 2 0 2 0 -2 0 0 0 2 0 2 2
0 2 0 0 2 0 0 -2 0 2 0 -2 0 0 0 2 0 -2 -2
0 2 0 0 2 0 0 -2 0 2 0 -2 0 0 0 2 0 2 2
0 -2 0 0 -2 0 0 -2 0 2 0 -2 0 0 0 2 0 -2 -2
0 -2 0 0 -2 0 0 -2 0 2 0 -2 0 0 0 2 0 2 2
0 2 0 0 2 0 0 2 0 -2 0 -2 0 0 0 2 0 -2 -2
0 2 0 0 2 0 0 2 0 -2 0 -2 0 0 0 2 0 2 2
0 -2 0 0 -2 0 0 2 0 -2 0 -2 0 0 0 2 0 -2 -2
0 -2 0 0 -2 0 0 2 0 -2 0 -2 0 0 0 2 0 2 2
0 -2 0 0 2 0 0 -2 0 -2 0 -2 0 0 0 2 0 -2 -2
0 -2 0 0 2 0 0 -2 0 -2 0 -2 0 0 0 2 0 2 2
0 2 0 0 -2 0 0 -2 0 -2 0 -2 0 0 0 2 0 -2 -2
0 2 0 0 -2 0 0 -2 0 -2 0 -2 0 0 0 2 0 2 2
0 -2 0 0 2 0 0 2 0 2 0 2 0 0 0 -2 0 -2 -2
0 -2 0 0 2 0 0 2 0 2 0 2 0 0 0 -2 0 2 2
0 2 0 0 -2 0 0 2 0 2 0 2 0 0 0 -2 0 -2 -2
0 2 0 0 -2 0 0 2 0 2 0 2 0 0 0 -2 0 2 2
0 2 0 0 2 0 0 -2 0 2 0 2 0 0 0 -2 0 -2 -2
0 2 0 0 2 0 0 -2 0 2 0 2 0 0 0 -2 0 2 2
0 -2 0 0 -2 0 0 -2 0 2 0 2 0 0 0 -2 0 -2 -2
0 -2 0 0 -2 0 0 -2 0 2 0 2 0 0 0 -2 0 2 2
0 2 0 0 2 0 0 2 0 -2 0 2 0 0 0 -2 0 -2 -2
0 2 0 0 2 0 0 2 0 -2 0 2 0 0 0 -2 0 2 2
0 -2 0 0 -2 0 0 2 0 -2 0 2 0 0 0 -2 0 -2 -2
0 -2 0 0 -2 0 0 2 0 -2 0 2 0 0 0 -2 0 2 2
0 -2 0 0 2 0 0 -2 0 -2 0 2 0 0 0 -2 0 -2 -2
0 -2 0 0 2 0 0 -2 0 -2 0 2 0 0 0 -2 0 2 2
0 2 0 0 -2 0 0 -2 0 -2 0 2 0 0 0 -2 0 -2 -2
0 2 0 0 -2 0 0 -2 0 -2 0 2 0 0 0 -2 0 2 2
0 2 0 0 2 0 0 2 0 2 0 -2 0 0 0 -2 0 -2 -2
0 2 0 0 2 0 0 2 0 2 0 -2 0 0 0 -2 0 2 2
0 -2 0 0 -2 0 0 2 0 2 0 -2 0 0 0 -2 0 -2 -2
0 -2 0 0 -2 0 0 2 0 2 0 -2 0 0 0 -2 0 2 2
0 -2 0 0 2 0 0 -2 0 2 0 -2 0 0 0 -2 0 -2 -2
0 -2 0 0 2 0 0 -2 0 2 0 -2 0 0 0 -2 0 2 2
0 2 0 0 -2 0 0 -2 0 2 0 -2 0 0 0 -2 0 -2 -2
0 2 0 0 -2 0 0 -2 0 2 0 -2 0 0 0 -2 0 2 2
0 -2 0 0 2 0 0 2 0 -2 0 -2 0 0 0 -2 0 -2 -2
0 -2 0 0 2 0 0 2 0 -2 0 -2 0 0 0 -2 0 2 2
0 2 0 0 -2 0 0 2 0 -2 0 -2 0 0 0 -2 0 -2 -2
0 2 0 0 -2 0 0 2 0 -2 0 -2 0 0 0 -2 0 2 2
0 2 0 0 2 0 0 -2 0 -2 0 -2 0 0 0 -2 0 -2 -2
0 2 0 0 2 0 0 -2 0 -2 0 -2 0 0 0 -2 0 2 2
0 -2 0 0 -2 0 0 -2 0 -2 0 -2 0 0 0 -2 0 -2 -2
0 -2 0 0 -2 0 0 -2 0 -2 0 -2 0 0 0 -2 0 2 2
-2 0 2 0 0 0 2 2 2 2 0 2 0 0 0 2 0 0 0
2 0 -2 0 0 0 2 2 2 2 0 2 0 0 0 2 0 0 0
2 0 2 0 0 0 -2 2 2 2 0 2 0 0 0 2 0 0 0
-2 0 -2 0 0 0 -2 2 2 2 0 2 0 0 0 2 0 0 0
2 0 2 0 0 0 2 -2 2 2 0 2 0 0 0 2 0 0 0
-2 0 -2 0 0 0 2 -2 2 2 0 2 0 0 0 2 0 0 0
-2 0 2 0 0 0 -2 -2 2 2 0 2 0 0 0 2 0 0 0
2 0 -2 0 0 0 -2 -2 2 2 0 2 0 0 0 2 0 0 0
2 0 2 0 0 0 2 2 -2 2 0 2 0 0 0 2 0 0 0
-2 0 -2 0 0 0 2 2 -2 2 0 2 0 0 0 2 0 0 0
-2 0 2 0 0 0 -2 2 -2 2 0 2 0 0 0 2 0 0 0
2 0 -2 0 0 0 -2 2 -2 2 0 2 0 0 0 2 0 0 0
-2 0 2 0 0 0 2 -2 -2 2 0 2 0 0 0 2 0 0 0
2 0 -2 0 0 0 2 -2 -2 2 0 2 0 0 0 2 0 0 0
2 0 2 0 0 0 -2 -2 -2 2 0 2 0 0 0 2 0 0 0
-2 0 -2 0 0 0 -2 -2 -2 2 0 2 0 0 0 2 0 0 0
2 0 2 0 0 0 2 2 2 -2 0 2 0 0 0 2 0 0 0
-2 0 -2 0 0 0 2 2 2 -2 0 2 0 0 0 2 0 0 0
-2 0 2 0 0 0 -2 2 2 -2 0 2 0 0 0 2 0 0 0
2 0 -2 0 0 0 -2 2 2 -2 0 2 0 0 0 2 0 0 0
-2 0 2 0 0 0 2 -2 2 -2 0 2 0 0 0 2 0 0 0
2 0 -2 0 0 0 2 -2 2 -2 0 2 0 0 0 2 0 0 0
2 0 2 0 0 0 -2 -2 2 -2 0 2 0 0 0 2 0 0 0
-2 0 -2 0 0 0 -2 -2 2 -2 0 2 0 0 0 2 0 0 0
-2 0 2 0 0 0 2 2 -2 -2 0 2 0 0 0 2 0 0 0
2 0 -2 0 0 0 2 2 -2 -2 0 2 0 0 0 2 0 0 0
2 0 2 0 0 0 -2 2 -2 -2 0 2 0 0 0 2 0 0 0
-2 0 -2 0 0 0 -2 2 -2 -2 0 2 0 0 0 2 0 0 0
2 0 2 0 0 0 2 -2 -2 -2 0 2 0 0 0 2 0 0 0
-2 0 -2 0 0 0 2 -2 -2 -2 0 2 0 0 0 2 0 0 0
-2 0 2 0 0 0 -2 -2 -2 -2 0 2 0 0 0 2 0 0 0
2 0 -2 0 0 0 -2 -2 -2 -2 0 2 0 0 0 2 0 0 0
2 0 2 0 0 0 2 2 2 2 0 -2 0 0 0 2 0 0 0
-2 0 -2 0 0 0 2 2 2 2 0 -2 0 0 0 2 0 0 0
-2 0 2 0 0 0 -2 2 2 2 0 -2 0 0 0 2 0 0 0
2 0 -2 0 0 0 -2 2 2 2 0 -2 0 0 0 2 0 0 0
-2 0 2 0 0 0 2 -2 2 2 0 -2 0 0 0 2 0 0 0
2 0 -2 0 0 0 2 -2 2 2 0 -2 0 0 0 2 0 0 0
2 0 2 0 0 0 -2 -2 2 2 0 -2 0 0 0 2 0 0 0
-2 0 -2 0 0 0 -2 -2 2 2 0 -2 0 0 0 2 0 0 0
-2 0 2 0 0 0 2 2 -2 2 0 -2 0 0 0 2 0 0 0
2 0 -2 0 0 0 2 2 -2 2 0 -2 0 0 0 2 0 0 0
2 0 2 0 0 0 -2 2 -2 2 0 -2 0 0 0 2 0 0 0
-2 0 -2 0 0 0 -2 2 -2 2 0 -2 0 0 0 2 0 0 0
2 0 2 0 0 0 2 -2 -2 2 0 -2 0 0 0 2 0 0 0
-2 0 -2 0 0 0 2 -2 -2 2 0 -2 0 0 0 2 0 0 0
-2 0 2 0 0 0 -2 -2 -2 2 0 -2 0 0 0 2 0 0 0
2 0 -2 0 0 0 -2 -2 -2 2 0 -2 0 0 0 2 0 0 0
-2 0 2 0 0 0 2 2 2 -2 0 -2 0 0 0 2 0 0 0
2 0 -2 0 0 0 2 2 2 -2 0 -2 0 0 0 2 0 0 0
2 0 2 0 0 0 -2 2 2 -2 0 -2 0 0 0 2 0 0 0
-2 0 -2 0 0 0 -2 2 2 -2 0 -2 0 0 0 2 0 0 0
2 0 2 0 0 0 2 -2 2 -2 0 -2 0 0 0 2 0 0 0
-2 0 -2 0 0 0 2 -2 2 -2 0 -2 0 0 0 2 0 0 0
-2 0 2 0 0 0 -2 -2 2 -2 0 -2 0 0 0 2 0 0 0
2 0 -2 0 0 0 -2 -2 2 -2 0 -2 0 0 0 2 0 0 0
2 0 2 0 0 0 2 2 -2 -2 0 -2 0 0 0 2 0 0 0
-2 0 -2 0 0 0 2 2 -2 -2 0 -2 0 0 0 2 0 0 0
-2 0 2 0 0 0 -2 2 -2 -2 0 -2 0 0 0 2 0 0 0
2 0 -2 0 0 0 -2 2 -2 -2 0 -2 0 0 0 2 0 0 0
-2 0 2 0 0 0 2 -2 -2 -2 0 -2 0 0 0 2 0 0 0
2 0 -2 0 0 0 2 -2 -2 -2 0 -2 0 0 0 2 0 0 0
2 0 2 0 0 0 -2 -2 -2 -2 0 -2 0 0 0 2 0 0 0
-2 0 -2 0 0 0 -2 -2 -2 -2 0 -2 0 0 0 2 0 0 0
2 0 2 0 0 0 2 2 2 2 0 2 0 0 0 -2 0 0 0
-2 0 -2 0 0 0 2 2 2 2 0 2 0 0 0 -2 0 0 0
-2 0 2 0 0 0 -2 2 2 2 0 2 0 0 0 -2 0 0 0
2 0 -2 0 0 0 -2 2 2 2 0 2 0 0 0 -2 0 0 0
-2 0 2 0 0 0 2 -2 2 2 0 2 0 0 0 -2 0 0 0
2 0 -2 0 0 0 2 -2 2 2 0 2 0 0 0 -2 0 0 0
2 0 2 0 0 0 -2 -2 2 2 0 2 0 0 0 -2 0 0 0
-2 0 -2 0 0 0 -2 -2 2 2 0 2 0 0 0 -2 0 0 0
-2 0 2 0 0 0 2 2 -2 2 0 2 0 0 0 -2 0 0 0
2 0 -2 0 0 0 2 2 -2 2 0 2 0 0 0 -2 0 0 0
2 0 2 0 0 0 -2 2 -2 2 0 2 0 0 0 -2 0 0 0
-2 0 -2 0 0 0 -2 2 -2 2 0 2 0 0 0 -2 0 0 0
2 0 2 0 0 0 2 -2 -2 2 0 2 0 0 0 -2 0 0 0
-2 0 -2 0 0 0 2 -2 -2 2 0 2 0 0 0 -2 0 0 0
-2 0 2 0 0 0 -2 -2 -2 2 0 2 0 0 0 -2 0 0 0
2 0 -2 0 0 0 -2 -2 -2 2 0 2 0 0 0 -2 0 0 0
-2 0 2 0 0 0 2 2 2 -2 0 2 0 0 0 -2 0 0 0
2 0 -2 0 0 0 2 2 2 -2 0 2 0 0 0 -2 0 0 0
2 0 2 0 0 0 -2 2 2 -2 0 2 0 0 0 -2 0 0 0
-2 0 -2 0 0 0 -2 2 2 -2 0 2 0 0 0 -2 0 0 0
2 0 2 0 0 0 2 -2 2 -2 0 2 0 0 0 -2 0 0 0
-2 0 -2 0 0 0 2 -2 2 -2 0 2 0 0 0 -2 0 0 0
-2 0 2 0 0 0 -2 -2 2 -2 0 2 0 0 0 -2 0 0 0
2 0 -2 0 0 0 -2 -2 2 -2 0 2 0 0 0 -2 0 0 0
2 0 2 0 0 0 2 2 -2 -2 0 2 0 0 0 -2 0 0 0
-2 0 -2 0 0 0 2 2 -2 -2 0 2 0 0 0 -2 0 0 0
-2 0 2 0 0 0 -2 2 -2 -2 0 2 0 0 0 -2 0 0 0
2 0 -2 0 0 0 -2 2 -2 -2 0 2 0 0 0 -2 0 0 0
-2 0 2 0 0 0 2 -2 -2 -2 0 2 0 0 0 -2 0 0 0
2 0 -2 0 0 0 2 -2 -2 -2 0 2 0 0 0 -2 0 0 0
2 0 2 0 0 0 -2 -2 -2 -2 0 2 0 0 0 -2 0 0 0
-2 0 -2 0 0 0 -2 -2 -2 -2 0 2 0 0 0 -2 0 0 0
-2 0 2 0 0 0 2 2 2 2 0 -2 0 0 0 -2 0 0 0
2 0 -2 0 0 0 2 2 2 2 0 -2 0 0 0 -2 0 0 0
2 0 2 0 0 0 -2 2 2 2 0 -2 0 0 0 -2 0 0 0
-2 0 -2 0 0 0 -2 2 2 2 0 -2 0 0 0 -2 0 0 0
2 0 2 0 0 0 2 -2 2 2 0 -2 0 0 0 -2 0 0 0
-2 0 -2 0 0 0 2 -2 2 2 0 -2 0 0 0 -2 0 0 0
-2 0 2 0 0 0 -2 -2 2 2 0 -2 0 0 0 -2 0 0 0
2 0 -2 0 0 0 -2 -2 2 2 0 -2 0 0 0 -2 0 0 0
2 0 2 0 0 0 2 2 -2 2 0 -2 0 0 0 -2 0 0 0
-2 0 -2 0 0 0 2 2 -2 2 0 -2 0 0 0 -2 0 0 0
-2 0 2 0 0 0 -2 2 -2 2 0 -2 0 0 0 -2 0 0 0
2 0 -2 0 0 0 -2 2 -2 2 0 -2 0 0 0 -2 0 0 0
-2 0 2 0 0 0 2 -2 -2 2 0 -2 0 0 0 -2 0 0 0
2 0 -2 0 0 0 2 -2 -2 2 0 -2 0 0 0 -2 0 0 0
2 0 2 0 0 0 -2 -2 -2 2 0 -2 0 0 0 -2 0 0 0
-2 0 -2 0 0 0 -2 -2 -2 2 0 -2 0 0 0 -2 0 0 0
2 0 2 0 0 0 2 2 2 -2 0 -2 0 0 0 -2 0 0 0
-2 0 -2 0 0 0 2 2 2 -2 0 -2 0 0 0 -2 0 0 0
-2 0 2 0 0 0 -2 2 2 -2 0 -2 0 0 0 -2 0 0 0
2 0 -2 0 0 0 -2 2 2 -2 0 -2 0 0 0 -2 0 0 0
-2 0 2 0 0 0 2 -2 2 -2 0 -2 0 0 0 -2 0 0 0
2 0 -2 0 0 0 2 -2 2 -2 0 -2 0 0 0 -2 0 0 0
2 0 2 0 0 0 -2 -2 2 -2 0 -2 0 0 0 -2 0 0 0
-2 0 -2 0 0 0 -2 -2 2 -2 0 -2 0 0 0 -2 0 0 0
-2 0 2 0 0 0 2 2 -2 -2 0 -2 0 0 0 -2 0 0 0
2 0 -2 0 0 0 2 2 -2 -2 0 -2 0 0 0 -2 0 0 0
2 0 2 0 0 0 -2 2 -2 -2 0 -2 0 0 0 -2 0 0 0
-2 0 -2 0 0 0 -2 2 -2 -2 0 -2 0 0 0 -2 0 0 0
2 0 2 0 0 0 2 -2 -2 -2 0 -2 0 0 0 -2 0 0 0
-2 0 -2 0 0 0 2 -2 -2 -2 0 -2 0 0 0 -2 0 0 0
-2 0 2 0 0 0 -2 -2 -2 -2 0 -2 0 0 0 -2 0 0 0
2 0 -2 0 0 0 -2 -2 -2 -2 0 -2 0 0 0 -2 0 0 0
0 0 2 0 0 2 2 0 0 0 2 2 0 0 0 2 0 -2 2
0 0 2 0 0 2 2 0 0 0 2 2 0 0 0 2 0 2 -2
0 0 -2 0 0 -2 2 0 0 0 2 2 0 0 0 2 0 -2 2
0 0 -2 0 0 -2 2 0 0 0 2 2 0 0 0 2 0 2 -2
0 0 -2 0 0 2 -2 0 0 0 2 2 0 0 0 2 0 -2 2
0 0 -2 0 0 2 -2 0 0 0 2 2 0 0 0 2 0 2 -2
0 0 2 0 0 -2 -2 0 0 0 2 2 0 0 0 2 0 -2 2
0 0 2 0 0 -2 -2 0 0 0 2 2 0 0 0 2 0 2 -2
0 0 -2 0 0 2 2 0 0 0 -2 2 0 0 0 2 0 -2 2
0 0 -2 0 0 2 2 0 0 0 -2 2 0 0 0 2 0 2 -2
0 0 2 0 0 -2 2 0 0 0 -2 2 0 0 0 2 0 -2 2
0 0 2 0 0 -2 2 0 0 0 -2 2 0 0 0 2 0 2 -2
0 0 2 0 0 2 -2 0 0 0 -2 2 0 0 0 2 0 -2 2
0 0 2 0 0 2 -2 0 0 0 -2 2 0 0 0 2 0 2 -2
0 0 -2 0 0 -2 -2 0 0 0 -2 2 0 0 0 2 0 -2 2
0 0 -2 0 0 -2 -2 0 0 0 -2 2 0 0 0 2 0 2 -2
0 0 -2 0 0 2 2 0 0 0 2 -2 0 0 0 2 0 -2 2
0 0 -2 0 0 2 2 0 0 0 2 -2 0 0 0 2 0 2 -2
0 0 2 0 0 -2 2 0 0 0 2 -2 0 0 0 2 0 -2 2
0 0 2 0 0 -2 2 0 0 0 2 -2 0 0 0 2 0 2 -2
0 0 2 0 0 2 -2 0 0 0 2 -2 0 0 0 2 0 -2 2
0 0 2 0 0 2 -2 0 0 0 2 -2 0 0 0 2 0 2 -2
0 0 -2 0 0 -2 -2 0 0 0 2 -2 0 0 0 2 0 -2 2
0 0 -2 0 0 -2 -2 0 0 0 2 -2 0 0 0 2 0 2 -2
0 0 2 0 0 2 2 0 0 0 -2 -2 0 0 0 2 0 -2 2
0 0 2 0 0 2 2 0 0 0 -2 -2 0 0 0 2 0 2 -2
0 0 -2 0 0 -2 2 0 0 0 -2 -2 0 0 0 2 0 -2 2
0 0 -2 0 0 -2 2 0 0 0 -2 -2 0 0 0 2 0 2 -2
0 0 -2 0 0 2 -2 0 0 0 -2 -2 0 0 0 2 0 -2 2
0 0 -2 0 0 2 -2 0 0 0 -2 -2 0 0 0 2 0 2 -2
0 0 2 0 0 -2 -2 0 0 0 -2 -2 0 0 0 2 0 -2 2
0 0 2 0 0 -2 -2 0 0 0 -2 -2 0 0 0 2 0 2 -2
0 0 -2 0 0 2 2 0 0 0 2 2 0 0 0 -2 0 -2 2
0 0 -2 0 0 2 2 0 0 0 2 2 0 0 0 -2 0 2 -2
0 0 2 0 0 -2 2 0 0 0 2 2 0 0 0 -2 0 -2 2
0 0 2 0 0 -2 2 0 0 0 2 2 0 0 0 -2 0 2 -2
0 0 2 0 0 2 -2 0 0 0 2 2 0 0 0 -2 0 -2 2
0 0 2 0 0 2 -2 0 0 0 2 2 0 0 0 -2 0 2 -2
0 0 -2 0 0 -2 -2 0 0 0 2 2 0 0 0 -2 0 -2 2
0 0 -2 0 0 -2 -2 0 0 0 2 2 0 0 0 -2 0 2 -2
0 0 2 0 0 2 2 0 0 0 -2 2 0 0 0 -2 0 -2 2
0 0 2 0 0 2 2 0 0 0 -2 2 0 0 0 -2 0 2 -2
0 0 -2 0 0 -2 2 0 0 0 -2 2 0 0 0 -2 0 -2 2
0 0 -2 0 0 -2 2 0 0 0 -2 2 0 0 0 -2 0 2 -2
0 0 -2 0 0 2 -2 0 0 0 -2 2 0 0 0 -2 0 -2 2
0 0 -2 0 0 2 -2 0 0 0 -2 2 0 0 0 -2 0 2 -2
0 0 2 0 0 -2 -2 0 0 0 -2 2 0 0 0 -2 0 -2 2
0 0 2 0 0 -2 -2 0 0 0 -2 2 0 0 0 -2 0 2 -2
0 0 2 0 0 2 2 0 0 0 2 -2 0 0 0 -2 0 -2 2
0 0 2 0 0 2 2 0 0 0 2 -2 0 0 0 -2 0 2 -2
0 0 -2 0 0 -2 2 0 0 0 2 -2 0 0 0 -2 0 -2 2
0 0 -2 0 0 -2 2 0 0 0 2 -2 0 0 0 -2 0 2 -2
0 0 -2 0 0 2 -2 0 0 0 2 -2 0 0 0 -2 0 -2 2
0 0 -2 0 0 2 -2 0 0 0 2 -2 0 0 0 -2 0 2 -2
0 0 2 0 0 -2 -2 0 0 0 2 -2 0 0 0 -2 0 -2 2
0 0 2 0 0 -2 -2 0 0 0 2 -2 0 0 0 -2 0 2 -2
0 0 -2 0 0 2 2 0 0 0 -2 -2 0 0 0 -2 0 -2 2
0 0 -2 0 0 2 2 0 0 0 -2 -2 0 0 0 -2 0 2 -2
0 0 2 0 0 -2 2 0 0 0 -2 -2 0 0 0 -2 0 -2 2
0 0 2 0 0 -2 2 0 0 0 -2 -2 0 0 0 -2 0 2 -2
0 0 2 0 0 2 -2 0 0 0 -2 -2 0 0 0 -2 0 -2 2
0 0 2 0 0 2 -2 0 0 0 -2 -2 0 0 0 -2 0 2 -2
0 0 -2 0 0 -2 -2 0 0 0 -2 -2 0 0 0 -2 0 -2 2
0 0 -2 0 0 -2 -2 0 0 0 -2 -2 0 0 0 -2 0 2 -2
2 2 0 2 0 2 0 0 0 0 0 0 2 0 0 2 0 -2 2
-2 -2 0 2 0 2 0 0 0 0 0 0 2 0 0 2 0 -2 2
-2 2 0 -2 0 2 0 0 0 0 0 0 2 0 0 2 0 -2 2
2 -2 0 -2 0 2 0 0 0 0 0 0 2 0 0 2 0 -2 2
2 2 0 2 0 2 0 0 0 0 0 0 2 0 0 2 0 2 -2
-2 -2 0 2 0 2 0 0 0 0 0 0 2 0 0 2 0 2 -2
-2 2 0 -2 0 2 0 0 0 0 0 0 2 0 0 2 0 2 -2
2 -2 0 -2 0 2 0 0 0 0 0 0 2 0 0 2 0 2 -2
-2 2 0 2 0 -2 0 0 0 0 0 0 2 0 0 2 0 -2 2
2 -2 0 2 0 -2 0 0 0 0 0 0 2 0 0 2 0 -2 2
2 2 0 -2 0 -2 0 0 0 0 0 0 2 0 0 2 0 -2 2
-2 -2 0 -2 0 -2 0 0 0 0 0 0 2 0 0 2 0 -2 2
-2 2 0 2 0 -2 0 0 0 0 0 0 2 0 0 2 0 2 -2
2 -2 0 2 0 -2 0 0 0 0 0 0 2 0 0 2 0 2 -2
2 2 0 -2 0 -2 0 0 0 0 0 0 2 0 0 2 0 2 -2
-2 -2 0 -2 0 -2 0 0 0 0 0 0 2 0 0 2 0 2 -2
-2 2 0 2 0 2 0 0 0 0 0 0 -2 0 0 2 0 -2 2
2 -2 0 2 0 2 0 0 0 0 0 0 -2 0 0 2 0 -2 2
2 2 0 -2 0 2 0 0 0 0 0 0 -2 0 0 2 0 -2 2
-2 -2 0 -2 0 2 0 0 0 0 0 0 -2 0 0 2 0 -2 2
-2 2 0 2 0 2 0 0 0 0 0 0 -2 0 0 2 0 2 -2
2 -2 0 2 0 2 0 0 0 0 0 0 -2 0 0 2 0 2 -2
2 2 0 -2 0 2 0 0 0 0 0 0 -2 0 0 2 0 2 -2
-2 -2 0 -2 0 2 0 0 0 0 0 0 -2 0 0 2 0 2 -2
2 2 0 2 0 -2 0 0 0 0 0 0 -2 0 0 2 0 -2 2
-2 -2 0 2 0 -2 0 0 0 0 0 0 -2 0 0 2 0 -2 2
-2 2 0 -2 0 -2 0 0 0 0 0 0 -2 0 0 2 0 -2 2
2 -2 0 -2 0 -2 0 0 0 0 0 0 -2 0 0 2 0 -2 2
2 2 0 2 0 -2 0 0 0 0 0 0 -2 0 0 2 0 2 -2
-2 -2 0 2 0 -2 0 0 0 0 0 0 -2 0 0 2 0 2 -2
-2 2 0 -2 0 -2 0 0 0 0 0 0 -2 0 0 2 0 2 -2
2 -2 0 -2 0 -2 0 0 0 0 0 0 -2 0 0 2 0 2 -2
-2 2 0 2 0 2 0 0 0 0 0 0 2 0 0 -2 0 -2 2
2 -2 0 2 0 2 0 0 0 0 0 0 2 0 0 -2 0 -2 2
2 2 0 -2 0 2 0 0 0 0 0 0 2 0 0 -2 0 -2 2
-2 -2 0 -2 0 2 0 0 0 0 0 0 2 0 0 -2 0 -2 2
-2 2 0 2 0 2 0 0 0 0 0 0 2 0 0 -2 0 2 -2
2 -2 0 2 0 2 0 0 0 0 0 0 2 0 0 -2 0 2 -2
2 2 0 -2 0 2 0 0 0 0 0 0 2 0 0 -2 0 2 -2
-2 -2 0 -2 0 2 0 0 0 0 0 0 2 0 0 -2 0 2 -2
2 2 0 2 0 -2 0 0 0 0 0 0 2 0 0 -2 0 -2 2
-2 -2 0 2 0 -2 0 0 0 0 0 0 2 0 0 -2 0 -2 2
-2 2 0 -2 0 -2 0 0 0 0 0 0 2 0 0 -2 0 -2 2
2 -2 0 -2 0 -2 0 0 0 0 0 0 2 0 0 -2 0 -2 2
2 2 0 2 0 -2 0 0 0 0 0 0 2 0 0 -2 0 2 -2
-2 -2 0 2 0 -2 0 0 0 0 0 0 2 0 0 -2 0 2 -2
-2 2 0 -2 0 -2 0 0 0 0 0 0 2 0 0 -2 0 2 -2
2 -2 0 -2 0 -2 0 0 0 0 0 0 2 0 0 -2 0 2 -2
2 2 0 2 0 2 0 0 0 0 0 0 -2 0 0 -2 0 -2 2
-2 -2 0 2 0 2 0 0 0 0 0 0 -2 0 0 -2 0 -2 2
-2 2 0 -2 0 2 0 0 0 0 0 0 -2 0 0 -2 0 -2 2
2 -2 0 -2 0 2 0 0 0 0 0 0 -2 0 0 -2 0 -2 2
2 2 0 2 0 2 0 0 0 0 0 0 -2 0 0 -2 0 2 -2
-2 -2 0 2 0 2 0 0 0 0 0 0 -2 0 0 -2 0 2 -2
-2 2 0 -2 0 2 0 0 0 0 0 0 -2 0 0 -2 0 2 -2
2 -2 0 -2 0 2 0 0 0 0 0 0 -2 0 0 -2 0 2 -2
-2 2 0 2 0 -2 0 0 0 0 0 0 -2 0 0 -2 0 -2 2
2 -2 0 2 0 -2 0 0 0 0 0 0 -2 0 0 -2 0 -2 2
2 2 0 -2 0 -2 0 0 0 0 0 0 -2 0 0 -2 0 -2 2
-2 -2 0 -2 0 -2 0 0 0 0 0 0 -2 0 0 -2 0 -2 2
-2 2 0 2 0 -2 0 0 0 0 0 0 -2 0 0 -2 0 2 -2
2 -2 0 2 0 -2 0 0 0 0 0 0 -2 0 0 -2 0 2 -2
2 2 0 -2 0 -2 0 0 0 0 0 0 -2 0 0 -2 0 2 -2
-2 -2 0 -2 0 -2 0 0 0 0 0 0 -2 0 0 -2 0 2 -2
0 0 2 0 0 2 0 2 0 2 0 0 2 0 0 2 -2 2 0
0 0 2 0 0 2 0 2 0 2 0 0 2 0 0 2 2 -2 0
0 0 -2 0 0 -2 0 2 0 2 0 0 2 0 0 2 -2 2 0
0 0 -2 0 0 -2 0 2 0 2 0 0 2 0 0 2 2 -2 0
0 0 -2 0 0 2 0 -2 0 2 0 0 2 0 0 2 -2 2 0
0 0 -2 0 0 2 0 -2 0 2 0 0 2 0 0 2 2 -2 0
0 0 2 0 0 -2 0 -2 0 2 0 0 2 0 0 2 -2 2 0
0 0 2 0 0 -2 0 -2 0 2 0 0 2 0 0 2 2 -2 0
0 0 -2 0 0 2 0 2 0 -2 0 0 2 0 0 2 -2 2 0
0 0 -2 0 0 2 0 2 0 -2 0 0 2 0 0 2 2 -2 0
0 0 2 0 0 -2 0 2 0 -2 0 0 2 0 0 2 -2 2 0
0 0 2 0 0 -2 0 2 0 -2 0 0 2 0 0 2 2 -2 0
0 0 2 0 0 2 0 -2 0 -2 0 0 2 0 0 2 -2 2 0
0 0 2 0 0 2 0 -2 0 -2 0 0 2 0 0 2 2 -2 0
0 0 -2 0 0 -2 0 -2 0 -2 0 0 2 0 0 2 -2 2 0
0 0 -2 0 0 -2 0 -2 0 -2 0 0 2 0 0 2 2 -2 0
0 0 -2 0 0 2 0 2 0 2 0 0 -2 0 0 2 -2 2 0
0 0 -2 0 0 2 0 2 0 2 0 0 -2 0 0 2 2 -2 0
0 0 2 0 0 -2 0 2 0 2 0 0 -2 0 0 2 -2 2 0
0 0 2 0 0 -2 0 2 0 2 0 0 -2 0 0 2 2 -2 0
0 0 2 0 0 2 0 -2 0 2 0 0 -2 0 0 2 -2 2 0
0 0 2 0 0 2 0 -2 0 2 0 0 -2 0 0 2 2 -2 0
0 0 -2 0 0 -2 0 -2 0 2 0 0 -2 0 0 2 -2 2 0
0 0 -2 0 0 -2 0 -2 0 2 0 0 -2 0 0 2 2 -2 0
0 0 2 0 0 2 0 2 0 -2 0 0 -2 0 0 2 -2 2 0
0 0 2 0 0 2 0 2 0 -2 0 0 -2 0 0 2 2 -2 0
0 0 -2 0 0 -2 0 2 0 -2 0 0 -2 0 0 2 -2 2 0
0 0 -2 0 0 -2 0 2 0 -2 0 0 -2 0 0 2 2 -2 0
0 0 -2 0 0 2 0 -2 0 -2 0 0 -2 0 0 2 -2 2 0
0 0 -2 0 0 2 0 -2 0 -2 0 0 -2 0 0 2 2 -2 0
0 0 2 0 0 -2 0 -2 0 -2 0 0 -2 0 0 2 -2 2 0
0 0 2 0 0 -2 0 -2 0 -2 0 0 -2 0 0 2 2 -2 0
0 0 -2 0 0 2 0 2 0 2 0 0 2 0 0 -2 -2 2 0
0 0 -2 0 0 2 0 2 0 2 0 0 2 0 0 -2 2 -2 0
0 0 2 0 0 -2 0 2 0 2 0 0 2 0 0 -2 -2 2 0
0 0 2 0 0 -2 0 2 0 2 0 0 2 0 0 -2 2 -2 0
0 0 2 0 0 2 0 -2 0 2 0 0 2 0 0 -2 -2 2 0
0 0 2 0 0 2 0 -2 0 2 0 0 2 0 0 -2 2 -2 0
0 0 -2 0 0 -2 0 -2 0 2 0 0 2 0 0 -2 -2 2 0
0 0 -2 0 0 -2 0 -2 0 2 0 0 2 0 0 -2 2 -2 0
0 0 2 0 0 2 0 2 0 -2 0 0 2 0 0 -2 -2 2 0
0 0 2 0 0 2 0 2 0 -2 0 0 2 0 0 -2 2 -2 0
0 0 -2 0 0 -2 0 2 0 -2 0 0 2 0 0 -2 -2 2 0
0 0 -2 0 0 -2 0 2 0 -2 0 0 2 0 0 -2 2 -2 0
0 0 -2 0 0 2 0 -2 0 -2 0 0 2 0 0 -2 -2 2 0
0 0 -2 0 0 2 0 -2 0 -2 0 0 2 0 0 -2 2 -2 0
0 0 2 0 0 -2 0 -2 0 -2 0 0 2 0 0 -2 -2 2 0
0 0 2 0 0 -2 0 -2 0 -2 0 0 2 0 0 -2 2 -2 0
0 0 2 0 0 2 0 2 0 2 0 0 -2 0 0 -2 -2 2 0
0 0 2 0 0 2 0 2 0 2 0 0 -2 0 0 -2 2 -2 0
0 0 -2 0 0 -2 0 2 0 2 0 0 -2 0 0 -2 -2 2 0
0 0 -2 0 0 -2 0 2 0 2 0 0 -2 0 0 -2 2 -2 0
0 0 -2 0 0 2 0 -2 0 2 0 0 -2 0 0 -2 -2 2 0
0 0 -2 0 0 2 0 -2 0 2 0 0 -2 0 0 -2 2 -2 0
0 0 2 0 0 -2 0 -2 0 2 0 0 -2 0 0 -2 -2 2 0
0 0 2 0 0 -2 0 -2 0 2 0 0 -2 0 0 -2 2 -2 0
0 0 -2 0 0 2 0 2 0 -2 0 0 -2 0 0 -2 -2 2 0
0 0 -2 0 0 2 0 2 0 -2 0 0 -2 0 0 -2 2 -2 0
0 0 2 0 0 -2 0 2 0 -2 0 0 -2 0 0 -2 -2 2 0
0 0 2 0 0 -2 0 2 0 -2 0 0 -2 0 0 -2 2 -2 0
0 0 2 0 0 2 0 -2 0 -2 0 0 -2 0 0 -2 -2 2 0
0 0 2 0 0 2 0 -2 0 -2 0 0 -2 0 0 -2 2 -2 0
0 0 -2 0 0 -2 0 -2 0 -2 0 0 -2 0 0 -2 -2 2 0
0 0 -2 0 0 -2 0 -2 0 -2 0 0 -2 0 0 -2 2 -2 0
0 2 0 0 2 0 2 0 0 0 2 0 2 0 0 2 -2 -2 0
0 -2 0 0 -2 0 2 0 0 0 2 0 2 0 0 2 -2 -2 0
0 2 0 0 2 0 2 0 0 0 2 0 2 0 0 2 2 2 0
0 -2 0 0 -2 0 2 0 0 0 2 0 2 0 0 2 2 2 0
0 -2 0 0 2 0 -2 0 0 0 2 0 2 0 0 2 -2 -2 0
0 2 0 0 -2 0 -2 0 0 0 2 0 2 0 0 2 -2 -2 0
0 -2 0 0 2 0 -2 0 0 0 2 0 2 0 0 2 2 2 0
0 2 0 0 -2 0 -2 0 0 0 2 0 2 0 0 2 2 2 0
0 -2 0 0 2 0 2 0 0 0 -2 0 2 0 0 2 -2 -2 0
0 2 0 0 -2 0 2 0 0 0 -2 0 2 0 0 2 -2 -2 0
0 -2 0 0 2 0 2 0 0 0 -2 0 2 0 0 2 2 2 0
0 2 0 0 -2 0 2 0 0 0 -2 0 2 0 0 2 2 2 0
0 2 0 0 2 0 -2 0 0 0 -2 0 2 0 0 2 -2 -2 0
0 -2 0 0 -2 0 -2 0 0 0 -2 0 2 0 0 2 -2 -2 0
0 2 0 0 2 0 -2 0 0 0 -2 0 2 0 0 2 2 2 0
0 -2 0 0 -2 0 -2 0 0 0 -2 0 2 0 0 2 2 2 0
0 -2 0 0 2 0 2 0 0 0 2 0 -2 0 0 2 -2 -2 0
0 2 0 0 -2 0 2 0 0 0 2 0 -2 0 0 2 -2 -2 0
0 -2 0 0 2 0 2 0 0 0 2 0 -2 0 0 2 2 2 0
0 2 0 0 -2 0 2 0 0 0 2 0 -2 0 0 2 2 2 0
0 2 0 0 2 0 -2 0 0 0 2 0 -2 0 0 2 -2 -2 0
0 -2 0 0 -2 0 -2 0 0 0 2 0 -2 0 0 2 -2 -2 0
0 2 0 0 2 0 -2 0 0 0 2 0 -2 0 0 2 2 2 0
0 -2 0 0 -2 0 -2 0 0 0 2 0 -2 0 0 2 2 2 0
0 2 0 0 2 0 2 0 0 0 -2 0 -2 0 0 2 -2 -2 0
0 -2 0 0 -2 0 2 0 0 0 -2 0 -2 0 0 2 -2 -2 0
0 2 0 0 2 0 2 0 0 0 -2 0 -2 0 0 2 2 2 0
0 -2 0 0 -2 0 2 0 0 0 -2 0 -2 0 0 2 2 2 0
0 -2 0 0 2 0 -2 0 0 0 -2 0 -2 0 0 2 -2 -2 0
0 2 0 0 -2 0 -2 0 0 0 -2 0 -2 0 0 2 -2 -2 0
0 -2 0 0 2 0 -2 0 0 0 -2 0 -2 0 0 2 2 2 0
0 2 0 0 -2 0 -2 0 0 0 -2 0 -2 0 0 2 2 2 0
0 -2 0 0 2 0 2 0 0 0 2 0 2 0 0 -2 -2 -2 0
0 2 0 0 -2 0 2 0 0 0 2 0 2 0 0 -2 -2 -2 0
0 -2 0 0 2 0 2 0 0 0 2 0 2 0 0 -2 2 2 0
0 2 0 0 -2 0 2 0 0 0 2 0 2 0 0 -2 2 2 0
0 2 0 0 2 0 -2 0 0 0 2 0 2 0 0 -2 -2 -2 0
0 -2 0 0 -2 0 -2 0 0 0 2 0 2 0 0 -2 -2 -2 0
0 2 0 0 2 0 -2 0 0 0 2 0 2 0 0 -2 2 2 0
0 -2 0 0 -2 0 -2 0 0 0 2 0 2 0 0 -2 2 2 0
0 2 0 0 2 0 2 0 0 0 -2 0 2 0 0 -2 -2 -2 0
0 -2 0 0 -2 0 2 0 0 0 -2 0 2 0 0 -2 -2 -2 0
0 2 0 0 2 0 2 0 0 0 -2 0 2 0 0 -2 2 2 0
0 -2 0 0 -2 0 2 0 0 0 -2 0 2 0 0 -2 2 2 0
0 -2 0 0 2 0 -2 0 0 0 -2 0 2 0 0 -2 -2 -2 0
0 2 0 0 -2 0 -2 0 0 0 -2 0 2 0 0 -2 -2 -2 0
0 -2 0 0 2 0 -2 0 0 0 -2 0 2 0 0 -2 2 2 0
0 2 0 0 -2 0 -2 0 0 0 -2 0 2 0 0 -2 2 2 0
0 2 0 0 2 0 2 0 0 0 2 0 -2 0 0 -2 -2 -2 0
0 -2 0 0 -2 0 2 0 0 0 2 0 -2 0 0 -2 -2 -2 0
0 2 0 0 2 0 2 0 0 0 2 0 -2 0 0 -2 2 2 0
0 -2 0 0 -2 0 2 0 0 0 2 0 -2 0 0 -2 2 2 0
0 -2 0 0 2 0 -2 0 0 0 2 0 -2 0 0 -2 -2 -2 0
0 2 0 0 -2 0 -2 0 0 0 2 0 -2 0 0 -2 -2 -2 0
0 -2 0 0 2 0 -2 0 0 0 2 0 -2 0 0 -2 2 2 0
0 2 0 0 -2 0 -2 0 0 0 2 0 -2 0 0 -2 2 2 0
0 -2 0 0 2 0 2 0 0 0 -2 0 -2 0 0 -2 -2 -2 0
0 2 0 0 -2 0 2 0 0 0 -2 0 -2 0 0 -2 -2 -2 0
0 -2 0 0 2 0 2 0 0 0 -2 0 -2 0 0 -2 2 2 0
0 2 0 0 -2 0 2 0 0 0 -2 0 -2 0 0 -2 2 2 0
0 2 0 0 2 0 -2 0 0 0 -2 0 -2 0 0 -2 -2 -2 0
0 -2 0 0 -2 0 -2 0 0 0 -2 0 -2 0 0 -2 -2 -2 0
0 2 0 0 2 0 -2 0 0 0 -2 0 -2 0 0 -2 2 2 0
0 -2 0 0 -2 0 -2 0 0 0 -2 0 -2 0 0 -2 2 2 0
2 0 2 0 0 0 0 0 2 0 2 0 2 0 0 2 -2 0 2
-2 0 -2 0 0 0 0 0 2 0 2 0 2 0 0 2 -2 0 2
2 0 2 0 0 0 0 0 2 0 2 0 2 0 0 2 2 0 -2
-2 0 -2 0 0 0 0 0 2 0 2 0 2 0 0 2 2 0 -2
-2 0 2 0 0 0 0 0 -2 0 2 0 2 0 0 2 -2 0 2
2 0 -2 0 0 0 0 0 -2 0 2 0 2 0 0 2 -2 0 2
-2 0 2 0 0 0 0 0 -2 0 2 0 2 0 0 2 2 0 -2
2 0 -2 0 0 0 0 0 -2 0 2 0 2 0 0 2 2 0 -2
-2 0 2 0 0 0 0 0 2 0 -2 0 2 0 0 2 -2 0 2
2 0 -2 0 0 0 0 0 2 0 -2 0 2 0 0 2 -2 0 2
-2 0 2 0 0 0 0 0 2 0 -2 0 2 0 0 2 2 0 -2
2 0 -2 0 0 0 0 0 2 0 -2 0 2 0 0 2 2 0 -2
2 0 2 0 0 0 0 0 -2 0 -2 0 2 0 0 2 -2 0 2
-2 0 -2 0 0 0 0 0 -2 0 -2 0 2 0 0 2 -2 0 2
2 0 2 0 0 0 0 0 -2 0 -2 0 2 0 0 2 2 0 -2
-2 0 -2 0 0 0 0 0 -2 0 -2 0 2 0 0 2 2 0 -2
-2 0 2 0 0 0 0 0 2 0 2 0 -2 0 0 2 -2 0 2
2 0 -2 0 0 0 0 0 2 0 2 0 -2 0 0 2 -2 0 2
-2 0 2 0 0 0 0 0 2 0 2 0 -2 0 0 2 2 0 -2
2 0 -2 0 0 0 0 0 2 0 2 0 -2 0 0 2 2 0 -2
2 0 2 0 0 0 0 0 -2 0 2 0 -2 0 0 2 -2 0 2
-2 0 -2 0 0 0 0 0 -2 0 2 0 -2 0 0 2 -2 0 2
2 0 2 0 0 0 0 0 -2 0 2 0 -2 0 0 2 2 0 -2
-2 0 -2 0 0 0 0 0 -2 0 2 0 -2 0 0 2 2 0 -2
2 0 2 0 0 0 0 0 2 0 -2 0 -2 0 0 2 -2 0 2
-2 0 -2 0 0 0 0 0 2 0 -2 0 -2 0 0 2 -2 0 2
2 0 2 0 0 0 0 0 2 0 -2 0 -2 0 0 2 2 0 -2
-2 0 -2 0 0 0 0 0 2 0 -2 0 -2 0 0 2 2 0 -2
-2 0 2 0 0 0 0 0 -2 0 -2 0 -2 0 0 2 -2 0 2
2 0 -2 0 0 0 0 0 -2 0 -2 0 -2 0 0 2 -2 0 2
-2 0 2 0 0 0 0 0 -2 0 -2 0 -2 0 0 2 2 0 -2
2 0 -2 0 0 0 0 0 -2 0 -2 0 -2 0 0 2 2 0 -2
-2 0 2 0 0 0 0 0 2 0 2 0 2 0 0 -2 -2 0 2
2 0 -2 0 0 0 0 0 2 0 2 0 2 0 0 -2 -2 0 2
-2 0 2 0 0 0 0 0 2 0 2 0 2 0 0 -2 2 0 -2
2 0 -2 0 0 0 0 0 2 0 2 0 2 0 0 -2 2 0 -2
2 0 2 0 0 0 0 0 -2 0 2 0 2 0 0 -2 -2 0 2
-2 0 -2 0 0 0 0 0 -2 0 2 0 2 0 0 -2 -2 0 2
2 0 2 0 0 0 0 0 -2 0 2 0 2 0 0 -2 2 0 -2
-2 0 -2 0 0 0 0 0 -2 0 2 0 2 0 0 -2 2 0 -2
2 0 2 0 0 0 0 0 2 0 -2 0 2 0 0 -2 -2 0 2
-2 0 -2 0 0 0 0 0 2 0 -2 0 2 0 0 -2 -2 0 2
2 0 2 0 0 0 0 0 2 0 -2 0 2 0 0 -2 2 0 -2
-2 0 -2 0 0 0 0 0 2 0 -2 0 2 0 0 -2 2 0 -2
-2 0 2 0 0 0 0 0 -2 0 -2 0 2 0 0 -2 -2 0 2
2 0 -2 0 0 0 0 0 -2 0 -2 0 2 0 0 -2 -2 0 2
-2 0 2 0 0 0 0 0 -2 0 -2 0 2 0 0 -2 2 0 -2
2 0 -2 0 0 0 0 0 -2 0 -2 0 2 0 0 -2 2 0 -2
2 0 2 0 0 0 0 0 2 0 2 0 -2 0 0 -2 -2 0 2
-2 0 -2 0 0 0 0 0 2 0 2 0 -2 0 0 -2 -2 0 2
2 0 2 0 0 0 0 0 2 0 2 0 -2 0 0 -2 2 0 -2
-2 0 -2 0 0 0 0 0 2 0 2 0 -2 0 0 -2 2 0 -2
-2 0 2 0 0 0 0 0 -2 0 2 0 -2 0 0 -2 -2 0 2
2 0 -2 0 0 0 0 0 -2 0 2 0 -2 0 0 -2 -2 0 2
-2 0 2 0 0 0 0 0 -2 0 2 0 -2 0 0 -2 2 0 -2
2 0 -2 0 0 0 0 0 -2 0 2 0 -2 0 0 -2 2 0 -2
-2 0 2 0 0 0 0 0 2 0 -2 0 -2 0 0 -2 -2 0 2
2 0 -2 0 0 0 0 0 2 0 -2 0 -2 0 0 -2 -2 0 2
-2 0 2 0 0 0 0 0 2 0 -2 0 -2 0 0 -2 2 0 -2
2 0 -2 0 0 0 0 0 2 0 -2 0 -2 0 0 -2 2 0 -2
2 0 2 0 0 0 0 0 -2 0 -2 0 -2 0 0 -2 -2 0 2
-2 0 -2 0 0 0 0 0 -2 0 -2 0 -2 0 0 -2 -2 0 2
2 0 2 0 0 0 0 0 -2 0 -2 0 -2 0 0 -2 2 0 -2
-2 0 -2 0 0 0 0 0 -2 0 -2 0 -2 0 0 -2 2 0 -2
0 -2 0 2 0 0 0 2 2 2 2 0 2 0 0 2 0 0 0
0 2 0 -2 0 0 0 2 2 2 2 0 2 0 0 2 0 0 0
0 2 0 2 0 0 0 -2 2 2 2 0 2 0 0 2 0 0 0
0 -2 0 -2 0 0 0 -2 2 2 2 0 2 0 0 2 0 0 0
0 2 0 2 0 0 0 2 -2 2 2 0 2 0 0 2 0 0 0
0 -2 0 -2 0 0 0 2 -2 2 2 0 2 0 0 2 0 0 0
0 -2 0 2 0 0 0 -2 -2 2 2 0 2 0 0 2 0 0 0
0 2 0 -2 0 0 0 -2 -2 2 2 0 2 0 0 2 0 0 0
0 2 0 2 0 0 0 2 2 -2 2 0 2 0 0 2 0 0 0
0 -2 0 -2 0 0 0 2 2 -2 2 0 2 0 0 2 0 0 0
0 -2 0 2 0 0 0 -2 2 -2 2 0 2 0 0 2 0 0 0
0 2 0 -2 0 0 0 -2 2 -2 2 0 2 0 0 2 0 0 0
0 -2 0 2 0 0 0 2 -2 -2 2 0 2 0 0 2 0 0 0
0 2 0 -2 0 0 0 2 -2 -2 2 0 2 0 0 2 0 0 0
0 2 0 2 0 0 0 -2 -2 -2 2 0 2 0 0 2 0 0 0
0 -2 0 -2 0 0 0 -2 -2 -2 2 0 2 0 0 2 0 0 0
0 2 0 2 0 0 0 2 2 2 -2 0 2 0 0 2 0 0 0
0 -2 0 -2 0 0 0 2 2 2 -2 0 2 0 0 2 0 0 0
0 -2 0 2 0 0 0 -2 2 2 -2 0 2 0 0 2 0 0 0
0 2 0 -2 0 0 0 -2 2 2 -2 0 2 0 0 2 0 0 0
0 -2 0 2 0 0 0 2 -2 2 -2 0 2 0 0 2 0 0 0
0 2 0 -2 0 0 0 2 -2 2 -2 0 2 0 0 2 0 0 0
0 2 0 2 0 0 0 -2 -2 2 -2 0 2 0 0 2 0 0 0
0 -2 0 -2 0 0 0 -2 -2 2 -2 0 2 0 0 2 0 0 0
0 -2 0 2 0 0 0 2 2 -2 -2 0 2 0 0 2 0 0 0
0 2 0 -2 0 0 0 2 2 -2 -2 0 2 0 0 2 0 0 0
0 2 0 2 0 0 0 -2 2 -2 -2 0 2 0 0 2 0 0 0
0 -2 0 -2 0 0 0 -2 2 -2 -2 0 2 0 0 2 0 0 0
0 2 0 2 0 0 0 2 -2 -2 -2 0 2 0 0 2 0 0 0
0 -2 0 -2 0 0 0 2 -2 -2 -2 0 2 0 0 2 0 0 0
0 -2 0 2 0 0 0 -2 -2 -2 -2 0 2 0 0 2 0 0 0
0 2 0 -2 0 0 0 -2 -2 -2 -2 0 2 0 0 2 0 0 0
0 2 0 2 0 0 0 2 2 2 2 0 -2 0 0 2 0 0 0
0 -2 0 -2 0 0 0 2 2 2 2 0 -2 0 0 2 0 0 0
0 -2 0 2 0 0 0 -2 2 2 2 0 -2 0 0 2 0 0 0
0 2 0 -2 0 0 0 -2 2 2 2 0 -2 0 0 2 0 0 0
0 -2 0 2 0 0 0 2 -2 2 2 0 -2 0 0 2 0 0 0
0 2 0 -2 0 0 0 2 -2 2 2 0 -2 0 0 2 0 0 0
0 2 0 2 0 0 0 -2 -2 2 2 0 -2 0 0 2 0 0 0
0 -2 0 -2 0 0 0 -2 -2 2 2 0 -2 0 0 2 0 0 0
0 -2 0 2 0 0 0 2 2 -2 2 0 -2 0 0 2 0 0 0
0 2 0 -2 0 0 0 2 2 -2 2 0 -2 0 0 2 0 0 0
0 2 0 2 0 0 0 -2 2 -2 2 0 -2 0 0 2 0 0 0
0 -2 0 -2 0 0 0 -2 2 -2 2 0 -2 0 0 2 0 0 0
0 2 0 2 0 0 0 2 -2 -2 2 0 -2 0 0 2 0 0 0
0 -2 0 -2 0 0 0 2 -2 -2 2 0 -2 0 0 2 0 0 0
0 -2 0 2 0 0 0 -2 -2 -2 2 0 -2 0 0 2 0 0 0
0 2 0 -2 0 0 0 -2 -2 -2 2 0 -2 0 0 2 0 0 0
0 -2 0 2 0 0 0 2 2 2 -2 0 -2 0 0 2 0 0 0
0 2 0 -2 0 0 0 2 2 2 -2 0 -2 0 0 2 0 0 0
0 2 0 2 0 0 0 -2 2 2 -2 0 -2 0 0 2 0 0 0
0 -2 0 -2 0 0 0 -2 2 2 -2 0 -2 0 0 2 0 0 0
0 2 0 2 0 0 0 2 -2 2 -2 0 -2 0 0 2 0 0 0
0 -2 0 -2 0 0 0 2 -2 2 -2 0 -2 0 0 2 0 0 0
0 -2 0 2 0 0 0 -2 -2 2 -2 0 -2 0 0 2 0 0 0
0 2 0 -2 0 0 0 -2 -2 2 -2 0 -2 0 0 2 0 0 0
0 2 0 2 0 0 0 2 2 -2 -2 0 -2 0 0 2 0 0 0
0 -2 0 -2 0 0 0 2 2 -2 -2 0 -2 0 0 2 0 0 0
0 -2 0 2 0 0 0 -2 2 -2 -2 0 -2 0 0 2 0 0 0
0 2 0 -2 0 0 0 -2 2 -2 -2 0 -2 0 0 2 0 0 0
0 -2 0 2 0 0 0 2 -2 -2 -2 0 -2 0 0 2 0 0 0
0 2 0 -2 0 0 0 2 -2 -2 -2 0 -2 0 0 2 0 0 0
0 2 0 2 0 0 0 -2 -2 -2 -2 0 -2 0 0 2 0 0 0
0 -2 0 -2 0 0 0 -2 -2 -2 -2 0 -2 0 0 2 0 0 0
0 2 0 2 0 0 0 2 2 2 2 0 2 0 0 -2 0 0 0
0 -2 0 -2 0 0 0 2 2 2 2 0 2 0 0 -2 0 0 0
0 -2 0 2 0 0 0 -2 2 2 2 0 2 0 0 -2 0 0 0
0 2 0 -2 0 0 0 -2 2 2 2 0 2 0 0 -2 0 0 0
0 -2 0 2 0 0 0 2 -2 2 2 0 2 0 0 -2 0 0 0
0 2 0 -2 0 0 0 2 -2 2 2 0 2 0 0 -2 0 0 0
0 2 0 2 0 0 0 -2 -2 2 2 0 2 0 0 -2 0 0 0
0 -2 0 -2 0 0 0 -2 -2 2 2 0 2 0 0 -2 0 0 0
0 -2 0 2 0 0 0 2 2 -2 2 0 2 0 0 -2 0 0 0
0 2 0 -2 0 0 0 2 2 -2 2 0 2 0 0 -2 0 0 0
0 2 0 2 0 0 0 -2 2 -2 2 0 2 0 0 -2 0 0 0
0 -2 0 -2 0 0 0 -2 2 -2 2 0 2 0 0 -2 0 0 0
0 2 0 2 0 0 0 2 -2 -2 2 0 2 0 0 -2 0 0 0
0 -2 0 -2 0 0 0 2 -2 -2 2 0 2 0 0 -2 0 0 0
0 -2 0 2 0 0 0 -2 -2 -2 2 0 2 0 0 -2 0 0 0
0 2 0 -2 0 0 0 -2 -2 -2 2 0 2 0 0 -2 0 0 0
0 -2 0 2 0 0 0 2 2 2 -2 0 2 0 0 -2 0 0 0
0 2 0 -2 0 0 0 2 2 2 -2 0 2 0 0 -2 0 0 0
0 2 0 2 0 0 0 -2 2 2 -2 0 2 0 0 -2 0 0 0
0 -2 0 -2 0 0 0 -2 2 2 -2 0 2 0 0 -2 0 0 0
0 2 0 2 0 0 0 2 -2 2 -2 0 2 0 0 -2 0 0 0
0 -2 0 -2 0 0 0 2 -2 2 -2 0 2 0 0 -2 0 0 0
0 -2 0 2 0 0 0 -2 -2 2 -2 0 2 0 0 -2 0 0 0
0 2 0 -2 0 0 0 -2 -2 2 -2 0 2 0 0 -2 0 0 0
0 2 0 2 0 0 0 2 2 -2 -2 0 2 0 0 -2 0 0 0
0 -2 0 -2 0 0 0 2 2 -2 -2 0 2 0 0 -2 0 0 0
0 -2 0 2 0 0 0 -2 2 -2 -2 0 2 0 0 -2 0 0 0
0 2 0 -2 0 0 0 -2 2 -2 -2 0 2 0 0 -2 0 0 0
0 -2 0 2 0 0 0 2 -2 -2 -2 0 2 0 0 -2 0 0 0
0 2 0 -2 0 0 0 2 -2 -2 -2 0 2 0 0 -2 0 0 0
0 2 0 2 0 0 0 -2 -2 -2 -2 0 2 0 0 -2 0 0 0
0 -2 0 -2 0 0 0 -2 -2 -2 -2 0 2 0 0 -2 0 0 0
0 -2 0 2 0 0 0 2 2 2 2 0 -2 0 0 -2 0 0 0
0 2 0 -2 0 0 0 2 2 2 2 0 -2 0 0 -2 0 0 0
0 2 0 2 0 0 0 -2 2 2 2 0 -2 0 0 -2 0 0 0
0 -2 0 -2 0 0 0 -2 2 2 2 0 -2 0 0 -2 0 0 0
0 2 0 2 0 0 0 2 -2 2 2 0 -2 0 0 -2 0 0 0
0 -2 0 -2 0 0 0 2 -2 2 2 0 -2 0 0 -2 0 0 0
0 -2 0 2 0 0 0 -2 -2 2 2 0 -2 0 0 -2 0 0 0
0 2 0 -2 0 0 0 -2 -2 2 2 0 -2 0 0 -2 0 0 0
0 2 0 2 0 0 0 2 2 -2 2 0 -2 0 0 -2 0 0 0
0 -2 0 -2 0 0 0 2 2 -2 2 0 -2 0 0 -2 0 0 0
0 -2 0 2 0 0 0 -2 2 -2 2 0 -2 0 0 -2 0 0 0
0 2 0 -2 0 0 0 -2 2 -2 2 0 -2 0 0 -2 0 0 0
0 -2 0 2 0 0 0 2 -2 -2 2 0 -2 0 0 -2 0 0 0
0 2 0 -2 0 0 0 2 -2 -2 2 0 -2 0 0 -2 0 0 0
0 2 0 2 0 0 0 -2 -2 -2 2 0 -2 0 0 -2 0 0 0
0 -2 0 -2 0 0 0 -2 -2 -2 2 0 -2 0 0 -2 0 0 0
0 2 0 2 0 0 0 2 2 2 -2 0 -2 0 0 -2 0 0 0
0 -2 0 -2 0 0 0 2 2 2 -2 0 -2 0 0 -2 0 0 0
0 -2 0 2 0 0 0 -2 2 2 -2 0 -2 0 0 -2 0 0 0
0 2 0 -2 0 0 0 -2 2 2 -2 0 -2 0 0 -2 0 0 0
0 -2 0 2 0 0 0 2 -2 2 -2 0 -2 0 0 -2 0 0 0
0 2 0 -2 0 0 0 2 -2 2 -2 0 -2 0 0 -2 0 0 0
0 2 0 2 0 0 0 -2 -2 2 -2 0 -2 0 0 -2 0 0 0
0 -2 0 -2 0 0 0 -2 -2 2 -2 0 -2 0 0 -2 0 0 0
0 -2 0 2 0 0 0 2 2 -2 -2 0 -2 0 0 -2 0 0 0
0 2 0 -2 0 0 0 2 2 -2 -2 0 -2 0 0 -2 0 0 0
0 2 0 2 0 0 0 -2 2 -2 -2 0 -2 0 0 -2 0 0 0
0 -2 0 -2 0 0 0 -2 2 -2 -2 0 -2 0 0 -2 0 0 0
0 2 0 2 0 0 0 2 -2 -2 -2 0 -2 0 0 -2 0 0 0
0 -2 0 -2 0 0 0 2 -2 -2 -2 0 -2 0 0 -2 0 0 0
0 -2 0 2 0 0 0 -2 -2 -2 -2 0 -2 0 0 -2 0 0 0
0 2 0 -2 0 0 0 -2 -2 -2 -2 0 -2 0 0 -2 0 0 0
0 0 0 -2 2 2 2 2 0 0 0 2 2 0 0 2 0 0 0
0 0 0 2 -2 2 2 2 0 0 0 2 2 0 0 2 0 0 0
0 0 0 2 2 -2 2 2 0 0 0 2 2 0 0 2 0 0 0
0 0 0 -2 -2 -2 2 2 0 0 0 2 2 0 0 2 0 0 0
0 0 0 2 2 2 -2 2 0 0 0 2 2 0 0 2 0 0 0
0 0 0 -2 -2 2 -2 2 0 0 0 2 2 0 0 2 0 0 0
0 0 0 -2 2 -2 -2 2 0 0 0 2 2 0 0 2 0 0 0
0 0 0 2 -2 -2 -2 2 0 0 0 2 2 0 0 2 0 0 0
0 0 0 2 2 2 2 -2 0 0 0 2 2 0 0 2 0 0 0
0 0 0 -2 -2 2 2 -2 0 0 0 2 2 0 0 2 0 0 0
0 0 0 -2 2 -2 2 -2 0 0 0 2 2 0 0 2 0 0 0
0 0 0 2 -2 -2 2 -2 0 0 0 2 2 0 0 2 0 0 0
0 0 0 -2 2 2 -2 -2 0 0 0 2 2 0 0 2 0 0 0
0 0 0 2 -2 2 -2 -2 0 0 0 2 2 0 0 2 0 0 0
0 0 0 2 2 -2 -2 -2 0 0 0 2 2 0 0 2 0 0 0
0 0 0 -2 -2 -2 -2 -2 0 0 0 2 2 0 0 2 0 0 0
0 0 0 2 2 2 2 2 0 0 0 -2 2 0 0 2 0 0 0
0 0 0 -2 -2 2 2 2 0 0 0 -2 2 0 0 2 0 0 0
0 0 0 -2 2 -2 2 2 0 0 0 -2 2 0 0 2 0 0 0
0 0 0 2 -2 -2 2 2 0 0 0 -2 2 0 0 2 0 0 0
0 0 0 -2 2 2 -2 2 0 0 0 -2 2 0 0 2 0 0 0
0 0 0 2 -2 2 -2 2 0 0 0 -2 2 0 0 2 0 0 0
0 0 0 2 2 -2 -2 2 0 0 0 -2 2 0 0 2 0 0 0
0 0 0 -2 -2 -2 -2 2 0 0 0 -2 2 0 0 2 0 0 0
0 0 0 -2 2 2 2 -2 0 0 0 -2 2 0 0 2 0 0 0
0 0 0 2 -2 2 2 -2 0 0 0 -2 2 0 0 2 0 0 0
0 0 0 2 2 -2 2 -2 0 0 0 -2 2 0 0 2 0 0 0
0 0 0 -2 -2 -2 2 -2 0 0 0 -2 2 0 0 2 0 0 0
0 0 0 2 2 2 -2 -2 0 0 0 -2 2 0 0 2 0 0 0
0 0 0 -2 -2 2 -2 -2 0 0 0 -2 2 0 0 2 0 0 0
0 0 0 -2 2 -2 -2 -2 0 0 0 -2 2 0 0 2 0 0 0
0 0 0 2 -2 -2 -2 -2 0 0 0 -2 2 0 0 2 0 0 0
0 0 0 2 2 2 2 2 0 0 0 2 -2 0 0 2 0 0 0
0 0 0 -2 -2 2 2 2 0 0 0 2 -2 0 0 2 0 0 0
0 0 0 -2 2 -2 2 2 0 0 0 2 -2 0 0 2 0 0 0
0 0 0 2 -2 -2 2 2 0 0 0 2 -2 0 0 2 0 0 0
0 0 0 -2 2 2 -2 2 0 0 0 2 -2 0 0 2 0 0 0
0 0 0 2 -2 2 -2 2 0 0 0 2 -2 0 0 2 0 0 0
0 0 0 2 2 -2 -2 2 0 0 0 2 -2 0 0 2 0 0 0
0 0 0 -2 -2 -2 -2 2 0 0 0 2 -2 0 0 2 0 0 0
0 0 0 -2 2 2 2 -2 0 0 0 2 -2 0 0 2 0 0 0
0 0 0 2 -2 2 2 -2 0 0 0 2 -2 0 0 2 0 0 0
0 0 0 2 2 -2 2 -2 0 0 0 2 -2 0 0 2 0 0 0
0 0 0 -2 -2 -2 2 -2 0 0 0 2 -2 0 0 2 0 0 0
0 0 0 2 2 2 -2 -2 0 0 0 2 -2 0 0 2 0 0 0
0 0 0 -2 -2 2 -2 -2 0 0 0 2 -2 0 0 2 0 0 0
0 0 0 -2 2 -2 -2 -2 0 0 0 2 -2 0 0 2 0 0 0
0 0 0 2 -2 -2 -2 -2 0 0 0 2 -2 0 0 2 0 0 0
0 0 0 -2 2 2 2 2 0 0 0 -2 -2 0 0 2 0 0 0
0 0 0 2 -2 2 2 2 0 0 0 -2 -2 0 0 2 0 0 0
0 0 0 2 2 -2 2 2 0 0 0 -2 -2 0 0 2 0 0 0
0 0 0 -2 -2 -2 2 2 0 0 0 -2 -2 0 0 2 0 0 0
0 0 0 2 2 2 -2 2 0 0 0 -2 -2 0 0 2 0 0 0
0 0 0 -2 -2 2 -2 2 0 0 0 -2 -2 0 0 2 0 0 0
0 0 0 -2 2 -2 -2 2 0 0 0 -2 -2 0 0 2 0 0 0
0 0 0 2 -2 -2 -2 2 0 0 0 -2 -2 0 0 2 0 0 0
0 0 0 2 2 2 2 -2 0 0 0 -2 -2 0 0 2 0 0 0
0 0 0 -2 -2 2 2 -2 0 0 0 -2 -2 0 0 2 0 0 0
0 0 0 -2 2 -2 2 -2 0 0 0 -2 -2 0 0 2 0 0 0
0 0 0 2 -2 -2 2 -2 0 0 0 -2 -2 0 0 2 0 0 0
0 0 0 -2 2 2 -2 -2 0 0 0 -2 -2 0 0 2 0 0 0
0 0 0 2 -2 2 -2 -2 0 0 0 -2 -2 0 0 2 0 0 0
0 0 0 2 2 -2 -2 -2 0 0 0 -2 -2 0 0 2 0 0 0
0 0 0 -2 -2 -2 -2 -2 0 0 0 -2 -2 0 0 2 0 0 0
0 0 0 2 2 2 2 2 0 0 0 2 2 0 0 -2 0 0 0
0 0 0 -2 -2 2 2 2 0 0 0 2 2 0 0 -2 0 0 0
0 0 0 -2 2 -2 2 2 0 0 0 2 2 0 0 -2 0 0 0
0 0 0 2 -2 -2 2 2 0 0 0 2 2 0 0 -2 0 0 0
0 0 0 -2 2 2 -2 2 0 0 0 2 2 0 0 -2 0 0 0
0 0 0 2 -2 2 -2 2 0 0 0 2 2 0 0 -2 0 0 0
0 0 0 2 2 -2 -2 2 0 0 0 2 2 0 0 -2 0 0 0
0 0 0 -2 -2 -2 -2 2 0 0 0 2 2 0 0 -2 0 0 0
0 0 0 -2 2 2 2 -2 0 0 0 2 2 0 0 -2 0 0 0
0 0 0 2 -2 2 2 -2 0 0 0 2 2 0 0 -2 0 0 0
0 0 0 2 2 -2 2 -2 0 0 0 2 2 0 0 -2 0 0 0
0 0 0 -2 -2 -2 2 -2 0 0 0 2 2 0 0 -2 0 0 0
0 0 0 2 2 2 -2 -2 0 0 0 2 2 0 0 -2 0 0 0
0 0 0 -2 -2 2 -2 -2 0 0 0 2 2 0 0 -2 0 0 0
0 0 0 -2 2 -2 -2 -2 0 0 0 2 2 0 0 -2 0 0 0
0 0 0 2 -2 -2 -2 -2 0 0 0 2 2 0 0 -2 0 0 0
0 0 0 -2 2 2 2 2 0 0 0 -2 2 0 0 -2 0 0 0
0 0 0 2 -2 2 2 2 0 0 0 -2 2 0 0 -2 0 0 0
0 0 0 2 2 -2 2 2 0 0 0 -2 2 0 0 -2 0 0 0
0 0 0 -2 -2 -2 2 2 0 0 0 -2 2 0 0 -2 0 0 0
0 0 0 2 2 2 -2 2 0 0 0 -2 2 0 0 -2 0 0 0
0 0 0 -2 -2 2 -2 2 0 0 0 -2 2 0 0 -2 0 0 0
0 0 0 -2 2 -2 -2 2 0 0 0 -2 2 0 0 -2 0 0 0
0 0 0 2 -2 -2 -2 2 0 0 0 -2 2 0 0 -2 0 0 0
0 0 0 2 2 2 2 -2 0 0 0 -2 2 0 0 -2 0 0 0
0 0 0 -2 -2 2 2 -2 0 0 0 -2 2 0 0 -2 0 0 0
0 0 0 -2 2 -2 2 -2 0 0 0 -2 2 0 0 -2 0 0 0
0 0 0 2 -2 -2 2 -2 0 0 0 -2 2 0 0 -2 0 0 0
0 0 0 -2 2 2 -2 -2 0 0 0 -2 2 0 0 -2 0 0 0
0 0 0 2 -2 2 -2 -2 0 0 0 -2 2 0 0 -2 0 0 0
0 0 0 2 2 -2 -2 -2 0 0 0 -2 2 0 0 -2 0 0 0
0 0 0 -2 -2 -2 -2 -2 0 0 0 -2 2 0 0 -2 0 0 0
0 0 0 -2 2 2 2 2 0 0 0 2 -2 0 0 -2 0 0 0
0 0 0 2 -2 2 2 2 0 0 0 2 -2 0 0 -2 0 0 0
0 0 0 2 2 -2 2 2 0 0 0 2 -2 0 0 -2 0 0 0
0 0 0 -2 -2 -2 2 2 0 0 0 2 -2 0 0 -2 0 0 0
0 0 0 2 2 2 -2 2 0 0 0 2 -2 0 0 -2 0 0 0
0 0 0 -2 -2 2 -2 2 0 0 0 2 -2 0 0 -2 0 0 0
0 0 0 -2 2 -2 -2 2 0 0 0 2 -2 0 0 -2 0 0 0
0 0 0 2 -2 -2 -2 2 0 0 0 2 -2 0 0 -2 0 0 0
0 0 0 2 2 2 2 -2 0 0 0 2 -2 0 0 -2 0 0 0
0 0 0 -2 -2 2 2 -2 0 0 0 2 -2 0 0 -2 0 0 0
0 0 0 -2 2 -2 2 -2 0 0 0 2 -2 0 0 -2 0 0 0
0 0 0 2 -2 -2 2 -2 0 0 0 2 -2 0 0 -2 0 0 0
0 0 0 -2 2 2 -2 -2 0 0 0 2 -2 0 0 -2 0 0 0
0 0 0 2 -2 2 -2 -2 0 0 0 2 -2 0 0 -2 0 0 0
0 0 0 2 2 -2 -2 -2 0 0 0 2 -2 0 0 -2 0 0 0
0 0 0 -2 -2 -2 -2 -2 0 0 0 2 -2 0 0 -2 0 0 0
0 0 0 2 2 2 2 2 0 0 0 -2 -2 0 0 -2 0 0 0
0 0 0 -2 -2 2 2 2 0 0 0 -2 -2 0 0 -2 0 0 0
0 0 0 -2 2 -2 2 2 0 0 0 -2 -2 0 0 -2 0 0 0
0 0 0 2 -2 -2 2 2 0 0 0 -2 -2 0 0 -2 0 0 0
0 0 0 -2 2 2 -2 2 0 0 0 -2 -2 0 0 -2 0 0 0
0 0 0 2 -2 2 -2 2 0 0 0 -2 -2 0 0 -2 0 0 0
0 0 0 2 2 -2 -2 2 0 0 0 -2 -2 0 0 -2 0 0 0
0 0 0 -2 -2 -2 -2 2 0 0 0 -2 -2 0 0 -2 0 0 0
0 0 0 -2 2 2 2 -2 0 0 0 -2 -2 0 0 -2 0 0 0
0 0 0 2 -2 2 2 -2 0 0 0 -2 -2 0 0 -2 0 0 0
0 0 0 2 2 -2 2 -2 0 0 0 -2 -2 0 0 -2 0 0 0
0 0 0 -2 -2 -2 2 -2 0 0 0 -2 -2 0 0 -2 0 0 0
0 0 0 2 2 2 -2 -2 0 0 0 -2 -2 0 0 -2 0 0 0
0 0 0 -2 -2 2 -2 -2 0 0 0 -2 -2 0 0 -2 0 0 0
0 0 0 -2 2 -2 -2 -2 0 0 0 -2 -2 0 0 -2 0 0 0
0 0 0 2 -2 -2 -2 -2 0 0 0 -2 -2 0 0 -2 0 0 0
0 0 0 0 0 2 0 0 2 2 0 2 2 0 0 2 -2 -2 0
0 0 0 0 0 2 0 0 2 2 0 2 2 0 0 2 2 2 0
0 0 0 0 0 -2 0 0 -2 2 0 2 2 0 0 2 -2 -2 0
0 0 0 0 0 -2 0 0 -2 2 0 2 2 0 0 2 2 2 0
0 0 0 0 0 -2 0 0 2 -2 0 2 2 0 0 2 -2 -2 0
0 0 0 0 0 -2 0 0 2 -2 0 2 2 0 0 2 2 2 0
0 0 0 0 0 2 0 0 -2 -2 0 2 2 0 0 2 -2 -2 0
0 0 0 0 0 2 0 0 -2 -2 0 2 2 0 0 2 2 2 0
0 0 0 0 0 -2 0 0 2 2 0 -2 2 0 0 2 -2 -2 0
0 0 0 0 0 -2 0 0 2 2 0 -2 2 0 0 2 2 2 0
0 0 0 0 0 2 0 0 -2 2 0 -2 2 0 0 2 -2 -2 0
0 0 0 0 0 2 0 0 -2 2 0 -2 2 0 0 2 2 2 0
0 0 0 0 0 2 0 0 2 -2 0 -2 2 0 0 2 -2 -2 0
0 0 0 0 0 2 0 0 2 -2 0 -2 2 0 0 2 2 2 0
0 0 0 0 0 -2 0 0 -2 -2 0 -2 2 0 0 2 -2 -2 0
0 0 0 0 0 -2 0 0 -2 -2 0 -2 2 0 0 2 2 2 0
0 0 0 0 0 -2 0 0 2 2 0 2 -2 0 0 2 -2 -2 0
0 0 0 0 0 -2 0 0 2 2 0 2 -2 0 0 2 2 2 0
0 0 0 0 0 2 0 0 -2 2 0 2 -2 0 0 2 -2 -2 0
0 0 0 0 0 2 0 0 -2 2 0 2 -2 0 0 2 2 2 0
0 0 0 0 0 2 0 0 2 -2 0 2 -2 0 0 2 -2 -2 0
0 0 0 0 0 2 0 0 2 -2 0 2 -2 0 0 2 2 2 0
0 0 0 0 0 -2 0 0 -2 -2 0 2 -2 0 0 2 -2 -2 0
0 0 0 0 0 -2 0 0 -2 -2 0 2 -2 0 0 2 2 2 0
0 0 0 0 0 2 0 0 2 2 0 -2 -2 0 0 2 -2 -2 0
0 0 0 0 0 2 0 0 2 2 0 -2 -2 0 0 2 2 2 0
0 0 0 0 0 -2 0 0 -2 2 0 -2 -2 0 0 2 -2 -2 0
0 0 0 0 0 -2 0 0 -2 2 0 -2 -2 0 0 2 2 2 0
0 0 0 0 0 -2 0 0 2 -2 0 -2 -2 0 0 2 -2 -2 0
0 0 0 0 0 -2 0 0 2 -2 0 -2 -2 0 0 2 2 2 0
0 0 0 0 0 2 0 0 -2 -2 0 -2 -2 0 0 2 -2 -2 0
0 0 0 0 0 2 0 0 -2 -2 0 -2 -2 0 0 2 2 2 0
0 0 0 0 0 -2 0 0 2 2 0 2 2 0 0 -2 -2 -2 0
0 0 0 0 0 -2 0 0 2 2 0 2 2 0 0 -2 2 2 0
0 0 0 0 0 2 0 0 -2 2 0 2 2 0 0 -2 -2 -2 0
0 0 0 0 0 2 0 0 -2 2 0 2 2 0 0 -2 2 2 0
0 0 0 0 0 2 0 0 2 -2 0 2 2 0 0 -2 -2 -2 0
0 0 0 0 0 2 0 0 2 -2 0 2 2 0 0 -2 2 2 0
0 0 0 0 0 -2 0 0 -2 -2 0 2 2 0 0 -2 -2 -2 0
0 0 0 0 0 -2 0 0 -2 -2 0 2 2 0 0 -2 2 2 0
0 0 0 0 0 2 0 0 2 2 0 -2 2 0 0 -2 -2 -2 0
0 0 0 0 0 2 0 0 2 2 0 -2 2 0 0 -2 2 2 0
0 0 0 0 0 -2 0 0 -2 2 0 -2 2 0 0 -2 -2 -2 0
0 0 0 0 0 -2 0 0 -2 2 0 -2 2 0 0 -2 2 2 0
0 0 0 0 0 -2 0 0 2 -2 0 -2 2 0 0 -2 -2 -2 0
0 0 0 0 0 -2 0 0 2 -2 0 -2 2 0 0 -2 2 2 0
0 0 0 0 0 2 0 0 -2 -2 0 -2 2 0 0 -2 -2 -2 0
0 0 0 0 0 2 0 0 -2 -2 0 -2 2 0 0 -2 2 2 0
0 0 0 0 0 2 0 0 2 2 0 2 -2 0 0 -2 -2 -2 0
0 0 0 0 0 2 0 0 2 2 0 2 -2 0 0 -2 2 2 0
0 0 0 0 0 -2 0 0 -2 2 0 2 -2 0 0 -2 -2 -2 0
0 0 0 0 0 -2 0 0 -2 2 0 2 -2 0 0 -2 2 2 0
0 0 0 0 0 -2 0 0 2 -2 0 2 -2 0 0 -2 -2 -2 0
0 0 0 0 0 -2 0 0 2 -2 0 2 -2 0 0 -2 2 2 0
0 0 0 0 0 2 0 0 -2 -2 0 2 -2 0 0 -2 -2 -2 0
0 0 0 0 0 2 0 0 -2 -2 0 2 -2 0 0 -2 2 2 0
0 0 0 0 0 -2 0 0 2 2 0 -2 -2 0 0 -2 -2 -2 0
0 0 0 0 0 -2 0 0 2 2 0 -2 -2 0 0 -2 2 2 0
0 0 0 0 0 2 0 0 -2 2 0 -2 -2 0 0 -2 -2 -2 0
0 0 0 0 0 2 0 0 -2 2 0 -2 -2 0 0 -2 2 2 0
0 0 0 0 0 2 0 0 2 -2 0 -2 -2 0 0 -2 -2 -2 0
0 0 0 0 0 2 0 0 2 -2 0 -2 -2 0 0 -2 2 2 0
0 0 0 0 0 -2 0 0 -2 -2 0 -2 -2 0 0 -2 -2 -2 0
0 0 0 0 0 -2 0 0 -2 -2 0 -2 -2 0 0 -2 2 2 0
2 0 0 0 0 0 0 2 0 0 2 2 2 0 0 2 -2 0 -2
2 0 0 0 0 0 0 2 0 0 2 2 2 0 0 2 2 0 2
-2 0 0 0 0 0 0 -2 0 0 2 2 2 0 0 2 -2 0 -2
-2 0 0 0 0 0 0 -2 0 0 2 2 2 0 0 2 2 0 2
-2 0 0 0 0 0 0 2 0 0 -2 2 2 0 0 2 -2 0 -2
-2 0 0 0 0 0 0 2 0 0 -2 2 2 0 0 2 2 0 2
2 0 0 0 0 0 0 -2 0 0 -2 2 2 0 0 2 -2 0 -2
2 0 0 0 0 0 0 -2 0 0 -2 2 2 0 0 2 2 0 2
-2 0 0 0 0 0 0 2 0 0 2 -2 2 0 0 2 -2 0 -2
-2 0 0 0 0 0 0 2 0 0 2 -2 2 0 0 2 2 0 2
2 0 0 0 0 0 0 -2 0 0 2 -2 2 0 0 2 -2 0 -2
2 0 0 0 0 0 0 -2 0 0 2 -2 2 0 0 2 2 0 2
2 0 0 0 0 0 0 2 0 0 -2 -2 2 0 0 2 -2 0 -2
2 0 0 0 0 0 0 2 0 0 -2 -2 2 0 0 2 2 0 2
-2 0 0 0 0 0 0 -2 0 0 -2 -2 2 0 0 2 -2 0 -2
-2 0 0 0 0 0 0 -2 0 0 -2 -2 2 0 0 2 2 0 2
-2 0 0 0 0 0 0 2 0 0 2 2 -2 0 0 2 -2 0 -2
-2 0 0 0 0 0 0 2 0 0 2 2 -2 0 0 2 2 0 2
2 0 0 0 0 0 0 -2 0 0 2 2 -2 0 0 2 -2 0 -2
2 0 0 0 0 0 0 -2 0 0 2 2 -2 0 0 2 2 0 2
2 0 0 0 0 0 0 2 0 0 -2 2 -2 0 0 2 -2 0 -2
2 0 0 0 0 0 0 2 0 0 -2 2 -2 0 0 2 2 0 2
-2 0 0 0 0 0 0 -2 0 0 -2 2 -2 0 0 2 -2 0 -2
-2 0 0 0 0 0 0 -2 0 0 -2 2 -2 0 0 2 2 0 2
2 0 0 0 0 0 0 2 0 0 2 -2 -2 0 0 2 -2 0 -2
2 0 0 0 0 0 0 2 0 0 2 -2 -2 0 0 2 2 0 2
-2 0 0 0 0 0 0 -2 0 0 2 -2 -2 0 0 2 -2 0 -2
-2 0 0 0 0 0 0 -2 0 0 2 -2 -2 0 0 2 2 0 2
-2 0 0 0 0 0 0 2 0 0 -2 -2 -2 0 0 2 -2 0 -2
-2 0 0 0 0 0 0 2 0 0 -2 -2 -2 0 0 2 2 0 2
2 0 0 0 0 0 0 -2 0 0 -2 -2 -2 0 0 2 -2 0 -2
2 0 0 0 0 0 0 -2 0 0 -2 -2 -2 0 0 2 2 0 2
-2 0 0 0 0 0 0 2 0 0 2 2 2 0 0 -2 -2 0 -2
-2 0 0 0 0 0 0 2 0 0 2 2 2 0 0 -2 2 0 2
2 0 0 0 0 0 0 -2 0 0 2 2 2 0 0 -2 -2 0 -2
2 0 0 0 0 0 0 -2 0 0 2 2 2 0 0 -2 2 0 2
2 0 0 0 0 0 0 2 0 0 -2 2 2 0 0 -2 -2 0 -2
2 0 0 0 0 0 0 2 0 0 -2 2 2 0 0 -2 2 0 2
-2 0 0 0 0 0 0 -2 0 0 -2 2 2 0 0 -2 -2 0 -2
-2 0 0 0 0 0 0 -2 0 0 -2 2 2 0 0 -2 2 0 2
2 0 0 0 0 0 0 2 0 0 2 -2 2 0 0 -2 -2 0 -2
2 0 0 0 0 0 0 2 0 0 2 -2 2 0 0 -2 2 0 2
-2 0 0 0 0 0 0 -2 0 0 2 -2 2 0 0 -2 -2 0 -2
-2 0 0 0 0 0 0 -2 0 0 2 -2 2 0 0 -2 2 0 2
-2 0 0 0 0 0 0 2 0 0 -2 -2 2 0 0 -2 -2 0 -2
-2 0 0 0 0 0 0 2 0 0 -2 -2 2 0 0 -2 2 0 2
2 0 0 0 0 0 0 -2 0 0 -2 -2 2 0 0 -2 -2 0 -2
2 0 0 0 0 0 0 -2 0 0 -2 -2 2 0 0 -2 2 0 2
2 0 0 0 0 0 0 2 0 0 2 2 -2 0 0 -2 -2 0 -2
2 0 0 0 0 0 0 2 0 0 2 2 -2 0 0 -2 2 0 2
-2 0 0 0 0 0 0 -2 0 0 2 2 -2 0 0 -2 -2 0 -2
-2 0 0 0 0 0 0 -2 0 0 2 2 -2 0 0 -2 2 0 2
-2 0 0 0 0 0 0 2 0 0 -2 2 -2 0 0 -2 -2 0 -2
-2 0 0 0 0 0 0 2 0 0 -2 2 -2 0 0 -2 2 0 2
2 0 0 0 0 0 0 -2 0 0 -2 2 -2 0 0 -2 -2 0 -2
2 0 0 0 0 0 0 -2 0 0 -2 2 -2 0 0 -2 2 0 2
-2 0 0 0 0 0 0 2 0 0 2 -2 -2 0 0 -2 -2 0 -2
-2 0 0 0 0 0 0 2 0 0 2 -2 -2 0 0 -2 2 0 2
2 0 0 0 0 0 0 -2 0 0 2 -2 -2 0 0 -2 -2 0 -2
2 0 0 0 0 0 0 -2 0 0 2 -2 -2 0 0 -2 2 0 2
2 0 0 0 0 0 0 2 0 0 -2 -2 -2 0 0 -2 -2 0 -2
2 0 0 0 0 0 0 2 0 0 -2 -2 -2 0 0 -2 2 0 2
-2 0 0 0 0 0 0 -2 0 0 -2 -2 -2 0 0 -2 -2 0 -2
-2 0 0 0 0 0 0 -2 0 0 -2 -2 -2 0 0 -2 2 0 2
0 2 0 0 2 2 2 0 0 0 0 0 0 2 0 2 -2 2 0
0 2 0 0 2 2 2 0 0 0 0 0 0 2 0 2 2 -2 0
0 -2 0 0 -2 2 2 0 0 0 0 0 0 2 0 2 -2 2 0
0 -2 0 0 -2 2 2 0 0 0 0 0 0 2 0 2 2 -2 0
0 -2 0 0 2 -2 2 0 0 0 0 0 0 2 0 2 -2 2 0
0 -2 0 0 2 -2 2 0 0 0 0 0 0 2 0 2 2 -2 0
0 2 0 0 -2 -2 2 0 0 0 0 0 0 2 0 2 -2 2 0
0 2 0 0 -2 -2 2 0 0 0 0 0 0 2 0 2 2 -2 0
0 -2 0 0 2 2 -2 0 0 0 0 0 0 2 0 2 -2 2 0
0 -2 0 0 2 2 -2 0 0 0 0 0 0 2 0 2 2 -2 0
0 2 0 0 -2 2 -2 0 0 0 0 0 0 2 0 2 -2 2 0
0 2 0 0 -2 2 -2 0 0 0 0 0 0 2 0 2 2 -2 0
0 2 0 0 2 -2 -2 0 0 0 0 0 0 2 0 2 -2 2 0
0 2 0 0 2 -2 -2 0 0 0 0 0 0 2 0 2 2 -2 0
0 -2 0 0 -2 -2 -2 0 0 0 0 0 0 2 0 2 -2 2 0
0 -2 0 0 -2 -2 -2 0 0 0 0 0 0 2 0 2 2 -2 0
0 -2 0 0 2 2 2 0 0 0 0 0 0 -2 0 2 -2 2 0
0 -2 0 0 2 2 2 0 0 0 0 0 0 -2 0 2 2 -2 0
0 2 0 0 -2 2 2 0 0 0 0 0 0 -2 0 2 -2 2 0
0 2 0 0 -2 2 2 0 0 0 0 0 0 -2 0 2 2 -2 0
0 2 0 0 2 -2 2 0 0 0 0 0 0 -2 0 2 -2 2 0
0 2 0 0 2 -2 2 0 0 0 0 0 0 -2 0 2 2 -2 0
0 -2 0 0 -2 -2 2 0 0 0 0 0 0 -2 0 2 -2 2 0
0 -2 0 0 -2 -2 2 0 0 0 0 0 0 -2 0 2 2 -2 0
0 2 0 0 2 2 -2 0 0 0 0 0 0 -2 0 2 -2 2 0
0 2 0 0 2 2 -2 0 0 0 0 0 0 -2 0 2 2 -2 0
0 -2 0 0 -2 2 -2 0 0 0 0 0 0 -2 0 2 -2 2 0
0 -2 0 0 -2 2 -2 0 0 0 0 0 0 -2 0 2 2 -2 0
0 -2 0 0 2 -2 -2 0 0 0 0 0 0 -2 0 2 -2 2 0
0 -2 0 0 2 -2 -2 0 0 0 0 0 0 -2 0 2 2 -2 0
0 2 0 0 -2 -2 -2 0 0 0 0 0 0 -2 0 2 -2 2 0
0 2 0 0 -2 -2 -2 0 0 0 0 0 0 -2 0 2 2 -2 0
0 -2 0 0 2 2 2 0 0 0 0 0 0 2 0 -2 -2 2 0
0 -2 0 0 2 2 2 0 0 0 0 0 0 2 0 -2 2 -2 0
0 2 0 0 -2 2 2 0 0 0 0 0 0 2 0 -2 -2 2 0
0 2 0 0 -2 2 2 0 0 0 0 0 0 2 0 -2 2 -2 0
0 2 0 0 2 -2 2 0 0 0 0 0 0 2 0 -2 -2 2 0
0 2 0 0 2 -2 2 0 0 0 0 0 0 2 0 -2 2 -2 0
0 -2 0 0 -2 -2 2 0 0 0 0 0 0 2 0 -2 -2 2 0
0 -2 0 0 -2 -2 2 0 0 0 0 0 0 2 0 -2 2 -2 0
0 2 0 0 2 2 -2 0 0 0 0 0 0 2 0 -2 -2 2 0
0 2 0 0 2 2 -2 0 0 0 0 0 0 2 0 -2 2 -2 0
0 -2 0 0 -2 2 -2 0 0 0 0 0 0 2 0 -2 -2 2 0
0 -2 0 0 -2 2 -2 0 0 0 0 0 0 2 0 -2 2 -2 0
0 -2 0 0 2 -2 -2 0 0 0 0 0 0 2 0 -2 -2 2 0
0 -2 0 0 2 -2 -2 0 0 0 0 0 0 2 0 -2 2 -2 0
0 2 0 0 -2 -2 -2 0 0 0 0 0 0 2 0 -2 -2 2 0
0 2 0 0 -2 -2 -2 0 0 0 0 0 0 2 0 -2 2 -2 0
0 2 0 0 2 2 2 0 0 0 0 0 0 -2 0 -2 -2 2 0
0 2 0 0 2 2 2 0 0 0 0 0 0 -2 0 -2 2 -2 0
0 -2 0 0 -2 2 2 0 0 0 0 0 0 -2 0 -2 -2 2 0
0 -2 0 0 -2 2 2 0 0 0 0 0 0 -2 0 -2 2 -2 0
0 -2 0 0 2 -2 2 0 0 0 0 0 0 -2 0 -2 -2 2 0
0 -2 0 0 2 -2 2 0 0 0 0 0 0 -2 0 -2 2 -2 0
0 2 0 0 -2 -2 2 0 0 0 0 0 0 -2 0 -2 -2 2 0
0 2 0 0 -2 -2 2 0 0 0 0 0 0 -2 0 -2 2 -2 0
0 -2 0 0 2 2 -2 0 0 0 0 0 0 -2 0 -2 -2 2 0
0 -2 0 0 2 2 -2 0 0 0 0 0 0 -2 0 -2 2 -2 0
0 2 0 0 -2 2 -2 0 0 0 0 0 0 -2 0 -2 -2 2 0
0 2 0 0 -2 2 -2 0 0 0 0 0 0 -2 0 -2 2 -2 0
0 2 0 0 2 -2 -2 0 0 0 0 0 0 -2 0 -2 -2 2 0
0 2 0 0 2 -2 -2 0 0 0 0 0 0 -2 0 -2 2 -2 0
0 -2 0 0 -2 -2 -2 0 0 0 0 0 0 -2 0 -2 -2 2 0
0 -2 0 0 -2 -2 -2 0 0 0 0 0 0 -2 0 -2 2 -2 0
2 0 2 0 0 2 0 0 2 0 0 0 0 2 0 2 -2 0 -2
-2 0 -2 0 0 2 0 0 2 0 0 0 0 2 0 2 -2 0 -2
2 0 2 0 0 2 0 0 2 0 0 0 0 2 0 2 2 0 2
-2 0 -2 0 0 2 0 0 2 0 0 0 0 2 0 2 2 0 2
-2 0 2 0 0 -2 0 0 2 0 0 0 0 2 0 2 -2 0 -2
2 0 -2 0 0 -2 0 0 2 0 0 0 0 2 0 2 -2 0 -2
-2 0 2 0 0 -2 0 0 2 0 0 0 0 2 0 2 2 0 2
2 0 -2 0 0 -2 0 0 2 0 0 0 0 2 0 2 2 0 2
-2 0 2 0 0 2 0 0 -2 0 0 0 0 2 0 2 -2 0 -2
2 0 -2 0 0 2 0 0 -2 0 0 0 0 2 0 2 -2 0 -2
-2 0 2 0 0 2 0 0 -2 0 0 0 0 2 0 2 2 0 2
2 0 -2 0 0 2 0 0 -2 0 0 0 0 2 0 2 2 0 2
2 0 2 0 0 -2 0 0 -2 0 0 0 0 2 0 2 -2 0 -2
-2 0 -2 0 0 -2 0 0 -2 0 0 0 0 2 0 2 -2 0 -2
2 0 2 0 0 -2 0 0 -2 0 0 0 0 2 0 2 2 0 2
-2 0 -2 0 0 -2 0 0 -2 0 0 0 0 2 0 2 2 0 2
-2 0 2 0 0 2 0 0 2 0 0 0 0 -2 0 2 -2 0 -2
2 0 -2 0 0 2 0 0 2 0 0 0 0 -2 0 2 -2 0 -2
-2 0 2 0 0 2 0 0 2 0 0 0 0 -2 0 2 2 0 2
2 0 -2 0 0 2 0 0 2 0 0 0 0 -2 0 2 2 0 2
2 0 2 0 0 -2 0 0 2 0 0 0 0 -2 0 2 -2 0 -2
-2 0 -2 0 0 -2 0 0 2 0 0 0 0 -2 0 2 -2 0 -2
2 0 2 0 0 -2 0 0 2 0 0 0 0 -2 0 2 2 0 2
-2 0 -2 0 0 -2 0 0 2 0 0 0 0 -2 0 2 2 0 2
2 0 2 0 0 2 0 0 -2 0 0 0 0 -2 0 2 -2 0 -2
-2 0 -2 0 0 2 0 0 -2 0 0 0 0 -2 0 2 -2 0 -2
2 0 2 0 0 2 0 0 -2 0 0 0 0 -2 0 2 2 0 2
-2 0 -2 0 0 2 0 0 -2 0 0 0 0 -2 0 2 2 0 2
-2 0 2 0 0 -2 0 0 -2 0 0 0 0 -2 0 2 -2 0 -2
2 0 -2 0 0 -2 0 0 -2 0 0 0 0 -2 0 2 -2 0 -2
-2 0 2 0 0 -2 0 0 -2 0 0 0 0 -2 0 2 2 0 2
2 0 -2 0 0 -2 0 0 -2 0 0 0 0 -2 0 2 2 0 2
-2 0 2 0 0 2 0 0 2 0 0 0 0 2 0 -2 -2 0 -2
2 0 -2 0 0 2 0 0 2 0 0 0 0 2 0 -2 -2 0 -2
-2 0 2 0 0 2 0 0 2 0 0 0 0 2 0 -2 2 0 2
2 0 -2 0 0 2 0 0 2 0 0 0 0 2 0 -2 2 0 2
2 0 2 0 0 -2 0 0 2 0 0 0 0 2 0 -2 -2 0 -2
-2 0 -2 0 0 -2 0 0 2 0 0 0 0 2 0 -2 -2 0 -2
2 0 2 0 0 -2 0 0 2 0 0 0 0 2 0 -2 2 0 2
-2 0 -2 0 0 -2 0 0 2 0 0 0 0 2 0 -2 2 0 2
2 0 2 0 0 2 0 0 -2 0 0 0 0 2 0 -2 -2 0 -2
-2 0 -2 0 0 2 0 0 -2 0 0 0 0 2 0 -2 -2 0 -2
2 0 2 0 0 2 0 0 -2 0 0 0 0 2 0 -2 2 0 2
-2 0 -2 0 0 2 0 0 -2 0 0 0 0 2 0 -2 2 0 2
-2 0 2 0 0 -2 0 0 -2 0 0 0 0 2 0 -2 -2 0 -2
2 0 -2 0 0 -2 0 0 -2 0 0 0 0 2 0 -2 -2 0 -2
-2 0 2 0 0 -2 0 0 -2 0 0 0 0 2 0 -2 2 0 2
2 0 -2 0 0 -2 0 0 -2 0 0 0 0 2 0 -2 2 0 2
2 0 2 0 0 2 0 0 2 0 0 0 0 -2 0 -2 -2 0 -2
-2 0 -2 0 0 2 0 0 2 0 0 0 0 -2 0 -2 -2 0 -2
2 0 2 0 0 2 0 0 2 0 0 0 0 -2 0 -2 2 0 2
-2 0 -2 0 0 2 0 0 2 0 0 0 0 -2 0 -2 2 0 2
-2 0 2 0 0 -2 0 0 2 0 0 0 0 -2 0 -2 -2 0 -2
2 0 -2 0 0 -2 0 0 2 0 0 0 0 -2 0 -2 -2 0 -2
-2 0 2 0 0 -2 0 0 2 0 0 0 0 -2 0 -2 2 0 2
2 0 -2 0 0 -2 0 0 2 0 0 0 0 -2 0 -2 2 0 2
-2 0 2 0 0 2 0 0 -2 0 0 0 0 -2 0 -2 -2 0 -2
2 0 -2 0 0 2 0 0 -2 0 0 0 0 -2 0 -2 -2 0 -2
-2 0 2 0 0 2 0 0 -2 0 0 0 0 -2 0 -2 2 0 2
2 0 -2 0 0 2 0 0 -2 0 0 0 0 -2 0 -2 2 0 2
2 0 2 0 0 -2 0 0 -2 0 0 0 0 -2 0 -2 -2 0 -2
-2 0 -2 0 0 -2 0 0 -2 0 0 0 0 -2 0 -2 -2 0 -2
2 0 2 0 0 -2 0 0 -2 0 0 0 0 -2 0 -2 2 0 2
-2 0 -2 0 0 -2 0 0 -2 0 0 0 0 -2 0 -2 2 0 2
2 2 0 2 0 0 0 0 0 0 2 0 0 2 0 2 0 -2 -2
-2 -2 0 2 0 0 0 0 0 0 2 0 0 2 0 2 0 -2 -2
2 2 0 2 0 0 0 0 0 0 2 0 0 2 0 2 0 2 2
-2 -2 0 2 0 0 0 0 0 0 2 0 0 2 0 2 0 2 2
-2 2 0 -2 0 0 0 0 0 0 2 0 0 2 0 2 0 -2 -2
2 -2 0 -2 0 0 0 0 0 0 2 0 0 2 0 2 0 -2 -2
-2 2 0 -2 0 0 0 0 0 0 2 0 0 2 0 2 0 2 2
2 -2 0 -2 0 0 0 0 0 0 2 0 0 2 0 2 0 2 2
-2 2 0 2 0 0 0 0 0 0 -2 0 0 2 0 2 0 -2 -2
2 -2 0 2 0 0 0 0 0 0 -2 0 0 2 0 2 0 -2 -2
-2 2 0 2 0 0 0 0 0 0 -2 0 0 2 0 2 0 2 2
2 -2 0 2 0 0 0 0 0 0 -2 0 0 2 0 2 0 2 2
2 2 0 -2 0 0 0 0 0 0 -2 0 0 2 0 2 0 -2 -2
-2 -2 0 -2 0 0 0 0 0 0 -2 0 0 2 0 2 0 -2 -2
2 2 0 -2 0 0 0 0 0 0 -2 0 0 2 0 2 0 2 2
-2 -2 0 -2 0 0 0 0 0 0 -2 0 0 2 0 2 0 2 2
-2 2 0 2 0 0 0 0 0 0 2 0 0 -2 0 2 0 -2 -2
2 -2 0 2 0 0 0 0 0 0 2 0 0 -2 0 2 0 -2 -2
-2 2 0 2 0 0 0 0 0 0 2 0 0 -2 0 2 0 2 2
2 -2 0 2 0 0 0 0 0 0 2 0 0 -2 0 2 0 2 2
2 2 0 -2 0 0 0 0 0 0 2 0 0 -2 0 2 0 -2 -2
-2 -2 0 -2 0 0 0 0 0 0 2 0 0 -2 0 2 0 -2 -2
2 2 0 -2 0 0 0 0 0 0 2 0 0 -2 0 2 0 2 2
-2 -2 0 -2 0 0 0 0 0 0 2 0 0 -2 0 2 0 2 2
2 2 0 2 0 0 0 0 0 0 -2 0 0 -2 0 2 0 -2 -2
-2 -2 0 2 0 0 0 0 0 0 -2 0 0 -2 0 2 0 -2 -2
2 2 0 2 0 0 0 0 0 0 -2 0 0 -2 0 2 0 2 2
-2 -2 0 2 0 0 0 0 0 0 -2 0 0 -2 0 2 0 2 2
-2 2 0 -2 0 0 0 0 0 0 -2 0 0 -2 0 2 0 -2 -2
2 -2 0 -2 0 0 0 0 0 0 -2 0 0 -2 0 2 0 -2 -2
-2 2 0 -2 0 0 0 0 0 0 -2 0 0 -2 0 2 0 2 2
2 -2 0 -2 0 0 0 0 0 0 -2 0 0 -2 0 2 0 2 2
-2 2 0 2 0 0 0 0 0 0 2 0 0 2 0 -2 0 -2 -2
2 -2 0 2 0 0 0 0 0 0 2 0 0 2 0 -2 0 -2 -2
-2 2 0 2 0 0 0 0 0 0 2 0 0 2 0 -2 0 2 2
2 -2 0 2 0 0 0 0 0 0 2 0 0 2 0 -2 0 2 2
2 2 0 -2 0 0 0 0 0 0 2 0 0 2 0 -2 0 -2 -2
-2 -2 0 -2 0 0 0 0 0 0 2 0 0 2 0 -2 0 -2 -2
2 2 0 -2 0 0 0 0 0 0 2 0 0 2 0 -2 0 2 2
-2 -2 0 -2 0 0 0 0 0 0 2 0 0 2 0 -2 0 2 2
2 2 0 2 0 0 0 0 0 0 -2 0 0 2 0 -2 0 -2 -2
-2 -2 0 2 0 0 0 0 0 0 -2 0 0 2 0 -2 0 -2 -2
2 2 0 2 0 0 0 0 0 0 -2 0 0 2 0 -2 0 2 2
-2 -2 0 2 0 0 0 0 0 0 -2 0 0 2 0 -2 0 2 2
-2 2 0 -2 0 0 0 0 0 0 -2 0 0 2 0 -2 0 -2 -2
2 -2 0 -2 0 0 0 0 0 0 -2 0 0 2 0 -2 0 -2 -2
-2 2 0 -2 0 0 0 0 0 0 -2 0 0 2 0 -2 0 2 2
2 -2 0 -2 0 0 0 0 0 0 -2 0 0 2 0 -2 0 2 2
2 2 0 2 0 0 0 0 0 0 2 0 0 -2 0 -2 0 -2 -2
-2 -2 0 2 0 0 0 0 0 0 2 0 0 -2 0 -2 0 -2 -2
2 2 0 2 0 0 0 0 0 0 2 0 0 -2 0 -2 0 2 2
-2 -2 0 2 0 0 0 0 0 0 2 0 0 -2 0 -2 0 2 2
-2 2 0 -2 0 0 0 0 0 0 2 0 0 -2 0 -2 0 -2 -2
2 -2 0 -2 0 0 0 0 0 0 2 0 0 -2 0 -2 0 -2 -2
-2 2 0 -2 0 0 0 0 0 0 2 0 0 -2 0 -2 0 2 2
2 -2 0 -2 0 0 0 0 0 0 2 0 0 -2 0 -2 0 2 2
-2 2 0 2 0 0 0 0 0 0 -2 0 0 -2 0 -2 0 -2 -2
2 -2 0 2 0 0 0 0 0 0 -2 0 0 -2 0 -2 0 -2 -2
-2 2 0 2 0 0 0 0 0 0 -2 0 0 -2 0 -2 0 2 2
2 -2 0 2 0 0 0 0 0 0 -2 0 0 -2 0 -2 0 2 2
2 2 0 -2 0 0 0 0 0 0 -2 0 0 -2 0 -2 0 -2 -2
-2 -2 0 -2 0 0 0 0 0 0 -2 0 0 -2 0 -2 0 -2 -2
2 2 0 -2 0 0 0 0 0 0 -2 0 0 -2 0 -2 0 2 2
-2 -2 0 -2 0 0 0 0 0 0 -2 0 0 -2 0 -2 0 2 2
0 0 -2 2 2 0 2 0 2 0 2 0 0 2 0 2 0 0 0
0 0 2 -2 2 0 2 0 2 0 2 0 0 2 0 2 0 0 0
0 0 2 2 -2 0 2 0 2 0 2 0 0 2 0 2 0 0 0
0 0 -2 -2 -2 0 2 0 2 0 2 0 0 2 0 2 0 0 0
0 0 2 2 2 0 -2 0 2 0 2 0 0 2 0 2 0 0 0
0 0 -2 -2 2 0 -2 0 2 0 2 0 0 2 0 2 0 0 0
0 0 -2 2 -2 0 -2 0 2 0 2 0 0 2 0 2 0 0 0
0 0 2 -2 -2 0 -2 0 2 0 2 0 0 2 0 2 0 0 0
0 0 2 2 2 0 2 0 -2 0 2 0 0 2 0 2 0 0 0
0 0 -2 -2 2 0 2 0 -2 0 2 0 0 2 0 2 0 0 0
0 0 -2 2 -2 0 2 0 -2 0 2 0 0 2 0 2 0 0 0
0 0 2 -2 -2 0 2 0 -2 0 2 0 0 2 0 2 0 0 0
0 0 -2 2 2 0 -2 0 -2 0 2 0 0 2 0 2 0 0 0
0 0 2 -2 2 0 -2 0 -2 0 2 0 0 2 0 2 0 0 0
0 0 2 2 -2 0 -2 0 -2 0 2 0 0 2 0 2 0 0 0
0 0 -2 -2 -2 0 -2 0 -2 0 2 0 0 2 0 2 0 0 0
0 0 2 2 2 0 2 0 2 0 -2 0 0 2 0 2 0 0 0
0 0 -2 -2 2 0 2 0 2 0 -2 0 0 2 0 2 0 0 0
0 0 -2 2 -2 0 2 0 2 0 -2 0 0 2 0 2 0 0 0
0 0 2 -2 -2 0 2 0 2 0 -2 0 0 2 0 2 0 0 0
0 0 -2 2 2 0 -2 0 2 0 -2 0 0 2 0 2 0 0 0
0 0 2 -2 2 0 -2 0 2 0 -2 0 0 2 0 2 0 0 0
0 0 2 2 -2 0 -2 0 2 0 -2 0 0 2 0 2 0 0 0
0 0 -2 -2 -2 0 -2 0 2 0 -2 0 0 2 0 2 0 0 0
0 0 -2 2 2 0 2 0 -2 0 -2 0 0 2 0 2 0 0 0
0 0 2 -2 2 0 2 0 -2 0 -2 0 0 2 0 2 0 0 0
0 0 2 2 -2 0 2 0 -2 0 -2 0 0 2 0 2 0 0 0
0 0 -2 -2 -2 0 2 0 -2 0 -2 0 0 2 0 2 0 0 0
0 0 2 2 2 0 -2 0 -2 0 -2 0 0 2 0 2 0 0 0
0 0 -2 -2 2 0 -2 0 -2 0 -2 0 0 2 0 2 0 0 0
0 0 -2 2 -2 0 -2 0 -2 0 -2 0 0 2 0 2 0 0 0
0 0 2 -2 -2 0 -2 0 -2 0 -2 0 0 2 0 2 0 0 0
0 0 2 2 2 0 2 0 2 0 2 0 0 -2 0 2 0 0 0
0 0 -2 -2 2 0 2 0 2 0 2 0 0 -2 0 2 0 0 0
0 0 -2 2 -2 0 2 0 2 0 2 0 0 -2 0 2 0 0 0
0 0 2 -2 -2 0 2 0 2 0 2 0 0 -2 0 2 0 0 0
0 0 -2 2 2 0 -2 0 2 0 2 0 0 -2 0 2 0 0 0
0 0 2 -2 2 0 -2 0 2 0 2 0 0 -2 0 2 0 0 0
0 0 2 2 -2 0 -2 0 2 0 2 0 0 -2 0 2 0 0 0
0 0 -2 -2 -2 0 -2 0 2 0 2 0 0 -2 0 2 0 0 0
0 0 -2 2 2 0 2 0 -2 0 2 0 0 -2 0 2 0 0 0
0 0 2 -2 2 0 2 0 -2 0 2 0 0 -2 0 2 0 0 0
0 0 2 2 -2 0 2 0 -2 0 2 0 0 -2 0 2 0 0 0
0 0 -2 -2 -2 0 2 0 -2 0 2 0 0 -2 0 2 0 0 0
0 0 2 2 2 0 -2 0 -2 0 2 0 0 -2 0 2 0 0 0
0 0 -2 -2 2 0 -2 0 -2 0 2 0 0 -2 0 2 0 0 0
0 0 -2 2 -2 0 -2 0 -2 0 2 0 0 -2 0 2 0 0 0
0 0 2 -2 -2 0 -2 0 -2 0 2 0 0 -2 0 2 0 0 0
0 0 -2 2 2 0 2 0 2 0 -2 0 0 -2 0 2 0 0 0
0 0 2 -2 2 0 2 0 2 0 -2 0 0 -2 0 2 0 0 0
0 0 2 2 -2 0 2 0 2 0 -2 0 0 -2 0 2 0 0 0
0 0 -2 -2 -2 0 2 0 2 0 -2 0 0 -2 0 2 0 0 0
0 0 2 2 2 0 -2 0 2 0 -2 0 0 -2 0 2 0 0 0
0 0 -2 -2 2 0 -2 0 2 0 -2 0 0 -2 0 2 0 0 0
0 0 -2 2 -2 0 -2 0 2 0 -2 0 0 -2 0 2 0 0 0
0 0 2 -2 -2 0 -2 0 2 0 -2 0 0 -2 0 2 0 0 0
0 0 2 2 2 0 2 0 -2 0 -2 0 0 -2 0 2 0 0 0
0 0 -2 -2 2 0 2 0 -2 0 -2 0 0 -2 0 2 0 0 0
0 0 -2 2 -2 0 2 0 -2 0 -2 0 0 -2 0 2 0 0 0
0 0 2 -2 -2 0 2 0 -2 0 -2 0 0 -2 0 2 0 0 0
0 0 -2 2 2 0 -2 0 -2 0 -2 0 0 -2 0 2 0 0 0
0 0 2 -2 2 0 -2 0 -2 0 -2 0 0 -2 0 2 0 0 0
0 0 2 2 -2 0 -2 0 -2 0 -2 0 0 -2 0 2 0 0 0
0 0 -2 -2 -2 0 -2 0 -2 0 -2 0 0 -2 0 2 0 0 0
0 0 2 2 2 0 2 0 2 0 2 0 0 2 0 -2 0 0 0
0 0 -2 -2 2 0 2 0 2 0 2 0 0 2 0 -2 0 0 0
0 0 -2 2 -2 0 2 0 2 0 2 0 0 2 0 -2 0 0 0
0 0 2 -2 -2 0 2 0 2 0 2 0 0 2 0 -2 0 0 0
0 0 -2 2 2 0 -2 0 2 0 2 0 0 2 0 -2 0 0 0
0 0 2 -2 2 0 -2 0 2 0 2 0 0 2 0 -2 0 0 0
0 0 2 2 -2 0 -2 0 2 0 2 0 0 2 0 -2 0 0 0
0 0 -2 -2 -2 0 -2 0 2 0 2 0 0 2 0 -2 0 0 0
0 0 -2 2 2 0 2 0 -2 0 2 0 0 2 0 -2 0 0 0
0 0 2 -2 2 0 2 0 -2 0 2 0 0 2 0 -2 0 0 0
0 0 2 2 -2 0 2 0 -2 0 2 0 0 2 0 -2 0 0 0
0 0 -2 -2 -2 0 2 0 -2 0 2 0 0 2 0 -2 0 0 0
0 0 2 2 2 0 -2 0 -2 0 2 0 0 2 0 -2 0 0 0
0 0 -2 -2 2 0 -2 0 -2 0 2 0 0 2 0 -2 0 0 0
0 0 -2 2 -2 0 -2 0 -2 0 2 0 0 2 0 -2 0 0 0
0 0 2 -2 -2 0 -2 0 -2 0 2 0 0 2 0 -2 0 0 0
0 0 -2 2 2 0 2 0 2 0 -2 0 0 2 0 -2 0 0 0
0 0 2 -2 2 0 2 0 2 0 -2 0 0 2 0 -2 0 0 0
0 0 2 2 -2 0 2 0 2 0 -2 0 0 2 0 -2 0 0 0
0 0 -2 -2 -2 0 2 0 2 0 -2 0 0 2 0 -2 0 0 0
0 0 2 2 2 0 -2 0 2 0 -2 0 0 2 0 -2 0 0 0
0 0 -2 -2 2 0 -2 0 2 0 -2 0 0 2 0 -2 0 0 0
0 0 -2 2 -2 0 -2 0 2 0 -2 0 0 2 0 -2 0 0 0
0 0 2 -2 -2 0 -2 0 2 0 -2 0 0 2 0 -2 0 0 0
0 0 2 2 2 0 2 0 -2 0 -2 0 0 2 0 -2 0 0 0
0 0 -2 -2 2 0 2 0 -2 0 -2 0 0 2 0 -2 0 0 0
0 0 -2 2 -2 0 2 0 -2 0 -2 0 0 2 0 -2 0 0 0
0 0 2 -2 -2 0 2 0 -2 0 -2 0 0 2 0 -2 0 0 0
0 0 -2 2 2 0 -2 0 -2 0 -2 0 0 2 0 -2 0 0 0
0 0 2 -2 2 0 -2 0 -2 0 -2 0 0 2 0 -2 0 0 0
0 0 2 2 -2 0 -2 0 -2 0 -2 0 0 2 0 -2 0 0 0
0 0 -2 -2 -2 0 -2 0 -2 0 -2 0 0 2 0 -2 0 0 0
0 0 -2 2 2 0 2 0 2 0 2 0 0 -2 0 -2 0 0 0
0 0 2 -2 2 0 2 0 2 0 2 0 0 -2 0 -2 0 0 0
0 0 2 2 -2 0 2 0 2 0 2 0 0 -2 0 -2 0 0 0
0 0 -2 -2 -2 0 2 0 2 0 2 0 0 -2 0 -2 0 0 0
0 0 2 2 2 0 -2 0 2 0 2 0 0 -2 0 -2 0 0 0
0 0 -2 -2 2 0 -2 0 2 0 2 0 0 -2 0 -2 0 0 0
0 0 -2 2 -2 0 -2 0 2 0 2 0 0 -2 0 -2 0 0 0
0 0 2 -2 -2 0 -2 0 2 0 2 0 0 -2 0 -2 0 0 0
0 0 2 2 2 0 2 0 -2 0 2 0 0 -2 0 -2 0 0 0
0 0 -2 -2 2 0 2 0 -2 0 2 0 0 -2 0 -2 0 0 0
0 0 -2 2 -2 0 2 0 -2 0 2 0 0 -2 0 -2 0 0 0
0 0 2 -2 -2 0 2 0 -2 0 2 0 0 -2 0 -2 0 0 0
0 0 -2 2 2 0 -2 0 -2 0 2 0 0 -2 0 -2 0 0 0
0 0 2 -2 2 0 -2 0 -2 0 2 0 0 -2 0 -2 0 0 0
0 0 2 2 -2 0 -2 0 -2 0 2 0 0 -2 0 -2 0 0 0
0 0 -2 -2 -2 0 -2 0 -2 0 2 0 0 -2 0 -2 0 0 0
0 0 2 2 2 0 2 0 2 0 -2 0 0 -2 0 -2 0 0 0
0 0 -2 -2 2 0 2 0 2 0 -2 0 0 -2 0 -2 0 0 0
0 0 -2 2 -2 0 2 0 2 0 -2 0 0 -2 0 -2 0 0 0
0 0 2 -2 -2 0 2 0 2 0 -2 0 0 -2 0 -2 0 0 0
0 0 -2 2 2 0 -2 0 2 0 -2 0 0 -2 0 -2 0 0 0
0 0 2 -2 2 0 -2 0 2 0 -2 0 0 -2 0 -2 0 0 0
0 0 2 2 -2 0 -2 0 2 0 -2 0 0 -2 0 -2 0 0 0
0 0 -2 -2 -2 0 -2 0 2 0 -2 0 0 -2 0 -2 0 0 0
0 0 -2 2 2 0 2 0 -2 0 -2 0 0 -2 0 -2 0 0 0
0 0 2 -2 2 0 2 0 -2 0 -2 0 0 -2 0 -2 0 0 0
0 0 2 2 -2 0 2 0 -2 0 -2 0 0 -2 0 -2 0 0 0
0 0 -2 -2 -2 0 2 0 -2 0 -2 0 0 -2 0 -2 0 0 0
0 0 2 2 2 0 -2 0 -2 0 -2 0 0 -2 0 -2 0 0 0
0 0 -2 -2 2 0 -2 0 -2 0 -2 0 0 -2 0 -2 0 0 0
0 0 -2 2 -2 0 -2 0 -2 0 -2 0 0 -2 0 -2 0 0 0
0 0 2 -2 -2 0 -2 0 -2 0 -2 0 0 -2 0 -2 0 0 0
0 0 2 0 0 0 0 2 0 2 2 0 0 2 0 2 -2 -2 0
0 0 2 0 0 0 0 2 0 2 2 0 0 2 0 2 2 2 0
0 0 -2 0 0 0 0 -2 0 2 2 0 0 2 0 2 -2 -2 0
0 0 -2 0 0 0 0 -2 0 2 2 0 0 2 0 2 2 2 0
0 0 -2 0 0 0 0 2 0 -2 2 0 0 2 0 2 -2 -2 0
0 0 -2 0 0 0 0 2 0 -2 2 0 0 2 0 2 2 2 0
0 0 2 0 0 0 0 -2 0 -2 2 0 0 2 0 2 -2 -2 0
0 0 2 0 0 0 0 -2 0 -2 2 0 0 2 0 2 2 2 0
0 0 -2 0 0 0 0 2 0 2 -2 0 0 2 0 2 -2 -2 0
0 0 -2 0 0 0 0 2 0 2 -2 0 0 2 0 2 2 2 0
0 0 2 0 0 0 0 -2 0 2 -2 0 0 2 0 2 -2 -2 0
0 0 2 0 0 0 0 -2 0 2 -2 0 0 2 0 2 2 2 0
0 0 2 0 0 0 0 2 0 -2 -2 0 0 2 0 2 -2 -2 0
0 0 2 0 0 0 0 2 0 -2 -2 0 0 2 0 2 2 2 0
0 0 -2 0 0 0 0 -2 0 -2 -2 0 0 2 0 2 -2 -2 0
0 0 -2 0 0 0 0 -2 0 -2 -2 0 0 2 0 2 2 2 0
0 0 -2 0 0 0 0 2 0 2 2 0 0 -2 0 2 -2 -2 0
0 0 -2 0 0 0 0 2 0 2 2 0 0 -2 0 2 2 2 0
0 0 2 0 0 0 0 -2 0 2 2 0 0 -2 0 2 -2 -2 0
0 0 2 0 0 0 0 -2 0 2 2 0 0 -2 0 2 2 2 0
0 0 2 0 0 0 0 2 0 -2 2 0 0 -2 0 2 -2 -2 0
0 0 2 0 0 0 0 2 0 -2 2 0 0 -2 0 2 2 2 0
0 0 -2 0 0 0 0 -2 0 -2 2 0 0 -2 0 2 -2 -2 0
0 0 -2 0 0 0 0 -2 0 -2 2 0 0 -2 0 2 2 2 0
0 0 2 0 0 0 0 2 0 2 -2 0 0 -2 0 2 -2 -2 0
0 0 2 0 0 0 0 2 0 2 -2 0 0 -2 0 2 2 2 0
0 0 -2 0 0 0 0 -2 0 2 -2 0 0 -2 0 2 -2 -2 0
0 0 -2 0 0 0 0 -2 0 2 -2 0 0 -2 0 2 2 2 0
0 0 -2 0 0 0 0 2 0 -2 -2 0 0 -2 0 2 -2 -2 0
0 0 -2 0 0 0 0 2 0 -2 -2 0 0 -2 0 2 2 2 0
0 0 2 0 0 0 0 -2 0 -2 -2 0 0 -2 0 2 -2 -2 0
0 0 2 0 0 0 0 -2 0 -2 -2 0 0 -2 0 2 2 2 0
0 0 -2 0 0 0 0 2 0 2 2 0 0 2 0 -2 -2 -2 0
0 0 -2 0 0 0 0 2 0 2 2 0 0 2 0 -2 2 2 0
0 0 2 0 0 0 0 -2 0 2 2 0 0 2 0 -2 -2 -2 0
0 0 2 0 0 0 0 -2 0 2 2 0 0 2 0 -2 2 2 0
0 0 2 0 0 0 0 2 0 -2 2 0 0 2 0 -2 -2 -2 0
0 0 2 0 0 0 0 2 0 -2 2 0 0 2 0 -2 2 2 0
0 0 -2 0 0 0 0 -2 0 -2 2 0 0 2 0 -2 -2 -2 0
0 0 -2 0 0 0 0 -2 0 -2 2 0 0 2 0 -2 2 2 0
0 0 2 0 0 0 0 2 0 2 -2 0 0 2 0 -2 -2 -2 0
0 0 2 0 0 0 0 2 0 2 -2 0 0 2 0 -2 2 2 0
0 0 -2 0 0 0 0 -2 0 2 -2 0 0 2 0 -2 -2 -2 0
0 0 -2 0 0 0 0 -2 0 2 -2 0 0 2 0 -2 2 2 0
0 0 -2 0 0 0 0 2 0 -2 -2 0 0 2 0 -2 -2 -2 0
0 0 -2 0 0 0 0 2 0 -2 -2 0 0 2 0 -2 2 2 0
0 0 2 0 0 0 0 -2 0 -2 -2 0 0 2 0 -2 -2 -2 0
0 0 2 0 0 0 0 -2 0 -2 -2 0 0 2 0 -2 2 2 0
0 0 2 0 0 0 0 2 0 2 2 0 0 -2 0 -2 -2 -2 0
0 0 2 0 0 0 0 2 0 2 2 0 0 -2 0 -2 2 2 0
0 0 -2 0 0 0 0 -2 0 2 2 0 0 -2 0 -2 -2 -2 0
0 0 -2 0 0 0 0 -2 0 2 2 0 0 -2 0 -2 2 2 0
0 0 -2 0 0 0 0 2 0 -2 2 0 0 -2 0 -2 -2 -2 0
0 0 -2 0 0 0 0 2 0 -2 2 0 0 -2 0 -2 2 2 0
0 0 2 0 0 0 0 -2 0 -2 2 0 0 -2 0 -2 -2 -2 0
0 0 2 0 0 0 0 -2 0 -2 2 0 0 -2 0 -2 2 2 0
0 0 -2 0 0 0 0 2 0 2 -2 0 0 -2 0 -2 -2 -2 0
0 0 -2 0 0 0 0 2 0 2 -2 0 0 -2 0 -2 2 2 0
0 0 2 0 0 0 0 -2 0 2 -2 0 0 -2 0 -2 -2 -2 0
0 0 2 0 0 0 0 -2 0 2 -2 0 0 -2 0 -2 2 2 0
0 0 2 0 0 0 0 2 0 -2 -2 0 0 -2 0 -2 -2 -2 0
0 0 2 0 0 0 0 2 0 -2 -2 0 0 -2 0 -2 2 2 0
0 0 -2 0 0 0 0 -2 0 -2 -2 0 0 -2 0 -2 -2 -2 0
0 0 -2 0 0 0 0 -2 0 -2 -2 0 0 -2 0 -2 2 2 0
2 0 0 0 0 2 0 2 0 0 0 2 0 2 0 2 -2 0 2
2 0 0 0 0 2 0 2 0 0 0 2 0 2 0 2 2 0 -2
-2 0 0 0 0 -2 0 2 0 0 0 2 0 2 0 2 -2 0 2
-2 0 0 0 0 -2 0 2 0 0 0 2 0 2 0 2 2 0 -2
-2 0 0 0 0 2 0 -2 0 0 0 2 0 2 0 2 -2 0 2
-2 0 0 0 0 2 0 -2 0 0 0 2 0 2 0 2 2 0 -2
2 0 0 0 0 -2 0 -2 0 0 0 2 0 2 0 2 -2 0 2
2 0 0 0 0 -2 0 -2 0 0 0 2 0 2 0 2 2 0 -2
-2 0 0 0 0 2 0 2 0 0 0 -2 0 2 0 2 -2 0 2
-2 0 0 0 0 2 0 2 0 0 0 -2 0 2 0 2 2 0 -2
2 0 0 0 0 -2 0 2 0 0 0 -2 0 2 0 2 -2 0 2
2 0 0 0 0 -2 0 2 0 0 0 -2 0 2 0 2 2 0 -2
2 0 0 0 0 2 0 -2 0 0 0 -2 0 2 0 2 -2 0 2
2 0 0 0 0 2 0 -2 0 0 0 -2 0 2 0 2 2 0 -2
-2 0 0 0 0 -2 0 -2 0 0 0 -2 0 2 0 2 -2 0 2
-2 0 0 0 0 -2 0 -2 0 0 0 -2 0 2 0 2 2 0 -2
-2 0 0 0 0 2 0 2 0 0 0 2 0 -2 0 2 -2 0 2
-2 0 0 0 0 2 0 2 0 0 0 2 0 -2 0 2 2 0 -2
2 0 0 0 0 -2 0 2 0 0 0 2 0 -2 0 2 -2 0 2
2 0 0 0 0 -2 0 2 0 0 0 2 0 -2 0 2 2 0 -2
2 0 0 0 0 2 0 -2 0 0 0 2 0 -2 0 2 -2 0 2
2 0 0 0 0 2 0 -2 0 0 0 2 0 -2 0 2 2 0 -2
-2 0 0 0 0 -2 0 -2 0 0 0 2 0 -2 0 2 -2 0 2
-2 0 0 0 0 -2 0 -2 0 0 0 2 0 -2 0 2 2 0 -2
2 0 0 0 0 2 0 2 0 0 0 -2 0 -2 0 2 -2 0 2
2 0 0 0 0 2 0 2 0 0 0 -2 0 -2 0 2 2 0 -2
-2 0 0 0 0 -2 0 2 0 0 0 -2 0 -2 0 2 -2 0 2
-2 0 0 0 0 -2 0 2 0 0 0 -2 0 -2 0 2 2 0 -2
-2 0 0 0 0 2 0 -2 0 0 0 -2 0 -2 0 2 -2 0 2
-2 0 0 0 0 2 0 -2 0 0 0 -2 0 -2 0 2 2 0 -2
2 0 0 0 0 -2 0 -2 0 0 0 -2 0 -2 0 2 -2 0 2
2 0 0 0 0 -2 0 -2 0 0 0 -2 0 -2 0 2 2 0 -2
-2 0 0 0 0 2 0 2 0 0 0 2 0 2 0 -2 -2 0 2
-2 0 0 0 0 2 0 2 0 0 0 2 0 2 0 -2 2 0 -2
2 0 0 0 0 -2 0 2 0 0 0 2 0 2 0 -2 -2 0 2
2 0 0 0 0 -2 0 2 0 0 0 2 0 2 0 -2 2 0 -2
2 0 0 0 0 2 0 -2 0 0 0 2 0 2 0 -2 -2 0 2
2 0 0 0 0 2 0 -2 0 0 0 2 0 2 0 -2 2 0 -2
-2 0 0 0 0 -2 0 -2 0 0 0 2 0 2 0 -2 -2 0 2
-2 0 0 0 0 -2 0 -2 0 0 0 2 0 2 0 -2 2 0 -2
2 0 0 0 0 2 0 2 0 0 0 -2 0 2 0 -2 -2 0 2
2 0 0 0 0 2 0 2 0 0 0 -2 0 2 0 -2 2 0 -2
-2 0 0 0 0 -2 0 2 0 0 0 -2 0 2 0 -2 -2 0 2
-2 0 0 0 0 -2 0 2 0 0 0 -2 0 2 0 -2 2 0 -2
-2 0 0 0 0 2 0 -2 0 0 0 -2 0 2 0 -2 -2 0 2
-2 0 0 0 0 2 0 -2 0 0 0 -2 0 2 0 -2 2 0 -2
2 0 0 0 0 -2 0 -2 0 0 0 -2 0 2 0 -2 -2 0 2
2 0 0 0 0 -2 0 -2 0 0 0 -2 0 2 0 -2 2 0 -2
2 0 0 0 0 2 0 2 0 0 0 2 0 -2 0 -2 -2 0 2
2 0 0 0 0 2 0 2 0 0 0 2 0 -2 0 -2 2 0 -2
-2 0 0 0 0 -2 0 2 0 0 0 2 0 -2 0 -2 -2 0 2
-2 0 0 0 0 -2 0 2 0 0 0 2 0 -2 0 -2 2 0 -2
-2 0 0 0 0 2 0 -2 0 0 0 2 0 -2 0 -2 -2 0 2
-2 0 0 0 0 2 0 -2 0 0 0 2 0 -2 0 -2 2 0 -2
2 0 0 0 0 -2 0 -2 0 0 0 2 0 -2 0 -2 -2 0 2
2 0 0 0 0 -2 0 -2 0 0 0 2 0 -2 0 -2 2 0 -2
-2 0 0 0 0 2 0 2 0 0 0 -2 0 -2 0 -2 -2 0 2
-2 0 0 0 0 2 0 2 0 0 0 -2 0 -2 0 -2 2 0 -2
2 0 0 0 0 -2 0 2 0 0 0 -2 0 -2 0 -2 -2 0 2
2 0 0 0 0 -2 0 2 0 0 0 -2 0 -2 0 -2 2 0 -2
2 0 0 0 0 2 0 -2 0 0 0 -2 0 -2 0 -2 -2 0 2
2 0 0 0 0 2 0 -2 0 0 0 -2 0 -2 0 -2 2 0 -2
-2 0 0 0 0 -2 0 -2 0 0 0 -2 0 -2 0 -2 -2 0 2
-2 0 0 0 0 -2 0 -2 0 0 0 -2 0 -2 0 -2 2 0 -2
0 -2 2 2 0 2 0 0 0 2 0 2 0 2 0 2 0 0 0
0 2 -2 2 0 2 0 0 0 2 0 2 0 2 0 2 0 0 0
0 2 2 -2 0 2 0 0 0 2 0 2 0 2 0 2 0 0 0
0 -2 -2 -2 0 2 0 0 0 2 0 2 0 2 0 2 0 0 0
0 2 2 2 0 -2 0 0 0 2 0 2 0 2 0 2 0 0 0
0 -2 -2 2 0 -2 0 0 0 2 0 2 0 2 0 2 0 0 0
0 -2 2 -2 0 -2 0 0 0 2 0 2 0 2 0 2 0 0 0
0 2 -2 -2 0 -2 0 0 0 2 0 2 0 2 0 2 0 0 0
0 2 2 2 0 2 0 0 0 -2 0 2 0 2 0 2 0 0 0
0 -2 -2 2 0 2 0 0 0 -2 0 2 0 2 0 2 0 0 0
0 -2 2 -2 0 2 0 0 0 -2 0 2 0 2 0 2 0 0 0
0 2 -2 -2 0 2 0 0 0 -2 0 2 0 2 0 2 0 0 0
0 -2 2 2 0 -2 0 0 0 -2 0 2 0 2 0 2 0 0 0
0 2 -2 2 0 -2 0 0 0 -2 0 2 0 2 0 2 0 0 0
0 2 2 -2 0 -2 0 0 0 -2 0 2 0 2 0 2 0 0 0
0 -2 -2 -2 0 -2 0 0 0 -2 0 2 0 2 0 2 0 0 0
0 2 2 2 0 2 0 0 0 2 0 -2 0 2 0 2 0 0 0
0 -2 -2 2 0 2 0 0 0 2 0 -2 0 2 0 2 0 0 0
0 -2 2 -2 0 2 0 0 0 2 0 -2 0 2 0 2 0 0 0
0 2 -2 -2 0 2 0 0 0 2 0 -2 0 2 0 2 0 0 0
0 -2 2 2 0 -2 0 0 0 2 0 -2 0 2 0 2 0 0 0
0 2 -2 2 0 -2 0 0 0 2 0 -2 0 2 0 2 0 0 0
0 2 2 -2 0 -2 0 0 0 2 0 -2 0 2 0 2 0 0 0
0 -2 -2 -2 0 -2 0 0 0 2 0 -2 0 2 0 2 0 0 0
0 -2 2 2 0 2 0 0 0 -2 0 -2 0 2 0 2 0 0 0
0 2 -2 2 0 2 0 0 0 -2 0 -2 0 2 0 2 0 0 0
0 2 2 -2 0 2 0 0 0 -2 0 -2 0 2 0 2 0 0 0
0 -2 -2 -2 0 2 0 0 0 -2 0 -2 0 2 0 2 0 0 0
0 2 2 2 0 -2 0 0 0 -2 0 -2 0 2 0 2 0 0 0
0 -2 -2 2 0 -2 0 0 0 -2 0 -2 0 2 0 2 0 0 0
0 -2 2 -2 0 -2 0 0 0 -2 0 -2 0 2 0 2 0 0 0
0 2 -2 -2 0 -2 0 0 0 -2 0 -2 0 2 0 2 0 0 0
0 2 2 2 0 2 0 0 0 2 0 2 0 -2 0 2 0 0 0
0 -2 -2 2 0 2 0 0 0 2 0 2 0 -2 0 2 0 0 0
0 -2 2 -2 0 2 0 0 0 2 0 2 0 -2 0 2 0 0 0
0 2 -2 -2 0 2 0 0 0 2 0 2 0 -2 0 2 0 0 0
0 -2 2 2 0 -2 0 0 0 2 0 2 0 -2 0 2 0 0 0
0 2 -2 2 0 -2 0 0 0 2 0 2 0 -2 0 2 0 0 0
0 2 2 -2 0 -2 0 0 0 2 0 2 0 -2 0 2 0 0 0
0 -2 -2 -2 0 -2 0 0 0 2 0 2 0 -2 0 2 0 0 0
0 -2 2 2 0 2 0 0 0 -2 0 2 0 -2 0 2 0 0 0
0 2 -2 2 0 2 0 0 0 -2 0 2 0 -2 0 2 0 0 0
0 2 2 -2 0 2 0 0 0 -2 0 2 0 -2 0 2 0 0 0
0 -2 -2 -2 0 2 0 0 0 -2 0 2 0 -2 0 2 0 0 0
0 2 2 2 0 -2 0 0 0 -2 0 2 0 -2 0 2 0 0 0
0 -2 -2 2 0 -2 0 0 0 -2 0 2 0 -2 0 2 0 0 0
0 -2 2 -2 0 -2 0 0 0 -2 0 2 0 -2 0 2 0 0 0
0 2 -2 -2 0 -2 0 0 0 -2 0 2 0 -2 0 2 0 0 0
0 -2 2 2 0 2 0 0 0 2 0 -2 0 -2 0 2 0 0 0
0 2 -2 2 0 2 0 0 0 2 0 -2 0 -2 0 2 0 0 0
0 2 2 -2 0 2 0 0 0 2 0 -2 0 -2 0 2 0 0 0
0 -2 -2 -2 0 2 0 0 0 2 0 -2 0 -2 0 2 0 0 0
0 2 2 2 0 -2 0 0 0 2 0 -2 0 -2 0 2 0 0 0
0 -2 -2 2 0 -2 0 0 0 2 0 -2 0 -2 0 2 0 0 0
0 -2 2 -2 0 -2 0 0 0 2 0 -2 0 -2 0 2 0 0 0
0 2 -2 -2 0 -2 0 0 0 2 0 -2 0 -2 0 2 0 0 0
0 2 2 2 0 2 0 0 0 -2 0 -2 0 -2 0 2 0 0 0
0 -2 -2 2 0 2 0 0 0 -2 0 -2 0 -2 0 2 0 0 0
0 -2 2 -2 0 2 0 0 0 -2 0 -2 0 -2 0 2 0 0 0
0 2 -2 -2 0 2 0 0 0 -2 0 -2 0 -2 0 2 0 0 0
0 -2 2 2 0 -2 0 0 0 -2 0 -2 0 -2 0 2 0 0 0
0 2 -2 2 0 -2 0 0 0 -2 0 -2 0 -2 0 2 0 0 0
0 2 2 -2 0 -2 0 0 0 -2 0 -2 0 -2 0 2 0 0 0
0 -2 -2 -2 0 -2 0 0 0 -2 0 -2 0 -2 0 2 0 0 0
0 2 2 2 0 2 0 0 0 2 0 2 0 2 0 -2 0 0 0
0 -2 -2 2 0 2 0 0 0 2 0 2 0 2 0 -2 0 0 0
0 -2 2 -2 0 2 0 0 0 2 0 2 0 2 0 -2 0 0 0
0 2 -2 -2 0 2 0 0 0 2 0 2 0 2 0 -2 0 0 0
0 -2 2 2 0 -2 0 0 0 2 0 2 0 2 0 -2 0 0 0
0 2 -2 2 0 -2 0 0 0 2 0 2 0 2 0 -2 0 0 0
0 2 2 -2 0 -2 0 0 0 2 0 2 0 2 0 -2 0 0 0
0 -2 -2 -2 0 -2 0 0 0 2 0 2 0 2 0 -2 0 0 0
0 -2 2 2 0 2 0 0 0 -2 0 2 0 2 0 -2 0 0 0
0 2 -2 2 0 2 0 0 0 -2 0 2 0 2 0 -2 0 0 0
0 2 2 -2 0 2 0 0 0 -2 0 2 0 2 0 -2 0 0 0
0 -2 -2 -2 0 2 0 0 0 -2 0 2 0 2 0 -2 0 0 0
0 2 2 2 0 -2 0 0 0 -2 0 2 0 2 0 -2 0 0 0
0 -2 -2 2 0 -2 0 0 0 -2 0 2 0 2 0 -2 0 0 0
0 -2 2 -2 0 -2 0 0 0 -2 0 2 0 2 0 -2 0 0 0
0 2 -2 -2 0 -2 0 0 0 -2 0 2 0 2 0 -2 0 0 0
0 -2 2 2 0 2 0 0 0 2 0 -2 0 2 0 -2 0 0 0
0 2 -2 2 0 2 0 0 0 2 0 -2 0 2 0 -2 0 0 0
0 2 2 -2 0 2 0 0 0 2 0 -2 0 2 0 -2 0 0 0
0 -2 -2 -2 0 2 0 0 0 2 0 -2 0 2 0 -2 0 0 0
0 2 2 2 0 -2 0 0 0 2 0 -2 0 2 0 -2 0 0 0
0 -2 -2 2 0 -2 0 0 0 2 0 -2 0 2 0 -2 0 0 0
0 -2 2 -2 0 -2 0 0 0 2 0 -2 0 2 0 -2 0 0 0
0 2 -2 -2 0 -2 0 0 0 2 0 -2 0 2 0 -2 0 0 0
0 2 2 2 0 2 0 0 0 -2 0 -2 0 2 0 -2 0 0 0
0 -2 -2 2 0 2 0 0 0 -2 0 -2 0 2 0 -2 0 0 0
0 -2 2 -2 0 2 0 0 0 -2 0 -2 0 2 0 -2 0 0 0
0 2 -2 -2 0 2 0 0 0 -2 0 -2 0 2 0 -2 0 0 0
0 -2 2 2 0 -2 0 0 0 -2 0 -2 0 2 0 -2 0 0 0
0 2 -2 2 0 -2 0 0 0 -2 0 -2 0 2 0 -2 0 0 0
0 2 2 -2 0 -2 0 0 0 -2 0 -2 0 2 0 -2 0 0 0
0 -2 -2 -2 0 -2 0 0 0 -2 0 -2 0 2 0 -2 0 0 0
0 -2 2 2 0 2 0 0 0 2 0 2 0 -2 0 -2 0 0 0
0 2 -2 2 0 2 0 0 0 2 0 2 0 -2 0 -2 0 0 0
0 2 2 -2 0 2 0 0 0 2 0 2 0 -2 0 -2 0 0 0
0 -2 -2 -2 0 2 0 0 0 2 0 2 0 -2 0 -2 0 0 0
0 2 2 2 0 -2 0 0 0 2 0 2 0 -2 0 -2 0 0 0
0 -2 -2 2 0 -2 0 0 0 2 0 2 0 -2 0 -2 0 0 0
0 -2 2 -2 0 -2 0 0 0 2 0 2 0 -2 0 -2 0 0 0
0 2 -2 -2 0 -2 0 0 0 2 0 2 0 -2 0 -2 0 0 0
0 2 2 2 0 2 0 0 0 -2 0 2 0 -2 0 -2 0 0 0
0 -2 -2 2 0 2 0 0 0 -2 0 2 0 -2 0 -2 0 0 0
0 -2 2 -2 0 2 0 0 0 -2 0 2 0 -2 0 -2 0 0 0
0 2 -2 -2 0 2 0 0 0 -2 0 2 0 -2 0 -2 0 0 0
0 -2 2 2 0 -2 0 0 0 -2 0 2 0 -2 0 -2 0 0 0
0 2 -2 2 0 -2 0 0 0 -2 0 2 0 -2 0 -2 0 0 0
0 2 2 -2 0 -2 0 0 0 -2 0 2 0 -2 0 -2 0 0 0
0 -2 -2 -2 0 -2 0 0 0 -2 0 2 0 -2 0 -2 0 0 0
0 2 2 2 0 2 0 0 0 2 0 -2 0 -2 0 -2 0 0 0
0 -2 -2 2 0 2 0 0 0 2 0 -2 0 -2 0 -2 0 0 0
0 -2 2 -2 0 2 0 0 0 2 0 -2 0 -2 0 -2 0 0 0
0 2 -2 -2 0 2 0 0 0 2 0 -2 0 -2 0 -2 0 0 0
0 -2 2 2 0 -2 0 0 0 2 0 -2 0 -2 0 -2 0 0 0
0 2 -2 2 0 -2 0 0 0 2 0 -2 0 -2 0 -2 0 0 0
0 2 2 -2 0 -2 0 0 0 2 0 -2 0 -2 0 -2 0 0 0
0 -2 -2 -2 0 -2 0 0 0 2 0 -2 0 -2 0 -2 0 0 0
0 -2 2 2 0 2 0 0 0 -2 0 -2 0 -2 0 -2 0 0 0
0 2 -2 2 0 2 0 0 0 -2 0 -2 0 -2 0 -2 0 0 0
0 2 2 -2 0 2 0 0 0 -2 0 -2 0 -2 0 -2 0 0 0
0 -2 -2 -2 0 2 0 0 0 -2 0 -2 0 -2 0 -2 0 0 0
0 2 2 2 0 -2 0 0 0 -2 0 -2 0 -2 0 -2 0 0 0
0 -2 -2 2 0 -2 0 0 0 -2 0 -2 0 -2 0 -2 0 0 0
0 -2 2 -2 0 -2 0 0 0 -2 0 -2 0 -2 0 -2 0 0 0
0 2 -2 -2 0 -2 0 0 0 -2 0 -2 0 -2 0 -2 0 0 0
0 0 0 0 0 0 0 0 2 2 2 2 0 2 0 2 -2 2 0
0 0 0 0 0 0 0 0 2 2 2 2 0 2 0 2 2 -2 0
0 0 0 0 0 0 0 0 -2 -2 2 2 0 2 0 2 -2 2 0
0 0 0 0 0 0 0 0 -2 -2 2 2 0 2 0 2 2 -2 0
0 0 0 0 0 0 0 0 -2 2 -2 2 0 2 0 2 -2 2 0
0 0 0 0 0 0 0 0 -2 2 -2 2 0 2 0 2 2 -2 0
0 0 0 0 0 0 0 0 2 -2 -2 2 0 2 0 2 -2 2 0
0 0 0 0 0 0 0 0 2 -2 -2 2 0 2 0 2 2 -2 0
0 0 0 0 0 0 0 0 -2 2 2 -2 0 2 0 2 -2 2 0
0 0 0 0 0 0 0 0 -2 2 2 -2 0 2 0 2 2 -2 0
0 0 0 0 0 0 0 0 2 -2 2 -2 0 2 0 2 -2 2 0
0 0 0 0 0 0 0 0 2 -2 2 -2 0 2 0 2 2 -2 0
0 0 0 0 0 0 0 0 2 2 -2 -2 0 2 0 2 -2 2 0
0 0 0 0 0 0 0 0 2 2 -2 -2 0 2 0 2 2 -2 0
0 0 0 0 0 0 0 0 -2 -2 -2 -2 0 2 0 2 -2 2 0
0 0 0 0 0 0 0 0 -2 -2 -2 -2 0 2 0 2 2 -2 0
0 0 0 0 0 0 0 0 -2 2 2 2 0 -2 0 2 -2 2 0
0 0 0 0 0 0 0 0 -2 2 2 2 0 -2 0 2 2 -2 0
0 0 0 0 0 0 0 0 2 -2 2 2 0 -2 0 2 -2 2 0
0 0 0 0 0 0 0 0 2 -2 2 2 0 -2 0 2 2 -2 0
0 0 0 0 0 0 0 0 2 2 -2 2 0 -2 0 2 -2 2 0
0 0 0 0 0 0 0 0 2 2 -2 2 0 -2 0 2 2 -2 0
0 0 0 0 0 0 0 0 -2 -2 -2 2 0 -2 0 2 -2 2 0
0 0 0 0 0 0 0 0 -2 -2 -2 2 0 -2 0 2 2 -2 0
0 0 0 0 0 0 0 0 2 2 2 -2 0 -2 0 2 -2 2 0
0 0 0 0 0 0 0 0 2 2 2 -2 0 -2 0 2 2 -2 0
0 0 0 0 0 0 0 0 -2 -2 2 -2 0 -2 0 2 -2 2 0
0 0 0 0 0 0 0 0 -2 -2 2 -2 0 -2 0 2 2 -2 0
0 0 0 0 0 0 0 0 -2 2 -2 -2 0 -2 0 2 -2 2 0
0 0 0 0 0 0 0 0 -2 2 -2 -2 0 -2 0 2 2 -2 0
0 0 0 0 0 0 0 0 2 -2 -2 -2 0 -2 0 2 -2 2 0
0 0 0 0 0 0 0 0 2 -2 -2 -2 0 -2 0 2 2 -2 0
0 0 0 0 0 0 0 0 -2 2 2 2 0 2 0 -2 -2 2 0
0 0 0 0 0 0 0 0 -2 2 2 2 0 2 0 -2 2 -2 0
0 0 0 0 0 0 0 0 2 -2 2 2 0 2 0 -2 -2 2 0
0 0 0 0 0 0 0 0 2 -2 2 2 0 2 0 -2 2 -2 0
0 0 0 0 0 0 0 0 2 2 -2 2 0 2 0 -2 -2 2 0
0 0 0 0 0 0 0 0 2 2 -2 2 0 2 0 -2 2 -2 0
0 0 0 0 0 0 0 0 -2 -2 -2 2 0 2 0 -2 -2 2 0
0 0 0 0 0 0 0 0 -2 -2 -2 2 0 2 0 -2 2 -2 0
0 0 0 0 0 0 0 0 2 2 2 -2 0 2 0 -2 -2 2 0
0 0 0 0 0 0 0 0 2 2 2 -2 0 2 0 -2 2 -2 0
0 0 0 0 0 0 0 0 -2 -2 2 -2 0 2 0 -2 -2 2 0
0 0 0 0 0 0 0 0 -2 -2 2 -2 0 2 0 -2 2 -2 0
0 0 0 0 0 0 0 0 -2 2 -2 -2 0 2 0 -2 -2 2 0
0 0 0 0 0 0 0 0 -2 2 -2 -2 0 2 0 -2 2 -2 0
0 0 0 0 0 0 0 0 2 -2 -2 -2 0 2 0 -2 -2 2 0
0 0 0 0 0 0 0 0 2 -2 -2 -2 0 2 0 -2 2 -2 0
0 0 0 0 0 0 0 0 2 2 2 2 0 -2 0 -2 -2 2 0
0 0 0 0 0 0 0 0 2 2 2 2 0 -2 0 -2 2 -2 0
0 0 0 0 0 0 0 0 -2 -2 2 2 0 -2 0 -2 -2 2 0
0 0 0 0 0 0 0 0 -2 -2 2 2 0 -2 0 -2 2 -2 0
0 0 0 0 0 0 0 0 -2 2 -2 2 0 -2 0 -2 -2 2 0
0 0 0 0 0 0 0 0 -2 2 -2 2 0 -2 0 -2 2 -2 0
0 0 0 0 0 0 0 0 2 -2 -2 2 0 -2 0 -2 -2 2 0
0 0 0 0 0 0 0 0 2 -2 -2 2 0 -2 0 -2 2 -2 0
0 0 0 0 0 0 0 0 -2 2 2 -2 0 -2 0 -2 -2 2 0
0 0 0 0 0 0 0 0 -2 2 2 -2 0 -2 0 -2 2 -2 0
0 0 0 0 0 0 0 0 2 -2 2 -2 0 -2 0 -2 -2 2 0
0 0 0 0 0 0 0 0 2 -2 2 -2 0 -2 0 -2 2 -2 0
0 0 0 0 0 0 0 0 2 2 -2 -2 0 -2 0 -2 -2 2 0
0 0 0 0 0 0 0 0 2 2 -2 -2 0 -2 0 -2 2 -2 0
0 0 0 0 0 0 0 0 -2 -2 -2 -2 0 -2 0 -2 -2 2 0
0 0 0 0 0 0 0 0 -2 -2 -2 -2 0 -2 0 -2 2 -2 0
0 0 0 0 0 0 2 2 2 0 0 0 2 2 0 2 0 -2 2
0 0 0 0 0 0 2 2 2 0 0 0 2 2 0 2 0 2 -2
0 0 0 0 0 0 -2 -2 2 0 0 0 2 2 0 2 0 -2 2
0 0 0 0 0 0 -2 -2 2 0 0 0 2 2 0 2 0 2 -2
0 0 0 0 0 0 -2 2 -2 0 0 0 2 2 0 2 0 -2 2
0 0 0 0 0 0 -2 2 -2 0 0 0 2 2 0 2 0 2 -2
0 0 0 0 0 0 2 -2 -2 0 0 0 2 2 0 2 0 -2 2
0 0 0 0 0 0 2 -2 -2 0 0 0 2 2 0 2 0 2 -2
0 0 0 0 0 0 -2 2 2 0 0 0 -2 2 0 2 0 -2 2
0 0 0 0 0 0 -2 2 2 0 0 0 -2 2 0 2 0 2 -2
0 0 0 0 0 0 2 -2 2 0 0 0 -2 2 0 2 0 -2 2
0 0 0 0 0 0 2 -2 2 0 0 0 -2 2 0 2 0 2 -2
0 0 0 0 0 0 2 2 -2 0 0 0 -2 2 0 2 0 -2 2
0 0 0 0 0 0 2 2 -2 0 0 0 -2 2 0 2 0 2 -2
0 0 0 0 0 0 -2 -2 -2 0 0 0 -2 2 0 2 0 -2 2
0 0 0 0 0 0 -2 -2 -2 0 0 0 -2 2 0 2 0 2 -2
0 0 0 0 0 0 -2 2 2 0 0 0 2 -2 0 2 0 -2 2
0 0 0 0 0 0 -2 2 2 0 0 0 2 -2 0 2 0 2 -2
0 0 0 0 0 0 2 -2 2 0 0 0 2 -2 0 2 0 -2 2
0 0 0 0 0 0 2 -2 2 0 0 0 2 -2 0 2 0 2 -2
0 0 0 0 0 0 2 2 -2 0 0 0 2 -2 0 2 0 -2 2
0 0 0 0 0 0 2 2 -2 0 0 0 2 -2 0 2 0 2 -2
0 0 0 0 0 0 -2 -2 -2 0 0 0 2 -2 0 2 0 -2 2
0 0 0 0 0 0 -2 -2 -2 0 0 0 2 -2 0 2 0 2 -2
0 0 0 0 0 0 2 2 2 0 0 0 -2 -2 0 2 0 -2 2
0 0 0 0 0 0 2 2 2 0 0 0 -2 -2 0 2 0 2 -2
0 0 0 0 0 0 -2 -2 2 0 0 0 -2 -2 0 2 0 -2 2
0 0 0 0 0 0 -2 -2 2 0 0 0 -2 -2 0 2 0 2 -2
0 0 0 0 0 0 -2 2 -2 0 0 0 -2 -2 0 2 0 -2 2
0 0 0 0 0 0 -2 2 -2 0 0 0 -2 -2 0 2 0 2 -2
0 0 0 0 0 0 2 -2 -2 0 0 0 -2 -2 0 2 0 -2 2
0 0 0 0 0 0 2 -2 -2 0 0 0 -2 -2 0 2 0 2 -2
0 0 0 0 0 0 -2 2 2 0 0 0 2 2 0 -2 0 -2 2
0 0 0 0 0 0 -2 2 2 0 0 0 2 2 0 -2 0 2 -2
0 0 0 0 0 0 2 -2 2 0 0 0 2 2 0 -2 0 -2 2
0 0 0 0 0 0 2 -2 2 0 0 0 2 2 0 -2 0 2 -2
0 0 0 0 0 0 2 2 -2 0 0 0 2 2 0 -2 0 -2 2
0 0 0 0 0 0 2 2 -2 0 0 0 2 2 0 -2 0 2 -2
0 0 0 0 0 0 -2 -2 -2 0 0 0 2 2 0 -2 0 -2 2
0 0 0 0 0 0 -2 -2 -2 0 0 0 2 2 0 -2 0 2 -2
0 0 0 0 0 0 2 2 2 0 0 0 -2 2 0 -2 0 -2 2
0 0 0 0 0 0 2 2 2 0 0 0 -2 2 0 -2 0 2 -2
0 0 0 0 0 0 -2 -2 2 0 0 0 -2 2 0 -2 0 -2 2
0 0 0 0 0 0 -2 -2 2 0 0 0 -2 2 0 -2 0 2 -2
0 0 0 0 0 0 -2 2 -2 0 0 0 -2 2 0 -2 0 -2 2
0 0 0 0 0 0 -2 2 -2 0 0 0 -2 2 0 -2 0 2 -2
0 0 0 0 0 0 2 -2 -2 0 0 0 -2 2 0 -2 0 -2 2
0 0 0 0 0 0 2 -2 -2 0 0 0 -2 2 0 -2 0 2 -2
0 0 0 0 0 0 2 2 2 0 0 0 2 -2 0 -2 0 -2 2
0 0 0 0 0 0 2 2 2 0 0 0 2 -2 0 -2 0 2 -2
0 0 0 0 0 0 -2 -2 2 0 0 0 2 -2 0 -2 0 -2 2
0 0 0 0 0 0 -2 -2 2 0 0 0 2 -2 0 -2 0 2 -2
0 0 0 0 0 0 -2 2 -2 0 0 0 2 -2 0 -2 0 -2 2
0 0 0 0 0 0 -2 2 -2 0 0 0 2 -2 0 -2 0 2 -2
0 0 0 0 0 0 2 -2 -2 0 0 0 2 -2 0 -2 0 -2 2
0 0 0 0 0 0 2 -2 -2 0 0 0 2 -2 0 -2 0 2 -2
0 0 0 0 0 0 -2 2 2 0 0 0 -2 -2 0 -2 0 -2 2
0 0 0 0 0 0 -2 2 2 0 0 0 -2 -2 0 -2 0 2 -2
0 0 0 0 0 0 2 -2 2 0 0 0 -2 -2 0 -2 0 -2 2
0 0 0 0 0 0 2 -2 2 0 0 0 -2 -2 0 -2 0 2 -2
0 0 0 0 0 0 2 2 -2 0 0 0 -2 -2 0 -2 0 -2 2
0 0 0 0 0 0 2 2 -2 0 0 0 -2 -2 0 -2 0 2 -2
0 0 0 0 0 0 -2 -2 -2 0 0 0 -2 -2 0 -2 0 -2 2
0 0 0 0 0 0 -2 -2 -2 0 0 0 -2 -2 0 -2 0 2 -2
0 0 0 2 2 0 0 0 0 2 0 0 2 2 0 2 -2 0 -2
0 0 0 2 2 0 0 0 0 2 0 0 2 2 0 2 2 0 2
0 0 0 -2 -2 0 0 0 0 2 0 0 2 2 0 2 -2 0 -2
0 0 0 -2 -2 0 0 0 0 2 0 0 2 2 0 2 2 0 2
0 0 0 -2 2 0 0 0 0 -2 0 0 2 2 0 2 -2 0 -2
0 0 0 -2 2 0 0 0 0 -2 0 0 2 2 0 2 2 0 2
0 0 0 2 -2 0 0 0 0 -2 0 0 2 2 0 2 -2 0 -2
0 0 0 2 -2 0 0 0 0 -2 0 0 2 2 0 2 2 0 2
0 0 0 -2 2 0 0 0 0 2 0 0 -2 2 0 2 -2 0 -2
0 0 0 -2 2 0 0 0 0 2 0 0 -2 2 0 2 2 0 2
0 0 0 2 -2 0 0 0 0 2 0 0 -2 2 0 2 -2 0 -2
0 0 0 2 -2 0 0 0 0 2 0 0 -2 2 0 2 2 0 2
0 0 0 2 2 0 0 0 0 -2 0 0 -2 2 0 2 -2 0 -2
0 0 0 2 2 0 0 0 0 -2 0 0 -2 2 0 2 2 0 2
0 0 0 -2 -2 0 0 0 0 -2 0 0 -2 2 0 2 -2 0 -2
0 0 0 -2 -2 0 0 0 0 -2 0 0 -2 2 0 2 2 0 2
0 0 0 -2 2 0 0 0 0 2 0 0 2 -2 0 2 -2 0 -2
0 0 0 -2 2 0 0 0 0 2 0 0 2 -2 0 2 2 0 2
0 0 0 2 -2 0 0 0 0 2 0 0 2 -2 0 2 -2 0 -2
0 0 0 2 -2 0 0 0 0 2 0 0 2 -2 0 2 2 0 2
0 0 0 2 2 0 0 0 0 -2 0 0 2 -2 0 2 -2 0 -2
0 0 0 2 2 0 0 0 0 -2 0 0 2 -2 0 2 2 0 2
0 0 0 -2 -2 0 0 0 0 -2 0 0 2 -2 0 2 -2 0 -2
0 0 0 -2 -2 0 0 0 0 -2 0 0 2 -2 0 2 2 0 2
0 0 0 2 2 0 0 0 0 2 0 0 -2 -2 0 2 -2 0 -2
0 0 0 2 2 0 0 0 0 2 0 0 -2 -2 0 2 2 0 2
0 0 0 -2 -2 0 0 0 0 2 0 0 -2 -2 0 2 -2 0 -2
0 0 0 -2 -2 0 0 0 0 2 0 0 -2 -2 0 2 2 0 2
0 0 0 -2 2 0 0 0 0 -2 0 0 -2 -2 0 2 -2 0 -2
0 0 0 -2 2 0 0 0 0 -2 0 0 -2 -2 0 2 2 0 2
0 0 0 2 -2 0 0 0 0 -2 0 0 -2 -2 0 2 -2 0 -2
0 0 0 2 -2 0 0 0 0 -2 0 0 -2 -2 0 2 2 0 2
0 0 0 -2 2 0 0 0 0 2 0 0 2 2 0 -2 -2 0 -2
0 0 0 -2 2 0 0 0 0 2 0 0 2 2 0 -2 2 0 2
0 0 0 2 -2 0 0 0 0 2 0 0 2 2 0 -2 -2 0 -2
0 0 0 2 -2 0 0 0 0 2 0 0 2 2 0 -2 2 0 2
0 0 0 2 2 0 0 0 0 -2 0 0 2 2 0 -2 -2 0 -2
0 0 0 2 2 0 0 0 0 -2 0 0 2 2 0 -2 2 0 2
0 0 0 -2 -2 0 0 0 0 -2 0 0 2 2 0 -2 -2 0 -2
0 0 0 -2 -2 0 0 0 0 -2 0 0 2 2 0 -2 2 0 2
0 0 0 2 2 0 0 0 0 2 0 0 -2 2 0 -2 -2 0 -2
0 0 0 2 2 0 0 0 0 2 0 0 -2 2 0 -2 2 0 2
0 0 0 -2 -2 0 0 0 0 2 0 0 -2 2 0 -2 -2 0 -2
0 0 0 -2 -2 0 0 0 0 2 0 0 -2 2 0 -2 2 0 2
0 0 0 -2 2 0 0 0 0 -2 0 0 -2 2 0 -2 -2 0 -2
0 0 0 -2 2 0 0 0 0 -2 0 0 -2 2 0 -2 2 0 2
0 0 0 2 -2 0 0 0 0 -2 0 0 -2 2 0 -2 -2 0 -2
0 0 0 2 -2 0 0 0 0 -2 0 0 -2 2 0 -2 2 0 2
0 0 0 2 2 0 0 0 0 2 0 0 2 -2 0 -2 -2 0 -2
0 0 0 2 2 0 0 0 0 2 0 0 2 -2 0 -2 2 0 2
0 0 0 -2 -2 0 0 0 0 2 0 0 2 -2 0 -2 -2 0 -2
0 0 0 -2 -2 0 0 0 0 2 0 0 2 -2 0 -2 2 0 2
0 0 0 -2 2 0 0 0 0 -2 0 0 2 -2 0 -2 -2 0 -2
0 0 0 -2 2 0 0 0 0 -2 0 0 2 -2 0 -2 2 0 2
0 0 0 2 -2 0 0 0 0 -2 0 0 2 -2 0 -2 -2 0 -2
0 0 0 2 -2 0 0 0 0 -2 0 0 2 -2 0 -2 2 0 2
0 0 0 -2 2 0 0 0 0 2 0 0 -2 -2 0 -2 -2 0 -2
0 0 0 -2 2 0 0 0 0 2 0 0 -2 -2 0 -2 2 0 2
0 0 0 2 -2 0 0 0 0 2 0 0 -2 -2 0 -2 -2 0 -2
0 0 0 2 -2 0 0 0 0 2 0 0 -2 -2 0 -2 2 0 2
0 0 0 2 2 0 0 0 0 -2 0 0 -2 -2 0 -2 -2 0 -2
0 0 0 2 2 0 0 0 0 -2 0 0 -2 -2 0 -2 2 0 2
0 0 0 -2 -2 0 0 0 0 -2 0 0 -2 -2 0 -2 -2 0 -2
0 0 0 -2 -2 0 0 0 0 -2 0 0 -2 -2 0 -2 2 0 2
-2 0 0 0 0 2 2 0 0 2 2 0 2 2 0 2 0 0 0
2 0 0 0 0 -2 2 0 0 2 2 0 2 2 0 2 0 0 0
2 0 0 0 0 2 -2 0 0 2 2 0 2 2 0 2 0 0 0
-2 0 0 0 0 -2 -2 0 0 2 2 0 2 2 0 2 0 0 0
2 0 0 0 0 2 2 0 0 -2 2 0 2 2 0 2 0 0 0
-2 0 0 0 0 -2 2 0 0 -2 2 0 2 2 0 2 0 0 0
-2 0 0 0 0 2 -2 0 0 -2 2 0 2 2 0 2 0 0 0
2 0 0 0 0 -2 -2 0 0 -2 2 0 2 2 0 2 0 0 0
2 0 0 0 0 2 2 0 0 2 -2 0 2 2 0 2 0 0 0
-2 0 0 0 0 -2 2 0 0 2 -2 0 2 2 0 2 0 0 0
-2 0 0 0 0 2 -2 0 0 2 -2 0 2 2 0 2 0 0 0
2 0 0 0 0 -2 -2 0 0 2 -2 0 2 2 0 2 0 0 0
-2 0 0 0 0 2 2 0 0 -2 -2 0 2 2 0 2 0 0 0
2 0 0 0 0 -2 2 0 0 -2 -2 0 2 2 0 2 0 0 0
2 0 0 0 0 2 -2 0 0 -2 -2 0 2 2 0 2 0 0 0
-2 0 0 0 0 -2 -2 0 0 -2 -2 0 2 2 0 2 0 0 0
2 0 0 0 0 2 2 0 0 2 2 0 -2 2 0 2 0 0 0
-2 0 0 0 0 -2 2 0 0 2 2 0 -2 2 0 2 0 0 0
-2 0 0 0 0 2 -2 0 0 2 2 0 -2 2 0 2 0 0 0
2 0 0 0 0 -2 -2 0 0 2 2 0 -2 2 0 2 0 0 0
-2 0 0 0 0 2 2 0 0 -2 2 0 -2 2 0 2 0 0 0
2 0 0 0 0 -2 2 0 0 -2 2 0 -2 2 0 2 0 0 0
2 0 0 0 0 2 -2 0 0 -2 2 0 -2 2 0 2 0 0 0
-2 0 0 0 0 -2 -2 0 0 -2 2 0 -2 2 0 2 0 0 0
-2 0 0 0 0 2 2 0 0 2 -2 0 -2 2 0 2 0 0 0
2 0 0 0 0 -2 2 0 0 2 -2 0 -2 2 0 2 0 0 0
2 0 0 0 0 2 -2 0 0 2 -2 0 -2 2 0 2 0 0 0
-2 0 0 0 0 -2 -2 0 0 2 -2 0 -2 2 0 2 0 0 0
2 0 0 0 0 2 2 0 0 -2 -2 0 -2 2 0 2 0 0 0
-2 0 0 0 0 -2 2 0 0 -2 -2 0 -2 2 0 2 0 0 0
-2 0 0 0 0 2 -2 0 0 -2 -2 0 -2 2 0 2 0 0 0
2 0 0 0 0 -2 -2 0 0 -2 -2 0 -2 2 0 2 0 0 0
2 0 0 0 0 2 2 0 0 2 2 0 2 -2 0 2 0 0 0
-2 0 0 0 0 -2 2 0 0 2 2 0 2 -2 0 2 0 0 0
-2 0 0 0 0 2 -2 0 0 2 2 0 2 -2 0 2 0 0 0
2 0 0 0 0 -2 -2 0 0 2 2 0 2 -2 0 2 0 0 0
-2 0 0 0 0 2 2 0 0 -2 2 0 2 -2 0 2 0 0 0
2 0 0 0 0 -2 2 0 0 -2 2 0 2 -2 0 2 0 0 0
2 0 0 0 0 2 -2 0 0 -2 2 0 2 -2 0 2 0 0 0
-2 0 0 0 0 -2 -2 0 0 -2 2 0 2 -2 0 2 0 0 0
-2 0 0 0 0 2 2 0 0 2 -2 0 2 -2 0 2 0 0 0
2 0 0 0 0 -2 2 0 0 2 -2 0 2 -2 0 2 0 0 0
2 0 0 0 0 2 -2 0 0 2 -2 0 2 -2 0 2 0 0 0
-2 0 0 0 0 -2 -2 0 0 2 -2 0 2 -2 0 2 0 0 0
2 0 0 0 0 2 2 0 0 -2 -2 0 2 -2 0 2 0 0 0
-2 0 0 0 0 -2 2 0 0 -2 -2 0 2 -2 0 2 0 0 0
-2 0 0 0 0 2 -2 0 0 -2 -2 0 2 -2 0 2 0 0 0
2 0 0 0 0 -2 -2 0 0 -2 -2 0 2 -2 0 2 0 0 0
-2 0 0 0 0 2 2 0 0 2 2 0 -2 -2 0 2 0 0 0
2 0 0 0 0 -2 2 0 0 2 2 0 -2 -2 0 2 0 0 0
2 0 0 0 0 2 -2 0 0 2 2 0 -2 -2 0 2 0 0 0
-2 0 0 0 0 -2 -2 0 0 2 2 0 -2 -2 0 2 0 0 0
2 0 0 0 0 2 2 0 0 -2 2 0 -2 -2 0 2 0 0 0
-2 0 0 0 0 -2 2 0 0 -2 2 0 -2 -2 0 2 0 0 0
-2 0 0 0 0 2 -2 0 0 -2 2 0 -2 -2 0 2 0 0 0
2 0 0 0 0 -2 -2 0 0 -2 2 0 -2 -2 0 2 0 0 0
2 0 0 0 0 2 2 0 0 2 -2 0 -2 -2 0 2 0 0 0
-2 0 0 0 0 -2 2 0 0 2 -2 0 -2 -2 0 2 0 0 0
-2 0 0 0 0 2 -2 0 0 2 -2 0 -2 -2 0 2 0 0 0
2 0 0 0 0 -2 -2 0 0 2 -2 0 -2 -2 0 2 0 0 0
-2 0 0 0 0 2 2 0 0 -2 -2 0 -2 -2 0 2 0 0 0
2 0 0 0 0 -2 2 0 0 -2 -2 0 -2 -2 0 2 0 0 0
2 0 0 0 0 2 -2 0 0 -2 -2 0 -2 -2 0 2 0 0 0
-2 0 0 0 0 -2 -2 0 0 -2 -2 0 -2 -2 0 2 0 0 0
2 0 0 0 0 2 2 0 0 2 2 0 2 2 0 -2 0 0 0
-2 0 0 0 0 -2 2 0 0 2 2 0 2 2 0 -2 0 0 0
-2 0 0 0 0 2 -2 0 0 2 2 0 2 2 0 -2 0 0 0
2 0 0 0 0 -2 -2 0 0 2 2 0 2 2 0 -2 0 0 0
-2 0 0 0 0 2 2 0 0 -2 2 0 2 2 0 -2 0 0 0
2 0 0 0 0 -2 2 0 0 -2 2 0 2 2 0 -2 0 0 0
2 0 0 0 0 2 -2 0 0 -2 2 0 2 2 0 -2 0 0 0
-2 0 0 0 0 -2 -2 0 0 -2 2 0 2 2 0 -2 0 0 0
-2 0 0 0 0 2 2 0 0 2 -2 0 2 2 0 -2 0 0 0
2 0 0 0 0 -2 2 0 0 2 -2 0 2 2 0 -2 0 0 0
2 0 0 0 0 2 -2 0 0 2 -2 0 2 2 0 -2 0 0 0
-2 0 0 0 0 -2 -2 0 0 2 -2 0 2 2 0 -2 0 0 0
2 0 0 0 0 2 2 0 0 -2 -2 0 2 2 0 -2 0 0 0
-2 0 0 0 0 -2 2 0 0 -2 -2 0 2 2 0 -2 0 0 0
-2 0 0 0 0 2 -2 0 0 -2 -2 0 2 2 0 -2 0 0 0
2 0 0 0 0 -2 -2 0 0 -2 -2 0 2 2 0 -2 0 0 0
-2 0 0 0 0 2 2 0 0 2 2 0 -2 2 0 -2 0 0 0
2 0 0 0 0 -2 2 0 0 2 2 0 -2 2 0 -2 0 0 0
2 0 0 0 0 2 -2 0 0 2 2 0 -2 2 0 -2 0 0 0
-2 0 0 0 0 -2 -2 0 0 2 2 0 -2 2 0 -2 0 0 0
2 0 0 0 0 2 2 0 0 -2 2 0 -2 2 0 -2 0 0 0
-2 0 0 0 0 -2 2 0 0 -2 2 0 -2 2 0 -2 0 0 0
-2 0 0 0 0 2 -2 0 0 -2 2 0 -2 2 0 -2 0 0 0
2 0 0 0 0 -2 -2 0 0 -2 2 0 -2 2 0 -2 0 0 0
2 0 0 0 0 2 2 0 0 2 -2 0 -2 2 0 -2 0 0 0
-2 0 0 0 0 -2 2 0 0 2 -2 0 -2 2 0 -2 0 0 0
-2 0 0 0 0 2 -2 0 0 2 -2 0 -2 2 0 -2 0 0 0
2 0 0 0 0 -2 -2 0 0 2 -2 0 -2 2 0 -2 0 0 0
-2 0 0 0 0 2 2 0 0 -2 -2 0 -2 2 0 -2 0 0 0
2 0 0 0 0 -2 2 0 0 -2 -2 0 -2 2 0 -2 0 0 0
2 0 0 0 0 2 -2 0 0 -2 -2 0 -2 2 0 -2 0 0 0
-2 0 0 0 0 -2 -2 0 0 -2 -2 0 -2 2 0 -2 0 0 0
-2 0 0 0 0 2 2 0 0 2 2 0 2 -2 0 -2 0 0 0
2 0 0 0 0 -2 2 0 0 2 2 0 2 -2 0 -2 0 0 0
2 0 0 0 0 2 -2 0 0 2 2 0 2 -2 0 -2 0 0 0
-2 0 0 0 0 -2 -2 0 0 2 2 0 2 -2 0 -2 0 0 0
2 0 0 0 0 2 2 0 0 -2 2 0 2 -2 0 -2 0 0 0
-2 0 0 0 0 -2 2 0 0 -2 2 0 2 -2 0 -2 0 0 0
-2 0 0 0 0 2 -2 0 0 -2 2 0 2 -2 0 -2 0 0 0
2 0 0 0 0 -2 -2 0 0 -2 2 0 2 -2 0 -2 0 0 0
2 0 0 0 0 2 2 0 0 2 -2 0 2 -2 0 -2 0 0 0
-2 0 0 0 0 -2 2 0 0 2 -2 0 2 -2 0 -2 0 0 0
-2 0 0 0 0 2 -2 0 0 2 -2 0 2 -2 0 -2 0 0 0
2 0 0 0 0 -2 -2 0 0 2 -2 0 2 -2 0 -2 0 0 0
-2 0 0 0 0 2 2 0 0 -2 -2 0 2 -2 0 -2 0 0 0
2 0 0 0 0 -2 2 0 0 -2 -2 0 2 -2 0 -2 0 0 0
2 0 0 0 0 2 -2 0 0 -2 -2 0 2 -2 0 -2 0 0 0
-2 0 0 0 0 -2 -2 0 0 -2 -2 0 2 -2 0 -2 0 0 0
2 0 0 0 0 2 2 0 0 2 2 0 -2 -2 0 -2 0 0 0
-2 0 0 0 0 -2 2 0 0 2 2 0 -2 -2 0 -2 0 0 0
-2 0 0 0 0 2 -2 0 0 2 2 0 -2 -2 0 -2 0 0 0
2 0 0 0 0 -2 -2 0 0 2 2 0 -2 -2 0 -2 0 0 0
-2 0 0 0 0 2 2 0 0 -2 2 0 -2 -2 0 -2 0 0 0
2 0 0 0 0 -2 2 0 0 -2 2 0 -2 -2 0 -2 0 0 0
2 0 0 0 0 2 -2 0 0 -2 2 0 -2 -2 0 -2 0 0 0
-2 0 0 0 0 -2 -2 0 0 -2 2 0 -2 -2 0 -2 0 0 0
-2 0 0 0 0 2 2 0 0 2 -2 0 -2 -2 0 -2 0 0 0
2 0 0 0 0 -2 2 0 0 2 -2 0 -2 -2 0 -2 0 0 0
2 0 0 0 0 2 -2 0 0 2 -2 0 -2 -2 0 -2 0 0 0
-2 0 0 0 0 -2 -2 0 0 2 -2 0 -2 -2 0 -2 0 0 0
2 0 0 0 0 2 2 0 0 -2 -2 0 -2 -2 0 -2 0 0 0
-2 0 0 0 0 -2 2 0 0 -2 -2 0 -2 -2 0 -2 0 0 0
-2 0 0 0 0 2 -2 0 0 -2 -2 0 -2 -2 0 -2 0 0 0
2 0 0 0 0 -2 -2 0 0 -2 -2 0 -2 -2 0 -2 0 0 0
0 0 2 0 0 0 2 0 0 0 0 2 2 2 0 2 0 -2 -2
0 0 2 0 0 0 2 0 0 0 0 2 2 2 0 2 0 2 2
0 0 -2 0 0 0 -2 0 0 0 0 2 2 2 0 2 0 -2 -2
0 0 -2 0 0 0 -2 0 0 0 0 2 2 2 0 2 0 2 2
0 0 -2 0 0 0 2 0 0 0 0 -2 2 2 0 2 0 -2 -2
0 0 -2 0 0 0 2 0 0 0 0 -2 2 2 0 2 0 2 2
0 0 2 0 0 0 -2 0 0 0 0 -2 2 2 0 2 0 -2 -2
0 0 2 0 0 0 -2 0 0 0 0 -2 2 2 0 2 0 2 2
0 0 -2 0 0 0 2 0 0 0 0 2 -2 2 0 2 0 -2 -2
0 0 -2 0 0 0 2 0 0 0 0 2 -2 2 0 2 0 2 2
0 0 2 0 0 0 -2 0 0 0 0 2 -2 2 0 2 0 -2 -2
0 0 2 0 0 0 -2 0 0 0 0 2 -2 2 0 2 0 2 2
0 0 2 0 0 0 2 0 0 0 0 -2 -2 2 0 2 0 -2 -2
0 0 2 0 0 0 2 0 0 0 0 -2 -2 2 0 2 0 2 2
0 0 -2 0 0 0 -2 0 0 0 0 -2 -2 2 0 2 0 -2 -2
0 0 -2 0 0 0 -2 0 0 0 0 -2 -2 2 0 2 0 2 2
0 0 -2 0 0 0 2 0 0 0 0 2 2 -2 0 2 0 -2 -2
0 0 -2 0 0 0 2 0 0 0 0 2 2 -2 0 2 0 2 2
0 0 2 0 0 0 -2 0 0 0 0 2 2 -2 0 2 0 -2 -2
0 0 2 0 0 0 -2 0 0 0 0 2 2 -2 0 2 0 2 2
0 0 2 0 0 0 2 0 0 0 0 -2 2 -2 0 2 0 -2 -2
0 0 2 0 0 0 2 0 0 0 0 -2 2 -2 0 2 0 2 2
0 0 -2 0 0 0 -2 0 0 0 0 -2 2 -2 0 2 0 -2 -2
0 0 -2 0 0 0 -2 0 0 0 0 -2 2 -2 0 2 0 2 2
0 0 2 0 0 0 2 0 0 0 0 2 -2 -2 0 2 0 -2 -2
0 0 2 0 0 0 2 0 0 0 0 2 -2 -2 0 2 0 2 2
0 0 -2 0 0 0 -2 0 0 0 0 2 -2 -2 0 2 0 -2 -2
0 0 -2 0 0 0 -2 0 0 0 0 2 -2 -2 0 2 0 2 2
0 0 -2 0 0 0 2 0 0 0 0 -2 -2 -2 0 2 0 -2 -2
0 0 -2 0 0 0 2 0 0 0 0 -2 -2 -2 0 2 0 2 2
0 0 2 0 0 0 -2 0 0 0 0 -2 -2 -2 0 2 0 -2 -2
0 0 2 0 0 0 -2 0 0 0 0 -2 -2 -2 0 2 0 2 2
0 0 -2 0 0 0 2 0 0 0 0 2 2 2 0 -2 0 -2 -2
0 0 -2 0 0 0 2 0 0 0 0 2 2 2 0 -2 0 2 2
0 0 2 0 0 0 -2 0 0 0 0 2 2 2 0 -2 0 -2 -2
0 0 2 0 0 0 -2 0 0 0 0 2 2 2 0 -2 0 2 2
0 0 2 0 0 0 2 0 0 0 0 -2 2 2 0 -2 0 -2 -2
0 0 2 0 0 0 2 0 0 0 0 -2 2 2 0 -2 0 2 2
0 0 -2 0 0 0 -2 0 0 0 0 -2 2 2 0 -2 0 -2 -2
0 0 -2 0 0 0 -2 0 0 0 0 -2 2 2 0 -2 0 2 2
0 0 2 0 0 0 2 0 0 0 0 2 -2 2 0 -2 0 -2 -2
0 0 2 0 0 0 2 0 0 0 0 2 -2 2 0 -2 0 2 2
0 0 -2 0 0 0 -2 0 0 0 0 2 -2 2 0 -2 0 -2 -2
0 0 -2 0 0 0 -2 0 0 0 0 2 -2 2 0 -2 0 2 2
0 0 -2 0 0 0 2 0 0 0 0 -2 -2 2 0 -2 0 -2 -2
0 0 -2 0 0 0 2 0 0 0 0 -2 -2 2 0 -2 0 2 2
0 0 2 0 0 0 -2 0 0 0 0 -2 -2 2 0 -2 0 -2 -2
0 0 2 0 0 0 -2 0 0 0 0 -2 -2 2 0 -2 0 2 2
0 0 2 0 0 0 2 0 0 0 0 2 2 -2 0 -2 0 -2 -2
0 0 2 0 0 0 2 0 0 0 0 2 2 -2 0 -2 0 2 2
0 0 -2 0 0 0 -2 0 0 0 0 2 2 -2 0 -2 0 -2 -2
0 0 -2 0 0 0 -2 0 0 0 0 2 2 -2 0 -2 0 2 2
0 0 -2 0 0 0 2 0 0 0 0 -2 2 -2 0 -2 0 -2 -2
0 0 -2 0 0 0 2 0 0 0 0 -2 2 -2 0 -2 0 2 2
0 0 2 0 0 0 -2 0 0 0 0 -2 2 -2 0 -2 0 -2 -2
0 0 2 0 0 0 -2 0 0 0 0 -2 2 -2 0 -2 0 2 2
0 0 -2 0 0 0 2 0 0 0 0 2 -2 -2 0 -2 0 -2 -2
0 0 -2 0 0 0 2 0 0 0 0 2 -2 -2 0 -2 0 2 2
0 0 2 0 0 0 -2 0 0 0 0 2 -2 -2 0 -2 0 -2 -2
0 0 2 0 0 0 -2 0 0 0 0 2 -2 -2 0 -2 0 2 2
0 0 2 0 0 0 2 0 0 0 0 -2 -2 -2 0 -2 0 -2 -2
0 0 2 0 0 0 2 0 0 0 0 -2 -2 -2 0 -2 0 2 2
0 0 -2 0 0 0 -2 0 0 0 0 -2 -2 -2 0 -2 0 -2 -2
0 0 -2 0 0 0 -2 0 0 0 0 -2 -2 -2 0 -2 0 2 2
-2 2 0 0 2 0 0 0 2 0 0 2 2 2 0 2 0 0 0
2 -2 0 0 2 0 0 0 2 0 0 2 2 2 0 2 0 0 0
2 2 0 0 -2 0 0 0 2 0 0 2 2 2 0 2 0 0 0
-2 -2 0 0 -2 0 0 0 2 0 0 2 2 2 0 2 0 0 0
2 2 0 0 2 0 0 0 -2 0 0 2 2 2 0 2 0 0 0
-2 -2 0 0 2 0 0 0 -2 0 0 2 2 2 0 2 0 0 0
-2 2 0 0 -2 0 0 0 -2 0 0 2 2 2 0 2 0 0 0
2 -2 0 0 -2 0 0 0 -2 0 0 2 2 2 0 2 0 0 0
2 2 0 0 2 0 0 0 2 0 0 -2 2 2 0 2 0 0 0
-2 -2 0 0 2 0 0 0 2 0 0 -2 2 2 0 2 0 0 0
-2 2 0 0 -2 0 0 0 2 0 0 -2 2 2 0 2 0 0 0
2 -2 0 0 -2 0 0 0 2 0 0 -2 2 2 0 2 0 0 0
-2 2 0 0 2 0 0 0 -2 0 0 -2 2 2 0 2 0 0 0
2 -2 0 0 2 0 0 0 -2 0 0 -2 2 2 0 2 0 0 0
2 2 0 0 -2 0 0 0 -2 0 0 -2 2 2 0 2 0 0 0
-2 -2 0 0 -2 0 0 0 -2 0 0 -2 2 2 0 2 0 0 0
2 2 0 0 2 0 0 0 2 0 0 2 -2 2 0 2 0 0 0
-2 -2 0 0 2 0 0 0 2 0 0 2 -2 2 0 2 0 0 0
-2 2 0 0 -2 0 0 0 2 0 0 2 -2 2 0 2 0 0 0
2 -2 0 0 -2 0 0 0 2 0 0 2 -2 2 0 2 0 0 0
-2 2 0 0 2 0 0 0 -2 0 0 2 -2 2 0 2 0 0 0
2 -2 0 0 2 0 0 0 -2 0 0 2 -2 2 0 2 0 0 0
2 2 0 0 -2 0 0 0 -2 0 0 2 -2 2 0 2 0 0 0
-2 -2 0 0 -2 0 0 0 -2 0 0 2 -2 2 0 2 0 0 0
-2 2 0 0 2 0 0 0 2 0 0 -2 -2 2 0 2 0 0 0
2 -2 0 0 2 0 0 0 2 0 0 -2 -2 2 0 2 0 0 0
2 2 0 0 -2 0 0 0 2 0 0 -2 -2 2 0 2 0 0 0
-2 -2 0 0 -2 0 0 0 2 0 0 -2 -2 2 0 2 0 0 0
2 2 0 0 2 0 0 0 -2 0 0 -2 -2 2 0 2 0 0 0
-2 -2 0 0 2 0 0 0 -2 0 0 -2 -2 2 0 2 0 0 0
-2 2 0 0 -2 0 0 0 -2 0 0 -2 -2 2 0 2 0 0 0
2 -2 0 0 -2 0 0 0 -2 0 0 -2 -2 2 0 2 0 0 0
2 2 0 0 2 0 0 0 2 0 0 2 2 -2 0 2 0 0 0
-2 -2 0 0 2 0 0 0 2 0 0 2 2 -2 0 2 0 0 0
-2 2 0 0 -2 0 0 0 2 0 0 2 2 -2 0 2 0 0 0
2 -2 0 0 -2 0 0 0 2 0 0 2 2 -2 0 2 0 0 0
-2 2 0 0 2 0 0 0 -2 0 0 2 2 -2 0 2 0 0 0
2 -2 0 0 2 0 0 0 -2 0 0 2 2 -2 0 2 0 0 0
2 2 0 0 -2 0 0 0 -2 0 0 2 2 -2 0 2 0 0 0
-2 -2 0 0 -2 0 0 0 -2 0 0 2 2 -2 0 2 0 0 0
-2 2 0 0 2 0 0 0 2 0 0 -2 2 -2 0 2 0 0 0
2 -2 0 0 2 0 0 0 2 0 0 -2 2 -2 0 2 0 0 0
2 2 0 0 -2 0 0 0 2 0 0 -2 2 -2 0 2 0 0 0
-2 -2 0 0 -2 0 0 0 2 0 0 -2 2 -2 0 2 0 0 0
2 2 0 0 2 0 0 0 -2 0 0 -2 2 -2 0 2 0 0 0
-2 -2 0 0 2 0 0 0 -2 0 0 -2 2 -2 0 2 0 0 0
-2 2 0 0 -2 0 0 0 -2 0 0 -2 2 -2 0 2 0 0 0
2 -2 0 0 -2 0 0 0 -2 0 0 -2 2 -2 0 2 0 0 0
-2 2 0 0 2 0 0 0 2 0 0 2 -2 -2 0 2 0 0 0
2 -2 0 0 2 0 0 0 2 0 0 2 -2 -2 0 2 0 0 0
2 2 0 0 -2 0 0 0 2 0 0 2 -2 -2 0 2 0 0 0
-2 -2 0 0 -2 0 0 0 2 0 0 2 -2 -2 0 2 0 0 0
2 2 0 0 2 0 0 0 -2 0 0 2 -2 -2 0 2 0 0 0
-2 -2 0 0 2 0 0 0 -2 0 0 2 -2 -2 0 2 0 0 0
-2 2 0 0 -2 0 0 0 -2 0 0 2 -2 -2 0 2 0 0 0
2 -2 0 0 -2 0 0 0 -2 0 0 2 -2 -2 0 2 0 0 0
2 2 0 0 2 0 0 0 2 0 0 -2 -2 -2 0 2 0 0 0
-2 -2 0 0 2 0 0 0 2 0 0 -2 -2 -2 0 2 0 0 0
-2 2 0 0 -2 0 0 0 2 0 0 -2 -2 -2 0 2 0 0 0
2 -2 0 0 -2 0 0 0 2 0 0 -2 -2 -2 0 2 0 0 0
-2 2 0 0 2 0 0 0 -2 0 0 -2 -2 -2 0 2 0 0 0
2 -2 0 0 2 0 0 0 -2 0 0 -2 -2 -2 0 2 0 0 0
2 2 0 0 -2 0 0 0 -2 0 0 -2 -2 -2 0 2 0 0 0
-2 -2 0 0 -2 0 0 0 -2 0 0 -2 -2 -2 0 2 0 0 0
2 2 0 0 2 0 0 0 2 0 0 2 2 2 0 -2 0 0 0
-2 -2 0 0 2 0 0 0 2 0 0 2 2 2 0 -2 0 0 0
-2 2 0 0 -2 0 0 0 2 0 0 2 2 2 0 -2 0 0 0
2 -2 0 0 -2 0 0 0 2 0 0 2 2 2 0 -2 0 0 0
-2 2 0 0 2 0 0 0 -2 0 0 2 2 2 0 -2 0 0 0
2 -2 0 0 2 0 0 0 -2 0 0 2 2 2 0 -2 0 0 0
2 2 0 0 -2 0 0 0 -2 0 0 2 2 2 0 -2 0 0 0
-2 -2 0 0 -2 0 0 0 -2 0 0 2 2 2 0 -2 0 0 0
-2 2 0 0 2 0 0 0 2 0 0 -2 2 2 0 -2 0 0 0
2 -2 0 0 2 0 0 0 2 0 0 -2 2 2 0 -2 0 0 0
2 2 0 0 -2 0 0 0 2 0 0 -2 2 2 0 -2 0 0 0
-2 -2 0 0 -2 0 0 0 2 0 0 -2 2 2 0 -2 0 0 0
2 2 0 0 2 0 0 0 -2 0 0 -2 2 2 0 -2 0 0 0
-2 -2 0 0 2 0 0 0 -2 0 0 -2 2 2 0 -2 0 0 0
-2 2 0 0 -2 0 0 0 -2 0 0 -2 2 2 0 -2 0 0 0
2 -2 0 0 -2 0 0 0 -2 0 0 -2 2 2 0 -2 0 0 0
-2 2 0 0 2 0 0 0 2 0 0 2 -2 2 0 -2 0 0 0
2 -2 0 0 2 0 0 0 2 0 0 2 -2 2 0 -2 0 0 0
2 2 0 0 -2 0 0 0 2 0 0 2 -2 2 0 -2 0 0 0
-2 -2 0 0 -2 0 0 0 2 0 0 2 -2 2 0 -2 0 0 0
2 2 0 0 2 0 0 0 -2 0 0 2 -2 2 0 -2 0 0 0
-2 -2 0 0 2 0 0 0 -2 0 0 2 -2 2 0 -2 0 0 0
-2 2 0 0 -2 0 0 0 -2 0 0 2 -2 2 0 -2 0 0 0
2 -2 0 0 -2 0 0 0 -2 0 0 2 -2 2 0 -2 0 0 0
2 2 0 0 2 0 0 0 2 0 0 -2 -2 2 0 -2 0 0 0
-2 -2 0 0 2 0 0 0 2 0 0 -2 -2 2 0 -2 0 0 0
-2 2 0 0 -2 0 0 0 2 0 0 -2 -2 2 0 -2 0 0 0
2 -2 0 0 -2 0 0 0 2 0 0 -2 -2 2 0 -2 0 0 0
-2 2 0 0 2 0 0 0 -2 0 0 -2 -2 2 0 -2 0 0 0
2 -2 0 0 2 0 0 0 -2 0 0 -2 -2 2 0 -2 0 0 0
2 2 0 0 -2 0 0 0 -2 0 0 -2 -2 2 0 -2 0 0 0
-2 -2 0 0 -2 0 0 0 -2 0 0 -2 -2 2 0 -2 0 0 0
-2 2 0 0 2 0 0 0 2 0 0 2 2 -2 0 -2 0 0 0
2 -2 0 0 2 0 0 0 2 0 0 2 2 -2 0 -2 0 0 0
2 2 0 0 -2 0 0 0 2 0 0 2 2 -2 0 -2 0 0 0
-2 -2 0 0 -2 0 0 0 2 0 0 2 2 -2 0 -2 0 0 0
2 2 0 0 2 0 0 0 -2 0 0 2 2 -2 0 -2 0 0 0
-2 -2 0 0 2 0 0 0 -2 0 0 2 2 -2 0 -2 0 0 0
-2 2 0 0 -2 0 0 0 -2 0 0 2 2 -2 0 -2 0 0 0
2 -2 0 0 -2 0 0 0 -2 0 0 2 2 -2 0 -2 0 0 0
2 2 0 0 2 0 0 0 2 0 0 -2 2 -2 0 -2 0 0 0
-2 -2 0 0 2 0 0 0 2 0 0 -2 2 -2 0 -2 0 0 0
-2 2 0 0 -2 0 0 0 2 0 0 -2 2 -2 0 -2 0 0 0
2 -2 0 0 -2 0 0 0 2 0 0 -2 2 -2 0 -2 0 0 0
-2 2 0 0 2 0 0 0 -2 0 0 -2 2 -2 0 -2 0 0 0
2 -2 0 0 2 0 0 0 -2 0 0 -2 2 -2 0 -2 0 0 0
2 2 0 0 -2 0 0 0 -2 0 0 -2 2 -2 0 -2 0 0 0
-2 -2 0 0 -2 0 0 0 -2 0 0 -2 2 -2 0 -2 0 0 0
2 2 0 0 2 0 0 0 2 0 0 2 -2 -2 0 -2 0 0 0
-2 -2 0 0 2 0 0 0 2 0 0 2 -2 -2 0 -2 0 0 0
-2 2 0 0 -2 0 0 0 2 0 0 2 -2 -2 0 -2 0 0 0
2 -2 0 0 -2 0 0 0 2 0 0 2 -2 -2 0 -2 0 0 0
-2 2 0 0 2 0 0 0 -2 0 0 2 -2 -2 0 -2 0 0 0
2 -2 0 0 2 0 0 0 -2 0 0 2 -2 -2 0 -2 0 0 0
2 2 0 0 -2 0 0 0 -2 0 0 2 -2 -2 0 -2 0 0 0
-2 -2 0 0 -2 0 0 0 -2 0 0 2 -2 -2 0 -2 0 0 0
-2 2 0 0 2 0 0 0 2 0 0 -2 -2 -2 0 -2 0 0 0
2 -2 0 0 2 0 0 0 2 0 0 -2 -2 -2 0 -2 0 0 0
2 2 0 0 -2 0 0 0 2 0 0 -2 -2 -2 0 -2 0 0 0
-2 -2 0 0 -2 0 0 0 2 0 0 -2 -2 -2 0 -2 0 0 0
2 2 0 0 2 0 0 0 -2 0 0 -2 -2 -2 0 -2 0 0 0
-2 -2 0 0 2 0 0 0 -2 0 0 -2 -2 -2 0 -2 0 0 0
-2 2 0 0 -2 0 0 0 -2 0 0 -2 -2 -2 0 -2 0 0 0
2 -2 0 0 -2 0 0 0 -2 0 0 -2 -2 -2 0 -2 0 0 0
0 0 2 0 2 0 2 2 0 0 0 0 0 0 2 2 -2 0 2
0 0 -2 0 -2 0 2 2 0 0 0 0 0 0 2 2 -2 0 2
0 0 2 0 2 0 2 2 0 0 0 0 0 0 2 2 2 0 -2
0 0 -2 0 -2 0 2 2 0 0 0 0 0 0 2 2 2 0 -2
0 0 -2 0 2 0 -2 2 0 0 0 0 0 0 2 2 -2 0 2
0 0 2 0 -2 0 -2 2 0 0 0 0 0 0 2 2 -2 0 2
0 0 -2 0 2 0 -2 2 0 0 0 0 0 0 2 2 2 0 -2
0 0 2 0 -2 0 -2 2 0 0 0 0 0 0 2 2 2 0 -2
0 0 -2 0 2 0 2 -2 0 0 0 0 0 0 2 2 -2 0 2
0 0 2 0 -2 0 2 -2 0 0 0 0 0 0 2 2 -2 0 2
0 0 -2 0 2 0 2 -2 0 0 0 0 0 0 2 2 2 0 -2
0 0 2 0 -2 0 2 -2 0 0 0 0 0 0 2 2 2 0 -2
0 0 2 0 2 0 -2 -2 0 0 0 0 0 0 2 2 -2 0 2
0 0 -2 0 -2 0 -2 -2 0 0 0 0 0 0 2 2 -2 0 2
0 0 2 0 2 0 -2 -2 0 0 0 0 0 0 2 2 2 0 -2
0 0 -2 0 -2 0 -2 -2 0 0 0 0 0 0 2 2 2 0 -2
0 0 -2 0 2 0 2 2 0 0 0 0 0 0 -2 2 -2 0 2
0 0 2 0 -2 0 2 2 0 0 0 0 0 0 -2 2 -2 0 2
0 0 -2 0 2 0 2 2 0 0 0 0 0 0 -2 2 2 0 -2
0 0 2 0 -2 0 2 2 0 0 0 0 0 0 -2 2 2 0 -2
0 0 2 0 2 0 -2 2 0 0 0 0 0 0 -2 2 -2 0 2
0 0 -2 0 -2 0 -2 2 0 0 0 0 0 0 -2 2 -2 0 2
0 0 2 0 2 0 -2 2 0 0 0 0 0 0 -2 2 2 0 -2
0 0 -2 0 -2 0 -2 2 0 0 0 0 0 0 -2 2 2 0 -2
0 0 2 0 2 0 2 -2 0 0 0 0 0 0 -2 2 -2 0 2
0 0 -2 0 -2 0 2 -2 0 0 0 0 0 0 -2 2 -2 0 2
0 0 2 0 2 0 2 -2 0 0 0 0 0 0 -2 2 2 0 -2
0 0 -2 0 -2 0 2 -2 0 0 0 0 0 0 -2 2 2 0 -2
0 0 -2 0 2 0 -2 -2 0 0 0 0 0 0 -2 2 -2 0 2
0 0 2 0 -2 0 -2 -2 0 0 0 0 0 0 -2 2 -2 0 2
0 0 -2 0 2 0 -2 -2 0 0 0 0 0 0 -2 2 2 0 -2
0 0 2 0 -2 0 -2 -2 0 0 0 0 0 0 -2 2 2 0 -2
0 0 -2 0 2 0 2 2 0 0 0 0 0 0 2 -2 -2 0 2
0 0 2 0 -2 0 2 2 0 0 0 0 0 0 2 -2 -2 0 2
0 0 -2 0 2 0 2 2 0 0 0 0 0 0 2 -2 2 0 -2
0 0 2 0 -2 0 2 2 0 0 0 0 0 0 2 -2 2 0 -2
0 0 2 0 2 0 -2 2 0 0 0 0 0 0 2 -2 -2 0 2
0 0 -2 0 -2 0 -2 2 0 0 0 0 0 0 2 -2 -2 0 2
0 0 2 0 2 0 -2 2 0 0 0 0 0 0 2 -2 2 0 -2
0 0 -2 0 -2 0 -2 2 0 0 0 0 0 0 2 -2 2 0 -2
0 0 2 0 2 0 2 -2 0 0 0 0 0 0 2 -2 -2 0 2
0 0 -2 0 -2 0 2 -2 0 0 0 0 0 0 2 -2 -2 0 2
0 0 2 0 2 0 2 -2 0 0 0 0 0 0 2 -2 2 0 -2
0 0 -2 0 -2 0 2 -2 0 0 0 0 0 0 2 -2 2 0 -2
0 0 -2 0 2 0 -2 -2 0 0 0 0 0 0 2 -2 -2 0 2
0 0 2 0 -2 0 -2 -2 0 0 0 0 0 0 2 -2 -2 0 2
0 0 -2 0 2 0 -2 -2 0 0 0 0 0 0 2 -2 2 0 -2
0 0 2 0 -2 0 -2 -2 0 0 0 0 0 0 2 -2 2 0 -2
0 0 2 0 2 0 2 2 0 0 0 0 0 0 -2 -2 -2 0 2
0 0 -2 0 -2 0 2 2 0 0 0 0 0 0 -2 -2 -2 0 2
0 0 2 0 2 0 2 2 0 0 0 0 0 0 -2 -2 2 0 -2
0 0 -2 0 -2 0 2 2 0 0 0 0 0 0 -2 -2 2 0 -2
0 0 -2 0 2 0 -2 2 0 0 0 0 0 0 -2 -2 -2 0 2
0 0 2 0 -2 0 -2 2 0 0 0 0 0 0 -2 -2 -2 0 2
0 0 -2 0 2 0 -2 2 0 0 0 0 0 0 -2 -2 2 0 -2
0 0 2 0 -2 0 -2 2 0 0 0 0 0 0 -2 -2 2 0 -2
0 0 -2 0 2 0 2 -2 0 0 0 0 0 0 -2 -2 -2 0 2
0 0 2 0 -2 0 2 -2 0 0 0 0 0 0 -2 -2 -2 0 2
0 0 -2 0 2 0 2 -2 0 0 0 0 0 0 -2 -2 2 0 -2
0 0 2 0 -2 0 2 -2 0 0 0 0 0 0 -2 -2 2 0 -2
0 0 2 0 2 0 -2 -2 0 0 0 0 0 0 -2 -2 -2 0 2
0 0 -2 0 -2 0 -2 -2 0 0 0 0 0 0 -2 -2 -2 0 2
0 0 2 0 2 0 -2 -2 0 0 0 0 0 0 -2 -2 2 0 -2
0 0 -2 0 -2 0 -2 -2 0 0 0 0 0 0 -2 -2 2 0 -2
2 2 0 0 0 0 0 2 2 0 0 0 0 0 2 2 -2 -2 0
-2 -2 0 0 0 0 0 2 2 0 0 0 0 0 2 2 -2 -2 0
2 2 0 0 0 0 0 2 2 0 0 0 0 0 2 2 2 2 0
-2 -2 0 0 0 0 0 2 2 0 0 0 0 0 2 2 2 2 0
-2 2 0 0 0 0 0 -2 2 0 0 0 0 0 2 2 -2 -2 0
2 -2 0 0 0 0 0 -2 2 0 0 0 0 0 2 2 -2 -2 0
-2 2 0 0 0 0 0 -2 2 0 0 0 0 0 2 2 2 2 0
2 -2 0 0 0 0 0 -2 2 0 0 0 0 0 2 2 2 2 0
-2 2 0 0 0 0 0 2 -2 0 0 0 0 0 2 2 -2 -2 0
2 -2 0 0 0 0 0 2 -2 0 0 0 0 0 2 2 -2 -2 0
-2 2 0 0 0 0 0 2 -2 0 0 0 0 0 2 2 2 2 0
2 -2 0 0 0 0 0 2 -2 0 0 0 0 0 2 2 2 2 0
2 2 0 0 0 0 0 -2 -2 0 0 0 0 0 2 2 -2 -2 0
-2 -2 0 0 0 0 0 -2 -2 0 0 0 0 0 2 2 -2 -2 0
2 2 0 0 0 0 0 -2 -2 0 0 0 0 0 2 2 2 2 0
-2 -2 0 0 0 0 0 -2 -2 0 0 0 0 0 2 2 2 2 0
-2 2 0 0 0 0 0 2 2 0 0 0 0 0 -2 2 -2 -2 0
2 -2 0 0 0 0 0 2 2 0 0 0 0 0 -2 2 -2 -2 0
-2 2 0 0 0 0 0 2 2 0 0 0 0 0 -2 2 2 2 0
2 -2 0 0 0 0 0 2 2 0 0 0 0 0 -2 2 2 2 0
2 2 0 0 0 0 0 -2 2 0 0 0 0 0 -2 2 -2 -2 0
-2 -2 0 0 0 0 0 -2 2 0 0 0 0 0 -2 2 -2 -2 0
2 2 0 0 0 0 0 -2 2 0 0 0 0 0 -2 2 2 2 0
-2 -2 0 0 0 0 0 -2 2 0 0 0 0 0 -2 2 2 2 0
2 2 0 0 0 0 0 2 -2 0 0 0 0 0 -2 2 -2 -2 0
-2 -2 0 0 0 0 0 2 -2 0 0 0 0 0 -2 2 -2 -2 0
2 2 0 0 0 0 0 2 -2 0 0 0 0 0 -2 2 2 2 0
-2 -2 0 0 0 0 0 2 -2 0 0 0 0 0 -2 2 2 2 0
-2 2 0 0 0 0 0 -2 -2 0 0 0 0 0 -2 2 -2 -2 0
2 -2 0 0 0 0 0 -2 -2 0 0 0 0 0 -2 2 -2 -2 0
-2 2 0 0 0 0 0 -2 -2 0 0 0 0 0 -2 2 2 2 0
2 -2 0 0 0 0 0 -2 -2 0 0 0 0 0 -2 2 2 2 0
-2 2 0 0 0 0 0 2 2 0 0 0 0 0 2 -2 -2 -2 0
2 -2 0 0 0 0 0 2 2 0 0 0 0 0 2 -2 -2 -2 0
-2 2 0 0 0 0 0 2 2 0 0 0 0 0 2 -2 2 2 0
2 -2 0 0 0 0 0 2 2 0 0 0 0 0 2 -2 2 2 0
2 2 0 0 0 0 0 -2 2 0 0 0 0 0 2 -2 -2 -2 0
-2 -2 0 0 0 0 0 -2 2 0 0 0 0 0 2 -2 -2 -2 0
2 2 0 0 0 0 0 -2 2 0 0 0 0 0 2 -2 2 2 0
-2 -2 0 0 0 0 0 -2 2 0 0 0 0 0 2 -2 2 2 0
2 2 0 0 0 0 0 2 -2 0 0 0 0 0 2 -2 -2 -2 0
-2 -2 0 0 0 0 0 2 -2 0 0 0 0 0 2 -2 -2 -2 0
2 2 0 0 0 0 0 2 -2 0 0 0 0 0 2 -2 2 2 0
-2 -2 0 0 0 0 0 2 -2 0 0 0 0 0 2 -2 2 2 0
-2 2 0 0 0 0 0 -2 -2 0 0 0 0 0 2 -2 -2 -2 0
2 -2 0 0 0 0 0 -2 -2 0 0 0 0 0 2 -2 -2 -2 0
-2 2 0 0 0 0 0 -2 -2 0 0 0 0 0 2 -2 2 2 0
2 -2 0 0 0 0 0 -2 -2 0 0 0 0 0 2 -2 2 2 0
2 2 0 0 0 0 0 2 2 0 0 0 0 0 -2 -2 -2 -2 0
-2 -2 0 0 0 0 0 2 2 0 0 0 0 0 -2 -2 -2 -2 0
2 2 0 0 0 0 0 2 2 0 0 0 0 0 -2 -2 2 2 0
-2 -2 0 0 0 0 0 2 2 0 0 0 0 0 -2 -2 2 2 0
-2 2 0 0 0 0 0 -2 2 0 0 0 0 0 -2 -2 -2 -2 0
2 -2 0 0 0 0 0 -2 2 0 0 0 0 0 -2 -2 -2 -2 0
-2 2 0 0 0 0 0 -2 2 0 0 0 0 0 -2 -2 2 2 0
2 -2 0 0 0 0 0 -2 2 0 0 0 0 0 -2 -2 2 2 0
-2 2 0 0 0 0 0 2 -2 0 0 0 0 0 -2 -2 -2 -2 0
2 -2 0 0 0 0 0 2 -2 0 0 0 0 0 -2 -2 -2 -2 0
-2 2 0 0 0 0 0 2 -2 0 0 0 0 0 -2 -2 2 2 0
2 -2 0 0 0 0 0 2 -2 0 0 0 0 0 -2 -2 2 2 0
2 2 0 0 0 0 0 -2 -2 0 0 0 0 0 -2 -2 -2 -2 0
-2 -2 0 0 0 0 0 -2 -2 0 0 0 0 0 -2 -2 -2 -2 0
2 2 0 0 0 0 0 -2 -2 0 0 0 0 0 -2 -2 2 2 0
-2 -2 0 0 0 0 0 -2 -2 0 0 0 0 0 -2 -2 2 2 0
-2 2 0 2 2 0 2 0 0 2 0 0 0 0 2 2 0 0 0
2 -2 0 2 2 0 2 0 0 2 0 0 0 0 2 2 0 0 0
2 2 0 -2 2 0 2 0 0 2 0 0 0 0 2 2 0 0 0
-2 -2 0 -2 2 0 2 0 0 2 0 0 0 0 2 2 0 0 0
2 2 0 2 -2 0 2 0 0 2 0 0 0 0 2 2 0 0 0
-2 -2 0 2 -2 0 2 0 0 2 0 0 0 0 2 2 0 0 0
-2 2 0 -2 -2 0 2 0 0 2 0 0 0 0 2 2 0 0 0
2 -2 0 -2 -2 0 2 0 0 2 0 0 0 0 2 2 0 0 0
2 2 0 2 2 0 -2 0 0 2 0 0 0 0 2 2 0 0 0
-2 -2 0 2 2 0 -2 0 0 2 0 0 0 0 2 2 0 0 0
-2 2 0 -2 2 0 -2 0 0 2 0 0 0 0 2 2 0 0 0
2 -2 0 -2 2 0 -2 0 0 2 0 0 0 0 2 2 0 0 0
-2 2 0 2 -2 0 -2 0 0 2 0 0 0 0 2 2 0 0 0
2 -2 0 2 -2 0 -2 0 0 2 0 0 0 0 2 2 0 0 0
2 2 0 -2 -2 0 -2 0 0 2 0 0 0 0 2 2 0 0 0
-2 -2 0 -2 -2 0 -2 0 0 2 0 0 0 0 2 2 0 0 0
2 2 0 2 2 0 2 0 0 -2 0 0 0 0 2 2 0 0 0
-2 -2 0 2 2 0 2 0 0 -2 0 0 0 0 2 2 0 0 0
-2 2 0 -2 2 0 2 0 0 -2 0 0 0 0 2 2 0 0 0
2 -2 0 -2 2 0 2 0 0 -2 0 0 0 0 2 2 0 0 0
-2 2 0 2 -2 0 2 0 0 -2 0 0 0 0 2 2 0 0 0
2 -2 0 2 -2 0 2 0 0 -2 0 0 0 0 2 2 0 0 0
2 2 0 -2 -2 0 2 0 0 -2 0 0 0 0 2 2 0 0 0
-2 -2 0 -2 -2 0 2 0 0 -2 0 0 0 0 2 2 0 0 0
-2 2 0 2 2 0 -2 0 0 -2 0 0 0 0 2 2 0 0 0
2 -2 0 2 2 0 -2 0 0 -2 0 0 0 0 2 2 0 0 0
2 2 0 -2 2 0 -2 0 0 -2 0 0 0 0 2 2 0 0 0
-2 -2 0 -2 2 0 -2 0 0 -2 0 0 0 0 2 2 0 0 0
2 2 0 2 -2 0 -2 0 0 -2 0 0 0 0 2 2 0 0 0
-2 -2 0 2 -2 0 -2 0 0 -2 0 0 0 0 2 2 0 0 0
-2 2 0 -2 -2 0 -2 0 0 -2 0 0 0 0 2 2 0 0 0
2 -2 0 -2 -2 0 -2 0 0 -2 0 0 0 0 2 2 0 0 0
2 2 0 2 2 0 2 0 0 2 0 0 0 0 -2 2 0 0 0
-2 -2 0 2 2 0 2 0 0 2 0 0 0 0 -2 2 0 0 0
-2 2 0 -2 2 0 2 0 0 2 0 0 0 0 -2 2 0 0 0
2 -2 0 -2 2 0 2 0 0 2 0 0 0 0 -2 2 0 0 0
-2 2 0 2 -2 0 2 0 0 2 0 0 0 0 -2 2 0 0 0
2 -2 0 2 -2 0 2 0 0 2 0 0 0 0 -2 2 0 0 0
2 2 0 -2 -2 0 2 0 0 2 0 0 0 0 -2 2 0 0 0
-2 -2 0 -2 -2 0 2 0 0 2 0 0 0 0 -2 2 0 0 0
-2 2 0 2 2 0 -2 0 0 2 0 0 0 0 -2 2 0 0 0
2 -2 0 2 2 0 -2 0 0 2 0 0 0 0 -2 2 0 0 0
2 2 0 -2 2 0 -2 0 0 2 0 0 0 0 -2 2 0 0 0
-2 -2 0 -2 2 0 -2 0 0 2 0 0 0 0 -2 2 0 0 0
2 2 0 2 -2 0 -2 0 0 2 0 0 0 0 -2 2 0 0 0
-2 -2 0 2 -2 0 -2 0 0 2 0 0 0 0 -2 2 0 0 0
-2 2 0 -2 -2 0 -2 0 0 2 0 0 0 0 -2 2 0 0 0
2 -2 0 -2 -2 0 -2 0 0 2 0 0 0 0 -2 2 0 0 0
-2 2 0 2 2 0 2 0 0 -2 0 0 0 0 -2 2 0 0 0
2 -2 0 2 2 0 2 0 0 -2 0 0 0 0 -2 2 0 0 0
2 2 0 -2 2 0 2 0 0 -2 0 0 0 0 -2 2 0 0 0
-2 -2 0 -2 2 0 2 0 0 -2 0 0 0 0 -2 2 0 0 0
2 2 0 2 -2 0 2 0 0 -2 0 0 0 0 -2 2 0 0 0
-2 -2 0 2 -2 0 2 0 0 -2 0 0 0 0 -2 2 0 0 0
-2 2 0 -2 -2 0 2 0 0 -2 0 0 0 0 -2 2 0 0 0
2 -2 0 -2 -2 0 2 0 0 -2 0 0 0 0 -2 2 0 0 0
2 2 0 2 2 0 -2 0 0 -2 0 0 0 0 -2 2 0 0 0
-2 -2 0 2 2 0 -2 0 0 -2 0 0 0 0 -2 2 0 0 0
-2 2 0 -2 2 0 -2 0 0 -2 0 0 0 0 -2 2 0 0 0
2 -2 0 -2 2 0 -2 0 0 -2 0 0 0 0 -2 2 0 0 0
-2 2 0 2 -2 0 -2 0 0 -2 0 0 0 0 -2 2 0 0 0
2 -2 0 2 -2 0 -2 0 0 -2 0 0 0 0 -2 2 0 0 0
2 2 0 -2 -2 0 -2 0 0 -2 0 0 0 0 -2 2 0 0 0
-2 -2 0 -2 -2 0 -2 0 0 -2 0 0 0 0 -2 2 0 0 0
2 2 0 2 2 0 2 0 0 2 0 0 0 0 2 -2 0 0 0
-2 -2 0 2 2 0 2 0 0 2 0 0 0 0 2 -2 0 0 0
-2 2 0 -2 2 0 2 0 0 2 0 0 0 0 2 -2 0 0 0
2 -2 0 -2 2 0 2 0 0 2 0 0 0 0 2 -2 0 0 0
-2 2 0 2 -2 0 2 0 0 2 0 0 0 0 2 -2 0 0 0
2 -2 0 2 -2 0 2 0 0 2 0 0 0 0 2 -2 0 0 0
2 2 0 -2 -2 0 2 0 0 2 0 0 0 0 2 -2 0 0 0
-2 -2 0 -2 -2 0 2 0 0 2 0 0 0 0 2 -2 0 0 0
-2 2 0 2 2 0 -2 0 0 2 0 0 0 0 2 -2 0 0 0
2 -2 0 2 2 0 -2 0 0 2 0 0 0 0 2 -2 0 0 0
2 2 0 -2 2 0 -2 0 0 2 0 0 0 0 2 -2 0 0 0
-2 -2 0 -2 2 0 -2 0 0 2 0 0 0 0 2 -2 0 0 0
2 2 0 2 -2 0 -2 0 0 2 0 0 0 0 2 -2 0 0 0
-2 -2 0 2 -2 0 -2 0 0 2 0 0 0 0 2 -2 0 0 0
-2 2 0 -2 -2 0 -2 0 0 2 0 0 0 0 2 -2 0 0 0
2 -2 0 -2 -2 0 -2 0 0 2 0 0 0 0 2 -2 0 0 0
-2 2 0 2 2 0 2 0 0 -2 0 0 0 0 2 -2 0 0 0
2 -2 0 2 2 0 2 0 0 -2 0 0 0 0 2 -2 0 0 0
2 2 0 -2 2 0 2 0 0 -2 0 0 0 0 2 -2 0 0 0
-2 -2 0 -2 2 0 2 0 0 -2 0 0 0 0 2 -2 0 0 0
2 2 0 2 -2 0 2 0 0 -2 0 0 0 0 2 -2 0 0 0
-2 -2 0 2 -2 0 2 0 0 -2 0 0 0 0 2 -2 0 0 0
-2 2 0 -2 -2 0 2 0 0 -2 0 0 0 0 2 -2 0 0 0
2 -2 0 -2 -2 0 2 0 0 -2 0 0 0 0 2 -2 0 0 0
2 2 0 2 2 0 -2 0 0 -2 0 0 0 0 2 -2 0 0 0
-2 -2 0 2 2 0 -2 0 0 -2 0 0 0 0 2 -2 0 0 0
-2 2 0 -2 2 0 -2 0 0 -2 0 0 0 0 2 -2 0 0 0
2 -2 0 -2 2 0 -2 0 0 -2 0 0 0 0 2 -2 0 0 0
-2 2 0 2 -2 0 -2 0 0 -2 0 0 0 0 2 -2 0 0 0
2 -2 0 2 -2 0 -2 0 0 -2 0 0 0 0 2 -2 0 0 0
2 2 0 -2 -2 0 -2 0 0 -2 0 0 0 0 2 -2 0 0 0
-2 -2 0 -2 -2 0 -2 0 0 -2 0 0 0 0 2 -2 0 0 0
-2 2 0 2 2 0 2 0 0 2 0 0 0 0 -2 -2 0 0 0
2 -2 0 2 2 0 2 0 0 2 0 0 0 0 -2 -2 0 0 0
2 2 0 -2 2 0 2 0 0 2 0 0 0 0 -2 -2 0 0 0
-2 -2 0 -2 2 0 2 0 0 2 0 0 0 0 -2 -2 0 0 0
2 2 0 2 -2 0 2 0 0 2 0 0 0 0 -2 -2 0 0 0
-2 -2 0 2 -2 0 2 0 0 2 0 0 0 0 -2 -2 0 0 0
-2 2 0 -2 -2 0 2 0 0 2 0 0 0 0 -2 -2 0 0 0
2 -2 0 -2 -2 0 2 0 0 2 0 0 0 0 -2 -2 0 0 0
2 2 0 2 2 0 -2 0 0 2 0 0 0 0 -2 -2 0 0 0
-2 -2 0 2 2 0 -2 0 0 2 0 0 0 0 -2 -2 0 0 0
-2 2 0 -2 2 0 -2 0 0 2 0 0 0 0 -2 -2 0 0 0
2 -2 0 -2 2 0 -2 0 0 2 0 0 0 0 -2 -2 0 0 0
-2 2 0 2 -2 0 -2 0 0 2 0 0 0 0 -2 -2 0 0 0
2 -2 0 2 -2 0 -2 0 0 2 0 0 0 0 -2 -2 0 0 0
2 2 0 -2 -2 0 -2 0 0 2 0 0 0 0 -2 -2 0 0 0
-2 -2 0 -2 -2 0 -2 0 0 2 0 0 0 0 -2 -2 0 0 0
2 2 0 2 2 0 2 0 0 -2 0 0 0 0 -2 -2 0 0 0
-2 -2 0 2 2 0 2 0 0 -2 0 0 0 0 -2 -2 0 0 0
-2 2 0 -2 2 0 2 0 0 -2 0 0 0 0 -2 -2 0 0 0
2 -2 0 -2 2 0 2 0 0 -2 0 0 0 0 -2 -2 0 0 0
-2 2 0 2 -2 0 2 0 0 -2 0 0 0 0 -2 -2 0 0 0
2 -2 0 2 -2 0 2 0 0 -2 0 0 0 0 -2 -2 0 0 0
2 2 0 -2 -2 0 2 0 0 -2 0 0 0 0 -2 -2 0 0 0
-2 -2 0 -2 -2 0 2 0 0 -2 0 0 0 0 -2 -2 0 0 0
-2 2 0 2 2 0 -2 0 0 -2 0 0 0 0 -2 -2 0 0 0
2 -2 0 2 2 0 -2 0 0 -2 0 0 0 0 -2 -2 0 0 0
2 2 0 -2 2 0 -2 0 0 -2 0 0 0 0 -2 -2 0 0 0
-2 -2 0 -2 2 0 -2 0 0 -2 0 0 0 0 -2 -2 0 0 0
2 2 0 2 -2 0 -2 0 0 -2 0 0 0 0 -2 -2 0 0 0
-2 -2 0 2 -2 0 -2 0 0 -2 0 0 0 0 -2 -2 0 0 0
-2 2 0 -2 -2 0 -2 0 0 -2 0 0 0 0 -2 -2 0 0 0
2 -2 0 -2 -2 0 -2 0 0 -2 0 0 0 0 -2 -2 0 0 0
0 0 2 2 0 0 0 0 2 2 0 0 0 0 2 2 0 -2 -2
0 0 2 2 0 0 0 0 2 2 0 0 0 0 2 2 0 2 2
0 0 -2 -2 0 0 0 0 2 2 0 0 0 0 2 2 0 -2 -2
0 0 -2 -2 0 0 0 0 2 2 0 0 0 0 2 2 0 2 2
0 0 -2 2 0 0 0 0 -2 2 0 0 0 0 2 2 0 -2 -2
0 0 -2 2 0 0 0 0 -2 2 0 0 0 0 2 2 0 2 2
0 0 2 -2 0 0 0 0 -2 2 0 0 0 0 2 2 0 -2 -2
0 0 2 -2 0 0 0 0 -2 2 0 0 0 0 2 2 0 2 2
0 0 -2 2 0 0 0 0 2 -2 0 0 0 0 2 2 0 -2 -2
0 0 -2 2 0 0 0 0 2 -2 0 0 0 0 2 2 0 2 2
0 0 2 -2 0 0 0 0 2 -2 0 0 0 0 2 2 0 -2 -2
0 0 2 -2 0 0 0 0 2 -2 0 0 0 0 2 2 0 2 2
0 0 2 2 0 0 0 0 -2 -2 0 0 0 0 2 2 0 -2 -2
0 0 2 2 0 0 0 0 -2 -2 0 0 0 0 2 2 0 2 2
0 0 -2 -2 0 0 0 0 -2 -2 0 0 0 0 2 2 0 -2 -2
0 0 -2 -2 0 0 0 0 -2 -2 0 0 0 0 2 2 0 2 2
0 0 -2 2 0 0 0 0 2 2 0 0 0 0 -2 2 0 -2 -2
0 0 -2 2 0 0 0 0 2 2 0 0 0 0 -2 2 0 2 2
0 0 2 -2 0 0 0 0 2 2 0 0 0 0 -2 2 0 -2 -2
0 0 2 -2 0 0 0 0 2 2 0 0 0 0 -2 2 0 2 2
0 0 2 2 0 0 0 0 -2 2 0 0 0 0 -2 2 0 -2 -2
0 0 2 2 0 0 0 0 -2 2 0 0 0 0 -2 2 0 2 2
0 0 -2 -2 0 0 0 0 -2 2 0 0 0 0 -2 2 0 -2 -2
0 0 -2 -2 0 0 0 0 -2 2 0 0 0 0 -2 2 0 2 2
0 0 2 2 0 0 0 0 2 -2 0 0 0 0 -2 2 0 -2 -2
0 0 2 2 0 0 0 0 2 -2 0 0 0 0 -2 2 0 2 2
0 0 -2 -2 0 0 0 0 2 -2 0 0 0 0 -2 2 0 -2 -2
0 0 -2 -2 0 0 0 0 2 -2 0 0 0 0 -2 2 0 2 2
0 0 -2 2 0 0 0 0 -2 -2 0 0 0 0 -2 2 0 -2 -2
0 0 -2 2 0 0 0 0 -2 -2 0 0 0 0 -2 2 0 2 2
0 0 2 -2 0 0 0 0 -2 -2 0 0 0 0 -2 2 0 -2 -2
0 0 2 -2 0 0 0 0 -2 -2 0 0 0 0 -2 2 0 2 2
0 0 -2 2 0 0 0 0 2 2 0 0 0 0 2 -2 0 -2 -2
0 0 -2 2 0 0 0 0 2 2 0 0 0 0 2 -2 0 2 2
0 0 2 -2 0 0 0 0 2 2 0 0 0 0 2 -2 0 -2 -2
0 0 2 -2 0 0 0 0 2 2 0 0 0 0 2 -2 0 2 2
0 0 2 2 0 0 0 0 -2 2 0 0 0 0 2 -2 0 -2 -2
0 0 2 2 0 0 0 0 -2 2 0 0 0 0 2 -2 0 2 2
0 0 -2 -2 0 0 0 0 -2 2 0 0 0 0 2 -2 0 -2 -2
0 0 -2 -2 0 0 0 0 -2 2 0 0 0 0 2 -2 0 2 2
0 0 2 2 0 0 0 0 2 -2 0 0 0 0 2 -2 0 -2 -2
0 0 2 2 0 0 0 0 2 -2 0 0 0 0 2 -2 0 2 2
0 0 -2 -2 0 0 0 0 2 -2 0 0 0 0 2 -2 0 -2 -2
0 0 -2 -2 0 0 0 0 2 -2 0 0 0 0 2 -2 0 2 2
0 0 -2 2 0 0 0 0 -2 -2 0 0 0 0 2 -2 0 -2 -2
0 0 -2 2 0 0 0 0 -2 -2 0 0 0 0 2 -2 0 2 2
0 0 2 -2 0 0 0 0 -2 -2 0 0 0 0 2 -2 0 -2 -2
0 0 2 -2 0 0 0 0 -2 -2 0 0 0 0 2 -2 0 2 2
0 0 2 2 0 0 0 0 2 2 0 0 0 0 -2 -2 0 -2 -2
0 0 2 2 0 0 0 0 2 2 0 0 0 0 -2 -2 0 2 2
0 0 -2 -2 0 0 0 0 2 2 0 0 0 0 -2 -2 0 -2 -2
0 0 -2 -2 0 0 0 0 2 2 0 0 0 0 -2 -2 0 2 2
0 0 -2 2 0 0 0 0 -2 2 0 0 0 0 -2 -2 0 -2 -2
0 0 -2 2 0 0 0 0 -2 2 0 0 0 0 -2 -2 0 2 2
0 0 2 -2 0 0 0 0 -2 2 0 0 0 0 -2 -2 0 -2 -2
0 0 2 -2 0 0 0 0 -2 2 0 0 0 0 -2 -2 0 2 2
0 0 -2 2 0 0 0 0 2 -2 0 0 0 0 -2 -2 0 -2 -2
0 0 -2 2 0 0 0 0 2 -2 0 0 0 0 -2 -2 0 2 2
0 0 2 -2 0 0 0 0 2 -2 0 0 0 0 -2 -2 0 -2 -2
0 0 2 -2 0 0 0 0 2 -2 0 0 0 0 -2 -2 0 2 2
0 0 2 2 0 0 0 0 -2 -2 0 0 0 0 -2 -2 0 -2 -2
0 0 2 2 0 0 0 0 -2 -2 0 0 0 0 -2 -2 0 2 2
0 0 -2 -2 0 0 0 0 -2 -2 0 0 0 0 -2 -2 0 -2 -2
0 0 -2 -2 0 0 0 0 -2 -2 0 0 0 0 -2 -2 0 2 2
0 2 0 0 0 2 0 0 0 2 2 0 0 0 2 2 -2 0 -2
0 2 0 0 0 2 0 0 0 2 2 0 0 0 2 2 2 0 2
0 -2 0 0 0 -2 0 0 0 2 2 0 0 0 2 2 -2 0 -2
0 -2 0 0 0 -2 0 0 0 2 2 0 0 0 2 2 2 0 2
0 -2 0 0 0 2 0 0 0 -2 2 0 0 0 2 2 -2 0 -2
0 -2 0 0 0 2 0 0 0 -2 2 0 0 0 2 2 2 0 2
0 2 0 0 0 -2 0 0 0 -2 2 0 0 0 2 2 -2 0 -2
0 2 0 0 0 -2 0 0 0 -2 2 0 0 0 2 2 2 0 2
0 -2 0 0 0 2 0 0 0 2 -2 0 0 0 2 2 -2 0 -2
0 -2 0 0 0 2 0 0 0 2 -2 0 0 0 2 2 2 0 2
0 2 0 0 0 -2 0 0 0 2 -2 0 0 0 2 2 -2 0 -2
0 2 0 0 0 -2 0 0 0 2 -2 0 0 0 2 2 2 0 2
0 2 0 0 0 2 0 0 0 -2 -2 0 0 0 2 2 -2 0 -2
0 2 0 0 0 2 0 0 0 -2 -2 0 0 0 2 2 2 0 2
0 -2 0 0 0 -2 0 0 0 -2 -2 0 0 0 2 2 -2 0 -2
0 -2 0 0 0 -2 0 0 0 -2 -2 0 0 0 2 2 2 0 2
0 -2 0 0 0 2 0 0 0 2 2 0 0 0 -2 2 -2 0 -2
0 -2 0 0 0 2 0 0 0 2 2 0 0 0 -2 2 2 0 2
0 2 0 0 0 -2 0 0 0 2 2 0 0 0 -2 2 -2 0 -2
0 2 0 0 0 -2 0 0 0 2 2 0 0 0 -2 2 2 0 2
0 2 0 0 0 2 0 0 0 -2 2 0 0 0 -2 2 -2 0 -2
0 2 0 0 0 2 0 0 0 -2 2 0 0 0 -2 2 2 0 2
0 -2 0 0 0 -2 0 0 0 -2 2 0 0 0 -2 2 -2 0 -2
0 -2 0 0 0 -2 0 0 0 -2 2 0 0 0 -2 2 2 0 2
0 2 0 0 0 2 0 0 0 2 -2 0 0 0 -2 2 -2 0 -2
0 2 0 0 0 2 0 0 0 2 -2 0 0 0 -2 2 2 0 2
0 -2 0 0 0 -2 0 0 0 2 -2 0 0 0 -2 2 -2 0 -2
0 -2 0 0 0 -2 0 0 0 2 -2 0 0 0 -2 2 2 0 2
0 -2 0 0 0 2 0 0 0 -2 -2 0 0 0 -2 2 -2 0 -2
0 -2 0 0 0 2 0 0 0 -2 -2 0 0 0 -2 2 2 0 2
0 2 0 0 0 -2 0 0 0 -2 -2 0 0 0 -2 2 -2 0 -2
0 2 0 0 0 -2 0 0 0 -2 -2 0 0 0 -2 2 2 0 2
0 -2 0 0 0 2 0 0 0 2 2 0 0 0 2 -2 -2 0 -2
0 -2 0 0 0 2 0 0 0 2 2 0 0 0 2 -2 2 0 2
0 2 0 0 0 -2 0 0 0 2 2 0 0 0 2 -2 -2 0 -2
0 2 0 0 0 -2 0 0 0 2 2 0 0 0 2 -2 2 0 2
0 2 0 0 0 2 0 0 0 -2 2 0 0 0 2 -2 -2 0 -2
0 2 0 0 0 2 0 0 0 -2 2 0 0 0 2 -2 2 0 2
0 -2 0 0 0 -2 0 0 0 -2 2 0 0 0 2 -2 -2 0 -2
0 -2 0 0 0 -2 0 0 0 -2 2 0 0 0 2 -2 2 0 2
0 2 0 0 0 2 0 0 0 2 -2 0 0 0 2 -2 -2 0 -2
0 2 0 0 0 2 0 0 0 2 -2 0 0 0 2 -2 2 0 2
0 -2 0 0 0 -2 0 0 0 2 -2 0 0 0 2 -2 -2 0 -2
0 -2 0 0 0 -2 0 0 0 2 -2 0 0 0 2 -2 2 0 2
0 -2 0 0 0 2 0 0 0 -2 -2 0 0 0 2 -2 -2 0 -2
0 -2 0 0 0 2 0 0 0 -2 -2 0 0 0 2 -2 2 0 2
0 2 0 0 0 -2 0 0 0 -2 -2 0 0 0 2 -2 -2 0 -2
0 2 0 0 0 -2 0 0 0 -2 -2 0 0 0 2 -2 2 0 2
0 2 0 0 0 2 0 0 0 2 2 0 0 0 -2 -2 -2 0 -2
0 2 0 0 0 2 0 0 0 2 2 0 0 0 -2 -2 2 0 2
0 -2 0 0 0 -2 0 0 0 2 2 0 0 0 -2 -2 -2 0 -2
0 -2 0 0 0 -2 0 0 0 2 2 0 0 0 -2 -2 2 0 2
0 -2 0 0 0 2 0 0 0 -2 2 0 0 0 -2 -2 -2 0 -2
0 -2 0 0 0 2 0 0 0 -2 2 0 0 0 -2 -2 2 0 2
0 2 0 0 0 -2 0 0 0 -2 2 0 0 0 -2 -2 -2 0 -2
0 2 0 0 0 -2 0 0 0 -2 2 0 0 0 -2 -2 2 0 2
0 -2 0 0 0 2 0 0 0 2 -2 0 0 0 -2 -2 -2 0 -2
0 -2 0 0 0 2 0 0 0 2 -2 0 0 0 -2 -2 2 0 2
0 2 0 0 0 -2 0 0 0 2 -2 0 0 0 -2 -2 -2 0 -2
0 2 0 0 0 -2 0 0 0 2 -2 0 0 0 -2 -2 2 0 2
0 2 0 0 0 2 0 0 0 -2 -2 0 0 0 -2 -2 -2 0 -2
0 2 0 0 0 2 0 0 0 -2 -2 0 0 0 -2 -2 2 0 2
0 -2 0 0 0 -2 0 0 0 -2 -2 0 0 0 -2 -2 -2 0 -2
0 -2 0 0 0 -2 0 0 0 -2 -2 0 0 0 -2 -2 2 0 2
2 2 2 0 0 0 0 0 0 0 0 2 0 0 2 2 -2 2 0
-2 -2 2 0 0 0 0 0 0 0 0 2 0 0 2 2 -2 2 0
-2 2 -2 0 0 0 0 0 0 0 0 2 0 0 2 2 -2 2 0
2 -2 -2 0 0 0 0 0 0 0 0 2 0 0 2 2 -2 2 0
2 2 2 0 0 0 0 0 0 0 0 2 0 0 2 2 2 -2 0
-2 -2 2 0 0 0 0 0 0 0 0 2 0 0 2 2 2 -2 0
-2 2 -2 0 0 0 0 0 0 0 0 2 0 0 2 2 2 -2 0
2 -2 -2 0 0 0 0 0 0 0 0 2 0 0 2 2 2 -2 0
-2 2 2 0 0 0 0 0 0 0 0 -2 0 0 2 2 -2 2 0
2 -2 2 0 0 0 0 0 0 0 0 -2 0 0 2 2 -2 2 0
2 2 -2 0 0 0 0 0 0 0 0 -2 0 0 2 2 -2 2 0
-2 -2 -2 0 0 0 0 0 0 0 0 -2 0 0 2 2 -2 2 0
-2 2 2 0 0 0 0 0 0 0 0 -2 0 0 2 2 2 -2 0
2 -2 2 0 0 0 0 0 0 0 0 -2 0 0 2 2 2 -2 0
2 2 -2 0 0 0 0 0 0 0 0 -2 0 0 2 2 2 -2 0
-2 -2 -2 0 0 0 0 0 0 0 0 -2 0 0 2 2 2 -2 0
-2 2 2 0 0 0 0 0 0 0 0 2 0 0 -2 2 -2 2 0
2 -2 2 0 0 0 0 0 0 0 0 2 0 0 -2 2 -2 2 0
2 2 -2 0 0 0 0 0 0 0 0 2 0 0 -2 2 -2 2 0
-2 -2 -2 0 0 0 0 0 0 0 0 2 0 0 -2 2 -2 2 0
-2 2 2 0 0 0 0 0 0 0 0 2 0 0 -2 2 2 -2 0
2 -2 2 0 0 0 0 0 0 0 0 2 0 0 -2 2 2 -2 0
2 2 -2 0 0 0 0 0 0 0 0 2 0 0 -2 2 2 -2 0
-2 -2 -2 0 0 0 0 0 0 0 0 2 0 0 -2 2 2 -2 0
2 2 2 0 0 0 0 0 0 0 0 -2 0 0 -2 2 -2 2 0
-2 -2 2 0 0 0 0 0 0 0 0 -2 0 0 -2 2 -2 2 0
-2 2 -2 0 0 0 0 0 0 0 0 -2 0 0 -2 2 -2 2 0
2 -2 -2 0 0 0 0 0 0 0 0 -2 0 0 -2 2 -2 2 0
2 2 2 0 0 0 0 0 0 0 0 -2 0 0 -2 2 2 -2 0
-2 -2 2 0 0 0 0 0 0 0 0 -2 0 0 -2 2 2 -2 0
-2 2 -2 0 0 0 0 0 0 0 0 -2 0 0 -2 2 2 -2 0
2 -2 -2 0 0 0 0 0 0 0 0 -2 0 0 -2 2 2 -2 0
-2 2 2 0 0 0 0 0 0 0 0 2 0 0 2 -2 -2 2 0
2 -2 2 0 0 0 0 0 0 0 0 2 0 0 2 -2 -2 2 0
2 2 -2 0 0 0 0 0 0 0 0 2 0 0 2 -2 -2 2 0
-2 -2 -2 0 0 0 0 0 0 0 0 2 0 0 2 -2 -2 2 0
-2 2 2 0 0 0 0 0 0 0 0 2 0 0 2 -2 2 -2 0
2 -2 2 0 0 0 0 0 0 0 0 2 0 0 2 -2 2 -2 0
2 2 -2 0 0 0 0 0 0 0 0 2 0 0 2 -2 2 -2 0
-2 -2 -2 0 0 0 0 0 0 0 0 2 0 0 2 -2 2 -2 0
2 2 2 0 0 0 0 0 0 0 0 -2 0 0 2 -2 -2 2 0
-2 -2 2 0 0 0 0 0 0 0 0 -2 0 0 2 -2 -2 2 0
-2 2 -2 0 0 0 0 0 0 0 0 -2 0 0 2 -2 -2 2 0
2 -2 -2 0 0 0 0 0 0 0 0 -2 0 0 2 -2 -2 2 0
2 2 2 0 0 0 0 0 0 0 0 -2 0 0 2 -2 2 -2 0
-2 -2 2 0 0 0 0 0 0 0 0 -2 0 0 2 -2 2 -2 0
-2 2 -2 0 0 0 0 0 0 0 0 -2 0 0 2 -2 2 -2 0
2 -2 -2 0 0 0 0 0 0 0 0 -2 0 0 2 -2 2 -2 0
2 2 2 0 0 0 0 0 0 0 0 2 0 0 -2 -2 -2 2 0
-2 -2 2 0 0 0 0 0 0 0 0 2 0 0 -2 -2 -2 2 0
-2 2 -2 0 0 0 0 0 0 0 0 2 0 0 -2 -2 -2 2 0
2 -2 -2 0 0 0 0 0 0 0 0 2 0 0 -2 -2 -2 2 0
2 2 2 0 0 0 0 0 0 0 0 2 0 0 -2 -2 2 -2 0
-2 -2 2 0 0 0 0 0 0 0 0 2 0 0 -2 -2 2 -2 0
-2 2 -2 0 0 0 0 0 0 0 0 2 0 0 -2 -2 2 -2 0
2 -2 -2 0 0 0 0 0 0 0 0 2 0 0 -2 -2 2 -2 0
-2 2 2 0 0 0 0 0 0 0 0 -2 0 0 -2 -2 -2 2 0
2 -2 2 0 0 0 0 0 0 0 0 -2 0 0 -2 -2 -2 2 0
2 2 -2 0 0 0 0 0 0 0 0 -2 0 0 -2 -2 -2 2 0
-2 -2 -2 0 0 0 0 0 0 0 0 -2 0 0 -2 -2 -2 2 0
-2 2 2 0 0 0 0 0 0 0 0 -2 0 0 -2 -2 2 -2 0
2 -2 2 0 0 0 0 0 0 0 0 -2 0 0 -2 -2 2 -2 0
2 2 -2 0 0 0 0 0 0 0 0 -2 0 0 -2 -2 2 -2 0
-2 -2 -2 0 0 0 0 0 0 0 0 -2 0 0 -2 -2 2 -2 0
0 0 0 0 2 0 2 0 2 0 0 2 0 0 2 2 -2 0 -2
0 0 0 0 2 0 2 0 2 0 0 2 0 0 2 2 2 0 2
0 0 0 0 -2 0 -2 0 2 0 0 2 0 0 2 2 -2 0 -2
0 0 0 0 -2 0 -2 0 2 0 0 2 0 0 2 2 2 0 2
0 0 0 0 -2 0 2 0 -2 0 0 2 0 0 2 2 -2 0 -2
0 0 0 0 -2 0 2 0 -2 0 0 2 0 0 2 2 2 0 2
0 0 0 0 2 0 -2 0 -2 0 0 2 0 0 2 2 -2 0 -2
0 0 0 0 2 0 -2 0 -2 0 0 2 0 0 2 2 2 0 2
0 0 0 0 -2 0 2 0 2 0 0 -2 0 0 2 2 -2 0 -2
0 0 0 0 -2 0 2 0 2 0 0 -2 0 0 2 2 2 0 2
0 0 0 0 2 0 -2 0 2 0 0 -2 0 0 2 2 -2 0 -2
0 0 0 0 2 0 -2 0 2 0 0 -2 0 0 2 2 2 0 2
0 0 0 0 2 0 2 0 -2 0 0 -2 0 0 2 2 -2 0 -2
0 0 0 0 2 0 2 0 -2 0 0 -2 0 0 2 2 2 0 2
0 0 0 0 -2 0 -2 0 -2 0 0 -2 0 0 2 2 -2 0 -2
0 0 0 0 -2 0 -2 0 -2 0 0 -2 0 0 2 2 2 0 2
0 0 0 0 -2 0 2 0 2 0 0 2 0 0 -2 2 -2 0 -2
0 0 0 0 -2 0 2 0 2 0 0 2 0 0 -2 2 2 0 2
0 0 0 0 2 0 -2 0 2 0 0 2 0 0 -2 2 -2 0 -2
0 0 0 0 2 0 -2 0 2 0 0 2 0 0 -2 2 2 0 2
0 0 0 0 2 0 2 0 -2 0 0 2 0 0 -2 2 -2 0 -2
0 0 0 0 2 0 2 0 -2 0 0 2 0 0 -2 2 2 0 2
0 0 0 0 -2 0 -2 0 -2 0 0 2 0 0 -2 2 -2 0 -2
0 0 0 0 -2 0 -2 0 -2 0 0 2 0 0 -2 2 2 0 2
0 0 0 0 2 0 2 0 2 0 0 -2 0 0 -2 2 -2 0 -2
0 0 0 0 2 0 2 0 2 0 0 -2 0 0 -2 2 2 0 2
0 0 0 0 -2 0 -2 0 2 0 0 -2 0 0 -2 2 -2 0 -2
0 0 0 0 -2 0 -2 0 2 0 0 -2 0 0 -2 2 2 0 2
0 0 0 0 -2 0 2 0 -2 0 0 -2 0 0 -2 2 -2 0 -2
0 0 0 0 -2 0 2 0 -2 0 0 -2 0 0 -2 2 2 0 2
0 0 0 0 2 0 -2 0 -2 0 0 -2 0 0 -2 2 -2 0 -2
0 0 0 0 2 0 -2 0 -2 0 0 -2 0 0 -2 2 2 0 2
0 0 0 0 -2 0 2 0 2 0 0 2 0 0 2 -2 -2 0 -2
0 0 0 0 -2 0 2 0 2 0 0 2 0 0 2 -2 2 0 2
0 0 0 0 2 0 -2 0 2 0 0 2 0 0 2 -2 -2 0 -2
0 0 0 0 2 0 -2 0 2 0 0 2 0 0 2 -2 2 0 2
0 0 0 0 2 0 2 0 -2 0 0 2 0 0 2 -2 -2 0 -2
0 0 0 0 2 0 2 0 -2 0 0 2 0 0 2 -2 2 0 2
0 0 0 0 -2 0 -2 0 -2 0 0 2 0 0 2 -2 -2 0 -2
0 0 0 0 -2 0 -2 0 -2 0 0 2 0 0 2 -2 2 0 2
0 0 0 0 2 0 2 0 2 0 0 -2 0 0 2 -2 -2 0 -2
0 0 0 0 2 0 2 0 2 0 0 -2 0 0 2 -2 2 0 2
0 0 0 0 -2 0 -2 0 2 0 0 -2 0 0 2 -2 -2 0 -2
0 0 0 0 -2 0 -2 0 2 0 0 -2 0 0 2 -2 2 0 2
0 0 0 0 -2 0 2 0 -2 0 0 -2 0 0 2 -2 -2 0 -2
0 0 0 0 -2 0 2 0 -2 0 0 -2 0 0 2 -2 2 0 2
0 0 0 0 2 0 -2 0 -2 0 0 -2 0 0 2 -2 -2 0 -2
0 0 0 0 2 0 -2 0 -2 0 0 -2 0 0 2 -2 2 0 2
0 0 0 0 2 0 2 0 2 0 0 2 0 0 -2 -2 -2 0 -2
0 0 0 0 2 0 2 0 2 0 0 2 0 0 -2 -2 2 0 2
0 0 0 0 -2 0 -2 0 2 0 0 2 0 0 -2 -2 -2 0 -2
0 0 0 0 -2 0 -2 0 2 0 0 2 0 0 -2 -2 2 0 2
0 0 0 0 -2 0 2 0 -2 0 0 2 0 0 -2 -2 -2 0 -2
0 0 0 0 -2 0 2 0 -2 0 0 2 0 0 -2 -2 2 0 2
0 0 0 0 2 0 -2 0 -2 0 0 2 0 0 -2 -2 -2 0 -2
0 0 0 0 2 0 -2 0 -2 0 0 2 0 0 -2 -2 2 0 2
0 0 0 0 -2 0 2 0 2 0 0 -2 0 0 -2 -2 -2 0 -2
0 0 0 0 -2 0 2 0 2 0 0 -2 0 0 -2 -2 2 0 2
0 0 0 0 2 0 -2 0 2 0 0 -2 0 0 -2 -2 -2 0 -2
0 0 0 0 2 0 -2 0 2 0 0 -2 0 0 -2 -2 2 0 2
0 0 0 0 2 0 2 0 -2 0 0 -2 0 0 -2 -2 -2 0 -2
0 0 0 0 2 0 2 0 -2 0 0 -2 0 0 -2 -2 2 0 2
0 0 0 0 -2 0 -2 0 -2 0 0 -2 0 0 -2 -2 -2 0 -2
0 0 0 0 -2 0 -2 0 -2 0 0 -2 0 0 -2 -2 2 0 2
0 0 0 2 0 0 0 2 0 2 0 2 0 0 2 2 0 -2 2
0 0 0 2 0 0 0 2 0 2 0 2 0 0 2 2 0 2 -2
0 0 0 -2 0 0 0 -2 0 2 0 2 0 0 2 2 0 -2 2
0 0 0 -2 0 0 0 -2 0 2 0 2 0 0 2 2 0 2 -2
0 0 0 -2 0 0 0 2 0 -2 0 2 0 0 2 2 0 -2 2
0 0 0 -2 0 0 0 2 0 -2 0 2 0 0 2 2 0 2 -2
0 0 0 2 0 0 0 -2 0 -2 0 2 0 0 2 2 0 -2 2
0 0 0 2 0 0 0 -2 0 -2 0 2 0 0 2 2 0 2 -2
0 0 0 -2 0 0 0 2 0 2 0 -2 0 0 2 2 0 -2 2
0 0 0 -2 0 0 0 2 0 2 0 -2 0 0 2 2 0 2 -2
0 0 0 2 0 0 0 -2 0 2 0 -2 0 0 2 2 0 -2 2
0 0 0 2 0 0 0 -2 0 2 0 -2 0 0 2 2 0 2 -2
0 0 0 2 0 0 0 2 0 -2 0 -2 0 0 2 2 0 -2 2
0 0 0 2 0 0 0 2 0 -2 0 -2 0 0 2 2 0 2 -2
0 0 0 -2 0 0 0 -2 0 -2 0 -2 0 0 2 2 0 -2 2
0 0 0 -2 0 0 0 -2 0 -2 0 -2 0 0 2 2 0 2 -2
0 0 0 -2 0 0 0 2 0 2 0 2 0 0 -2 2 0 -2 2
0 0 0 -2 0 0 0 2 0 2 0 2 0 0 -2 2 0 2 -2
0 0 0 2 0 0 0 -2 0 2 0 2 0 0 -2 2 0 -2 2
0 0 0 2 0 0 0 -2 0 2 0 2 0 0 -2 2 0 2 -2
0 0 0 2 0 0 0 2 0 -2 0 2 0 0 -2 2 0 -2 2
0 0 0 2 0 0 0 2 0 -2 0 2 0 0 -2 2 0 2 -2
0 0 0 -2 0 0 0 -2 0 -2 0 2 0 0 -2 2 0 -2 2
0 0 0 -2 0 0 0 -2 0 -2 0 2 0 0 -2 2 0 2 -2
0 0 0 2 0 0 0 2 0 2 0 -2 0 0 -2 2 0 -2 2
0 0 0 2 0 0 0 2 0 2 0 -2 0 0 -2 2 0 2 -2
0 0 0 -2 0 0 0 -2 0 2 0 -2 0 0 -2 2 0 -2 2
0 0 0 -2 0 0 0 -2 0 2 0 -2 0 0 -2 2 0 2 -2
0 0 0 -2 0 0 0 2 0 -2 0 -2 0 0 -2 2 0 -2 2
0 0 0 -2 0 0 0 2 0 -2 0 -2 0 0 -2 2 0 2 -2
0 0 0 2 0 0 0 -2 0 -2 0 -2 0 0 -2 2 0 -2 2
0 0 0 2 0 0 0 -2 0 -2 0 -2 0 0 -2 2 0 2 -2
0 0 0 -2 0 0 0 2 0 2 0 2 0 0 2 -2 0 -2 2
0 0 0 -2 0 0 0 2 0 2 0 2 0 0 2 -2 0 2 -2
0 0 0 2 0 0 0 -2 0 2 0 2 0 0 2 -2 0 -2 2
0 0 0 2 0 0 0 -2 0 2 0 2 0 0 2 -2 0 2 -2
0 0 0 2 0 0 0 2 0 -2 0 2 0 0 2 -2 0 -2 2
0 0 0 2 0 0 0 2 0 -2 0 2 0 0 2 -2 0 2 -2
0 0 0 -2 0 0 0 -2 0 -2 0 2 0 0 2 -2 0 -2 2
0 0 0 -2 0 0 0 -2 0 -2 0 2 0 0 2 -2 0 2 -2
0 0 0 2 0 0 0 2 0 2 0 -2 0 0 2 -2 0 -2 2
0 0 0 2 0 0 0 2 0 2 0 -2 0 0 2 -2 0 2 -2
0 0 0 -2 0 0 0 -2 0 2 0 -2 0 0 2 -2 0 -2 2
0 0 0 -2 0 0 0 -2 0 2 0 -2 0 0 2 -2 0 2 -2
0 0 0 -2 0 0 0 2 0 -2 0 -2 0 0 2 -2 0 -2 2
0 0 0 -2 0 0 0 2 0 -2 0 -2 0 0 2 -2 0 2 -2
0 0 0 2 0 0 0 -2 0 -2 0 -2 0 0 2 -2 0 -2 2
0 0 0 2 0 0 0 -2 0 -2 0 -2 0 0 2 -2 0 2 -2
0 0 0 2 0 0 0 2 0 2 0 2 0 0 -2 -2 0 -2 2
0 0 0 2 0 0 0 2 0 2 0 2 0 0 -2 -2 0 2 -2
0 0 0 -2 0 0 0 -2 0 2 0 2 0 0 -2 -2 0 -2 2
0 0 0 -2 0 0 0 -2 0 2 0 2 0 0 -2 -2 0 2 -2
0 0 0 -2 0 0 0 2 0 -2 0 2 0 0 -2 -2 0 -2 2
0 0 0 -2 0 0 0 2 0 -2 0 2 0 0 -2 -2 0 2 -2
0 0 0 2 0 0 0 -2 0 -2 0 2 0 0 -2 -2 0 -2 2
0 0 0 2 0 0 0 -2 0 -2 0 2 0 0 -2 -2 0 2 -2
0 0 0 -2 0 0 0 2 0 2 0 -2 0 0 -2 -2 0 -2 2
0 0 0 -2 0 0 0 2 0 2 0 -2 0 0 -2 -2 0 2 -2
0 0 0 2 0 0 0 -2 0 2 0 -2 0 0 -2 -2 0 -2 2
0 0 0 2 0 0 0 -2 0 2 0 -2 0 0 -2 -2 0 2 -2
0 0 0 2 0 0 0 2 0 -2 0 -2 0 0 -2 -2 0 -2 2
0 0 0 2 0 0 0 2 0 -2 0 -2 0 0 -2 -2 0 2 -2
0 0 0 -2 0 0 0 -2 0 -2 0 -2 0 0 -2 -2 0 -2 2
0 0 0 -2 0 0 0 -2 0 -2 0 -2 0 0 -2 -2 0 2 -2
-2 0 0 2 0 2 0 0 2 0 2 2 0 0 2 2 0 0 0
2 0 0 -2 0 2 0 0 2 0 2 2 0 0 2 2 0 0 0
2 0 0 2 0 -2 0 0 2 0 2 2 0 0 2 2 0 0 0
-2 0 0 -2 0 -2 0 0 2 0 2 2 0 0 2 2 0 0 0
2 0 0 2 0 2 0 0 -2 0 2 2 0 0 2 2 0 0 0
-2 0 0 -2 0 2 0 0 -2 0 2 2 0 0 2 2 0 0 0
-2 0 0 2 0 -2 0 0 -2 0 2 2 0 0 2 2 0 0 0
2 0 0 -2 0 -2 0 0 -2 0 2 2 0 0 2 2 0 0 0
2 0 0 2 0 2 0 0 2 0 -2 2 0 0 2 2 0 0 0
-2 0 0 -2 0 2 0 0 2 0 -2 2 0 0 2 2 0 0 0
-2 0 0 2 0 -2 0 0 2 0 -2 2 0 0 2 2 0 0 0
2 0 0 -2 0 -2 0 0 2 0 -2 2 0 0 2 2 0 0 0
-2 0 0 2 0 2 0 0 -2 0 -2 2 0 0 2 2 0 0 0
2 0 0 -2 0 2 0 0 -2 0 -2 2 0 0 2 2 0 0 0
2 0 0 2 0 -2 0 0 -2 0 -2 2 0 0 2 2 0 0 0
-2 0 0 -2 0 -2 0 0 -2 0 -2 2 0 0 2 2 0 0 0
2 0 0 2 0 2 0 0 2 0 2 -2 0 0 2 2 0 0 0
-2 0 0 -2 0 2 0 0 2 0 2 -2 0 0 2 2 0 0 0
-2 0 0 2 0 -2 0 0 2 0 2 -2 0 0 2 2 0 0 0
2 0 0 -2 0 -2 0 0 2 0 2 -2 0 0 2 2 0 0 0
-2 0 0 2 0 2 0 0 -2 0 2 -2 0 0 2 2 0 0 0
2 0 0 -2 0 2 0 0 -2 0 2 -2 0 0 2 2 0 0 0
2 0 0 2 0 -2 0 0 -2 0 2 -2 0 0 2 2 0 0 0
-2 0 0 -2 0 -2 0 0 -2 0 2 -2 0 0 2 2 0 0 0
-2 0 0 2 0 2 0 0 2 0 -2 -2 0 0 2 2 0 0 0
2 0 0 -2 0 2 0 0 2 0 -2 -2 0 0 2 2 0 0 0
2 0 0 2 0 -2 0 0 2 0 -2 -2 0 0 2 2 0 0 0
-2 0 0 -2 0 -2 0 0 2 0 -2 -2 0 0 2 2 0 0 0
2 0 0 2 0 2 0 0 -2 0 -2 -2 0 0 2 2 0 0 0
-2 0 0 -2 0 2 0 0 -2 0 -2 -2 0 0 2 2 0 0 0
-2 0 0 2 0 -2 0 0 -2 0 -2 -2 0 0 2 2 0 0 0
2 0 0 -2 0 -2 0 0 -2 0 -2 -2 0 0 2 2 0 0 0
2 0 0 2 0 2 0 0 2 0 2 2 0 0 -2 2 0 0 0
-2 0 0 -2 0 2 0 0 2 0 2 2 0 0 -2 2 0 0 0
-2 0 0 2 0 -2 0 0 2 0 2 2 0 0 -2 2 0 0 0
2 0 0 -2 0 -2 0 0 2 0 2 2 0 0 -2 2 0 0 0
-2 0 0 2 0 2 0 0 -2 0 2 2 0 0 -2 2 0 0 0
2 0 0 -2 0 2 0 0 -2 0 2 2 0 0 -2 2 0 0 0
2 0 0 2 0 -2 0 0 -2 0 2 2 0 0 -2 2 0 0 0
-2 0 0 -2 0 -2 0 0 -2 0 2 2 0 0 -2 2 0 0 0
-2 0 0 2 0 2 0 0 2 0 -2 2 0 0 -2 2 0 0 0
2 0 0 -2 0 2 0 0 2 0 -2 2 0 0 -2 2 0 0 0
2 0 0 2 0 -2 0 0 2 0 -2 2 0 0 -2 2 0 0 0
-2 0 0 -2 0 -2 0 0 2 0 -2 2 0 0 -2 2 0 0 0
2 0 0 2 0 2 0 0 -2 0 -2 2 0 0 -2 2 0 0 0
-2 0 0 -2 0 2 0 0 -2 0 -2 2 0 0 -2 2 0 0 0
-2 0 0 2 0 -2 0 0 -2 0 -2 2 0 0 -2 2 0 0 0
2 0 0 -2 0 -2 0 0 -2 0 -2 2 0 0 -2 2 0 0 0
-2 0 0 2 0 2 0 0 2 0 2 -2 0 0 -2 2 0 0 0
2 0 0 -2 0 2 0 0 2 0 2 -2 0 0 -2 2 0 0 0
2 0 0 2 0 -2 0 0 2 0 2 -2 0 0 -2 2 0 0 0
-2 0 0 -2 0 -2 0 0 2 0 2 -2 0 0 -2 2 0 0 0
2 0 0 2 0 2 0 0 -2 0 2 -2 0 0 -2 2 0 0 0
-2 0 0 -2 0 2 0 0 -2 0 2 -2 0 0 -2 2 0 0 0
-2 0 0 2 0 -2 0 0 -2 0 2 -2 0 0 -2 2 0 0 0
2 0 0 -2 0 -2 0 0 -2 0 2 -2 0 0 -2 2 0 0 0
2 0 0 2 0 2 0 0 2 0 -2 -2 0 0 -2 2 0 0 0
-2 0 0 -2 0 2 0 0 2 0 -2 -2 0 0 -2 2 0 0 0
-2 0 0 2 0 -2 0 0 2 0 -2 -2 0 0 -2 2 0 0 0
2 0 0 -2 0 -2 0 0 2 0 -2 -2 0 0 -2 2 0 0 0
-2 0 0 2 0 2 0 0 -2 0 -2 -2 0 0 -2 2 0 0 0
2 0 0 -2 0 2 0 0 -2 0 -2 -2 0 0 -2 2 0 0 0
2 0 0 2 0 -2 0 0 -2 0 -2 -2 0 0 -2 2 0 0 0
-2 0 0 -2 0 -2 0 0 -2 0 -2 -2 0 0 -2 2 0 0 0
2 0 0 2 0 2 0 0 2 0 2 2 0 0 2 -2 0 0 0
-2 0 0 -2 0 2 0 0 2 0 2 2 0 0 2 -2 0 0 0
-2 0 0 2 0 -2 0 0 2 0 2 2 0 0 2 -2 0 0 0
2 0 0 -2 0 -2 0 0 2 0 2 2 0 0 2 -2 0 0 0
-2 0 0 2 0 2 0 0 -2 0 2 2 0 0 2 -2 0 0 0
2 0 0 -2 0 2 0 0 -2 0 2 2 0 0 2 -2 0 0 0
2 0 0 2 0 -2 0 0 -2 0 2 2 0 0 2 -2 0 0 0
-2 0 0 -2 0 -2 0 0 -2 0 2 2 0 0 2 -2 0 0 0
-2 0 0 2 0 2 0 0 2 0 -2 2 0 0 2 -2 0 0 0
2 0 0 -2 0 2 0 0 2 0 -2 2 0 0 2 -2 0 0 0
2 0 0 2 0 -2 0 0 2 0 -2 2 0 0 2 -2 0 0 0
-2 0 0 -2 0 -2 0 0 2 0 -2 2 0 0 2 -2 0 0 0
2 0 0 2 0 2 0 0 -2 0 -2 2 0 0 2 -2 0 0 0
-2 0 0 -2 0 2 0 0 -2 0 -2 2 0 0 2 -2 0 0 0
-2 0 0 2 0 -2 0 0 -2 0 -2 2 0 0 2 -2 0 0 0
2 0 0 -2 0 -2 0 0 -2 0 -2 2 0 0 2 -2 0 0 0
-2 0 0 2 0 2 0 0 2 0 2 -2 0 0 2 -2 0 0 0
2 0 0 -2 0 2 0 0 2 0 2 -2 0 0 2 -2 0 0 0
2 0 0 2 0 -2 0 0 2 0 2 -2 0 0 2 -2 0 0 0
-2 0 0 -2 0 -2 0 0 2 0 2 -2 0 0 2 -2 0 0 0
2 0 0 2 0 2 0 0 -2 0 2 -2 0 0 2 -2 0 0 0
-2 0 0 -2 0 2 0 0 -2 0 2 -2 0 0 2 -2 0 0 0
-2 0 0 2 0 -2 0 0 -2 0 2 -2 0 0 2 -2 0 0 0
2 0 0 -2 0 -2 0 0 -2 0 2 -2 0 0 2 -2 0 0 0
2 0 0 2 0 2 0 0 2 0 -2 -2 0 0 2 -2 0 0 0
-2 0 0 -2 0 2 0 0 2 0 -2 -2 0 0 2 -2 0 0 0
-2 0 0 2 0 -2 0 0 2 0 -2 -2 0 0 2 -2 0 0 0
2 0 0 -2 0 -2 0 0 2 0 -2 -2 0 0 2 -2 0 0 0
-2 0 0 2 0 2 0 0 -2 0 -2 -2 0 0 2 -2 0 0 0
2 0 0 -2 0 2 0 0 -2 0 -2 -2 0 0 2 -2 0 0 0
2 0 0 2 0 -2 0 0 -2 0 -2 -2 0 0 2 -2 0 0 0
-2 0 0 -2 0 -2 0 0 -2 0 -2 -2 0 0 2 -2 0 0 0
-2 0 0 2 0 2 0 0 2 0 2 2 0 0 -2 -2 0 0 0
2 0 0 -2 0 2 0 0 2 0 2 2 0 0 -2 -2 0 0 0
2 0 0 2 0 -2 0 0 2 0 2 2 0 0 -2 -2 0 0 0
-2 0 0 -2 0 -2 0 0 2 0 2 2 0 0 -2 -2 0 0 0
2 0 0 2 0 2 0 0 -2 0 2 2 0 0 -2 -2 0 0 0
-2 0 0 -2 0 2 0 0 -2 0 2 2 0 0 -2 -2 0 0 0
-2 0 0 2 0 -2 0 0 -2 0 2 2 0 0 -2 -2 0 0 0
2 0 0 -2 0 -2 0 0 -2 0 2 2 0 0 -2 -2 0 0 0
2 0 0 2 0 2 0 0 2 0 -2 2 0 0 -2 -2 0 0 0
-2 0 0 -2 0 2 0 0 2 0 -2 2 0 0 -2 -2 0 0 0
-2 0 0 2 0 -2 0 0 2 0 -2 2 0 0 -2 -2 0 0 0
2 0 0 -2 0 -2 0 0 2 0 -2 2 0 0 -2 -2 0 0 0
-2 0 0 2 0 2 0 0 -2 0 -2 2 0 0 -2 -2 0 0 0
2 0 0 -2 0 2 0 0 -2 0 -2 2 0 0 -2 -2 0 0 0
2 0 0 2 0 -2 0 0 -2 0 -2 2 0 0 -2 -2 0 0 0
-2 0 0 -2 0 -2 0 0 -2 0 -2 2 0 0 -2 -2 0 0 0
2 0 0 2 0 2 0 0 2 0 2 -2 0 0 -2 -2 0 0 0
-2 0 0 -2 0 2 0 0 2 0 2 -2 0 0 -2 -2 0 0 0
-2 0 0 2 0 -2 0 0 2 0 2 -2 0 0 -2 -2 0 0 0
2 0 0 -2 0 -2 0 0 2 0 2 -2 0 0 -2 -2 0 0 0
-2 0 0 2 0 2 0 0 -2 0 2 -2 0 0 -2 -2 0 0 0
2 0 0 -2 0 2 0 0 -2 0 2 -2 0 0 -2 -2 0 0 0
2 0 0 2 0 -2 0 0 -2 0 2 -2 0 0 -2 -2 0 0 0
-2 0 0 -2 0 -2 0 0 -2 0 2 -2 0 0 -2 -2 0 0 0
-2 0 0 2 0 2 0 0 2 0 -2 -2 0 0 -2 -2 0 0 0
2 0 0 -2 0 2 0 0 2 0 -2 -2 0 0 -2 -2 0 0 0
2 0 0 2 0 -2 0 0 2 0 -2 -2 0 0 -2 -2 0 0 0
-2 0 0 -2 0 -2 0 0 2 0 -2 -2 0 0 -2 -2 0 0 0
2 0 0 2 0 2 0 0 -2 0 -2 -2 0 0 -2 -2 0 0 0
-2 0 0 -2 0 2 0 0 -2 0 -2 -2 0 0 -2 -2 0 0 0
-2 0 0 2 0 -2 0 0 -2 0 -2 -2 0 0 -2 -2 0 0 0
2 0 0 -2 0 -2 0 0 -2 0 -2 -2 0 0 -2 -2 0 0 0
2 0 0 0 2 2 0 0 0 0 0 0 2 0 2 2 0 -2 -2
2 0 0 0 2 2 0 0 0 0 0 0 2 0 2 2 0 2 2
-2 0 0 0 -2 2 0 0 0 0 0 0 2 0 2 2 0 -2 -2
-2 0 0 0 -2 2 0 0 0 0 0 0 2 0 2 2 0 2 2
-2 0 0 0 2 -2 0 0 0 0 0 0 2 0 2 2 0 -2 -2
-2 0 0 0 2 -2 0 0 0 0 0 0 2 0 2 2 0 2 2
2 0 0 0 -2 -2 0 0 0 0 0 0 2 0 2 2 0 -2 -2
2 0 0 0 -2 -2 0 0 0 0 0 0 2 0 2 2 0 2 2
-2 0 0 0 2 2 0 0 0 0 0 0 -2 0 2 2 0 -2 -2
-2 0 0 0 2 2 0 0 0 0 0 0 -2 0 2 2 0 2 2
2 0 0 0 -2 2 0 0 0 0 0 0 -2 0 2 2 0 -2 -2
2 0 0 0 -2 2 0 0 0 0 0 0 -2 0 2 2 0 2 2
2 0 0 0 2 -2 0 0 0 0 0 0 -2 0 2 2 0 -2 -2
2 0 0 0 2 -2 0 0 0 0 0 0 -2 0 2 2 0 2 2
-2 0 0 0 -2 -2 0 0 0 0 0 0 -2 0 2 2 0 -2 -2
-2 0 0 0 -2 -2 0 0 0 0 0 0 -2 0 2 2 0 2 2
-2 0 0 0 2 2 0 0 0 0 0 0 2 0 -2 2 0 -2 -2
-2 0 0 0 2 2 0 0 0 0 0 0 2 0 -2 2 0 2 2
2 0 0 0 -2 2 0 0 0 0 0 0 2 0 -2 2 0 -2 -2
2 0 0 0 -2 2 0 0 0 0 0 0 2 0 -2 2 0 2 2
2 0 0 0 2 -2 0 0 0 0 0 0 2 0 -2 2 0 -2 -2
2 0 0 0 2 -2 0 0 0 0 0 0 2 0 -2 2 0 2 2
-2 0 0 0 -2 -2 0 0 0 0 0 0 2 0 -2 2 0 -2 -2
-2 0 0 0 -2 -2 0 0 0 0 0 0 2 0 -2 2 0 2 2
2 0 0 0 2 2 0 0 0 0 0 0 -2 0 -2 2 0 -2 -2
2 0 0 0 2 2 0 0 0 0 0 0 -2 0 -2 2 0 2 2
-2 0 0 0 -2 2 0 0 0 0 0 0 -2 0 -2 2 0 -2 -2
-2 0 0 0 -2 2 0 0 0 0 0 0 -2 0 -2 2 0 2 2
-2 0 0 0 2 -2 0 0 0 0 0 0 -2 0 -2 2 0 -2 -2
-2 0 0 0 2 -2 0 0 0 0 0 0 -2 0 -2 2 0 2 2
2 0 0 0 -2 -2 0 0 0 0 0 0 -2 0 -2 2 0 -2 -2
2 0 0 0 -2 -2 0 0 0 0 0 0 -2 0 -2 2 0 2 2
-2 0 0 0 2 2 0 0 0 0 0 0 2 0 2 -2 0 -2 -2
-2 0 0 0 2 2 0 0 0 0 0 0 2 0 2 -2 0 2 2
2 0 0 0 -2 2 0 0 0 0 0 0 2 0 2 -2 0 -2 -2
2 0 0 0 -2 2 0 0 0 0 0 0 2 0 2 -2 0 2 2
2 0 0 0 2 -2 0 0 0 0 0 0 2 0 2 -2 0 -2 -2
2 0 0 0 2 -2 0 0 0 0 0 0 2 0 2 -2 0 2 2
-2 0 0 0 -2 -2 0 0 0 0 0 0 2 0 2 -2 0 -2 -2
-2 0 0 0 -2 -2 0 0 0 0 0 0 2 0 2 -2 0 2 2
2 0 0 0 2 2 0 0 0 0 0 0 -2 0 2 -2 0 -2 -2
2 0 0 0 2 2 0 0 0 0 0 0 -2 0 2 -2 0 2 2
-2 0 0 0 -2 2 0 0 0 0 0 0 -2 0 2 -2 0 -2 -2
-2 0 0 0 -2 2 0 0 0 0 0 0 -2 0 2 -2 0 2 2
-2 0 0 0 2 -2 0 0 0 0 0 0 -2 0 2 -2 0 -2 -2
-2 0 0 0 2 -2 0 0 0 0 0 0 -2 0 2 -2 0 2 2
2 0 0 0 -2 -2 0 0 0 0 0 0 -2 0 2 -2 0 -2 -2
2 0 0 0 -2 -2 0 0 0 0 0 0 -2 0 2 -2 0 2 2
2 0 0 0 2 2 0 0 0 0 0 0 2 0 -2 -2 0 -2 -2
2 0 0 0 2 2 0 0 0 0 0 0 2 0 -2 -2 0 2 2
-2 0 0 0 -2 2 0 0 0 0 0 0 2 0 -2 -2 0 -2 -2
-2 0 0 0 -2 2 0 0 0 0 0 0 2 0 -2 -2 0 2 2
-2 0 0 0 2 -2 0 0 0 0 0 0 2 0 -2 -2 0 -2 -2
-2 0 0 0 2 -2 0 0 0 0 0 0 2 0 -2 -2 0 2 2
2 0 0 0 -2 -2 0 0 0 0 0 0 2 0 -2 -2 0 -2 -2
2 0 0 0 -2 -2 0 0 0 0 0 0 2 0 -2 -2 0 2 2
-2 0 0 0 2 2 0 0 0 0 0 0 -2 0 -2 -2 0 -2 -2
-2 0 0 0 2 2 0 0 0 0 0 0 -2 0 -2 -2 0 2 2
2 0 0 0 -2 2 0 0 0 0 0 0 -2 0 -2 -2 0 -2 -2
2 0 0 0 -2 2 0 0 0 0 0 0 -2 0 -2 -2 0 2 2
2 0 0 0 2 -2 0 0 0 0 0 0 -2 0 -2 -2 0 -2 -2
2 0 0 0 2 -2 0 0 0 0 0 0 -2 0 -2 -2 0 2 2
-2 0 0 0 -2 -2 0 0 0 0 0 0 -2 0 -2 -2 0 -2 -2
-2 0 0 0 -2 -2 0 0 0 0 0 0 -2 0 -2 -2 0 2 2
0 -2 2 0 0 2 2 0 2 0 0 0 2 0 2 2 0 0 0
0 2 -2 0 0 2 2 0 2 0 0 0 2 0 2 2 0 0 0
0 2 2 0 0 -2 2 0 2 0 0 0 2 0 2 2 0 0 0
0 -2 -2 0 0 -2 2 0 2 0 0 0 2 0 2 2 0 0 0
0 2 2 0 0 2 -2 0 2 0 0 0 2 0 2 2 0 0 0
0 -2 -2 0 0 2 -2 0 2 0 0 0 2 0 2 2 0 0 0
0 -2 2 0 0 -2 -2 0 2 0 0 0 2 0 2 2 0 0 0
0 2 -2 0 0 -2 -2 0 2 0 0 0 2 0 2 2 0 0 0
0 2 2 0 0 2 2 0 -2 0 0 0 2 0 2 2 0 0 0
0 -2 -2 0 0 2 2 0 -2 0 0 0 2 0 2 2 0 0 0
0 -2 2 0 0 -2 2 0 -2 0 0 0 2 0 2 2 0 0 0
0 2 -2 0 0 -2 2 0 -2 0 0 0 2 0 2 2 0 0 0
0 -2 2 0 0 2 -2 0 -2 0 0 0 2 0 2 2 0 0 0
0 2 -2 0 0 2 -2 0 -2 0 0 0 2 0 2 2 0 0 0
0 2 2 0 0 -2 -2 0 -2 0 0 0 2 0 2 2 0 0 0
0 -2 -2 0 0 -2 -2 0 -2 0 0 0 2 0 2 2 0 0 0
0 2 2 0 0 2 2 0 2 0 0 0 -2 0 2 2 0 0 0
0 -2 -2 0 0 2 2 0 2 0 0 0 -2 0 2 2 0 0 0
0 -2 2 0 0 -2 2 0 2 0 0 0 -2 0 2 2 0 0 0
0 2 -2 0 0 -2 2 0 2 0 0 0 -2 0 2 2 0 0 0
0 -2 2 0 0 2 -2 0 2 0 0 0 -2 0 2 2 0 0 0
0 2 -2 0 0 2 -2 0 2 0 0 0 -2 0 2 2 0 0 0
0 2 2 0 0 -2 -2 0 2 0 0 0 -2 0 2 2 0 0 0
0 -2 -2 0 0 -2 -2 0 2 0 0 0 -2 0 2 2 0 0 0
0 -2 2 0 0 2 2 0 -2 0 0 0 -2 0 2 2 0 0 0
0 2 -2 0 0 2 2 0 -2 0 0 0 -2 0 2 2 0 0 0
0 2 2 0 0 -2 2 0 -2 0 0 0 -2 0 2 2 0 0 0
0 -2 -2 0 0 -2 2 0 -2 0 0 0 -2 0 2 2 0 0 0
0 2 2 0 0 2 -2 0 -2 0 0 0 -2 0 2 2 0 0 0
0 -2 -2 0 0 2 -2 0 -2 0 0 0 -2 0 2 2 0 0 0
0 -2 2 0 0 -2 -2 0 -2 0 0 0 -2 0 2 2 0 0 0
0 2 -2 0 0 -2 -2 0 -2 0 0 0 -2 0 2 2 0 0 0
0 2 2 0 0 2 2 0 2 0 0 0 2 0 -2 2 0 0 0
0 -2 -2 0 0 2 2 0 2 0 0 0 2 0 -2 2 0 0 0
0 -2 2 0 0 -2 2 0 2 0 0 0 2 0 -2 2 0 0 0
0 2 -2 0 0 -2 2 0 2 0 0 0 2 0 -2 2 0 0 0
0 -2 2 0 0 2 -2 0 2 0 0 0 2 0 -2 2 0 0 0
0 2 -2 0 0 2 -2 0 2 0 0 0 2 0 -2 2 0 0 0
0 2 2 0 0 -2 -2 0 2 0 0 0 2 0 -2 2 0 0 0
0 -2 -2 0 0 -2 -2 0 2 0 0 0 2 0 -2 2 0 0 0
0 -2 2 0 0 2 2 0 -2 0 0 0 2 0 -2 2 0 0 0
0 2 -2 0 0 2 2 0 -2 0 0 0 2 0 -2 2 0 0 0
0 2 2 0 0 -2 2 0 -2 0 0 0 2 0 -2 2 0 0 0
0 -2 -2 0 0 -2 2 0 -2 0 0 0 2 0 -2 2 0 0 0
0 2 2 0 0 2 -2 0 -2 0 0 0 2 0 -2 2 0 0 0
0 -2 -2 0 0 2 -2 0 -2 0 0 0 2 0 -2 2 0 0 0
0 -2 2 0 0 -2 -2 0 -2 0 0 0 2 0 -2 2 0 0 0
0 2 -2 0 0 -2 -2 0 -2 0 0 0 2 0 -2 2 0 0 0
0 -2 2 0 0 2 2 0 2 0 0 0 -2 0 -2 2 0 0 0
0 2 -2 0 0 2 2 0 2 0 0 0 -2 0 -2 2 0 0 0
0 2 2 0 0 -2 2 0 2 0 0 0 -2 0 -2 2 0 0 0
0 -2 -2 0 0 -2 2 0 2 0 0 0 -2 0 -2 2 0 0 0
0 2 2 0 0 2 -2 0 2 0 0 0 -2 0 -2 2 0 0 0
0 -2 -2 0 0 2 -2 0 2 0 0 0 -2 0 -2 2 0 0 0
0 -2 2 0 0 -2 -2 0 2 0 0 0 -2 0 -2 2 0 0 0
0 2 -2 0 0 -2 -2 0 2 0 0 0 -2 0 -2 2 0 0 0
0 2 2 0 0 2 2 0 -2 0 0 0 -2 0 -2 2 0 0 0
0 -2 -2 0 0 2 2 0 -2 0 0 0 -2 0 -2 2 0 0 0
0 -2 2 0 0 -2 2 0 -2 0 0 0 -2 0 -2 2 0 0 0
0 2 -2 0 0 -2 2 0 -2 0 0 0 -2 0 -2 2 0 0 0
0 -2 2 0 0 2 -2 0 -2 0 0 0 -2 0 -2 2 0 0 0
0 2 -2 0 0 2 -2 0 -2 0 0 0 -2 0 -2 2 0 0 0
0 2 2 0 0 -2 -2 0 -2 0 0 0 -2 0 -2 2 0 0 0
0 -2 -2 0 0 -2 -2 0 -2 0 0 0 -2 0 -2 2 0 0 0
0 2 2 0 0 2 2 0 2 0 0 0 2 0 2 -2 0 0 0
0 -2 -2 0 0 2 2 0 2 0 0 0 2 0 2 -2 0 0 0
0 -2 2 0 0 -2 2 0 2 0 0 0 2 0 2 -2 0 0 0
0 2 -2 0 0 -2 2 0 2 0 0 0 2 0 2 -2 0 0 0
0 -2 2 0 0 2 -2 0 2 0 0 0 2 0 2 -2 0 0 0
0 2 -2 0 0 2 -2 0 2 0 0 0 2 0 2 -2 0 0 0
0 2 2 0 0 -2 -2 0 2 0 0 0 2 0 2 -2 0 0 0
0 -2 -2 0 0 -2 -2 0 2 0 0 0 2 0 2 -2 0 0 0
0 -2 2 0 0 2 2 0 -2 0 0 0 2 0 2 -2 0 0 0
0 2 -2 0 0 2 2 0 -2 0 0 0 2 0 2 -2 0 0 0
0 2 2 0 0 -2 2 0 -2 0 0 0 2 0 2 -2 0 0 0
0 -2 -2 0 0 -2 2 0 -2 0 0 0 2 0 2 -2 0 0 0
0 2 2 0 0 2 -2 0 -2 0 0 0 2 0 2 -2 0 0 0
0 -2 -2 0 0 2 -2 0 -2 0 0 0 2 0 2 -2 0 0 0
0 -2 2 0 0 -2 -2 0 -2 0 0 0 2 0 2 -2 0 0 0
0 2 -2 0 0 -2 -2 0 -2 0 0 0 2 0 2 -2 0 0 0
0 -2 2 0 0 2 2 0 2 0 0 0 -2 0 2 -2 0 0 0
0 2 -2 0 0 2 2 0 2 0 0 0 -2 0 2 -2 0 0 0
0 2 2 0 0 -2 2 0 2 0 0 0 -2 0 2 -2 0 0 0
0 -2 -2 0 0 -2 2 0 2 0 0 0 -2 0 2 -2 0 0 0
0 2 2 0 0 2 -2 0 2 0 0 0 -2 0 2 -2 0 0 0
0 -2 -2 0 0 2 -2 0 2 0 0 0 -2 0 2 -2 0 0 0
0 -2 2 0 0 -2 -2 0 2 0 0 0 -2 0 2 -2 0 0 0
0 2 -2 0 0 -2 -2 0 2 0 0 0 -2 0 2 -2 0 0 0
0 2 2 0 0 2 2 0 -2 0 0 0 -2 0 2 -2 0 0 0
0 -2 -2 0 0 2 2 0 -2 0 0 0 -2 0 2 -2 0 0 0
0 -2 2 0 0 -2 2 0 -2 0 0 0 -2 0 2 -2 0 0 0
0 2 -2 0 0 -2 2 0 -2 0 0 0 -2 0 2 -2 0 0 0
0 -2 2 0 0 2 -2 0 -2 0 0 0 -2 0 2 -2 0 0 0
0 2 -2 0 0 2 -2 0 -2 0 0 0 -2 0 2 -2 0 0 0
0 2 2 0 0 -2 -2 0 -2 0 0 0 -2 0 2 -2 0 0 0
0 -2 -2 0 0 -2 -2 0 -2 0 0 0 -2 0 2 -2 0 0 0
0 -2 2 0 0 2 2 0 2 0 0 0 2 0 -2 -2 0 0 0
0 2 -2 0 0 2 2 0 2 0 0 0 2 0 -2 -2 0 0 0
0 2 2 0 0 -2 2 0 2 0 0 0 2 0 -2 -2 0 0 0
0 -2 -2 0 0 -2 2 0 2 0 0 0 2 0 -2 -2 0 0 0
0 2 2 0 0 2 -2 0 2 0 0 0 2 0 -2 -2 0 0 0
0 -2 -2 0 0 2 -2 0 2 0 0 0 2 0 -2 -2 0 0 0
0 -2 2 0 0 -2 -2 0 2 0 0 0 2 0 -2 -2 0 0 0
0 2 -2 0 0 -2 -2 0 2 0 0 0 2 0 -2 -2 0 0 0
0 2 2 0 0 2 2 0 -2 0 0 0 2 0 -2 -2 0 0 0
0 -2 -2 0 0 2 2 0 -2 0 0 0 2 0 -2 -2 0 0 0
0 -2 2 0 0 -2 2 0 -2 0 0 0 2 0 -2 -2 0 0 0
0 2 -2 0 0 -2 2 0 -2 0 0 0 2 0 -2 -2 0 0 0
0 -2 2 0 0 2 -2 0 -2 0 0 0 2 0 -2 -2 0 0 0
0 2 -2 0 0 2 -2 0 -2 0 0 0 2 0 -2 -2 0 0 0
0 2 2 0 0 -2 -2 0 -2 0 0 0 2 0 -2 -2 0 0 0
0 -2 -2 0 0 -2 -2 0 -2 0 0 0 2 0 -2 -2 0 0 0
0 2 2 0 0 2 2 0 2 0 0 0 -2 0 -2 -2 0 0 0
0 -2 -2 0 0 2 2 0 2 0 0 0 -2 0 -2 -2 0 0 0
0 -2 2 0 0 -2 2 0 2 0 0 0 -2 0 -2 -2 0 0 0
0 2 -2 0 0 -2 2 0 2 0 0 0 -2 0 -2 -2 0 0 0
0 -2 2 0 0 2 -2 0 2 0 0 0 -2 0 -2 -2 0 0 0
0 2 -2 0 0 2 -2 0 2 0 0 0 -2 0 -2 -2 0 0 0
0 2 2 0 0 -2 -2 0 2 0 0 0 -2 0 -2 -2 0 0 0
0 -2 -2 0 0 -2 -2 0 2 0 0 0 -2 0 -2 -2 0 0 0
0 -2 2 0 0 2 2 0 -2 0 0 0 -2 0 -2 -2 0 0 0
0 2 -2 0 0 2 2 0 -2 0 0 0 -2 0 -2 -2 0 0 0
0 2 2 0 0 -2 2 0 -2 0 0 0 -2 0 -2 -2 0 0 0
0 -2 -2 0 0 -2 2 0 -2 0 0 0 -2 0 -2 -2 0 0 0
0 2 2 0 0 2 -2 0 -2 0 0 0 -2 0 -2 -2 0 0 0
0 -2 -2 0 0 2 -2 0 -2 0 0 0 -2 0 -2 -2 0 0 0
0 -2 2 0 0 -2 -2 0 -2 0 0 0 -2 0 -2 -2 0 0 0
0 2 -2 0 0 -2 -2 0 -2 0 0 0 -2 0 -2 -2 0 0 0
0 0 0 2 0 0 2 0 0 0 2 0 2 0 2 2 -2 2 0
0 0 0 2 0 0 2 0 0 0 2 0 2 0 2 2 2 -2 0
0 0 0 -2 0 0 -2 0 0 0 2 0 2 0 2 2 -2 2 0
0 0 0 -2 0 0 -2 0 0 0 2 0 2 0 2 2 2 -2 0
0 0 0 -2 0 0 2 0 0 0 -2 0 2 0 2 2 -2 2 0
0 0 0 -2 0 0 2 0 0 0 -2 0 2 0 2 2 2 -2 0
0 0 0 2 0 0 -2 0 0 0 -2 0 2 0 2 2 -2 2 0
0 0 0 2 0 0 -2 0 0 0 -2 0 2 0 2 2 2 -2 0
0 0 0 -2 0 0 2 0 0 0 2 0 -2 0 2 2 -2 2 0
0 0 0 -2 0 0 2 0 0 0 2 0 -2 0 2 2 2 -2 0
0 0 0 2 0 0 -2 0 0 0 2 0 -2 0 2 2 -2 2 0
0 0 0 2 0 0 -2 0 0 0 2 0 -2 0 2 2 2 -2 0
0 0 0 2 0 0 2 0 0 0 -2 0 -2 0 2 2 -2 2 0
0 0 0 2 0 0 2 0 0 0 -2 0 -2 0 2 2 2 -2 0
0 0 0 -2 0 0 -2 0 0 0 -2 0 -2 0 2 2 -2 2 0
0 0 0 -2 0 0 -2 0 0 0 -2 0 -2 0 2 2 2 -2 0
0 0 0 -2 0 0 2 0 0 0 2 0 2 0 -2 2 -2 2 0
0 0 0 -2 0 0 2 0 0 0 2 0 2 0 -2 2 2 -2 0
0 0 0 2 0 0 -2 0 0 0 2 0 2 0 -2 2 -2 2 0
0 0 0 2 0 0 -2 0 0 0 2 0 2 0 -2 2 2 -2 0
0 0 0 2 0 0 2 0 0 0 -2 0 2 0 -2 2 -2 2 0
0 0 0 2 0 0 2 0 0 0 -2 0 2 0 -2 2 2 -2 0
0 0 0 -2 0 0 -2 0 0 0 -2 0 2 0 -2 2 -2 2 0
0 0 0 -2 0 0 -2 0 0 0 -2 0 2 0 -2 2 2 -2 0
0 0 0 2 0 0 2 0 0 0 2 0 -2 0 -2 2 -2 2 0
0 0 0 2 0 0 2 0 0 0 2 0 -2 0 -2 2 2 -2 0
0 0 0 -2 0 0 -2 0 0 0 2 0 -2 0 -2 2 -2 2 0
0 0 0 -2 0 0 -2 0 0 0 2 0 -2 0 -2 2 2 -2 0
0 0 0 -2 0 0 2 0 0 0 -2 0 -2 0 -2 2 -2 2 0
0 0 0 -2 0 0 2 0 0 0 -2 0 -2 0 -2 2 2 -2 0
0 0 0 2 0 0 -2 0 0 0 -2 0 -2 0 -2 2 -2 2 0
0 0 0 2 0 0 -2 0 0 0 -2 0 -2 0 -2 2 2 -2 0
0 0 0 -2 0 0 2 0 0 0 2 0 2 0 2 -2 -2 2 0
0 0 0 -2 0 0 2 0 0 0 2 0 2 0 2 -2 2 -2 0
0 0 0 2 0 0 -2 0 0 0 2 0 2 0 2 -2 -2 2 0
0 0 0 2 0 0 -2 0 0 0 2 0 2 0 2 -2 2 -2 0
0 0 0 2 0 0 2 0 0 0 -2 0 2 0 2 -2 -2 2 0
0 0 0 2 0 0 2 0 0 0 -2 0 2 0 2 -2 2 -2 0
0 0 0 -2 0 0 -2 0 0 0 -2 0 2 0 2 -2 -2 2 0
0 0 0 -2 0 0 -2 0 0 0 -2 0 2 0 2 -2 2 -2 0
0 0 0 2 0 0 2 0 0 0 2 0 -2 0 2 -2 -2 2 0
0 0 0 2 0 0 2 0 0 0 2 0 -2 0 2 -2 2 -2 0
0 0 0 -2 0 0 -2 0 0 0 2 0 -2 0 2 -2 -2 2 0
0 0 0 -2 0 0 -2 0 0 0 2 0 -2 0 2 -2 2 -2 0
0 0 0 -2 0 0 2 0 0 0 -2 0 -2 0 2 -2 -2 2 0
0 0 0 -2 0 0 2 0 0 0 -2 0 -2 0 2 -2 2 -2 0
0 0 0 2 0 0 -2 0 0 0 -2 0 -2 0 2 -2 -2 2 0
0 0 0 2 0 0 -2 0 0 0 -2 0 -2 0 2 -2 2 -2 0
0 0 0 2 0 0 2 0 0 0 2 0 2 0 -2 -2 -2 2 0
0 0 0 2 0 0 2 0 0 0 2 0 2 0 -2 -2 2 -2 0
0 0 0 -2 0 0 -2 0 0 0 2 0 2 0 -2 -2 -2 2 0
0 0 0 -2 0 0 -2 0 0 0 2 0 2 0 -2 -2 2 -2 0
0 0 0 -2 0 0 2 0 0 0 -2 0 2 0 -2 -2 -2 2 0
0 0 0 -2 0 0 2 0 0 0 -2 0 2 0 -2 -2 2 -2 0
0 0 0 2 0 0 -2 0 0 0 -2 0 2 0 -2 -2 -2 2 0
0 0 0 2 0 0 -2 0 0 0 -2 0 2 0 -2 -2 2 -2 0
0 0 0 -2 0 0 2 0 0 0 2 0 -2 0 -2 -2 -2 2 0
0 0 0 -2 0 0 2 0 0 0 2 0 -2 0 -2 -2 2 -2 0
0 0 0 2 0 0 -2 0 0 0 2 0 -2 0 -2 -2 -2 2 0
0 0 0 2 0 0 -2 0 0 0 2 0 -2 0 -2 -2 2 -2 0
0 0 0 2 0 0 2 0 0 0 -2 0 -2 0 -2 -2 -2 2 0
0 0 0 2 0 0 2 0 0 0 -2 0 -2 0 -2 -2 2 -2 0
0 0 0 -2 0 0 -2 0 0 0 -2 0 -2 0 -2 -2 -2 2 0
0 0 0 -2 0 0 -2 0 0 0 -2 0 -2 0 -2 -2 2 -2 0
0 0 -2 0 2 0 0 0 0 2 2 2 2 0 2 2 0 0 0
0 0 2 0 -2 0 0 0 0 2 2 2 2 0 2 2 0 0 0
0 0 2 0 2 0 0 0 0 -2 2 2 2 0 2 2 0 0 0
0 0 -2 0 -2 0 0 0 0 -2 2 2 2 0 2 2 0 0 0
0 0 2 0 2 0 0 0 0 2 -2 2 2 0 2 2 0 0 0
0 0 -2 0 -2 0 0 0 0 2 -2 2 2 0 2 2 0 0 0
0 0 -2 0 2 0 0 0 0 -2 -2 2 2 0 2 2 0 0 0
0 0 2 0 -2 0 0 0 0 -2 -2 2 2 0 2 2 0 0 0
0 0 2 0 2 0 0 0 0 2 2 -2 2 0 2 2 0 0 0
0 0 -2 0 -2 0 0 0 0 2 2 -2 2 0 2 2 0 0 0
0 0 -2 0 2 0 0 0 0 -2 2 -2 2 0 2 2 0 0 0
0 0 2 0 -2 0 0 0 0 -2 2 -2 2 0 2 2 0 0 0
0 0 -2 0 2 0 0 0 0 2 -2 -2 2 0 2 2 0 0 0
0 0 2 0 -2 0 0 0 0 2 -2 -2 2 0 2 2 0 0 0
0 0 2 0 2 0 0 0 0 -2 -2 -2 2 0 2 2 0 0 0
0 0 -2 0 -2 0 0 0 0 -2 -2 -2 2 0 2 2 0 0 0
0 0 2 0 2 0 0 0 0 2 2 2 -2 0 2 2 0 0 0
0 0 -2 0 -2 0 0 0 0 2 2 2 -2 0 2 2 0 0 0
0 0 -2 0 2 0 0 0 0 -2 2 2 -2 0 2 2 0 0 0
0 0 2 0 -2 0 0 0 0 -2 2 2 -2 0 2 2 0 0 0
0 0 -2 0 2 0 0 0 0 2 -2 2 -2 0 2 2 0 0 0
0 0 2 0 -2 0 0 0 0 2 -2 2 -2 0 2 2 0 0 0
0 0 2 0 2 0 0 0 0 -2 -2 2 -2 0 2 2 0 0 0
0 0 -2 0 -2 0 0 0 0 -2 -2 2 -2 0 2 2 0 0 0
0 0 -2 0 2 0 0 0 0 2 2 -2 -2 0 2 2 0 0 0
0 0 2 0 -2 0 0 0 0 2 2 -2 -2 0 2 2 0 0 0
0 0 2 0 2 0 0 0 0 -2 2 -2 -2 0 2 2 0 0 0
0 0 -2 0 -2 0 0 0 0 -2 2 -2 -2 0 2 2 0 0 0
0 0 2 0 2 0 0 0 0 2 -2 -2 -2 0 2 2 0 0 0
0 0 -2 0 -2 0 0 0 0 2 -2 -2 -2 0 2 2 0 0 0
0 0 -2 0 2 0 0 0 0 -2 -2 -2 -2 0 2 2 0 0 0
0 0 2 0 -2 0 0 0 0 -2 -2 -2 -2 0 2 2 0 0 0
0 0 2 0 2 0 0 0 0 2 2 2 2 0 -2 2 0 0 0
0 0 -2 0 -2 0 0 0 0 2 2 2 2 0 -2 2 0 0 0
0 0 -2 0 2 0 0 0 0 -2 2 2 2 0 -2 2 0 0 0
0 0 2 0 -2 0 0 0 0 -2 2 2 2 0 -2 2 0 0 0
0 0 -2 0 2 0 0 0 0 2 -2 2 2 0 -2 2 0 0 0
0 0 2 0 -2 0 0 0 0 2 -2 2 2 0 -2 2 0 0 0
0 0 2 0 2 0 0 0 0 -2 -2 2 2 0 -2 2 0 0 0
0 0 -2 0 -2 0 0 0 0 -2 -2 2 2 0 -2 2 0 0 0
0 0 -2 0 2 0 0 0 0 2 2 -2 2 0 -2 2 0 0 0
0 0 2 0 -2 0 0 0 0 2 2 -2 2 0 -2 2 0 0 0
0 0 2 0 2 0 0 0 0 -2 2 -2 2 0 -2 2 0 0 0
0 0 -2 0 -2 0 0 0 0 -2 2 -2 2 0 -2 2 0 0 0
0 0 2 0 2 0 0 0 0 2 -2 -2 2 0 -2 2 0 0 0
0 0 -2 0 -2 0 0 0 0 2 -2 -2 2 0 -2 2 0 0 0
0 0 -2 0 2 0 0 0 0 -2 -2 -2 2 0 -2 2 0 0 0
0 0 2 0 -2 0 0 0 0 -2 -2 -2 2 0 -2 2 0 0 0
0 0 -2 0 2 0 0 0 0 2 2 2 -2 0 -2 2 0 0 0
0 0 2 0 -2 0 0 0 0 2 2 2 -2 0 -2 2 0 0 0
0 0 2 0 2 0 0 0 0 -2 2 2 -2 0 -2 2 0 0 0
0 0 -2 0 -2 0 0 0 0 -2 2 2 -2 0 -2 2 0 0 0
0 0 2 0 2 0 0 0 0 2 -2 2 -2 0 -2 2 0 0 0
0 0 -2 0 -2 0 0 0 0 2 -2 2 -2 0 -2 2 0 0 0
0 0 -2 0 2 0 0 0 0 -2 -2 2 -2 0 -2 2 0 0 0
0 0 2 0 -2 0 0 0 0 -2 -2 2 -2 0 -2 2 0 0 0
0 0 2 0 2 0 0 0 0 2 2 -2 -2 0 -2 2 0 0 0
0 0 -2 0 -2 0 0 0 0 2 2 -2 -2 0 -2 2 0 0 0
0 0 -2 0 2 0 0 0 0 -2 2 -2 -2 0 -2 2 0 0 0
0 0 2 0 -2 0 0 0 0 -2 2 -2 -2 0 -2 2 0 0 0
0 0 -2 0 2 0 0 0 0 2 -2 -2 -2 0 -2 2 0 0 0
0 0 2 0 -2 0 0 0 0 2 -2 -2 -2 0 -2 2 0 0 0
0 0 2 0 2 0 0 0 0 -2 -2 -2 -2 0 -2 2 0 0 0
0 0 -2 0 -2 0 0 0 0 -2 -2 -2 -2 0 -2 2 0 0 0
0 0 2 0 2 0 0 0 0 2 2 2 2 0 2 -2 0 0 0
0 0 -2 0 -2 0 0 0 0 2 2 2 2 0 2 -2 0 0 0
0 0 -2 0 2 0 0 0 0 -2 2 2 2 0 2 -2 0 0 0
0 0 2 0 -2 0 0 0 0 -2 2 2 2 0 2 -2 0 0 0
0 0 -2 0 2 0 0 0 0 2 -2 2 2 0 2 -2 0 0 0
0 0 2 0 -2 0 0 0 0 2 -2 2 2 0 2 -2 0 0 0
0 0 2 0 2 0 0 0 0 -2 -2 2 2 0 2 -2 0 0 0
0 0 -2 0 -2 0 0 0 0 -2 -2 2 2 0 2 -2 0 0 0
0 0 -2 0 2 0 0 0 0 2 2 -2 2 0 2 -2 0 0 0
0 0 2 0 -2 0 0 0 0 2 2 -2 2 0 2 -2 0 0 0
0 0 2 0 2 0 0 0 0 -2 2 -2 2 0 2 -2 0 0 0
0 0 -2 0 -2 0 0 0 0 -2 2 -2 2 0 2 -2 0 0 0
0 0 2 0 2 0 0 0 0 2 -2 -2 2 0 2 -2 0 0 0
0 0 -2 0 -2 0 0 0 0 2 -2 -2 2 0 2 -2 0 0 0
0 0 -2 0 2 0 0 0 0 -2 -2 -2 2 0 2 -2 0 0 0
0 0 2 0 -2 0 0 0 0 -2 -2 -2 2 0 2 -2 0 0 0
0 0 -2 0 2 0 0 0 0 2 2 2 -2 0 2 -2 0 0 0
0 0 2 0 -2 0 0 0 0 2 2 2 -2 0 2 -2 0 0 0
0 0 2 0 2 0 0 0 0 -2 2 2 -2 0 2 -2 0 0 0
0 0 -2 0 -2 0 0 0 0 -2 2 2 -2 0 2 -2 0 0 0
0 0 2 0 2 0 0 0 0 2 -2 2 -2 0 2 -2 0 0 0
0 0 -2 0 -2 0 0 0 0 2 -2 2 -2 0 2 -2 0 0 0
0 0 -2 0 2 0 0 0 0 -2 -2 2 -2 0 2 -2 0 0 0
0 0 2 0 -2 0 0 0 0 -2 -2 2 -2 0 2 -2 0 0 0
0 0 2 0 2 0 0 0 0 2 2 -2 -2 0 2 -2 0 0 0
0 0 -2 0 -2 0 0 0 0 2 2 -2 -2 0 2 -2 0 0 0
0 0 -2 0 2 0 0 0 0 -2 2 -2 -2 0 2 -2 0 0 0
0 0 2 0 -2 0 0 0 0 -2 2 -2 -2 0 2 -2 0 0 0
0 0 -2 0 2 0 0 0 0 2 -2 -2 -2 0 2 -2 0 0 0
0 0 2 0 -2 0 0 0 0 2 -2 -2 -2 0 2 -2 0 0 0
0 0 2 0 2 0 0 0 0 -2 -2 -2 -2 0 2 -2 0 0 0
0 0 -2 0 -2 0 0 0 0 -2 -2 -2 -2 0 2 -2 0 0 0
0 0 -2 0 2 0 0 0 0 2 2 2 2 0 -2 -2 0 0 0
0 0 2 0 -2 0 0 0 0 2 2 2 2 0 -2 -2 0 0 0
0 0 2 0 2 0 0 0 0 -2 2 2 2 0 -2 -2 0 0 0
0 0 -2 0 -2 0 0 0 0 -2 2 2 2 0 -2 -2 0 0 0
0 0 2 0 2 0 0 0 0 2 -2 2 2 0 -2 -2 0 0 0
0 0 -2 0 -2 0 0 0 0 2 -2 2 2 0 -2 -2 0 0 0
0 0 -2 0 2 0 0 0 0 -2 -2 2 2 0 -2 -2 0 0 0
0 0 2 0 -2 0 0 0 0 -2 -2 2 2 0 -2 -2 0 0 0
0 0 2 0 2 0 0 0 0 2 2 -2 2 0 -2 -2 0 0 0
0 0 -2 0 -2 0 0 0 0 2 2 -2 2 0 -2 -2 0 0 0
0 0 -2 0 2 0 0 0 0 -2 2 -2 2 0 -2 -2 0 0 0
0 0 2 0 -2 0 0 0 0 -2 2 -2 2 0 -2 -2 0 0 0
0 0 -2 0 2 0 0 0 0 2 -2 -2 2 0 -2 -2 0 0 0
0 0 2 0 -2 0 0 0 0 2 -2 -2 2 0 -2 -2 0 0 0
0 0 2 0 2 0 0 0 0 -2 -2 -2 2 0 -2 -2 0 0 0
0 0 -2 0 -2 0 0 0 0 -2 -2 -2 2 0 -2 -2 0 0 0
0 0 2 0 2 0 0 0 0 2 2 2 -2 0 -2 -2 0 0 0
0 0 -2 0 -2 0 0 0 0 2 2 2 -2 0 -2 -2 0 0 0
0 0 -2 0 2 0 0 0 0 -2 2 2 -2 0 -2 -2 0 0 0
0 0 2 0 -2 0 0 0 0 -2 2 2 -2 0 -2 -2 0 0 0
0 0 -2 0 2 0 0 0 0 2 -2 2 -2 0 -2 -2 0 0 0
0 0 2 0 -2 0 0 0 0 2 -2 2 -2 0 -2 -2 0 0 0
0 0 2 0 2 0 0 0 0 -2 -2 2 -2 0 -2 -2 0 0 0
0 0 -2 0 -2 0 0 0 0 -2 -2 2 -2 0 -2 -2 0 0 0
0 0 -2 0 2 0 0 0 0 2 2 -2 -2 0 -2 -2 0 0 0
0 0 2 0 -2 0 0 0 0 2 2 -2 -2 0 -2 -2 0 0 0
0 0 2 0 2 0 0 0 0 -2 2 -2 -2 0 -2 -2 0 0 0
0 0 -2 0 -2 0 0 0 0 -2 2 -2 -2 0 -2 -2 0 0 0
0 0 2 0 2 0 0 0 0 2 -2 -2 -2 0 -2 -2 0 0 0
0 0 -2 0 -2 0 0 0 0 2 -2 -2 -2 0 -2 -2 0 0 0
0 0 -2 0 2 0 0 0 0 -2 -2 -2 -2 0 -2 -2 0 0 0
0 0 2 0 -2 0 0 0 0 -2 -2 -2 -2 0 -2 -2 0 0 0
0 0 0 2 0 2 2 0 0 0 0 0 0 2 2 2 -2 -2 0
0 0 0 2 0 2 2 0 0 0 0 0 0 2 2 2 2 2 0
0 0 0 -2 0 -2 2 0 0 0 0 0 0 2 2 2 -2 -2 0
0 0 0 -2 0 -2 2 0 0 0 0 0 0 2 2 2 2 2 0
0 0 0 -2 0 2 -2 0 0 0 0 0 0 2 2 2 -2 -2 0
0 0 0 -2 0 2 -2 0 0 0 0 0 0 2 2 2 2 2 0
0 0 0 2 0 -2 -2 0 0 0 0 0 0 2 2 2 -2 -2 0
0 0 0 2 0 -2 -2 0 0 0 0 0 0 2 2 2 2 2 0
0 0 0 -2 0 2 2 0 0 0 0 0 0 -2 2 2 -2 -2 0
0 0 0 -2 0 2 2 0 0 0 0 0 0 -2 2 2 2 2 0
0 0 0 2 0 -2 2 0 0 0 0 0 0 -2 2 2 -2 -2 0
0 0 0 2 0 -2 2 0 0 0 0 0 0 -2 2 2 2 2 0
0 0 0 2 0 2 -2 0 0 0 0 0 0 -2 2 2 -2 -2 0
0 0 0 2 0 2 -2 0 0 0 0 0 0 -2 2 2 2 2 0
0 0 0 -2 0 -2 -2 0 0 0 0 0 0 -2 2 2 -2 -2 0
0 0 0 -2 0 -2 -2 0 0 0 0 0 0 -2 2 2 2 2 0
0 0 0 -2 0 2 2 0 0 0 0 0 0 2 -2 2 -2 -2 0
0 0 0 -2 0 2 2 0 0 0 0 0 0 2 -2 2 2 2 0
0 0 0 2 0 -2 2 0 0 0 0 0 0 2 -2 2 -2 -2 0
0 0 0 2 0 -2 2 0 0 0 0 0 0 2 -2 2 2 2 0
0 0 0 2 0 2 -2 0 0 0 0 0 0 2 -2 2 -2 -2 0
0 0 0 2 0 2 -2 0 0 0 0 0 0 2 -2 2 2 2 0
0 0 0 -2 0 -2 -2 0 0 0 0 0 0 2 -2 2 -2 -2 0
0 0 0 -2 0 -2 -2 0 0 0 0 0 0 2 -2 2 2 2 0
0 0 0 2 0 2 2 0 0 0 0 0 0 -2 -2 2 -2 -2 0
0 0 0 2 0 2 2 0 0 0 0 0 0 -2 -2 2 2 2 0
0 0 0 -2 0 -2 2 0 0 0 0 0 0 -2 -2 2 -2 -2 0
0 0 0 -2 0 -2 2 0 0 0 0 0 0 -2 -2 2 2 2 0
0 0 0 -2 0 2 -2 0 0 0 0 0 0 -2 -2 2 -2 -2 0
0 0 0 -2 0 2 -2 0 0 0 0 0 0 -2 -2 2 2 2 0
0 0 0 2 0 -2 -2 0 0 0 0 0 0 -2 -2 2 -2 -2 0
0 0 0 2 0 -2 -2 0 0 0 0 0 0 -2 -2 2 2 2 0
0 0 0 -2 0 2 2 0 0 0 0 0 0 2 2 -2 -2 -2 0
0 0 0 -2 0 2 2 0 0 0 0 0 0 2 2 -2 2 2 0
0 0 0 2 0 -2 2 0 0 0 0 0 0 2 2 -2 -2 -2 0
0 0 0 2 0 -2 2 0 0 0 0 0 0 2 2 -2 2 2 0
0 0 0 2 0 2 -2 0 0 0 0 0 0 2 2 -2 -2 -2 0
0 0 0 2 0 2 -2 0 0 0 0 0 0 2 2 -2 2 2 0
0 0 0 -2 0 -2 -2 0 0 0 0 0 0 2 2 -2 -2 -2 0
0 0 0 -2 0 -2 -2 0 0 0 0 0 0 2 2 -2 2 2 0
0 0 0 2 0 2 2 0 0 0 0 0 0 -2 2 -2 -2 -2 0
0 0 0 2 0 2 2 0 0 0 0 0 0 -2 2 -2 2 2 0
0 0 0 -2 0 -2 2 0 0 0 0 0 0 -2 2 -2 -2 -2 0
0 0 0 -2 0 -2 2 0 0 0 0 0 0 -2 2 -2 2 2 0
0 0 0 -2 0 2 -2 0 0 0 0 0 0 -2 2 -2 -2 -2 0
0 0 0 -2 0 2 -2 0 0 0 0 0 0 -2 2 -2 2 2 0
0 0 0 2 0 -2 -2 0 0 0 0 0 0 -2 2 -2 -2 -2 0
0 0 0 2 0 -2 -2 0 0 0 0 0 0 -2 2 -2 2 2 0
0 0 0 2 0 2 2 0 0 0 0 0 0 2 -2 -2 -2 -2 0
0 0 0 2 0 2 2 0 0 0 0 0 0 2 -2 -2 2 2 0
0 0 0 -2 0 -2 2 0 0 0 0 0 0 2 -2 -2 -2 -2 0
0 0 0 -2 0 -2 2 0 0 0 0 0 0 2 -2 -2 2 2 0
0 0 0 -2 0 2 -2 0 0 0 0 0 0 2 -2 -2 -2 -2 0
0 0 0 -2 0 2 -2 0 0 0 0 0 0 2 -2 -2 2 2 0
0 0 0 2 0 -2 -2 0 0 0 0 0 0 2 -2 -2 -2 -2 0
0 0 0 2 0 -2 -2 0 0 0 0 0 0 2 -2 -2 2 2 0
0 0 0 -2 0 2 2 0 0 0 0 0 0 -2 -2 -2 -2 -2 0
0 0 0 -2 0 2 2 0 0 0 0 0 0 -2 -2 -2 2 2 0
0 0 0 2 0 -2 2 0 0 0 0 0 0 -2 -2 -2 -2 -2 0
0 0 0 2 0 -2 2 0 0 0 0 0 0 -2 -2 -2 2 2 0
0 0 0 2 0 2 -2 0 0 0 0 0 0 -2 -2 -2 -2 -2 0
0 0 0 2 0 2 -2 0 0 0 0 0 0 -2 -2 -2 2 2 0
0 0 0 -2 0 -2 -2 0 0 0 0 0 0 -2 -2 -2 -2 -2 0
0 0 0 -2 0 -2 -2 0 0 0 0 0 0 -2 -2 -2 2 2 0
0 0 0 0 -2 2 0 2 2 2 0 0 0 2 2 2 0 0 0
0 0 0 0 2 -2 0 2 2 2 0 0 0 2 2 2 0 0 0
0 0 0 0 2 2 0 -2 2 2 0 0 0 2 2 2 0 0 0
0 0 0 0 -2 -2 0 -2 2 2 0 0 0 2 2 2 0 0 0
0 0 0 0 2 2 0 2 -2 2 0 0 0 2 2 2 0 0 0
0 0 0 0 -2 -2 0 2 -2 2 0 0 0 2 2 2 0 0 0
0 0 0 0 -2 2 0 -2 -2 2 0 0 0 2 2 2 0 0 0
0 0 0 0 2 -2 0 -2 -2 2 0 0 0 2 2 2 0 0 0
0 0 0 0 2 2 0 2 2 -2 0 0 0 2 2 2 0 0 0
0 0 0 0 -2 -2 0 2 2 -2 0 0 0 2 2 2 0 0 0
0 0 0 0 -2 2 0 -2 2 -2 0 0 0 2 2 2 0 0 0
0 0 0 0 2 -2 0 -2 2 -2 0 0 0 2 2 2 0 0 0
0 0 0 0 -2 2 0 2 -2 -2 0 0 0 2 2 2 0 0 0
0 0 0 0 2 -2 0 2 -2 -2 0 0 0 2 2 2 0 0 0
0 0 0 0 2 2 0 -2 -2 -2 0 0 0 2 2 2 0 0 0
0 0 0 0 -2 -2 0 -2 -2 -2 0 0 0 2 2 2 0 0 0
0 0 0 0 2 2 0 2 2 2 0 0 0 -2 2 2 0 0 0
0 0 0 0 -2 -2 0 2 2 2 0 0 0 -2 2 2 0 0 0
0 0 0 0 -2 2 0 -2 2 2 0 0 0 -2 2 2 0 0 0
0 0 0 0 2 -2 0 -2 2 2 0 0 0 -2 2 2 0 0 0
0 0 0 0 -2 2 0 2 -2 2 0 0 0 -2 2 2 0 0 0
0 0 0 0 2 -2 0 2 -2 2 0 0 0 -2 2 2 0 0 0
0 0 0 0 2 2 0 -2 -2 2 0 0 0 -2 2 2 0 0 0
0 0 0 0 -2 -2 0 -2 -2 2 0 0 0 -2 2 2 0 0 0
0 0 0 0 -2 2 0 2 2 -2 0 0 0 -2 2 2 0 0 0
0 0 0 0 2 -2 0 2 2 -2 0 0 0 -2 2 2 0 0 0
0 0 0 0 2 2 0 -2 2 -2 0 0 0 -2 2 2 0 0 0
0 0 0 0 -2 -2 0 -2 2 -2 0 0 0 -2 2 2 0 0 0
0 0 0 0 2 2 0 2 -2 -2 0 0 0 -2 2 2 0 0 0
0 0 0 0 -2 -2 0 2 -2 -2 0 0 0 -2 2 2 0 0 0
0 0 0 0 -2 2 0 -2 -2 -2 0 0 0 -2 2 2 0 0 0
0 0 0 0 2 -2 0 -2 -2 -2 0 0 0 -2 2 2 0 0 0
0 0 0 0 2 2 0 2 2 2 0 0 0 2 -2 2 0 0 0
0 0 0 0 -2 -2 0 2 2 2 0 0 0 2 -2 2 0 0 0
0 0 0 0 -2 2 0 -2 2 2 0 0 0 2 -2 2 0 0 0
0 0 0 0 2 -2 0 -2 2 2 0 0 0 2 -2 2 0 0 0
0 0 0 0 -2 2 0 2 -2 2 0 0 0 2 -2 2 0 0 0
0 0 0 0 2 -2 0 2 -2 2 0 0 0 2 -2 2 0 0 0
0 0 0 0 2 2 0 -2 -2 2 0 0 0 2 -2 2 0 0 0
0 0 0 0 -2 -2 0 -2 -2 2 0 0 0 2 -2 2 0 0 0
0 0 0 0 -2 2 0 2 2 -2 0 0 0 2 -2 2 0 0 0
0 0 0 0 2 -2 0 2 2 -2 0 0 0 2 -2 2 0 0 0
0 0 0 0 2 2 0 -2 2 -2 0 0 0 2 -2 2 0 0 0
0 0 0 0 -2 -2 0 -2 2 -2 0 0 0 2 -2 2 0 0 0
0 0 0 0 2 2 0 2 -2 -2 0 0 0 2 -2 2 0 0 0
0 0 0 0 -2 -2 0 2 -2 -2 0 0 0 2 -2 2 0 0 0
0 0 0 0 -2 2 0 -2 -2 -2 0 0 0 2 -2 2 0 0 0
0 0 0 0 2 -2 0 -2 -2 -2 0 0 0 2 -2 2 0 0 0
0 0 0 0 -2 2 0 2 2 2 0 0 0 -2 -2 2 0 0 0
0 0 0 0 2 -2 0 2 2 2 0 0 0 -2 -2 2 0 0 0
0 0 0 0 2 2 0 -2 2 2 0 0 0 -2 -2 2 0 0 0
0 0 0 0 -2 -2 0 -2 2 2 0 0 0 -2 -2 2 0 0 0
0 0 0 0 2 2 0 2 -2 2 0 0 0 -2 -2 2 0 0 0
0 0 0 0 -2 -2 0 2 -2 2 0 0 0 -2 -2 2 0 0 0
0 0 0 0 -2 2 0 -2 -2 2 0 0 0 -2 -2 2 0 0 0
0 0 0 0 2 -2 0 -2 -2 2 0 0 0 -2 -2 2 0 0 0
0 0 0 0 2 2 0 2 2 -2 0 0 0 -2 -2 2 0 0 0
0 0 0 0 -2 -2 0 2 2 -2 0 0 0 -2 -2 2 0 0 0
0 0 0 0 -2 2 0 -2 2 -2 0 0 0 -2 -2 2 0 0 0
0 0 0 0 2 -2 0 -2 2 -2 0 0 0 -2 -2 2 0 0 0
0 0 0 0 -2 2 0 2 -2 -2 0 0 0 -2 -2 2 0 0 0
0 0 0 0 2 -2 0 2 -2 -2 0 0 0 -2 -2 2 0 0 0
0 0 0 0 2 2 0 -2 -2 -2 0 0 0 -2 -2 2 0 0 0
0 0 0 0 -2 -2 0 -2 -2 -2 0 0 0 -2 -2 2 0 0 0
0 0 0 0 2 2 0 2 2 2 0 0 0 2 2 -2 0 0 0
0 0 0 0 -2 -2 0 2 2 2 0 0 0 2 2 -2 0 0 0
0 0 0 0 -2 2 0 -2 2 2 0 0 0 2 2 -2 0 0 0
0 0 0 0 2 -2 0 -2 2 2 0 0 0 2 2 -2 0 0 0
0 0 0 0 -2 2 0 2 -2 2 0 0 0 2 2 -2 0 0 0
0 0 0 0 2 -2 0 2 -2 2 0 0 0 2 2 -2 0 0 0
0 0 0 0 2 2 0 -2 -2 2 0 0 0 2 2 -2 0 0 0
0 0 0 0 -2 -2 0 -2 -2 2 0 0 0 2 2 -2 0 0 0
0 0 0 0 -2 2 0 2 2 -2 0 0 0 2 2 -2 0 0 0
0 0 0 0 2 -2 0 2 2 -2 0 0 0 2 2 -2 0 0 0
0 0 0 0 2 2 0 -2 2 -2 0 0 0 2 2 -2 0 0 0
0 0 0 0 -2 -2 0 -2 2 -2 0 0 0 2 2 -2 0 0 0
0 0 0 0 2 2 0 2 -2 -2 0 0 0 2 2 -2 0 0 0
0 0 0 0 -2 -2 0 2 -2 -2 0 0 0 2 2 -2 0 0 0
0 0 0 0 -2 2 0 -2 -2 -2 0 0 0 2 2 -2 0 0 0
0 0 0 0 2 -2 0 -2 -2 -2 0 0 0 2 2 -2 0 0 0
0 0 0 0 -2 2 0 2 2 2 0 0 0 -2 2 -2 0 0 0
0 0 0 0 2 -2 0 2 2 2 0 0 0 -2 2 -2 0 0 0
0 0 0 0 2 2 0 -2 2 2 0 0 0 -2 2 -2 0 0 0
0 0 0 0 -2 -2 0 -2 2 2 0 0 0 -2 2 -2 0 0 0
0 0 0 0 2 2 0 2 -2 2 0 0 0 -2 2 -2 0 0 0
0 0 0 0 -2 -2 0 2 -2 2 0 0 0 -2 2 -2 0 0 0
0 0 0 0 -2 2 0 -2 -2 2 0 0 0 -2 2 -2 0 0 0
0 0 0 0 2 -2 0 -2 -2 2 0 0 0 -2 2 -2 0 0 0
0 0 0 0 2 2 0 2 2 -2 0 0 0 -2 2 -2 0 0 0
0 0 0 0 -2 -2 0 2 2 -2 0 0 0 -2 2 -2 0 0 0
0 0 0 0 -2 2 0 -2 2 -2 0 0 0 -2 2 -2 0 0 0
0 0 0 0 2 -2 0 -2 2 -2 0 0 0 -2 2 -2 0 0 0
0 0 0 0 -2 2 0 2 -2 -2 0 0 0 -2 2 -2 0 0 0
0 0 0 0 2 -2 0 2 -2 -2 0 0 0 -2 2 -2 0 0 0
0 0 0 0 2 2 0 -2 -2 -2 0 0 0 -2 2 -2 0 0 0
0 0 0 0 -2 -2 0 -2 -2 -2 0 0 0 -2 2 -2 0 0 0
0 0 0 0 -2 2 0 2 2 2 0 0 0 2 -2 -2 0 0 0
0 0 0 0 2 -2 0 2 2 2 0 0 0 2 -2 -2 0 0 0
0 0 0 0 2 2 0 -2 2 2 0 0 0 2 -2 -2 0 0 0
0 0 0 0 -2 -2 0 -2 2 2 0 0 0 2 -2 -2 0 0 0
0 0 0 0 2 2 0 2 -2 2 0 0 0 2 -2 -2 0 0 0
0 0 0 0 -2 -2 0 2 -2 2 0 0 0 2 -2 -2 0 0 0
0 0 0 0 -2 2 0 -2 -2 2 0 0 0 2 -2 -2 0 0 0
0 0 0 0 2 -2 0 -2 -2 2 0 0 0 2 -2 -2 0 0 0
0 0 0 0 2 2 0 2 2 -2 0 0 0 2 -2 -2 0 0 0
0 0 0 0 -2 -2 0 2 2 -2 0 0 0 2 -2 -2 0 0 0
0 0 0 0 -2 2 0 -2 2 -2 0 0 0 2 -2 -2 0 0 0
0 0 0 0 2 -2 0 -2 2 -2 0 0 0 2 -2 -2 0 0 0
0 0 0 0 -2 2 0 2 -2 -2 0 0 0 2 -2 -2 0 0 0
0 0 0 0 2 -2 0 2 -2 -2 0 0 0 2 -2 -2 0 0 0
0 0 0 0 2 2 0 -2 -2 -2 0 0 0 2 -2 -2 0 0 0
0 0 0 0 -2 -2 0 -2 -2 -2 0 0 0 2 -2 -2 0 0 0
0 0 0 0 2 2 0 2 2 2 0 0 0 -2 -2 -2 0 0 0
0 0 0 0 -2 -2 0 2 2 2 0 0 0 -2 -2 -2 0 0 0
0 0 0 0 -2 2 0 -2 2 2 0 0 0 -2 -2 -2 0 0 0
0 0 0 0 2 -2 0 -2 2 2 0 0 0 -2 -2 -2 0 0 0
0 0 0 0 -2 2 0 2 -2 2 0 0 0 -2 -2 -2 0 0 0
0 0 0 0 2 -2 0 2 -2 2 0 0 0 -2 -2 -2 0 0 0
0 0 0 0 2 2 0 -2 -2 2 0 0 0 -2 -2 -2 0 0 0
0 0 0 0 -2 -2 0 -2 -2 2 0 0 0 -2 -2 -2 0 0 0
0 0 0 0 -2 2 0 2 2 -2 0 0 0 -2 -2 -2 0 0 0
0 0 0 0 2 -2 0 2 2 -2 0 0 0 -2 -2 -2 0 0 0
0 0 0 0 2 2 0 -2 2 -2 0 0 0 -2 -2 -2 0 0 0
0 0 0 0 -2 -2 0 -2 2 -2 0 0 0 -2 -2 -2 0 0 0
0 0 0 0 2 2 0 2 -2 -2 0 0 0 -2 -2 -2 0 0 0
0 0 0 0 -2 -2 0 2 -2 -2 0 0 0 -2 -2 -2 0 0 0
0 0 0 0 -2 2 0 -2 -2 -2 0 0 0 -2 -2 -2 0 0 0
0 0 0 0 2 -2 0 -2 -2 -2 0 0 0 -2 -2 -2 0 0 0
2 0 0 0 2 0 0 0 0 0 2 0 0 2 2 2 0 -2 2
-2 0 0 0 -2 0 0 0 0 0 2 0 0 2 2 2 0 -2 2
2 0 0 0 2 0 0 0 0 0 2 0 0 2 2 2 0 2 -2
-2 0 0 0 -2 0 0 0 0 0 2 0 0 2 2 2 0 2 -2
-2 0 0 0 2 0 0 0 0 0 -2 0 0 2 2 2 0 -2 2
2 0 0 0 -2 0 0 0 0 0 -2 0 0 2 2 2 0 -2 2
-2 0 0 0 2 0 0 0 0 0 -2 0 0 2 2 2 0 2 -2
2 0 0 0 -2 0 0 0 0 0 -2 0 0 2 2 2 0 2 -2
-2 0 0 0 2 0 0 0 0 0 2 0 0 -2 2 2 0 -2 2
2 0 0 0 -2 0 0 0 0 0 2 0 0 -2 2 2 0 -2 2
-2 0 0 0 2 0 0 0 0 0 2 0 0 -2 2 2 0 2 -2
2 0 0 0 -2 0 0 0 0 0 2 0 0 -2 2 2 0 2 -2
2 0 0 0 2 0 0 0 0 0 -2 0 0 -2 2 2 0 -2 2
-2 0 0 0 -2 0 0 0 0 0 -2 0 0 -2 2 2 0 -2 2
2 0 0 0 2 0 0 0 0 0 -2 0 0 -2 2 2 0 2 -2
-2 0 0 0 -2 0 0 0 0 0 -2 0 0 -2 2 2 0 2 -2
-2 0 0 0 2 0 0 0 0 0 2 0 0 2 -2 2 0 -2 2
2 0 0 0 -2 0 0 0 0 0 2 0 0 2 -2 2 0 -2 2
-2 0 0 0 2 0 0 0 0 0 2 0 0 2 -2 2 0 2 -2
2 0 0 0 -2 0 0 0 0 0 2 0 0 2 -2 2 0 2 -2
2 0 0 0 2 0 0 0 0 0 -2 0 0 2 -2 2 0 -2 2
-2 0 0 0 -2 0 0 0 0 0 -2 0 0 2 -2 2 0 -2 2
2 0 0 0 2 0 0 0 0 0 -2 0 0 2 -2 2 0 2 -2
-2 0 0 0 -2 0 0 0 0 0 -2 0 0 2 -2 2 0 2 -2
2 0 0 0 2 0 0 0 0 0 2 0 0 -2 -2 2 0 -2 2
-2 0 0 0 -2 0 0 0 0 0 2 0 0 -2 -2 2 0 -2 2
2 0 0 0 2 0 0 0 0 0 2 0 0 -2 -2 2 0 2 -2
-2 0 0 0 -2 0 0 0 0 0 2 0 0 -2 -2 2 0 2 -2
-2 0 0 0 2 0 0 0 0 0 -2 0 0 -2 -2 2 0 -2 2
2 0 0 0 -2 0 0 0 0 0 -2 0 0 -2 -2 2 0 -2 2
-2 0 0 0 2 0 0 0 0 0 -2 0 0 -2 -2 2 0 2 -2
2 0 0 0 -2 0 0 0 0 0 -2 0 0 -2 -2 2 0 2 -2
-2 0 0 0 2 0 0 0 0 0 2 0 0 2 2 -2 0 -2 2
2 0 0 0 -2 0 0 0 0 0 2 0 0 2 2 -2 0 -2 2
-2 0 0 0 2 0 0 0 0 0 2 0 0 2 2 -2 0 2 -2
2 0 0 0 -2 0 0 0 0 0 2 0 0 2 2 -2 0 2 -2
2 0 0 0 2 0 0 0 0 0 -2 0 0 2 2 -2 0 -2 2
-2 0 0 0 -2 0 0 0 0 0 -2 0 0 2 2 -2 0 -2 2
2 0 0 0 2 0 0 0 0 0 -2 0 0 2 2 -2 0 2 -2
-2 0 0 0 -2 0 0 0 0 0 -2 0 0 2 2 -2 0 2 -2
2 0 0 0 2 0 0 0 0 0 2 0 0 -2 2 -2 0 -2 2
-2 0 0 0 -2 0 0 0 0 0 2 0 0 -2 2 -2 0 -2 2
2 0 0 0 2 0 0 0 0 0 2 0 0 -2 2 -2 0 2 -2
-2 0 0 0 -2 0 0 0 0 0 2 0 0 -2 2 -2 0 2 -2
-2 0 0 0 2 0 0 0 0 0 -2 0 0 -2 2 -2 0 -2 2
2 0 0 0 -2 0 0 0 0 0 -2 0 0 -2 2 -2 0 -2 2
-2 0 0 0 2 0 0 0 0 0 -2 0 0 -2 2 -2 0 2 -2
2 0 0 0 -2 0 0 0 0 0 -2 0 0 -2 2 -2 0 2 -2
2 0 0 0 2 0 0 0 0 0 2 0 0 2 -2 -2 0 -2 2
-2 0 0 0 -2 0 0 0 0 0 2 0 0 2 -2 -2 0 -2 2
2 0 0 0 2 0 0 0 0 0 2 0 0 2 -2 -2 0 2 -2
-2 0 0 0 -2 0 0 0 0 0 2 0 0 2 -2 -2 0 2 -2
-2 0 0 0 2 0 0 0 0 0 -2 0 0 2 -2 -2 0 -2 2
2 0 0 0 -2 0 0 0 0 0 -2 0 0 2 -2 -2 0 -2 2
-2 0 0 0 2 0 0 0 0 0 -2 0 0 2 -2 -2 0 2 -2
2 0 0 0 -2 0 0 0 0 0 -2 0 0 2 -2 -2 0 2 -2
-2 0 0 0 2 0 0 0 0 0 2 0 0 -2 -2 -2 0 -2 2
2 0 0 0 -2 0 0 0 0 0 2 0 0 -2 -2 -2 0 -2 2
-2 0 0 0 2 0 0 0 0 0 2 0 0 -2 -2 -2 0 2 -2
2 0 0 0 -2 0 0 0 0 0 2 0 0 -2 -2 -2 0 2 -2
2 0 0 0 2 0 0 0 0 0 -2 0 0 -2 -2 -2 0 -2 2
-2 0 0 0 -2 0 0 0 0 0 -2 0 0 -2 -2 -2 0 -2 2
2 0 0 0 2 0 0 0 0 0 -2 0 0 -2 -2 -2 0 2 -2
-2 0 0 0 -2 0 0 0 0 0 -2 0 0 -2 -2 -2 0 2 -2
0 -2 0 0 0 0 2 2 0 0 2 2 0 2 2 2 0 0 0
0 2 0 0 0 0 -2 2 0 0 2 2 0 2 2 2 0 0 0
0 2 0 0 0 0 2 -2 0 0 2 2 0 2 2 2 0 0 0
0 -2 0 0 0 0 -2 -2 0 0 2 2 0 2 2 2 0 0 0
0 2 0 0 0 0 2 2 0 0 -2 2 0 2 2 2 0 0 0
0 -2 0 0 0 0 -2 2 0 0 -2 2 0 2 2 2 0 0 0
0 -2 0 0 0 0 2 -2 0 0 -2 2 0 2 2 2 0 0 0
0 2 0 0 0 0 -2 -2 0 0 -2 2 0 2 2 2 0 0 0
0 2 0 0 0 0 2 2 0 0 2 -2 0 2 2 2 0 0 0
0 -2 0 0 0 0 -2 2 0 0 2 -2 0 2 2 2 0 0 0
0 -2 0 0 0 0 2 -2 0 0 2 -2 0 2 2 2 0 0 0
0 2 0 0 0 0 -2 -2 0 0 2 -2 0 2 2 2 0 0 0
0 -2 0 0 0 0 2 2 0 0 -2 -2 0 2 2 2 0 0 0
0 2 0 0 0 0 -2 2 0 0 -2 -2 0 2 2 2 0 0 0
0 2 0 0 0 0 2 -2 0 0 -2 -2 0 2 2 2 0 0 0
0 -2 0 0 0 0 -2 -2 0 0 -2 -2 0 2 2 2 0 0 0
0 2 0 0 0 0 2 2 0 0 2 2 0 -2 2 2 0 0 0
0 -2 0 0 0 0 -2 2 0 0 2 2 0 -2 2 2 0 0 0
0 -2 0 0 0 0 2 -2 0 0 2 2 0 -2 2 2 0 0 0
0 2 0 0 0 0 -2 -2 0 0 2 2 0 -2 2 2 0 0 0
0 -2 0 0 0 0 2 2 0 0 -2 2 0 -2 2 2 0 0 0
0 2 0 0 0 0 -2 2 0 0 -2 2 0 -2 2 2 0 0 0
0 2 0 0 0 0 2 -2 0 0 -2 2 0 -2 2 2 0 0 0
0 -2 0 0 0 0 -2 -2 0 0 -2 2 0 -2 2 2 0 0 0
0 -2 0 0 0 0 2 2 0 0 2 -2 0 -2 2 2 0 0 0
0 2 0 0 0 0 -2 2 0 0 2 -2 0 -2 2 2 0 0 0
0 2 0 0 0 0 2 -2 0 0 2 -2 0 -2 2 2 0 0 0
0 -2 0 0 0 0 -2 -2 0 0 2 -2 0 -2 2 2 0 0 0
0 2 0 0 0 0 2 2 0 0 -2 -2 0 -2 2 2 0 0 0
0 -2 0 0 0 0 -2 2 0 0 -2 -2 0 -2 2 2 0 0 0
0 -2 0 0 0 0 2 -2 0 0 -2 -2 0 -2 2 2 0 0 0
0 2 0 0 0 0 -2 -2 0 0 -2 -2 0 -2 2 2 0 0 0
0 2 0 0 0 0 2 2 0 0 2 2 0 2 -2 2 0 0 0
0 -2 0 0 0 0 -2 2 0 0 2 2 0 2 -2 2 0 0 0
0 -2 0 0 0 0 2 -2 0 0 2 2 0 2 -2 2 0 0 0
0 2 0 0 0 0 -2 -2 0 0 2 2 0 2 -2 2 0 0 0
0 -2 0 0 0 0 2 2 0 0 -2 2 0 2 -2 2 0 0 0
0 2 0 0 0 0 -2 2 0 0 -2 2 0 2 -2 2 0 0 0
0 2 0 0 0 0 2 -2 0 0 -2 2 0 2 -2 2 0 0 0
0 -2 0 0 0 0 -2 -2 0 0 -2 2 0 2 -2 2 0 0 0
0 -2 0 0 0 0 2 2 0 0 2 -2 0 2 -2 2 0 0 0
0 2 0 0 0 0 -2 2 0 0 2 -2 0 2 -2 2 0 0 0
0 2 0 0 0 0 2 -2 0 0 2 -2 0 2 -2 2 0 0 0
0 -2 0 0 0 0 -2 -2 0 0 2 -2 0 2 -2 2 0 0 0
0 2 0 0 0 0 2 2 0 0 -2 -2 0 2 -2 2 0 0 0
0 -2 0 0 0 0 -2 2 0 0 -2 -2 0 2 -2 2 0 0 0
0 -2 0 0 0 0 2 -2 0 0 -2 -2 0 2 -2 2 0 0 0
0 2 0 0 0 0 -2 -2 0 0 -2 -2 0 2 -2 2 0 0 0
0 -2 0 0 0 0 2 2 0 0 2 2 0 -2 -2 2 0 0 0
0 2 0 0 0 0 -2 2 0 0 2 2 0 -2 -2 2 0 0 0
0 2 0 0 0 0 2 -2 0 0 2 2 0 -2 -2 2 0 0 0
0 -2 0 0 0 0 -2 -2 0 0 2 2 0 -2 -2 2 0 0 0
0 2 0 0 0 0 2 2 0 0 -2 2 0 -2 -2 2 0 0 0
0 -2 0 0 0 0 -2 2 0 0 -2 2 0 -2 -2 2 0 0 0
0 -2 0 0 0 0 2 -2 0 0 -2 2 0 -2 -2 2 0 0 0
0 2 0 0 0 0 -2 -2 0 0 -2 2 0 -2 -2 2 0 0 0
0 2 0 0 0 0 2 2 0 0 2 -2 0 -2 -2 2 0 0 0
0 -2 0 0 0 0 -2 2 0 0 2 -2 0 -2 -2 2 0 0 0
0 -2 0 0 0 0 2 -2 0 0 2 -2 0 -2 -2 2 0 0 0
0 2 0 0 0 0 -2 -2 0 0 2 -2 0 -2 -2 2 0 0 0
0 -2 0 0 0 0 2 2 0 0 -2 -2 0 -2 -2 2 0 0 0
0 2 0 0 0 0 -2 2 0 0 -2 -2 0 -2 -2 2 0 0 0
0 2 0 0 0 0 2 -2 0 0 -2 -2 0 -2 -2 2 0 0 0
0 -2 0 0 0 0 -2 -2 0 0 -2 -2 0 -2 -2 2 0 0 0
0 2 0 0 0 0 2 2 0 0 2 2 0 2 2 -2 0 0 0
0 -2 0 0 0 0 -2 2 0 0 2 2 0 2 2 -2 0 0 0
0 -2 0 0 0 0 2 -2 0 0 2 2 0 2 2 -2 0 0 0
0 2 0 0 0 0 -2 -2 0 0 2 2 0 2 2 -2 0 0 0
0 -2 0 0 0 0 2 2 0 0 -2 2 0 2 2 -2 0 0 0
0 2 0 0 0 0 -2 2 0 0 -2 2 0 2 2 -2 0 0 0
0 2 0 0 0 0 2 -2 0 0 -2 2 0 2 2 -2 0 0 0
0 -2 0 0 0 0 -2 -2 0 0 -2 2 0 2 2 -2 0 0 0
0 -2 0 0 0 0 2 2 0 0 2 -2 0 2 2 -2 0 0 0
0 2 0 0 0 0 -2 2 0 0 2 -2 0 2 2 -2 0 0 0
0 2 0 0 0 0 2 -2 0 0 2 -2 0 2 2 -2 0 0 0
0 -2 0 0 0 0 -2 -2 0 0 2 -2 0 2 2 -2 0 0 0
0 2 0 0 0 0 2 2 0 0 -2 -2 0 2 2 -2 0 0 0
0 -2 0 0 0 0 -2 2 0 0 -2 -2 0 2 2 -2 0 0 0
0 -2 0 0 0 0 2 -2 0 0 -2 -2 0 2 2 -2 0 0 0
0 2 0 0 0 0 -2 -2 0 0 -2 -2 0 2 2 -2 0 0 0
0 -2 0 0 0 0 2 2 0 0 2 2 0 -2 2 -2 0 0 0
0 2 0 0 0 0 -2 2 0 0 2 2 0 -2 2 -2 0 0 0
0 2 0 0 0 0 2 -2 0 0 2 2 0 -2 2 -2 0 0 0
0 -2 0 0 0 0 -2 -2 0 0 2 2 0 -2 2 -2 0 0 0
0 2 0 0 0 0 2 2 0 0 -2 2 0 -2 2 -2 0 0 0
0 -2 0 0 0 0 -2 2 0 0 -2 2 0 -2 2 -2 0 0 0
0 -2 0 0 0 0 2 -2 0 0 -2 2 0 -2 2 -2 0 0 0
0 2 0 0 0 0 -2 -2 0 0 -2 2 0 -2 2 -2 0 0 0
0 2 0 0 0 0 2 2 0 0 2 -2 0 -2 2 -2 0 0 0
0 -2 0 0 0 0 -2 2 0 0 2 -2 0 -2 2 -2 0 0 0
0 -2 0 0 0 0 2 -2 0 0 2 -2 0 -2 2 -2 0 0 0
0 2 0 0 0 0 -2 -2 0 0 2 -2 0 -2 2 -2 0 0 0
0 -2 0 0 0 0 2 2 0 0 -2 -2 0 -2 2 -2 0 0 0
0 2 0 0 0 0 -2 2 0 0 -2 -2 0 -2 2 -2 0 0 0
0 2 0 0 0 0 2 -2 0 0 -2 -2 0 -2 2 -2 0 0 0
0 -2 0 0 0 0 -2 -2 0 0 -2 -2 0 -2 2 -2 0 0 0
0 -2 0 0 0 0 2 2 0 0 2 2 0 2 -2 -2 0 0 0
0 2 0 0 0 0 -2 2 0 0 2 2 0 2 -2 -2 0 0 0
0 2 0 0 0 0 2 -2 0 0 2 2 0 2 -2 -2 0 0 0
0 -2 0 0 0 0 -2 -2 0 0 2 2 0 2 -2 -2 0 0 0
0 2 0 0 0 0 2 2 0 0 -2 2 0 2 -2 -2 0 0 0
0 -2 0 0 0 0 -2 2 0 0 -2 2 0 2 -2 -2 0 0 0
0 -2 0 0 0 0 2 -2 0 0 -2 2 0 2 -2 -2 0 0 0
0 2 0 0 0 0 -2 -2 0 0 -2 2 0 2 -2 -2 0 0 0
0 2 0 0 0 0 2 2 0 0 2 -2 0 2 -2 -2 0 0 0
0 -2 0 0 0 0 -2 2 0 0 2 -2 0 2 -2 -2 0 0 0
0 -2 0 0 0 0 2 -2 0 0 2 -2 0 2 -2 -2 0 0 0
0 2 0 0 0 0 -2 -2 0 0 2 -2 0 2 -2 -2 0 0 0
0 -2 0 0 0 0 2 2 0 0 -2 -2 0 2 -2 -2 0 0 0
0 2 0 0 0 0 -2 2 0 0 -2 -2 0 2 -2 -2 0 0 0
0 2 0 0 0 0 2 -2 0 0 -2 -2 0 2 -2 -2 0 0 0
0 -2 0 0 0 0 -2 -2 0 0 -2 -2 0 2 -2 -2 0 0 0
0 2 0 0 0 0 2 2 0 0 2 2 0 -2 -2 -2 0 0 0
0 -2 0 0 0 0 -2 2 0 0 2 2 0 -2 -2 -2 0 0 0
0 -2 0 0 0 0 2 -2 0 0 2 2 0 -2 -2 -2 0 0 0
0 2 0 0 0 0 -2 -2 0 0 2 2 0 -2 -2 -2 0 0 0
0 -2 0 0 0 0 2 2 0 0 -2 2 0 -2 -2 -2 0 0 0
0 2 0 0 0 0 -2 2 0 0 -2 2 0 -2 -2 -2 0 0 0
0 2 0 0 0 0 2 -2 0 0 -2 2 0 -2 -2 -2 0 0 0
0 -2 0 0 0 0 -2 -2 0 0 -2 2 0 -2 -2 -2 0 0 0
0 -2 0 0 0 0 2 2 0 0 2 -2 0 -2 -2 -2 0 0 0
0 2 0 0 0 0 -2 2 0 0 2 -2 0 -2 -2 -2 0 0 0
0 2 0 0 0 0 2 -2 0 0 2 -2 0 -2 -2 -2 0 0 0
0 -2 0 0 0 0 -2 -2 0 0 2 -2 0 -2 -2 -2 0 0 0
0 2 0 0 0 0 2 2 0 0 -2 -2 0 -2 -2 -2 0 0 0
0 -2 0 0 0 0 -2 2 0 0 -2 -2 0 -2 -2 -2 0 0 0
0 -2 0 0 0 0 2 -2 0 0 -2 -2 0 -2 -2 -2 0 0 0
0 2 0 0 0 0 -2 -2 0 0 -2 -2 0 -2 -2 -2 0 0 0
-2 0 2 2 0 0 0 2 0 0 0 0 2 2 2 2 0 0 0
2 0 -2 2 0 0 0 2 0 0 0 0 2 2 2 2 0 0 0
2 0 2 -2 0 0 0 2 0 0 0 0 2 2 2 2 0 0 0
-2 0 -2 -2 0 0 0 2 0 0 0 0 2 2 2 2 0 0 0
2 0 2 2 0 0 0 -2 0 0 0 0 2 2 2 2 0 0 0
-2 0 -2 2 0 0 0 -2 0 0 0 0 2 2 2 2 0 0 0
-2 0 2 -2 0 0 0 -2 0 0 0 0 2 2 2 2 0 0 0
2 0 -2 -2 0 0 0 -2 0 0 0 0 2 2 2 2 0 0 0
2 0 2 2 0 0 0 2 0 0 0 0 -2 2 2 2 0 0 0
-2 0 -2 2 0 0 0 2 0 0 0 0 -2 2 2 2 0 0 0
-2 0 2 -2 0 0 0 2 0 0 0 0 -2 2 2 2 0 0 0
2 0 -2 -2 0 0 0 2 0 0 0 0 -2 2 2 2 0 0 0
-2 0 2 2 0 0 0 -2 0 0 0 0 -2 2 2 2 0 0 0
2 0 -2 2 0 0 0 -2 0 0 0 0 -2 2 2 2 0 0 0
2 0 2 -2 0 0 0 -2 0 0 0 0 -2 2 2 2 0 0 0
-2 0 -2 -2 0 0 0 -2 0 0 0 0 -2 2 2 2 0 0 0
2 0 2 2 0 0 0 2 0 0 0 0 2 -2 2 2 0 0 0
-2 0 -2 2 0 0 0 2 0 0 0 0 2 -2 2 2 0 0 0
-2 0 2 -2 0 0 0 2 0 0 0 0 2 -2 2 2 0 0 0
2 0 -2 -2 0 0 0 2 0 0 0 0 2 -2 2 2 0 0 0
-2 0 2 2 0 0 0 -2 0 0 0 0 2 -2 2 2 0 0 0
2 0 -2 2 0 0 0 -2 0 0 0 0 2 -2 2 2 0 0 0
2 0 2 -2 0 0 0 -2 0 0 0 0 2 -2 2 2 0 0 0
-2 0 -2 -2 0 0 0 -2 0 0 0 0 2 -2 2 2 0 0 0
-2 0 2 2 0 0 0 2 0 0 0 0 -2 -2 2 2 0 0 0
2 0 -2 2 0 0 0 2 0 0 0 0 -2 -2 2 2 0 0 0
2 0 2 -2 0 0 0 2 0 0 0 0 -2 -2 2 2 0 0 0
-2 0 -2 -2 0 0 0 2 0 0 0 0 -2 -2 2 2 0 0 0
2 0 2 2 0 0 0 -2 0 0 0 0 -2 -2 2 2 0 0 0
-2 0 -2 2 0 0 0 -2 0 0 0 0 -2 -2 2 2 0 0 0
-2 0 2 -2 0 0 0 -2 0 0 0 0 -2 -2 2 2 0 0 0
2 0 -2 -2 0 0 0 -2 0 0 0 0 -2 -2 2 2 0 0 0
2 0 2 2 0 0 0 2 0 0 0 0 2 2 -2 2 0 0 0
-2 0 -2 2 0 0 0 2 0 0 0 0 2 2 -2 2 0 0 0
-2 0 2 -2 0 0 0 2 0 0 0 0 2 2 -2 2 0 0 0
2 0 -2 -2 0 0 0 2 0 0 0 0 2 2 -2 2 0 0 0
-2 0 2 2 0 0 0 -2 0 0 0 0 2 2 -2 2 0 0 0
2 0 -2 2 0 0 0 -2 0 0 0 0 2 2 -2 2 0 0 0
2 0 2 -2 0 0 0 -2 0 0 0 0 2 2 -2 2 0 0 0
-2 0 -2 -2 0 0 0 -2 0 0 0 0 2 2 -2 2 0 0 0
-2 0 2 2 0 0 0 2 0 0 0 0 -2 2 -2 2 0 0 0
2 0 -2 2 0 0 0 2 0 0 0 0 -2 2 -2 2 0 0 0
2 0 2 -2 0 0 0 2 0 0 0 0 -2 2 -2 2 0 0 0
-2 0 -2 -2 0 0 0 2 0 0 0 0 -2 2 -2 2 0 0 0
2 0 2 2 0 0 0 -2 0 0 0 0 -2 2 -2 2 0 0 0
-2 0 -2 2 0 0 0 -2 0 0 0 0 -2 2 -2 2 0 0 0
-2 0 2 -2 0 0 0 -2 0 0 0 0 -2 2 -2 2 0 0 0
2 0 -2 -2 0 0 0 -2 0 0 0 0 -2 2 -2 2 0 0 0
-2 0 2 2 0 0 0 2 0 0 0 0 2 -2 -2 2 0 0 0
2 0 -2 2 0 0 0 2 0 0 0 0 2 -2 -2 2 0 0 0
2 0 2 -2 0 0 0 2 0 0 0 0 2 -2 -2 2 0 0 0
-2 0 -2 -2 0 0 0 2 0 0 0 0 2 -2 -2 2 0 0 0
2 0 2 2 0 0 0 -2 0 0 0 0 2 -2 -2 2 0 0 0
-2 0 -2 2 0 0 0 -2 0 0 0 0 2 -2 -2 2 0 0 0
-2 0 2 -2 0 0 0 -2 0 0 0 0 2 -2 -2 2 0 0 0
2 0 -2 -2 0 0 0 -2 0 0 0 0 2 -2 -2 2 0 0 0
2 0 2 2 0 0 0 2 0 0 0 0 -2 -2 -2 2 0 0 0
-2 0 -2 2 0 0 0 2 0 0 0 0 -2 -2 -2 2 0 0 0
-2 0 2 -2 0 0 0 2 0 0 0 0 -2 -2 -2 2 0 0 0
2 0 -2 -2 0 0 0 2 0 0 0 0 -2 -2 -2 2 0 0 0
-2 0 2 2 0 0 0 -2 0 0 0 0 -2 -2 -2 2 0 0 0
2 0 -2 2 0 0 0 -2 0 0 0 0 -2 -2 -2 2 0 0 0
2 0 2 -2 0 0 0 -2 0 0 0 0 -2 -2 -2 2 0 0 0
-2 0 -2 -2 0 0 0 -2 0 0 0 0 -2 -2 -2 2 0 0 0
2 0 2 2 0 0 0 2 0 0 0 0 2 2 2 -2 0 0 0
-2 0 -2 2 0 0 0 2 0 0 0 0 2 2 2 -2 0 0 0
-2 0 2 -2 0 0 0 2 0 0 0 0 2 2 2 -2 0 0 0
2 0 -2 -2 0 0 0 2 0 0 0 0 2 2 2 -2 0 0 0
-2 0 2 2 0 0 0 -2 0 0 0 0 2 2 2 -2 0 0 0
2 0 -2 2 0 0 0 -2 0 0 0 0 2 2 2 -2 0 0 0
2 0 2 -2 0 0 0 -2 0 0 0 0 2 2 2 -2 0 0 0
-2 0 -2 -2 0 0 0 -2 0 0 0 0 2 2 2 -2 0 0 0
-2 0 2 2 0 0 0 2 0 0 0 0 -2 2 2 -2 0 0 0
2 0 -2 2 0 0 0 2 0 0 0 0 -2 2 2 -2 0 0 0
2 0 2 -2 0 0 0 2 0 0 0 0 -2 2 2 -2 0 0 0
-2 0 -2 -2 0 0 0 2 0 0 0 0 -2 2 2 -2 0 0 0
2 0 2 2 0 0 0 -2 0 0 0 0 -2 2 2 -2 0 0 0
-2 0 -2 2 0 0 0 -2 0 0 0 0 -2 2 2 -2 0 0 0
-2 0 2 -2 0 0 0 -2 0 0 0 0 -2 2 2 -2 0 0 0
2 0 -2 -2 0 0 0 -2 0 0 0 0 -2 2 2 -2 0 0 0
-2 0 2 2 0 0 0 2 0 0 0 0 2 -2 2 -2 0 0 0
2 0 -2 2 0 0 0 2 0 0 0 0 2 -2 2 -2 0 0 0
2 0 2 -2 0 0 0 2 0 0 0 0 2 -2 2 -2 0 0 0
-2 0 -2 -2 0 0 0 2 0 0 0 0 2 -2 2 -2 0 0 0
2 0 2 2 0 0 0 -2 0 0 0 0 2 -2 2 -2 0 0 0
-2 0 -2 2 0 0 0 -2 0 0 0 0 2 -2 2 -2 0 0 0
-2 0 2 -2 0 0 0 -2 0 0 0 0 2 -2 2 -2 0 0 0
2 0 -2 -2 0 0 0 -2 0 0 0 0 2 -2 2 -2 0 0 0
2 0 2 2 0 0 0 2 0 0 0 0 -2 -2 2 -2 0 0 0
-2 0 -2 2 0 0 0 2 0 0 0 0 -2 -2 2 -2 0 0 0
-2 0 2 -2 0 0 0 2 0 0 0 0 -2 -2 2 -2 0 0 0
2 0 -2 -2 0 0 0 2 0 0 0 0 -2 -2 2 -2 0 0 0
-2 0 2 2 0 0 0 -2 0 0 0 0 -2 -2 2 -2 0 0 0
2 0 -2 2 0 0 0 -2 0 0 0 0 -2 -2 2 -2 0 0 0
2 0 2 -2 0 0 0 -2 0 0 0 0 -2 -2 2 -2 0 0 0
-2 0 -2 -2 0 0 0 -2 0 0 0 0 -2 -2 2 -2 0 0 0
-2 0 2 2 0 0 0 2 0 0 0 0 2 2 -2 -2 0 0 0
2 0 -2 2 0 0 0 2 0 0 0 0 2 2 -2 -2 0 0 0
2 0 2 -2 0 0 0 2 0 0 0 0 2 2 -2 -2 0 0 0
-2 0 -2 -2 0 0 0 2 0 0 0 0 2 2 -2 -2 0 0 0
2 0 2 2 0 0 0 -2 0 0 0 0 2 2 -2 -2 0 0 0
-2 0 -2 2 0 0 0 -2 0 0 0 0 2 2 -2 -2 0 0 0
-2 0 2 -2 0 0 0 -2 0 0 0 0 2 2 -2 -2 0 0 0
2 0 -2 -2 0 0 0 -2 0 0 0 0 2 2 -2 -2 0 0 0
2 0 2 2 0 0 0 2 0 0 0 0 -2 2 -2 -2 0 0 0
-2 0 -2 2 0 0 0 2 0 0 0 0 -2 2 -2 -2 0 0 0
-2 0 2 -2 0 0 0 2 0 0 0 0 -2 2 -2 -2 0 0 0
2 0 -2 -2 0 0 0 2 0 0 0 0 -2 2 -2 -2 0 0 0
-2 0 2 2 0 0 0 -2 0 0 0 0 -2 2 -2 -2 0 0 0
2 0 -2 2 0 0 0 -2 0 0 0 0 -2 2 -2 -2 0 0 0
2 0 2 -2 0 0 0 -2 0 0 0 0 -2 2 -2 -2 0 0 0
-2 0 -2 -2 0 0 0 -2 0 0 0 0 -2 2 -2 -2 0 0 0
2 0 2 2 0 0 0 2 0 0 0 0 2 -2 -2 -2 0 0 0
-2 0 -2 2 0 0 0 2 0 0 0 0 2 -2 -2 -2 0 0 0
-2 0 2 -2 0 0 0 2 0 0 0 0 2 -2 -2 -2 0 0 0
2 0 -2 -2 0 0 0 2 0 0 0 0 2 -2 -2 -2 0 0 0
-2 0 2 2 0 0 0 -2 0 0 0 0 2 -2 -2 -2 0 0 0
2 0 -2 2 0 0 0 -2 0 0 0 0 2 -2 -2 -2 0 0 0
2 0 2 -2 0 0 0 -2 0 0 0 0 2 -2 -2 -2 0 0 0
-2 0 -2 -2 0 0 0 -2 0 0 0 0 2 -2 -2 -2 0 0 0
-2 0 2 2 0 0 0 2 0 0 0 0 -2 -2 -2 -2 0 0 0
2 0 -2 2 0 0 0 2 0 0 0 0 -2 -2 -2 -2 0 0 0
2 0 2 -2 0 0 0 2 0 0 0 0 -2 -2 -2 -2 0 0 0
-2 0 -2 -2 0 0 0 2 0 0 0 0 -2 -2 -2 -2 0 0 0
2 0 2 2 0 0 0 -2 0 0 0 0 -2 -2 -2 -2 0 0 0
-2 0 -2 2 0 0 0 -2 0 0 0 0 -2 -2 -2 -2 0 0 0
-2 0 2 -2 0 0 0 -2 0 0 0 0 -2 -2 -2 -2 0 0 0
2 0 -2 -2 0 0 0 -2 0 0 0 0 -2 -2 -2 -2 0 0 0
0 2 0 0 0 0 0 0 0 2 0 0 2 2 2 2 -2 0 2
0 2 0 0 0 0 0 0 0 2 0 0 2 2 2 2 2 0 -2
0 -2 0 0 0 0 0 0 0 -2 0 0 2 2 2 2 -2 0 2
0 -2 0 0 0 0 0 0 0 -2 0 0 2 2 2 2 2 0 -2
0 -2 0 0 0 0 0 0 0 2 0 0 -2 2 2 2 -2 0 2
0 -2 0 0 0 0 0 0 0 2 0 0 -2 2 2 2 2 0 -2
0 2 0 0 0 0 0 0 0 -2 0 0 -2 2 2 2 -2 0 2
0 2 0 0 0 0 0 0 0 -2 0 0 -2 2 2 2 2 0 -2
0 -2 0 0 0 0 0 0 0 2 0 0 2 -2 2 2 -2 0 2
0 -2 0 0 0 0 0 0 0 2 0 0 2 -2 2 2 2 0 -2
0 2 0 0 0 0 0 0 0 -2 0 0 2 -2 2 2 -2 0 2
0 2 0 0 0 0 0 0 0 -2 0 0 2 -2 2 2 2 0 -2
0 2 0 0 0 0 0 0 0 2 0 0 -2 -2 2 2 -2 0 2
0 2 0 0 0 0 0 0 0 2 0 0 -2 -2 2 2 2 0 -2
0 -2 0 0 0 0 0 0 0 -2 0 0 -2 -2 2 2 -2 0 2
0 -2 0 0 0 0 0 0 0 -2 0 0 -2 -2 2 2 2 0 -2
0 -2 0 0 0 0 0 0 0 2 0 0 2 2 -2 2 -2 0 2
0 -2 0 0 0 0 0 0 0 2 0 0 2 2 -2 2 2 0 -2
0 2 0 0 0 0 0 0 0 -2 0 0 2 2 -2 2 -2 0 2
0 2 0 0 0 0 0 0 0 -2 0 0 2 2 -2 2 2 0 -2
0 2 0 0 0 0 0 0 0 2 0 0 -2 2 -2 2 -2 0 2
0 2 0 0 0 0 0 0 0 2 0 0 -2 2 -2 2 2 0 -2
0 -2 0 0 0 0 0 0 0 -2 0 0 -2 2 -2 2 -2 0 2
0 -2 0 0 0 0 0 0 0 -2 0 0 -2 2 -2 2 2 0 -2
0 2 0 0 0 0 0 0 0 2 0 0 2 -2 -2 2 -2 0 2
0 2 0 0 0 0 0 0 0 2 0 0 2 -2 -2 2 2 0 -2
0 -2 0 0 0 0 0 0 0 -2 0 0 2 -2 -2 2 -2 0 2
0 -2 0 0 0 0 0 0 0 -2 0 0 2 -2 -2 2 2 0 -2
0 -2 0 0 0 0 0 0 0 2 0 0 -2 -2 -2 2 -2 0 2
0 -2 0 0 0 0 0 0 0 2 0 0 -2 -2 -2 2 2 0 -2
0 2 0 0 0 0 0 0 0 -2 0 0 -2 -2 -2 2 -2 0 2
0 2 0 0 0 0 0 0 0 -2 0 0 -2 -2 -2 2 2 0 -2
0 -2 0 0 0 0 0 0 0 2 0 0 2 2 2 -2 -2 0 2
0 -2 0 0 0 0 0 0 0 2 0 0 2 2 2 -2 2 0 -2
0 2 0 0 0 0 0 0 0 -2 0 0 2 2 2 -2 -2 0 2
0 2 0 0 0 0 0 0 0 -2 0 0 2 2 2 -2 2 0 -2
0 2 0 0 0 0 0 0 0 2 0 0 -2 2 2 -2 -2 0 2
0 2 0 0 0 0 0 0 0 2 0 0 -2 2 2 -2 2 0 -2
0 -2 0 0 0 0 0 0 0 -2 0 0 -2 2 2 -2 -2 0 2
0 -2 0 0 0 0 0 0 0 -2 0 0 -2 2 2 -2 2 0 -2
0 2 0 0 0 0 0 0 0 2 0 0 2 -2 2 -2 -2 0 2
0 2 0 0 0 0 0 0 0 2 0 0 2 -2 2 -2 2 0 -2
0 -2 0 0 0 0 0 0 0 -2 0 0 2 -2 2 -2 -2 0 2
0 -2 0 0 0 0 0 0 0 -2 0 0 2 -2 2 -2 2 0 -2
0 -2 0 0 0 0 0 0 0 2 0 0 -2 -2 2 -2 -2 0 2
0 -2 0 0 0 0 0 0 0 2 0 0 -2 -2 2 -2 2 0 -2
0 2 0 0 0 0 0 0 0 -2 0 0 -2 -2 2 -2 -2 0 2
0 2 0 0 0 0 0 0 0 -2 0 0 -2 -2 2 -2 2 0 -2
0 2 0 0 0 0 0 0 0 2 0 0 2 2 -2 -2 -2 0 2
0 2 0 0 0 0 0 0 0 2 0 0 2 2 -2 -2 2 0 -2
0 -2 0 0 0 0 0 0 0 -2 0 0 2 2 -2 -2 -2 0 2
0 -2 0 0 0 0 0 0 0 -2 0 0 2 2 -2 -2 2 0 -2
0 -2 0 0 0 0 0 0 0 2 0 0 -2 2 -2 -2 -2 0 2
0 -2 0 0 0 0 0 0 0 2 0 0 -2 2 -2 -2 2 0 -2
0 2 0 0 0 0 0 0 0 -2 0 0 -2 2 -2 -2 -2 0 2
0 2 0 0 0 0 0 0 0 -2 0 0 -2 2 -2 -2 2 0 -2
0 -2 0 0 0 0 0 0 0 2 0 0 2 -2 -2 -2 -2 0 2
0 -2 0 0 0 0 0 0 0 2 0 0 2 -2 -2 -2 2 0 -2
0 2 0 0 0 0 0 0 0 -2 0 0 2 -2 -2 -2 -2 0 2
0 2 0 0 0 0 0 0 0 -2 0 0 2 -2 -2 -2 2 0 -2
0 2 0 0 0 0 0 0 0 2 0 0 -2 -2 -2 -2 -2 0 2
0 2 0 0 0 0 0 0 0 2 0 0 -2 -2 -2 -2 2 0 -2
0 -2 0 0 0 0 0 0 0 -2 0 0 -2 -2 -2 -2 -2 0 2
0 -2 0 0 0 0 0 0 0 -2 0 0 -2 -2 -2 -2 2 0 -2
0 2 0 2 2 0 0 0 0 0 0 0 0 0 -2 0 4 0 0
0 2 0 2 -2 0 0 0 0 0 0 0 0 0 2 0 4 0 0
0 2 0 -2 2 0 0 0 0 0 0 0 0 0 2 0 4 0 0
0 2 0 -2 -2 0 0 0 0 0 0 0 0 0 -2 0 4 0 0
0 -2 0 2 2 0 0 0 0 0 0 0 0 0 2 0 4 0 0
0 -2 0 2 -2 0 0 0 0 0 0 0 0 0 -2 0 4 0 0
0 -2 0 -2 2 0 0 0 0 0 0 0 0 0 -2 0 4 0 0
0 -2 0 -2 -2 0 0 0 0 0 0 0 0 0 2 0 4 0 0
1638 1638 -1638 -1638 -1638 1638 1638 -1638 1638 1638 -1638 1638 -1638 1638 1638 1638 -4588 0 0
-1638 1638 1638 -1638 -1638 -1638 -1638 -1638 -1638 1638 1638 1638 -1638 1638 1638 1638 -4588 0 0
-1638 1638 1638 -1638 -1638 -1638 1638 -1638 1638 1638 -1638 -1638 1638 1638 1638 -1638 -4588 0 0
1638 1638 -1638 -1638 -1638 1638 -1638 -1638 -1638 1638 1638 -1638 1638 1638 1638 -1638 -4588 0 0
-1638 1638 1638 -1638 -1638 1638 1638 1638 1638 -1638 1638 1638 1638 1638 1638 1638 -4588 0 0
1638 1638 -1638 -1638 -1638 -1638 -1638 1638 -1638 -1638 -1638 1638 1638 1638 1638 1638 -4588 0 0
1638 1638 -1638 -1638 -1638 -1638 1638 1638 1638 -1638 1638 -1638 -1638 1638 1638 -1638 -4588 0 0
-1638 1638 1638 -1638 -1638 1638 -1638 1638 -1638 -1638 -1638 -1638 -1638 1638 1638 -1638 -4588 0 0
-1638 1638 -1638 -1638 -1638 -1638 1638 -1638 -1638 -1638 -1638 -1638 -1638 -1638 1638 1638 -4588 0 0
1638 1638 1638 -1638 -1638 1638 -1638 -1638 1638 -1638 1638 -1638 -1638 -1638 1638 1638 -4588 0 0
1638 1638 1638 -1638 -1638 1638 1638 -1638 -1638 -1638 -1638 1638 1638 -1638 1638 -1638 -4588 0 0
-1638 1638 -1638 -1638 -1638 -1638 -1638 -1638 1638 -1638 1638 1638 1638 -1638 1638 -1638 -4588 0 0
1638 1638 1638 -1638 -1638 -1638 1638 1638 -1638 1638 1638 -1638 1638 -1638 1638 1638 -4588 0 0
-1638 1638 -1638 -1638 -1638 1638 -1638 1638 1638 1638 -1638 -1638 1638 -1638 1638 1638 -4588 0 0
-1638 1638 -1638 -1638 -1638 1638 1638 1638 -1638 1638 1638 1638 -1638 -1638 1638 -1638 -4588 0 0
1638 1638 1638 -1638 -1638 -1638 -1638 1638 1638 1638 -1638 1638 -1638 -1638 1638 -1638 -4588 0 0
-1638 -1638 -1638 1638 -1638 -1638 1638 -1638 1638 -1638 1638 1638 -1638 1638 1638 1638 -4588 0 0
1638 -1638 1638 1638 -1638 1638 -1638 -1638 -1638 -1638 -1638 1638 -1638 1638 1638 1638 -4588 0 0
1638 -1638 1638 1638 -1638 1638 1638 -1638 1638 -1638 1638 -1638 1638 1638 1638 -1638 -4588 0 0
-1638 -1638 -1638 1638 -1638 -1638 -1638 -1638 -1638 -1638 -1638 -1638 1638 1638 1638 -1638 -4588 0 0
1638 -1638 1638 1638 -1638 -1638 1638 1638 1638 1638 -1638 1638 1638 1638 1638 1638 -4588 0 0
-1638 -1638 -1638 1638 -1638 1638 -1638 1638 -1638 1638 1638 1638 1638 1638 1638 1638 -4588 0 0
-1638 -1638 -1638 1638 -1638 1638 1638 1638 1638 1638 -1638 -1638 -1638 1638 1638 -1638 -4588 0 0
1638 -1638 1638 1638 -1638 -1638 -1638 1638 -1638 1638 1638 -1638 -1638 1638 1638 -1638 -4588 0 0
1638 -1638 -1638 1638 -1638 1638 1638 -1638 -1638 1638 1638 -1638 -1638 -1638 1638 1638 -4588 0 0
-1638 -1638 1638 1638 -1638 -1638 -1638 -1638 1638 1638 -1638 -1638 -1638 -1638 1638 1638 -4588 0 0
-1638 -1638 1638 1638 -1638 -1638 1638 -1638 -1638 1638 1638 1638 1638 -1638 1638 -1638 -4588 0 0
1638 -1638 -1638 1638 -1638 1638 -1638 -1638 1638 1638 -1638 1638 1638 -1638 1638 -1638 -4588 0 0
-1638 -1638 1638 1638 -1638 1638 1638 1638 -1638 -1638 -1638 -1638 1638 -1638 1638 1638 -4588 0 0
1638 -1638 -1638 1638 -1638 -1638 -1638 1638 1638 -1638 1638 -1638 1638 -1638 1638 1638 -4588 0 0
1638 -1638 -1638 1638 -1638 -1638 1638 1638 -1638 -1638 -1638 1638 -1638 -1638 1638 -1638 -4588 0 0
-1638 -1638 1638 1638 -1638 1638 -1638 1638 1638 -1638 1638 1638 -1638 -1638 1638 -1638 -4588 0 0
-1638 -1638 -1638 -1638 1638 -1638 -1638 -1638 1638 1638 -1638 1638 1638 1638 1638 1638 -4588 0 0
1638 -1638 1638 -1638 1638 1638 1638 -1638 -1638 1638 1638 1638 1638 1638 1638 1638 -4588 0 0
1638 -1638 1638 -1638 1638 1638 -1638 -1638 1638 1638 -1638 -1638 -1638 1638 1638 -1638 -4588 0 0
-1638 -1638 -1638 -1638 1638 -1638 1638 -1638 -1638 1638 1638 -1638 -1638 1638 1638 -1638 -4588 0 0
1638 -1638 1638 -1638 1638 -1638 -1638 1638 1638 -1638 1638 1638 -1638 1638 1638 1638 -4588 0 0
-1638 -1638 -1638 -1638 1638 1638 1638 1638 -1638 -1638 -1638 1638 -1638 1638 1638 1638 -4588 0 0
-1638 -1638 -1638 -1638 1638 1638 -1638 1638 1638 -1638 1638 -1638 1638 1638 1638 -1638 -4588 0 0
1638 -1638 1638 -1638 1638 -1638 1638 1638 -1638 -1638 -1638 -1638 1638 1638 1638 -1638 -4588 0 0
1638 -1638 -1638 -1638 1638 1638 -1638 -1638 -1638 -1638 -1638 -1638 1638 -1638 1638 1638 -4588 0 0
-1638 -1638 1638 -1638 1638 -1638 1638 -1638 1638 -1638 1638 -1638 1638 -1638 1638 1638 -4588 0 0
-1638 -1638 1638 -1638 1638 -1638 -1638 -1638 -1638 -1638 -1638 1638 -1638 -1638 1638 -1638 -4588 0 0
1638 -1638 -1638 -1638 1638 1638 1638 -1638 1638 -1638 1638 1638 -1638 -1638 1638 -1638 -4588 0 0
-1638 -1638 1638 -1638 1638 1638 -1638 1638 -1638 1638 1638 -1638 -1638 -1638 1638 1638 -4588 0 0
1638 -1638 -1638 -1638 1638 -1638 1638 1638 1638 1638 -1638 -1638 -1638 -1638 1638 1638 -4588 0 0
1638 -1638 -1638 -1638 1638 -1638 -1638 1638 -1638 1638 1638 1638 1638 -1638 1638 -1638 -4588 0 0
-1638 -1638 1638 -1638 1638 1638 1638 1638 1638 1638 -1638 1638 1638 -1638 1638 -1638 -4588 0 0
1638 1638 -1638 1638 1638 1638 -1638 -1638 1638 -1638 1638 1638 1638 1638 1638 1638 -4588 0 0
-1638 1638 1638 1638 1638 -1638 1638 -1638 -1638 -1638 -1638 1638 1638 1638 1638 1638 -4588 0 0
-1638 1638 1638 1638 1638 -1638 -1638 -1638 1638 -1638 1638 -1638 -1638 1638 1638 -1638 -4588 0 0
1638 1638 -1638 1638 1638 1638 1638 -1638 -1638 -1638 -1638 -1638 -1638 1638 1638 -1638 -4588 0 0
-1638 1638 1638 1638 1638 1638 -1638 1638 1638 1638 -1638 1638 -1638 1638 1638 1638 -4588 0 0
1638 1638 -1638 1638 1638 -1638 1638 1638 -1638 1638 1638 1638 -1638 1638 1638 1638 -4588 0 0
1638 1638 -1638 1638 1638 -1638 -1638 1638 1638 1638 -1638 -1638 1638 1638 1638 -1638 -4588 0 0
-1638 1638 1638 1638 1638 1638 1638 1638 -1638 1638 1638 -1638 1638 1638 1638 -1638 -4588 0 0
-1638 1638 -1638 1638 1638 -1638 -1638 -1638 -1638 1638 1638 -1638 1638 -1638 1638 1638 -4588 0 0
1638 1638 1638 1638 1638 1638 1638 -1638 1638 1638 -1638 -1638 1638 -1638 1638 1638 -4588 0 0
1638 1638 1638 1638 1638 1638 -1638 -1638 -1638 1638 1638 1638 -1638 -1638 1638 -1638 -4588 0 0
-1638 1638 -1638 1638 1638 -1638 1638 -1638 1638 1638 -1638 1638 -1638 -1638 1638 -1638 -4588 0 0
1638 1638 1638 1638 1638 -1638 -1638 1638 -1638 -1638 -1638 -1638 -1638 -1638 1638 1638 -4588 0 0
-1638 1638 -1638 1638 1638 1638 1638 1638 1638 -1638 1638 -1638 -1638 -1638 1638 1638 -4588 0 0
-1638 1638 -1638 1638 1638 1638 -1638 1638 -1638 -1638 -1638 1638 1638 -1638 1638 -1638 -4588 0 0
1638 1638 1638 1638 1638 -1638 1638 1638 1638 -1638 1638 1638 1638 -1638 1638 -1638 -4588 0 0
-1638 -1638 -1638 -1638 -1638 1638 -1638 -1638 -1638 1638 -1638 -1638 -1638 1638 -1638 1638 -4588 0 0
1638 -1638 1638 -1638 -1638 -1638 1638 -1638 1638 1638 1638 -1638 -1638 1638 -1638 1638 -4588 0 0
1638 -1638 1638 -1638 -1638 -1638 -1638 -1638 -1638 1638 -1638 1638 1638 1638 -1638 -1638 -4588 0 0
-1638 -1638 -1638 -1638 -1638 1638 1638 -1638 1638 1638 1638 1638 1638 1638 -1638 -1638 -4588 0 0
1638 -1638 1638 -1638 -1638 1638 -1638 1638 -1638 -1638 1638 -1638 1638 1638 -1638 1638 -4588 0 0
-1638 -1638 -1638 -1638 -1638 -1638 1638 1638 1638 -1638 -1638 -1638 1638 1638 -1638 1638 -4588 0 0
-1638 -1638 -1638 -1638 -1638 -1638 -1638 1638 -1638 -1638 1638 1638 -1638 1638 -1638 -1638 -4588 0 0
1638 -1638 1638 -1638 -1638 1638 1638 1638 1638 -1638 -1638 1638 -1638 1638 -1638 -1638 -4588 0 0
1638 -1638 -1638 -1638 -1638 -1638 -1638 -1638 1638 -1638 -1638 1638 -1638 -1638 -1638 1638 -4588 0 0
-1638 -1638 1638 -1638 -1638 1638 1638 -1638 -1638 -1638 1638 1638 -1638 -1638 -1638 1638 -4588 0 0
-1638 -1638 1638 -1638 -1638 1638 -1638 -1638 1638 -1638 -1638 -1638 1638 -1638 -1638 -1638 -4588 0 0
1638 -1638 -1638 -1638 -1638 -1638 1638 -1638 -1638 -1638 1638 -1638 1638 -1638 -1638 -1638 -4588 0 0
-1638 -1638 1638 -1638 -1638 -1638 -1638 1638 1638 1638 1638 1638 1638 -1638 -1638 1638 -4588 0 0
1638 -1638 -1638 -1638 -1638 1638 1638 1638 -1638 1638 -1638 1638 1638 -1638 -1638 1638 -4588 0 0
1638 -1638 -1638 -1638 -1638 1638 -1638 1638 1638 1638 1638 -1638 -1638 -1638 -1638 -1638 -4588 0 0
-1638 -1638 1638 -1638 -1638 -1638 1638 1638 -1638 1638 -1638 -1638 -1638 -1638 -1638 -1638 -4588 0 0
1638 1638 -1638 1638 -1638 -1638 -1638 -1638 -1638 -1638 1638 -1638 -1638 1638 -1638 1638 -4588 0 0
-1638 1638 1638 1638 -1638 1638 1638 -1638 1638 -1638 -1638 -1638 -1638 1638 -1638 1638 -4588 0 0
-1638 1638 1638 1638 -1638 1638 -1638 -1638 -1638 -1638 1638 1638 1638 1638 -1638 -1638 -4588 0 0
1638 1638 -1638 1638 -1638 -1638 1638 -1638 1638 -1638 -1638 1638 1638 1638 -1638 -1638 -4588 0 0
-1638 1638 1638 1638 -1638 -1638 -1638 1638 -1638 1638 -1638 -1638 1638 1638 -1638 1638 -4588 0 0
1638 1638 -1638 1638 -1638 1638 1638 1638 1638 1638 1638 -1638 1638 1638 -1638 1638 -4588 0 0
1638 1638 -1638 1638 -1638 1638 -1638 1638 -1638 1638 -1638 1638 -1638 1638 -1638 -1638 -4588 0 0
-1638 1638 1638 1638 -1638 -1638 1638 1638 1638 1638 1638 1638 -1638 1638 -1638 -1638 -4588 0 0
-1638 1638 -1638 1638 -1638 1638 -1638 -1638 1638 1638 1638 1638 -1638 -1638 -1638 1638 -4588 0 0
1638 1638 1638 1638 -1638 -1638 1638 -1638 -1638 1638 -1638 1638 -1638 -1638 -1638 1638 -4588 0 0
1638 1638 1638 1638 -1638 -1638 -1638 -1638 1638 1638 1638 -1638 1638 -1638 -1638 -1638 -4588 0 0
-1638 1638 -1638 1638 -1638 1638 1638 -1638 -1638 1638 -1638 -1638 1638 -1638 -1638 -1638 -4588 0 0
1638 1638 1638 1638 -1638 1638 -1638 1638 1638 -1638 -1638 1638 1638 -1638 -1638 1638 -4588 0 0
-1638 1638 -1638 1638 -1638 -1638 1638 1638 -1638 -1638 1638 1638 1638 -1638 -1638 1638 -4588 0 0
-1638 1638 -1638 1638 -1638 -1638 -1638 1638 1638 -1638 -1638 -1638 -1638 -1638 -1638 -1638 -4588 0 0
1638 1638 1638 1638 -1638 1638 1638 1638 -1638 -1638 1638 -1638 -1638 -1638 -1638 -1638 -4588 0 0
1638 1638 -1638 -1638 1638 -1638 1638 -1638 -1638 1638 -1638 -1638 1638 1638 -1638 1638 -4588 0 0
-1638 1638 1638 -1638 1638 1638 -1638 -1638 1638 1638 1638 -1638 1638 1638 -1638 1638 -4588 0 0
-1638 1638 1638 -1638 1638 1638 1638 -1638 -1638 1638 -1638 1638 -1638 1638 -1638 -1638 -4588 0 0
1638 1638 -1638 -1638 1638 -1638 -1638 -1638 1638 1638 1638 1638 -1638 1638 -1638 -1638 -4588 0 0
-1638 1638 1638 -1638 1638 -1638 1638 1638 -1638 -1638 1638 -1638 -1638 1638 -1638 1638 -4588 0 0
1638 1638 -1638 -1638 1638 1638 -1638 1638 1638 -1638 -1638 -1638 -1638 1638 -1638 1638 -4588 0 0
1638 1638 -1638 -1638 1638 1638 1638 1638 -1638 -1638 1638 1638 1638 1638 -1638 -1638 -4588 0 0
-1638 1638 1638 -1638 1638 -1638 -1638 1638 1638 -1638 -1638 1638 1638 1638 -1638 -1638 -4588 0 0
-1638 1638 -1638 -1638 1638 1638 1638 -1638 1638 -1638 -1638 1638 1638 -1638 -1638 1638 -4588 0 0
1638 1638 1638 -1638 1638 -1638 -1638 -1638 -1638 -1638 1638 1638 1638 -1638 -1638 1638 -4588 0 0
1638 1638 1638 -1638 1638 -1638 1638 -1638 1638 -1638 -1638 -1638 -1638 -1638 -1638 -1638 -4588 0 0
-1638 1638 -1638 -1638 1638 1638 -1638 -1638 -1638 -1638 1638 -1638 -1638 -1638 -1638 -1638 -4588 0 0
1638 1638 1638 -1638 1638 1638 1638 1638 1638 1638 1638 1638 -1638 -1638 -1638 1638 -4588 0 0
-1638 1638 -1638 -1638 1638 -1638 -1638 1638 -1638 1638 -1638 1638 -1638 -1638 -1638 1638 -4588 0 0
-1638 1638 -1638 -1638 1638 -1638 1638 1638 1638 1638 1638 -1638 1638 -1638 -1638 -1638 -4588 0 0
1638 1638 1638 -1638 1638 1638 -1638 1638 -1638 1638 -1638 -1638 1638 -1638 -1638 -1638 -4588 0 0
-1638 -1638 -1638 1638 1638 1638 1638 -1638 -1638 -1638 1638 -1638 1638 1638 -1638 1638 -4588 0 0
1638 -1638 1638 1638 1638 -1638 -1638 -1638 1638 -1638 -1638 -1638 1638 1638 -1638 1638 -4588 0 0
1638 -1638 1638 1638 1638 -1638 1638 -1638 -1638 -1638 1638 1638 -1638 1638 -1638 -1638 -4588 0 0
-1638 -1638 -1638 1638 1638 1638 -1638 -1638 1638 -1638 -1638 1638 -1638 1638 -1638 -1638 -4588 0 0
1638 -1638 1638 1638 1638 1638 1638 1638 -1638 1638 -1638 -1638 -1638 1638 -1638 1638 -4588 0 0
-1638 -1638 -1638 1638 1638 -1638 -1638 1638 1638 1638 1638 -1638 -1638 1638 -1638 1638 -4588 0 0
-1638 -1638 -1638 1638 1638 -1638 1638 1638 -1638 1638 -1638 1638 1638 1638 -1638 -1638 -4588 0 0
1638 -1638 1638 1638 1638 1638 -1638 1638 1638 1638 1638 1638 1638 1638 -1638 -1638 -4588 0 0
1638 -1638 -1638 1638 1638 -1638 1638 -1638 1638 1638 1638 1638 1638 -1638 -1638 1638 -4588 0 0
-1638 -1638 1638 1638 1638 1638 -1638 -1638 -1638 1638 -1638 1638 1638 -1638 -1638 1638 -4588 0 0
-1638 -1638 1638 1638 1638 1638 1638 -1638 1638 1638 1638 -1638 -1638 -1638 -1638 -1638 -4588 0 0
1638 -1638 -1638 1638 1638 -1638 -1638 -1638 -1638 1638 -1638 -1638 -1638 -1638 -1638 -1638 -4588 0 0
-1638 -1638 1638 1638 1638 -1638 1638 1638 1638 -1638 -1638 1638 -1638 -1638 -1638 1638 -4588 0 0
1638 -1638 -1638 1638 1638 1638 -1638 1638 -1638 -1638 1638 1638 -1638 -1638 -1638 1638 -4588 0 0
1638 -1638 -1638 1638 1638 1638 1638 1638 1638 -1638 -1638 -1638 1638 -1638 -1638 -1638 -4588 0 0
-1638 -1638 1638 1638 1638 -1638 -1638 1638 -1638 -1638 1638 -1638 1638 -1638 -1638 -1638 -4588 0 0
-1633 1633 1633 -1633 -1633 -1633 -1633 1633 1633 1633 -1633 1633 1633 1633 1633 1633 -102 -4616 1
1633 1633 -1633 -1633 -1633 1633 1633 1633 -1633 1633 1633 1633 1633 1633 1633 1633 -102 -4616 1
1633 1633 -1633 -1633 -1633 1633 -1633 1633 1633 1633 -1633 -1633 -1633 1633 1633 -1633 -102 -4616 1
-1633 1633 1633 -1633 -1633 -1633 1633 1633 -1633 1633 1633 -1633 -1633 1633 1633 -1633 -102 -4616 1
1633 1633 -1633 -1633 -1633 -1633 -1633 -1633 1633 -1633 1633 1633 -1633 1633 1633 1633 -102 -4616 1
-1633 1633 1633 -1633 -1633 1633 1633 -1633 -1633 -1633 -1633 1633 -1633 1633 1633 1633 -102 -4616 1
-1633 1633 1633 -1633 -1633 1633 -1633 -1633 1633 -1633 1633 -1633 1633 1633 1633 -1633 -102 -4616 1
1633 1633 -1633 -1633 -1633 -1633 1633 -1633 -1633 -1633 -1633 -1633 1633 1633 1633 -1633 -102 -4616 1
1633 1633 1633 -1633 -1633 1633 -1633 1633 -1633 -1633 -1633 -1633 1633 -1633 1633 1633 -102 -4616 1
-1633 1633 -1633 -1633 -1633 -1633 1633 1633 1633 -1633 1633 -1633 1633 -1633 1633 1633 -102 -4616 1
-1633 1633 -1633 -1633 -1633 -1633 -1633 1633 -1633 -1633 -1633 1633 -1633 -1633 1633 -1633 -102 -4616 1
1633 1633 1633 -1633 -1633 1633 1633 1633 1633 -1633 1633 1633 -1633 -1633 1633 -1633 -102 -4616 1
-1633 1633 -1633 -1633 -1633 1633 -1633 -1633 -1633 1633 1633 -1633 -1633 -1633 1633 1633 -102 -4616 1
1633 1633 1633 -1633 -1633 -1633 1633 -1633 1633 1633 -1633 -1633 -1633 -1633 1633 1633 -102 -4616 1
1633 1633 1633 -1633 -1633 -1633 -1633 -1633 -1633 1633 1633 1633 1633 -1633 1633 -1633 -102 -4616 1
-1633 1633 -1633 -1633 -1633 1633 1633 -1633 1633 1633 -1633 1633 1633 -1633 1633 -1633 -102 -4616 1
1633 -1633 1633 1633 -1633 1633 -1633 1633 1633 -1633 1633 1633 1633 1633 1633 1633 -102 -4616 1
-1633 -1633 -1633 1633 -1633 -1633 1633 1633 -1633 -1633 -1633 1633 1633 1633 1633 1633 -102 -4616 1
-1633 -1633 -1633 1633 -1633 -1633 -1633 1633 1633 -1633 1633 -1633 -1633 1633 1633 -1633 -102 -4616 1
1633 -1633 1633 1633 -1633 1633 1633 1633 -1633 -1633 -1633 -1633 -1633 1633 1633 -1633 -102 -4616 1
-1633 -1633 -1633 1633 -1633 1633 -1633 -1633 1633 1633 -1633 1633 -1633 1633 1633 1633 -102 -4616 1
1633 -1633 1633 1633 -1633 -1633 1633 -1633 -1633 1633 1633 1633 -1633 1633 1633 1633 -102 -4616 1
1633 -1633 1633 1633 -1633 -1633 -1633 -1633 1633 1633 -1633 -1633 1633 1633 1633 -1633 -102 -4616 1
-1633 -1633 -1633 1633 -1633 1633 1633 -1633 -1633 1633 1633 -1633 1633 1633 1633 -1633 -102 -4616 1
-1633 -1633 1633 1633 -1633 -1633 -1633 1633 -1633 1633 1633 -1633 1633 -1633 1633 1633 -102 -4616 1
1633 -1633 -1633 1633 -1633 1633 1633 1633 1633 1633 -1633 -1633 1633 -1633 1633 1633 -102 -4616 1
1633 -1633 -1633 1633 -1633 1633 -1633 1633 -1633 1633 1633 1633 -1633 -1633 1633 -1633 -102 -4616 1
-1633 -1633 1633 1633 -1633 -1633 1633 1633 1633 1633 -1633 1633 -1633 -1633 1633 -1633 -102 -4616 1
1633 -1633 -1633 1633 -1633 -1633 -1633 -1633 -1633 -1633 -1633 -1633 -1633 -1633 1633 1633 -102 -4616 1
-1633 -1633 1633 1633 -1633 1633 1633 -1633 1633 -1633 1633 -1633 -1633 -1633 1633 1633 -102 -4616 1
-1633 -1633 1633 1633 -1633 1633 -1633 -1633 -1633 -1633 -1633 1633 1633 -1633 1633 -1633 -102 -4616 1
1633 -1633 -1633 1633 -1633 -1633 1633 -1633 1633 -1633 1633 1633 1633 -1633 1633 -1633 -102 -4616 1
1633 -1633 1633 -1633 1633 1633 1633 1633 1633 1633 -1633 1633 -1633 1633 1633 1633 -102 -4616 1
-1633 -1633 -1633 -1633 1633 -1633 -1633 1633 -1633 1633 1633 1633 -1633 1633 1633 1633 -102 -4616 1
-1633 -1633 -1633 -1633 1633 -1633 1633 1633 1633 1633 -1633 -1633 1633 1633 1633 -1633 -102 -4616 1
1633 -1633 1633 -1633 1633 1633 -1633 1633 -1633 1633 1633 -1633 1633 1633 1633 -1633 -102 -4616 1
-1633 -1633 -1633 -1633 1633 1633 1633 -1633 1633 -1633 1633 1633 1633 1633 1633 1633 -102 -4616 1
1633 -1633 1633 -1633 1633 -1633 -1633 -1633 -1633 -1633 -1633 1633 1633 1633 1633 1633 -102 -4616 1
1633 -1633 1633 -1633 1633 -1633 1633 -1633 1633 -1633 1633 -1633 -1633 1633 1633 -1633 -102 -4616 1
-1633 -1633 -1633 -1633 1633 1633 -1633 -1633 -1633 -1633 -1633 -1633 -1633 1633 1633 -1633 -102 -4616 1
-1633 -1633 1633 -1633 1633 -1633 1633 1633 -1633 -1633 -1633 -1633 -1633 -1633 1633 1633 -102 -4616 1
1633 -1633 -1633 -1633 1633 1633 -1633 1633 1633 -1633 1633 -1633 -1633 -1633 1633 1633 -102 -4616 1
1633 -1633 -1633 -1633 1633 1633 1633 1633 -1633 -1633 -1633 1633 1633 -1633 1633 -1633 -102 -4616 1
-1633 -1633 1633 -1633 1633 -1633 -1633 1633 1633 -1633 1633 1633 1633 -1633 1633 -1633 -102 -4616 1
1633 -1633 -1633 -1633 1633 -1633 1633 -1633 -1633 1633 1633 -1633 1633 -1633 1633 1633 -102 -4616 1
-1633 -1633 1633 -1633 1633 1633 -1633 -1633 1633 1633 -1633 -1633 1633 -1633 1633 1633 -102 -4616 1
-1633 -1633 1633 -1633 1633 1633 1633 -1633 -1633 1633 1633 1633 -1633 -1633 1633 -1633 -102 -4616 1
1633 -1633 -1633 -1633 1633 -1633 -1633 -1633 1633 1633 -1633 1633 -1633 -1633 1633 -1633 -102 -4616 1
-1633 1633 1633 1633 1633 -1633 1633 1633 1633 -1633 1633 1633 -1633 1633 1633 1633 -102 -4616 1
1633 1633 -1633 1633 1633 1633 -1633 1633 -1633 -1633 -1633 1633 -1633 1633 1633 1633 -102 -4616 1
1633 1633 -1633 1633 1633 1633 1633 1633 1633 -1633 1633 -1633 1633 1633 1633 -1633 -102 -4616 1
-1633 1633 1633 1633 1633 -1633 -1633 1633 -1633 -1633 -1633 -1633 1633 1633 1633 -1633 -102 -4616 1
1633 1633 -1633 1633 1633 -1633 1633 -1633 1633 1633 -1633 1633 1633 1633 1633 1633 -102 -4616 1
-1633 1633 1633 1633 1633 1633 -1633 -1633 -1633 1633 1633 1633 1633 1633 1633 1633 -102 -4616 1
-1633 1633 1633 1633 1633 1633 1633 -1633 1633 1633 -1633 -1633 -1633 1633 1633 -1633 -102 -4616 1
1633 1633 -1633 1633 1633 -1633 -1633 -1633 -1633 1633 1633 -1633 -1633 1633 1633 -1633 -102 -4616 1
1633 1633 1633 1633 1633 1633 1633 1633 -1633 1633 1633 -1633 -1633 -1633 1633 1633 -102 -4616 1
-1633 1633 -1633 1633 1633 -1633 -1633 1633 1633 1633 -1633 -1633 -1633 -1633 1633 1633 -102 -4616 1
-1633 1633 -1633 1633 1633 -1633 1633 1633 -1633 1633 1633 1633 1633 -1633 1633 -1633 -102 -4616 1
1633 1633 1633 1633 1633 1633 -1633 1633 1633 1633 -1633 1633 1633 -1633 1633 -1633 -102 -4616 1
-1633 1633 -1633 1633 1633 1633 1633 -1633 -1633 -1633 -1633 -1633 1633 -1633 1633 1633 -102 -4616 1
1633 1633 1633 1633 1633 -1633 -1633 -1633 1633 -1633 1633 -1633 1633 -1633 1633 1633 -102 -4616 1
1633 1633 1633 1633 1633 -1633 1633 -1633 -1633 -1633 -1633 1633 -1633 -1633 1633 -1633 -102 -4616 1
-1633 1633 -1633 1633 1633 1633 -1633 -1633 1633 -1633 1633 1633 -1633 -1633 1633 -1633 -102 -4616 1
1633 -1633 1633 -1633 -1633 -1633 1633 1633 -1633 1633 -1633 -1633 1633 1633 -1633 1633 -102 -4616 1
-1633 -1633 -1633 -1633 -1633 1633 -1633 1633 1633 1633 1633 -1633 1633 1633 -1633 1633 -102 -4616 1
-1633 -1633 -1633 -1633 -1633 1633 1633 1633 -1633 1633 -1633 1633 -1633 1633 -1633 -1633 -102 -4616 1
1633 -1633 1633 -1633 -1633 -1633 -1633 1633 1633 1633 1633 1633 -1633 1633 -1633 -1633 -102 -4616 1
-1633 -1633 -1633 -1633 -1633 -1633 1633 -1633 -1633 -1633 1633 -1633 -1633 1633 -1633 1633 -102 -4616 1
1633 -1633 1633 -1633 -1633 1633 -1633 -1633 1633 -1633 -1633 -1633 -1633 1633 -1633 1633 -102 -4616 1
1633 -1633 1633 -1633 -1633 1633 1633 -1633 -1633 -1633 1633 1633 1633 1633 -1633 -1633 -102 -4616 1
-1633 -1633 -1633 -1633 -1633 -1633 -1633 -1633 1633 -1633 -1633 1633 1633 1633 -1633 -1633 -102 -4616 1
-1633 -1633 1633 -1633 -1633 1633 1633 1633 1633 -1633 -1633 1633 1633 -1633 -1633 1633 -102 -4616 1
1633 -1633 -1633 -1633 -1633 -1633 -1633 1633 -1633 -1633 1633 1633 1633 -1633 -1633 1633 -102 -4616 1
1633 -1633 -1633 -1633 -1633 -1633 1633 1633 1633 -1633 -1633 -1633 -1633 -1633 -1633 -1633 -102 -4616 1
-1633 -1633 1633 -1633 -1633 1633 -1633 1633 -1633 -1633 1633 -1633 -1633 -1633 -1633 -1633 -102 -4616 1
1633 -1633 -1633 -1633 -1633 1633 1633 -1633 1633 1633 1633 1633 -1633 -1633 -1633 1633 -102 -4616 1
-1633 -1633 1633 -1633 -1633 -1633 -1633 -1633 -1633 1633 -1633 1633 -1633 -1633 -1633 1633 -102 -4616 1
-1633 -1633 1633 -1633 -1633 -1633 1633 -1633 1633 1633 1633 -1633 1633 -1633 -1633 -1633 -102 -4616 1
1633 -1633 -1633 -1633 -1633 1633 -1633 -1633 -1633 1633 -1633 -1633 1633 -1633 -1633 -1633 -102 -4616 1
-1633 1633 1633 1633 -1633 1633 1633 1633 -1633 -1633 1633 -1633 1633 1633 -1633 1633 -102 -4616 1
1633 1633 -1633 1633 -1633 -1633 -1633 1633 1633 -1633 -1633 -1633 1633 1633 -1633 1633 -102 -4616 1
1633 1633 -1633 1633 -1633 -1633 1633 1633 -1633 -1633 1633 1633 -1633 1633 -1633 -1633 -102 -4616 1
-1633 1633 1633 1633 -1633 1633 -1633 1633 1633 -1633 -1633 1633 -1633 1633 -1633 -1633 -102 -4616 1
1633 1633 -1633 1633 -1633 1633 1633 -1633 -1633 1633 -1633 -1633 -1633 1633 -1633 1633 -102 -4616 1
-1633 1633 1633 1633 -1633 -1633 -1633 -1633 1633 1633 1633 -1633 -1633 1633 -1633 1633 -102 -4616 1
-1633 1633 1633 1633 -1633 -1633 1633 -1633 -1633 1633 -1633 1633 1633 1633 -1633 -1633 -102 -4616 1
1633 1633 -1633 1633 -1633 1633 -1633 -1633 1633 1633 1633 1633 1633 1633 -1633 -1633 -102 -4616 1
1633 1633 1633 1633 -1633 -1633 1633 1633 1633 1633 1633 1633 1633 -1633 -1633 1633 -102 -4616 1
-1633 1633 -1633 1633 -1633 1633 -1633 1633 -1633 1633 -1633 1633 1633 -1633 -1633 1633 -102 -4616 1
-1633 1633 -1633 1633 -1633 1633 1633 1633 1633 1633 1633 -1633 -1633 -1633 -1633 -1633 -102 -4616 1
1633 1633 1633 1633 -1633 -1633 -1633 1633 -1633 1633 -1633 -1633 -1633 -1633 -1633 -1633 -102 -4616 1
-1633 1633 -1633 1633 -1633 -1633 1633 -1633 1633 -1633 -1633 1633 -1633 -1633 -1633 1633 -102 -4616 1
1633 1633 1633 1633 -1633 1633 -1633 -1633 -1633 -1633 1633 1633 -1633 -1633 -1633 1633 -102 -4616 1
1633 1633 1633 1633 -1633 1633 1633 -1633 1633 -1633 -1633 -1633 1633 -1633 -1633 -1633 -102 -4616 1
-1633 1633 -1633 1633 -1633 -1633 -1633 -1633 -1633 -1633 1633 -1633 1633 -1633 -1633 -1633 -102 -4616 1
-1633 1633 1633 -1633 1633 1633 -1633 1633 -1633 1633 -1633 -1633 -1633 1633 -1633 1633 -102 -4616 1
1633 1633 -1633 -1633 1633 -1633 1633 1633 1633 1633 1633 -1633 -1633 1633 -1633 1633 -102 -4616 1
1633 1633 -1633 -1633 1633 -1633 -1633 1633 -1633 1633 -1633 1633 1633 1633 -1633 -1633 -102 -4616 1
-1633 1633 1633 -1633 1633 1633 1633 1633 1633 1633 1633 1633 1633 1633 -1633 -1633 -102 -4616 1
1633 1633 -1633 -1633 1633 1633 -1633 -1633 -1633 -1633 1633 -1633 1633 1633 -1633 1633 -102 -4616 1
-1633 1633 1633 -1633 1633 -1633 1633 -1633 1633 -1633 -1633 -1633 1633 1633 -1633 1633 -102 -4616 1
-1633 1633 1633 -1633 1633 -1633 -1633 -1633 -1633 -1633 1633 1633 -1633 1633 -1633 -1633 -102 -4616 1
1633 1633 -1633 -1633 1633 1633 1633 -1633 1633 -1633 -1633 1633 -1633 1633 -1633 -1633 -102 -4616 1
1633 1633 1633 -1633 1633 -1633 -1633 1633 1633 -1633 -1633 1633 -1633 -1633 -1633 1633 -102 -4616 1
-1633 1633 -1633 -1633 1633 1633 1633 1633 -1633 -1633 1633 1633 -1633 -1633 -1633 1633 -102 -4616 1
-1633 1633 -1633 -1633 1633 1633 -1633 1633 1633 -1633 -1633 -1633 1633 -1633 -1633 -1633 -102 -4616 1
1633 1633 1633 -1633 1633 -1633 1633 1633 -1633 -1633 1633 -1633 1633 -1633 -1633 -1633 -102 -4616 1
-1633 1633 -1633 -1633 1633 -1633 -1633 -1633 1633 1633 1633 1633 1633 -1633 -1633 1633 -102 -4616 1
1633 1633 1633 -1633 1633 1633 1633 -1633 -1633 1633 -1633 1633 1633 -1633 -1633 1633 -102 -4616 1
1633 1633 1633 -1633 1633 1633 -1633 -1633 1633 1633 1633 -1633 -1633 -1633 -1633 -1633 -102 -4616 1
-1633 1633 -1633 -1633 1633 -1633 1633 -1633 -1633 1633 -1633 -1633 -1633 -1633 -1633 -1633 -102 -4616 1
1633 -1633 1633 1633 1633 -1633 -1633 1633 -1633 -1633 1633 -1633 -1633 1633 -1633 1633 -102 -4616 1
-1633 -1633 -1633 1633 1633 1633 1633 1633 1633 -1633 -1633 -1633 -1633 1633 -1633 1633 -102 -4616 1
-1633 -1633 -1633 1633 1633 1633 -1633 1633 -1633 -1633 1633 1633 1633 1633 -1633 -1633 -102 -4616 1
1633 -1633 1633 1633 1633 -1633 1633 1633 1633 -1633 -1633 1633 1633 1633 -1633 -1633 -102 -4616 1
-1633 -1633 -1633 1633 1633 -1633 -1633 -1633 -1633 1633 -1633 -1633 1633 1633 -1633 1633 -102 -4616 1
1633 -1633 1633 1633 1633 1633 1633 -1633 1633 1633 1633 -1633 1633 1633 -1633 1633 -102 -4616 1
1633 -1633 1633 1633 1633 1633 -1633 -1633 -1633 1633 -1633 1633 -1633 1633 -1633 -1633 -102 -4616 1
-1633 -1633 -1633 1633 1633 -1633 1633 -1633 1633 1633 1633 1633 -1633 1633 -1633 -1633 -102 -4616 1
-1633 -1633 1633 1633 1633 1633 -1633 1633 1633 1633 1633 1633 -1633 -1633 -1633 1633 -102 -4616 1
1633 -1633 -1633 1633 1633 -1633 1633 1633 -1633 1633 -1633 1633 -1633 -1633 -1633 1633 -102 -4616 1
1633 -1633 -1633 1633 1633 -1633 -1633 1633 1633 1633 1633 -1633 1633 -1633 -1633 -1633 -102 -4616 1
-1633 -1633 1633 1633 1633 1633 1633 1633 -1633 1633 -1633 -1633 1633 -1633 -1633 -1633 -102 -4616 1
1633 -1633 -1633 1633 1633 1633 -1633 -1633 1633 -1633 -1633 1633 1633 -1633 -1633 1633 -102 -4616 1
-1633 -1633 1633 1633 1633 -1633 1633 -1633 -1633 -1633 1633 1633 1633 -1633 -1633 1633 -102 -4616 1
-1633 -1633 1633 1633 1633 -1633 -1633 -1633 1633 -1633 -1633 -1633 -1633 -1633 -1633 -1633 -102 -4616 1
1633 -1633 -1633 1633 1633 1633 1633 -1633 -1633 -1633 1633 -1633 -1633 -1633 -1633 -1633 -102 -4616 1
1633 1633 1633 -1633 -1633 -1633 1633 1635 1633 1633 1633 1635 -1633 1633 1633 1633 -101 0 4616
-1633 1633 -1633 -1633 -1633 1633 -1633 1635 -1633 1633 -1633 1635 -1633 1633 1633 1633 -101 0 4616
-1633 1633 -1633 -1633 -1633 1633 1633 1635 1633 1633 1633 -1635 1633 1633 1633 -1633 -101 0 4616
1633 1633 1633 -1633 -1633 -1633 -1633 1635 -1633 1633 -1633 -1635 1633 1633 1633 -1633 -101 0 4616
-1633 1633 -1633 -1633 -1633 -1633 1633 -1635 1633 -1633 -1633 1635 1633 1633 1633 1633 -101 0 4616
1633 1633 1633 -1633 -1633 1633 -1633 -1635 -1633 -1633 1633 1635 1633 1633 1633 1633 -101 0 4616
1633 1633 1633 -1633 -1633 1633 1633 -1635 1633 -1633 -1633 -1635 -1633 1633 1633 -1633 -101 0 4616
-1633 1633 -1633 -1633 -1633 -1633 -1633 -1635 -1633 -1633 1633 -1635 -1633 1633 1633 -1633 -101 0 4616
-1633 1633 1633 -1633 -1633 1633 1633 1635 -1633 -1633 1633 -1635 -1633 -1633 1633 1633 -101 0 4616
1633 1633 -1633 -1633 -1633 -1633 -1633 1635 1633 -1633 -1633 -1635 -1633 -1633 1633 1633 -101 0 4616
1633 1633 -1633 -1633 -1633 -1633 1633 1635 -1633 -1633 1633 1635 1633 -1633 1633 -1633 -101 0 4616
-1633 1633 1633 -1633 -1633 1633 -1633 1635 1633 -1633 -1633 1635 1633 -1633 1633 -1633 -101 0 4616
1633 1633 -1633 -1633 -1633 1633 1633 -1635 -1633 1633 -1633 -1635 1633 -1633 1633 1633 -101 0 4616
-1633 1633 1633 -1633 -1633 -1633 -1633 -1635 1633 1633 1633 -1635 1633 -1633 1633 1633 -101 0 4616
-1633 1633 1633 -1633 -1633 -1633 1633 -1635 -1633 1633 -1633 1635 -1633 -1633 1633 -1633 -101 0 4616
1633 1633 -1633 -1633 -1633 1633 -1633 -1635 1633 1633 1633 1635 -1633 -1633 1633 -1633 -101 0 4616
-1633 -1633 1633 1633 -1633 1633 1633 1635 1633 -1633 -1633 1635 -1633 1633 1633 1633 -101 0 4616
1633 -1633 -1633 1633 -1633 -1633 -1633 1635 -1633 -1633 1633 1635 -1633 1633 1633 1633 -101 0 4616
1633 -1633 -1633 1633 -1633 -1633 1633 1635 1633 -1633 -1633 -1635 1633 1633 1633 -1633 -101 0 4616
-1633 -1633 1633 1633 -1633 1633 -1633 1635 -1633 -1633 1633 -1635 1633 1633 1633 -1633 -101 0 4616
1633 -1633 -1633 1633 -1633 1633 1633 -1635 1633 1633 1633 1635 1633 1633 1633 1633 -101 0 4616
-1633 -1633 1633 1633 -1633 -1633 -1633 -1635 -1633 1633 -1633 1635 1633 1633 1633 1633 -101 0 4616
-1633 -1633 1633 1633 -1633 -1633 1633 -1635 1633 1633 1633 -1635 -1633 1633 1633 -1633 -101 0 4616
1633 -1633 -1633 1633 -1633 1633 -1633 -1635 -1633 1633 -1633 -1635 -1633 1633 1633 -1633 -101 0 4616
1633 -1633 1633 1633 -1633 -1633 1633 1635 -1633 1633 -1633 -1635 -1633 -1633 1633 1633 -101 0 4616
-1633 -1633 -1633 1633 -1633 1633 -1633 1635 1633 1633 1633 -1635 -1633 -1633 1633 1633 -101 0 4616
-1633 -1633 -1633 1633 -1633 1633 1633 1635 -1633 1633 -1633 1635 1633 -1633 1633 -1633 -101 0 4616
1633 -1633 1633 1633 -1633 -1633 -1633 1635 1633 1633 1633 1635 1633 -1633 1633 -1633 -101 0 4616
-1633 -1633 -1633 1633 -1633 -1633 1633 -1635 -1633 -1633 1633 -1635 1633 -1633 1633 1633 -101 0 4616
1633 -1633 1633 1633 -1633 1633 -1633 -1635 1633 -1633 -1633 -1635 1633 -1633 1633 1633 -101 0 4616
1633 -1633 1633 1633 -1633 1633 1633 -1635 -1633 -1633 1633 1635 -1633 -1633 1633 -1633 -101 0 4616
-1633 -1633 -1633 1633 -1633 -1633 -1633 -1635 1633 -1633 -1633 1635 -1633 -1633 1633 -1633 -101 0 4616
-1633 -1633 1633 -1633 1633 1633 -1633 1635 1633 1633 1633 1635 1633 1633 1633 1633 -101 0 4616
1633 -1633 -1633 -1633 1633 -1633 1633 1635 -1633 1633 -1633 1635 1633 1633 1633 1633 -101 0 4616
1633 -1633 -1633 -1633 1633 -1633 -1633 1635 1633 1633 1633 -1635 -1633 1633 1633 -1633 -101 0 4616
-1633 -1633 1633 -1633 1633 1633 1633 1635 -1633 1633 -1633 -1635 -1633 1633 1633 -1633 -101 0 4616
1633 -1633 -1633 -1633 1633 1633 -1633 -1635 1633 -1633 -1633 1635 -1633 1633 1633 1633 -101 0 4616
-1633 -1633 1633 -1633 1633 -1633 1633 -1635 -1633 -1633 1633 1635 -1633 1633 1633 1633 -101 0 4616
-1633 -1633 1633 -1633 1633 -1633 -1633 -1635 1633 -1633 -1633 -1635 1633 1633 1633 -1633 -101 0 4616
1633 -1633 -1633 -1633 1633 1633 1633 -1635 -1633 -1633 1633 -1635 1633 1633 1633 -1633 -101 0 4616
1633 -1633 1633 -1633 1633 -1633 -1633 1635 -1633 -1633 1633 -1635 1633 -1633 1633 1633 -101 0 4616
-1633 -1633 -1633 -1633 1633 1633 1633 1635 1633 -1633 -1633 -1635 1633 -1633 1633 1633 -101 0 4616
-1633 -1633 -1633 -1633 1633 1633 -1633 1635 -1633 -1633 1633 1635 -1633 -1633 1633 -1633 -101 0 4616
1633 -1633 1633 -1633 1633 -1633 1633 1635 1633 -1633 -1633 1635 -1633 -1633 1633 -1633 -101 0 4616
-1633 -1633 -1633 -1633 1633 -1633 -1633 -1635 -1633 1633 -1633 -1635 -1633 -1633 1633 1633 -101 0 4616
1633 -1633 1633 -1633 1633 1633 1633 -1635 1633 1633 1633 -1635 -1633 -1633 1633 1633 -101 0 4616
1633 -1633 1633 -1633 1633 1633 -1633 -1635 -1633 1633 -1633 1635 1633 -1633 1633 -1633 -101 0 4616
-1633 -1633 -1633 -1633 1633 -1633 1633 -1635 1633 1633 1633 1635 1633 -1633 1633 -1633 -101 0 4616
1633 1633 1633 1633 1633 -1633 -1633 1635 1633 -1633 -1633 1635 1633 1633 1633 1633 -101 0 4616
-1633 1633 -1633 1633 1633 1633 1633 1635 -1633 -1633 1633 1635 1633 1633 1633 1633 -101 0 4616
-1633 1633 -1633 1633 1633 1633 -1633 1635 1633 -1633 -1633 -1635 -1633 1633 1633 -1633 -101 0 4616
1633 1633 1633 1633 1633 -1633 1633 1635 -1633 -1633 1633 -1635 -1633 1633 1633 -1633 -101 0 4616
-1633 1633 -1633 1633 1633 -1633 -1633 -1635 1633 1633 1633 1635 -1633 1633 1633 1633 -101 0 4616
1633 1633 1633 1633 1633 1633 1633 -1635 -1633 1633 -1633 1635 -1633 1633 1633 1633 -101 0 4616
1633 1633 1633 1633 1633 1633 -1633 -1635 1633 1633 1633 -1635 1633 1633 1633 -1633 -101 0 4616
-1633 1633 -1633 1633 1633 -1633 1633 -1635 -1633 1633 -1633 -1635 1633 1633 1633 -1633 -101 0 4616
-1633 1633 1633 1633 1633 1633 -1633 1635 -1633 1633 -1633 -1635 1633 -1633 1633 1633 -101 0 4616
1633 1633 -1633 1633 1633 -1633 1633 1635 1633 1633 1633 -1635 1633 -1633 1633 1633 -101 0 4616
1633 1633 -1633 1633 1633 -1633 -1633 1635 -1633 1633 -1633 1635 -1633 -1633 1633 -1633 -101 0 4616
-1633 1633 1633 1633 1633 1633 1633 1635 1633 1633 1633 1635 -1633 -1633 1633 -1633 -101 0 4616
1633 1633 -1633 1633 1633 1633 -1633 -1635 -1633 -1633 1633 -1635 -1633 -1633 1633 1633 -101 0 4616
-1633 1633 1633 1633 1633 -1633 1633 -1635 1633 -1633 -1633 -1635 -1633 -1633 1633 1633 -101 0 4616
-1633 1633 1633 1633 1633 -1633 -1633 -1635 -1633 -1633 1633 1635 1633 -1633 1633 -1633 -101 0 4616
1633 1633 -1633 1633 1633 1633 1633 -1635 1633 -1633 -1633 1635 1633 -1633 1633 -1633 -101 0 4616
-1633 -1633 1633 -1633 -1633 -1633 -1633 1635 -1633 1633 1633 -1635 -1633 1633 -1633 1633 -101 0 4616
1633 -1633 -1633 -1633 -1633 1633 1633 1635 1633 1633 -1633 -1635 -1633 1633 -1633 1633 -101 0 4616
1633 -1633 -1633 -1633 -1633 1633 -1633 1635 -1633 1633 1633 1635 1633 1633 -1633 -1633 -101 0 4616
-1633 -1633 1633 -1633 -1633 -1633 1633 1635 1633 1633 -1633 1635 1633 1633 -1633 -1633 -101 0 4616
1633 -1633 -1633 -1633 -1633 -1633 -1633 -1635 -1633 -1633 -1633 -1635 1633 1633 -1633 1633 -101 0 4616
-1633 -1633 1633 -1633 -1633 1633 1633 -1635 1633 -1633 1633 -1635 1633 1633 -1633 1633 -101 0 4616
-1633 -1633 1633 -1633 -1633 1633 -1633 -1635 -1633 -1633 -1633 1635 -1633 1633 -1633 -1633 -101 0 4616
1633 -1633 -1633 -1633 -1633 -1633 1633 -1635 1633 -1633 1633 1635 -1633 1633 -1633 -1633 -101 0 4616
1633 -1633 1633 -1633 -1633 1633 -1633 1635 1633 -1633 1633 1635 -1633 -1633 -1633 1633 -101 0 4616
-1633 -1633 -1633 -1633 -1633 -1633 1633 1635 -1633 -1633 -1633 1635 -1633 -1633 -1633 1633 -101 0 4616
-1633 -1633 -1633 -1633 -1633 -1633 -1633 1635 1633 -1633 1633 -1635 1633 -1633 -1633 -1633 -101 0 4616
1633 -1633 1633 -1633 -1633 1633 1633 1635 -1633 -1633 -1633 -1635 1633 -1633 -1633 -1633 -101 0 4616
-1633 -1633 -1633 -1633 -1633 1633 -1633 -1635 1633 1633 -1633 1635 1633 -1633 -1633 1633 -101 0 4616
1633 -1633 1633 -1633 -1633 -1633 1633 -1635 -1633 1633 1633 1635 1633 -1633 -1633 1633 -101 0 4616
1633 -1633 1633 -1633 -1633 -1633 -1633 -1635 1633 1633 -1633 -1635 -1633 -1633 -1633 -1633 -101 0 4616
-1633 -1633 -1633 -1633 -1633 1633 1633 -1635 -1633 1633 1633 -1635 -1633 -1633 -1633 -1633 -101 0 4616
1633 1633 1633 1633 -1633 1633 -1633 1635 -1633 -1633 -1633 -1635 -1633 1633 -1633 1633 -101 0 4616
-1633 1633 -1633 1633 -1633 -1633 1633 1635 1633 -1633 1633 -1635 -1633 1633 -1633 1633 -101 0 4616
-1633 1633 -1633 1633 -1633 -1633 -1633 1635 -1633 -1633 -1633 1635 1633 1633 -1633 -1633 -101 0 4616
1633 1633 1633 1633 -1633 1633 1633 1635 1633 -1633 1633 1635 1633 1633 -1633 -1633 -101 0 4616
-1633 1633 -1633 1633 -1633 1633 -1633 -1635 -1633 1633 1633 -1635 1633 1633 -1633 1633 -101 0 4616
1633 1633 1633 1633 -1633 -1633 1633 -1635 1633 1633 -1633 -1635 1633 1633 -1633 1633 -101 0 4616
1633 1633 1633 1633 -1633 -1633 -1633 -1635 -1633 1633 1633 1635 -1633 1633 -1633 -1633 -101 0 4616
-1633 1633 -1633 1633 -1633 1633 1633 -1635 1633 1633 -1633 1635 -1633 1633 -1633 -1633 -101 0 4616
-1633 1633 1633 1633 -1633 -1633 -1633 1635 1633 1633 -1633 1635 -1633 -1633 -1633 1633 -101 0 4616
1633 1633 -1633 1633 -1633 1633 1633 1635 -1633 1633 1633 1635 -1633 -1633 -1633 1633 -101 0 4616
1633 1633 -1633 1633 -1633 1633 -1633 1635 1633 1633 -1633 -1635 1633 -1633 -1633 -1633 -101 0 4616
-1633 1633 1633 1633 -1633 -1633 1633 1635 -1633 1633 1633 -1635 1633 -1633 -1633 -1633 -101 0 4616
1633 1633 -1633 1633 -1633 -1633 -1633 -1635 1633 -1633 1633 1635 1633 -1633 -1633 1633 -101 0 4616
-1633 1633 1633 1633 -1633 1633 1633 -1635 -1633 -1633 -1633 1635 1633 -1633 -1633 1633 -101 0 4616
-1633 1633 1633 1633 -1633 1633 -1633 -1635 1633 -1633 1633 -1635 -1633 -1633 -1633 -1633 -101 0 4616
1633 1633 -1633 1633 -1633 -1633 1633 -1635 -1633 -1633 -1633 -1635 -1633 -1633 -1633 -1633 -101 0 4616
1633 1633 1633 -1633 1633 1633 1633 1635 -1633 1633 1633 -1635 1633 1633 -1633 1633 -101 0 4616
-1633 1633 -1633 -1633 1633 -1633 -1633 1635 1633 1633 -1633 -1635 1633 1633 -1633 1633 -101 0 4616
-1633 1633 -1633 -1633 1633 -1633 1633 1635 -1633 1633 1633 1635 -1633 1633 -1633 -1633 -101 0 4616
1633 1633 1633 -1633 1633 1633 -1633 1635 1633 1633 -1633 1635 -1633 1633 -1633 -1633 -101 0 4616
-1633 1633 -1633 -1633 1633 1633 1633 -1635 -1633 -1633 -1633 -1635 -1633 1633 -1633 1633 -101 0 4616
1633 1633 1633 -1633 1633 -1633 -1633 -1635 1633 -1633 1633 -1635 -1633 1633 -1633 1633 -101 0 4616
1633 1633 1633 -1633 1633 -1633 1633 -1635 -1633 -1633 -1633 1635 1633 1633 -1633 -1633 -101 0 4616
-1633 1633 -1633 -1633 1633 1633 -1633 -1635 1633 -1633 1633 1635 1633 1633 -1633 -1633 -101 0 4616
-1633 1633 1633 -1633 1633 -1633 1633 1635 1633 -1633 1633 1635 1633 -1633 -1633 1633 -101 0 4616
1633 1633 -1633 -1633 1633 1633 -1633 1635 -1633 -1633 -1633 1635 1633 -1633 -1633 1633 -101 0 4616
1633 1633 -1633 -1633 1633 1633 1633 1635 1633 -1633 1633 -1635 -1633 -1633 -1633 -1633 -101 0 4616
-1633 1633 1633 -1633 1633 -1633 -1633 1635 -1633 -1633 -1633 -1635 -1633 -1633 -1633 -1633 -101 0 4616
1633 1633 -1633 -1633 1633 -1633 1633 -1635 1633 1633 -1633 1635 -1633 -1633 -1633 1633 -101 0 4616
-1633 1633 1633 -1633 1633 1633 -1633 -1635 -1633 1633 1633 1635 -1633 -1633 -1633 1633 -101 0 4616
-1633 1633 1633 -1633 1633 1633 1633 -1635 1633 1633 -1633 -1635 1633 -1633 -1633 -1633 -101 0 4616
1633 1633 -1633 -1633 1633 -1633 -1633 -1635 -1633 1633 1633 -1635 1633 -1633 -1633 -1633 -101 0 4616
-1633 -1633 1633 1633 1633 -1633 1633 1635 -1633 -1633 -1633 -1635 1633 1633 -1633 1633 -101 0 4616
1633 -1633 -1633 1633 1633 1633 -1633 1635 1633 -1633 1633 -1635 1633 1633 -1633 1633 -101 0 4616
1633 -1633 -1633 1633 1633 1633 1633 1635 -1633 -1633 -1633 1635 -1633 1633 -1633 -1633 -101 0 4616
-1633 -1633 1633 1633 1633 -1633 -1633 1635 1633 -1633 1633 1635 -1633 1633 -1633 -1633 -101 0 4616
1633 -1633 -1633 1633 1633 -1633 1633 -1635 -1633 1633 1633 -1635 -1633 1633 -1633 1633 -101 0 4616
-1633 -1633 1633 1633 1633 1633 -1633 -1635 1633 1633 -1633 -1635 -1633 1633 -1633 1633 -101 0 4616
-1633 -1633 1633 1633 1633 1633 1633 -1635 -1633 1633 1633 1635 1633 1633 -1633 -1633 -101 0 4616
1633 -1633 -1633 1633 1633 -1633 -1633 -1635 1633 1633 -1633 1635 1633 1633 -1633 -1633 -101 0 4616
1633 -1633 1633 1633 1633 1633 1633 1635 1633 1633 -1633 1635 1633 -1633 -1633 1633 -101 0 4616
-1633 -1633 -1633 1633 1633 -1633 -1633 1635 -1633 1633 1633 1635 1633 -1633 -1633 1633 -101 0 4616
-1633 -1633 -1633 1633 1633 -1633 1633 1635 1633 1633 -1633 -1635 -1633 -1633 -1633 -1633 -101 0 4616
1633 -1633 1633 1633 1633 1633 -1633 1635 -1633 1633 1633 -1635 -1633 -1633 -1633 -1633 -101 0 4616
-1633 -1633 -1633 1633 1633 1633 1633 -1635 1633 -1633 1633 1635 -1633 -1633 -1633 1633 -101 0 4616
1633 -1633 1633 1633 1633 -1633 -1633 -1635 -1633 -1633 -1633 1635 -1633 -1633 -1633 1633 -101 0 4616
1633 -1633 1633 1633 1633 -1633 1633 -1635 1633 -1633 1633 -1635 1633 -1633 -1633 -1633 -101 0 4616
-1633 -1633 -1633 1633 1633 1633 -1633 -1635 -1633 -1633 -1633 -1635 1633 -1633 -1633 -1633 -101 0 4616
-1633 -1633 -1633 -1633 -1633 -1633 -1633 -1633 1633 1633 1633 1633 -1633 1633 -1633 1633 -100 0 -4616
1633 -1633 1633 -1633 -1633 1633 1633 -1633 -1633 1633 -1633 1633 -1633 1633 -1633 1633 -100 0 -4616
1633 -1633 1633 -1633 -1633 1633 -1633 -1633 1633 1633 1633 -1633 1633 1633 -1633 -1633 -100 0 -4616
-1633 -1633 -1633 -1633 -1633 -1633 1633 -1633 -1633 1633 -1633 -1633 1633 1633 -1633 -1633 -100 0 -4616
1633 -1633 1633 -1633 -1633 -1633 -1633 1633 1633 -1633 -1633 1633 1633 1633 -1633 1633 -100 0 -4616
-1633 -1633 -1633 -1633 -1633 1633 1633 1633 -1633 -1633 1633 1633 1633 1633 -1633 1633 -100 0 -4616
-1633 -1633 -1633 -1633 -1633 1633 -1633 1633 1633 -1633 -1633 -1633 -1633 1633 -1633 -1633 -100 0 -4616
1633 -1633 1633 -1633 -1633 -1633 1633 1633 -1633 -1633 1633 -1633 -1633 1633 -1633 -1633 -100 0 -4616
1633 -1633 -1633 -1633 -1633 1633 -1633 -1633 -1633 -1633 1633 -1633 -1633 -1633 -1633 1633 -100 0 -4616
-1633 -1633 1633 -1633 -1633 -1633 1633 -1633 1633 -1633 -1633 -1633 -1633 -1633 -1633 1633 -100 0 -4616
-1633 -1633 1633 -1633 -1633 -1633 -1633 -1633 -1633 -1633 1633 1633 1633 -1633 -1633 -1633 -100 0 -4616
1633 -1633 -1633 -1633 -1633 1633 1633 -1633 1633 -1633 -1633 1633 1633 -1633 -1633 -1633 -100 0 -4616
-1633 -1633 1633 -1633 -1633 1633 -1633 1633 -1633 1633 -1633 -1633 1633 -1633 -1633 1633 -100 0 -4616
1633 -1633 -1633 -1633 -1633 -1633 1633 1633 1633 1633 1633 -1633 1633 -1633 -1633 1633 -100 0 -4616
1633 -1633 -1633 -1633 -1633 -1633 -1633 1633 -1633 1633 -1633 1633 -1633 -1633 -1633 -1633 -100 0 -4616
-1633 -1633 1633 -1633 -1633 1633 1633 1633 1633 1633 1633 1633 -1633 -1633 -1633 -1633 -100 0 -4616
1633 1633 -1633 1633 -1633 1633 -1633 -1633 1633 -1633 -1633 1633 -1633 1633 -1633 1633 -100 0 -4616
-1633 1633 1633 1633 -1633 -1633 1633 -1633 -1633 -1633 1633 1633 -1633 1633 -1633 1633 -100 0 -4616
-1633 1633 1633 1633 -1633 -1633 -1633 -1633 1633 -1633 -1633 -1633 1633 1633 -1633 -1633 -100 0 -4616
1633 1633 -1633 1633 -1633 1633 1633 -1633 -1633 -1633 1633 -1633 1633 1633 -1633 -1633 -100 0 -4616
-1633 1633 1633 1633 -1633 1633 -1633 1633 1633 1633 1633 1633 1633 1633 -1633 1633 -100 0 -4616
1633 1633 -1633 1633 -1633 -1633 1633 1633 -1633 1633 -1633 1633 1633 1633 -1633 1633 -100 0 -4616
1633 1633 -1633 1633 -1633 -1633 -1633 1633 1633 1633 1633 -1633 -1633 1633 -1633 -1633 -100 0 -4616
-1633 1633 1633 1633 -1633 1633 1633 1633 -1633 1633 -1633 -1633 -1633 1633 -1633 -1633 -100 0 -4616
-1633 1633 -1633 1633 -1633 -1633 -1633 -1633 -1633 1633 -1633 -1633 -1633 -1633 -1633 1633 -100 0 -4616
1633 1633 1633 1633 -1633 1633 1633 -1633 1633 1633 1633 -1633 -1633 -1633 -1633 1633 -100 0 -4616
1633 1633 1633 1633 -1633 1633 -1633 -1633 -1633 1633 -1633 1633 1633 -1633 -1633 -1633 -100 0 -4616
-1633 1633 -1633 1633 -1633 -1633 1633 -1633 1633 1633 1633 1633 1633 -1633 -1633 -1633 -100 0 -4616
1633 1633 1633 1633 -1633 -1633 -1633 1633 -1633 -1633 1633 -1633 1633 -1633 -1633 1633 -100 0 -4616
-1633 1633 -1633 1633 -1633 1633 1633 1633 1633 -1633 -1633 -1633 1633 -1633 -1633 1633 -100 0 -4616
-1633 1633 -1633 1633 -1633 1633 -1633 1633 -1633 -1633 1633 1633 -1633 -1633 -1633 -1633 -100 0 -4616
1633 1633 1633 1633 -1633 -1633 1633 1633 1633 -1633 -1633 1633 -1633 -1633 -1633 -1633 -100 0 -4616
1633 1633 -1633 -1633 1633 1633 1633 -1633 1633 1633 1633 1633 1633 1633 -1633 1633 -100 0 -4616
-1633 1633 1633 -1633 1633 -1633 -1633 -1633 -1633 1633 -1633 1633 1633 1633 -1633 1633 -100 0 -4616
-1633 1633 1633 -1633 1633 -1633 1633 -1633 1633 1633 1633 -1633 -1633 1633 -1633 -1633 -100 0 -4616
1633 1633 -1633 -1633 1633 1633 -1633 -1633 -1633 1633 -1633 -1633 -1633 1633 -1633 -1633 -100 0 -4616
-1633 1633 1633 -1633 1633 1633 1633 1633 1633 -1633 -1633 1633 -1633 1633 -1633 1633 -100 0 -4616
1633 1633 -1633 -1633 1633 -1633 -1633 1633 -1633 -1633 1633 1633 -1633 1633 -1633 1633 -100 0 -4616
1633 1633 -1633 -1633 1633 -1633 1633 1633 1633 -1633 -1633 -1633 1633 1633 -1633 -1633 -100 0 -4616
-1633 1633 1633 -1633 1633 1633 -1633 1633 -1633 -1633 1633 -1633 1633 1633 -1633 -1633 -100 0 -4616
-1633 1633 -1633 -1633 1633 -1633 1633 -1633 -1633 -1633 1633 -1633 1633 -1633 -1633 1633 -100 0 -4616
1633 1633 1633 -1633 1633 1633 -1633 -1633 1633 -1633 -1633 -1633 1633 -1633 -1633 1633 -100 0 -4616
1633 1633 1633 -1633 1633 1633 1633 -1633 -1633 -1633 1633 1633 -1633 -1633 -1633 -1633 -100 0 -4616
-1633 1633 -1633 -1633 1633 -1633 -1633 -1633 1633 -1633 -1633 1633 -1633 -1633 -1633 -1633 -100 0 -4616
1633 1633 1633 -1633 1633 -1633 1633 1633 -1633 1633 -1633 -1633 -1633 -1633 -1633 1633 -100 0 -4616
-1633 1633 -1633 -1633 1633 1633 -1633 1633 1633 1633 1633 -1633 -1633 -1633 -1633 1633 -100 0 -4616
-1633 1633 -1633 -1633 1633 1633 1633 1633 -1633 1633 -1633 1633 1633 -1633 -1633 -1633 -100 0 -4616
1633 1633 1633 -1633 1633 -1633 -1633 1633 1633 1633 1633 1633 1633 -1633 -1633 -1633 -100 0 -4616
-1633 -1633 -1633 1633 1633 -1633 1633 -1633 1633 -1633 -1633 1633 1633 1633 -1633 1633 -100 0 -4616
1633 -1633 1633 1633 1633 1633 -1633 -1633 -1633 -1633 1633 1633 1633 1633 -1633 1633 -100 0 -4616
1633 -1633 1633 1633 1633 1633 1633 -1633 1633 -1633 -1633 -1633 -1633 1633 -1633 -1633 -100 0 -4616
-1633 -1633 -1633 1633 1633 -1633 -1633 -1633 -1633 -1633 1633 -1633 -1633 1633 -1633 -1633 -100 0 -4616
1633 -1633 1633 1633 1633 -1633 1633 1633 1633 1633 1633 1633 -1633 1633 -1633 1633 -100 0 -4616
-1633 -1633 -1633 1633 1633 1633 -1633 1633 -1633 1633 -1633 1633 -1633 1633 -1633 1633 -100 0 -4616
-1633 -1633 -1633 1633 1633 1633 1633 1633 1633 1633 1633 -1633 1633 1633 -1633 -1633 -100 0 -4616
1633 -1633 1633 1633 1633 -1633 -1633 1633 -1633 1633 -1633 -1633 1633 1633 -1633 -1633 -100 0 -4616
1633 -1633 -1633 1633 1633 1633 1633 -1633 -1633 1633 -1633 -1633 1633 -1633 -1633 1633 -100 0 -4616
-1633 -1633 1633 1633 1633 -1633 -1633 -1633 1633 1633 1633 -1633 1633 -1633 -1633 1633 -100 0 -4616
-1633 -1633 1633 1633 1633 -1633 1633 -1633 -1633 1633 -1633 1633 -1633 -1633 -1633 -1633 -100 0 -4616
1633 -1633 -1633 1633 1633 1633 -1633 -1633 1633 1633 1633 1633 -1633 -1633 -1633 -1633 -100 0 -4616
-1633 -1633 1633 1633 1633 1633 1633 1633 -1633 -1633 1633 -1633 -1633 -1633 -1633 1633 -100 0 -4616
1633 -1633 -1633 1633 1633 -1633 -1633 1633 1633 -1633 -1633 -1633 -1633 -1633 -1633 1633 -100 0 -4616
1633 -1633 -1633 1633 1633 -1633 1633 1633 -1633 -1633 1633 1633 1633 -1633 -1633 -1633 -100 0 -4616
-1633 -1633 1633 1633 1633 1633 -1633 1633 1633 -1633 -1633 1633 1633 -1633 -1633 -1633 -100 0 -4616
1633 1633 -1633 -1633 -1633 -1633 1633 -1633 -1633 1633 1633 -1633 -1633 1633 1633 1633 -100 0 -4616
-1633 1633 1633 -1633 -1633 1633 -1633 -1633 1633 1633 -1633 -1633 -1633 1633 1633 1633 -100 0 -4616
-1633 1633 1633 -1633 -1633 1633 1633 -1633 -1633 1633 1633 1633 1633 1633 1633 -1633 -100 0 -4616
1633 1633 -1633 -1633 -1633 -1633 -1633 -1633 1633 1633 -1633 1633 1633 1633 1633 -1633 -100 0 -4616
-1633 1633 1633 -1633 -1633 -1633 1633 1633 -1633 -1633 -1633 -1633 1633 1633 1633 1633 -100 0 -4616
1633 1633 -1633 -1633 -1633 1633 -1633 1633 1633 -1633 1633 -1633 1633 1633 1633 1633 -100 0 -4616
1633 1633 -1633 -1633 -1633 1633 1633 1633 -1633 -1633 -1633 1633 -1633 1633 1633 -1633 -100 0 -4616
-1633 1633 1633 -1633 -1633 -1633 -1633 1633 1633 -1633 1633 1633 -1633 1633 1633 -1633 -100 0 -4616
-1633 1633 -1633 -1633 -1633 1633 1633 -1633 1633 -1633 1633 1633 -1633 -1633 1633 1633 -100 0 -4616
1633 1633 1633 -1633 -1633 -1633 -1633 -1633 -1633 -1633 -1633 1633 -1633 -1633 1633 1633 -100 0 -4616
1633 1633 1633 -1633 -1633 -1633 1633 -1633 1633 -1633 1633 -1633 1633 -1633 1633 -1633 -100 0 -4616
-1633 1633 -1633 -1633 -1633 1633 -1633 -1633 -1633 -1633 -1633 -1633 1633 -1633 1633 -1633 -100 0 -4616
1633 1633 1633 -1633 -1633 1633 1633 1633 1633 1633 -1633 1633 1633 -1633 1633 1633 -100 0 -4616
-1633 1633 -1633 -1633 -1633 -1633 -1633 1633 -1633 1633 1633 1633 1633 -1633 1633 1633 -100 0 -4616
-1633 1633 -1633 -1633 -1633 -1633 1633 1633 1633 1633 -1633 -1633 -1633 -1633 1633 -1633 -100 0 -4616
1633 1633 1633 -1633 -1633 1633 -1633 1633 -1633 1633 1633 -1633 -1633 -1633 1633 -1633 -100 0 -4616
-1633 -1633 -1633 1633 -1633 1633 1633 -1633 -1633 -1633 -1633 -1633 -1633 1633 1633 1633 -100 0 -4616
1633 -1633 1633 1633 -1633 -1633 -1633 -1633 1633 -1633 1633 -1633 -1633 1633 1633 1633 -100 0 -4616
1633 -1633 1633 1633 -1633 -1633 1633 -1633 -1633 -1633 -1633 1633 1633 1633 1633 -1633 -100 0 -4616
-1633 -1633 -1633 1633 -1633 1633 -1633 -1633 1633 -1633 1633 1633 1633 1633 1633 -1633 -100 0 -4616
1633 -1633 1633 1633 -1633 1633 1633 1633 -1633 1633 1633 -1633 1633 1633 1633 1633 -100 0 -4616
-1633 -1633 -1633 1633 -1633 -1633 -1633 1633 1633 1633 -1633 -1633 1633 1633 1633 1633 -100 0 -4616
-1633 -1633 -1633 1633 -1633 -1633 1633 1633 -1633 1633 1633 1633 -1633 1633 1633 -1633 -100 0 -4616
1633 -1633 1633 1633 -1633 1633 -1633 1633 1633 1633 -1633 1633 -1633 1633 1633 -1633 -100 0 -4616
1633 -1633 -1633 1633 -1633 -1633 1633 -1633 1633 1633 -1633 1633 -1633 -1633 1633 1633 -100 0 -4616
-1633 -1633 1633 1633 -1633 1633 -1633 -1633 -1633 1633 1633 1633 -1633 -1633 1633 1633 -100 0 -4616
-1633 -1633 1633 1633 -1633 1633 1633 -1633 1633 1633 -1633 -1633 1633 -1633 1633 -1633 -100 0 -4616
1633 -1633 -1633 1633 -1633 -1633 -1633 -1633 -1633 1633 1633 -1633 1633 -1633 1633 -1633 -100 0 -4616
-1633 -1633 1633 1633 -1633 -1633 1633 1633 1633 -1633 1633 1633 1633 -1633 1633 1633 -100 0 -4616
1633 -1633 -1633 1633 -1633 1633 -1633 1633 -1633 -1633 -1633 1633 1633 -1633 1633 1633 -100 0 -4616
1633 -1633 -1633 1633 -1633 1633 1633 1633 1633 -1633 1633 -1633 -1633 -1633 1633 -1633 -100 0 -4616
-1633 -1633 1633 1633 -1633 -1633 -1633 1633 -1633 -1633 -1633 -1633 -1633 -1633 1633 -1633 -100 0 -4616
-1633 -1633 -1633 -1633 1633 1633 -1633 -1633 -1633 1633 1633 -1633 1633 1633 1633 1633 -100 0 -4616
1633 -1633 1633 -1633 1633 -1633 1633 -1633 1633 1633 -1633 -1633 1633 1633 1633 1633 -100 0 -4616
1633 -1633 1633 -1633 1633 -1633 -1633 -1633 -1633 1633 1633 1633 -1633 1633 1633 -1633 -100 0 -4616
-1633 -1633 -1633 -1633 1633 1633 1633 -1633 1633 1633 -1633 1633 -1633 1633 1633 -1633 -100 0 -4616
1633 -1633 1633 -1633 1633 1633 -1633 1633 -1633 -1633 -1633 -1633 -1633 1633 1633 1633 -100 0 -4616
-1633 -1633 -1633 -1633 1633 -1633 1633 1633 1633 -1633 1633 -1633 -1633 1633 1633 1633 -100 0 -4616
-1633 -1633 -1633 -1633 1633 -1633 -1633 1633 -1633 -1633 -1633 1633 1633 1633 1633 -1633 -100 0 -4616
1633 -1633 1633 -1633 1633 1633 1633 1633 1633 -1633 1633 1633 1633 1633 1633 -1633 -100 0 -4616
1633 -1633 -1633 -1633 1633 -1633 -1633 -1633 1633 -1633 1633 1633 1633 -1633 1633 1633 -100 0 -4616
-1633 -1633 1633 -1633 1633 1633 1633 -1633 -1633 -1633 -1633 1633 1633 -1633 1633 1633 -100 0 -4616
-1633 -1633 1633 -1633 1633 1633 -1633 -1633 1633 -1633 1633 -1633 -1633 -1633 1633 -1633 -100 0 -4616
1633 -1633 -1633 -1633 1633 -1633 1633 -1633 -1633 -1633 -1633 -1633 -1633 -1633 1633 -1633 -100 0 -4616
-1633 -1633 1633 -1633 1633 -1633 -1633 1633 1633 1633 -1633 1633 -1633 -1633 1633 1633 -100 0 -4616
1633 -1633 -1633 -1633 1633 1633 1633 1633 -1633 1633 1633 1633 -1633 -1633 1633 1633 -100 0 -4616
1633 -1633 -1633 -1633 1633 1633 -1633 1633 1633 1633 -1633 -1633 1633 -1633 1633 -1633 -100 0 -4616
-1633 -1633 1633 -1633 1633 -1633 1633 1633 -1633 1633 1633 -1633 1633 -1633 1633 -1633 -100 0 -4616
1633 1633 -1633 1633 1633 -1633 -1633 -1633 -1633 -1633 -1633 -1633 1633 1633 1633 1633 -100 0 -4616
-1633 1633 1633 1633 1633 1633 1633 -1633 1633 -1633 1633 -1633 1633 1633 1633 1633 -100 0 -4616
-1633 1633 1633 1633 1633 1633 -1633 -1633 -1633 -1633 -1633 1633 -1633 1633 1633 -1633 -100 0 -4616
1633 1633 -1633 1633 1633 -1633 1633 -1633 1633 -1633 1633 1633 -1633 1633 1633 -1633 -100 0 -4616
-1633 1633 1633 1633 1633 -1633 -1633 1633 -1633 1633 1633 -1633 -1633 1633 1633 1633 -100 0 -4616
1633 1633 -1633 1633 1633 1633 1633 1633 1633 1633 -1633 -1633 -1633 1633 1633 1633 -100 0 -4616
1633 1633 -1633 1633 1633 1633 -1633 1633 -1633 1633 1633 1633 1633 1633 1633 -1633 -100 0 -4616
-1633 1633 1633 1633 1633 -1633 1633 1633 1633 1633 -1633 1633 1633 1633 1633 -1633 -100 0 -4616
-1633 1633 -1633 1633 1633 1633 -1633 -1633 1633 1633 -1633 1633 1633 -1633 1633 1633 -100 0 -4616
1633 1633 1633 1633 1633 -1633 1633 -1633 -1633 1633 1633 1633 1633 -1633 1633 1633 -100 0 -4616
1633 1633 1633 1633 1633 -1633 -1633 -1633 1633 1633 -1633 -1633 -1633 -1633 1633 -1633 -100 0 -4616
-1633 1633 -1633 1633 1633 1633 1633 -1633 -1633 1633 1633 -1633 -1633 -1633 1633 -1633 -100 0 -4616
1633 1633 1633 1633 1633 1633 -1633 1633 1633 -1633 1633 1633 -1633 -1633 1633 1633 -100 0 -4616
-1633 1633 -1633 1633 1633 -1633 1633 1633 -1633 -1633 -1633 1633 -1633 -1633 1633 1633 -100 0 -4616
-1633 1633 -1633 1633 1633 -1633 -1633 1633 1633 -1633 1633 -1633 1633 -1633 1633 -1633 -100 0 -4616
1633 1633 1633 1633 1633 1633 1633 1633 -1633 -1633 -1633 -1633 1633 -1633 1633 -1633 -100 0 -4616
1633 -1633 -1633 -1633 -1633 -1633 1633 -1633 1633 1633 -1633 1633 1633 1633 -1633 1633 -102 4616 1
-1633 -1633 1633 -1633 -1633 1633 -1633 -1633 -1633 1633 1633 1633 1633 1633 -1633 1633 -102 4616 1
-1633 -1633 1633 -1633 -1633 1633 1633 -1633 1633 1633 -1633 -1633 -1633 1633 -1633 -1633 -102 4616 1
1633 -1633 -1633 -1633 -1633 -1633 -1633 -1633 -1633 1633 1633 -1633 -1633 1633 -1633 -1633 -102 4616 1
-1633 -1633 1633 -1633 -1633 -1633 1633 1633 1633 -1633 1633 1633 -1633 1633 -1633 1633 -102 4616 1
1633 -1633 -1633 -1633 -1633 1633 -1633 1633 -1633 -1633 -1633 1633 -1633 1633 -1633 1633 -102 4616 1
1633 -1633 -1633 -1633 -1633 1633 1633 1633 1633 -1633 1633 -1633 1633 1633 -1633 -1633 -102 4616 1
-1633 -1633 1633 -1633 -1633 -1633 -1633 1633 -1633 -1633 -1633 -1633 1633 1633 -1633 -1633 -102 4616 1
-1633 -1633 -1633 -1633 -1633 1633 1633 -1633 -1633 -1633 -1633 -1633 1633 -1633 -1633 1633 -102 4616 1
1633 -1633 1633 -1633 -1633 -1633 -1633 -1633 1633 -1633 1633 -1633 1633 -1633 -1633 1633 -102 4616 1
1633 -1633 1633 -1633 -1633 -1633 1633 -1633 -1633 -1633 -1633 1633 -1633 -1633 -1633 -1633 -102 4616 1
-1633 -1633 -1633 -1633 -1633 1633 -1633 -1633 1633 -1633 1633 1633 -1633 -1633 -1633 -1633 -102 4616 1
1633 -1633 1633 -1633 -1633 1633 1633 1633 -1633 1633 1633 -1633 -1633 -1633 -1633 1633 -102 4616 1
-1633 -1633 -1633 -1633 -1633 -1633 -1633 1633 1633 1633 -1633 -1633 -1633 -1633 -1633 1633 -102 4616 1
-1633 -1633 -1633 -1633 -1633 -1633 1633 1633 -1633 1633 1633 1633 1633 -1633 -1633 -1633 -102 4616 1
1633 -1633 1633 -1633 -1633 1633 -1633 1633 1633 1633 -1633 1633 1633 -1633 -1633 -1633 -102 4616 1
-1633 1633 -1633 1633 -1633 1633 1633 -1633 1633 -1633 1633 1633 1633 1633 -1633 1633 -102 4616 1
1633 1633 1633 1633 -1633 -1633 -1633 -1633 -1633 -1633 -1633 1633 1633 1633 -1633 1633 -102 4616 1
1633 1633 1633 1633 -1633 -1633 1633 -1633 1633 -1633 1633 -1633 -1633 1633 -1633 -1633 -102 4616 1
-1633 1633 -1633 1633 -1633 1633 -1633 -1633 -1633 -1633 -1633 -1633 -1633 1633 -1633 -1633 -102 4616 1
1633 1633 1633 1633 -1633 1633 1633 1633 1633 1633 -1633 1633 -1633 1633 -1633 1633 -102 4616 1
-1633 1633 -1633 1633 -1633 -1633 -1633 1633 -1633 1633 1633 1633 -1633 1633 -1633 1633 -102 4616 1
-1633 1633 -1633 1633 -1633 -1633 1633 1633 1633 1633 -1633 -1633 1633 1633 -1633 -1633 -102 4616 1
1633 1633 1633 1633 -1633 1633 -1633 1633 -1633 1633 1633 -1633 1633 1633 -1633 -1633 -102 4616 1
1633 1633 -1633 1633 -1633 -1633 1633 -1633 -1633 1633 1633 -1633 1633 -1633 -1633 1633 -102 4616 1
-1633 1633 1633 1633 -1633 1633 -1633 -1633 1633 1633 -1633 -1633 1633 -1633 -1633 1633 -102 4616 1
-1633 1633 1633 1633 -1633 1633 1633 -1633 -1633 1633 1633 1633 -1633 -1633 -1633 -1633 -102 4616 1
1633 1633 -1633 1633 -1633 -1633 -1633 -1633 1633 1633 -1633 1633 -1633 -1633 -1633 -1633 -102 4616 1
-1633 1633 1633 1633 -1633 -1633 1633 1633 -1633 -1633 -1633 -1633 -1633 -1633 -1633 1633 -102 4616 1
1633 1633 -1633 1633 -1633 1633 -1633 1633 1633 -1633 1633 -1633 -1633 -1633 -1633 1633 -102 4616 1
1633 1633 -1633 1633 -1633 1633 1633 1633 -1633 -1633 -1633 1633 1633 -1633 -1633 -1633 -102 4616 1
-1633 1633 1633 1633 -1633 -1633 -1633 1633 1633 -1633 1633 1633 1633 -1633 -1633 -1633 -102 4616 1
-1633 1633 -1633 -1633 1633 1633 -1633 -1633 1633 1633 -1633 1633 -1633 1633 -1633 1633 -102 4616 1
1633 1633 1633 -1633 1633 -1633 1633 -1633 -1633 1633 1633 1633 -1633 1633 -1633 1633 -102 4616 1
1633 1633 1633 -1633 1633 -1633 -1633 -1633 1633 1633 -1633 -1633 1633 1633 -1633 -1633 -102 4616 1
-1633 1633 -1633 -1633 1633 1633 1633 -1633 -1633 1633 1633 -1633 1633 1633 -1633 -1633 -102 4616 1
1633 1633 1633 -1633 1633 1633 -1633 1633 1633 -1633 1633 1633 1633 1633 -1633 1633 -102 4616 1
-1633 1633 -1633 -1633 1633 -1633 1633 1633 -1633 -1633 -1633 1633 1633 1633 -1633 1633 -102 4616 1
-1633 1633 -1633 -1633 1633 -1633 -1633 1633 1633 -1633 1633 -1633 -1633 1633 -1633 -1633 -102 4616 1
1633 1633 1633 -1633 1633 1633 1633 1633 -1633 -1633 -1633 -1633 -1633 1633 -1633 -1633 -102 4616 1
1633 1633 -1633 -1633 1633 -1633 -1633 -1633 -1633 -1633 -1633 -1633 -1633 -1633 -1633 1633 -102 4616 1
-1633 1633 1633 -1633 1633 1633 1633 -1633 1633 -1633 1633 -1633 -1633 -1633 -1633 1633 -102 4616 1
-1633 1633 1633 -1633 1633 1633 -1633 -1633 -1633 -1633 -1633 1633 1633 -1633 -1633 -1633 -102 4616 1
1633 1633 -1633 -1633 1633 -1633 1633 -1633 1633 -1633 1633 1633 1633 -1633 -1633 -1633 -102 4616 1
-1633 1633 1633 -1633 1633 -1633 -1633 1633 -1633 1633 1633 -1633 1633 -1633 -1633 1633 -102 4616 1
1633 1633 -1633 -1633 1633 1633 1633 1633 1633 1633 -1633 -1633 1633 -1633 -1633 1633 -102 4616 1
1633 1633 -1633 -1633 1633 1633 -1633 1633 -1633 1633 1633 1633 -1633 -1633 -1633 -1633 -102 4616 1
-1633 1633 1633 -1633 1633 -1633 1633 1633 1633 1633 -1633 1633 -1633 -1633 -1633 -1633 -102 4616 1
1633 -1633 -1633 1633 1633 -1633 -1633 -1633 1633 -1633 1633 1633 -1633 1633 -1633 1633 -102 4616 1
-1633 -1633 1633 1633 1633 1633 1633 -1633 -1633 -1633 -1633 1633 -1633 1633 -1633 1633 -102 4616 1
-1633 -1633 1633 1633 1633 1633 -1633 -1633 1633 -1633 1633 -1633 1633 1633 -1633 -1633 -102 4616 1
1633 -1633 -1633 1633 1633 -1633 1633 -1633 -1633 -1633 -1633 -1633 1633 1633 -1633 -1633 -102 4616 1
-1633 -1633 1633 1633 1633 -1633 -1633 1633 1633 1633 -1633 1633 1633 1633 -1633 1633 -102 4616 1
1633 -1633 -1633 1633 1633 1633 1633 1633 -1633 1633 1633 1633 1633 1633 -1633 1633 -102 4616 1
1633 -1633 -1633 1633 1633 1633 -1633 1633 1633 1633 -1633 -1633 -1633 1633 -1633 -1633 -102 4616 1
-1633 -1633 1633 1633 1633 -1633 1633 1633 -1633 1633 1633 -1633 -1633 1633 -1633 -1633 -102 4616 1
-1633 -1633 -1633 1633 1633 1633 -1633 -1633 -1633 1633 1633 -1633 -1633 -1633 -1633 1633 -102 4616 1
1633 -1633 1633 1633 1633 -1633 1633 -1633 1633 1633 -1633 -1633 -1633 -1633 -1633 1633 -102 4616 1
1633 -1633 1633 1633 1633 -1633 -1633 -1633 -1633 1633 1633 1633 1633 -1633 -1633 -1633 -102 4616 1
-1633 -1633 -1633 1633 1633 1633 1633 -1633 1633 1633 -1633 1633 1633 -1633 -1633 -1633 -102 4616 1
1633 -1633 1633 1633 1633 1633 -1633 1633 -1633 -1633 -1633 -1633 1633 -1633 -1633 1633 -102 4616 1
-1633 -1633 -1633 1633 1633 -1633 1633 1633 1633 -1633 1633 -1633 1633 -1633 -1633 1633 -102 4616 1
-1633 -1633 -1633 1633 1633 -1633 -1633 1633 -1633 -1633 -1633 1633 -1633 -1633 -1633 -1633 -102 4616 1
1633 -1633 1633 1633 1633 1633 1633 1633 1633 -1633 1633 1633 -1633 -1633 -1633 -1633 -102 4616 1
-1633 1633 -1633 -1633 -1633 -1633 -1633 -1633 -1633 1633 -1633 -1633 1633 1633 1633 1633 -102 4616 1
1633 1633 1633 -1633 -1633 1633 1633 -1633 1633 1633 1633 -1633 1633 1633 1633 1633 -102 4616 1
1633 1633 1633 -1633 -1633 1633 -1633 -1633 -1633 1633 -1633 1633 -1633 1633 1633 -1633 -102 4616 1
-1633 1633 -1633 -1633 -1633 -1633 1633 -1633 1633 1633 1633 1633 -1633 1633 1633 -1633 -102 4616 1
1633 1633 1633 -1633 -1633 -1633 -1633 1633 -1633 -1633 1633 -1633 -1633 1633 1633 1633 -102 4616 1
-1633 1633 -1633 -1633 -1633 1633 1633 1633 1633 -1633 -1633 -1633 -1633 1633 1633 1633 -102 4616 1
-1633 1633 -1633 -1633 -1633 1633 -1633 1633 -1633 -1633 1633 1633 1633 1633 1633 -1633 -102 4616 1
1633 1633 1633 -1633 -1633 -1633 1633 1633 1633 -1633 -1633 1633 1633 1633 1633 -1633 -102 4616 1
1633 1633 -1633 -1633 -1633 1633 -1633 -1633 1633 -1633 -1633 1633 1633 -1633 1633 1633 -102 4616 1
-1633 1633 1633 -1633 -1633 -1633 1633 -1633 -1633 -1633 1633 1633 1633 -1633 1633 1633 -102 4616 1
-1633 1633 1633 -1633 -1633 -1633 -1633 -1633 1633 -1633 -1633 -1633 -1633 -1633 1633 -1633 -102 4616 1
1633 1633 -1633 -1633 -1633 1633 1633 -1633 -1633 -1633 1633 -1633 -1633 -1633 1633 -1633 -102 4616 1
-1633 1633 1633 -1633 -1633 1633 -1633 1633 1633 1633 1633 1633 -1633 -1633 1633 1633 -102 4616 1
1633 1633 -1633 -1633 -1633 -1633 1633 1633 -1633 1633 -1633 1633 -1633 -1633 1633 1633 -102 4616 1
1633 1633 -1633 -1633 -1633 -1633 -1633 1633 1633 1633 1633 -1633 1633 -1633 1633 -1633 -102 4616 1
-1633 1633 1633 -1633 -1633 1633 1633 1633 -1633 1633 -1633 -1633 1633 -1633 1633 -1633 -102 4616 1
1633 -1633 -1633 1633 -1633 1633 -1633 -1633 -1633 -1633 1633 -1633 1633 1633 1633 1633 -102 4616 1
-1633 -1633 1633 1633 -1633 -1633 1633 -1633 1633 -1633 -1633 -1633 1633 1633 1633 1633 -102 4616 1
-1633 -1633 1633 1633 -1633 -1633 -1633 -1633 -1633 -1633 1633 1633 -1633 1633 1633 -1633 -102 4616 1
1633 -1633 -1633 1633 -1633 1633 1633 -1633 1633 -1633 -1633 1633 -1633 1633 1633 -1633 -102 4616 1
-1633 -1633 1633 1633 -1633 1633 -1633 1633 -1633 1633 -1633 -1633 -1633 1633 1633 1633 -102 4616 1
1633 -1633 -1633 1633 -1633 -1633 1633 1633 1633 1633 1633 -1633 -1633 1633 1633 1633 -102 4616 1
1633 -1633 -1633 1633 -1633 -1633 -1633 1633 -1633 1633 -1633 1633 1633 1633 1633 -1633 -102 4616 1
-1633 -1633 1633 1633 -1633 1633 1633 1633 1633 1633 1633 1633 1633 1633 1633 -1633 -102 4616 1
-1633 -1633 -1633 1633 -1633 -1633 -1633 -1633 1633 1633 1633 1633 1633 -1633 1633 1633 -102 4616 1
1633 -1633 1633 1633 -1633 1633 1633 -1633 -1633 1633 -1633 1633 1633 -1633 1633 1633 -102 4616 1
1633 -1633 1633 1633 -1633 1633 -1633 -1633 1633 1633 1633 -1633 -1633 -1633 1633 -1633 -102 4616 1
-1633 -1633 -1633 1633 -1633 -1633 1633 -1633 -1633 1633 -1633 -1633 -1633 -1633 1633 -1633 -102 4616 1
1633 -1633 1633 1633 -1633 -1633 -1633 1633 1633 -1633 -1633 1633 -1633 -1633 1633 1633 -102 4616 1
-1633 -1633 -1633 1633 -1633 1633 1633 1633 -1633 -1633 1633 1633 -1633 -1633 1633 1633 -102 4616 1
-1633 -1633 -1633 1633 -1633 1633 -1633 1633 1633 -1633 -1633 -1633 1633 -1633 1633 -1633 -102 4616 1
1633 -1633 1633 1633 -1633 -1633 1633 1633 -1633 -1633 1633 -1633 1633 -1633 1633 -1633 -102 4616 1
1633 -1633 -1633 -1633 1633 1633 1633 -1633 -1633 1633 -1633 -1633 -1633 1633 1633 1633 -102 4616 1
-1633 -1633 1633 -1633 1633 -1633 -1633 -1633 1633 1633 1633 -1633 -1633 1633 1633 1633 -102 4616 1
-1633 -1633 1633 -1633 1633 -1633 1633 -1633 -1633 1633 -1633 1633 1633 1633 1633 -1633 -102 4616 1
1633 -1633 -1633 -1633 1633 1633 -1633 -1633 1633 1633 1633 1633 1633 1633 1633 -1633 -102 4616 1
-1633 -1633 1633 -1633 1633 1633 1633 1633 -1633 -1633 1633 -1633 1633 1633 1633 1633 -102 4616 1
1633 -1633 -1633 -1633 1633 -1633 -1633 1633 1633 -1633 -1633 -1633 1633 1633 1633 1633 -102 4616 1
1633 -1633 -1633 -1633 1633 -1633 1633 1633 -1633 -1633 1633 1633 -1633 1633 1633 -1633 -102 4616 1
-1633 -1633 1633 -1633 1633 1633 -1633 1633 1633 -1633 -1633 1633 -1633 1633 1633 -1633 -102 4616 1
-1633 -1633 -1633 -1633 1633 -1633 1633 -1633 1633 -1633 -1633 1633 -1633 -1633 1633 1633 -102 4616 1
1633 -1633 1633 -1633 1633 1633 -1633 -1633 -1633 -1633 1633 1633 -1633 -1633 1633 1633 -102 4616 1
1633 -1633 1633 -1633 1633 1633 1633 -1633 1633 -1633 -1633 -1633 1633 -1633 1633 -1633 -102 4616 1
-1633 -1633 -1633 -1633 1633 -1633 -1633 -1633 -1633 -1633 1633 -1633 1633 -1633 1633 -1633 -102 4616 1
1633 -1633 1633 -1633 1633 -1633 1633 1633 1633 1633 1633 1633 1633 -1633 1633 1633 -102 4616 1
-1633 -1633 -1633 -1633 1633 1633 -1633 1633 -1633 1633 -1633 1633 1633 -1633 1633 1633 -102 4616 1
-1633 -1633 -1633 -1633 1633 1633 1633 1633 1633 1633 1633 -1633 -1633 -1633 1633 -1633 -102 4616 1
1633 -1633 1633 -1633 1633 -1633 -1633 1633 -1633 1633 -1633 -1633 -1633 -1633 1633 -1633 -102 4616 1
-1633 1633 -1633 1633 1633 -1633 1633 -1633 -1633 -1633 1633 -1633 -1633 1633 1633 1633 -102 4616 1
1633 1633 1633 1633 1633 1633 -1633 -1633 1633 -1633 -1633 -1633 -1633 1633 1633 1633 -102 4616 1
1633 1633 1633 1633 1633 1633 1633 -1633 -1633 -1633 1633 1633 1633 1633 1633 -1633 -102 4616 1
-1633 1633 -1633 1633 1633 -1633 -1633 -1633 1633 -1633 -1633 1633 1633 1633 1633 -1633 -102 4616 1
1633 1633 1633 1633 1633 -1633 1633 1633 -1633 1633 -1633 -1633 1633 1633 1633 1633 -102 4616 1
-1633 1633 -1633 1633 1633 1633 -1633 1633 1633 1633 1633 -1633 1633 1633 1633 1633 -102 4616 1
-1633 1633 -1633 1633 1633 1633 1633 1633 -1633 1633 -1633 1633 -1633 1633 1633 -1633 -102 4616 1
1633 1633 1633 1633 1633 -1633 -1633 1633 1633 1633 1633 1633 -1633 1633 1633 -1633 -102 4616 1
1633 1633 -1633 1633 1633 1633 1633 -1633 1633 1633 1633 1633 -1633 -1633 1633 1633 -102 4616 1
-1633 1633 1633 1633 1633 -1633 -1633 -1633 -1633 1633 -1633 1633 -1633 -1633 1633 1633 -102 4616 1
-1633 1633 1633 1633 1633 -1633 1633 -1633 1633 1633 1633 -1633 1633 -1633 1633 -1633 -102 4616 1
1633 1633 -1633 1633 1633 1633 -1633 -1633 -1633 1633 -1633 -1633 1633 -1633 1633 -1633 -102 4616 1
-1633 1633 1633 1633 1633 1633 1633 1633 1633 -1633 -1633 1633 1633 -1633 1633 1633 -102 4616 1
1633 1633 -1633 1633 1633 -1633 -1633 1633 -1633 -1633 1633 1633 1633 -1633 1633 1633 -102 4616 1
1633 1633 -1633 1633 1633 -1633 1633 1633 1633 -1633 -1633 -1633 -1633 -1633 1633 -1633 -102 4616 1
-1633 1633 1633 1633 1633 1633 -1633 1633 -1633 -1633 1633 -1633 -1633 -1633 1633 -1633 -102 4616 1
-1777 -1453 1777 -1453 -1453 1777 -1777 1777 1777 1777 -1777 1777 -1777 1777 -1453 1777 4203 0 0
1777 -1453 -1777 -1453 -1453 -1777 1777 1777 -1777 1777 1777 1777 -1777 1777 -1453 1777 4203 0 0
1777 -1453 -1777 -1453 -1453 -1777 -1777 1777 1777 1777 -1777 -1777 1777 1777 -1453 -1777 4203 0 0
-1777 -1453 1777 -1453 -1453 1777 1777 1777 -1777 1777 1777 -1777 1777 1777 -1453 -1777 4203 0 0
1777 -1453 -1777 -1453 -1453 1777 -1777 -1777 1777 -1777 1777 1777 1777 1777 -1453 1777 4203 0 0
-1777 -1453 1777 -1453 -1453 -1777 1777 -1777 -1777 -1777 -1777 1777 1777 1777 -1453 1777 4203 0 0
-1777 -1453 1777 -1453 -1453 -1777 -1777 -1777 1777 -1777 1777 -1777 -1777 1777 -1453 -1777 4203 0 0
1777 -1453 -1777 -1453 -1453 1777 1777 -1777 -1777 -1777 -1777 -1777 -1777 1777 -1453 -1777 4203 0 0
1777 -1453 1777 -1453 -1453 -1777 -1777 1777 -1777 -1777 -1777 -1777 -1777 -1777 -1453 1777 4203 0 0
-1777 -1453 -1777 -1453 -1453 1777 1777 1777 1777 -1777 1777 -1777 -1777 -1777 -1453 1777 4203 0 0
-1777 -1453 -1777 -1453 -1453 1777 -1777 1777 -1777 -1777 -1777 1777 1777 -1777 -1453 -1777 4203 0 0
1777 -1453 1777 -1453 -1453 -1777 1777 1777 1777 -1777 1777 1777 1777 -1777 -1453 -1777 4203 0 0
-1777 -1453 -1777 -1453 -1453 -1777 -1777 -1777 -1777 1777 1777 -1777 1777 -1777 -1453 1777 4203 0 0
1777 -1453 1777 -1453 -1453 1777 1777 -1777 1777 1777 -1777 -1777 1777 -1777 -1453 1777 4203 0 0
1777 -1453 1777 -1453 -1453 1777 -1777 -1777 -1777 1777 1777 1777 -1777 -1777 -1453 -1777 4203 0 0
-1777 -1453 -1777 -1453 -1453 -1777 1777 -1777 1777 1777 -1777 1777 -1777 -1777 -1453 -1777 4203 0 0
1777 1453 1777 1453 -1453 -1777 -1777 1777 1777 -1777 1777 1777 -1777 1777 -1453 1777 4203 0 0
-1777 1453 -1777 1453 -1453 1777 1777 1777 -1777 -1777 -1777 1777 -1777 1777 -1453 1777 4203 0 0
-1777 1453 -1777 1453 -1453 1777 -1777 1777 1777 -1777 1777 -1777 1777 1777 -1453 -1777 4203 0 0
1777 1453 1777 1453 -1453 -1777 1777 1777 -1777 -1777 -1777 -1777 1777 1777 -1453 -1777 4203 0 0
-1777 1453 -1777 1453 -1453 -1777 -1777 -1777 1777 1777 -1777 1777 1777 1777 -1453 1777 4203 0 0
1777 1453 1777 1453 -1453 1777 1777 -1777 -1777 1777 1777 1777 1777 1777 -1453 1777 4203 0 0
1777 1453 1777 1453 -1453 1777 -1777 -1777 1777 1777 -1777 -1777 -1777 1777 -1453 -1777 4203 0 0
-1777 1453 -1777 1453 -1453 -1777 1777 -1777 -1777 1777 1777 -1777 -1777 1777 -1453 -1777 4203 0 0
-1777 1453 1777 1453 -1453 1777 -1777 1777 -1777 1777 1777 -1777 -1777 -1777 -1453 1777 4203 0 0
1777 1453 -1777 1453 -1453 -1777 1777 1777 1777 1777 -1777 -1777 -1777 -1777 -1453 1777 4203 0 0
1777 1453 -1777 1453 -1453 -1777 -1777 1777 -1777 1777 1777 1777 1777 -1777 -1453 -1777 4203 0 0
-1777 1453 1777 1453 -1453 1777 1777 1777 1777 1777 -1777 1777 1777 -1777 -1453 -1777 4203 0 0
1777 1453 -1777 1453 -1453 1777 -1777 -1777 -1777 -1777 -1777 -1777 1777 -1777 -1453 1777 4203 0 0
-1777 1453 1777 1453 -1453 -1777 1777 -1777 1777 -1777 1777 -1777 1777 -1777 -1453 1777 4203 0 0
-1777 1453 1777 1453 -1453 -1777 -1777 -1777 -1777 -1777 -1777 1777 -1777 -1777 -1453 -1777 4203 0 0
1777 1453 -1777 1453 -1453 1777 1777 -1777 1777 -1777 1777 1777 -1777 -1777 -1453 -1777 4203 0 0
1777 1453 1777 -1453 1453 -1777 1777 1777 1777 1777 -1777 1777 1777 1777 -1453 1777 4203 0 0
-1777 1453 -1777 -1453 1453 1777 -1777 1777 -1777 1777 1777 1777 1777 1777 -1453 1777 4203 0 0
-1777 1453 -1777 -1453 1453 1777 1777 1777 1777 1777 -1777 -1777 -1777 1777 -1453 -1777 4203 0 0
1777 1453 1777 -1453 1453 -1777 -1777 1777 -1777 1777 1777 -1777 -1777 1777 -1453 -1777 4203 0 0
-1777 1453 -1777 -1453 1453 -1777 1777 -1777 1777 -1777 1777 1777 -1777 1777 -1453 1777 4203 0 0
1777 1453 1777 -1453 1453 1777 -1777 -1777 -1777 -1777 -1777 1777 -1777 1777 -1453 1777 4203 0 0
1777 1453 1777 -1453 1453 1777 1777 -1777 1777 -1777 1777 -1777 1777 1777 -1453 -1777 4203 0 0
-1777 1453 -1777 -1453 1453 -1777 -1777 -1777 -1777 -1777 -1777 -1777 1777 1777 -1453 -1777 4203 0 0
-1777 1453 1777 -1453 1453 1777 1777 1777 -1777 -1777 -1777 -1777 1777 -1777 -1453 1777 4203 0 0
1777 1453 -1777 -1453 1453 -1777 -1777 1777 1777 -1777 1777 -1777 1777 -1777 -1453 1777 4203 0 0
1777 1453 -1777 -1453 1453 -1777 1777 1777 -1777 -1777 -1777 1777 -1777 -1777 -1453 -1777 4203 0 0
-1777 1453 1777 -1453 1453 1777 -1777 1777 1777 -1777 1777 1777 -1777 -1777 -1453 -1777 4203 0 0
1777 1453 -1777 -1453 1453 1777 1777 -1777 -1777 1777 1777 -1777 -1777 -1777 -1453 1777 4203 0 0
-1777 1453 1777 -1453 1453 -1777 -1777 -1777 1777 1777 -1777 -1777 -1777 -1777 -1453 1777 4203 0 0
-1777 1453 1777 -1453 1453 -1777 1777 -1777 -1777 1777 1777 1777 1777 -1777 -1453 -1777 4203 0 0
1777 1453 -1777 -1453 1453 1777 -1777 -1777 1777 1777 -1777 1777 1777 -1777 -1453 -1777 4203 0 0
-1777 -1453 1777 1453 1453 1777 1777 1777 1777 -1777 1777 1777 1777 1777 -1453 1777 4203 0 0
1777 -1453 -1777 1453 1453 -1777 -1777 1777 -1777 -1777 -1777 1777 1777 1777 -1453 1777 4203 0 0
1777 -1453 -1777 1453 1453 -1777 1777 1777 1777 -1777 1777 -1777 -1777 1777 -1453 -1777 4203 0 0
-1777 -1453 1777 1453 1453 1777 -1777 1777 -1777 -1777 -1777 -1777 -1777 1777 -1453 -1777 4203 0 0
1777 -1453 -1777 1453 1453 1777 1777 -1777 1777 1777 -1777 1777 -1777 1777 -1453 1777 4203 0 0
-1777 -1453 1777 1453 1453 -1777 -1777 -1777 -1777 1777 1777 1777 -1777 1777 -1453 1777 4203 0 0
-1777 -1453 1777 1453 1453 -1777 1777 -1777 1777 1777 -1777 -1777 1777 1777 -1453 -1777 4203 0 0
1777 -1453 -1777 1453 1453 1777 -1777 -1777 -1777 1777 1777 -1777 1777 1777 -1453 -1777 4203 0 0
1777 -1453 1777 1453 1453 -1777 1777 1777 -1777 1777 1777 -1777 1777 -1777 -1453 1777 4203 0 0
-1777 -1453 -1777 1453 1453 1777 -1777 1777 1777 1777 -1777 -1777 1777 -1777 -1453 1777 4203 0 0
-1777 -1453 -1777 1453 1453 1777 1777 1777 -1777 1777 1777 1777 -1777 -1777 -1453 -1777 4203 0 0
1777 -1453 1777 1453 1453 -1777 -1777 1777 1777 1777 -1777 1777 -1777 -1777 -1453 -1777 4203 0 0
-1777 -1453 -1777 1453 1453 -1777 1777 -1777 -1777 -1777 -1777 -1777 -1777 -1777 -1453 1777 4203 0 0
1777 -1453 1777 1453 1453 1777 -1777 -1777 1777 -1777 1777 -1777 -1777 -1777 -1453 1777 4203 0 0
1777 -1453 1777 1453 1453 1777 1777 -1777 -1777 -1777 -1777 1777 1777 -1777 -1453 -1777 4203 0 0
-1777 -1453 -1777 1453 1453 -1777 -1777 -1777 1777 -1777 1777 1777 1777 -1777 -1453 -1777 4203 0 0
1777 1453 1777 -1453 -1453 1777 1777 1777 -1777 1777 -1777 -1777 -1777 1777 1453 1777 4203 0 0
-1777 1453 -1777 -1453 -1453 -1777 -1777 1777 1777 1777 1777 -1777 -1777 1777 1453 1777 4203 0 0
-1777 1453 -1777 -1453 -1453 -1777 1777 1777 -1777 1777 -1777 1777 1777 1777 1453 -1777 4203 0 0
1777 1453 1777 -1453 -1453 1777 -1777 1777 1777 1777 1777 1777 1777 1777 1453 -1777 4203 0 0
-1777 1453 -1777 -1453 -1453 1777 1777 -1777 -1777 -1777 1777 -1777 1777 1777 1453 1777 4203 0 0
1777 1453 1777 -1453 -1453 -1777 -1777 -1777 1777 -1777 -1777 -1777 1777 1777 1453 1777 4203 0 0
1777 1453 1777 -1453 -1453 -1777 1777 -1777 -1777 -1777 1777 1777 -1777 1777 1453 -1777 4203 0 0
-1777 1453 -1777 -1453 -1453 1777 -1777 -1777 1777 -1777 -1777 1777 -1777 1777 1453 -1777 4203 0 0
-1777 1453 1777 -1453 -1453 -1777 1777 1777 1777 -1777 -1777 1777 -1777 -1777 1453 1777 4203 0 0
1777 1453 -1777 -1453 -1453 1777 -1777 1777 -1777 -1777 1777 1777 -1777 -1777 1453 1777 4203 0 0
1777 1453 -1777 -1453 -1453 1777 1777 1777 1777 -1777 -1777 -1777 1777 -1777 1453 -1777 4203 0 0
-1777 1453 1777 -1453 -1453 -1777 -1777 1777 -1777 -1777 1777 -1777 1777 -1777 1453 -1777 4203 0 0
1777 1453 -1777 -1453 -1453 -1777 1777 -1777 1777 1777 1777 1777 1777 -1777 1453 1777 4203 0 0
-1777 1453 1777 -1453 -1453 1777 -1777 -1777 -1777 1777 -1777 1777 1777 -1777 1453 1777 4203 0 0
-1777 1453 1777 -1453 -1453 1777 1777 -1777 1777 1777 1777 -1777 -1777 -1777 1453 -1777 4203 0 0
1777 1453 -1777 -1453 -1453 -1777 -1777 -1777 -1777 1777 -1777 -1777 -1777 -1777 1453 -1777 4203 0 0
-1777 -1453 1777 1453 -1453 -1777 1777 1777 -1777 -1777 1777 -1777 -1777 1777 1453 1777 4203 0 0
1777 -1453 -1777 1453 -1453 1777 -1777 1777 1777 -1777 -1777 -1777 -1777 1777 1453 1777 4203 0 0
1777 -1453 -1777 1453 -1453 1777 1777 1777 -1777 -1777 1777 1777 1777 1777 1453 -1777 4203 0 0
-1777 -1453 1777 1453 -1453 -1777 -1777 1777 1777 -1777 -1777 1777 1777 1777 1453 -1777 4203 0 0
1777 -1453 -1777 1453 -1453 -1777 1777 -1777 -1777 1777 -1777 -1777 1777 1777 1453 1777 4203 0 0
-1777 -1453 1777 1453 -1453 1777 -1777 -1777 1777 1777 1777 -1777 1777 1777 1453 1777 4203 0 0
-1777 -1453 1777 1453 -1453 1777 1777 -1777 -1777 1777 -1777 1777 -1777 1777 1453 -1777 4203 0 0
1777 -1453 -1777 1453 -1453 -1777 -1777 -1777 1777 1777 1777 1777 -1777 1777 1453 -1777 4203 0 0
1777 -1453 1777 1453 -1453 1777 1777 1777 1777 1777 1777 1777 -1777 -1777 1453 1777 4203 0 0
-1777 -1453 -1777 1453 -1453 -1777 -1777 1777 -1777 1777 -1777 1777 -1777 -1777 1453 1777 4203 0 0
-1777 -1453 -1777 1453 -1453 -1777 1777 1777 1777 1777 1777 -1777 1777 -1777 1453 -1777 4203 0 0
1777 -1453 1777 1453 -1453 1777 -1777 1777 -1777 1777 -1777 -1777 1777 -1777 1453 -1777 4203 0 0
-1777 -1453 -1777 1453 -1453 1777 1777 -1777 1777 -1777 -1777 1777 1777 -1777 1453 1777 4203 0 0
1777 -1453 1777 1453 -1453 -1777 -1777 -1777 -1777 -1777 1777 1777 1777 -1777 1453 1777 4203 0 0
1777 -1453 1777 1453 -1453 -1777 1777 -1777 1777 -1777 -1777 -1777 -1777 -1777 1453 -1777 4203 0 0
-1777 -1453 -1777 1453 -1453 1777 -1777 -1777 -1777 -1777 1777 -1777 -1777 -1777 1453 -1777 4203 0 0
-1777 -1453 1777 -1453 1453 -1777 -1777 1777 -1777 1777 -1777 -1777 1777 1777 1453 1777 4203 0 0
1777 -1453 -1777 -1453 1453 1777 1777 1777 1777 1777 1777 -1777 1777 1777 1453 1777 4203 0 0
1777 -1453 -1777 -1453 1453 1777 -1777 1777 -1777 1777 -1777 1777 -1777 1777 1453 -1777 4203 0 0
-1777 -1453 1777 -1453 1453 -1777 1777 1777 1777 1777 1777 1777 -1777 1777 1453 -1777 4203 0 0
1777 -1453 -1777 -1453 1453 -1777 -1777 -1777 -1777 -1777 1777 -1777 -1777 1777 1453 1777 4203 0 0
-1777 -1453 1777 -1453 1453 1777 1777 -1777 1777 -1777 -1777 -1777 -1777 1777 1453 1777 4203 0 0
-1777 -1453 1777 -1453 1453 1777 -1777 -1777 -1777 -1777 1777 1777 1777 1777 1453 -1777 4203 0 0
1777 -1453 -1777 -1453 1453 -1777 1777 -1777 1777 -1777 -1777 1777 1777 1777 1453 -1777 4203 0 0
1777 -1453 1777 -1453 1453 1777 -1777 1777 1777 -1777 -1777 1777 1777 -1777 1453 1777 4203 0 0
-1777 -1453 -1777 -1453 1453 -1777 1777 1777 -1777 -1777 1777 1777 1777 -1777 1453 1777 4203 0 0
-1777 -1453 -1777 -1453 1453 -1777 -1777 1777 1777 -1777 -1777 -1777 -1777 -1777 1453 -1777 4203 0 0
1777 -1453 1777 -1453 1453 1777 1777 1777 -1777 -1777 1777 -1777 -1777 -1777 1453 -1777 4203 0 0
-1777 -1453 -1777 -1453 1453 1777 -1777 -1777 1777 1777 1777 1777 -1777 -1777 1453 1777 4203 0 0
1777 -1453 1777 -1453 1453 -1777 1777 -1777 -1777 1777 -1777 1777 -1777 -1777 1453 1777 4203 0 0
1777 -1453 1777 -1453 1453 -1777 -1777 -1777 1777 1777 1777 -1777 1777 -1777 1453 -1777 4203 0 0
-1777 -1453 -1777 -1453 1453 1777 1777 -1777 -1777 1777 -1777 -1777 1777 -1777 1453 -1777 4203 0 0
1777 1453 1777 1453 1453 1777 -1777 1777 -1777 -1777 1777 -1777 1777 1777 1453 1777 4203 0 0
-1777 1453 -1777 1453 1453 -1777 1777 1777 1777 -1777 -1777 -1777 1777 1777 1453 1777 4203 0 0
-1777 1453 -1777 1453 1453 -1777 -1777 1777 -1777 -1777 1777 1777 -1777 1777 1453 -1777 4203 0 0
1777 1453 1777 1453 1453 1777 1777 1777 1777 -1777 -1777 1777 -1777 1777 1453 -1777 4203 0 0
-1777 1453 -1777 1453 1453 1777 -1777 -1777 -1777 1777 -1777 -1777 -1777 1777 1453 1777 4203 0 0
1777 1453 1777 1453 1453 -1777 1777 -1777 1777 1777 1777 -1777 -1777 1777 1453 1777 4203 0 0
1777 1453 1777 1453 1453 -1777 -1777 -1777 -1777 1777 -1777 1777 1777 1777 1453 -1777 4203 0 0
-1777 1453 -1777 1453 1453 1777 1777 -1777 1777 1777 1777 1777 1777 1777 1453 -1777 4203 0 0
-1777 1453 1777 1453 1453 -1777 -1777 1777 1777 1777 1777 1777 1777 -1777 1453 1777 4203 0 0
1777 1453 -1777 1453 1453 1777 1777 1777 -1777 1777 -1777 1777 1777 -1777 1453 1777 4203 0 0
1777 1453 -1777 1453 1453 1777 -1777 1777 1777 1777 1777 -1777 -1777 -1777 1453 -1777 4203 0 0
-1777 1453 1777 1453 1453 -1777 1777 1777 -1777 1777 -1777 -1777 -1777 -1777 1453 -1777 4203 0 0
1777 1453 -1777 1453 1453 -1777 -1777 -1777 1777 -1777 -1777 1777 -1777 -1777 1453 1777 4203 0 0
-1777 1453 1777 1453 1453 1777 1777 -1777 -1777 -1777 1777 1777 -1777 -1777 1453 1777 4203 0 0
-1777 1453 1777 1453 1453 1777 -1777 -1777 1777 -1777 -1777 -1777 1777 -1777 1453 -1777 4203 0 0
1777 1453 -1777 1453 1453 -1777 1777 -1777 -1777 -1777 1777 -1777 1777 -1777 1453 -1777 4203 0 0
-1881 -1881 1881 -1881 -1881 1881 1881 -1881 1881 1881 1881 1881 -1881 1881 1881 1881 -1568 -1568 -1568
1881 -1881 -1881 -1881 -1881 -1881 -1881 -1881 -1881 1881 -1881 1881 -1881 1881 1881 1881 -1568 -1568 -1568
1881 -1881 -1881 -1881 -1881 -1881 1881 -1881 1881 1881 1881 -1881 1881 1881 1881 -1881 -1568 -1568 -1568
-1881 -1881 1881 -1881 -1881 1881 -1881 -1881 -1881 1881 -1881 -1881 1881 1881 1881 -1881 -1568 -1568 -1568
1881 -1881 -1881 -1881 -1881 1881 1881 1881 1881 -1881 -1881 1881 1881 1881 1881 1881 -1568 -1568 -1568
-1881 -1881 1881 -1881 -1881 -1881 -1881 1881 -1881 -1881 1881 1881 1881 1881 1881 1881 -1568 -1568 -1568
-1881 -1881 1881 -1881 -1881 -1881 1881 1881 1881 -1881 -1881 -1881 -1881 1881 1881 -1881 -1568 -1568 -1568
1881 -1881 -1881 -1881 -1881 1881 -1881 1881 -1881 -1881 1881 -1881 -1881 1881 1881 -1881 -1568 -1568 -1568
1881 -1881 1881 -1881 -1881 -1881 1881 -1881 -1881 -1881 1881 -1881 -1881 -1881 1881 1881 -1568 -1568 -1568
-1881 -1881 -1881 -1881 -1881 1881 -1881 -1881 1881 -1881 -1881 -1881 -1881 -1881 1881 1881 -1568 -1568 -1568
-1881 -1881 -1881 -1881 -1881 1881 1881 -1881 -1881 -1881 1881 1881 1881 -1881 1881 -1881 -1568 -1568 -1568
1881 -1881 1881 -1881 -1881 -1881 -1881 -1881 1881 -1881 -1881 1881 1881 -1881 1881 -1881 -1568 -1568 -1568
-1881 -1881 -1881 -1881 -1881 -1881 1881 1881 -1881 1881 -1881 -1881 1881 -1881 1881 1881 -1568 -1568 -1568
1881 -1881 1881 -1881 -1881 1881 -1881 1881 1881 1881 1881 -1881 1881 -1881 1881 1881 -1568 -1568 -1568
1881 -1881 1881 -1881 -1881 1881 1881 1881 -1881 1881 -1881 1881 -1881 -1881 1881 -1881 -1568 -1568 -1568
-1881 -1881 -1881 -1881 -1881 -1881 -1881 1881 1881 1881 1881 1881 -1881 -1881 1881 -1881 -1568 -1568 -1568
1881 1881 1881 1881 -1881 -1881 1881 -1881 1881 -1881 -1881 1881 -1881 1881 1881 1881 -1568 -1568 -1568
-1881 1881 -1881 1881 -1881 1881 -1881 -1881 -1881 -1881 1881 1881 -1881 1881 1881 1881 -1568 -1568 -1568
-1881 1881 -1881 1881 -1881 1881 1881 -1881 1881 -1881 -1881 -1881 1881 1881 1881 -1881 -1568 -1568 -1568
1881 1881 1881 1881 -1881 -1881 -1881 -1881 -1881 -1881 1881 -1881 1881 1881 1881 -1881 -1568 -1568 -1568
-1881 1881 -1881 1881 -1881 -1881 1881 1881 1881 1881 1881 1881 1881 1881 1881 1881 -1568 -1568 -1568
1881 1881 1881 1881 -1881 1881 -1881 1881 -1881 1881 -1881 1881 1881 1881 1881 1881 -1568 -1568 -1568
1881 1881 1881 1881 -1881 1881 1881 1881 1881 1881 1881 -1881 -1881 1881 1881 -1881 -1568 -1568 -1568
-1881 1881 -1881 1881 -1881 -1881 -1881 1881 -1881 1881 -1881 -1881 -1881 1881 1881 -1881 -1568 -1568 -1568
-1881 1881 1881 1881 -1881 1881 1881 -1881 -1881 1881 -1881 -1881 -1881 -1881 1881 1881 -1568 -1568 -1568
1881 1881 -1881 1881 -1881 -1881 -1881 -1881 1881 1881 1881 -1881 -1881 -1881 1881 1881 -1568 -1568 -1568
1881 1881 -1881 1881 -1881 -1881 1881 -1881 -1881 1881 -1881 1881 1881 -1881 1881 -1881 -1568 -1568 -1568
-1881 1881 1881 1881 -1881 1881 -1881 -1881 1881 1881 1881 1881 1881 -1881 1881 -1881 -1568 -1568 -1568
1881 1881 -1881 1881 -1881 1881 1881 1881 -1881 -1881 1881 -1881 1881 -1881 1881 1881 -1568 -1568 -1568
-1881 1881 1881 1881 -1881 -1881 -1881 1881 1881 -1881 -1881 -1881 1881 -1881 1881 1881 -1568 -1568 -1568
-1881 1881 1881 1881 -1881 -1881 1881 1881 -1881 -1881 1881 1881 -1881 -1881 1881 -1881 -1568 -1568 -1568
1881 1881 -1881 1881 -1881 1881 -1881 1881 1881 -1881 -1881 1881 -1881 -1881 1881 -1881 -1568 -1568 -1568
1881 1881 1881 -1881 1881 -1881 -1881 -1881 1881 1881 1881 1881 1881 1881 1881 1881 -1568 -1568 -1568
-1881 1881 -1881 -1881 1881 1881 1881 -1881 -1881 1881 -1881 1881 1881 1881 1881 1881 -1568 -1568 -1568
-1881 1881 -1881 -1881 1881 1881 -1881 -1881 1881 1881 1881 -1881 -1881 1881 1881 -1881 -1568 -1568 -1568
1881 1881 1881 -1881 1881 -1881 1881 -1881 -1881 1881 -1881 -1881 -1881 1881 1881 -1881 -1568 -1568 -1568
-1881 1881 -1881 -1881 1881 -1881 -1881 1881 1881 -1881 -1881 1881 -1881 1881 1881 1881 -1568 -1568 -1568
1881 1881 1881 -1881 1881 1881 1881 1881 -1881 -1881 1881 1881 -1881 1881 1881 1881 -1568 -1568 -1568
1881 1881 1881 -1881 1881 1881 -1881 1881 1881 -1881 -1881 -1881 1881 1881 1881 -1881 -1568 -1568 -1568
-1881 1881 -1881 -1881 1881 -1881 1881 1881 -1881 -1881 1881 -1881 1881 1881 1881 -1881 -1568 -1568 -1568
-1881 1881 1881 -1881 1881 1881 -1881 -1881 -1881 -1881 1881 -1881 1881 -1881 1881 1881 -1568 -1568 -1568
1881 1881 -1881 -1881 1881 -1881 1881 -1881 1881 -1881 -1881 -1881 1881 -1881 1881 1881 -1568 -1568 -1568
1881 1881 -1881 -1881 1881 -1881 -1881 -1881 -1881 -1881 1881 1881 -1881 -1881 1881 -1881 -1568 -1568 -1568
-1881 1881 1881 -1881 1881 1881 1881 -1881 1881 -1881 -1881 1881 -1881 -1881 1881 -1881 -1568 -1568 -1568
1881 1881 -1881 -1881 1881 1881 -1881 1881 -1881 1881 -1881 -1881 -1881 -1881 1881 1881 -1568 -1568 -1568
-1881 1881 1881 -1881 1881 -1881 1881 1881 1881 1881 1881 -1881 -1881 -1881 1881 1881 -1568 -1568 -1568
-1881 1881 1881 -1881 1881 -1881 -1881 1881 -1881 1881 -1881 1881 1881 -1881 1881 -1881 -1568 -1568 -1568
1881 1881 -1881 -1881 1881 1881 1881 1881 1881 1881 1881 1881 1881 -1881 1881 -1881 -1568 -1568 -1568
-1881 -1881 1881 1881 1881 1881 -1881 -1881 1881 -1881 -1881 1881 1881 1881 1881 1881 -1568 -1568 -1568
1881 -1881 -1881 1881 1881 -1881 1881 -1881 -1881 -1881 1881 1881 1881 1881 1881 1881 -1568 -1568 -1568
1881 -1881 -1881 1881 1881 -1881 -1881 -1881 1881 -1881 -1881 -1881 -1881 1881 1881 -1881 -1568 -1568 -1568
-1881 -1881 1881 1881 1881 1881 1881 -1881 -1881 -1881 1881 -1881 -1881 1881 1881 -1881 -1568 -1568 -1568
1881 -1881 -1881 1881 1881 1881 -1881 1881 1881 1881 1881 1881 -1881 1881 1881 1881 -1568 -1568 -1568
-1881 -1881 1881 1881 1881 -1881 1881 1881 -1881 1881 -1881 1881 -1881 1881 1881 1881 -1568 -1568 -1568
-1881 -1881 1881 1881 1881 -1881 -1881 1881 1881 1881 1881 -1881 1881 1881 1881 -1881 -1568 -1568 -1568
1881 -1881 -1881 1881 1881 1881 1881 1881 -1881 1881 -1881 -1881 1881 1881 1881 -1881 -1568 -1568 -1568
1881 -1881 1881 1881 1881 -1881 -1881 -1881 -1881 1881 -1881 -1881 1881 -1881 1881 1881 -1568 -1568 -1568
-1881 -1881 -1881 1881 1881 1881 1881 -1881 1881 1881 1881 -1881 1881 -1881 1881 1881 -1568 -1568 -1568
-1881 -1881 -1881 1881 1881 1881 -1881 -1881 -1881 1881 -1881 1881 -1881 -1881 1881 -1881 -1568 -1568 -1568
1881 -1881 1881 1881 1881 -1881 1881 -1881 1881 1881 1881 1881 -1881 -1881 1881 -1881 -1568 -1568 -1568
-1881 -1881 -1881 1881 1881 -1881 -1881 1881 -1881 -1881 1881 -1881 -1881 -1881 1881 1881 -1568 -1568 -1568
1881 -1881 1881 1881 1881 1881 1881 1881 1881 -1881 -1881 -1881 -1881 -1881 1881 1881 -1568 -1568 -1568
1881 -1881 1881 1881 1881 1881 -1881 1881 -1881 -1881 1881 1881 1881 -1881 1881 -1881 -1568 -1568 -1568
-1881 -1881 -1881 1881 1881 -1881 1881 1881 1881 -1881 -1881 1881 1881 -1881 1881 -1881 -1568 -1568 -1568
1881 1881 1881 -1881 -1881 1881 -1881 -1881 -1881 1881 1881 -1881 -1881 1881 -1881 1881 -1568 -1568 -1568
-1881 1881 -1881 -1881 -1881 -1881 1881 -1881 1881 1881 -1881 -1881 -1881 1881 -1881 1881 -1568 -1568 -1568
-1881 1881 -1881 -1881 -1881 -1881 -1881 -1881 -1881 1881 1881 1881 1881 1881 -1881 -1881 -1568 -1568 -1568
1881 1881 1881 -1881 -1881 1881 1881 -1881 1881 1881 -1881 1881 1881 1881 -1881 -1881 -1568 -1568 -1568
-1881 1881 -1881 -1881 -1881 1881 -1881 1881 -1881 -1881 -1881 -1881 1881 1881 -1881 1881 -1568 -1568 -1568
1881 1881 1881 -1881 -1881 -1881 1881 1881 1881 -1881 1881 -1881 1881 1881 -1881 1881 -1568 -1568 -1568
1881 1881 1881 -1881 -1881 -1881 -1881 1881 -1881 -1881 -1881 1881 -1881 1881 -1881 -1881 -1568 -1568 -1568
-1881 1881 -1881 -1881 -1881 1881 1881 1881 1881 -1881 1881 1881 -1881 1881 -1881 -1881 -1568 -1568 -1568
-1881 1881 1881 -1881 -1881 -1881 -1881 -1881 1881 -1881 1881 1881 -1881 -1881 -1881 1881 -1568 -1568 -1568
1881 1881 -1881 -1881 -1881 1881 1881 -1881 -1881 -1881 -1881 1881 -1881 -1881 -1881 1881 -1568 -1568 -1568
1881 1881 -1881 -1881 -1881 1881 -1881 -1881 1881 -1881 1881 -1881 1881 -1881 -1881 -1881 -1568 -1568 -1568
-1881 1881 1881 -1881 -1881 -1881 1881 -1881 -1881 -1881 -1881 -1881 1881 -1881 -1881 -1881 -1568 -1568 -1568
1881 1881 -1881 -1881 -1881 -1881 -1881 1881 1881 1881 -1881 1881 1881 -1881 -1881 1881 -1568 -1568 -1568
-1881 1881 1881 -1881 -1881 1881 1881 1881 -1881 1881 1881 1881 1881 -1881 -1881 1881 -1568 -1568 -1568
-1881 1881 1881 -1881 -1881 1881 -1881 1881 1881 1881 -1881 -1881 -1881 -1881 -1881 -1881 -1568 -1568 -1568
1881 1881 -1881 -1881 -1881 -1881 1881 1881 -1881 1881 1881 -1881 -1881 -1881 -1881 -1881 -1568 -1568 -1568
-1881 -1881 1881 1881 -1881 -1881 -1881 -1881 -1881 -1881 -1881 -1881 -1881 1881 -1881 1881 -1568 -1568 -1568
1881 -1881 -1881 1881 -1881 1881 1881 -1881 1881 -1881 1881 -1881 -1881 1881 -1881 1881 -1568 -1568 -1568
1881 -1881 -1881 1881 -1881 1881 -1881 -1881 -1881 -1881 -1881 1881 1881 1881 -1881 -1881 -1568 -1568 -1568
-1881 -1881 1881 1881 -1881 -1881 1881 -1881 1881 -1881 1881 1881 1881 1881 -1881 -1881 -1568 -1568 -1568
1881 -1881 -1881 1881 -1881 -1881 -1881 1881 -1881 1881 1881 -1881 1881 1881 -1881 1881 -1568 -1568 -1568
-1881 -1881 1881 1881 -1881 1881 1881 1881 1881 1881 -1881 -1881 1881 1881 -1881 1881 -1568 -1568 -1568
-1881 -1881 1881 1881 -1881 1881 -1881 1881 -1881 1881 1881 1881 -1881 1881 -1881 -1881 -1568 -1568 -1568
1881 -1881 -1881 1881 -1881 -1881 1881 1881 1881 1881 -1881 1881 -1881 1881 -1881 -1881 -1568 -1568 -1568
1881 -1881 1881 1881 -1881 1881 -1881 -1881 1881 1881 -1881 1881 -1881 -1881 -1881 1881 -1568 -1568 -1568
-1881 -1881 -1881 1881 -1881 -1881 1881 -1881 -1881 1881 1881 1881 -1881 -1881 -1881 1881 -1568 -1568 -1568
-1881 -1881 -1881 1881 -1881 -1881 -1881 -1881 1881 1881 -1881 -1881 1881 -1881 -1881 -1881 -1568 -1568 -1568
1881 -1881 1881 1881 -1881 1881 1881 -1881 -1881 1881 1881 -1881 1881 -1881 -1881 -1881 -1568 -1568 -1568
-1881 -1881 -1881 1881 -1881 1881 -1881 1881 1881 -1881 1881 1881 1881 -1881 -1881 1881 -1568 -1568 -1568
1881 -1881 1881 1881 -1881 -1881 1881 1881 -1881 -1881 -1881 1881 1881 -1881 -1881 1881 -1568 -1568 -1568
1881 -1881 1881 1881 -1881 -1881 -1881 1881 1881 -1881 1881 -1881 -1881 -1881 -1881 -1881 -1568 -1568 -1568
-1881 -1881 -1881 1881 -1881 1881 1881 1881 -1881 -1881 -1881 -1881 -1881 -1881 -1881 -1881 -1568 -1568 -1568
-1881 -1881 1881 -1881 1881 -1881 1881 -1881 -1881 1881 1881 -1881 1881 1881 -1881 1881 -1568 -1568 -1568
1881 -1881 -1881 -1881 1881 1881 -1881 -1881 1881 1881 -1881 -1881 1881 1881 -1881 1881 -1568 -1568 -1568
1881 -1881 -1881 -1881 1881 1881 1881 -1881 -1881 1881 1881 1881 -1881 1881 -1881 -1881 -1568 -1568 -1568
-1881 -1881 1881 -1881 1881 -1881 -1881 -1881 1881 1881 -1881 1881 -1881 1881 -1881 -1881 -1568 -1568 -1568
1881 -1881 -1881 -1881 1881 -1881 1881 1881 -1881 -1881 -1881 -1881 -1881 1881 -1881 1881 -1568 -1568 -1568
-1881 -1881 1881 -1881 1881 1881 -1881 1881 1881 -1881 1881 -1881 -1881 1881 -1881 1881 -1568 -1568 -1568
-1881 -1881 1881 -1881 1881 1881 1881 1881 -1881 -1881 -1881 1881 1881 1881 -1881 -1881 -1568 -1568 -1568
1881 -1881 -1881 -1881 1881 -1881 -1881 1881 1881 -1881 1881 1881 1881 1881 -1881 -1881 -1568 -1568 -1568
1881 -1881 1881 -1881 1881 1881 1881 -1881 1881 -1881 1881 1881 1881 -1881 -1881 1881 -1568 -1568 -1568
-1881 -1881 -1881 -1881 1881 -1881 -1881 -1881 -1881 -1881 -1881 1881 1881 -1881 -1881 1881 -1568 -1568 -1568
-1881 -1881 -1881 -1881 1881 -1881 1881 -1881 1881 -1881 1881 -1881 -1881 -1881 -1881 -1881 -1568 -1568 -1568
1881 -1881 1881 -1881 1881 1881 -1881 -1881 -1881 -1881 -1881 -1881 -1881 -1881 -1881 -1881 -1568 -1568 -1568
-1881 -1881 -1881 -1881 1881 1881 1881 1881 1881 1881 -1881 1881 -1881 -1881 -1881 1881 -1568 -1568 -1568
1881 -1881 1881 -1881 1881 -1881 -1881 1881 -1881 1881 1881 1881 -1881 -1881 -1881 1881 -1568 -1568 -1568
1881 -1881 1881 -1881 1881 -1881 1881 1881 1881 1881 -1881 -1881 1881 -1881 -1881 -1881 -1568 -1568 -1568
-1881 -1881 -1881 -1881 1881 1881 -1881 1881 -1881 1881 1881 -1881 1881 -1881 -1881 -1881 -1568 -1568 -1568
1881 1881 1881 1881 1881 1881 1881 -1881 -1881 -1881 -1881 -1881 1881 1881 -1881 1881 -1568 -1568 -1568
-1881 1881 -1881 1881 1881 -1881 -1881 -1881 1881 -1881 1881 -1881 1881 1881 -1881 1881 -1568 -1568 -1568
-1881 1881 -1881 1881 1881 -1881 1881 -1881 -1881 -1881 -1881 1881 -1881 1881 -1881 -1881 -1568 -1568 -1568
1881 1881 1881 1881 1881 1881 -1881 -1881 1881 -1881 1881 1881 -1881 1881 -1881 -1881 -1568 -1568 -1568
-1881 1881 -1881 1881 1881 1881 1881 1881 -1881 1881 1881 -1881 -1881 1881 -1881 1881 -1568 -1568 -1568
1881 1881 1881 1881 1881 -1881 -1881 1881 1881 1881 -1881 -1881 -1881 1881 -1881 1881 -1568 -1568 -1568
1881 1881 1881 1881 1881 -1881 1881 1881 -1881 1881 1881 1881 1881 1881 -1881 -1881 -1568 -1568 -1568
-1881 1881 -1881 1881 1881 1881 -1881 1881 1881 1881 -1881 1881 1881 1881 -1881 -1881 -1568 -1568 -1568
-1881 1881 1881 1881 1881 -1881 1881 -1881 1881 1881 -1881 1881 1881 -1881 -1881 1881 -1568 -1568 -1568
1881 1881 -1881 1881 1881 1881 -1881 -1881 -1881 1881 1881 1881 1881 -1881 -1881 1881 -1568 -1568 -1568
1881 1881 -1881 1881 1881 1881 1881 -1881 1881 1881 -1881 -1881 -1881 -1881 -1881 -1881 -1568 -1568 -1568
-1881 1881 1881 1881 1881 -1881 -1881 -1881 -1881 1881 1881 -1881 -1881 -1881 -1881 -1881 -1568 -1568 -1568
1881 1881 -1881 1881 1881 -1881 1881 1881 1881 -1881 1881 1881 -1881 -1881 -1881 1881 -1568 -1568 -1568
-1881 1881 1881 1881 1881 1881 -1881 1881 -1881 -1881 -1881 1881 -1881 -1881 -1881 1881 -1568 -1568 -1568
-1881 1881 1881 1881 1881 1881 1881 1881 1881 -1881 1881 -1881 1881 -1881 -1881 -1881 -1568 -1568 -1568
1881 1881 -1881 1881 1881 -1881 -1881 1881 -1881 -1881 -1881 -1881 1881 -1881 -1881 -1881 -1568 -1568 -1568
1881 -1881 1881 -1881 -1881 1881 -1881 -1881 1881 1881 -1881 1881 1881 1881 1881 1881 -1568 1568 1568
-1881 -1881 -1881 -1881 -1881 -1881 1881 -1881 -1881 1881 1881 1881 1881 1881 1881 1881 -1568 1568 1568
-1881 -1881 -1881 -1881 -1881 -1881 -1881 -1881 1881 1881 -1881 -1881 -1881 1881 1881 -1881 -1568 1568 1568
1881 -1881 1881 -1881 -1881 1881 1881 -1881 -1881 1881 1881 -1881 -1881 1881 1881 -1881 -1568 1568 1568
-1881 -1881 -1881 -1881 -1881 1881 -1881 1881 1881 -1881 1881 1881 -1881 1881 1881 1881 -1568 1568 1568
1881 -1881 1881 -1881 -1881 -1881 1881 1881 -1881 -1881 -1881 1881 -1881 1881 1881 1881 -1568 1568 1568
1881 -1881 1881 -1881 -1881 -1881 -1881 1881 1881 -1881 1881 -1881 1881 1881 1881 -1881 -1568 1568 1568
-1881 -1881 -1881 -1881 -1881 1881 1881 1881 -1881 -1881 -1881 -1881 1881 1881 1881 -1881 -1568 1568 1568
-1881 -1881 1881 -1881 -1881 -1881 -1881 -1881 -1881 -1881 -1881 -1881 1881 -1881 1881 1881 -1568 1568 1568
1881 -1881 -1881 -1881 -1881 1881 1881 -1881 1881 -1881 1881 -1881 1881 -1881 1881 1881 -1568 1568 1568
1881 -1881 -1881 -1881 -1881 1881 -1881 -1881 -1881 -1881 -1881 1881 -1881 -1881 1881 -1881 -1568 1568 1568
-1881 -1881 1881 -1881 -1881 -1881 1881 -1881 1881 -1881 1881 1881 -1881 -1881 1881 -1881 -1568 1568 1568
1881 -1881 -1881 -1881 -1881 -1881 -1881 1881 -1881 1881 1881 -1881 -1881 -1881 1881 1881 -1568 1568 1568
-1881 -1881 1881 -1881 -1881 1881 1881 1881 1881 1881 -1881 -1881 -1881 -1881 1881 1881 -1568 1568 1568
-1881 -1881 1881 -1881 -1881 1881 -1881 1881 -1881 1881 1881 1881 1881 -1881 1881 -1881 -1568 1568 1568
1881 -1881 -1881 -1881 -1881 -1881 1881 1881 1881 1881 -1881 1881 1881 -1881 1881 -1881 -1568 1568 1568
-1881 1881 1881 1881 -1881 -1881 -1881 -1881 1881 -1881 1881 1881 1881 1881 1881 1881 -1568 1568 1568
1881 1881 -1881 1881 -1881 1881 1881 -1881 -1881 -1881 -1881 1881 1881 1881 1881 1881 -1568 1568 1568
1881 1881 -1881 1881 -1881 1881 -1881 -1881 1881 -1881 1881 -1881 -1881 1881 1881 -1881 -1568 1568 1568
-1881 1881 1881 1881 -1881 -1881 1881 -1881 -1881 -1881 -1881 -1881 -1881 1881 1881 -1881 -1568 1568 1568
1881 1881 -1881 1881 -1881 -1881 -1881 1881 1881 1881 -1881 1881 -1881 1881 1881 1881 -1568 1568 1568
-1881 1881 1881 1881 -1881 1881 1881 1881 -1881 1881 1881 1881 -1881 1881 1881 1881 -1568 1568 1568
-1881 1881 1881 1881 -1881 1881 -1881 1881 1881 1881 -1881 -1881 1881 1881 1881 -1881 -1568 1568 1568
1881 1881 -1881 1881 -1881 -1881 1881 1881 -1881 1881 1881 -1881 1881 1881 1881 -1881 -1568 1568 1568
1881 1881 1881 1881 -1881 1881 -1881 -1881 -1881 1881 1881 -1881 1881 -1881 1881 1881 -1568 1568 1568
-1881 1881 -1881 1881 -1881 -1881 1881 -1881 1881 1881 -1881 -1881 1881 -1881 1881 1881 -1568 1568 1568
-1881 1881 -1881 1881 -1881 -1881 -1881 -1881 -1881 1881 1881 1881 -1881 -1881 1881 -1881 -1568 1568 1568
1881 1881 1881 1881 -1881 1881 1881 -1881 1881 1881 -1881 1881 -1881 -1881 1881 -1881 -1568 1568 1568
-1881 1881 -1881 1881 -1881 1881 -1881 1881 -1881 -1881 -1881 -1881 -1881 -1881 1881 1881 -1568 1568 1568
1881 1881 1881 1881 -1881 -1881 1881 1881 1881 -1881 1881 -1881 -1881 -1881 1881 1881 -1568 1568 1568
1881 1881 1881 1881 -1881 -1881 -1881 1881 -1881 -1881 -1881 1881 1881 -1881 1881 -1881 -1568 1568 1568
-1881 1881 -1881 1881 -1881 1881 1881 1881 1881 -1881 1881 1881 1881 -1881 1881 -1881 -1568 1568 1568
-1881 1881 1881 -1881 1881 -1881 1881 -1881 1881 1881 -1881 1881 -1881 1881 1881 1881 -1568 1568 1568
1881 1881 -1881 -1881 1881 1881 -1881 -1881 -1881 1881 1881 1881 -1881 1881 1881 1881 -1568 1568 1568
1881 1881 -1881 -1881 1881 1881 1881 -1881 1881 1881 -1881 -1881 1881 1881 1881 -1881 -1568 1568 1568
-1881 1881 1881 -1881 1881 -1881 -1881 -1881 -1881 1881 1881 -1881 1881 1881 1881 -1881 -1568 1568 1568
1881 1881 -1881 -1881 1881 -1881 1881 1881 1881 -1881 1881 1881 1881 1881 1881 1881 -1568 1568 1568
-1881 1881 1881 -1881 1881 1881 -1881 1881 -1881 -1881 -1881 1881 1881 1881 1881 1881 -1568 1568 1568
-1881 1881 1881 -1881 1881 1881 1881 1881 1881 -1881 1881 -1881 -1881 1881 1881 -1881 -1568 1568 1568
1881 1881 -1881 -1881 1881 -1881 -1881 1881 -1881 -1881 -1881 -1881 -1881 1881 1881 -1881 -1568 1568 1568
1881 1881 1881 -1881 1881 1881 1881 -1881 -1881 -1881 -1881 -1881 -1881 -1881 1881 1881 -1568 1568 1568
-1881 1881 -1881 -1881 1881 -1881 -1881 -1881 1881 -1881 1881 -1881 -1881 -1881 1881 1881 -1568 1568 1568
-1881 1881 -1881 -1881 1881 -1881 1881 -1881 -1881 -1881 -1881 1881 1881 -1881 1881 -1881 -1568 1568 1568
1881 1881 1881 -1881 1881 1881 -1881 -1881 1881 -1881 1881 1881 1881 -1881 1881 -1881 -1568 1568 1568
-1881 1881 -1881 -1881 1881 1881 1881 1881 -1881 1881 1881 -1881 1881 -1881 1881 1881 -1568 1568 1568
1881 1881 1881 -1881 1881 -1881 -1881 1881 1881 1881 -1881 -1881 1881 -1881 1881 1881 -1568 1568 1568
1881 1881 1881 -1881 1881 -1881 1881 1881 -1881 1881 1881 1881 -1881 -1881 1881 -1881 -1568 1568 1568
-1881 1881 -1881 -1881 1881 1881 -1881 1881 1881 1881 -1881 1881 -1881 -1881 1881 -1881 -1568 1568 1568
1881 -1881 1881 1881 1881 1881 1881 -1881 1881 -1881 1881 1881 -1881 1881 1881 1881 -1568 1568 1568
-1881 -1881 -1881 1881 1881 -1881 -1881 -1881 -1881 -1881 -1881 1881 -1881 1881 1881 1881 -1568 1568 1568
-1881 -1881 -1881 1881 1881 -1881 1881 -1881 1881 -1881 1881 -1881 1881 1881 1881 -1881 -1568 1568 1568
1881 -1881 1881 1881 1881 1881 -1881 -1881 -1881 -1881 -1881 -1881 1881 1881 1881 -1881 -1568 1568 1568
-1881 -1881 -1881 1881 1881 1881 1881 1881 1881 1881 -1881 1881 1881 1881 1881 1881 -1568 1568 1568
1881 -1881 1881 1881 1881 -1881 -1881 1881 -1881 1881 1881 1881 1881 1881 1881 1881 -1568 1568 1568
1881 -1881 1881 1881 1881 -1881 1881 1881 1881 1881 -1881 -1881 -1881 1881 1881 -1881 -1568 1568 1568
-1881 -1881 -1881 1881 1881 1881 -1881 1881 -1881 1881 1881 -1881 -1881 1881 1881 -1881 -1568 1568 1568
-1881 -1881 1881 1881 1881 -1881 1881 -1881 -1881 1881 1881 -1881 -1881 -1881 1881 1881 -1568 1568 1568
1881 -1881 -1881 1881 1881 1881 -1881 -1881 1881 1881 -1881 -1881 -1881 -1881 1881 1881 -1568 1568 1568
1881 -1881 -1881 1881 1881 1881 1881 -1881 -1881 1881 1881 1881 1881 -1881 1881 -1881 -1568 1568 1568
-1881 -1881 1881 1881 1881 -1881 -1881 -1881 1881 1881 -1881 1881 1881 -1881 1881 -1881 -1568 1568 1568
1881 -1881 -1881 1881 1881 -1881 1881 1881 -1881 -1881 -1881 -1881 1881 -1881 1881 1881 -1568 1568 1568
-1881 -1881 1881 1881 1881 1881 -1881 1881 1881 -1881 1881 -1881 1881 -1881 1881 1881 -1568 1568 1568
-1881 -1881 1881 1881 1881 1881 1881 1881 -1881 -1881 -1881 1881 -1881 -1881 1881 -1881 -1568 1568 1568
1881 -1881 -1881 1881 1881 -1881 -1881 1881 1881 -1881 1881 1881 -1881 -1881 1881 -1881 -1568 1568 1568
-1881 1881 1881 -1881 -1881 1881 1881 -1881 -1881 1881 -1881 -1881 1881 1881 -1881 1881 -1568 1568 1568
1881 1881 -1881 -1881 -1881 -1881 -1881 -1881 1881 1881 1881 -1881 1881 1881 -1881 1881 -1568 1568 1568
1881 1881 -1881 -1881 -1881 -1881 1881 -1881 -1881 1881 -1881 1881 -1881 1881 -1881 -1881 -1568 1568 1568
-1881 1881 1881 -1881 -1881 1881 -1881 -1881 1881 1881 1881 1881 -1881 1881 -1881 -1881 -1568 1568 1568
1881 1881 -1881 -1881 -1881 1881 1881 1881 -1881 -1881 1881 -1881 -1881 1881 -1881 1881 -1568 1568 1568
-1881 1881 1881 -1881 -1881 -1881 -1881 1881 1881 -1881 -1881 -1881 -1881 1881 -1881 1881 -1568 1568 1568
-1881 1881 1881 -1881 -1881 -1881 1881 1881 -1881 -1881 1881 1881 1881 1881 -1881 -1881 -1568 1568 1568
1881 1881 -1881 -1881 -1881 1881 -1881 1881 1881 -1881 -1881 1881 1881 1881 -1881 -1881 -1568 1568 1568
1881 1881 1881 -1881 -1881 -1881 1881 -1881 1881 -1881 -1881 1881 1881 -1881 -1881 1881 -1568 1568 1568
-1881 1881 -1881 -1881 -1881 1881 -1881 -1881 -1881 -1881 1881 1881 1881 -1881 -1881 1881 -1568 1568 1568
-1881 1881 -1881 -1881 -1881 1881 1881 -1881 1881 -1881 -1881 -1881 -1881 -1881 -1881 -1881 -1568 1568 1568
1881 1881 1881 -1881 -1881 -1881 -1881 -1881 -1881 -1881 1881 -1881 -1881 -1881 -1881 -1881 -1568 1568 1568
-1881 1881 -1881 -1881 -1881 -1881 1881 1881 1881 1881 1881 1881 -1881 -1881 -1881 1881 -1568 1568 1568
1881 1881 1881 -1881 -1881 1881 -1881 1881 -1881 1881 -1881 1881 -1881 -1881 -1881 1881 -1568 1568 1568
1881 1881 1881 -1881 -1881 1881 1881 1881 1881 1881 1881 -1881 1881 -1881 -1881 -1881 -1568 1568 1568
-1881 1881 -1881 -1881 -1881 -1881 -1881 1881 -1881 1881 -1881 -1881 1881 -1881 -1881 -1881 -1568 1568 1568
1881 -1881 1881 1881 -1881 -1881 1881 -1881 -1881 -1881 1881 -1881 1881 1881 -1881 1881 -1568 1568 1568
-1881 -1881 -1881 1881 -1881 1881 -1881 -1881 1881 -1881 -1881 -1881 1881 1881 -1881 1881 -1568 1568 1568
-1881 -1881 -1881 1881 -1881 1881 1881 -1881 -1881 -1881 1881 1881 -1881 1881 -1881 -1881 -1568 1568 1568
1881 -1881 1881 1881 -1881 -1881 -1881 -1881 1881 -1881 -1881 1881 -1881 1881 -1881 -1881 -1568 1568 1568
-1881 -1881 -1881 1881 -1881 -1881 1881 1881 -1881 1881 -1881 -1881 -1881 1881 -1881 1881 -1568 1568 1568
1881 -1881 1881 1881 -1881 1881 -1881 1881 1881 1881 1881 -1881 -1881 1881 -1881 1881 -1568 1568 1568
1881 -1881 1881 1881 -1881 1881 1881 1881 -1881 1881 -1881 1881 1881 1881 -1881 -1881 -1568 1568 1568
-1881 -1881 -1881 1881 -1881 -1881 -1881 1881 1881 1881 1881 1881 1881 1881 -1881 -1881 -1568 1568 1568
-1881 -1881 1881 1881 -1881 1881 1881 -1881 1881 1881 1881 1881 1881 -1881 -1881 1881 -1568 1568 1568
1881 -1881 -1881 1881 -1881 -1881 -1881 -1881 -1881 1881 -1881 1881 1881 -1881 -1881 1881 -1568 1568 1568
1881 -1881 -1881 1881 -1881 -1881 1881 -1881 1881 1881 1881 -1881 -1881 -1881 -1881 -1881 -1568 1568 1568
-1881 -1881 1881 1881 -1881 1881 -1881 -1881 -1881 1881 -1881 -1881 -1881 -1881 -1881 -1881 -1568 1568 1568
1881 -1881 -1881 1881 -1881 1881 1881 1881 1881 -1881 -1881 1881 -1881 -1881 -1881 1881 -1568 1568 1568
-1881 -1881 1881 1881 -1881 -1881 -1881 1881 -1881 -1881 1881 1881 -1881 -1881 -1881 1881 -1568 1568 1568
-1881 -1881 1881 1881 -1881 -1881 1881 1881 1881 -1881 -1881 -1881 1881 -1881 -1881 -1881 -1568 1568 1568
1881 -1881 -1881 1881 -1881 1881 -1881 1881 -1881 -1881 1881 -1881 1881 -1881 -1881 -1881 -1568 1568 1568
1881 -1881 1881 -1881 1881 -1881 -1881 -1881 -1881 1881 -1881 -1881 -1881 1881 -1881 1881 -1568 1568 1568
-1881 -1881 -1881 -1881 1881 1881 1881 -1881 1881 1881 1881 -1881 -1881 1881 -1881 1881 -1568 1568 1568
-1881 -1881 -1881 -1881 1881 1881 -1881 -1881 -1881 1881 -1881 1881 1881 1881 -1881 -1881 -1568 1568 1568
1881 -1881 1881 -1881 1881 -1881 1881 -1881 1881 1881 1881 1881 1881 1881 -1881 -1881 -1568 1568 1568
-1881 -1881 -1881 -1881 1881 -1881 -1881 1881 -1881 -1881 1881 -1881 1881 1881 -1881 1881 -1568 1568 1568
1881 -1881 1881 -1881 1881 1881 1881 1881 1881 -1881 -1881 -1881 1881 1881 -1881 1881 -1568 1568 1568
1881 -1881 1881 -1881 1881 1881 -1881 1881 -1881 -1881 1881 1881 -1881 1881 -1881 -1881 -1568 1568 1568
-1881 -1881 -1881 -1881 1881 -1881 1881 1881 1881 -1881 -1881 1881 -1881 1881 -1881 -1881 -1568 1568 1568
-1881 -1881 1881 -1881 1881 1881 -1881 -1881 1881 -1881 -1881 1881 -1881 -1881 -1881 1881 -1568 1568 1568
1881 -1881 -1881 -1881 1881 -1881 1881 -1881 -1881 -1881 1881 1881 -1881 -1881 -1881 1881 -1568 1568 1568
1881 -1881 -1881 -1881 1881 -1881 -1881 -1881 1881 -1881 -1881 -1881 1881 -1881 -1881 -1881 -1568 1568 1568
-1881 -1881 1881 -1881 1881 1881 1881 -1881 -1881 -1881 1881 -1881 1881 -1881 -1881 -1881 -1568 1568 1568
1881 -1881 -1881 -1881 1881 1881 -1881 1881 1881 1881 1881 1881 1881 -1881 -1881 1881 -1568 1568 1568
-1881 -1881 1881 -1881 1881 -1881 1881 1881 -1881 1881 -1881 1881 1881 -1881 -1881 1881 -1568 1568 1568
-1881 -1881 1881 -1881 1881 -1881 -1881 1881 1881 1881 1881 -1881 -1881 -1881 -1881 -1881 -1568 1568 1568
1881 -1881 -1881 -1881 1881 1881 1881 1881 -1881 1881 -1881 -1881 -1881 -1881 -1881 -1881 -1568 1568 1568
-1881 1881 1881 1881 1881 1881 -1881 -1881 -1881 -1881 1881 -1881 -1881 1881 -1881 1881 -1568 1568 1568
1881 1881 -1881 1881 1881 -1881 1881 -1881 1881 -1881 -1881 -1881 -1881 1881 -1881 1881 -1568 1568 1568
1881 1881 -1881 1881 1881 -1881 -1881 -1881 -1881 -1881 1881 1881 1881 1881 -1881 -1881 -1568 1568 1568
-1881 1881 1881 1881 1881 1881 1881 -1881 1881 -1881 -1881 1881 1881 1881 -1881 -1881 -1568 1568 1568
1881 1881 -1881 1881 1881 1881 -1881 1881 -1881 1881 -1881 -1881 1881 1881 -1881 1881 -1568 1568 1568
-1881 1881 1881 1881 1881 -1881 1881 1881 1881 1881 1881 -1881 1881 1881 -1881 1881 -1568 1568 1568
-1881 1881 1881 1881 1881 -1881 -1881 1881 -1881 1881 -1881 1881 -1881 1881 -1881 -1881 -1568 1568 1568
1881 1881 -1881 1881 1881 1881 1881 1881 1881 1881 1881 1881 -1881 1881 -1881 -1881 -1568 1568 1568
1881 1881 1881 1881 1881 -1881 -1881 -1881 1881 1881 1881 1881 -1881 -1881 -1881 1881 -1568 1568 1568
-1881 1881 -1881 1881 1881 1881 1881 -1881 -1881 1881 -1881 1881 -1881 -1881 -1881 1881 -1568 1568 1568
-1881 1881 -1881 1881 1881 1881 -1881 -1881 1881 1881 1881 -1881 1881 -1881 -1881 -1881 -1568 1568 1568
1881 1881 1881 1881 1881 -1881 1881 -1881 -1881 1881 -1881 -1881 1881 -1881 -1881 -1881 -1568 1568 1568
-1881 1881 -1881 1881 1881 -1881 -1881 1881 1881 -1881 -1881 1881 1881 -1881 -1881 1881 -1568 1568 1568
1881 1881 1881 1881 1881 1881 1881 1881 -1881 -1881 1881 1881 1881 -1881 -1881 1881 -1568 1568 1568
1881 1881 1881 1881 1881 1881 -1881 1881 1881 -1881 -1881 -1881 -1881 -1881 -1881 -1881 -1568 1568 1568
-1881 1881 -1881 1881 1881 -1881 1881 1881 -1881 -1881 1881 -1881 -1881 -1881 -1881 -1881 -1568 1568 1568
-1858 -1885 -1885 -1858 -1858 -1856 1885 1856 1885 1858 -1885 1856 -1856 1885 1885 1885 1593 -1649 1649
1858 -1885 1885 -1858 -1858 1856 -1885 1856 -1885 1858 1885 1856 -1856 1885 1885 1885 1593 -1649 1649
1858 -1885 1885 -1858 -1858 1856 1885 1856 1885 1858 -1885 -1856 1856 1885 1885 -1885 1593 -1649 1649
-1858 -1885 -1885 -1858 -1858 -1856 -1885 1856 -1885 1858 1885 -1856 1856 1885 1885 -1885 1593 -1649 1649
1858 -1885 1885 -1858 -1858 -1856 1885 -1856 1885 -1858 1885 1856 1856 1885 1885 1885 1593 -1649 1649
-1858 -1885 -1885 -1858 -1858 1856 -1885 -1856 -1885 -1858 -1885 1856 1856 1885 1885 1885 1593 -1649 1649
-1858 -1885 -1885 -1858 -1858 1856 1885 -1856 1885 -1858 1885 -1856 -1856 1885 1885 -1885 1593 -1649 1649
1858 -1885 1885 -1858 -1858 -1856 -1885 -1856 -1885 -1858 -1885 -1856 -1856 1885 1885 -1885 1593 -1649 1649
1858 -1885 -1885 -1858 -1858 1856 1885 1856 -1885 -1858 -1885 -1856 -1856 -1885 1885 1885 1593 -1649 1649
-1858 -1885 1885 -1858 -1858 -1856 -1885 1856 1885 -1858 1885 -1856 -1856 -1885 1885 1885 1593 -1649 1649
-1858 -1885 1885 -1858 -1858 -1856 1885 1856 -1885 -1858 -1885 1856 1856 -1885 1885 -1885 1593 -1649 1649
1858 -1885 -1885 -1858 -1858 1856 -1885 1856 1885 -1858 1885 1856 1856 -1885 1885 -1885 1593 -1649 1649
-1858 -1885 1885 -1858 -1858 1856 1885 -1856 -1885 1858 1885 -1856 1856 -1885 1885 1885 1593 -1649 1649
1858 -1885 -1885 -1858 -1858 -1856 -1885 -1856 1885 1858 -1885 -1856 1856 -1885 1885 1885 1593 -1649 1649
1858 -1885 -1885 -1858 -1858 -1856 1885 -1856 -1885 1858 1885 1856 -1856 -1885 1885 -1885 1593 -1649 1649
-1858 -1885 1885 -1858 -1858 1856 -1885 -1856 1885 1858 -1885 1856 -1856 -1885 1885 -1885 1593 -1649 1649
1858 1885 -1885 1858 -1858 1856 1885 1856 1885 -1858 1885 1856 -1856 1885 1885 1885 1593 -1649 1649
-1858 1885 1885 1858 -1858 -1856 -1885 1856 -1885 -1858 -1885 1856 -1856 1885 1885 1885 1593 -1649 1649
-1858 1885 1885 1858 -1858 -1856 1885 1856 1885 -1858 1885 -1856 1856 1885 1885 -1885 1593 -1649 1649
1858 1885 -1885 1858 -1858 1856 -1885 1856 -1885 -1858 -1885 -1856 1856 1885 1885 -1885 1593 -1649 1649
-1858 1885 1885 1858 -1858 1856 1885 -1856 1885 1858 -1885 1856 1856 1885 1885 1885 1593 -1649 1649
1858 1885 -1885 1858 -1858 -1856 -1885 -1856 -1885 1858 1885 1856 1856 1885 1885 1885 1593 -1649 1649
1858 1885 -1885 1858 -1858 -1856 1885 -1856 1885 1858 -1885 -1856 -1856 1885 1885 -1885 1593 -1649 1649
-1858 1885 1885 1858 -1858 1856 -1885 -1856 -1885 1858 1885 -1856 -1856 1885 1885 -1885 1593 -1649 1649
-1858 1885 -1885 1858 -1858 -1856 1885 1856 -1885 1858 1885 -1856 -1856 -1885 1885 1885 1593 -1649 1649
1858 1885 1885 1858 -1858 1856 -1885 1856 1885 1858 -1885 -1856 -1856 -1885 1885 1885 1593 -1649 1649
1858 1885 1885 1858 -1858 1856 1885 1856 -1885 1858 1885 1856 1856 -1885 1885 -1885 1593 -1649 1649
-1858 1885 -1885 1858 -1858 -1856 -1885 1856 1885 1858 -1885 1856 1856 -1885 1885 -1885 1593 -1649 1649
1858 1885 1885 1858 -1858 -1856 1885 -1856 -1885 -1858 -1885 -1856 1856 -1885 1885 1885 1593 -1649 1649
-1858 1885 -1885 1858 -1858 1856 -1885 -1856 1885 -1858 1885 -1856 1856 -1885 1885 1885 1593 -1649 1649
-1858 1885 -1885 1858 -1858 1856 1885 -1856 -1885 -1858 -1885 1856 -1856 -1885 1885 -1885 1593 -1649 1649
1858 1885 1885 1858 -1858 -1856 -1885 -1856 1885 -1858 1885 1856 -1856 -1885 1885 -1885 1593 -1649 1649
1858 1885 -1885 -1858 1858 1856 -1885 1856 1885 1858 -1885 1856 1856 1885 1885 1885 1593 -1649 1649
-1858 1885 1885 -1858 1858 -1856 1885 1856 -1885 1858 1885 1856 1856 1885 1885 1885 1593 -1649 1649
-1858 1885 1885 -1858 1858 -1856 -1885 1856 1885 1858 -1885 -1856 -1856 1885 1885 -1885 1593 -1649 1649
1858 1885 -1885 -1858 1858 1856 1885 1856 -1885 1858 1885 -1856 -1856 1885 1885 -1885 1593 -1649 1649
-1858 1885 1885 -1858 1858 1856 -1885 -1856 1885 -1858 1885 1856 -1856 1885 1885 1885 1593 -1649 1649
1858 1885 -1885 -1858 1858 -1856 1885 -1856 -1885 -1858 -1885 1856 -1856 1885 1885 1885 1593 -1649 1649
1858 1885 -1885 -1858 1858 -1856 -1885 -1856 1885 -1858 1885 -1856 1856 1885 1885 -1885 1593 -1649 1649
-1858 1885 1885 -1858 1858 1856 1885 -1856 -1885 -1858 -1885 -1856 1856 1885 1885 -1885 1593 -1649 1649
-1858 1885 -1885 -1858 1858 -1856 -1885 1856 -1885 -1858 -1885 -1856 1856 -1885 1885 1885 1593 -1649 1649
1858 1885 1885 -1858 1858 1856 1885 1856 1885 -1858 1885 -1856 1856 -1885 1885 1885 1593 -1649 1649
1858 1885 1885 -1858 1858 1856 -1885 1856 -1885 -1858 -1885 1856 -1856 -1885 1885 -1885 1593 -1649 1649
-1858 1885 -1885 -1858 1858 -1856 1885 1856 1885 -1858 1885 1856 -1856 -1885 1885 -1885 1593 -1649 1649
1858 1885 1885 -1858 1858 -1856 -1885 -1856 -1885 1858 1885 -1856 -1856 -1885 1885 1885 1593 -1649 1649
-1858 1885 -1885 -1858 1858 1856 1885 -1856 1885 1858 -1885 -1856 -1856 -1885 1885 1885 1593 -1649 1649
-1858 1885 -1885 -1858 1858 1856 -1885 -1856 -1885 1858 1885 1856 1856 -1885 1885 -1885 1593 -1649 1649
1858 1885 1885 -1858 1858 -1856 1885 -1856 1885 1858 -1885 1856 1856 -1885 1885 -1885 1593 -1649 1649
-1858 -1885 -1885 1858 1858 -1856 -1885 1856 1885 -1858 1885 1856 1856 1885 1885 1885 1593 -1649 1649
1858 -1885 1885 1858 1858 1856 1885 1856 -1885 -1858 -1885 1856 1856 1885 1885 1885 1593 -1649 1649
1858 -1885 1885 1858 1858 1856 -1885 1856 1885 -1858 1885 -1856 -1856 1885 1885 -1885 1593 -1649 1649
-1858 -1885 -1885 1858 1858 -1856 1885 1856 -1885 -1858 -1885 -1856 -1856 1885 1885 -1885 1593 -1649 1649
1858 -1885 1885 1858 1858 -1856 -1885 -1856 1885 1858 -1885 1856 -1856 1885 1885 1885 1593 -1649 1649
-1858 -1885 -1885 1858 1858 1856 1885 -1856 -1885 1858 1885 1856 -1856 1885 1885 1885 1593 -1649 1649
-1858 -1885 -1885 1858 1858 1856 -1885 -1856 1885 1858 -1885 -1856 1856 1885 1885 -1885 1593 -1649 1649
1858 -1885 1885 1858 1858 -1856 1885 -1856 -1885 1858 1885 -1856 1856 1885 1885 -1885 1593 -1649 1649
1858 -1885 -1885 1858 1858 1856 -1885 1856 -1885 1858 1885 -1856 1856 -1885 1885 1885 1593 -1649 1649
-1858 -1885 1885 1858 1858 -1856 1885 1856 1885 1858 -1885 -1856 1856 -1885 1885 1885 1593 -1649 1649
-1858 -1885 1885 1858 1858 -1856 -1885 1856 -1885 1858 1885 1856 -1856 -1885 1885 -1885 1593 -1649 1649
1858 -1885 -1885 1858 1858 1856 1885 1856 1885 1858 -1885 1856 -1856 -1885 1885 -1885 1593 -1649 1649
-1858 -1885 1885 1858 1858 1856 -1885 -1856 -1885 -1858 -1885 -1856 -1856 -1885 1885 1885 1593 -1649 1649
1858 -1885 -1885 1858 1858 -1856 1885 -1856 1885 -1858 1885 -1856 -1856 -1885 1885 1885 1593 -1649 1649
1858 -1885 -1885 1858 1858 -1856 -1885 -1856 -1885 -1858 -1885 1856 1856 -1885 1885 -1885 1593 -1649 1649
-1858 -1885 1885 1858 1858 1856 1885 -1856 1885 -1858 1885 1856 1856 -1885 1885 -1885 1593 -1649 1649
1858 1885 -1885 -1858 -1858 -1856 -1885 1856 -1885 1858 -1885 -1856 -1856 1885 -1885 1885 1593 -1649 1649
-1858 1885 1885 -1858 -1858 1856 1885 1856 1885 1858 1885 -1856 -1856 1885 -1885 1885 1593 -1649 1649
-1858 1885 1885 -1858 -1858 1856 -1885 1856 -1885 1858 -1885 1856 1856 1885 -1885 -1885 1593 -1649 1649
1858 1885 -1885 -1858 -1858 -1856 1885 1856 1885 1858 1885 1856 1856 1885 -1885 -1885 1593 -1649 1649
-1858 1885 1885 -1858 -1858 -1856 -1885 -1856 -1885 -1858 1885 -1856 1856 1885 -1885 1885 1593 -1649 1649
1858 1885 -1885 -1858 -1858 1856 1885 -1856 1885 -1858 -1885 -1856 1856 1885 -1885 1885 1593 -1649 1649
1858 1885 -1885 -1858 -1858 1856 -1885 -1856 -1885 -1858 1885 1856 -1856 1885 -1885 -1885 1593 -1649 1649
-1858 1885 1885 -1858 -1858 -1856 1885 -1856 1885 -1858 -1885 1856 -1856 1885 -1885 -1885 1593 -1649 1649
-1858 1885 -1885 -1858 -1858 1856 -1885 1856 1885 -1858 -1885 1856 -1856 -1885 -1885 1885 1593 -1649 1649
1858 1885 1885 -1858 -1858 -1856 1885 1856 -1885 -1858 1885 1856 -1856 -1885 -1885 1885 1593 -1649 1649
1858 1885 1885 -1858 -1858 -1856 -1885 1856 1885 -1858 -1885 -1856 1856 -1885 -1885 -1885 1593 -1649 1649
-1858 1885 -1885 -1858 -1858 1856 1885 1856 -1885 -1858 1885 -1856 1856 -1885 -1885 -1885 1593 -1649 1649
1858 1885 1885 -1858 -1858 1856 -1885 -1856 1885 1858 1885 1856 1856 -1885 -1885 1885 1593 -1649 1649
-1858 1885 -1885 -1858 -1858 -1856 1885 -1856 -1885 1858 -1885 1856 1856 -1885 -1885 1885 1593 -1649 1649
-1858 1885 -1885 -1858 -1858 -1856 -1885 -1856 1885 1858 1885 -1856 -1856 -1885 -1885 -1885 1593 -1649 1649
1858 1885 1885 -1858 -1858 1856 1885 -1856 -1885 1858 -1885 -1856 -1856 -1885 -1885 -1885 1593 -1649 1649
-1858 -1885 -1885 1858 -1858 1856 -1885 1856 -1885 -1858 1885 -1856 -1856 1885 -1885 1885 1593 -1649 1649
1858 -1885 1885 1858 -1858 -1856 1885 1856 1885 -1858 -1885 -1856 -1856 1885 -1885 1885 1593 -1649 1649
1858 -1885 1885 1858 -1858 -1856 -1885 1856 -1885 -1858 1885 1856 1856 1885 -1885 -1885 1593 -1649 1649
-1858 -1885 -1885 1858 -1858 1856 1885 1856 1885 -1858 -1885 1856 1856 1885 -1885 -1885 1593 -1649 1649
1858 -1885 1885 1858 -1858 1856 -1885 -1856 -1885 1858 -1885 -1856 1856 1885 -1885 1885 1593 -1649 1649
-1858 -1885 -1885 1858 -1858 -1856 1885 -1856 1885 1858 1885 -1856 1856 1885 -1885 1885 1593 -1649 1649
-1858 -1885 -1885 1858 -1858 -1856 -1885 -1856 -1885 1858 -1885 1856 -1856 1885 -1885 -1885 1593 -1649 1649
1858 -1885 1885 1858 -1858 1856 1885 -1856 1885 1858 1885 1856 -1856 1885 -1885 -1885 1593 -1649 1649
1858 -1885 -1885 1858 -1858 -1856 -1885 1856 1885 1858 1885 1856 -1856 -1885 -1885 1885 1593 -1649 1649
-1858 -1885 1885 1858 -1858 1856 1885 1856 -1885 1858 -1885 1856 -1856 -1885 -1885 1885 1593 -1649 1649
-1858 -1885 1885 1858 -1858 1856 -1885 1856 1885 1858 1885 -1856 1856 -1885 -1885 -1885 1593 -1649 1649
1858 -1885 -1885 1858 -1858 -1856 1885 1856 -1885 1858 -1885 -1856 1856 -1885 -1885 -1885 1593 -1649 1649
-1858 -1885 1885 1858 -1858 -1856 -1885 -1856 1885 -1858 -1885 1856 1856 -1885 -1885 1885 1593 -1649 1649
1858 -1885 -1885 1858 -1858 1856 1885 -1856 -1885 -1858 1885 1856 1856 -1885 -1885 1885 1593 -1649 1649
1858 -1885 -1885 1858 -1858 1856 -1885 -1856 1885 -1858 -1885 -1856 -1856 -1885 -1885 -1885 1593 -1649 1649
-1858 -1885 1885 1858 -1858 -1856 1885 -1856 -1885 -1858 1885 -1856 -1856 -1885 -1885 -1885 1593 -1649 1649
-1858 -1885 -1885 -1858 1858 1856 1885 1856 -1885 1858 -1885 -1856 1856 1885 -1885 1885 1593 -1649 1649
1858 -1885 1885 -1858 1858 -1856 -1885 1856 1885 1858 1885 -1856 1856 1885 -1885 1885 1593 -1649 1649
1858 -1885 1885 -1858 1858 -1856 1885 1856 -1885 1858 -1885 1856 -1856 1885 -1885 -1885 1593 -1649 1649
-1858 -1885 -1885 -1858 1858 1856 -1885 1856 1885 1858 1885 1856 -1856 1885 -1885 -1885 1593 -1649 1649
1858 -1885 1885 -1858 1858 1856 1885 -1856 -1885 -1858 1885 -1856 -1856 1885 -1885 1885 1593 -1649 1649
-1858 -1885 -1885 -1858 1858 -1856 -1885 -1856 1885 -1858 -1885 -1856 -1856 1885 -1885 1885 1593 -1649 1649
-1858 -1885 -1885 -1858 1858 -1856 1885 -1856 -1885 -1858 1885 1856 1856 1885 -1885 -1885 1593 -1649 1649
1858 -1885 1885 -1858 1858 1856 -1885 -1856 1885 -1858 -1885 1856 1856 1885 -1885 -1885 1593 -1649 1649
1858 -1885 -1885 -1858 1858 -1856 1885 1856 1885 -1858 -1885 1856 1856 -1885 -1885 1885 1593 -1649 1649
-1858 -1885 1885 -1858 1858 1856 -1885 1856 -1885 -1858 1885 1856 1856 -1885 -1885 1885 1593 -1649 1649
-1858 -1885 1885 -1858 1858 1856 1885 1856 1885 -1858 -1885 -1856 -1856 -1885 -1885 -1885 1593 -1649 1649
1858 -1885 -1885 -1858 1858 -1856 -1885 1856 -1885 -1858 1885 -1856 -1856 -1885 -1885 -1885 1593 -1649 1649
-1858 -1885 1885 -1858 1858 -1856 1885 -1856 1885 1858 1885 1856 -1856 -1885 -1885 1885 1593 -1649 1649
1858 -1885 -1885 -1858 1858 1856 -1885 -1856 -1885 1858 -1885 1856 -1856 -1885 -1885 1885 1593 -1649 1649
1858 -1885 -1885 -1858 1858 1856 1885 -1856 1885 1858 1885 -1856 1856 -1885 -1885 -1885 1593 -1649 1649
-1858 -1885 1885 -1858 1858 -1856 -1885 -1856 -1885 1858 -1885 -1856 1856 -1885 -1885 -1885 1593 -1649 1649
1858 1885 -1885 1858 1858 -1856 1885 1856 -1885 -1858 1885 -1856 1856 1885 -1885 1885 1593 -1649 1649
-1858 1885 1885 1858 1858 1856 -1885 1856 1885 -1858 -1885 -1856 1856 1885 -1885 1885 1593 -1649 1649
-1858 1885 1885 1858 1858 1856 1885 1856 -1885 -1858 1885 1856 -1856 1885 -1885 -1885 1593 -1649 1649
1858 1885 -1885 1858 1858 -1856 -1885 1856 1885 -1858 -1885 1856 -1856 1885 -1885 -1885 1593 -1649 1649
-1858 1885 1885 1858 1858 -1856 1885 -1856 -1885 1858 -1885 -1856 -1856 1885 -1885 1885 1593 -1649 1649
1858 1885 -1885 1858 1858 1856 -1885 -1856 1885 1858 1885 -1856 -1856 1885 -1885 1885 1593 -1649 1649
1858 1885 -1885 1858 1858 1856 1885 -1856 -1885 1858 -1885 1856 1856 1885 -1885 -1885 1593 -1649 1649
-1858 1885 1885 1858 1858 -1856 -1885 -1856 1885 1858 1885 1856 1856 1885 -1885 -1885 1593 -1649 1649
-1858 1885 -1885 1858 1858 1856 1885 1856 1885 1858 1885 1856 1856 -1885 -1885 1885 1593 -1649 1649
1858 1885 1885 1858 1858 -1856 -1885 1856 -1885 1858 -1885 1856 1856 -1885 -1885 1885 1593 -1649 1649
1858 1885 1885 1858 1858 -1856 1885 1856 1885 1858 1885 -1856 -1856 -1885 -1885 -1885 1593 -1649 1649
-1858 1885 -1885 1858 1858 1856 -1885 1856 -1885 1858 -1885 -1856 -1856 -1885 -1885 -1885 1593 -1649 1649
1858 1885 1885 1858 1858 1856 1885 -1856 1885 -1858 -1885 1856 -1856 -1885 -1885 1885 1593 -1649 1649
-1858 1885 -1885 1858 1858 -1856 -1885 -1856 -1885 -1858 1885 1856 -1856 -1885 -1885 1885 1593 -1649 1649
-1858 1885 -1885 1858 1858 -1856 1885 -1856 1885 -1858 -1885 -1856 1856 -1885 -1885 -1885 1593 -1649 1649
1858 1885 1885 1858 1858 1856 -1885 -1856 -1885 -1858 1885 -1856 1856 -1885 -1885 -1885 1593 -1649 1649
1881 -1881 -1881 -1881 -1881 -1881 -1881 1881 1881 1881 1881 1881 1881 1881 1881 1881 -1568 -1568 1568
-1881 -1881 1881 -1881 -1881 1881 1881 1881 -1881 1881 -1881 1881 1881 1881 1881 1881 -1568 -1568 1568
-1881 -1881 1881 -1881 -1881 1881 -1881 1881 1881 1881 1881 -1881 -1881 1881 1881 -1881 -1568 -1568 1568
1881 -1881 -1881 -1881 -1881 -1881 1881 1881 -1881 1881 -1881 -1881 -1881 1881 1881 -1881 -1568 -1568 1568
-1881 -1881 1881 -1881 -1881 -1881 -1881 -1881 1881 -1881 -1881 1881 -1881 1881 1881 1881 -1568 -1568 1568
1881 -1881 -1881 -1881 -1881 1881 1881 -1881 -1881 -1881 1881 1881 -1881 1881 1881 1881 -1568 -1568 1568
1881 -1881 -1881 -1881 -1881 1881 -1881 -1881 1881 -1881 -1881 -1881 1881 1881 1881 -1881 -1568 -1568 1568
-1881 -1881 1881 -1881 -1881 -1881 1881 -1881 -1881 -1881 1881 -1881 1881 1881 1881 -1881 -1568 -1568 1568
-1881 -1881 -1881 -1881 -1881 1881 -1881 1881 -1881 -1881 1881 -1881 1881 -1881 1881 1881 -1568 -1568 1568
1881 -1881 1881 -1881 -1881 -1881 1881 1881 1881 -1881 -1881 -1881 1881 -1881 1881 1881 -1568 -1568 1568
1881 -1881 1881 -1881 -1881 -1881 -1881 1881 -1881 -1881 1881 1881 -1881 -1881 1881 -1881 -1568 -1568 1568
-1881 -1881 -1881 -1881 -1881 1881 1881 1881 1881 -1881 -1881 1881 -1881 -1881 1881 -1881 -1568 -1568 1568
1881 -1881 1881 -1881 -1881 1881 -1881 -1881 -1881 1881 -1881 -1881 -1881 -1881 1881 1881 -1568 -1568 1568
-1881 -1881 -1881 -1881 -1881 -1881 1881 -1881 1881 1881 1881 -1881 -1881 -1881 1881 1881 -1568 -1568 1568
-1881 -1881 -1881 -1881 -1881 -1881 -1881 -1881 -1881 1881 -1881 1881 1881 -1881 1881 -1881 -1568 -1568 1568
1881 -1881 1881 -1881 -1881 1881 1881 -1881 1881 1881 1881 1881 1881 -1881 1881 -1881 -1568 -1568 1568
-1881 1881 -1881 1881 -1881 1881 -1881 1881 1881 -1881 -1881 1881 1881 1881 1881 1881 -1568 -1568 1568
1881 1881 1881 1881 -1881 -1881 1881 1881 -1881 -1881 1881 1881 1881 1881 1881 1881 -1568 -1568 1568
1881 1881 1881 1881 -1881 -1881 -1881 1881 1881 -1881 -1881 -1881 -1881 1881 1881 -1881 -1568 -1568 1568
-1881 1881 -1881 1881 -1881 1881 1881 1881 -1881 -1881 1881 -1881 -1881 1881 1881 -1881 -1568 -1568 1568
1881 1881 1881 1881 -1881 1881 -1881 -1881 1881 1881 1881 1881 -1881 1881 1881 1881 -1568 -1568 1568
-1881 1881 -1881 1881 -1881 -1881 1881 -1881 -1881 1881 -1881 1881 -1881 1881 1881 1881 -1568 -1568 1568
-1881 1881 -1881 1881 -1881 -1881 -1881 -1881 1881 1881 1881 -1881 1881 1881 1881 -1881 -1568 -1568 1568
1881 1881 1881 1881 -1881 1881 1881 -1881 -1881 1881 -1881 -1881 1881 1881 1881 -1881 -1568 -1568 1568
1881 1881 -1881 1881 -1881 -1881 -1881 1881 -1881 1881 -1881 -1881 1881 -1881 1881 1881 -1568 -1568 1568
-1881 1881 1881 1881 -1881 1881 1881 1881 1881 1881 1881 -1881 1881 -1881 1881 1881 -1568 -1568 1568
-1881 1881 1881 1881 -1881 1881 -1881 1881 -1881 1881 -1881 1881 -1881 -1881 1881 -1881 -1568 -1568 1568
1881 1881 -1881 1881 -1881 -1881 1881 1881 1881 1881 1881 1881 -1881 -1881 1881 -1881 -1568 -1568 1568
-1881 1881 1881 1881 -1881 -1881 -1881 -1881 -1881 -1881 1881 -1881 -1881 -1881 1881 1881 -1568 -1568 1568
1881 1881 -1881 1881 -1881 1881 1881 -1881 1881 -1881 -1881 -1881 -1881 -1881 1881 1881 -1568 -1568 1568
1881 1881 -1881 1881 -1881 1881 -1881 -1881 -1881 -1881 1881 1881 1881 -1881 1881 -1881 -1568 -1568 1568
-1881 1881 1881 1881 -1881 -1881 1881 -1881 1881 -1881 -1881 1881 1881 -1881 1881 -1881 -1568 -1568 1568
-1881 1881 -1881 -1881 1881 1881 1881 1881 1881 1881 1881 1881 -1881 1881 1881 1881 -1568 -1568 1568
1881 1881 1881 -1881 1881 -1881 -1881 1881 -1881 1881 -1881 1881 -1881 1881 1881 1881 -1568 -1568 1568
1881 1881 1881 -1881 1881 -1881 1881 1881 1881 1881 1881 -1881 1881 1881 1881 -1881 -1568 -1568 1568
-1881 1881 -1881 -1881 1881 1881 -1881 1881 -1881 1881 -1881 -1881 1881 1881 1881 -1881 -1568 -1568 1568
1881 1881 1881 -1881 1881 1881 1881 -1881 1881 -1881 -1881 1881 1881 1881 1881 1881 -1568 -1568 1568
-1881 1881 -1881 -1881 1881 -1881 -1881 -1881 -1881 -1881 1881 1881 1881 1881 1881 1881 -1568 -1568 1568
-1881 1881 -1881 -1881 1881 -1881 1881 -1881 1881 -1881 -1881 -1881 -1881 1881 1881 -1881 -1568 -1568 1568
1881 1881 1881 -1881 1881 1881 -1881 -1881 -1881 -1881 1881 -1881 -1881 1881 1881 -1881 -1568 -1568 1568
1881 1881 -1881 -1881 1881 -1881 1881 1881 -1881 -1881 1881 -1881 -1881 -1881 1881 1881 -1568 -1568 1568
-1881 1881 1881 -1881 1881 1881 -1881 1881 1881 -1881 -1881 -1881 -1881 -1881 1881 1881 -1568 -1568 1568
-1881 1881 1881 -1881 1881 1881 1881 1881 -1881 -1881 1881 1881 1881 -1881 1881 -1881 -1568 -1568 1568
1881 1881 -1881 -1881 1881 -1881 -1881 1881 1881 -1881 -1881 1881 1881 -1881 1881 -1881 -1568 -1568 1568
-1881 1881 1881 -1881 1881 -1881 1881 -1881 -1881 1881 -1881 -1881 1881 -1881 1881 1881 -1568 -1568 1568
1881 1881 -1881 -1881 1881 1881 -1881 -1881 1881 1881 1881 -1881 1881 -1881 1881 1881 -1568 -1568 1568
1881 1881 -1881 -1881 1881 1881 1881 -1881 -1881 1881 -1881 1881 -1881 -1881 1881 -1881 -1568 -1568 1568
-1881 1881 1881 -1881 1881 -1881 -1881 -1881 1881 1881 1881 1881 -1881 -1881 1881 -1881 -1568 -1568 1568
1881 -1881 -1881 1881 1881 -1881 1881 1881 1881 -1881 -1881 1881 -1881 1881 1881 1881 -1568 -1568 1568
-1881 -1881 1881 1881 1881 1881 -1881 1881 -1881 -1881 1881 1881 -1881 1881 1881 1881 -1568 -1568 1568
-1881 -1881 1881 1881 1881 1881 1881 1881 1881 -1881 -1881 -1881 1881 1881 1881 -1881 -1568 -1568 1568
1881 -1881 -1881 1881 1881 -1881 -1881 1881 -1881 -1881 1881 -1881 1881 1881 1881 -1881 -1568 -1568 1568
-1881 -1881 1881 1881 1881 -1881 1881 -1881 1881 1881 1881 1881 1881 1881 1881 1881 -1568 -1568 1568
1881 -1881 -1881 1881 1881 1881 -1881 -1881 -1881 1881 -1881 1881 1881 1881 1881 1881 -1568 -1568 1568
1881 -1881 -1881 1881 1881 1881 1881 -1881 1881 1881 1881 -1881 -1881 1881 1881 -1881 -1568 -1568 1568
-1881 -1881 1881 1881 1881 -1881 -1881 -1881 -1881 1881 -1881 -1881 -1881 1881 1881 -1881 -1568 -1568 1568
-1881 -1881 -1881 1881 1881 1881 1881 1881 -1881 1881 -1881 -1881 -1881 -1881 1881 1881 -1568 -1568 1568
1881 -1881 1881 1881 1881 -1881 -1881 1881 1881 1881 1881 -1881 -1881 -1881 1881 1881 -1568 -1568 1568
1881 -1881 1881 1881 1881 -1881 1881 1881 -1881 1881 -1881 1881 1881 -1881 1881 -1881 -1568 -1568 1568
-1881 -1881 -1881 1881 1881 1881 -1881 1881 1881 1881 1881 1881 1881 -1881 1881 -1881 -1568 -1568 1568
1881 -1881 1881 1881 1881 1881 1881 -1881 -1881 -1881 1881 -1881 1881 -1881 1881 1881 -1568 -1568 1568
-1881 -1881 -1881 1881 1881 -1881 -1881 -1881 1881 -1881 -1881 -1881 1881 -1881 1881 1881 -1568 -1568 1568
-1881 -1881 -1881 1881 1881 -1881 1881 -1881 -1881 -1881 1881 1881 -1881 -1881 1881 -1881 -1568 -1568 1568
1881 -1881 1881 1881 1881 1881 -1881 -1881 1881 -1881 -1881 1881 -1881 -1881 1881 -1881 -1568 -1568 1568
-1881 1881 -1881 -1881 -1881 -1881 1881 1881 -1881 1881 1881 -1881 1881 1881 -1881 1881 -1568 -1568 1568
1881 1881 1881 -1881 -1881 1881 -1881 1881 1881 1881 -1881 -1881 1881 1881 -1881 1881 -1568 -1568 1568
1881 1881 1881 -1881 -1881 1881 1881 1881 -1881 1881 1881 1881 -1881 1881 -1881 -1881 -1568 -1568 1568
-1881 1881 -1881 -1881 -1881 -1881 -1881 1881 1881 1881 -1881 1881 -1881 1881 -1881 -1881 -1568 -1568 1568
1881 1881 1881 -1881 -1881 -1881 1881 -1881 -1881 -1881 -1881 -1881 -1881 1881 -1881 1881 -1568 -1568 1568
-1881 1881 -1881 -1881 -1881 1881 -1881 -1881 1881 -1881 1881 -1881 -1881 1881 -1881 1881 -1568 -1568 1568
-1881 1881 -1881 -1881 -1881 1881 1881 -1881 -1881 -1881 -1881 1881 1881 1881 -1881 -1881 -1568 -1568 1568
1881 1881 1881 -1881 -1881 -1881 -1881 -1881 1881 -1881 1881 1881 1881 1881 -1881 -1881 -1568 -1568 1568
1881 1881 -1881 -1881 -1881 1881 1881 1881 1881 -1881 1881 1881 1881 -1881 -1881 1881 -1568 -1568 1568
-1881 1881 1881 -1881 -1881 -1881 -1881 1881 -1881 -1881 -1881 1881 1881 -1881 -1881 1881 -1568 -1568 1568
-1881 1881 1881 -1881 -1881 -1881 1881 1881 1881 -1881 1881 -1881 -1881 -1881 -1881 -1881 -1568 -1568 1568
1881 1881 -1881 -1881 -1881 1881 -1881 1881 -1881 -1881 -1881 -1881 -1881 -1881 -1881 -1881 -1568 -1568 1568
-1881 1881 1881 -1881 -1881 1881 1881 -1881 1881 1881 -1881 1881 -1881 -1881 -1881 1881 -1568 -1568 1568
1881 1881 -1881 -1881 -1881 -1881 -1881 -1881 -1881 1881 1881 1881 -1881 -1881 -1881 1881 -1568 -1568 1568
1881 1881 -1881 -1881 -1881 -1881 1881 -1881 1881 1881 -1881 -1881 1881 -1881 -1881 -1881 -1568 -1568 1568
-1881 1881 1881 -1881 -1881 1881 -1881 -1881 -1881 1881 1881 -1881 1881 -1881 -1881 -1881 -1568 -1568 1568
1881 -1881 -1881 1881 -1881 1881 1881 1881 -1881 -1881 -1881 -1881 1881 1881 -1881 1881 -1568 -1568 1568
-1881 -1881 1881 1881 -1881 -1881 -1881 1881 1881 -1881 1881 -1881 1881 1881 -1881 1881 -1568 -1568 1568
-1881 -1881 1881 1881 -1881 -1881 1881 1881 -1881 -1881 -1881 1881 -1881 1881 -1881 -1881 -1568 -1568 1568
1881 -1881 -1881 1881 -1881 1881 -1881 1881 1881 -1881 1881 1881 -1881 1881 -1881 -1881 -1568 -1568 1568
-1881 -1881 1881 1881 -1881 1881 1881 -1881 -1881 1881 1881 -1881 -1881 1881 -1881 1881 -1568 -1568 1568
1881 -1881 -1881 1881 -1881 -1881 -1881 -1881 1881 1881 -1881 -1881 -1881 1881 -1881 1881 -1568 -1568 1568
1881 -1881 -1881 1881 -1881 -1881 1881 -1881 -1881 1881 1881 1881 1881 1881 -1881 -1881 -1568 -1568 1568
-1881 -1881 1881 1881 -1881 1881 -1881 -1881 1881 1881 -1881 1881 1881 1881 -1881 -1881 -1568 -1568 1568
-1881 -1881 -1881 1881 -1881 -1881 1881 1881 1881 1881 -1881 1881 1881 -1881 -1881 1881 -1568 -1568 1568
1881 -1881 1881 1881 -1881 1881 -1881 1881 -1881 1881 1881 1881 1881 -1881 -1881 1881 -1568 -1568 1568
1881 -1881 1881 1881 -1881 1881 1881 1881 1881 1881 -1881 -1881 -1881 -1881 -1881 -1881 -1568 -1568 1568
-1881 -1881 -1881 1881 -1881 -1881 -1881 1881 -1881 1881 1881 -1881 -1881 -1881 -1881 -1881 -1568 -1568 1568
1881 -1881 1881 1881 -1881 -1881 1881 -1881 1881 -1881 1881 1881 -1881 -1881 -1881 1881 -1568 -1568 1568
-1881 -1881 -1881 1881 -1881 1881 -1881 -1881 -1881 -1881 -1881 1881 -1881 -1881 -1881 1881 -1568 -1568 1568
-1881 -1881 -1881 1881 -1881 1881 1881 -1881 1881 -1881 1881 -1881 1881 -1881 -1881 -1881 -1568 -1568 1568
1881 -1881 1881 1881 -1881 -1881 -1881 -1881 -1881 -1881 -1881 -1881 1881 -1881 -1881 -1881 -1568 -1568 1568
1881 -1881 -1881 -1881 1881 1881 -1881 1881 -1881 1881 1881 -1881 -1881 1881 -1881 1881 -1568 -1568 1568
-1881 -1881 1881 -1881 1881 -1881 1881 1881 1881 1881 -1881 -1881 -1881 1881 -1881 1881 -1568 -1568 1568
-1881 -1881 1881 -1881 1881 -1881 -1881 1881 -1881 1881 1881 1881 1881 1881 -1881 -1881 -1568 -1568 1568
1881 -1881 -1881 -1881 1881 1881 1881 1881 1881 1881 -1881 1881 1881 1881 -1881 -1881 -1568 -1568 1568
-1881 -1881 1881 -1881 1881 1881 -1881 -1881 -1881 -1881 -1881 -1881 1881 1881 -1881 1881 -1568 -1568 1568
1881 -1881 -1881 -1881 1881 -1881 1881 -1881 1881 -1881 1881 -1881 1881 1881 -1881 1881 -1568 -1568 1568
1881 -1881 -1881 -1881 1881 -1881 -1881 -1881 -1881 -1881 -1881 1881 -1881 1881 -1881 -1881 -1568 -1568 1568
-1881 -1881 1881 -1881 1881 1881 1881 -1881 1881 -1881 1881 1881 -1881 1881 -1881 -1881 -1568 -1568 1568
-1881 -1881 -1881 -1881 1881 -1881 -1881 1881 1881 -1881 1881 1881 -1881 -1881 -1881 1881 -1568 -1568 1568
1881 -1881 1881 -1881 1881 1881 1881 1881 -1881 -1881 -1881 1881 -1881 -1881 -1881 1881 -1568 -1568 1568
1881 -1881 1881 -1881 1881 1881 -1881 1881 1881 -1881 1881 -1881 1881 -1881 -1881 -1881 -1568 -1568 1568
-1881 -1881 -1881 -1881 1881 -1881 1881 1881 -1881 -1881 -1881 -1881 1881 -1881 -1881 -1881 -1568 -1568 1568
1881 -1881 1881 -1881 1881 -1881 -1881 -1881 1881 1881 -1881 1881 1881 -1881 -1881 1881 -1568 -1568 1568
-1881 -1881 -1881 -1881 1881 1881 1881 -1881 -1881 1881 1881 1881 1881 -1881 -1881 1881 -1568 -1568 1568
-1881 -1881 -1881 -1881 1881 1881 -1881 -1881 1881 1881 -1881 -1881 -1881 -1881 -1881 -1881 -1568 -1568 1568
1881 -1881 1881 -1881 1881 -1881 1881 -1881 -1881 1881 1881 -1881 -1881 -1881 -1881 -1881 -1568 -1568 1568
-1881 1881 -1881 1881 1881 -1881 -1881 1881 -1881 -1881 -1881 -1881 -1881 1881 -1881 1881 -1568 -1568 1568
1881 1881 1881 1881 1881 1881 1881 1881 1881 -1881 1881 -1881 -1881 1881 -1881 1881 -1568 -1568 1568
1881 1881 1881 1881 1881 1881 -1881 1881 -1881 -1881 -1881 1881 1881 1881 -1881 -1881 -1568 -1568 1568
-1881 1881 -1881 1881 1881 -1881 1881 1881 1881 -1881 1881 1881 1881 1881 -1881 -1881 -1568 -1568 1568
1881 1881 1881 1881 1881 -1881 -1881 -1881 -1881 1881 1881 -1881 1881 1881 -1881 1881 -1568 -1568 1568
-1881 1881 -1881 1881 1881 1881 1881 -1881 1881 1881 -1881 -1881 1881 1881 -1881 1881 -1568 -1568 1568
-1881 1881 -1881 1881 1881 1881 -1881 -1881 -1881 1881 1881 1881 -1881 1881 -1881 -1881 -1568 -1568 1568
1881 1881 1881 1881 1881 -1881 1881 -1881 1881 1881 -1881 1881 -1881 1881 -1881 -1881 -1568 -1568 1568
1881 1881 -1881 1881 1881 1881 -1881 1881 1881 1881 -1881 1881 -1881 -1881 -1881 1881 -1568 -1568 1568
-1881 1881 1881 1881 1881 -1881 1881 1881 -1881 1881 1881 1881 -1881 -1881 -1881 1881 -1568 -1568 1568
-1881 1881 1881 1881 1881 -1881 -1881 1881 1881 1881 -1881 -1881 1881 -1881 -1881 -1881 -1568 -1568 1568
1881 1881 -1881 1881 1881 1881 1881 1881 -1881 1881 1881 -1881 1881 -1881 -1881 -1881 -1568 -1568 1568
-1881 1881 1881 1881 1881 1881 -1881 -1881 1881 -1881 1881 1881 1881 -1881 -1881 1881 -1568 -1568 1568
1881 1881 -1881 1881 1881 -1881 1881 -1881 -1881 -1881 -1881 1881 1881 -1881 -1881 1881 -1568 -1568 1568
1881 1881 -1881 1881 1881 -1881 -1881 -1881 1881 -1881 1881 -1881 -1881 -1881 -1881 -1881 -1568 -1568 1568
-1881 1881 1881 1881 1881 1881 1881 -1881 -1881 -1881 -1881 -1881 -1881 -1881 -1881 -1881 -1568 -1568 1568
-1885 1858 1884 -1885 -1885 -1857 1859 -1857 1884 1885 1884 1857 1857 1884 -1858 1859 1592 1650 -1650
1885 1858 -1884 -1885 -1885 1857 -1859 -1857 -1884 1885 -1884 1857 1857 1884 -1858 1859 1592 1650 -1650
1885 1858 -1884 -1885 -1885 1857 1859 -1857 1884 1885 1884 -1857 -1857 1884 -1858 -1859 1592 1650 -1650
-1885 1858 1884 -1885 -1885 -1857 -1859 -1857 -1884 1885 -1884 -1857 -1857 1884 -1858 -1859 1592 1650 -1650
1885 1858 -1884 -1885 -1885 -1857 1859 1857 1884 -1885 -1884 1857 -1857 1884 -1858 1859 1592 1650 -1650
-1885 1858 1884 -1885 -1885 1857 -1859 1857 -1884 -1885 1884 1857 -1857 1884 -1858 1859 1592 1650 -1650
-1885 1858 1884 -1885 -1885 1857 1859 1857 1884 -1885 -1884 -1857 1857 1884 -1858 -1859 1592 1650 -1650
1885 1858 -1884 -1885 -1885 -1857 -1859 1857 -1884 -1885 1884 -1857 1857 1884 -1858 -1859 1592 1650 -1650
1885 1858 1884 -1885 -1885 1857 1859 -1857 -1884 -1885 1884 -1857 1857 -1884 -1858 1859 1592 1650 -1650
-1885 1858 -1884 -1885 -1885 -1857 -1859 -1857 1884 -1885 -1884 -1857 1857 -1884 -1858 1859 1592 1650 -1650
-1885 1858 -1884 -1885 -1885 -1857 1859 -1857 -1884 -1885 1884 1857 -1857 -1884 -1858 -1859 1592 1650 -1650
1885 1858 1884 -1885 -1885 1857 -1859 -1857 1884 -1885 -1884 1857 -1857 -1884 -1858 -1859 1592 1650 -1650
-1885 1858 -1884 -1885 -1885 1857 1859 1857 -1884 1885 -1884 -1857 -1857 -1884 -1858 1859 1592 1650 -1650
1885 1858 1884 -1885 -1885 -1857 -1859 1857 1884 1885 1884 -1857 -1857 -1884 -1858 1859 1592 1650 -1650
1885 1858 1884 -1885 -1885 -1857 1859 1857 -1884 1885 -1884 1857 1857 -1884 -1858 -1859 1592 1650 -1650
-1885 1858 -1884 -1885 -1885 1857 -1859 1857 1884 1885 1884 1857 1857 -1884 -1858 -1859 1592 1650 -1650
1885 -1858 1884 1885 -1885 1857 1859 -1857 1884 -1885 -1884 1857 1857 1884 -1858 1859 1592 1650 -1650
-1885 -1858 -1884 1885 -1885 -1857 -1859 -1857 -1884 -1885 1884 1857 1857 1884 -1858 1859 1592 1650 -1650
-1885 -1858 -1884 1885 -1885 -1857 1859 -1857 1884 -1885 -1884 -1857 -1857 1884 -1858 -1859 1592 1650 -1650
1885 -1858 1884 1885 -1885 1857 -1859 -1857 -1884 -1885 1884 -1857 -1857 1884 -1858 -1859 1592 1650 -1650
-1885 -1858 -1884 1885 -1885 1857 1859 1857 1884 1885 1884 1857 -1857 1884 -1858 1859 1592 1650 -1650
1885 -1858 1884 1885 -1885 -1857 -1859 1857 -1884 1885 -1884 1857 -1857 1884 -1858 1859 1592 1650 -1650
1885 -1858 1884 1885 -1885 -1857 1859 1857 1884 1885 1884 -1857 1857 1884 -1858 -1859 1592 1650 -1650
-1885 -1858 -1884 1885 -1885 1857 -1859 1857 -1884 1885 -1884 -1857 1857 1884 -1858 -1859 1592 1650 -1650
-1885 -1858 1884 1885 -1885 -1857 1859 -1857 -1884 1885 -1884 -1857 1857 -1884 -1858 1859 1592 1650 -1650
1885 -1858 -1884 1885 -1885 1857 -1859 -1857 1884 1885 1884 -1857 1857 -1884 -1858 1859 1592 1650 -1650
1885 -1858 -1884 1885 -1885 1857 1859 -1857 -1884 1885 -1884 1857 -1857 -1884 -1858 -1859 1592 1650 -1650
-1885 -1858 1884 1885 -1885 -1857 -1859 -1857 1884 1885 1884 1857 -1857 -1884 -1858 -1859 1592 1650 -1650
1885 -1858 -1884 1885 -1885 -1857 1859 1857 -1884 -1885 1884 -1857 -1857 -1884 -1858 1859 1592 1650 -1650
-1885 -1858 1884 1885 -1885 1857 -1859 1857 1884 -1885 -1884 -1857 -1857 -1884 -1858 1859 1592 1650 -1650
-1885 -1858 1884 1885 -1885 1857 1859 1857 -1884 -1885 1884 1857 1857 -1884 -1858 -1859 1592 1650 -1650
1885 -1858 -1884 1885 -1885 -1857 -1859 1857 1884 -1885 -1884 1857 1857 -1884 -1858 -1859 1592 1650 -1650
1885 -1858 1884 -1885 1885 1857 -1859 -1857 1884 1885 1884 1857 -1857 1884 -1858 1859 1592 1650 -1650
-1885 -1858 -1884 -1885 1885 -1857 1859 -1857 -1884 1885 -1884 1857 -1857 1884 -1858 1859 1592 1650 -1650
-1885 -1858 -1884 -1885 1885 -1857 -1859 -1857 1884 1885 1884 -1857 1857 1884 -1858 -1859 1592 1650 -1650
1885 -1858 1884 -1885 1885 1857 1859 -1857 -1884 1885 -1884 -1857 1857 1884 -1858 -1859 1592 1650 -1650
-1885 -1858 -1884 -1885 1885 1857 -1859 1857 1884 -1885 -1884 1857 1857 1884 -1858 1859 1592 1650 -1650
1885 -1858 1884 -1885 1885 -1857 1859 1857 -1884 -1885 1884 1857 1857 1884 -1858 1859 1592 1650 -1650
1885 -1858 1884 -1885 1885 -1857 -1859 1857 1884 -1885 -1884 -1857 -1857 1884 -1858 -1859 1592 1650 -1650
-1885 -1858 -1884 -1885 1885 1857 1859 1857 -1884 -1885 1884 -1857 -1857 1884 -1858 -1859 1592 1650 -1650
-1885 -1858 1884 -1885 1885 -1857 -1859 -1857 -1884 -1885 1884 -1857 -1857 -1884 -1858 1859 1592 1650 -1650
1885 -1858 -1884 -1885 1885 1857 1859 -1857 1884 -1885 -1884 -1857 -1857 -1884 -1858 1859 1592 1650 -1650
1885 -1858 -1884 -1885 1885 1857 -1859 -1857 -1884 -1885 1884 1857 1857 -1884 -1858 -1859 1592 1650 -1650
-1885 -1858 1884 -1885 1885 -1857 1859 -1857 1884 -1885 -1884 1857 1857 -1884 -1858 -1859 1592 1650 -1650
1885 -1858 -1884 -1885 1885 -1857 -1859 1857 -1884 1885 -1884 -1857 1857 -1884 -1858 1859 1592 1650 -1650
-1885 -1858 1884 -1885 1885 1857 1859 1857 1884 1885 1884 -1857 1857 -1884 -1858 1859 1592 1650 -1650
-1885 -1858 1884 -1885 1885 1857 -1859 1857 -1884 1885 -1884 1857 -1857 -1884 -1858 -1859 1592 1650 -1650
1885 -1858 -1884 -1885 1885 -1857 1859 1857 1884 1885 1884 1857 -1857 -1884 -1858 -1859 1592 1650 -1650
-1885 1858 1884 1885 1885 -1857 -1859 -1857 1884 -1885 -1884 1857 -1857 1884 -1858 1859 1592 1650 -1650
1885 1858 -1884 1885 1885 1857 1859 -1857 -1884 -1885 1884 1857 -1857 1884 -1858 1859 1592 1650 -1650
1885 1858 -1884 1885 1885 1857 -1859 -1857 1884 -1885 -1884 -1857 1857 1884 -1858 -1859 1592 1650 -1650
-1885 1858 1884 1885 1885 -1857 1859 -1857 -1884 -1885 1884 -1857 1857 1884 -1858 -1859 1592 1650 -1650
1885 1858 -1884 1885 1885 -1857 -1859 1857 1884 1885 1884 1857 1857 1884 -1858 1859 1592 1650 -1650
-1885 1858 1884 1885 1885 1857 1859 1857 -1884 1885 -1884 1857 1857 1884 -1858 1859 1592 1650 -1650
-1885 1858 1884 1885 1885 1857 -1859 1857 1884 1885 1884 -1857 -1857 1884 -1858 -1859 1592 1650 -1650
1885 1858 -1884 1885 1885 -1857 1859 1857 -1884 1885 -1884 -1857 -1857 1884 -1858 -1859 1592 1650 -1650
1885 1858 1884 1885 1885 1857 -1859 -1857 -1884 1885 -1884 -1857 -1857 -1884 -1858 1859 1592 1650 -1650
-1885 1858 -1884 1885 1885 -1857 1859 -1857 1884 1885 1884 -1857 -1857 -1884 -1858 1859 1592 1650 -1650
-1885 1858 -1884 1885 1885 -1857 -1859 -1857 -1884 1885 -1884 1857 1857 -1884 -1858 -1859 1592 1650 -1650
1885 1858 1884 1885 1885 1857 1859 -1857 1884 1885 1884 1857 1857 -1884 -1858 -1859 1592 1650 -1650
-1885 1858 -1884 1885 1885 1857 -1859 1857 -1884 -1885 1884 -1857 1857 -1884 -1858 1859 1592 1650 -1650
1885 1858 1884 1885 1885 -1857 1859 1857 1884 -1885 -1884 -1857 1857 -1884 -1858 1859 1592 1650 -1650
1885 1858 1884 1885 1885 -1857 -1859 1857 -1884 -1885 1884 1857 -1857 -1884 -1858 -1859 1592 1650 -1650
-1885 1858 -1884 1885 1885 1857 1859 1857 1884 -1885 -1884 1857 -1857 -1884 -1858 -1859 1592 1650 -1650
1885 -1858 1884 -1885 -1885 -1857 -1859 -1857 -1884 1885 1884 -1857 1857 1884 1858 1859 1592 1650 -1650
-1885 -1858 -1884 -1885 -1885 1857 1859 -1857 1884 1885 -1884 -1857 1857 1884 1858 1859 1592 1650 -1650
-1885 -1858 -1884 -1885 -1885 1857 -1859 -1857 -1884 1885 1884 1857 -1857 1884 1858 -1859 1592 1650 -1650
1885 -1858 1884 -1885 -1885 -1857 1859 -1857 1884 1885 -1884 1857 -1857 1884 1858 -1859 1592 1650 -1650
-1885 -1858 -1884 -1885 -1885 -1857 -1859 1857 -1884 -1885 -1884 -1857 -1857 1884 1858 1859 1592 1650 -1650
1885 -1858 1884 -1885 -1885 1857 1859 1857 1884 -1885 1884 -1857 -1857 1884 1858 1859 1592 1650 -1650
1885 -1858 1884 -1885 -1885 1857 -1859 1857 -1884 -1885 -1884 1857 1857 1884 1858 -1859 1592 1650 -1650
-1885 -1858 -1884 -1885 -1885 -1857 1859 1857 1884 -1885 1884 1857 1857 1884 1858 -1859 1592 1650 -1650
-1885 -1858 1884 -1885 -1885 1857 -1859 -1857 1884 -1885 1884 1857 1857 -1884 1858 1859 1592 1650 -1650
1885 -1858 -1884 -1885 -1885 -1857 1859 -1857 -1884 -1885 -1884 1857 1857 -1884 1858 1859 1592 1650 -1650
1885 -1858 -1884 -1885 -1885 -1857 -1859 -1857 1884 -1885 1884 -1857 -1857 -1884 1858 -1859 1592 1650 -1650
-1885 -1858 1884 -1885 -1885 1857 1859 -1857 -1884 -1885 -1884 -1857 -1857 -1884 1858 -1859 1592 1650 -1650
1885 -1858 -1884 -1885 -1885 1857 -1859 1857 1884 1885 -1884 1857 -1857 -1884 1858 1859 1592 1650 -1650
-1885 -1858 1884 -1885 -1885 -1857 1859 1857 -1884 1885 1884 1857 -1857 -1884 1858 1859 1592 1650 -1650
-1885 -1858 1884 -1885 -1885 -1857 -1859 1857 1884 1885 -1884 -1857 1857 -1884 1858 -1859 1592 1650 -1650
1885 -1858 -1884 -1885 -1885 1857 1859 1857 -1884 1885 1884 -1857 1857 -1884 1858 -1859 1592 1650 -1650
-1885 1858 1884 1885 -1885 1857 -1859 -1857 -1884 -1885 -1884 -1857 1857 1884 1858 1859 1592 1650 -1650
1885 1858 -1884 1885 -1885 -1857 1859 -1857 1884 -1885 1884 -1857 1857 1884 1858 1859 1592 1650 -1650
1885 1858 -1884 1885 -1885 -1857 -1859 -1857 -1884 -1885 -1884 1857 -1857 1884 1858 -1859 1592 1650 -1650
-1885 1858 1884 1885 -1885 1857 1859 -1857 1884 -1885 1884 1857 -1857 1884 1858 -1859 1592 1650 -1650
1885 1858 -1884 1885 -1885 1857 -1859 1857 -1884 1885 1884 -1857 -1857 1884 1858 1859 1592 1650 -1650
-1885 1858 1884 1885 -1885 -1857 1859 1857 1884 1885 -1884 -1857 -1857 1884 1858 1859 1592 1650 -1650
-1885 1858 1884 1885 -1885 -1857 -1859 1857 -1884 1885 1884 1857 1857 1884 1858 -1859 1592 1650 -1650
1885 1858 -1884 1885 -1885 1857 1859 1857 1884 1885 -1884 1857 1857 1884 1858 -1859 1592 1650 -1650
1885 1858 1884 1885 -1885 -1857 -1859 -1857 1884 1885 -1884 1857 1857 -1884 1858 1859 1592 1650 -1650
-1885 1858 -1884 1885 -1885 1857 1859 -1857 -1884 1885 1884 1857 1857 -1884 1858 1859 1592 1650 -1650
-1885 1858 -1884 1885 -1885 1857 -1859 -1857 1884 1885 -1884 -1857 -1857 -1884 1858 -1859 1592 1650 -1650
1885 1858 1884 1885 -1885 -1857 1859 -1857 -1884 1885 1884 -1857 -1857 -1884 1858 -1859 1592 1650 -1650
-1885 1858 -1884 1885 -1885 -1857 -1859 1857 1884 -1885 1884 1857 -1857 -1884 1858 1859 1592 1650 -1650
1885 1858 1884 1885 -1885 1857 1859 1857 -1884 -1885 -1884 1857 -1857 -1884 1858 1859 1592 1650 -1650
1885 1858 1884 1885 -1885 1857 -1859 1857 1884 -1885 1884 -1857 1857 -1884 1858 -1859 1592 1650 -1650
-1885 1858 -1884 1885 -1885 -1857 1859 1857 -1884 -1885 -1884 -1857 1857 -1884 1858 -1859 1592 1650 -1650
-1885 1858 1884 -1885 1885 1857 1859 -1857 -1884 1885 1884 -1857 -1857 1884 1858 1859 1592 1650 -1650
1885 1858 -1884 -1885 1885 -1857 -1859 -1857 1884 1885 -1884 -1857 -1857 1884 1858 1859 1592 1650 -1650
1885 1858 -1884 -1885 1885 -1857 1859 -1857 -1884 1885 1884 1857 1857 1884 1858 -1859 1592 1650 -1650
-1885 1858 1884 -1885 1885 1857 -1859 -1857 1884 1885 -1884 1857 1857 1884 1858 -1859 1592 1650 -1650
1885 1858 -1884 -1885 1885 1857 1859 1857 -1884 -1885 -1884 -1857 1857 1884 1858 1859 1592 1650 -1650
-1885 1858 1884 -1885 1885 -1857 -1859 1857 1884 -1885 1884 -1857 1857 1884 1858 1859 1592 1650 -1650
-1885 1858 1884 -1885 1885 -1857 1859 1857 -1884 -1885 -1884 1857 -1857 1884 1858 -1859 1592 1650 -1650
1885 1858 -1884 -1885 1885 1857 -1859 1857 1884 -1885 1884 1857 -1857 1884 1858 -1859 1592 1650 -1650
1885 1858 1884 -1885 1885 -1857 1859 -1857 1884 -1885 1884 1857 -1857 -1884 1858 1859 1592 1650 -1650
-1885 1858 -1884 -1885 1885 1857 -1859 -1857 -1884 -1885 -1884 1857 -1857 -1884 1858 1859 1592 1650 -1650
-1885 1858 -1884 -1885 1885 1857 1859 -1857 1884 -1885 1884 -1857 1857 -1884 1858 -1859 1592 1650 -1650
1885 1858 1884 -1885 1885 -1857 -1859 -1857 -1884 -1885 -1884 -1857 1857 -1884 1858 -1859 1592 1650 -1650
-1885 1858 -1884 -1885 1885 -1857 1859 1857 1884 1885 -1884 1857 1857 -1884 1858 1859 1592 1650 -1650
1885 1858 1884 -1885 1885 1857 -1859 1857 -1884 1885 1884 1857 1857 -1884 1858 1859 1592 1650 -1650
1885 1858 1884 -1885 1885 1857 1859 1857 1884 1885 -1884 -1857 -1857 -1884 1858 -1859 1592 1650 -1650
-1885 1858 -1884 -1885 1885 -1857 -1859 1857 -1884 1885 1884 -1857 -1857 -1884 1858 -1859 1592 1650 -1650
1885 -1858 1884 1885 1885 -1857 1859 -1857 -1884 -1885 -1884 -1857 -1857 1884 1858 1859 1592 1650 -1650
-1885 -1858 -1884 1885 1885 1857 -1859 -1857 1884 -1885 1884 -1857 -1857 1884 1858 1859 1592 1650 -1650
-1885 -1858 -1884 1885 1885 1857 1859 -1857 -1884 -1885 -1884 1857 1857 1884 1858 -1859 1592 1650 -1650
1885 -1858 1884 1885 1885 -1857 -1859 -1857 1884 -1885 1884 1857 1857 1884 1858 -1859 1592 1650 -1650
-1885 -1858 -1884 1885 1885 -1857 1859 1857 -1884 1885 1884 -1857 1857 1884 1858 1859 1592 1650 -1650
1885 -1858 1884 1885 1885 1857 -1859 1857 1884 1885 -1884 -1857 1857 1884 1858 1859 1592 1650 -1650
1885 -1858 1884 1885 1885 1857 1859 1857 -1884 1885 1884 1857 -1857 1884 1858 -1859 1592 1650 -1650
-1885 -1858 -1884 1885 1885 -1857 -1859 1857 1884 1885 -1884 1857 -1857 1884 1858 -1859 1592 1650 -1650
-1885 -1858 1884 1885 1885 1857 1859 -1857 1884 1885 -1884 1857 -1857 -1884 1858 1859 1592 1650 -1650
1885 -1858 -1884 1885 1885 -1857 -1859 -1857 -1884 1885 1884 1857 -1857 -1884 1858 1859 1592 1650 -1650
1885 -1858 -1884 1885 1885 -1857 1859 -1857 1884 1885 -1884 -1857 1857 -1884 1858 -1859 1592 1650 -1650
-1885 -1858 1884 1885 1885 1857 -1859 -1857 -1884 1885 1884 -1857 1857 -1884 1858 -1859 1592 1650 -1650
1885 -1858 -1884 1885 1885 1857 1859 1857 1884 -1885 1884 1857 1857 -1884 1858 1859 1592 1650 -1650
-1885 -1858 1884 1885 1885 -1857 -1859 1857 -1884 -1885 -1884 1857 1857 -1884 1858 1859 1592 1650 -1650
-1885 -1858 1884 1885 1885 -1857 1859 1857 1884 -1885 1884 -1857 -1857 -1884 1858 -1859 1592 1650 -1650
1885 -1858 -1884 1885 1885 1857 -1859 1857 -1884 -1885 -1884 -1857 -1857 -1884 1858 -1859 1592 1650 -1650
1881 1881 1881 -1881 -1881 -1881 -1881 -1881 1881 1881 -1881 1881 -1881 1881 -1881 1881 -1568 1568 -1568
-1881 1881 -1881 -1881 -1881 1881 1881 -1881 -1881 1881 1881 1881 -1881 1881 -1881 1881 -1568 1568 -1568
-1881 1881 -1881 -1881 -1881 1881 -1881 -1881 1881 1881 -1881 -1881 1881 1881 -1881 -1881 -1568 1568 -1568
1881 1881 1881 -1881 -1881 -1881 1881 -1881 -1881 1881 1881 -1881 1881 1881 -1881 -1881 -1568 1568 -1568
-1881 1881 -1881 -1881 -1881 -1881 -1881 1881 1881 -1881 1881 1881 1881 1881 -1881 1881 -1568 1568 -1568
1881 1881 1881 -1881 -1881 1881 1881 1881 -1881 -1881 -1881 1881 1881 1881 -1881 1881 -1568 1568 -1568
1881 1881 1881 -1881 -1881 1881 -1881 1881 1881 -1881 1881 -1881 -1881 1881 -1881 -1881 -1568 1568 -1568
-1881 1881 -1881 -1881 -1881 -1881 1881 1881 -1881 -1881 -1881 -1881 -1881 1881 -1881 -1881 -1568 1568 -1568
-1881 1881 1881 -1881 -1881 1881 -1881 -1881 -1881 -1881 -1881 -1881 -1881 -1881 -1881 1881 -1568 1568 -1568
1881 1881 -1881 -1881 -1881 -1881 1881 -1881 1881 -1881 1881 -1881 -1881 -1881 -1881 1881 -1568 1568 -1568
1881 1881 -1881 -1881 -1881 -1881 -1881 -1881 -1881 -1881 -1881 1881 1881 -1881 -1881 -1881 -1568 1568 -1568
-1881 1881 1881 -1881 -1881 1881 1881 -1881 1881 -1881 1881 1881 1881 -1881 -1881 -1881 -1568 1568 -1568
1881 1881 -1881 -1881 -1881 1881 -1881 1881 -1881 1881 1881 -1881 1881 -1881 -1881 1881 -1568 1568 -1568
-1881 1881 1881 -1881 -1881 -1881 1881 1881 1881 1881 -1881 -1881 1881 -1881 -1881 1881 -1568 1568 -1568
-1881 1881 1881 -1881 -1881 -1881 -1881 1881 -1881 1881 1881 1881 -1881 -1881 -1881 -1881 -1568 1568 -1568
1881 1881 -1881 -1881 -1881 1881 1881 1881 1881 1881 -1881 1881 -1881 -1881 -1881 -1881 -1568 1568 -1568
-1881 -1881 1881 1881 -1881 1881 -1881 -1881 1881 -1881 1881 1881 -1881 1881 -1881 1881 -1568 1568 -1568
1881 -1881 -1881 1881 -1881 -1881 1881 -1881 -1881 -1881 -1881 1881 -1881 1881 -1881 1881 -1568 1568 -1568
1881 -1881 -1881 1881 -1881 -1881 -1881 -1881 1881 -1881 1881 -1881 1881 1881 -1881 -1881 -1568 1568 -1568
-1881 -1881 1881 1881 -1881 1881 1881 -1881 -1881 -1881 -1881 -1881 1881 1881 -1881 -1881 -1568 1568 -1568
1881 -1881 -1881 1881 -1881 1881 -1881 1881 1881 1881 -1881 1881 1881 1881 -1881 1881 -1568 1568 -1568
-1881 -1881 1881 1881 -1881 -1881 1881 1881 -1881 1881 1881 1881 1881 1881 -1881 1881 -1568 1568 -1568
-1881 -1881 1881 1881 -1881 -1881 -1881 1881 1881 1881 -1881 -1881 -1881 1881 -1881 -1881 -1568 1568 -1568
1881 -1881 -1881 1881 -1881 1881 1881 1881 -1881 1881 1881 -1881 -1881 1881 -1881 -1881 -1568 1568 -1568
1881 -1881 1881 1881 -1881 -1881 -1881 -1881 -1881 1881 1881 -1881 -1881 -1881 -1881 1881 -1568 1568 -1568
-1881 -1881 -1881 1881 -1881 1881 1881 -1881 1881 1881 -1881 -1881 -1881 -1881 -1881 1881 -1568 1568 -1568
-1881 -1881 -1881 1881 -1881 1881 -1881 -1881 -1881 1881 1881 1881 1881 -1881 -1881 -1881 -1568 1568 -1568
1881 -1881 1881 1881 -1881 -1881 1881 -1881 1881 1881 -1881 1881 1881 -1881 -1881 -1881 -1568 1568 -1568
-1881 -1881 -1881 1881 -1881 -1881 -1881 1881 -1881 -1881 -1881 -1881 1881 -1881 -1881 1881 -1568 1568 -1568
1881 -1881 1881 1881 -1881 1881 1881 1881 1881 -1881 1881 -1881 1881 -1881 -1881 1881 -1568 1568 -1568
1881 -1881 1881 1881 -1881 1881 -1881 1881 -1881 -1881 -1881 1881 -1881 -1881 -1881 -1881 -1568 1568 -1568
-1881 -1881 -1881 1881 -1881 -1881 1881 1881 1881 -1881 1881 1881 -1881 -1881 -1881 -1881 -1568 1568 -1568
-1881 -1881 1881 -1881 1881 1881 1881 -1881 1881 1881 -1881 1881 1881 1881 -1881 1881 -1568 1568 -1568
1881 -1881 -1881 -1881 1881 -1881 -1881 -1881 -1881 1881 1881 1881 1881 1881 -1881 1881 -1568 1568 -1568
1881 -1881 -1881 -1881 1881 -1881 1881 -1881 1881 1881 -1881 -1881 -1881 1881 -1881 -1881 -1568 1568 -1568
-1881 -1881 1881 -1881 1881 1881 -1881 -1881 -1881 1881 1881 -1881 -1881 1881 -1881 -1881 -1568 1568 -1568
1881 -1881 -1881 -1881 1881 1881 1881 1881 1881 -1881 1881 1881 -1881 1881 -1881 1881 -1568 1568 -1568
-1881 -1881 1881 -1881 1881 -1881 -1881 1881 -1881 -1881 -1881 1881 -1881 1881 -1881 1881 -1568 1568 -1568
-1881 -1881 1881 -1881 1881 -1881 1881 1881 1881 -1881 1881 -1881 1881 1881 -1881 -1881 -1568 1568 -1568
1881 -1881 -1881 -1881 1881 1881 -1881 1881 -1881 -1881 -1881 -1881 1881 1881 -1881 -1881 -1568 1568 -1568
1881 -1881 1881 -1881 1881 -1881 1881 -1881 -1881 -1881 -1881 -1881 1881 -1881 -1881 1881 -1568 1568 -1568
-1881 -1881 -1881 -1881 1881 1881 -1881 -1881 1881 -1881 1881 -1881 1881 -1881 -1881 1881 -1568 1568 -1568
-1881 -1881 -1881 -1881 1881 1881 1881 -1881 -1881 -1881 -1881 1881 -1881 -1881 -1881 -1881 -1568 1568 -1568
1881 -1881 1881 -1881 1881 -1881 -1881 -1881 1881 -1881 1881 1881 -1881 -1881 -1881 -1881 -1568 1568 -1568
-1881 -1881 -1881 -1881 1881 -1881 1881 1881 -1881 1881 1881 -1881 -1881 -1881 -1881 1881 -1568 1568 -1568
1881 -1881 1881 -1881 1881 1881 -1881 1881 1881 1881 -1881 -1881 -1881 -1881 -1881 1881 -1568 1568 -1568
1881 -1881 1881 -1881 1881 1881 1881 1881 -1881 1881 1881 1881 1881 -1881 -1881 -1881 -1568 1568 -1568
-1881 -1881 -1881 -1881 1881 -1881 -1881 1881 1881 1881 -1881 1881 1881 -1881 -1881 -1881 -1568 1568 -1568
1881 1881 1881 1881 1881 -1881 1881 -1881 1881 -1881 1881 1881 1881 1881 -1881 1881 -1568 1568 -1568
-1881 1881 -1881 1881 1881 1881 -1881 -1881 -1881 -1881 -1881 1881 1881 1881 -1881 1881 -1568 1568 -1568
-1881 1881 -1881 1881 1881 1881 1881 -1881 1881 -1881 1881 -1881 -1881 1881 -1881 -1881 -1568 1568 -1568
1881 1881 1881 1881 1881 -1881 -1881 -1881 -1881 -1881 -1881 -1881 -1881 1881 -1881 -1881 -1568 1568 -1568
-1881 1881 -1881 1881 1881 -1881 1881 1881 1881 1881 -1881 1881 -1881 1881 -1881 1881 -1568 1568 -1568
1881 1881 1881 1881 1881 1881 -1881 1881 -1881 1881 1881 1881 -1881 1881 -1881 1881 -1568 1568 -1568
1881 1881 1881 1881 1881 1881 1881 1881 1881 1881 -1881 -1881 1881 1881 -1881 -1881 -1568 1568 -1568
-1881 1881 -1881 1881 1881 -1881 -1881 1881 -1881 1881 1881 -1881 1881 1881 -1881 -1881 -1568 1568 -1568
-1881 1881 1881 1881 1881 1881 1881 -1881 -1881 1881 1881 -1881 1881 -1881 -1881 1881 -1568 1568 -1568
1881 1881 -1881 1881 1881 -1881 -1881 -1881 1881 1881 -1881 -1881 1881 -1881 -1881 1881 -1568 1568 -1568
1881 1881 -1881 1881 1881 -1881 1881 -1881 -1881 1881 1881 1881 -1881 -1881 -1881 -1881 -1568 1568 -1568
-1881 1881 1881 1881 1881 1881 -1881 -1881 1881 1881 -1881 1881 -1881 -1881 -1881 -1881 -1568 1568 -1568
1881 1881 -1881 1881 1881 1881 1881 1881 -1881 -1881 -1881 -1881 -1881 -1881 -1881 1881 -1568 1568 -1568
-1881 1881 1881 1881 1881 -1881 -1881 1881 1881 -1881 1881 -1881 -1881 -1881 -1881 1881 -1568 1568 -1568
-1881 1881 1881 1881 1881 -1881 1881 1881 -1881 -1881 -1881 1881 1881 -1881 -1881 -1881 -1568 1568 -1568
1881 1881 -1881 1881 1881 1881 -1881 1881 1881 -1881 1881 1881 1881 -1881 -1881 -1881 -1568 1568 -1568
-1881 -1881 1881 -1881 -1881 -1881 1881 -1881 -1881 1881 -1881 -1881 -1881 1881 1881 1881 -1568 1568 -1568
1881 -1881 -1881 -1881 -1881 1881 -1881 -1881 1881 1881 1881 -1881 -1881 1881 1881 1881 -1568 1568 -1568
1881 -1881 -1881 -1881 -1881 1881 1881 -1881 -1881 1881 -1881 1881 1881 1881 1881 -1881 -1568 1568 -1568
-1881 -1881 1881 -1881 -1881 -1881 -1881 -1881 1881 1881 1881 1881 1881 1881 1881 -1881 -1568 1568 -1568
1881 -1881 -1881 -1881 -1881 -1881 1881 1881 -1881 -1881 1881 -1881 1881 1881 1881 1881 -1568 1568 -1568
-1881 -1881 1881 -1881 -1881 1881 -1881 1881 1881 -1881 -1881 -1881 1881 1881 1881 1881 -1568 1568 -1568
-1881 -1881 1881 -1881 -1881 1881 1881 1881 -1881 -1881 1881 1881 -1881 1881 1881 -1881 -1568 1568 -1568
1881 -1881 -1881 -1881 -1881 -1881 -1881 1881 1881 -1881 -1881 1881 -1881 1881 1881 -1881 -1568 1568 -1568
1881 -1881 1881 -1881 -1881 1881 1881 -1881 1881 -1881 -1881 1881 -1881 -1881 1881 1881 -1568 1568 -1568
-1881 -1881 -1881 -1881 -1881 -1881 -1881 -1881 -1881 -1881 1881 1881 -1881 -1881 1881 1881 -1568 1568 -1568
-1881 -1881 -1881 -1881 -1881 -1881 1881 -1881 1881 -1881 -1881 -1881 1881 -1881 1881 -1881 -1568 1568 -1568
1881 -1881 1881 -1881 -1881 1881 -1881 -1881 -1881 -1881 1881 -1881 1881 -1881 1881 -1881 -1568 1568 -1568
-1881 -1881 -1881 -1881 -1881 1881 1881 1881 1881 1881 1881 1881 1881 -1881 1881 1881 -1568 1568 -1568
1881 -1881 1881 -1881 -1881 -1881 -1881 1881 -1881 1881 -1881 1881 1881 -1881 1881 1881 -1568 1568 -1568
1881 -1881 1881 -1881 -1881 -1881 1881 1881 1881 1881 1881 -1881 -1881 -1881 1881 -1881 -1568 1568 -1568
-1881 -1881 -1881 -1881 -1881 1881 -1881 1881 -1881 1881 -1881 -1881 -1881 -1881 1881 -1881 -1568 1568 -1568
1881 1881 1881 1881 -1881 1881 1881 -1881 -1881 -1881 1881 -1881 -1881 1881 1881 1881 -1568 1568 -1568
-1881 1881 -1881 1881 -1881 -1881 -1881 -1881 1881 -1881 -1881 -1881 -1881 1881 1881 1881 -1568 1568 -1568
-1881 1881 -1881 1881 -1881 -1881 1881 -1881 -1881 -1881 1881 1881 1881 1881 1881 -1881 -1568 1568 -1568
1881 1881 1881 1881 -1881 1881 -1881 -1881 1881 -1881 -1881 1881 1881 1881 1881 -1881 -1568 1568 -1568
-1881 1881 -1881 1881 -1881 1881 1881 1881 -1881 1881 -1881 -1881 1881 1881 1881 1881 -1568 1568 -1568
1881 1881 1881 1881 -1881 -1881 -1881 1881 1881 1881 1881 -1881 1881 1881 1881 1881 -1568 1568 -1568
1881 1881 1881 1881 -1881 -1881 1881 1881 -1881 1881 -1881 1881 -1881 1881 1881 -1881 -1568 1568 -1568
-1881 1881 -1881 1881 -1881 1881 -1881 1881 1881 1881 1881 1881 -1881 1881 1881 -1881 -1568 1568 -1568
-1881 1881 1881 1881 -1881 -1881 1881 -1881 1881 1881 1881 1881 -1881 -1881 1881 1881 -1568 1568 -1568
1881 1881 -1881 1881 -1881 1881 -1881 -1881 -1881 1881 -1881 1881 -1881 -1881 1881 1881 -1568 1568 -1568
1881 1881 -1881 1881 -1881 1881 1881 -1881 1881 1881 1881 -1881 1881 -1881 1881 -1881 -1568 1568 -1568
-1881 1881 1881 1881 -1881 -1881 -1881 -1881 -1881 1881 -1881 -1881 1881 -1881 1881 -1881 -1568 1568 -1568
1881 1881 -1881 1881 -1881 -1881 1881 1881 1881 -1881 -1881 1881 1881 -1881 1881 1881 -1568 1568 -1568
-1881 1881 1881 1881 -1881 1881 -1881 1881 -1881 -1881 1881 1881 1881 -1881 1881 1881 -1568 1568 -1568
-1881 1881 1881 1881 -1881 1881 1881 1881 1881 -1881 -1881 -1881 -1881 -1881 1881 -1881 -1568 1568 -1568
1881 1881 -1881 1881 -1881 -1881 -1881 1881 -1881 -1881 1881 -1881 -1881 -1881 1881 -1881 -1568 1568 -1568
1881 1881 1881 -1881 1881 1881 -1881 -1881 -1881 1881 -1881 -1881 1881 1881 1881 1881 -1568 1568 -1568
-1881 1881 -1881 -1881 1881 -1881 1881 -1881 1881 1881 1881 -1881 1881 1881 1881 1881 -1568 1568 -1568
-1881 1881 -1881 -1881 1881 -1881 -1881 -1881 -1881 1881 -1881 1881 -1881 1881 1881 -1881 -1568 1568 -1568
1881 1881 1881 -1881 1881 1881 1881 -1881 1881 1881 1881 1881 -1881 1881 1881 -1881 -1568 1568 -1568
-1881 1881 -1881 -1881 1881 1881 -1881 1881 -1881 -1881 1881 -1881 -1881 1881 1881 1881 -1568 1568 -1568
1881 1881 1881 -1881 1881 -1881 1881 1881 1881 -1881 -1881 -1881 -1881 1881 1881 1881 -1568 1568 -1568
1881 1881 1881 -1881 1881 -1881 -1881 1881 -1881 -1881 1881 1881 1881 1881 1881 -1881 -1568 1568 -1568
-1881 1881 -1881 -1881 1881 1881 1881 1881 1881 -1881 -1881 1881 1881 1881 1881 -1881 -1568 1568 -1568
-1881 1881 1881 -1881 1881 -1881 -1881 -1881 1881 -1881 -1881 1881 1881 -1881 1881 1881 -1568 1568 -1568
1881 1881 -1881 -1881 1881 1881 1881 -1881 -1881 -1881 1881 1881 1881 -1881 1881 1881 -1568 1568 -1568
1881 1881 -1881 -1881 1881 1881 -1881 -1881 1881 -1881 -1881 -1881 -1881 -1881 1881 -1881 -1568 1568 -1568
-1881 1881 1881 -1881 1881 -1881 1881 -1881 -1881 -1881 1881 -1881 -1881 -1881 1881 -1881 -1568 1568 -1568
1881 1881 -1881 -1881 1881 -1881 -1881 1881 1881 1881 1881 1881 -1881 -1881 1881 1881 -1568 1568 -1568
-1881 1881 1881 -1881 1881 1881 1881 1881 -1881 1881 -1881 1881 -1881 -1881 1881 1881 -1568 1568 -1568
-1881 1881 1881 -1881 1881 1881 -1881 1881 1881 1881 1881 -1881 1881 -1881 1881 -1881 -1568 1568 -1568
1881 1881 -1881 -1881 1881 -1881 1881 1881 -1881 1881 -1881 -1881 1881 -1881 1881 -1881 -1568 1568 -1568
-1881 -1881 1881 1881 1881 -1881 -1881 -1881 -1881 -1881 1881 -1881 1881 1881 1881 1881 -1568 1568 -1568
1881 -1881 -1881 1881 1881 1881 1881 -1881 1881 -1881 -1881 -1881 1881 1881 1881 1881 -1568 1568 -1568
1881 -1881 -1881 1881 1881 1881 -1881 -1881 -1881 -1881 1881 1881 -1881 1881 1881 -1881 -1568 1568 -1568
-1881 -1881 1881 1881 1881 -1881 1881 -1881 1881 -1881 -1881 1881 -1881 1881 1881 -1881 -1568 1568 -1568
1881 -1881 -1881 1881 1881 -1881 -1881 1881 -1881 1881 -1881 -1881 -1881 1881 1881 1881 -1568 1568 -1568
-1881 -1881 1881 1881 1881 1881 1881 1881 1881 1881 1881 -1881 -1881 1881 1881 1881 -1568 1568 -1568
-1881 -1881 1881 1881 1881 1881 -1881 1881 -1881 1881 -1881 1881 1881 1881 1881 -1881 -1568 1568 -1568
1881 -1881 -1881 1881 1881 -1881 1881 1881 1881 1881 1881 1881 1881 1881 1881 -1881 -1568 1568 -1568
1881 -1881 1881 1881 1881 1881 -1881 -1881 1881 1881 1881 1881 1881 -1881 1881 1881 -1568 1568 -1568
-1881 -1881 -1881 1881 1881 -1881 1881 -1881 -1881 1881 -1881 1881 1881 -1881 1881 1881 -1568 1568 -1568
-1881 -1881 -1881 1881 1881 -1881 -1881 -1881 1881 1881 1881 -1881 -1881 -1881 1881 -1881 -1568 1568 -1568
1881 -1881 1881 1881 1881 1881 1881 -1881 -1881 1881 -1881 -1881 -1881 -1881 1881 -1881 -1568 1568 -1568
-1881 -1881 -1881 1881 1881 1881 -1881 1881 1881 -1881 -1881 1881 -1881 -1881 1881 1881 -1568 1568 -1568
1881 -1881 1881 1881 1881 -1881 1881 1881 -1881 -1881 1881 1881 -1881 -1881 1881 1881 -1568 1568 -1568
1881 -1881 1881 1881 1881 -1881 -1881 1881 1881 -1881 -1881 -1881 1881 -1881 1881 -1881 -1568 1568 -1568
-1881 -1881 -1881 1881 1881 1881 1881 1881 -1881 -1881 1881 -1881 1881 -1881 1881 -1881 -1568 1568 -1568
-1859 1859 -1884 -1884 -1884 1884 1885 1857 1884 1859 -1857 1857 1884 1857 -1858 1885 1592 -1650 -1650
1859 1859 1884 -1884 -1884 -1884 -1885 1857 -1884 1859 1857 1857 1884 1857 -1858 1885 1592 -1650 -1650
1859 1859 1884 -1884 -1884 -1884 1885 1857 1884 1859 -1857 -1857 -1884 1857 -1858 -1885 1592 -1650 -1650
-1859 1859 -1884 -1884 -1884 1884 -1885 1857 -1884 1859 1857 -1857 -1884 1857 -1858 -1885 1592 -1650 -1650
1859 1859 1884 -1884 -1884 1884 1885 -1857 1884 -1859 1857 1857 -1884 1857 -1858 1885 1592 -1650 -1650
-1859 1859 -1884 -1884 -1884 -1884 -1885 -1857 -1884 -1859 -1857 1857 -1884 1857 -1858 1885 1592 -1650 -1650
-1859 1859 -1884 -1884 -1884 -1884 1885 -1857 1884 -1859 1857 -1857 1884 1857 -1858 -1885 1592 -1650 -1650
1859 1859 1884 -1884 -1884 1884 -1885 -1857 -1884 -1859 -1857 -1857 1884 1857 -1858 -1885 1592 -1650 -1650
1859 1859 -1884 -1884 -1884 -1884 1885 1857 -1884 -1859 -1857 -1857 1884 -1857 -1858 1885 1592 -1650 -1650
-1859 1859 1884 -1884 -1884 1884 -1885 1857 1884 -1859 1857 -1857 1884 -1857 -1858 1885 1592 -1650 -1650
-1859 1859 1884 -1884 -1884 1884 1885 1857 -1884 -1859 -1857 1857 -1884 -1857 -1858 -1885 1592 -1650 -1650
1859 1859 -1884 -1884 -1884 -1884 -1885 1857 1884 -1859 1857 1857 -1884 -1857 -1858 -1885 1592 -1650 -1650
-1859 1859 1884 -1884 -1884 -1884 1885 -1857 -1884 1859 1857 -1857 -1884 -1857 -1858 1885 1592 -1650 -1650
1859 1859 -1884 -1884 -1884 1884 -1885 -1857 1884 1859 -1857 -1857 -1884 -1857 -1858 1885 1592 -1650 -1650
1859 1859 -1884 -1884 -1884 1884 1885 -1857 -1884 1859 1857 1857 1884 -1857 -1858 -1885 1592 -1650 -1650
-1859 1859 1884 -1884 -1884 -1884 -1885 -1857 1884 1859 -1857 1857 1884 -1857 -1858 -1885 1592 -1650 -1650
1859 -1859 -1884 1884 -1884 -1884 1885 1857 1884 -1859 1857 1857 1884 1857 -1858 1885 1592 -1650 -1650
-1859 -1859 1884 1884 -1884 1884 -1885 1857 -1884 -1859 -1857 1857 1884 1857 -1858 1885 1592 -1650 -1650
-1859 -1859 1884 1884 -1884 1884 1885 1857 1884 -1859 1857 -1857 -1884 1857 -1858 -1885 1592 -1650 -1650
1859 -1859 -1884 1884 -1884 -1884 -1885 1857 -1884 -1859 -1857 -1857 -1884 1857 -1858 -1885 1592 -1650 -1650
-1859 -1859 1884 1884 -1884 -1884 1885 -1857 1884 1859 -1857 1857 -1884 1857 -1858 1885 1592 -1650 -1650
1859 -1859 -1884 1884 -1884 1884 -1885 -1857 -1884 1859 1857 1857 -1884 1857 -1858 1885 1592 -1650 -1650
1859 -1859 -1884 1884 -1884 1884 1885 -1857 1884 1859 -1857 -1857 1884 1857 -1858 -1885 1592 -1650 -1650
-1859 -1859 1884 1884 -1884 -1884 -1885 -1857 -1884 1859 1857 -1857 1884 1857 -1858 -1885 1592 -1650 -1650
-1859 -1859 -1884 1884 -1884 1884 1885 1857 -1884 1859 1857 -1857 1884 -1857 -1858 1885 1592 -1650 -1650
1859 -1859 1884 1884 -1884 -1884 -1885 1857 1884 1859 -1857 -1857 1884 -1857 -1858 1885 1592 -1650 -1650
1859 -1859 1884 1884 -1884 -1884 1885 1857 -1884 1859 1857 1857 -1884 -1857 -1858 -1885 1592 -1650 -1650
-1859 -1859 -1884 1884 -1884 1884 -1885 1857 1884 1859 -1857 1857 -1884 -1857 -1858 -1885 1592 -1650 -1650
1859 -1859 1884 1884 -1884 1884 1885 -1857 -1884 -1859 -1857 -1857 -1884 -1857 -1858 1885 1592 -1650 -1650
-1859 -1859 -1884 1884 -1884 -1884 -1885 -1857 1884 -1859 1857 -1857 -1884 -1857 -1858 1885 1592 -1650 -1650
-1859 -1859 -1884 1884 -1884 -1884 1885 -1857 -1884 -1859 -1857 1857 1884 -1857 -1858 -1885 1592 -1650 -1650
1859 -1859 1884 1884 -1884 1884 -1885 -1857 1884 -1859 1857 1857 1884 -1857 -1858 -1885 1592 -1650 -1650
1859 -1859 -1884 -1884 1884 -1884 -1885 1857 1884 1859 -1857 1857 -1884 1857 -1858 1885 1592 -1650 -1650
-1859 -1859 1884 -1884 1884 1884 1885 1857 -1884 1859 1857 1857 -1884 1857 -1858 1885 1592 -1650 -1650
-1859 -1859 1884 -1884 1884 1884 -1885 1857 1884 1859 -1857 -1857 1884 1857 -1858 -1885 1592 -1650 -1650
1859 -1859 -1884 -1884 1884 -1884 1885 1857 -1884 1859 1857 -1857 1884 1857 -1858 -1885 1592 -1650 -1650
-1859 -1859 1884 -1884 1884 -1884 -1885 -1857 1884 -1859 1857 1857 1884 1857 -1858 1885 1592 -1650 -1650
1859 -1859 -1884 -1884 1884 1884 1885 -1857 -1884 -1859 -1857 1857 1884 1857 -1858 1885 1592 -1650 -1650
1859 -1859 -1884 -1884 1884 1884 -1885 -1857 1884 -1859 1857 -1857 -1884 1857 -1858 -1885 1592 -1650 -1650
-1859 -1859 1884 -1884 1884 -1884 1885 -1857 -1884 -1859 -1857 -1857 -1884 1857 -1858 -1885 1592 -1650 -1650
-1859 -1859 -1884 -1884 1884 1884 -1885 1857 -1884 -1859 -1857 -1857 -1884 -1857 -1858 1885 1592 -1650 -1650
1859 -1859 1884 -1884 1884 -1884 1885 1857 1884 -1859 1857 -1857 -1884 -1857 -1858 1885 1592 -1650 -1650
1859 -1859 1884 -1884 1884 -1884 -1885 1857 -1884 -1859 -1857 1857 1884 -1857 -1858 -1885 1592 -1650 -1650
-1859 -1859 -1884 -1884 1884 1884 1885 1857 1884 -1859 1857 1857 1884 -1857 -1858 -1885 1592 -1650 -1650
1859 -1859 1884 -1884 1884 1884 -1885 -1857 -1884 1859 1857 -1857 1884 -1857 -1858 1885 1592 -1650 -1650
-1859 -1859 -1884 -1884 1884 -1884 1885 -1857 1884 1859 -1857 -1857 1884 -1857 -1858 1885 1592 -1650 -1650
-1859 -1859 -1884 -1884 1884 -1884 -1885 -1857 -1884 1859 1857 1857 -1884 -1857 -1858 -1885 1592 -1650 -1650
1859 -1859 1884 -1884 1884 1884 1885 -1857 1884 1859 -1857 1857 -1884 -1857 -1858 -1885 1592 -1650 -1650
-1859 1859 -1884 1884 1884 1884 -1885 1857 1884 -1859 1857 1857 -1884 1857 -1858 1885 1592 -1650 -1650
1859 1859 1884 1884 1884 -1884 1885 1857 -1884 -1859 -1857 1857 -1884 1857 -1858 1885 1592 -1650 -1650
1859 1859 1884 1884 1884 -1884 -1885 1857 1884 -1859 1857 -1857 1884 1857 -1858 -1885 1592 -1650 -1650
-1859 1859 -1884 1884 1884 1884 1885 1857 -1884 -1859 -1857 -1857 1884 1857 -1858 -1885 1592 -1650 -1650
1859 1859 1884 1884 1884 1884 -1885 -1857 1884 1859 -1857 1857 1884 1857 -1858 1885 1592 -1650 -1650
-1859 1859 -1884 1884 1884 -1884 1885 -1857 -1884 1859 1857 1857 1884 1857 -1858 1885 1592 -1650 -1650
-1859 1859 -1884 1884 1884 -1884 -1885 -1857 1884 1859 -1857 -1857 -1884 1857 -1858 -1885 1592 -1650 -1650
1859 1859 1884 1884 1884 1884 1885 -1857 -1884 1859 1857 -1857 -1884 1857 -1858 -1885 1592 -1650 -1650
1859 1859 -1884 1884 1884 -1884 -1885 1857 -1884 1859 1857 -1857 -1884 -1857 -1858 1885 1592 -1650 -1650
-1859 1859 1884 1884 1884 1884 1885 1857 1884 1859 -1857 -1857 -1884 -1857 -1858 1885 1592 -1650 -1650
-1859 1859 1884 1884 1884 1884 -1885 1857 -1884 1859 1857 1857 1884 -1857 -1858 -1885 1592 -1650 -1650
1859 1859 -1884 1884 1884 -1884 1885 1857 1884 1859 -1857 1857 1884 -1857 -1858 -1885 1592 -1650 -1650
-1859 1859 1884 1884 1884 -1884 -1885 -1857 -1884 -1859 -1857 -1857 1884 -1857 -1858 1885 1592 -1650 -1650
1859 1859 -1884 1884 1884 1884 1885 -1857 1884 -1859 1857 -1857 1884 -1857 -1858 1885 1592 -1650 -1650
1859 1859 -1884 1884 1884 1884 -1885 -1857 -1884 -1859 -1857 1857 -1884 -1857 -1858 -1885 1592 -1650 -1650
-1859 1859 1884 1884 1884 -1884 1885 -1857 1884 -1859 1857 1857 -1884 -1857 -1858 -1885 1592 -1650 -1650
1859 -1859 -1884 -1884 -1884 1884 -1885 1857 -1884 1859 -1857 -1857 1884 1857 1858 1885 1592 -1650 -1650
-1859 -1859 1884 -1884 -1884 -1884 1885 1857 1884 1859 1857 -1857 1884 1857 1858 1885 1592 -1650 -1650
-1859 -1859 1884 -1884 -1884 -1884 -1885 1857 -1884 1859 -1857 1857 -1884 1857 1858 -1885 1592 -1650 -1650
1859 -1859 -1884 -1884 -1884 1884 1885 1857 1884 1859 1857 1857 -1884 1857 1858 -1885 1592 -1650 -1650
-1859 -1859 1884 -1884 -1884 1884 -1885 -1857 -1884 -1859 1857 -1857 -1884 1857 1858 1885 1592 -1650 -1650
1859 -1859 -1884 -1884 -1884 -1884 1885 -1857 1884 -1859 -1857 -1857 -1884 1857 1858 1885 1592 -1650 -1650
1859 -1859 -1884 -1884 -1884 -1884 -1885 -1857 -1884 -1859 1857 1857 1884 1857 1858 -1885 1592 -1650 -1650
-1859 -1859 1884 -1884 -1884 1884 1885 -1857 1884 -1859 -1857 1857 1884 1857 1858 -1885 1592 -1650 -1650
-1859 -1859 -1884 -1884 -1884 -1884 -1885 1857 1884 -1859 -1857 1857 1884 -1857 1858 1885 1592 -1650 -1650
1859 -1859 1884 -1884 -1884 1884 1885 1857 -1884 -1859 1857 1857 1884 -1857 1858 1885 1592 -1650 -1650
1859 -1859 1884 -1884 -1884 1884 -1885 1857 1884 -1859 -1857 -1857 -1884 -1857 1858 -1885 1592 -1650 -1650
-1859 -1859 -1884 -1884 -1884 -1884 1885 1857 -1884 -1859 1857 -1857 -1884 -1857 1858 -1885 1592 -1650 -1650
1859 -1859 1884 -1884 -1884 -1884 -1885 -1857 1884 1859 1857 1857 -1884 -1857 1858 1885 1592 -1650 -1650
-1859 -1859 -1884 -1884 -1884 1884 1885 -1857 -1884 1859 -1857 1857 -1884 -1857 1858 1885 1592 -1650 -1650
-1859 -1859 -1884 -1884 -1884 1884 -1885 -1857 1884 1859 1857 -1857 1884 -1857 1858 -1885 1592 -1650 -1650
1859 -1859 1884 -1884 -1884 -1884 1885 -1857 -1884 1859 -1857 -1857 1884 -1857 1858 -1885 1592 -1650 -1650
-1859 1859 -1884 1884 -1884 -1884 -1885 1857 -1884 -1859 1857 -1857 1884 1857 1858 1885 1592 -1650 -1650
1859 1859 1884 1884 -1884 1884 1885 1857 1884 -1859 -1857 -1857 1884 1857 1858 1885 1592 -1650 -1650
1859 1859 1884 1884 -1884 1884 -1885 1857 -1884 -1859 1857 1857 -1884 1857 1858 -1885 1592 -1650 -1650
-1859 1859 -1884 1884 -1884 -1884 1885 1857 1884 -1859 -1857 1857 -1884 1857 1858 -1885 1592 -1650 -1650
1859 1859 1884 1884 -1884 -1884 -1885 -1857 -1884 1859 -1857 -1857 -1884 1857 1858 1885 1592 -1650 -1650
-1859 1859 -1884 1884 -1884 1884 1885 -1857 1884 1859 1857 -1857 -1884 1857 1858 1885 1592 -1650 -1650
-1859 1859 -1884 1884 -1884 1884 -1885 -1857 -1884 1859 -1857 1857 1884 1857 1858 -1885 1592 -1650 -1650
1859 1859 1884 1884 -1884 -1884 1885 -1857 1884 1859 1857 1857 1884 1857 1858 -1885 1592 -1650 -1650
1859 1859 -1884 1884 -1884 1884 -1885 1857 1884 1859 1857 1857 1884 -1857 1858 1885 1592 -1650 -1650
-1859 1859 1884 1884 -1884 -1884 1885 1857 -1884 1859 -1857 1857 1884 -1857 1858 1885 1592 -1650 -1650
-1859 1859 1884 1884 -1884 -1884 -1885 1857 1884 1859 1857 -1857 -1884 -1857 1858 -1885 1592 -1650 -1650
1859 1859 -1884 1884 -1884 1884 1885 1857 -1884 1859 -1857 -1857 -1884 -1857 1858 -1885 1592 -1650 -1650
-1859 1859 1884 1884 -1884 1884 -1885 -1857 1884 -1859 -1857 1857 -1884 -1857 1858 1885 1592 -1650 -1650
1859 1859 -1884 1884 -1884 -1884 1885 -1857 -1884 -1859 1857 1857 -1884 -1857 1858 1885 1592 -1650 -1650
1859 1859 -1884 1884 -1884 -1884 -1885 -1857 1884 -1859 -1857 -1857 1884 -1857 1858 -1885 1592 -1650 -1650
-1859 1859 1884 1884 -1884 1884 1885 -1857 -1884 -1859 1857 -1857 1884 -1857 1858 -1885 1592 -1650 -1650
-1859 1859 -1884 -1884 1884 -1884 1885 1857 -1884 1859 -1857 -1857 -1884 1857 1858 1885 1592 -1650 -1650
1859 1859 1884 -1884 1884 1884 -1885 1857 1884 1859 1857 -1857 -1884 1857 1858 1885 1592 -1650 -1650
1859 1859 1884 -1884 1884 1884 1885 1857 -1884 1859 -1857 1857 1884 1857 1858 -1885 1592 -1650 -1650
-1859 1859 -1884 -1884 1884 -1884 -1885 1857 1884 1859 1857 1857 1884 1857 1858 -1885 1592 -1650 -1650
1859 1859 1884 -1884 1884 -1884 1885 -1857 -1884 -1859 1857 -1857 1884 1857 1858 1885 1592 -1650 -1650
-1859 1859 -1884 -1884 1884 1884 -1885 -1857 1884 -1859 -1857 -1857 1884 1857 1858 1885 1592 -1650 -1650
-1859 1859 -1884 -1884 1884 1884 1885 -1857 -1884 -1859 1857 1857 -1884 1857 1858 -1885 1592 -1650 -1650
1859 1859 1884 -1884 1884 -1884 -1885 -1857 1884 -1859 -1857 1857 -1884 1857 1858 -1885 1592 -1650 -1650
1859 1859 -1884 -1884 1884 1884 1885 1857 1884 -1859 -1857 1857 -1884 -1857 1858 1885 1592 -1650 -1650
-1859 1859 1884 -1884 1884 -1884 -1885 1857 -1884 -1859 1857 1857 -1884 -1857 1858 1885 1592 -1650 -1650
-1859 1859 1884 -1884 1884 -1884 1885 1857 1884 -1859 -1857 -1857 1884 -1857 1858 -1885 1592 -1650 -1650
1859 1859 -1884 -1884 1884 1884 -1885 1857 -1884 -1859 1857 -1857 1884 -1857 1858 -1885 1592 -1650 -1650
-1859 1859 1884 -1884 1884 1884 1885 -1857 1884 1859 1857 1857 1884 -1857 1858 1885 1592 -1650 -1650
1859 1859 -1884 -1884 1884 -1884 -1885 -1857 -1884 1859 -1857 1857 1884 -1857 1858 1885 1592 -1650 -1650
1859 1859 -1884 -1884 1884 -1884 1885 -1857 1884 1859 1857 -1857 -1884 -1857 1858 -1885 1592 -1650 -1650
-1859 1859 1884 -1884 1884 1884 -1885 -1857 -1884 1859 -1857 -1857 -1884 -1857 1858 -1885 1592 -1650 -1650
1859 -1859 -1884 1884 1884 1884 1885 1857 -1884 -1859 1857 -1857 -1884 1857 1858 1885 1592 -1650 -1650
-1859 -1859 1884 1884 1884 -1884 -1885 1857 1884 -1859 -1857 -1857 -1884 1857 1858 1885 1592 -1650 -1650
-1859 -1859 1884 1884 1884 -1884 1885 1857 -1884 -1859 1857 1857 1884 1857 1858 -1885 1592 -1650 -1650
1859 -1859 -1884 1884 1884 1884 -1885 1857 1884 -1859 -1857 1857 1884 1857 1858 -1885 1592 -1650 -1650
-1859 -1859 1884 1884 1884 1884 1885 -1857 -1884 1859 -1857 -1857 1884 1857 1858 1885 1592 -1650 -1650
1859 -1859 -1884 1884 1884 -1884 -1885 -1857 1884 1859 1857 -1857 1884 1857 1858 1885 1592 -1650 -1650
1859 -1859 -1884 1884 1884 -1884 1885 -1857 -1884 1859 -1857 1857 -1884 1857 1858 -1885 1592 -1650 -1650
-1859 -1859 1884 1884 1884 1884 -1885 -1857 1884 1859 1857 1857 -1884 1857 1858 -1885 1592 -1650 -1650
-1859 -1859 -1884 1884 1884 -1884 1885 1857 1884 1859 1857 1857 -1884 -1857 1858 1885 1592 -1650 -1650
1859 -1859 1884 1884 1884 1884 -1885 1857 -1884 1859 -1857 1857 -1884 -1857 1858 1885 1592 -1650 -1650
1859 -1859 1884 1884 1884 1884 1885 1857 1884 1859 1857 -1857 1884 -1857 1858 -1885 1592 -1650 -1650
-1859 -1859 -1884 1884 1884 -1884 -1885 1857 -1884 1859 -1857 -1857 1884 -1857 1858 -1885 1592 -1650 -1650
1859 -1859 1884 1884 1884 -1884 1885 -1857 1884 -1859 -1857 1857 1884 -1857 1858 1885 1592 -1650 -1650
-1859 -1859 -1884 1884 1884 1884 -1885 -1857 -1884 -1859 1857 1857 1884 -1857 1858 1885 1592 -1650 -1650
-1859 -1859 -1884 1884 1884 1884 1885 -1857 1884 -1859 -1857 -1857 -1884 -1857 1858 -1885 1592 -1650 -1650
1859 -1859 1884 1884 1884 -1884 -1885 -1857 -1884 -1859 1857 -1857 -1884 -1857 1858 -1885 1592 -1650 -1650
1885 1885 -1885 -1858 -1858 1885 -1858 1856 1885 1885 1856 1856 -1885 1856 -1885 1858 1593 1649 1649
-1885 1885 1885 -1858 -1858 -1885 1858 1856 -1885 1885 -1856 1856 -1885 1856 -1885 1858 1593 1649 1649
-1885 1885 1885 -1858 -1858 -1885 -1858 1856 1885 1885 1856 -1856 1885 1856 -1885 -1858 1593 1649 1649
1885 1885 -1885 -1858 -1858 1885 1858 1856 -1885 1885 -1856 -1856 1885 1856 -1885 -1858 1593 1649 1649
-1885 1885 1885 -1858 -1858 1885 -1858 -1856 1885 -1885 -1856 1856 1885 1856 -1885 1858 1593 1649 1649
1885 1885 -1885 -1858 -1858 -1885 1858 -1856 -1885 -1885 1856 1856 1885 1856 -1885 1858 1593 1649 1649
1885 1885 -1885 -1858 -1858 -1885 -1858 -1856 1885 -1885 -1856 -1856 -1885 1856 -1885 -1858 1593 1649 1649
-1885 1885 1885 -1858 -1858 1885 1858 -1856 -1885 -1885 1856 -1856 -1885 1856 -1885 -1858 1593 1649 1649
-1885 1885 -1885 -1858 -1858 -1885 -1858 1856 -1885 -1885 1856 -1856 -1885 -1856 -1885 1858 1593 1649 1649
1885 1885 1885 -1858 -1858 1885 1858 1856 1885 -1885 -1856 -1856 -1885 -1856 -1885 1858 1593 1649 1649
1885 1885 1885 -1858 -1858 1885 -1858 1856 -1885 -1885 1856 1856 1885 -1856 -1885 -1858 1593 1649 1649
-1885 1885 -1885 -1858 -1858 -1885 1858 1856 1885 -1885 -1856 1856 1885 -1856 -1885 -1858 1593 1649 1649
1885 1885 1885 -1858 -1858 -1885 -1858 -1856 -1885 1885 -1856 -1856 1885 -1856 -1885 1858 1593 1649 1649
-1885 1885 -1885 -1858 -1858 1885 1858 -1856 1885 1885 1856 -1856 1885 -1856 -1885 1858 1593 1649 1649
-1885 1885 -1885 -1858 -1858 1885 -1858 -1856 -1885 1885 -1856 1856 -1885 -1856 -1885 -1858 1593 1649 1649
1885 1885 1885 -1858 -1858 -1885 1858 -1856 1885 1885 1856 1856 -1885 -1856 -1885 -1858 1593 1649 1649
-1885 -1885 -1885 1858 -1858 -1885 -1858 1856 1885 -1885 -1856 1856 -1885 1856 -1885 1858 1593 1649 1649
1885 -1885 1885 1858 -1858 1885 1858 1856 -1885 -1885 1856 1856 -1885 1856 -1885 1858 1593 1649 1649
1885 -1885 1885 1858 -1858 1885 -1858 1856 1885 -1885 -1856 -1856 1885 1856 -1885 -1858 1593 1649 1649
-1885 -1885 -1885 1858 -1858 -1885 1858 1856 -1885 -1885 1856 -1856 1885 1856 -1885 -1858 1593 1649 1649
1885 -1885 1885 1858 -1858 -1885 -1858 -1856 1885 1885 1856 1856 1885 1856 -1885 1858 1593 1649 1649
-1885 -1885 -1885 1858 -1858 1885 1858 -1856 -1885 1885 -1856 1856 1885 1856 -1885 1858 1593 1649 1649
-1885 -1885 -1885 1858 -1858 1885 -1858 -1856 1885 1885 1856 -1856 -1885 1856 -1885 -1858 1593 1649 1649
1885 -1885 1885 1858 -1858 -1885 1858 -1856 -1885 1885 -1856 -1856 -1885 1856 -1885 -1858 1593 1649 1649
1885 -1885 -1885 1858 -1858 1885 -1858 1856 -1885 1885 -1856 -1856 -1885 -1856 -1885 1858 1593 1649 1649
-1885 -1885 1885 1858 -1858 -1885 1858 1856 1885 1885 1856 -1856 -1885 -1856 -1885 1858 1593 1649 1649
-1885 -1885 1885 1858 -1858 -1885 -1858 1856 -1885 1885 -1856 1856 1885 -1856 -1885 -1858 1593 1649 1649
1885 -1885 -1885 1858 -1858 1885 1858 1856 1885 1885 1856 1856 1885 -1856 -1885 -1858 1593 1649 1649
-1885 -1885 1885 1858 -1858 1885 -1858 -1856 -1885 -1885 1856 -1856 1885 -1856 -1885 1858 1593 1649 1649
1885 -1885 -1885 1858 -1858 -1885 1858 -1856 1885 -1885 -1856 -1856 1885 -1856 -1885 1858 1593 1649 1649
1885 -1885 -1885 1858 -1858 -1885 -1858 -1856 -1885 -1885 1856 1856 -1885 -1856 -1885 -1858 1593 1649 1649
-1885 -1885 1885 1858 -1858 1885 1858 -1856 1885 -1885 -1856 1856 -1885 -1856 -1885 -1858 1593 1649 1649
-1885 -1885 -1885 -1858 1858 -1885 1858 1856 1885 1885 1856 1856 1885 1856 -1885 1858 1593 1649 1649
1885 -1885 1885 -1858 1858 1885 -1858 1856 -1885 1885 -1856 1856 1885 1856 -1885 1858 1593 1649 1649
1885 -1885 1885 -1858 1858 1885 1858 1856 1885 1885 1856 -1856 -1885 1856 -1885 -1858 1593 1649 1649
-1885 -1885 -1885 -1858 1858 -1885 -1858 1856 -1885 1885 -1856 -1856 -1885 1856 -1885 -1858 1593 1649 1649
1885 -1885 1885 -1858 1858 -1885 1858 -1856 1885 -1885 -1856 1856 -1885 1856 -1885 1858 1593 1649 1649
-1885 -1885 -1885 -1858 1858 1885 -1858 -1856 -1885 -1885 1856 1856 -1885 1856 -1885 1858 1593 1649 1649
-1885 -1885 -1885 -1858 1858 1885 1858 -1856 1885 -1885 -1856 -1856 1885 1856 -1885 -1858 1593 1649 1649
1885 -1885 1885 -1858 1858 -1885 -1858 -1856 -1885 -1885 1856 -1856 1885 1856 -1885 -1858 1593 1649 1649
1885 -1885 -1885 -1858 1858 1885 1858 1856 -1885 -1885 1856 -1856 1885 -1856 -1885 1858 1593 1649 1649
-1885 -1885 1885 -1858 1858 -1885 -1858 1856 1885 -1885 -1856 -1856 1885 -1856 -1885 1858 1593 1649 1649
-1885 -1885 1885 -1858 1858 -1885 1858 1856 -1885 -1885 1856 1856 -1885 -1856 -1885 -1858 1593 1649 1649
1885 -1885 -1885 -1858 1858 1885 -1858 1856 1885 -1885 -1856 1856 -1885 -1856 -1885 -1858 1593 1649 1649
-1885 -1885 1885 -1858 1858 1885 1858 -1856 -1885 1885 -1856 -1856 -1885 -1856 -1885 1858 1593 1649 1649
1885 -1885 -1885 -1858 1858 -1885 -1858 -1856 1885 1885 1856 -1856 -1885 -1856 -1885 1858 1593 1649 1649
1885 -1885 -1885 -1858 1858 -1885 1858 -1856 -1885 1885 -1856 1856 1885 -1856 -1885 -1858 1593 1649 1649
-1885 -1885 1885 -1858 1858 1885 -1858 -1856 1885 1885 1856 1856 1885 -1856 -1885 -1858 1593 1649 1649
1885 1885 -1885 1858 1858 1885 1858 1856 1885 -1885 -1856 1856 1885 1856 -1885 1858 1593 1649 1649
-1885 1885 1885 1858 1858 -1885 -1858 1856 -1885 -1885 1856 1856 1885 1856 -1885 1858 1593 1649 1649
-1885 1885 1885 1858 1858 -1885 1858 1856 1885 -1885 -1856 -1856 -1885 1856 -1885 -1858 1593 1649 1649
1885 1885 -1885 1858 1858 1885 -1858 1856 -1885 -1885 1856 -1856 -1885 1856 -1885 -1858 1593 1649 1649
-1885 1885 1885 1858 1858 1885 1858 -1856 1885 1885 1856 1856 -1885 1856 -1885 1858 1593 1649 1649
1885 1885 -1885 1858 1858 -1885 -1858 -1856 -1885 1885 -1856 1856 -1885 1856 -1885 1858 1593 1649 1649
1885 1885 -1885 1858 1858 -1885 1858 -1856 1885 1885 1856 -1856 1885 1856 -1885 -1858 1593 1649 1649
-1885 1885 1885 1858 1858 1885 -1858 -1856 -1885 1885 -1856 -1856 1885 1856 -1885 -1858 1593 1649 1649
-1885 1885 -1885 1858 1858 -1885 1858 1856 -1885 1885 -1856 -1856 1885 -1856 -1885 1858 1593 1649 1649
1885 1885 1885 1858 1858 1885 -1858 1856 1885 1885 1856 -1856 1885 -1856 -1885 1858 1593 1649 1649
1885 1885 1885 1858 1858 1885 1858 1856 -1885 1885 -1856 1856 -1885 -1856 -1885 -1858 1593 1649 1649
-1885 1885 -1885 1858 1858 -1885 -1858 1856 1885 1885 1856 1856 -1885 -1856 -1885 -1858 1593 1649 1649
1885 1885 1885 1858 1858 -1885 1858 -1856 -1885 -1885 1856 -1856 -1885 -1856 -1885 1858 1593 1649 1649
-1885 1885 -1885 1858 1858 1885 -1858 -1856 1885 -1885 -1856 -1856 -1885 -1856 -1885 1858 1593 1649 1649
-1885 1885 -1885 1858 1858 1885 1858 -1856 -1885 -1885 1856 1856 1885 -1856 -1885 -1858 1593 1649 1649
1885 1885 1885 1858 1858 -1885 -1858 -1856 1885 -1885 -1856 1856 1885 -1856 -1885 -1858 1593 1649 1649
-1885 -1885 -1885 -1858 -1858 1885 1858 1856 -1885 1885 1856 -1856 -1885 1856 1885 1858 1593 1649 1649
1885 -1885 1885 -1858 -1858 -1885 -1858 1856 1885 1885 -1856 -1856 -1885 1856 1885 1858 1593 1649 1649
1885 -1885 1885 -1858 -1858 -1885 1858 1856 -1885 1885 1856 1856 1885 1856 1885 -1858 1593 1649 1649
-1885 -1885 -1885 -1858 -1858 1885 -1858 1856 1885 1885 -1856 1856 1885 1856 1885 -1858 1593 1649 1649
1885 -1885 1885 -1858 -1858 1885 1858 -1856 -1885 -1885 -1856 -1856 1885 1856 1885 1858 1593 1649 1649
-1885 -1885 -1885 -1858 -1858 -1885 -1858 -1856 1885 -1885 1856 -1856 1885 1856 1885 1858 1593 1649 1649
-1885 -1885 -1885 -1858 -1858 -1885 1858 -1856 -1885 -1885 -1856 1856 -1885 1856 1885 -1858 1593 1649 1649
1885 -1885 1885 -1858 -1858 1885 -1858 -1856 1885 -1885 1856 1856 -1885 1856 1885 -1858 1593 1649 1649
1885 -1885 -1885 -1858 -1858 -1885 1858 1856 1885 -1885 1856 1856 -1885 -1856 1885 1858 1593 1649 1649
-1885 -1885 1885 -1858 -1858 1885 -1858 1856 -1885 -1885 -1856 1856 -1885 -1856 1885 1858 1593 1649 1649
-1885 -1885 1885 -1858 -1858 1885 1858 1856 1885 -1885 1856 -1856 1885 -1856 1885 -1858 1593 1649 1649
1885 -1885 -1885 -1858 -1858 -1885 -1858 1856 -1885 -1885 -1856 -1856 1885 -1856 1885 -1858 1593 1649 1649
-1885 -1885 1885 -1858 -1858 -1885 1858 -1856 1885 1885 -1856 1856 1885 -1856 1885 1858 1593 1649 1649
1885 -1885 -1885 -1858 -1858 1885 -1858 -1856 -1885 1885 1856 1856 1885 -1856 1885 1858 1593 1649 1649
1885 -1885 -1885 -1858 -1858 1885 1858 -1856 1885 1885 -1856 -1856 -1885 -1856 1885 -1858 1593 1649 1649
-1885 -1885 1885 -1858 -1858 -1885 -1858 -1856 -1885 1885 1856 -1856 -1885 -1856 1885 -1858 1593 1649 1649
1885 1885 -1885 1858 -1858 -1885 1858 1856 -1885 -1885 -1856 -1856 -1885 1856 1885 1858 1593 1649 1649
-1885 1885 1885 1858 -1858 1885 -1858 1856 1885 -1885 1856 -1856 -1885 1856 1885 1858 1593 1649 1649
-1885 1885 1885 1858 -1858 1885 1858 1856 -1885 -1885 -1856 1856 1885 1856 1885 -1858 1593 1649 1649
1885 1885 -1885 1858 -1858 -1885 -1858 1856 1885 -1885 1856 1856 1885 1856 1885 -1858 1593 1649 1649
-1885 1885 1885 1858 -1858 -1885 1858 -1856 -1885 1885 1856 -1856 1885 1856 1885 1858 1593 1649 1649
1885 1885 -1885 1858 -1858 1885 -1858 -1856 1885 1885 -1856 -1856 1885 1856 1885 1858 1593 1649 1649
1885 1885 -1885 1858 -1858 1885 1858 -1856 -1885 1885 1856 1856 -1885 1856 1885 -1858 1593 1649 1649
-1885 1885 1885 1858 -1858 -1885 -1858 -1856 1885 1885 -1856 1856 -1885 1856 1885 -1858 1593 1649 1649
-1885 1885 -1885 1858 -1858 1885 1858 1856 1885 1885 -1856 1856 -1885 -1856 1885 1858 1593 1649 1649
1885 1885 1885 1858 -1858 -1885 -1858 1856 -1885 1885 1856 1856 -1885 -1856 1885 1858 1593 1649 1649
1885 1885 1885 1858 -1858 -1885 1858 1856 1885 1885 -1856 -1856 1885 -1856 1885 -1858 1593 1649 1649
-1885 1885 -1885 1858 -1858 1885 -1858 1856 -1885 1885 1856 -1856 1885 -1856 1885 -1858 1593 1649 1649
1885 1885 1885 1858 -1858 1885 1858 -1856 1885 -1885 1856 1856 1885 -1856 1885 1858 1593 1649 1649
-1885 1885 -1885 1858 -1858 -1885 -1858 -1856 -1885 -1885 -1856 1856 1885 -1856 1885 1858 1593 1649 1649
-1885 1885 -1885 1858 -1858 -1885 1858 -1856 1885 -1885 1856 -1856 -1885 -1856 1885 -1858 1593 1649 1649
1885 1885 1885 1858 -1858 1885 -1858 -1856 -1885 -1885 -1856 -1856 -1885 -1856 1885 -1858 1593 1649 1649
1885 1885 -1885 -1858 1858 -1885 -1858 1856 -1885 1885 1856 -1856 1885 1856 1885 1858 1593 1649 1649
-1885 1885 1885 -1858 1858 1885 1858 1856 1885 1885 -1856 -1856 1885 1856 1885 1858 1593 1649 1649
-1885 1885 1885 -1858 1858 1885 -1858 1856 -1885 1885 1856 1856 -1885 1856 1885 -1858 1593 1649 1649
1885 1885 -1885 -1858 1858 -1885 1858 1856 1885 1885 -1856 1856 -1885 1856 1885 -1858 1593 1649 1649
-1885 1885 1885 -1858 1858 -1885 -1858 -1856 -1885 -1885 -1856 -1856 -1885 1856 1885 1858 1593 1649 1649
1885 1885 -1885 -1858 1858 1885 1858 -1856 1885 -1885 1856 -1856 -1885 1856 1885 1858 1593 1649 1649
1885 1885 -1885 -1858 1858 1885 -1858 -1856 -1885 -1885 -1856 1856 1885 1856 1885 -1858 1593 1649 1649
-1885 1885 1885 -1858 1858 -1885 1858 -1856 1885 -1885 1856 1856 1885 1856 1885 -1858 1593 1649 1649
-1885 1885 -1885 -1858 1858 1885 -1858 1856 1885 -1885 1856 1856 1885 -1856 1885 1858 1593 1649 1649
1885 1885 1885 -1858 1858 -1885 1858 1856 -1885 -1885 -1856 1856 1885 -1856 1885 1858 1593 1649 1649
1885 1885 1885 -1858 1858 -1885 -1858 1856 1885 -1885 1856 -1856 -1885 -1856 1885 -1858 1593 1649 1649
-1885 1885 -1885 -1858 1858 1885 1858 1856 -1885 -1885 -1856 -1856 -1885 -1856 1885 -1858 1593 1649 1649
1885 1885 1885 -1858 1858 1885 -1858 -1856 1885 1885 -1856 1856 -1885 -1856 1885 1858 1593 1649 1649
-1885 1885 -1885 -1858 1858 -1885 1858 -1856 -1885 1885 1856 1856 -1885 -1856 1885 1858 1593 1649 1649
-1885 1885 -1885 -1858 1858 -1885 -1858 -1856 1885 1885 -1856 -1856 1885 -1856 1885 -1858 1593 1649 1649
1885 1885 1885 -1858 1858 1885 1858 -1856 -1885 1885 1856 -1856 1885 -1856 1885 -1858 1593 1649 1649
-1885 -1885 -1885 1858 1858 1885 -1858 1856 -1885 -1885 -1856 -1856 1885 1856 1885 1858 1593 1649 1649
1885 -1885 1885 1858 1858 -1885 1858 1856 1885 -1885 1856 -1856 1885 1856 1885 1858 1593 1649 1649
1885 -1885 1885 1858 1858 -1885 -1858 1856 -1885 -1885 -1856 1856 -1885 1856 1885 -1858 1593 1649 1649
-1885 -1885 -1885 1858 1858 1885 1858 1856 1885 -1885 1856 1856 -1885 1856 1885 -1858 1593 1649 1649
1885 -1885 1885 1858 1858 1885 -1858 -1856 -1885 1885 1856 -1856 -1885 1856 1885 1858 1593 1649 1649
-1885 -1885 -1885 1858 1858 -1885 1858 -1856 1885 1885 -1856 -1856 -1885 1856 1885 1858 1593 1649 1649
-1885 -1885 -1885 1858 1858 -1885 -1858 -1856 -1885 1885 1856 1856 1885 1856 1885 -1858 1593 1649 1649
1885 -1885 1885 1858 1858 1885 1858 -1856 1885 1885 -1856 1856 1885 1856 1885 -1858 1593 1649 1649
1885 -1885 -1885 1858 1858 -1885 -1858 1856 1885 1885 -1856 1856 1885 -1856 1885 1858 1593 1649 1649
-1885 -1885 1885 1858 1858 1885 1858 1856 -1885 1885 1856 1856 1885 -1856 1885 1858 1593 1649 1649
-1885 -1885 1885 1858 1858 1885 -1858 1856 1885 1885 -1856 -1856 -1885 -1856 1885 -1858 1593 1649 1649
1885 -1885 -1885 1858 1858 -1885 1858 1856 -1885 1885 1856 -1856 -1885 -1856 1885 -1858 1593 1649 1649
-1885 -1885 1885 1858 1858 -1885 -1858 -1856 1885 -1885 1856 1856 -1885 -1856 1885 1858 1593 1649 1649
1885 -1885 -1885 1858 1858 1885 1858 -1856 -1885 -1885 -1856 1856 -1885 -1856 1885 1858 1593 1649 1649
1885 -1885 -1885 1858 1858 1885 -1858 -1856 1885 -1885 1856 -1856 1885 -1856 1885 -1858 1593 1649 1649
-1885 -1885 1885 1858 1858 -1885 1858 -1856 -1885 -1885 -1856 -1856 1885 -1856 1885 -1858 1593 1649 1649
