8 0 0 0 0 0 -2 0 2 0 0 0 0 0 0 0 0 0 0 0
8 0 0 0 0 0 -2 0 -2 0 0 0 0 0 0 0 0 0 0 0
8 0 0 0 0 0 2 0 2 0 0 0 0 0 0 0 0 0 0 0
8 0 0 0 0 0 2 0 -2 0 0 0 0 0 0 0 0 0 0 0
8 0 0 2 0 0 -2 0 0 0 0 0 0 0 0 0 0 0 0 0
8 0 0 -2 0 0 -2 0 0 0 0 0 0 0 0 0 0 0 0 0
8 0 0 2 0 0 2 0 0 0 0 0 0 0 0 0 0 0 0 0
8 0 0 -2 0 0 2 0 0 0 0 0 0 0 0 0 0 0 0 0
8 0 -2 0 0 0 -2 0 0 0 0 0 0 0 0 0 0 0 0 0
8 0 2 0 0 0 -2 0 0 0 0 0 0 0 0 0 0 0 0 0
8 0 -2 0 0 0 2 0 0 0 0 0 0 0 0 0 0 0 0 0
8 0 2 0 0 0 2 0 0 0 0 0 0 0 0 0 0 0 0 0
8 2 0 0 0 0 -2 0 0 0 0 0 0 0 0 0 0 0 0 0
8 -2 0 0 0 0 -2 0 0 0 0 0 0 0 0 0 0 0 0 0
8 2 0 0 0 0 2 0 0 0 0 0 0 0 0 0 0 0 0 0
8 -2 0 0 0 0 2 0 0 0 0 0 0 0 0 0 0 0 0 0
8 0 0 0 0 0 -2 0 0 0 0 0 0 -2 0 0 0 0 0 0
8 0 0 0 0 0 -2 0 0 0 0 0 0 2 0 0 0 0 0 0
8 0 0 0 0 0 2 0 0 0 0 0 0 -2 0 0 0 0 0 0
8 0 0 0 0 0 2 0 0 0 0 0 0 2 0 0 0 0 0 0
8 0 0 0 0 0 -2 2 0 0 0 0 0 0 0 0 0 0 0 0
8 0 0 0 0 0 -2 -2 0 0 0 0 0 0 0 0 0 0 0 0
8 0 0 0 0 0 2 2 0 0 0 0 0 0 0 0 0 0 0 0
8 0 0 0 0 0 2 -2 0 0 0 0 0 0 0 0 0 0 0 0
8 0 0 0 0 0 -2 0 0 0 0 -2 0 0 0 0 0 0 0 0
8 0 0 0 0 0 -2 0 0 0 0 2 0 0 0 0 0 0 0 0
8 0 0 0 0 0 2 0 0 0 0 -2 0 0 0 0 0 0 0 0
8 0 0 0 0 0 2 0 0 0 0 2 0 0 0 0 0 0 0 0
8 0 0 0 0 2 -2 0 0 0 0 0 0 0 0 0 0 0 0 0
8 0 0 0 0 -2 -2 0 0 0 0 0 0 0 0 0 0 0 0 0
8 0 0 0 0 2 2 0 0 0 0 0 0 0 0 0 0 0 0 0
8 0 0 0 0 -2 2 0 0 0 0 0 0 0 0 0 0 0 0 0
8 0 0 0 2 0 -2 0 0 0 0 0 0 0 0 0 0 0 0 0
8 0 0 0 -2 0 -2 0 0 0 0 0 0 0 0 0 0 0 0 0
8 0 0 0 2 0 2 0 0 0 0 0 0 0 0 0 0 0 0 0
8 0 0 0 -2 0 2 0 0 0 0 0 0 0 0 0 0 0 0 0
8 0 0 0 0 0 -2 0 0 0 0 0 0 0 0 -2 0 0 0 0
8 0 0 0 0 0 -2 0 0 0 0 0 0 0 0 2 0 0 0 0
8 0 0 0 0 0 2 0 0 0 0 0 0 0 0 -2 0 0 0 0
8 0 0 0 0 0 2 0 0 0 0 0 0 0 0 2 0 0 0 0
8 0 0 0 0 0 -2 0 0 -2 0 0 0 0 0 0 0 0 0 0
8 0 0 0 0 0 -2 0 0 2 0 0 0 0 0 0 0 0 0 0
8 0 0 0 0 0 2 0 0 -2 0 0 0 0 0 0 0 0 0 0
8 0 0 0 0 0 2 0 0 2 0 0 0 0 0 0 0 0 0 0
8 0 0 0 0 0 -2 0 0 0 0 0 -2 0 0 0 0 0 0 0
8 0 0 0 0 0 -2 0 0 0 0 0 2 0 0 0 0 0 0 0
8 0 0 0 0 0 2 0 0 0 0 0 -2 0 0 0 0 0 0 0
8 0 0 0 0 0 2 0 0 0 0 0 2 0 0 0 0 0 0 0
8 0 0 0 0 0 -2 0 0 0 -2 0 0 0 0 0 0 0 0 0
8 0 0 0 0 0 -2 0 0 0 2 0 0 0 0 0 0 0 0 0
8 0 0 0 0 0 2 0 0 0 -2 0 0 0 0 0 0 0 0 0
8 0 0 0 0 0 2 0 0 0 2 0 0 0 0 0 0 0 0 0
8 0 0 0 0 0 -2 0 0 0 0 0 0 0 -2 0 0 0 0 0
8 0 0 0 0 0 -2 0 0 0 0 0 0 0 2 0 0 0 0 0
8 0 0 0 0 0 2 0 0 0 0 0 0 0 -2 0 0 0 0 0
8 0 0 0 0 0 2 0 0 0 0 0 0 0 2 0 0 0 0 0
8 0 0 0 0 0 -2 0 0 0 0 0 0 0 0 0 -2 0 0 0
8 0 0 0 0 0 -2 0 0 0 0 0 0 0 0 0 2 0 0 0
8 0 0 0 0 0 2 0 0 0 0 0 0 0 0 0 -2 0 0 0
8 0 0 0 0 0 2 0 0 0 0 0 0 0 0 0 2 0 0 0
8 0 0 2 0 0 0 0 2 0 0 0 0 0 0 0 0 0 0 0
8 0 0 -2 0 0 0 0 2 0 0 0 0 0 0 0 0 0 0 0
8 0 0 2 0 0 0 0 -2 0 0 0 0 0 0 0 0 0 0 0
8 0 0 -2 0 0 0 0 -2 0 0 0 0 0 0 0 0 0 0 0
8 0 -2 0 0 0 0 0 2 0 0 0 0 0 0 0 0 0 0 0
8 0 2 0 0 0 0 0 2 0 0 0 0 0 0 0 0 0 0 0
8 0 -2 0 0 0 0 0 -2 0 0 0 0 0 0 0 0 0 0 0
8 0 2 0 0 0 0 0 -2 0 0 0 0 0 0 0 0 0 0 0
8 2 0 0 0 0 0 0 2 0 0 0 0 0 0 0 0 0 0 0
8 -2 0 0 0 0 0 0 2 0 0 0 0 0 0 0 0 0 0 0
8 2 0 0 0 0 0 0 -2 0 0 0 0 0 0 0 0 0 0 0
8 -2 0 0 0 0 0 0 -2 0 0 0 0 0 0 0 0 0 0 0
8 0 0 0 0 0 0 0 2 0 0 0 0 -2 0 0 0 0 0 0
8 0 0 0 0 0 0 0 2 0 0 0 0 2 0 0 0 0 0 0
8 0 0 0 0 0 0 0 -2 0 0 0 0 -2 0 0 0 0 0 0
8 0 0 0 0 0 0 0 -2 0 0 0 0 2 0 0 0 0 0 0
8 0 0 0 0 0 0 2 2 0 0 0 0 0 0 0 0 0 0 0
8 0 0 0 0 0 0 -2 2 0 0 0 0 0 0 0 0 0 0 0
8 0 0 0 0 0 0 2 -2 0 0 0 0 0 0 0 0 0 0 0
8 0 0 0 0 0 0 -2 -2 0 0 0 0 0 0 0 0 0 0 0
8 0 0 0 0 0 0 0 2 0 0 -2 0 0 0 0 0 0 0 0
8 0 0 0 0 0 0 0 2 0 0 2 0 0 0 0 0 0 0 0
8 0 0 0 0 0 0 0 -2 0 0 -2 0 0 0 0 0 0 0 0
8 0 0 0 0 0 0 0 -2 0 0 2 0 0 0 0 0 0 0 0
8 0 0 0 0 2 0 0 2 0 0 0 0 0 0 0 0 0 0 0
8 0 0 0 0 -2 0 0 2 0 0 0 0 0 0 0 0 0 0 0
8 0 0 0 0 2 0 0 -2 0 0 0 0 0 0 0 0 0 0 0
8 0 0 0 0 -2 0 0 -2 0 0 0 0 0 0 0 0 0 0 0
8 0 0 0 2 0 0 0 2 0 0 0 0 0 0 0 0 0 0 0
8 0 0 0 -2 0 0 0 2 0 0 0 0 0 0 0 0 0 0 0
8 0 0 0 2 0 0 0 -2 0 0 0 0 0 0 0 0 0 0 0
8 0 0 0 -2 0 0 0 -2 0 0 0 0 0 0 0 0 0 0 0
8 0 0 0 0 0 0 0 2 0 0 0 0 0 0 -2 0 0 0 0
8 0 0 0 0 0 0 0 2 0 0 0 0 0 0 2 0 0 0 0
8 0 0 0 0 0 0 0 -2 0 0 0 0 0 0 -2 0 0 0 0
8 0 0 0 0 0 0 0 -2 0 0 0 0 0 0 2 0 0 0 0
8 0 0 0 0 0 0 0 2 -2 0 0 0 0 0 0 0 0 0 0
8 0 0 0 0 0 0 0 2 2 0 0 0 0 0 0 0 0 0 0
8 0 0 0 0 0 0 0 -2 -2 0 0 0 0 0 0 0 0 0 0
8 0 0 0 0 0 0 0 -2 2 0 0 0 0 0 0 0 0 0 0
8 0 0 0 0 0 0 0 2 0 0 0 -2 0 0 0 0 0 0 0
8 0 0 0 0 0 0 0 2 0 0 0 2 0 0 0 0 0 0 0
8 0 0 0 0 0 0 0 -2 0 0 0 -2 0 0 0 0 0 0 0
8 0 0 0 0 0 0 0 -2 0 0 0 2 0 0 0 0 0 0 0
8 0 0 0 0 0 0 0 2 0 -2 0 0 0 0 0 0 0 0 0
8 0 0 0 0 0 0 0 2 0 2 0 0 0 0 0 0 0 0 0
8 0 0 0 0 0 0 0 -2 0 -2 0 0 0 0 0 0 0 0 0
8 0 0 0 0 0 0 0 -2 0 2 0 0 0 0 0 0 0 0 0
8 0 0 0 0 0 0 0 2 0 0 0 0 0 -2 0 0 0 0 0
8 0 0 0 0 0 0 0 2 0 0 0 0 0 2 0 0 0 0 0
8 0 0 0 0 0 0 0 -2 0 0 0 0 0 -2 0 0 0 0 0
8 0 0 0 0 0 0 0 -2 0 0 0 0 0 2 0 0 0 0 0
8 0 0 0 0 0 0 0 2 0 0 0 0 0 0 0 -2 0 0 0
8 0 0 0 0 0 0 0 2 0 0 0 0 0 0 0 2 0 0 0
8 0 0 0 0 0 0 0 -2 0 0 0 0 0 0 0 -2 0 0 0
8 0 0 0 0 0 0 0 -2 0 0 0 0 0 0 0 2 0 0 0
8 0 0 0 0 0 0 0 0 0 0 0 0 0 0 0 0 0 -2 -2
8 0 0 0 0 0 0 0 0 0 0 0 0 0 0 0 0 0 2 2
8 0 0 0 0 0 0 0 0 0 0 0 0 0 0 0 0 -2 0 -2
8 0 0 0 0 0 0 0 0 0 0 0 0 0 0 0 0 2 0 2
8 0 0 0 0 0 0 0 0 0 0 0 0 0 0 0 0 -2 -2 0
8 0 0 0 0 0 0 0 0 0 0 0 0 0 0 0 0 2 2 0
8 0 -2 2 0 0 0 0 0 0 0 0 0 0 0 0 0 0 0 0
8 0 2 2 0 0 0 0 0 0 0 0 0 0 0 0 0 0 0 0
8 0 -2 -2 0 0 0 0 0 0 0 0 0 0 0 0 0 0 0 0
8 0 2 -2 0 0 0 0 0 0 0 0 0 0 0 0 0 0 0 0
8 2 0 2 0 0 0 0 0 0 0 0 0 0 0 0 0 0 0 0
8 -2 0 2 0 0 0 0 0 0 0 0 0 0 0 0 0 0 0 0
8 2 0 -2 0 0 0 0 0 0 0 0 0 0 0 0 0 0 0 0
8 -2 0 -2 0 0 0 0 0 0 0 0 0 0 0 0 0 0 0 0
8 0 0 2 0 0 0 0 0 0 0 0 0 -2 0 0 0 0 0 0
8 0 0 2 0 0 0 0 0 0 0 0 0 2 0 0 0 0 0 0
8 0 0 -2 0 0 0 0 0 0 0 0 0 -2 0 0 0 0 0 0
8 0 0 -2 0 0 0 0 0 0 0 0 0 2 0 0 0 0 0 0
8 0 0 2 0 0 0 2 0 0 0 0 0 0 0 0 0 0 0 0
8 0 0 2 0 0 0 -2 0 0 0 0 0 0 0 0 0 0 0 0
8 0 0 -2 0 0 0 2 0 0 0 0 0 0 0 0 0 0 0 0
8 0 0 -2 0 0 0 -2 0 0 0 0 0 0 0 0 0 0 0 0
8 0 0 2 0 0 0 0 0 0 0 -2 0 0 0 0 0 0 0 0
8 0 0 2 0 0 0 0 0 0 0 2 0 0 0 0 0 0 0 0
8 0 0 -2 0 0 0 0 0 0 0 -2 0 0 0 0 0 0 0 0
8 0 0 -2 0 0 0 0 0 0 0 2 0 0 0 0 0 0 0 0
8 0 0 2 0 2 0 0 0 0 0 0 0 0 0 0 0 0 0 0
8 0 0 2 0 -2 0 0 0 0 0 0 0 0 0 0 0 0 0 0
8 0 0 -2 0 2 0 0 0 0 0 0 0 0 0 0 0 0 0 0
8 0 0 -2 0 -2 0 0 0 0 0 0 0 0 0 0 0 0 0 0
8 0 0 2 2 0 0 0 0 0 0 0 0 0 0 0 0 0 0 0
8 0 0 2 -2 0 0 0 0 0 0 0 0 0 0 0 0 0 0 0
8 0 0 -2 2 0 0 0 0 0 0 0 0 0 0 0 0 0 0 0
8 0 0 -2 -2 0 0 0 0 0 0 0 0 0 0 0 0 0 0 0
8 0 0 2 0 0 0 0 0 0 0 0 0 0 0 -2 0 0 0 0
8 0 0 2 0 0 0 0 0 0 0 0 0 0 0 2 0 0 0 0
8 0 0 -2 0 0 0 0 0 0 0 0 0 0 0 -2 0 0 0 0
8 0 0 -2 0 0 0 0 0 0 0 0 0 0 0 2 0 0 0 0
8 0 0 2 0 0 0 0 0 -2 0 0 0 0 0 0 0 0 0 0
8 0 0 2 0 0 0 0 0 2 0 0 0 0 0 0 0 0 0 0
8 0 0 -2 0 0 0 0 0 -2 0 0 0 0 0 0 0 0 0 0
8 0 0 -2 0 0 0 0 0 2 0 0 0 0 0 0 0 0 0 0
8 0 0 2 0 0 0 0 0 0 0 0 -2 0 0 0 0 0 0 0
8 0 0 2 0 0 0 0 0 0 0 0 2 0 0 0 0 0 0 0
8 0 0 -2 0 0 0 0 0 0 0 0 -2 0 0 0 0 0 0 0
8 0 0 -2 0 0 0 0 0 0 0 0 2 0 0 0 0 0 0 0
8 0 0 2 0 0 0 0 0 0 -2 0 0 0 0 0 0 0 0 0
8 0 0 2 0 0 0 0 0 0 2 0 0 0 0 0 0 0 0 0
8 0 0 -2 0 0 0 0 0 0 -2 0 0 0 0 0 0 0 0 0
8 0 0 -2 0 0 0 0 0 0 2 0 0 0 0 0 0 0 0 0
8 0 0 2 0 0 0 0 0 0 0 0 0 0 -2 0 0 0 0 0
8 0 0 2 0 0 0 0 0 0 0 0 0 0 2 0 0 0 0 0
8 0 0 -2 0 0 0 0 0 0 0 0 0 0 -2 0 0 0 0 0
8 0 0 -2 0 0 0 0 0 0 0 0 0 0 2 0 0 0 0 0
8 0 0 2 0 0 0 0 0 0 0 0 0 0 0 0 -2 0 0 0
8 0 0 2 0 0 0 0 0 0 0 0 0 0 0 0 2 0 0 0
8 0 0 -2 0 0 0 0 0 0 0 0 0 0 0 0 -2 0 0 0
8 0 0 -2 0 0 0 0 0 0 0 0 0 0 0 0 2 0 0 0
8 2 -2 0 0 0 0 0 0 0 0 0 0 0 0 0 0 0 0 0
8 -2 -2 0 0 0 0 0 0 0 0 0 0 0 0 0 0 0 0 0
8 2 2 0 0 0 0 0 0 0 0 0 0 0 0 0 0 0 0 0
8 -2 2 0 0 0 0 0 0 0 0 0 0 0 0 0 0 0 0 0
8 0 -2 0 0 0 0 0 0 0 0 0 0 -2 0 0 0 0 0 0
8 0 -2 0 0 0 0 0 0 0 0 0 0 2 0 0 0 0 0 0
8 0 2 0 0 0 0 0 0 0 0 0 0 -2 0 0 0 0 0 0
8 0 2 0 0 0 0 0 0 0 0 0 0 2 0 0 0 0 0 0
8 0 -2 0 0 0 0 2 0 0 0 0 0 0 0 0 0 0 0 0
8 0 -2 0 0 0 0 -2 0 0 0 0 0 0 0 0 0 0 0 0
8 0 2 0 0 0 0 2 0 0 0 0 0 0 0 0 0 0 0 0
8 0 2 0 0 0 0 -2 0 0 0 0 0 0 0 0 0 0 0 0
8 0 -2 0 0 0 0 0 0 0 0 -2 0 0 0 0 0 0 0 0
8 0 -2 0 0 0 0 0 0 0 0 2 0 0 0 0 0 0 0 0
8 0 2 0 0 0 0 0 0 0 0 -2 0 0 0 0 0 0 0 0
8 0 2 0 0 0 0 0 0 0 0 2 0 0 0 0 0 0 0 0
8 0 -2 0 0 2 0 0 0 0 0 0 0 0 0 0 0 0 0 0
8 0 -2 0 0 -2 0 0 0 0 0 0 0 0 0 0 0 0 0 0
8 0 2 0 0 2 0 0 0 0 0 0 0 0 0 0 0 0 0 0
8 0 2 0 0 -2 0 0 0 0 0 0 0 0 0 0 0 0 0 0
8 0 -2 0 2 0 0 0 0 0 0 0 0 0 0 0 0 0 0 0
8 0 -2 0 -2 0 0 0 0 0 0 0 0 0 0 0 0 0 0 0
8 0 2 0 2 0 0 0 0 0 0 0 0 0 0 0 0 0 0 0
8 0 2 0 -2 0 0 0 0 0 0 0 0 0 0 0 0 0 0 0
8 0 -2 0 0 0 0 0 0 0 0 0 0 0 0 -2 0 0 0 0
8 0 -2 0 0 0 0 0 0 0 0 0 0 0 0 2 0 0 0 0
8 0 2 0 0 0 0 0 0 0 0 0 0 0 0 -2 0 0 0 0
8 0 2 0 0 0 0 0 0 0 0 0 0 0 0 2 0 0 0 0
8 0 -2 0 0 0 0 0 0 -2 0 0 0 0 0 0 0 0 0 0
8 0 -2 0 0 0 0 0 0 2 0 0 0 0 0 0 0 0 0 0
8 0 2 0 0 0 0 0 0 -2 0 0 0 0 0 0 0 0 0 0
8 0 2 0 0 0 0 0 0 2 0 0 0 0 0 0 0 0 0 0
8 0 -2 0 0 0 0 0 0 0 0 0 -2 0 0 0 0 0 0 0
8 0 -2 0 0 0 0 0 0 0 0 0 2 0 0 0 0 0 0 0
8 0 2 0 0 0 0 0 0 0 0 0 -2 0 0 0 0 0 0 0
8 0 2 0 0 0 0 0 0 0 0 0 2 0 0 0 0 0 0 0
8 0 -2 0 0 0 0 0 0 0 -2 0 0 0 0 0 0 0 0 0
8 0 -2 0 0 0 0 0 0 0 2 0 0 0 0 0 0 0 0 0
8 0 2 0 0 0 0 0 0 0 -2 0 0 0 0 0 0 0 0 0
8 0 2 0 0 0 0 0 0 0 2 0 0 0 0 0 0 0 0 0
8 0 -2 0 0 0 0 0 0 0 0 0 0 0 -2 0 0 0 0 0
8 0 -2 0 0 0 0 0 0 0 0 0 0 0 2 0 0 0 0 0
8 0 2 0 0 0 0 0 0 0 0 0 0 0 -2 0 0 0 0 0
8 0 2 0 0 0 0 0 0 0 0 0 0 0 2 0 0 0 0 0
8 0 -2 0 0 0 0 0 0 0 0 0 0 0 0 0 -2 0 0 0
8 0 -2 0 0 0 0 0 0 0 0 0 0 0 0 0 2 0 0 0
8 0 2 0 0 0 0 0 0 0 0 0 0 0 0 0 -2 0 0 0
8 0 2 0 0 0 0 0 0 0 0 0 0 0 0 0 2 0 0 0
8 2 0 0 0 0 0 0 0 0 0 0 0 -2 0 0 0 0 0 0
8 2 0 0 0 0 0 0 0 0 0 0 0 2 0 0 0 0 0 0
8 -2 0 0 0 0 0 0 0 0 0 0 0 -2 0 0 0 0 0 0
8 -2 0 0 0 0 0 0 0 0 0 0 0 2 0 0 0 0 0 0
8 2 0 0 0 0 0 2 0 0 0 0 0 0 0 0 0 0 0 0
8 2 0 0 0 0 0 -2 0 0 0 0 0 0 0 0 0 0 0 0
8 -2 0 0 0 0 0 2 0 0 0 0 0 0 0 0 0 0 0 0
8 -2 0 0 0 0 0 -2 0 0 0 0 0 0 0 0 0 0 0 0
8 2 0 0 0 0 0 0 0 0 0 -2 0 0 0 0 0 0 0 0
8 2 0 0 0 0 0 0 0 0 0 2 0 0 0 0 0 0 0 0
8 -2 0 0 0 0 0 0 0 0 0 -2 0 0 0 0 0 0 0 0
8 -2 0 0 0 0 0 0 0 0 0 2 0 0 0 0 0 0 0 0
8 2 0 0 0 2 0 0 0 0 0 0 0 0 0 0 0 0 0 0
8 2 0 0 0 -2 0 0 0 0 0 0 0 0 0 0 0 0 0 0
8 -2 0 0 0 2 0 0 0 0 0 0 0 0 0 0 0 0 0 0
8 -2 0 0 0 -2 0 0 0 0 0 0 0 0 0 0 0 0 0 0
8 2 0 0 2 0 0 0 0 0 0 0 0 0 0 0 0 0 0 0
8 2 0 0 -2 0 0 0 0 0 0 0 0 0 0 0 0 0 0 0
8 -2 0 0 2 0 0 0 0 0 0 0 0 0 0 0 0 0 0 0
8 -2 0 0 -2 0 0 0 0 0 0 0 0 0 0 0 0 0 0 0
8 2 0 0 0 0 0 0 0 0 0 0 0 0 0 -2 0 0 0 0
8 2 0 0 0 0 0 0 0 0 0 0 0 0 0 2 0 0 0 0
8 -2 0 0 0 0 0 0 0 0 0 0 0 0 0 -2 0 0 0 0
8 -2 0 0 0 0 0 0 0 0 0 0 0 0 0 2 0 0 0 0
8 2 0 0 0 0 0 0 0 -2 0 0 0 0 0 0 0 0 0 0
8 2 0 0 0 0 0 0 0 2 0 0 0 0 0 0 0 0 0 0
8 -2 0 0 0 0 0 0 0 -2 0 0 0 0 0 0 0 0 0 0
8 -2 0 0 0 0 0 0 0 2 0 0 0 0 0 0 0 0 0 0
8 2 0 0 0 0 0 0 0 0 0 0 -2 0 0 0 0 0 0 0
8 2 0 0 0 0 0 0 0 0 0 0 2 0 0 0 0 0 0 0
8 -2 0 0 0 0 0 0 0 0 0 0 -2 0 0 0 0 0 0 0
8 -2 0 0 0 0 0 0 0 0 0 0 2 0 0 0 0 0 0 0
8 2 0 0 0 0 0 0 0 0 -2 0 0 0 0 0 0 0 0 0
8 2 0 0 0 0 0 0 0 0 2 0 0 0 0 0 0 0 0 0
8 -2 0 0 0 0 0 0 0 0 -2 0 0 0 0 0 0 0 0 0
8 -2 0 0 0 0 0 0 0 0 2 0 0 0 0 0 0 0 0 0
8 2 0 0 0 0 0 0 0 0 0 0 0 0 -2 0 0 0 0 0
8 2 0 0 0 0 0 0 0 0 0 0 0 0 2 0 0 0 0 0
8 -2 0 0 0 0 0 0 0 0 0 0 0 0 -2 0 0 0 0 0
8 -2 0 0 0 0 0 0 0 0 0 0 0 0 2 0 0 0 0 0
8 2 0 0 0 0 0 0 0 0 0 0 0 0 0 0 -2 0 0 0
8 2 0 0 0 0 0 0 0 0 0 0 0 0 0 0 2 0 0 0
8 -2 0 0 0 0 0 0 0 0 0 0 0 0 0 0 -2 0 0 0
8 -2 0 0 0 0 0 0 0 0 0 0 0 0 0 0 2 0 0 0
8 0 0 0 0 0 0 2 0 0 0 0 0 -2 0 0 0 0 0 0
8 0 0 0 0 0 0 -2 0 0 0 0 0 -2 0 0 0 0 0 0
8 0 0 0 0 0 0 2 0 0 0 0 0 2 0 0 0 0 0 0
8 0 0 0 0 0 0 -2 0 0 0 0 0 2 0 0 0 0 0 0
8 0 0 0 0 0 0 0 0 0 0 -2 0 -2 0 0 0 0 0 0
8 0 0 0 0 0 0 0 0 0 0 2 0 -2 0 0 0 0 0 0
8 0 0 0 0 0 0 0 0 0 0 -2 0 2 0 0 0 0 0 0
8 0 0 0 0 0 0 0 0 0 0 2 0 2 0 0 0 0 0 0
8 0 0 0 0 2 0 0 0 0 0 0 0 -2 0 0 0 0 0 0
8 0 0 0 0 -2 0 0 0 0 0 0 0 -2 0 0 0 0 0 0
8 0 0 0 0 2 0 0 0 0 0 0 0 2 0 0 0 0 0 0
8 0 0 0 0 -2 0 0 0 0 0 0 0 2 0 0 0 0 0 0
8 0 0 0 2 0 0 0 0 0 0 0 0 -2 0 0 0 0 0 0
8 0 0 0 -2 0 0 0 0 0 0 0 0 -2 0 0 0 0 0 0
8 0 0 0 2 0 0 0 0 0 0 0 0 2 0 0 0 0 0 0
8 0 0 0 -2 0 0 0 0 0 0 0 0 2 0 0 0 0 0 0
8 0 0 0 0 0 0 0 0 0 0 0 0 -2 0 -2 0 0 0 0
8 0 0 0 0 0 0 0 0 0 0 0 0 -2 0 2 0 0 0 0
8 0 0 0 0 0 0 0 0 0 0 0 0 2 0 -2 0 0 0 0
8 0 0 0 0 0 0 0 0 0 0 0 0 2 0 2 0 0 0 0
8 0 0 0 0 0 0 0 0 -2 0 0 0 -2 0 0 0 0 0 0
8 0 0 0 0 0 0 0 0 2 0 0 0 -2 0 0 0 0 0 0
8 0 0 0 0 0 0 0 0 -2 0 0 0 2 0 0 0 0 0 0
8 0 0 0 0 0 0 0 0 2 0 0 0 2 0 0 0 0 0 0
8 0 0 0 0 0 0 0 0 0 0 0 -2 -2 0 0 0 0 0 0
8 0 0 0 0 0 0 0 0 0 0 0 2 -2 0 0 0 0 0 0
8 0 0 0 0 0 0 0 0 0 0 0 -2 2 0 0 0 0 0 0
8 0 0 0 0 0 0 0 0 0 0 0 2 2 0 0 0 0 0 0
8 0 0 0 0 0 0 0 0 0 -2 0 0 -2 0 0 0 0 0 0
8 0 0 0 0 0 0 0 0 0 2 0 0 -2 0 0 0 0 0 0
8 0 0 0 0 0 0 0 0 0 -2 0 0 2 0 0 0 0 0 0
8 0 0 0 0 0 0 0 0 0 2 0 0 2 0 0 0 0 0 0
8 0 0 0 0 0 0 0 0 0 0 0 0 -2 -2 0 0 0 0 0
8 0 0 0 0 0 0 0 0 0 0 0 0 -2 2 0 0 0 0 0
8 0 0 0 0 0 0 0 0 0 0 0 0 2 -2 0 0 0 0 0
8 0 0 0 0 0 0 0 0 0 0 0 0 2 2 0 0 0 0 0
8 0 0 0 0 0 0 0 0 0 0 0 0 -2 0 0 -2 0 0 0
8 0 0 0 0 0 0 0 0 0 0 0 0 -2 0 0 2 0 0 0
8 0 0 0 0 0 0 0 0 0 0 0 0 2 0 0 -2 0 0 0
8 0 0 0 0 0 0 0 0 0 0 0 0 2 0 0 2 0 0 0
8 0 0 0 0 0 0 0 0 0 0 0 0 0 0 0 0 -2 2 0
8 0 0 0 0 0 0 0 0 0 0 0 0 0 0 0 0 2 -2 0
8 0 0 0 0 0 0 0 0 0 0 0 0 0 0 0 0 -2 0 2
8 0 0 0 0 0 0 0 0 0 0 0 0 0 0 0 0 2 0 -2
8 0 0 0 0 0 0 2 0 0 0 -2 0 0 0 0 0 0 0 0
8 0 0 0 0 0 0 2 0 0 0 2 0 0 0 0 0 0 0 0
8 0 0 0 0 0 0 -2 0 0 0 -2 0 0 0 0 0 0 0 0
8 0 0 0 0 0 0 -2 0 0 0 2 0 0 0 0 0 0 0 0
8 0 0 0 0 2 0 2 0 0 0 0 0 0 0 0 0 0 0 0
8 0 0 0 0 -2 0 2 0 0 0 0 0 0 0 0 0 0 0 0
8 0 0 0 0 2 0 -2 0 0 0 0 0 0 0 0 0 0 0 0
8 0 0 0 0 -2 0 -2 0 0 0 0 0 0 0 0 0 0 0 0
8 0 0 0 2 0 0 2 0 0 0 0 0 0 0 0 0 0 0 0
8 0 0 0 -2 0 0 2 0 0 0 0 0 0 0 0 0 0 0 0
8 0 0 0 2 0 0 -2 0 0 0 0 0 0 0 0 0 0 0 0
8 0 0 0 -2 0 0 -2 0 0 0 0 0 0 0 0 0 0 0 0
8 0 0 0 0 0 0 2 0 0 0 0 0 0 0 -2 0 0 0 0
8 0 0 0 0 0 0 2 0 0 0 0 0 0 0 2 0 0 0 0
8 0 0 0 0 0 0 -2 0 0 0 0 0 0 0 -2 0 0 0 0
8 0 0 0 0 0 0 -2 0 0 0 0 0 0 0 2 0 0 0 0
8 0 0 0 0 0 0 2 0 -2 0 0 0 0 0 0 0 0 0 0
8 0 0 0 0 0 0 2 0 2 0 0 0 0 0 0 0 0 0 0
8 0 0 0 0 0 0 -2 0 -2 0 0 0 0 0 0 0 0 0 0
8 0 0 0 0 0 0 -2 0 2 0 0 0 0 0 0 0 0 0 0
8 0 0 0 0 0 0 2 0 0 0 0 -2 0 0 0 0 0 0 0
8 0 0 0 0 0 0 2 0 0 0 0 2 0 0 0 0 0 0 0
8 0 0 0 0 0 0 -2 0 0 0 0 -2 0 0 0 0 0 0 0
8 0 0 0 0 0 0 -2 0 0 0 0 2 0 0 0 0 0 0 0
8 0 0 0 0 0 0 2 0 0 -2 0 0 0 0 0 0 0 0 0
8 0 0 0 0 0 0 2 0 0 2 0 0 0 0 0 0 0 0 0
8 0 0 0 0 0 0 -2 0 0 -2 0 0 0 0 0 0 0 0 0
8 0 0 0 0 0 0 -2 0 0 2 0 0 0 0 0 0 0 0 0
8 0 0 0 0 0 0 2 0 0 0 0 0 0 -2 0 0 0 0 0
8 0 0 0 0 0 0 2 0 0 0 0 0 0 2 0 0 0 0 0
8 0 0 0 0 0 0 -2 0 0 0 0 0 0 -2 0 0 0 0 0
8 0 0 0 0 0 0 -2 0 0 0 0 0 0 2 0 0 0 0 0
8 0 0 0 0 0 0 2 0 0 0 0 0 0 0 0 -2 0 0 0
8 0 0 0 0 0 0 2 0 0 0 0 0 0 0 0 2 0 0 0
8 0 0 0 0 0 0 -2 0 0 0 0 0 0 0 0 -2 0 0 0
8 0 0 0 0 0 0 -2 0 0 0 0 0 0 0 0 2 0 0 0
8 0 0 0 0 2 0 0 0 0 0 -2 0 0 0 0 0 0 0 0
8 0 0 0 0 -2 0 0 0 0 0 -2 0 0 0 0 0 0 0 0
8 0 0 0 0 2 0 0 0 0 0 2 0 0 0 0 0 0 0 0
8 0 0 0 0 -2 0 0 0 0 0 2 0 0 0 0 0 0 0 0
8 0 0 0 2 0 0 0 0 0 0 -2 0 0 0 0 0 0 0 0
8 0 0 0 -2 0 0 0 0 0 0 -2 0 0 0 0 0 0 0 0
8 0 0 0 2 0 0 0 0 0 0 2 0 0 0 0 0 0 0 0
8 0 0 0 -2 0 0 0 0 0 0 2 0 0 0 0 0 0 0 0
8 0 0 0 0 0 0 0 0 0 0 -2 0 0 0 -2 0 0 0 0
8 0 0 0 0 0 0 0 0 0 0 -2 0 0 0 2 0 0 0 0
8 0 0 0 0 0 0 0 0 0 0 2 0 0 0 -2 0 0 0 0
8 0 0 0 0 0 0 0 0 0 0 2 0 0 0 2 0 0 0 0
8 0 0 0 0 0 0 0 0 -2 0 -2 0 0 0 0 0 0 0 0
8 0 0 0 0 0 0 0 0 2 0 -2 0 0 0 0 0 0 0 0
8 0 0 0 0 0 0 0 0 -2 0 2 0 0 0 0 0 0 0 0
8 0 0 0 0 0 0 0 0 2 0 2 0 0 0 0 0 0 0 0
8 0 0 0 0 0 0 0 0 0 0 -2 -2 0 0 0 0 0 0 0
8 0 0 0 0 0 0 0 0 0 0 -2 2 0 0 0 0 0 0 0
8 0 0 0 0 0 0 0 0 0 0 2 -2 0 0 0 0 0 0 0
8 0 0 0 0 0 0 0 0 0 0 2 2 0 0 0 0 0 0 0
8 0 0 0 0 0 0 0 0 0 -2 -2 0 0 0 0 0 0 0 0
8 0 0 0 0 0 0 0 0 0 2 -2 0 0 0 0 0 0 0 0
8 0 0 0 0 0 0 0 0 0 -2 2 0 0 0 0 0 0 0 0
8 0 0 0 0 0 0 0 0 0 2 2 0 0 0 0 0 0 0 0
8 0 0 0 0 0 0 0 0 0 0 -2 0 0 -2 0 0 0 0 0
8 0 0 0 0 0 0 0 0 0 0 -2 0 0 2 0 0 0 0 0
8 0 0 0 0 0 0 0 0 0 0 2 0 0 -2 0 0 0 0 0
8 0 0 0 0 0 0 0 0 0 0 2 0 0 2 0 0 0 0 0
8 0 0 0 0 0 0 0 0 0 0 -2 0 0 0 0 -2 0 0 0
8 0 0 0 0 0 0 0 0 0 0 -2 0 0 0 0 2 0 0 0
8 0 0 0 0 0 0 0 0 0 0 2 0 0 0 0 -2 0 0 0
8 0 0 0 0 0 0 0 0 0 0 2 0 0 0 0 2 0 0 0
8 0 0 0 2 2 0 0 0 0 0 0 0 0 0 0 0 0 0 0
8 0 0 0 -2 2 0 0 0 0 0 0 0 0 0 0 0 0 0 0
8 0 0 0 2 -2 0 0 0 0 0 0 0 0 0 0 0 0 0 0
8 0 0 0 -2 -2 0 0 0 0 0 0 0 0 0 0 0 0 0 0
8 0 0 0 0 2 0 0 0 0 0 0 0 0 0 -2 0 0 0 0
8 0 0 0 0 2 0 0 0 0 0 0 0 0 0 2 0 0 0 0
8 0 0 0 0 -2 0 0 0 0 0 0 0 0 0 -2 0 0 0 0
8 0 0 0 0 -2 0 0 0 0 0 0 0 0 0 2 0 0 0 0
8 0 0 0 0 2 0 0 0 -2 0 0 0 0 0 0 0 0 0 0
8 0 0 0 0 2 0 0 0 2 0 0 0 0 0 0 0 0 0 0
8 0 0 0 0 -2 0 0 0 -2 0 0 0 0 0 0 0 0 0 0
8 0 0 0 0 -2 0 0 0 2 0 0 0 0 0 0 0 0 0 0
8 0 0 0 0 2 0 0 0 0 0 0 -2 0 0 0 0 0 0 0
8 0 0 0 0 2 0 0 0 0 0 0 2 0 0 0 0 0 0 0
8 0 0 0 0 -2 0 0 0 0 0 0 -2 0 0 0 0 0 0 0
8 0 0 0 0 -2 0 0 0 0 0 0 2 0 0 0 0 0 0 0
8 0 0 0 0 2 0 0 0 0 -2 0 0 0 0 0 0 0 0 0
8 0 0 0 0 2 0 0 0 0 2 0 0 0 0 0 0 0 0 0
8 0 0 0 0 -2 0 0 0 0 -2 0 0 0 0 0 0 0 0 0
8 0 0 0 0 -2 0 0 0 0 2 0 0 0 0 0 0 0 0 0
8 0 0 0 0 2 0 0 0 0 0 0 0 0 -2 0 0 0 0 0
8 0 0 0 0 2 0 0 0 0 0 0 0 0 2 0 0 0 0 0
8 0 0 0 0 -2 0 0 0 0 0 0 0 0 -2 0 0 0 0 0
8 0 0 0 0 -2 0 0 0 0 0 0 0 0 2 0 0 0 0 0
8 0 0 0 0 2 0 0 0 0 0 0 0 0 0 0 -2 0 0 0
8 0 0 0 0 2 0 0 0 0 0 0 0 0 0 0 2 0 0 0
8 0 0 0 0 -2 0 0 0 0 0 0 0 0 0 0 -2 0 0 0
8 0 0 0 0 -2 0 0 0 0 0 0 0 0 0 0 2 0 0 0
8 0 0 0 2 0 0 0 0 0 0 0 0 0 0 -2 0 0 0 0
8 0 0 0 2 0 0 0 0 0 0 0 0 0 0 2 0 0 0 0
8 0 0 0 -2 0 0 0 0 0 0 0 0 0 0 -2 0 0 0 0
8 0 0 0 -2 0 0 0 0 0 0 0 0 0 0 2 0 0 0 0
8 0 0 0 2 0 0 0 0 -2 0 0 0 0 0 0 0 0 0 0
8 0 0 0 2 0 0 0 0 2 0 0 0 0 0 0 0 0 0 0
8 0 0 0 -2 0 0 0 0 -2 0 0 0 0 0 0 0 0 0 0
8 0 0 0 -2 0 0 0 0 2 0 0 0 0 0 0 0 0 0 0
8 0 0 0 2 0 0 0 0 0 0 0 -2 0 0 0 0 0 0 0
8 0 0 0 2 0 0 0 0 0 0 0 2 0 0 0 0 0 0 0
8 0 0 0 -2 0 0 0 0 0 0 0 -2 0 0 0 0 0 0 0
8 0 0 0 -2 0 0 0 0 0 0 0 2 0 0 0 0 0 0 0
8 0 0 0 2 0 0 0 0 0 -2 0 0 0 0 0 0 0 0 0
8 0 0 0 2 0 0 0 0 0 2 0 0 0 0 0 0 0 0 0
8 0 0 0 -2 0 0 0 0 0 -2 0 0 0 0 0 0 0 0 0
8 0 0 0 -2 0 0 0 0 0 2 0 0 0 0 0 0 0 0 0
8 0 0 0 2 0 0 0 0 0 0 0 0 0 -2 0 0 0 0 0
8 0 0 0 2 0 0 0 0 0 0 0 0 0 2 0 0 0 0 0
8 0 0 0 -2 0 0 0 0 0 0 0 0 0 -2 0 0 0 0 0
8 0 0 0 -2 0 0 0 0 0 0 0 0 0 2 0 0 0 0 0
8 0 0 0 2 0 0 0 0 0 0 0 0 0 0 0 -2 0 0 0
8 0 0 0 2 0 0 0 0 0 0 0 0 0 0 0 2 0 0 0
8 0 0 0 -2 0 0 0 0 0 0 0 0 0 0 0 -2 0 0 0
8 0 0 0 -2 0 0 0 0 0 0 0 0 0 0 0 2 0 0 0
8 0 0 0 0 0 0 0 0 0 0 0 0 0 0 0 0 0 -2 2
8 0 0 0 0 0 0 0 0 0 0 0 0 0 0 0 0 0 2 -2
8 0 0 0 0 0 0 0 0 -2 0 0 0 0 0 -2 0 0 0 0
8 0 0 0 0 0 0 0 0 2 0 0 0 0 0 -2 0 0 0 0
8 0 0 0 0 0 0 0 0 -2 0 0 0 0 0 2 0 0 0 0
8 0 0 0 0 0 0 0 0 2 0 0 0 0 0 2 0 0 0 0
8 0 0 0 0 0 0 0 0 0 0 0 -2 0 0 -2 0 0 0 0
8 0 0 0 0 0 0 0 0 0 0 0 2 0 0 -2 0 0 0 0
8 0 0 0 0 0 0 0 0 0 0 0 -2 0 0 2 0 0 0 0
8 0 0 0 0 0 0 0 0 0 0 0 2 0 0 2 0 0 0 0
8 0 0 0 0 0 0 0 0 0 -2 0 0 0 0 -2 0 0 0 0
8 0 0 0 0 0 0 0 0 0 2 0 0 0 0 -2 0 0 0 0
8 0 0 0 0 0 0 0 0 0 -2 0 0 0 0 2 0 0 0 0
8 0 0 0 0 0 0 0 0 0 2 0 0 0 0 2 0 0 0 0
8 0 0 0 0 0 0 0 0 0 0 0 0 0 -2 -2 0 0 0 0
8 0 0 0 0 0 0 0 0 0 0 0 0 0 2 -2 0 0 0 0
8 0 0 0 0 0 0 0 0 0 0 0 0 0 -2 2 0 0 0 0
8 0 0 0 0 0 0 0 0 0 0 0 0 0 2 2 0 0 0 0
8 0 0 0 0 0 0 0 0 0 0 0 0 0 0 -2 -2 0 0 0
8 0 0 0 0 0 0 0 0 0 0 0 0 0 0 -2 2 0 0 0
8 0 0 0 0 0 0 0 0 0 0 0 0 0 0 2 -2 0 0 0
8 0 0 0 0 0 0 0 0 0 0 0 0 0 0 2 2 0 0 0
8 0 0 0 0 0 0 0 0 -2 0 0 -2 0 0 0 0 0 0 0
8 0 0 0 0 0 0 0 0 -2 0 0 2 0 0 0 0 0 0 0
8 0 0 0 0 0 0 0 0 2 0 0 -2 0 0 0 0 0 0 0
8 0 0 0 0 0 0 0 0 2 0 0 2 0 0 0 0 0 0 0
8 0 0 0 0 0 0 0 0 -2 -2 0 0 0 0 0 0 0 0 0
8 0 0 0 0 0 0 0 0 -2 2 0 0 0 0 0 0 0 0 0
8 0 0 0 0 0 0 0 0 2 -2 0 0 0 0 0 0 0 0 0
8 0 0 0 0 0 0 0 0 2 2 0 0 0 0 0 0 0 0 0
8 0 0 0 0 0 0 0 0 -2 0 0 0 0 -2 0 0 0 0 0
8 0 0 0 0 0 0 0 0 -2 0 0 0 0 2 0 0 0 0 0
8 0 0 0 0 0 0 0 0 2 0 0 0 0 -2 0 0 0 0 0
8 0 0 0 0 0 0 0 0 2 0 0 0 0 2 0 0 0 0 0
8 0 0 0 0 0 0 0 0 -2 0 0 0 0 0 0 -2 0 0 0
8 0 0 0 0 0 0 0 0 -2 0 0 0 0 0 0 2 0 0 0
8 0 0 0 0 0 0 0 0 2 0 0 0 0 0 0 -2 0 0 0
8 0 0 0 0 0 0 0 0 2 0 0 0 0 0 0 2 0 0 0
8 0 0 0 0 0 0 0 0 0 -2 0 -2 0 0 0 0 0 0 0
8 0 0 0 0 0 0 0 0 0 2 0 -2 0 0 0 0 0 0 0
8 0 0 0 0 0 0 0 0 0 -2 0 2 0 0 0 0 0 0 0
8 0 0 0 0 0 0 0 0 0 2 0 2 0 0 0 0 0 0 0
8 0 0 0 0 0 0 0 0 0 0 0 -2 0 -2 0 0 0 0 0
8 0 0 0 0 0 0 0 0 0 0 0 -2 0 2 0 0 0 0 0
8 0 0 0 0 0 0 0 0 0 0 0 2 0 -2 0 0 0 0 0
8 0 0 0 0 0 0 0 0 0 0 0 2 0 2 0 0 0 0 0
8 0 0 0 0 0 0 0 0 0 0 0 -2 0 0 0 -2 0 0 0
8 0 0 0 0 0 0 0 0 0 0 0 -2 0 0 0 2 0 0 0
8 0 0 0 0 0 0 0 0 0 0 0 2 0 0 0 -2 0 0 0
8 0 0 0 0 0 0 0 0 0 0 0 2 0 0 0 2 0 0 0
8 0 0 0 0 0 0 0 0 0 -2 0 0 0 -2 0 0 0 0 0
8 0 0 0 0 0 0 0 0 0 -2 0 0 0 2 0 0 0 0 0
8 0 0 0 0 0 0 0 0 0 2 0 0 0 -2 0 0 0 0 0
8 0 0 0 0 0 0 0 0 0 2 0 0 0 2 0 0 0 0 0
8 0 0 0 0 0 0 0 0 0 -2 0 0 0 0 0 -2 0 0 0
8 0 0 0 0 0 0 0 0 0 -2 0 0 0 0 0 2 0 0 0
8 0 0 0 0 0 0 0 0 0 2 0 0 0 0 0 -2 0 0 0
8 0 0 0 0 0 0 0 0 0 2 0 0 0 0 0 2 0 0 0
8 0 0 0 0 0 0 0 0 0 0 0 0 0 -2 0 -2 0 0 0
8 0 0 0 0 0 0 0 0 0 0 0 0 0 -2 0 2 0 0 0
8 0 0 0 0 0 0 0 0 0 0 0 0 0 2 0 -2 0 0 0
8 0 0 0 0 0 0 0 0 0 0 0 0 0 2 0 2 0 0 0
8 1 0 0 1 1 -1 1 0 0 0 -1 0 0 0 0 0 -1 0 -1
8 1 0 0 -1 -1 -1 1 0 0 0 -1 0 0 0 0 0 -1 0 -1
8 1 0 0 -1 1 -1 1 0 0 0 1 0 0 0 0 0 -1 0 -1
8 1 0 0 1 -1 -1 1 0 0 0 1 0 0 0 0 0 -1 0 -1
8 1 0 0 -1 1 -1 -1 0 0 0 -1 0 0 0 0 0 -1 0 -1
8 1 0 0 1 -1 -1 -1 0 0 0 -1 0 0 0 0 0 -1 0 -1
8 1 0 0 1 1 -1 -1 0 0 0 1 0 0 0 0 0 -1 0 -1
8 1 0 0 -1 -1 -1 -1 0 0 0 1 0 0 0 0 0 -1 0 -1
8 -1 0 0 -1 1 -1 1 0 0 0 -1 0 0 0 0 0 -1 0 -1
8 -1 0 0 1 -1 -1 1 0 0 0 -1 0 0 0 0 0 -1 0 -1
8 -1 0 0 1 1 -1 1 0 0 0 1 0 0 0 0 0 -1 0 -1
8 -1 0 0 -1 -1 -1 1 0 0 0 1 0 0 0 0 0 -1 0 -1
8 -1 0 0 1 1 -1 -1 0 0 0 -1 0 0 0 0 0 -1 0 -1
8 -1 0 0 -1 -1 -1 -1 0 0 0 -1 0 0 0 0 0 -1 0 -1
8 -1 0 0 -1 1 -1 -1 0 0 0 1 0 0 0 0 0 -1 0 -1
8 -1 0 0 1 -1 -1 -1 0 0 0 1 0 0 0 0 0 -1 0 -1
8 1 0 0 1 1 -1 1 0 0 0 -1 0 0 0 0 0 1 0 1
8 1 0 0 -1 -1 -1 1 0 0 0 -1 0 0 0 0 0 1 0 1
8 1 0 0 -1 1 -1 1 0 0 0 1 0 0 0 0 0 1 0 1
8 1 0 0 1 -1 -1 1 0 0 0 1 0 0 0 0 0 1 0 1
8 1 0 0 -1 1 -1 -1 0 0 0 -1 0 0 0 0 0 1 0 1
8 1 0 0 1 -1 -1 -1 0 0 0 -1 0 0 0 0 0 1 0 1
8 1 0 0 1 1 -1 -1 0 0 0 1 0 0 0 0 0 1 0 1
8 1 0 0 -1 -1 -1 -1 0 0 0 1 0 0 0 0 0 1 0 1
8 -1 0 0 -1 1 -1 1 0 0 0 -1 0 0 0 0 0 1 0 1
8 -1 0 0 1 -1 -1 1 0 0 0 -1 0 0 0 0 0 1 0 1
8 -1 0 0 1 1 -1 1 0 0 0 1 0 0 0 0 0 1 0 1
8 -1 0 0 -1 -1 -1 1 0 0 0 1 0 0 0 0 0 1 0 1
8 -1 0 0 1 1 -1 -1 0 0 0 -1 0 0 0 0 0 1 0 1
8 -1 0 0 -1 -1 -1 -1 0 0 0 -1 0 0 0 0 0 1 0 1
8 -1 0 0 -1 1 -1 -1 0 0 0 1 0 0 0 0 0 1 0 1
8 -1 0 0 1 -1 -1 -1 0 0 0 1 0 0 0 0 0 1 0 1
8 1 0 0 -1 1 1 1 0 0 0 -1 0 0 0 0 0 -1 0 -1
8 1 0 0 1 -1 1 1 0 0 0 -1 0 0 0 0 0 -1 0 -1
8 1 0 0 1 1 1 1 0 0 0 1 0 0 0 0 0 -1 0 -1
8 1 0 0 -1 -1 1 1 0 0 0 1 0 0 0 0 0 -1 0 -1
8 1 0 0 1 1 1 -1 0 0 0 -1 0 0 0 0 0 -1 0 -1
8 1 0 0 -1 -1 1 -1 0 0 0 -1 0 0 0 0 0 -1 0 -1
8 1 0 0 -1 1 1 -1 0 0 0 1 0 0 0 0 0 -1 0 -1
8 1 0 0 1 -1 1 -1 0 0 0 1 0 0 0 0 0 -1 0 -1
8 -1 0 0 1 1 1 1 0 0 0 -1 0 0 0 0 0 -1 0 -1
8 -1 0 0 -1 -1 1 1 0 0 0 -1 0 0 0 0 0 -1 0 -1
8 -1 0 0 -1 1 1 1 0 0 0 1 0 0 0 0 0 -1 0 -1
8 -1 0 0 1 -1 1 1 0 0 0 1 0 0 0 0 0 -1 0 -1
8 -1 0 0 -1 1 1 -1 0 0 0 -1 0 0 0 0 0 -1 0 -1
8 -1 0 0 1 -1 1 -1 0 0 0 -1 0 0 0 0 0 -1 0 -1
8 -1 0 0 1 1 1 -1 0 0 0 1 0 0 0 0 0 -1 0 -1
8 -1 0 0 -1 -1 1 -1 0 0 0 1 0 0 0 0 0 -1 0 -1
8 1 0 0 -1 1 1 1 0 0 0 -1 0 0 0 0 0 1 0 1
8 1 0 0 1 -1 1 1 0 0 0 -1 0 0 0 0 0 1 0 1
8 1 0 0 1 1 1 1 0 0 0 1 0 0 0 0 0 1 0 1
8 1 0 0 -1 -1 1 1 0 0 0 1 0 0 0 0 0 1 0 1
8 1 0 0 1 1 1 -1 0 0 0 -1 0 0 0 0 0 1 0 1
8 1 0 0 -1 -1 1 -1 0 0 0 -1 0 0 0 0 0 1 0 1
8 1 0 0 -1 1 1 -1 0 0 0 1 0 0 0 0 0 1 0 1
8 1 0 0 1 -1 1 -1 0 0 0 1 0 0 0 0 0 1 0 1
8 -1 0 0 1 1 1 1 0 0 0 -1 0 0 0 0 0 1 0 1
8 -1 0 0 -1 -1 1 1 0 0 0 -1 0 0 0 0 0 1 0 1
8 -1 0 0 -1 1 1 1 0 0 0 1 0 0 0 0 0 1 0 1
8 -1 0 0 1 -1 1 1 0 0 0 1 0 0 0 0 0 1 0 1
8 -1 0 0 -1 1 1 -1 0 0 0 -1 0 0 0 0 0 1 0 1
8 -1 0 0 1 -1 1 -1 0 0 0 -1 0 0 0 0 0 1 0 1
8 -1 0 0 1 1 1 -1 0 0 0 1 0 0 0 0 0 1 0 1
8 -1 0 0 -1 -1 1 -1 0 0 0 1 0 0 0 0 0 1 0 1
8 1 0 1 0 0 -1 1 1 0 0 0 0 -1 0 0 0 -1 -1 0
8 1 0 1 0 0 -1 -1 1 0 0 0 0 1 0 0 0 -1 -1 0
8 -1 0 1 0 0 -1 -1 1 0 0 0 0 -1 0 0 0 -1 -1 0
8 -1 0 1 0 0 -1 1 1 0 0 0 0 1 0 0 0 -1 -1 0
8 1 0 -1 0 0 -1 -1 1 0 0 0 0 -1 0 0 0 -1 -1 0
8 1 0 -1 0 0 -1 1 1 0 0 0 0 1 0 0 0 -1 -1 0
8 -1 0 -1 0 0 -1 1 1 0 0 0 0 -1 0 0 0 -1 -1 0
8 -1 0 -1 0 0 -1 -1 1 0 0 0 0 1 0 0 0 -1 -1 0
8 1 0 1 0 0 -1 1 1 0 0 0 0 -1 0 0 0 1 1 0
8 1 0 1 0 0 -1 -1 1 0 0 0 0 1 0 0 0 1 1 0
8 -1 0 1 0 0 -1 -1 1 0 0 0 0 -1 0 0 0 1 1 0
8 -1 0 1 0 0 -1 1 1 0 0 0 0 1 0 0 0 1 1 0
8 1 0 -1 0 0 -1 -1 1 0 0 0 0 -1 0 0 0 1 1 0
8 1 0 -1 0 0 -1 1 1 0 0 0 0 1 0 0 0 1 1 0
8 -1 0 -1 0 0 -1 1 1 0 0 0 0 -1 0 0 0 1 1 0
8 -1 0 -1 0 0 -1 -1 1 0 0 0 0 1 0 0 0 1 1 0
8 1 0 1 0 0 -1 -1 -1 0 0 0 0 -1 0 0 0 -1 -1 0
8 1 0 1 0 0 -1 1 -1 0 0 0 0 1 0 0 0 -1 -1 0
8 -1 0 1 0 0 -1 1 -1 0 0 0 0 -1 0 0 0 -1 -1 0
8 -1 0 1 0 0 -1 -1 -1 0 0 0 0 1 0 0 0 -1 -1 0
8 1 0 -1 0 0 -1 1 -1 0 0 0 0 -1 0 0 0 -1 -1 0
8 1 0 -1 0 0 -1 -1 -1 0 0 0 0 1 0 0 0 -1 -1 0
8 -1 0 -1 0 0 -1 -1 -1 0 0 0 0 -1 0 0 0 -1 -1 0
8 -1 0 -1 0 0 -1 1 -1 0 0 0 0 1 0 0 0 -1 -1 0
8 1 0 1 0 0 -1 -1 -1 0 0 0 0 -1 0 0 0 1 1 0
8 1 0 1 0 0 -1 1 -1 0 0 0 0 1 0 0 0 1 1 0
8 -1 0 1 0 0 -1 1 -1 0 0 0 0 -1 0 0 0 1 1 0
8 -1 0 1 0 0 -1 -1 -1 0 0 0 0 1 0 0 0 1 1 0
8 1 0 -1 0 0 -1 1 -1 0 0 0 0 -1 0 0 0 1 1 0
8 1 0 -1 0 0 -1 -1 -1 0 0 0 0 1 0 0 0 1 1 0
8 -1 0 -1 0 0 -1 -1 -1 0 0 0 0 -1 0 0 0 1 1 0
8 -1 0 -1 0 0 -1 1 -1 0 0 0 0 1 0 0 0 1 1 0
8 1 0 1 0 0 1 -1 1 0 0 0 0 -1 0 0 0 -1 -1 0
8 1 0 1 0 0 1 1 1 0 0 0 0 1 0 0 0 -1 -1 0
8 -1 0 1 0 0 1 1 1 0 0 0 0 -1 0 0 0 -1 -1 0
8 -1 0 1 0 0 1 -1 1 0 0 0 0 1 0 0 0 -1 -1 0
8 1 0 -1 0 0 1 1 1 0 0 0 0 -1 0 0 0 -1 -1 0
8 1 0 -1 0 0 1 -1 1 0 0 0 0 1 0 0 0 -1 -1 0
8 -1 0 -1 0 0 1 -1 1 0 0 0 0 -1 0 0 0 -1 -1 0
8 -1 0 -1 0 0 1 1 1 0 0 0 0 1 0 0 0 -1 -1 0
8 1 0 1 0 0 1 -1 1 0 0 0 0 -1 0 0 0 1 1 0
8 1 0 1 0 0 1 1 1 0 0 0 0 1 0 0 0 1 1 0
8 -1 0 1 0 0 1 1 1 0 0 0 0 -1 0 0 0 1 1 0
8 -1 0 1 0 0 1 -1 1 0 0 0 0 1 0 0 0 1 1 0
8 1 0 -1 0 0 1 1 1 0 0 0 0 -1 0 0 0 1 1 0
8 1 0 -1 0 0 1 -1 1 0 0 0 0 1 0 0 0 1 1 0
8 -1 0 -1 0 0 1 -1 1 0 0 0 0 -1 0 0 0 1 1 0
8 -1 0 -1 0 0 1 1 1 0 0 0 0 1 0 0 0 1 1 0
8 1 0 1 0 0 1 1 -1 0 0 0 0 -1 0 0 0 -1 -1 0
8 1 0 1 0 0 1 -1 -1 0 0 0 0 1 0 0 0 -1 -1 0
8 -1 0 1 0 0 1 -1 -1 0 0 0 0 -1 0 0 0 -1 -1 0
8 -1 0 1 0 0 1 1 -1 0 0 0 0 1 0 0 0 -1 -1 0
8 1 0 -1 0 0 1 -1 -1 0 0 0 0 -1 0 0 0 -1 -1 0
8 1 0 -1 0 0 1 1 -1 0 0 0 0 1 0 0 0 -1 -1 0
8 -1 0 -1 0 0 1 1 -1 0 0 0 0 -1 0 0 0 -1 -1 0
8 -1 0 -1 0 0 1 -1 -1 0 0 0 0 1 0 0 0 -1 -1 0
8 1 0 1 0 0 1 1 -1 0 0 0 0 -1 0 0 0 1 1 0
8 1 0 1 0 0 1 -1 -1 0 0 0 0 1 0 0 0 1 1 0
8 -1 0 1 0 0 1 -1 -1 0 0 0 0 -1 0 0 0 1 1 0
8 -1 0 1 0 0 1 1 -1 0 0 0 0 1 0 0 0 1 1 0
8 1 0 -1 0 0 1 -1 -1 0 0 0 0 -1 0 0 0 1 1 0
8 1 0 -1 0 0 1 1 -1 0 0 0 0 1 0 0 0 1 1 0
8 -1 0 -1 0 0 1 1 -1 0 0 0 0 -1 0 0 0 1 1 0
8 -1 0 -1 0 0 1 -1 -1 0 0 0 0 1 0 0 0 1 1 0
8 0 0 1 1 1 0 0 1 0 0 -1 0 -1 0 0 0 0 -1 1
8 0 0 1 1 1 0 0 1 0 0 -1 0 -1 0 0 0 0 1 -1
8 0 0 1 -1 -1 0 0 1 0 0 -1 0 -1 0 0 0 0 -1 1
8 0 0 1 -1 -1 0 0 1 0 0 -1 0 -1 0 0 0 0 1 -1
8 0 0 1 -1 1 0 0 1 0 0 1 0 -1 0 0 0 0 -1 1
8 0 0 1 -1 1 0 0 1 0 0 1 0 -1 0 0 0 0 1 -1
8 0 0 1 1 -1 0 0 1 0 0 1 0 -1 0 0 0 0 -1 1
8 0 0 1 1 -1 0 0 1 0 0 1 0 -1 0 0 0 0 1 -1
8 0 0 1 -1 1 0 0 1 0 0 -1 0 1 0 0 0 0 -1 1
8 0 0 1 -1 1 0 0 1 0 0 -1 0 1 0 0 0 0 1 -1
8 0 0 1 1 -1 0 0 1 0 0 -1 0 1 0 0 0 0 -1 1
8 0 0 1 1 -1 0 0 1 0 0 -1 0 1 0 0 0 0 1 -1
8 0 0 1 1 1 0 0 1 0 0 1 0 1 0 0 0 0 -1 1
8 0 0 1 1 1 0 0 1 0 0 1 0 1 0 0 0 0 1 -1
8 0 0 1 -1 -1 0 0 1 0 0 1 0 1 0 0 0 0 -1 1
8 0 0 1 -1 -1 0 0 1 0 0 1 0 1 0 0 0 0 1 -1
8 0 0 -1 -1 1 0 0 1 0 0 -1 0 -1 0 0 0 0 -1 1
8 0 0 -1 -1 1 0 0 1 0 0 -1 0 -1 0 0 0 0 1 -1
8 0 0 -1 1 -1 0 0 1 0 0 -1 0 -1 0 0 0 0 -1 1
8 0 0 -1 1 -1 0 0 1 0 0 -1 0 -1 0 0 0 0 1 -1
8 0 0 -1 1 1 0 0 1 0 0 1 0 -1 0 0 0 0 -1 1
8 0 0 -1 1 1 0 0 1 0 0 1 0 -1 0 0 0 0 1 -1
8 0 0 -1 -1 -1 0 0 1 0 0 1 0 -1 0 0 0 0 -1 1
8 0 0 -1 -1 -1 0 0 1 0 0 1 0 -1 0 0 0 0 1 -1
8 0 0 -1 1 1 0 0 1 0 0 -1 0 1 0 0 0 0 -1 1
8 0 0 -1 1 1 0 0 1 0 0 -1 0 1 0 0 0 0 1 -1
8 0 0 -1 -1 -1 0 0 1 0 0 -1 0 1 0 0 0 0 -1 1
8 0 0 -1 -1 -1 0 0 1 0 0 -1 0 1 0 0 0 0 1 -1
8 0 0 -1 -1 1 0 0 1 0 0 1 0 1 0 0 0 0 -1 1
8 0 0 -1 -1 1 0 0 1 0 0 1 0 1 0 0 0 0 1 -1
8 0 0 -1 1 -1 0 0 1 0 0 1 0 1 0 0 0 0 -1 1
8 0 0 -1 1 -1 0 0 1 0 0 1 0 1 0 0 0 0 1 -1
8 0 0 1 -1 1 0 0 -1 0 0 -1 0 -1 0 0 0 0 -1 1
8 0 0 1 -1 1 0 0 -1 0 0 -1 0 -1 0 0 0 0 1 -1
8 0 0 1 1 -1 0 0 -1 0 0 -1 0 -1 0 0 0 0 -1 1
8 0 0 1 1 -1 0 0 -1 0 0 -1 0 -1 0 0 0 0 1 -1
8 0 0 1 1 1 0 0 -1 0 0 1 0 -1 0 0 0 0 -1 1
8 0 0 1 1 1 0 0 -1 0 0 1 0 -1 0 0 0 0 1 -1
8 0 0 1 -1 -1 0 0 -1 0 0 1 0 -1 0 0 0 0 -1 1
8 0 0 1 -1 -1 0 0 -1 0 0 1 0 -1 0 0 0 0 1 -1
8 0 0 1 1 1 0 0 -1 0 0 -1 0 1 0 0 0 0 -1 1
8 0 0 1 1 1 0 0 -1 0 0 -1 0 1 0 0 0 0 1 -1
8 0 0 1 -1 -1 0 0 -1 0 0 -1 0 1 0 0 0 0 -1 1
8 0 0 1 -1 -1 0 0 -1 0 0 -1 0 1 0 0 0 0 1 -1
8 0 0 1 -1 1 0 0 -1 0 0 1 0 1 0 0 0 0 -1 1
8 0 0 1 -1 1 0 0 -1 0 0 1 0 1 0 0 0 0 1 -1
8 0 0 1 1 -1 0 0 -1 0 0 1 0 1 0 0 0 0 -1 1
8 0 0 1 1 -1 0 0 -1 0 0 1 0 1 0 0 0 0 1 -1
8 0 0 -1 1 1 0 0 -1 0 0 -1 0 -1 0 0 0 0 -1 1
8 0 0 -1 1 1 0 0 -1 0 0 -1 0 -1 0 0 0 0 1 -1
8 0 0 -1 -1 -1 0 0 -1 0 0 -1 0 -1 0 0 0 0 -1 1
8 0 0 -1 -1 -1 0 0 -1 0 0 -1 0 -1 0 0 0 0 1 -1
8 0 0 -1 -1 1 0 0 -1 0 0 1 0 -1 0 0 0 0 -1 1
8 0 0 -1 -1 1 0 0 -1 0 0 1 0 -1 0 0 0 0 1 -1
8 0 0 -1 1 -1 0 0 -1 0 0 1 0 -1 0 0 0 0 -1 1
8 0 0 -1 1 -1 0 0 -1 0 0 1 0 -1 0 0 0 0 1 -1
8 0 0 -1 -1 1 0 0 -1 0 0 -1 0 1 0 0 0 0 -1 1
8 0 0 -1 -1 1 0 0 -1 0 0 -1 0 1 0 0 0 0 1 -1
8 0 0 -1 1 -1 0 0 -1 0 0 -1 0 1 0 0 0 0 -1 1
8 0 0 -1 1 -1 0 0 -1 0 0 -1 0 1 0 0 0 0 1 -1
8 0 0 -1 1 1 0 0 -1 0 0 1 0 1 0 0 0 0 -1 1
8 0 0 -1 1 1 0 0 -1 0 0 1 0 1 0 0 0 0 1 -1
8 0 0 -1 -1 -1 0 0 -1 0 0 1 0 1 0 0 0 0 -1 1
8 0 0 -1 -1 -1 0 0 -1 0 0 1 0 1 0 0 0 0 1 -1
8 0 -1 1 0 0 0 0 1 0 0 -1 0 -1 0 -1 0 0 -1 -1
8 0 -1 1 0 0 0 0 1 0 0 1 0 -1 0 1 0 0 -1 -1
8 0 -1 1 0 0 0 0 1 0 0 -1 0 1 0 1 0 0 -1 -1
8 0 -1 1 0 0 0 0 1 0 0 1 0 1 0 -1 0 0 -1 -1
8 0 1 1 0 0 0 0 1 0 0 -1 0 -1 0 1 0 0 -1 -1
8 0 1 1 0 0 0 0 1 0 0 1 0 -1 0 -1 0 0 -1 -1
8 0 1 1 0 0 0 0 1 0 0 -1 0 1 0 -1 0 0 -1 -1
8 0 1 1 0 0 0 0 1 0 0 1 0 1 0 1 0 0 -1 -1
8 0 -1 -1 0 0 0 0 1 0 0 -1 0 -1 0 1 0 0 -1 -1
8 0 -1 -1 0 0 0 0 1 0 0 1 0 -1 0 -1 0 0 -1 -1
8 0 -1 -1 0 0 0 0 1 0 0 -1 0 1 0 -1 0 0 -1 -1
8 0 -1 -1 0 0 0 0 1 0 0 1 0 1 0 1 0 0 -1 -1
8 0 1 -1 0 0 0 0 1 0 0 -1 0 -1 0 -1 0 0 -1 -1
8 0 1 -1 0 0 0 0 1 0 0 1 0 -1 0 1 0 0 -1 -1
8 0 1 -1 0 0 0 0 1 0 0 -1 0 1 0 1 0 0 -1 -1
8 0 1 -1 0 0 0 0 1 0 0 1 0 1 0 -1 0 0 -1 -1
8 0 -1 1 0 0 0 0 1 0 0 -1 0 -1 0 -1 0 0 1 1
8 0 -1 1 0 0 0 0 1 0 0 1 0 -1 0 1 0 0 1 1
8 0 -1 1 0 0 0 0 1 0 0 -1 0 1 0 1 0 0 1 1
8 0 -1 1 0 0 0 0 1 0 0 1 0 1 0 -1 0 0 1 1
8 0 1 1 0 0 0 0 1 0 0 -1 0 -1 0 1 0 0 1 1
8 0 1 1 0 0 0 0 1 0 0 1 0 -1 0 -1 0 0 1 1
8 0 1 1 0 0 0 0 1 0 0 -1 0 1 0 -1 0 0 1 1
8 0 1 1 0 0 0 0 1 0 0 1 0 1 0 1 0 0 1 1
8 0 -1 -1 0 0 0 0 1 0 0 -1 0 -1 0 1 0 0 1 1
8 0 -1 -1 0 0 0 0 1 0 0 1 0 -1 0 -1 0 0 1 1
8 0 -1 -1 0 0 0 0 1 0 0 -1 0 1 0 -1 0 0 1 1
8 0 -1 -1 0 0 0 0 1 0 0 1 0 1 0 1 0 0 1 1
8 0 1 -1 0 0 0 0 1 0 0 -1 0 -1 0 -1 0 0 1 1
8 0 1 -1 0 0 0 0 1 0 0 1 0 -1 0 1 0 0 1 1
8 0 1 -1 0 0 0 0 1 0 0 -1 0 1 0 1 0 0 1 1
8 0 1 -1 0 0 0 0 1 0 0 1 0 1 0 -1 0 0 1 1
8 0 -1 1 0 0 0 0 -1 0 0 -1 0 -1 0 1 0 0 -1 -1
8 0 -1 1 0 0 0 0 -1 0 0 1 0 -1 0 -1 0 0 -1 -1
8 0 -1 1 0 0 0 0 -1 0 0 -1 0 1 0 -1 0 0 -1 -1
8 0 -1 1 0 0 0 0 -1 0 0 1 0 1 0 1 0 0 -1 -1
8 0 1 1 0 0 0 0 -1 0 0 -1 0 -1 0 -1 0 0 -1 -1
8 0 1 1 0 0 0 0 -1 0 0 1 0 -1 0 1 0 0 -1 -1
8 0 1 1 0 0 0 0 -1 0 0 -1 0 1 0 1 0 0 -1 -1
8 0 1 1 0 0 0 0 -1 0 0 1 0 1 0 -1 0 0 -1 -1
8 0 -1 -1 0 0 0 0 -1 0 0 -1 0 -1 0 -1 0 0 -1 -1
8 0 -1 -1 0 0 0 0 -1 0 0 1 0 -1 0 1 0 0 -1 -1
8 0 -1 -1 0 0 0 0 -1 0 0 -1 0 1 0 1 0 0 -1 -1
8 0 -1 -1 0 0 0 0 -1 0 0 1 0 1 0 -1 0 0 -1 -1
8 0 1 -1 0 0 0 0 -1 0 0 -1 0 -1 0 1 0 0 -1 -1
8 0 1 -1 0 0 0 0 -1 0 0 1 0 -1 0 -1 0 0 -1 -1
8 0 1 -1 0 0 0 0 -1 0 0 -1 0 1 0 -1 0 0 -1 -1
8 0 1 -1 0 0 0 0 -1 0 0 1 0 1 0 1 0 0 -1 -1
8 0 -1 1 0 0 0 0 -1 0 0 -1 0 -1 0 1 0 0 1 1
8 0 -1 1 0 0 0 0 -1 0 0 1 0 -1 0 -1 0 0 1 1
8 0 -1 1 0 0 0 0 -1 0 0 -1 0 1 0 -1 0 0 1 1
8 0 -1 1 0 0 0 0 -1 0 0 1 0 1 0 1 0 0 1 1
8 0 1 1 0 0 0 0 -1 0 0 -1 0 -1 0 -1 0 0 1 1
8 0 1 1 0 0 0 0 -1 0 0 1 0 -1 0 1 0 0 1 1
8 0 1 1 0 0 0 0 -1 0 0 -1 0 1 0 1 0 0 1 1
8 0 1 1 0 0 0 0 -1 0 0 1 0 1 0 -1 0 0 1 1
8 0 -1 -1 0 0 0 0 -1 0 0 -1 0 -1 0 -1 0 0 1 1
8 0 -1 -1 0 0 0 0 -1 0 0 1 0 -1 0 1 0 0 1 1
8 0 -1 -1 0 0 0 0 -1 0 0 -1 0 1 0 1 0 0 1 1
8 0 -1 -1 0 0 0 0 -1 0 0 1 0 1 0 -1 0 0 1 1
8 0 1 -1 0 0 0 0 -1 0 0 -1 0 -1 0 1 0 0 1 1
8 0 1 -1 0 0 0 0 -1 0 0 1 0 -1 0 -1 0 0 1 1
8 0 1 -1 0 0 0 0 -1 0 0 -1 0 1 0 -1 0 0 1 1
8 0 1 -1 0 0 0 0 -1 0 0 1 0 1 0 1 0 0 1 1
8 1 -1 0 0 0 -1 1 0 0 0 -1 0 0 0 -1 0 -1 0 1
8 1 -1 0 0 0 -1 1 0 0 0 1 0 0 0 1 0 -1 0 1
8 1 -1 0 0 0 -1 -1 0 0 0 -1 0 0 0 1 0 -1 0 1
8 1 -1 0 0 0 -1 -1 0 0 0 1 0 0 0 -1 0 -1 0 1
8 1 -1 0 0 0 -1 1 0 0 0 -1 0 0 0 -1 0 1 0 -1
8 1 -1 0 0 0 -1 1 0 0 0 1 0 0 0 1 0 1 0 -1
8 1 -1 0 0 0 -1 -1 0 0 0 -1 0 0 0 1 0 1 0 -1
8 1 -1 0 0 0 -1 -1 0 0 0 1 0 0 0 -1 0 1 0 -1
8 -1 -1 0 0 0 -1 1 0 0 0 -1 0 0 0 1 0 -1 0 1
8 -1 -1 0 0 0 -1 1 0 0 0 1 0 0 0 -1 0 -1 0 1
8 -1 -1 0 0 0 -1 -1 0 0 0 -1 0 0 0 -1 0 -1 0 1
8 -1 -1 0 0 0 -1 -1 0 0 0 1 0 0 0 1 0 -1 0 1
8 -1 -1 0 0 0 -1 1 0 0 0 -1 0 0 0 1 0 1 0 -1
8 -1 -1 0 0 0 -1 1 0 0 0 1 0 0 0 -1 0 1 0 -1
8 -1 -1 0 0 0 -1 -1 0 0 0 -1 0 0 0 -1 0 1 0 -1
8 -1 -1 0 0 0 -1 -1 0 0 0 1 0 0 0 1 0 1 0 -1
8 1 1 0 0 0 -1 1 0 0 0 -1 0 0 0 1 0 -1 0 1
8 1 1 0 0 0 -1 1 0 0 0 1 0 0 0 -1 0 -1 0 1
8 1 1 0 0 0 -1 -1 0 0 0 -1 0 0 0 -1 0 -1 0 1
8 1 1 0 0 0 -1 -1 0 0 0 1 0 0 0 1 0 -1 0 1
8 1 1 0 0 0 -1 1 0 0 0 -1 0 0 0 1 0 1 0 -1
8 1 1 0 0 0 -1 1 0 0 0 1 0 0 0 -1 0 1 0 -1
8 1 1 0 0 0 -1 -1 0 0 0 -1 0 0 0 -1 0 1 0 -1
8 1 1 0 0 0 -1 -1 0 0 0 1 0 0 0 1 0 1 0 -1
8 -1 1 0 0 0 -1 1 0 0 0 -1 0 0 0 -1 0 -1 0 1
8 -1 1 0 0 0 -1 1 0 0 0 1 0 0 0 1 0 -1 0 1
8 -1 1 0 0 0 -1 -1 0 0 0 -1 0 0 0 1 0 -1 0 1
8 -1 1 0 0 0 -1 -1 0 0 0 1 0 0 0 -1 0 -1 0 1
8 -1 1 0 0 0 -1 1 0 0 0 -1 0 0 0 -1 0 1 0 -1
8 -1 1 0 0 0 -1 1 0 0 0 1 0 0 0 1 0 1 0 -1
8 -1 1 0 0 0 -1 -1 0 0 0 -1 0 0 0 1 0 1 0 -1
8 -1 1 0 0 0 -1 -1 0 0 0 1 0 0 0 -1 0 1 0 -1
8 1 -1 0 0 0 1 1 0 0 0 -1 0 0 0 1 0 -1 0 1
8 1 -1 0 0 0 1 1 0 0 0 1 0 0 0 -1 0 -1 0 1
8 1 -1 0 0 0 1 -1 0 0 0 -1 0 0 0 -1 0 -1 0 1
8 1 -1 0 0 0 1 -1 0 0 0 1 0 0 0 1 0 -1 0 1
8 1 -1 0 0 0 1 1 0 0 0 -1 0 0 0 1 0 1 0 -1
8 1 -1 0 0 0 1 1 0 0 0 1 0 0 0 -1 0 1 0 -1
8 1 -1 0 0 0 1 -1 0 0 0 -1 0 0 0 -1 0 1 0 -1
8 1 -1 0 0 0 1 -1 0 0 0 1 0 0 0 1 0 1 0 -1
8 -1 -1 0 0 0 1 1 0 0 0 -1 0 0 0 -1 0 -1 0 1
8 -1 -1 0 0 0 1 1 0 0 0 1 0 0 0 1 0 -1 0 1
8 -1 -1 0 0 0 1 -1 0 0 0 -1 0 0 0 1 0 -1 0 1
8 -1 -1 0 0 0 1 -1 0 0 0 1 0 0 0 -1 0 -1 0 1
8 -1 -1 0 0 0 1 1 0 0 0 -1 0 0 0 -1 0 1 0 -1
8 -1 -1 0 0 0 1 1 0 0 0 1 0 0 0 1 0 1 0 -1
8 -1 -1 0 0 0 1 -1 0 0 0 -1 0 0 0 1 0 1 0 -1
8 -1 -1 0 0 0 1 -1 0 0 0 1 0 0 0 -1 0 1 0 -1
8 1 1 0 0 0 1 1 0 0 0 -1 0 0 0 -1 0 -1 0 1
8 1 1 0 0 0 1 1 0 0 0 1 0 0 0 1 0 -1 0 1
8 1 1 0 0 0 1 -1 0 0 0 -1 0 0 0 1 0 -1 0 1
8 1 1 0 0 0 1 -1 0 0 0 1 0 0 0 -1 0 -1 0 1
8 1 1 0 0 0 1 1 0 0 0 -1 0 0 0 -1 0 1 0 -1
8 1 1 0 0 0 1 1 0 0 0 1 0 0 0 1 0 1 0 -1
8 1 1 0 0 0 1 -1 0 0 0 -1 0 0 0 1 0 1 0 -1
8 1 1 0 0 0 1 -1 0 0 0 1 0 0 0 -1 0 1 0 -1
8 -1 1 0 0 0 1 1 0 0 0 -1 0 0 0 1 0 -1 0 1
8 -1 1 0 0 0 1 1 0 0 0 1 0 0 0 -1 0 -1 0 1
8 -1 1 0 0 0 1 -1 0 0 0 -1 0 0 0 -1 0 -1 0 1
8 -1 1 0 0 0 1 -1 0 0 0 1 0 0 0 1 0 -1 0 1
8 -1 1 0 0 0 1 1 0 0 0 -1 0 0 0 1 0 1 0 -1
8 -1 1 0 0 0 1 1 0 0 0 1 0 0 0 -1 0 1 0 -1
8 -1 1 0 0 0 1 -1 0 0 0 -1 0 0 0 -1 0 1 0 -1
8 -1 1 0 0 0 1 -1 0 0 0 1 0 0 0 1 0 1 0 -1
8 1 -1 1 0 1 0 1 0 -1 0 0 0 0 0 0 0 0 -1 -1
8 1 -1 1 0 -1 0 1 0 1 0 0 0 0 0 0 0 0 -1 -1
8 1 -1 1 0 1 0 -1 0 1 0 0 0 0 0 0 0 0 -1 -1
8 1 -1 1 0 -1 0 -1 0 -1 0 0 0 0 0 0 0 0 -1 -1
8 -1 -1 1 0 1 0 1 0 1 0 0 0 0 0 0 0 0 -1 -1
8 -1 -1 1 0 -1 0 1 0 -1 0 0 0 0 0 0 0 0 -1 -1
8 -1 -1 1 0 1 0 -1 0 -1 0 0 0 0 0 0 0 0 -1 -1
8 -1 -1 1 0 -1 0 -1 0 1 0 0 0 0 0 0 0 0 -1 -1
8 1 1 1 0 1 0 1 0 1 0 0 0 0 0 0 0 0 -1 -1
8 1 1 1 0 -1 0 1 0 -1 0 0 0 0 0 0 0 0 -1 -1
8 1 1 1 0 1 0 -1 0 -1 0 0 0 0 0 0 0 0 -1 -1
8 1 1 1 0 -1 0 -1 0 1 0 0 0 0 0 0 0 0 -1 -1
8 -1 1 1 0 1 0 1 0 -1 0 0 0 0 0 0 0 0 -1 -1
8 -1 1 1 0 -1 0 1 0 1 0 0 0 0 0 0 0 0 -1 -1
8 -1 1 1 0 1 0 -1 0 1 0 0 0 0 0 0 0 0 -1 -1
8 -1 1 1 0 -1 0 -1 0 -1 0 0 0 0 0 0 0 0 -1 -1
8 1 -1 -1 0 1 0 1 0 1 0 0 0 0 0 0 0 0 -1 -1
8 1 -1 -1 0 -1 0 1 0 -1 0 0 0 0 0 0 0 0 -1 -1
8 1 -1 -1 0 1 0 -1 0 -1 0 0 0 0 0 0 0 0 -1 -1
8 1 -1 -1 0 -1 0 -1 0 1 0 0 0 0 0 0 0 0 -1 -1
8 -1 -1 -1 0 1 0 1 0 -1 0 0 0 0 0 0 0 0 -1 -1
8 -1 -1 -1 0 -1 0 1 0 1 0 0 0 0 0 0 0 0 -1 -1
8 -1 -1 -1 0 1 0 -1 0 1 0 0 0 0 0 0 0 0 -1 -1
8 -1 -1 -1 0 -1 0 -1 0 -1 0 0 0 0 0 0 0 0 -1 -1
8 1 1 -1 0 1 0 1 0 -1 0 0 0 0 0 0 0 0 -1 -1
8 1 1 -1 0 -1 0 1 0 1 0 0 0 0 0 0 0 0 -1 -1
8 1 1 -1 0 1 0 -1 0 1 0 0 0 0 0 0 0 0 -1 -1
8 1 1 -1 0 -1 0 -1 0 -1 0 0 0 0 0 0 0 0 -1 -1
8 -1 1 -1 0 1 0 1 0 1 0 0 0 0 0 0 0 0 -1 -1
8 -1 1 -1 0 -1 0 1 0 -1 0 0 0 0 0 0 0 0 -1 -1
8 -1 1 -1 0 1 0 -1 0 -1 0 0 0 0 0 0 0 0 -1 -1
8 -1 1 -1 0 -1 0 -1 0 1 0 0 0 0 0 0 0 0 -1 -1
8 1 -1 1 0 1 0 1 0 -1 0 0 0 0 0 0 0 0 1 1
8 1 -1 1 0 -1 0 1 0 1 0 0 0 0 0 0 0 0 1 1
8 1 -1 1 0 1 0 -1 0 1 0 0 0 0 0 0 0 0 1 1
8 1 -1 1 0 -1 0 -1 0 -1 0 0 0 0 0 0 0 0 1 1
8 -1 -1 1 0 1 0 1 0 1 0 0 0 0 0 0 0 0 1 1
8 -1 -1 1 0 -1 0 1 0 -1 0 0 0 0 0 0 0 0 1 1
8 -1 -1 1 0 1 0 -1 0 -1 0 0 0 0 0 0 0 0 1 1
8 -1 -1 1 0 -1 0 -1 0 1 0 0 0 0 0 0 0 0 1 1
8 1 1 1 0 1 0 1 0 1 0 0 0 0 0 0 0 0 1 1
8 1 1 1 0 -1 0 1 0 -1 0 0 0 0 0 0 0 0 1 1
8 1 1 1 0 1 0 -1 0 -1 0 0 0 0 0 0 0 0 1 1
8 1 1 1 0 -1 0 -1 0 1 0 0 0 0 0 0 0 0 1 1
8 -1 1 1 0 1 0 1 0 -1 0 0 0 0 0 0 0 0 1 1
8 -1 1 1 0 -1 0 1 0 1 0 0 0 0 0 0 0 0 1 1
8 -1 1 1 0 1 0 -1 0 1 0 0 0 0 0 0 0 0 1 1
8 -1 1 1 0 -1 0 -1 0 -1 0 0 0 0 0 0 0 0 1 1
8 1 -1 -1 0 1 0 1 0 1 0 0 0 0 0 0 0 0 1 1
8 1 -1 -1 0 -1 0 1 0 -1 0 0 0 0 0 0 0 0 1 1
8 1 -1 -1 0 1 0 -1 0 -1 0 0 0 0 0 0 0 0 1 1
8 1 -1 -1 0 -1 0 -1 0 1 0 0 0 0 0 0 0 0 1 1
8 -1 -1 -1 0 1 0 1 0 -1 0 0 0 0 0 0 0 0 1 1
8 -1 -1 -1 0 -1 0 1 0 1 0 0 0 0 0 0 0 0 1 1
8 -1 -1 -1 0 1 0 -1 0 1 0 0 0 0 0 0 0 0 1 1
8 -1 -1 -1 0 -1 0 -1 0 -1 0 0 0 0 0 0 0 0 1 1
8 1 1 -1 0 1 0 1 0 -1 0 0 0 0 0 0 0 0 1 1
8 1 1 -1 0 -1 0 1 0 1 0 0 0 0 0 0 0 0 1 1
8 1 1 -1 0 1 0 -1 0 1 0 0 0 0 0 0 0 0 1 1
8 1 1 -1 0 -1 0 -1 0 -1 0 0 0 0 0 0 0 0 1 1
8 -1 1 -1 0 1 0 1 0 1 0 0 0 0 0 0 0 0 1 1
8 -1 1 -1 0 -1 0 1 0 -1 0 0 0 0 0 0 0 0 1 1
8 -1 1 -1 0 1 0 -1 0 -1 0 0 0 0 0 0 0 0 1 1
8 -1 1 -1 0 -1 0 -1 0 1 0 0 0 0 0 0 0 0 1 1
8 0 -1 1 1 0 -1 0 0 -1 0 -1 0 0 0 0 0 -1 1 0
8 0 -1 1 -1 0 -1 0 0 1 0 -1 0 0 0 0 0 -1 1 0
8 0 -1 1 1 0 -1 0 0 1 0 1 0 0 0 0 0 -1 1 0
8 0 -1 1 -1 0 -1 0 0 -1 0 1 0 0 0 0 0 -1 1 0
8 0 -1 1 1 0 -1 0 0 -1 0 -1 0 0 0 0 0 1 -1 0
8 0 -1 1 -1 0 -1 0 0 1 0 -1 0 0 0 0 0 1 -1 0
8 0 -1 1 1 0 -1 0 0 1 0 1 0 0 0 0 0 1 -1 0
8 0 -1 1 -1 0 -1 0 0 -1 0 1 0 0 0 0 0 1 -1 0
8 0 1 1 1 0 -1 0 0 1 0 -1 0 0 0 0 0 -1 1 0
8 0 1 1 -1 0 -1 0 0 -1 0 -1 0 0 0 0 0 -1 1 0
8 0 1 1 1 0 -1 0 0 -1 0 1 0 0 0 0 0 -1 1 0
8 0 1 1 -1 0 -1 0 0 1 0 1 0 0 0 0 0 -1 1 0
8 0 1 1 1 0 -1 0 0 1 0 -1 0 0 0 0 0 1 -1 0
8 0 1 1 -1 0 -1 0 0 -1 0 -1 0 0 0 0 0 1 -1 0
8 0 1 1 1 0 -1 0 0 -1 0 1 0 0 0 0 0 1 -1 0
8 0 1 1 -1 0 -1 0 0 1 0 1 0 0 0 0 0 1 -1 0
8 0 -1 -1 1 0 -1 0 0 1 0 -1 0 0 0 0 0 -1 1 0
8 0 -1 -1 -1 0 -1 0 0 -1 0 -1 0 0 0 0 0 -1 1 0
8 0 -1 -1 1 0 -1 0 0 -1 0 1 0 0 0 0 0 -1 1 0
8 0 -1 -1 -1 0 -1 0 0 1 0 1 0 0 0 0 0 -1 1 0
8 0 -1 -1 1 0 -1 0 0 1 0 -1 0 0 0 0 0 1 -1 0
8 0 -1 -1 -1 0 -1 0 0 -1 0 -1 0 0 0 0 0 1 -1 0
8 0 -1 -1 1 0 -1 0 0 -1 0 1 0 0 0 0 0 1 -1 0
8 0 -1 -1 -1 0 -1 0 0 1 0 1 0 0 0 0 0 1 -1 0
8 0 1 -1 1 0 -1 0 0 -1 0 -1 0 0 0 0 0 -1 1 0
8 0 1 -1 -1 0 -1 0 0 1 0 -1 0 0 0 0 0 -1 1 0
8 0 1 -1 1 0 -1 0 0 1 0 1 0 0 0 0 0 -1 1 0
8 0 1 -1 -1 0 -1 0 0 -1 0 1 0 0 0 0 0 -1 1 0
8 0 1 -1 1 0 -1 0 0 -1 0 -1 0 0 0 0 0 1 -1 0
8 0 1 -1 -1 0 -1 0 0 1 0 -1 0 0 0 0 0 1 -1 0
8 0 1 -1 1 0 -1 0 0 1 0 1 0 0 0 0 0 1 -1 0
8 0 1 -1 -1 0 -1 0 0 -1 0 1 0 0 0 0 0 1 -1 0
8 0 -1 1 1 0 1 0 0 1 0 -1 0 0 0 0 0 -1 1 0
8 0 -1 1 -1 0 1 0 0 -1 0 -1 0 0 0 0 0 -1 1 0
8 0 -1 1 1 0 1 0 0 -1 0 1 0 0 0 0 0 -1 1 0
8 0 -1 1 -1 0 1 0 0 1 0 1 0 0 0 0 0 -1 1 0
8 0 -1 1 1 0 1 0 0 1 0 -1 0 0 0 0 0 1 -1 0
8 0 -1 1 -1 0 1 0 0 -1 0 -1 0 0 0 0 0 1 -1 0
8 0 -1 1 1 0 1 0 0 -1 0 1 0 0 0 0 0 1 -1 0
8 0 -1 1 -1 0 1 0 0 1 0 1 0 0 0 0 0 1 -1 0
8 0 1 1 1 0 1 0 0 -1 0 -1 0 0 0 0 0 -1 1 0
8 0 1 1 -1 0 1 0 0 1 0 -1 0 0 0 0 0 -1 1 0
8 0 1 1 1 0 1 0 0 1 0 1 0 0 0 0 0 -1 1 0
8 0 1 1 -1 0 1 0 0 -1 0 1 0 0 0 0 0 -1 1 0
8 0 1 1 1 0 1 0 0 -1 0 -1 0 0 0 0 0 1 -1 0
8 0 1 1 -1 0 1 0 0 1 0 -1 0 0 0 0 0 1 -1 0
8 0 1 1 1 0 1 0 0 1 0 1 0 0 0 0 0 1 -1 0
8 0 1 1 -1 0 1 0 0 -1 0 1 0 0 0 0 0 1 -1 0
8 0 -1 -1 1 0 1 0 0 -1 0 -1 0 0 0 0 0 -1 1 0
8 0 -1 -1 -1 0 1 0 0 1 0 -1 0 0 0 0 0 -1 1 0
8 0 -1 -1 1 0 1 0 0 1 0 1 0 0 0 0 0 -1 1 0
8 0 -1 -1 -1 0 1 0 0 -1 0 1 0 0 0 0 0 -1 1 0
8 0 -1 -1 1 0 1 0 0 -1 0 -1 0 0 0 0 0 1 -1 0
8 0 -1 -1 -1 0 1 0 0 1 0 -1 0 0 0 0 0 1 -1 0
8 0 -1 -1 1 0 1 0 0 1 0 1 0 0 0 0 0 1 -1 0
8 0 -1 -1 -1 0 1 0 0 -1 0 1 0 0 0 0 0 1 -1 0
8 0 1 -1 1 0 1 0 0 1 0 -1 0 0 0 0 0 -1 1 0
8 0 1 -1 -1 0 1 0 0 -1 0 -1 0 0 0 0 0 -1 1 0
8 0 1 -1 1 0 1 0 0 -1 0 1 0 0 0 0 0 -1 1 0
8 0 1 -1 -1 0 1 0 0 1 0 1 0 0 0 0 0 -1 1 0
8 0 1 -1 1 0 1 0 0 1 0 -1 0 0 0 0 0 1 -1 0
8 0 1 -1 -1 0 1 0 0 -1 0 -1 0 0 0 0 0 1 -1 0
8 0 1 -1 1 0 1 0 0 -1 0 1 0 0 0 0 0 1 -1 0
8 0 1 -1 -1 0 1 0 0 1 0 1 0 0 0 0 0 1 -1 0
8 0 -1 0 0 1 -1 0 1 -1 0 0 0 -1 0 0 0 -1 0 1
8 0 -1 0 0 -1 -1 0 1 1 0 0 0 -1 0 0 0 -1 0 1
8 0 -1 0 0 1 -1 0 1 -1 0 0 0 -1 0 0 0 1 0 -1
8 0 -1 0 0 -1 -1 0 1 1 0 0 0 -1 0 0 0 1 0 -1
8 0 -1 0 0 1 -1 0 1 1 0 0 0 1 0 0 0 -1 0 1
8 0 -1 0 0 -1 -1 0 1 -1 0 0 0 1 0 0 0 -1 0 1
8 0 -1 0 0 1 -1 0 1 1 0 0 0 1 0 0 0 1 0 -1
8 0 -1 0 0 -1 -1 0 1 -1 0 0 0 1 0 0 0 1 0 -1
8 0 1 0 0 1 -1 0 1 1 0 0 0 -1 0 0 0 -1 0 1
8 0 1 0 0 -1 -1 0 1 -1 0 0 0 -1 0 0 0 -1 0 1
8 0 1 0 0 1 -1 0 1 1 0 0 0 -1 0 0 0 1 0 -1
8 0 1 0 0 -1 -1 0 1 -1 0 0 0 -1 0 0 0 1 0 -1
8 0 1 0 0 1 -1 0 1 -1 0 0 0 1 0 0 0 -1 0 1
8 0 1 0 0 -1 -1 0 1 1 0 0 0 1 0 0 0 -1 0 1
8 0 1 0 0 1 -1 0 1 -1 0 0 0 1 0 0 0 1 0 -1
8 0 1 0 0 -1 -1 0 1 1 0 0 0 1 0 0 0 1 0 -1
8 0 -1 0 0 1 -1 0 -1 1 0 0 0 -1 0 0 0 -1 0 1
8 0 -1 0 0 -1 -1 0 -1 -1 0 0 0 -1 0 0 0 -1 0 1
8 0 -1 0 0 1 -1 0 -1 1 0 0 0 -1 0 0 0 1 0 -1
8 0 -1 0 0 -1 -1 0 -1 -1 0 0 0 -1 0 0 0 1 0 -1
8 0 -1 0 0 1 -1 0 -1 -1 0 0 0 1 0 0 0 -1 0 1
8 0 -1 0 0 -1 -1 0 -1 1 0 0 0 1 0 0 0 -1 0 1
8 0 -1 0 0 1 -1 0 -1 -1 0 0 0 1 0 0 0 1 0 -1
8 0 -1 0 0 -1 -1 0 -1 1 0 0 0 1 0 0 0 1 0 -1
8 0 1 0 0 1 -1 0 -1 -1 0 0 0 -1 0 0 0 -1 0 1
8 0 1 0 0 -1 -1 0 -1 1 0 0 0 -1 0 0 0 -1 0 1
8 0 1 0 0 1 -1 0 -1 -1 0 0 0 -1 0 0 0 1 0 -1
8 0 1 0 0 -1 -1 0 -1 1 0 0 0 -1 0 0 0 1 0 -1
8 0 1 0 0 1 -1 0 -1 1 0 0 0 1 0 0 0 -1 0 1
8 0 1 0 0 -1 -1 0 -1 -1 0 0 0 1 0 0 0 -1 0 1
8 0 1 0 0 1 -1 0 -1 1 0 0 0 1 0 0 0 1 0 -1
8 0 1 0 0 -1 -1 0 -1 -1 0 0 0 1 0 0 0 1 0 -1
8 0 -1 0 0 1 1 0 1 1 0 0 0 -1 0 0 0 -1 0 1
8 0 -1 0 0 -1 1 0 1 -1 0 0 0 -1 0 0 0 -1 0 1
8 0 -1 0 0 1 1 0 1 1 0 0 0 -1 0 0 0 1 0 -1
8 0 -1 0 0 -1 1 0 1 -1 0 0 0 -1 0 0 0 1 0 -1
8 0 -1 0 0 1 1 0 1 -1 0 0 0 1 0 0 0 -1 0 1
8 0 -1 0 0 -1 1 0 1 1 0 0 0 1 0 0 0 -1 0 1
8 0 -1 0 0 1 1 0 1 -1 0 0 0 1 0 0 0 1 0 -1
8 0 -1 0 0 -1 1 0 1 1 0 0 0 1 0 0 0 1 0 -1
8 0 1 0 0 1 1 0 1 -1 0 0 0 -1 0 0 0 -1 0 1
8 0 1 0 0 -1 1 0 1 1 0 0 0 -1 0 0 0 -1 0 1
8 0 1 0 0 1 1 0 1 -1 0 0 0 -1 0 0 0 1 0 -1
8 0 1 0 0 -1 1 0 1 1 0 0 0 -1 0 0 0 1 0 -1
8 0 1 0 0 1 1 0 1 1 0 0 0 1 0 0 0 -1 0 1
8 0 1 0 0 -1 1 0 1 -1 0 0 0 1 0 0 0 -1 0 1
8 0 1 0 0 1 1 0 1 1 0 0 0 1 0 0 0 1 0 -1
8 0 1 0 0 -1 1 0 1 -1 0 0 0 1 0 0 0 1 0 -1
8 0 -1 0 0 1 1 0 -1 -1 0 0 0 -1 0 0 0 -1 0 1
8 0 -1 0 0 -1 1 0 -1 1 0 0 0 -1 0 0 0 -1 0 1
8 0 -1 0 0 1 1 0 -1 -1 0 0 0 -1 0 0 0 1 0 -1
8 0 -1 0 0 -1 1 0 -1 1 0 0 0 -1 0 0 0 1 0 -1
8 0 -1 0 0 1 1 0 -1 1 0 0 0 1 0 0 0 -1 0 1
8 0 -1 0 0 -1 1 0 -1 -1 0 0 0 1 0 0 0 -1 0 1
8 0 -1 0 0 1 1 0 -1 1 0 0 0 1 0 0 0 1 0 -1
8 0 -1 0 0 -1 1 0 -1 -1 0 0 0 1 0 0 0 1 0 -1
8 0 1 0 0 1 1 0 -1 1 0 0 0 -1 0 0 0 -1 0 1
8 0 1 0 0 -1 1 0 -1 -1 0 0 0 -1 0 0 0 -1 0 1
8 0 1 0 0 1 1 0 -1 1 0 0 0 -1 0 0 0 1 0 -1
8 0 1 0 0 -1 1 0 -1 -1 0 0 0 -1 0 0 0 1 0 -1
8 0 1 0 0 1 1 0 -1 -1 0 0 0 1 0 0 0 -1 0 1
8 0 1 0 0 -1 1 0 -1 1 0 0 0 1 0 0 0 -1 0 1
8 0 1 0 0 1 1 0 -1 -1 0 0 0 1 0 0 0 1 0 -1
8 0 1 0 0 -1 1 0 -1 1 0 0 0 1 0 0 0 1 0 -1
8 1 0 0 0 1 0 1 1 1 0 -1 0 -1 0 -1 0 0 0 0
8 1 0 0 0 1 0 1 1 -1 0 -1 0 -1 0 1 0 0 0 0
8 1 0 0 0 -1 0 1 1 -1 0 -1 0 -1 0 -1 0 0 0 0
8 1 0 0 0 -1 0 1 1 1 0 -1 0 -1 0 1 0 0 0 0
8 1 0 0 0 1 0 1 1 -1 0 1 0 -1 0 -1 0 0 0 0
8 1 0 0 0 1 0 1 1 1 0 1 0 -1 0 1 0 0 0 0
8 1 0 0 0 -1 0 1 1 1 0 1 0 -1 0 -1 0 0 0 0
8 1 0 0 0 -1 0 1 1 -1 0 1 0 -1 0 1 0 0 0 0
8 1 0 0 0 1 0 -1 1 -1 0 -1 0 -1 0 -1 0 0 0 0
8 1 0 0 0 1 0 -1 1 1 0 -1 0 -1 0 1 0 0 0 0
8 1 0 0 0 -1 0 -1 1 1 0 -1 0 -1 0 -1 0 0 0 0
8 1 0 0 0 -1 0 -1 1 -1 0 -1 0 -1 0 1 0 0 0 0
8 1 0 0 0 1 0 -1 1 1 0 1 0 -1 0 -1 0 0 0 0
8 1 0 0 0 1 0 -1 1 -1 0 1 0 -1 0 1 0 0 0 0
8 1 0 0 0 -1 0 -1 1 -1 0 1 0 -1 0 -1 0 0 0 0
8 1 0 0 0 -1 0 -1 1 1 0 1 0 -1 0 1 0 0 0 0
8 1 0 0 0 1 0 1 1 -1 0 -1 0 1 0 -1 0 0 0 0
8 1 0 0 0 1 0 1 1 1 0 -1 0 1 0 1 0 0 0 0
8 1 0 0 0 -1 0 1 1 1 0 -1 0 1 0 -1 0 0 0 0
8 1 0 0 0 -1 0 1 1 -1 0 -1 0 1 0 1 0 0 0 0
8 1 0 0 0 1 0 1 1 1 0 1 0 1 0 -1 0 0 0 0
8 1 0 0 0 1 0 1 1 -1 0 1 0 1 0 1 0 0 0 0
8 1 0 0 0 -1 0 1 1 -1 0 1 0 1 0 -1 0 0 0 0
8 1 0 0 0 -1 0 1 1 1 0 1 0 1 0 1 0 0 0 0
8 1 0 0 0 1 0 -1 1 1 0 -1 0 1 0 -1 0 0 0 0
8 1 0 0 0 1 0 -1 1 -1 0 -1 0 1 0 1 0 0 0 0
8 1 0 0 0 -1 0 -1 1 -1 0 -1 0 1 0 -1 0 0 0 0
8 1 0 0 0 -1 0 -1 1 1 0 -1 0 1 0 1 0 0 0 0
8 1 0 0 0 1 0 -1 1 -1 0 1 0 1 0 -1 0 0 0 0
8 1 0 0 0 1 0 -1 1 1 0 1 0 1 0 1 0 0 0 0
8 1 0 0 0 -1 0 -1 1 1 0 1 0 1 0 -1 0 0 0 0
8 1 0 0 0 -1 0 -1 1 -1 0 1 0 1 0 1 0 0 0 0
8 -1 0 0 0 1 0 1 1 -1 0 -1 0 -1 0 -1 0 0 0 0
8 -1 0 0 0 1 0 1 1 1 0 -1 0 -1 0 1 0 0 0 0
8 -1 0 0 0 -1 0 1 1 1 0 -1 0 -1 0 -1 0 0 0 0
8 -1 0 0 0 -1 0 1 1 -1 0 -1 0 -1 0 1 0 0 0 0
8 -1 0 0 0 1 0 1 1 1 0 1 0 -1 0 -1 0 0 0 0
8 -1 0 0 0 1 0 1 1 -1 0 1 0 -1 0 1 0 0 0 0
8 -1 0 0 0 -1 0 1 1 -1 0 1 0 -1 0 -1 0 0 0 0
8 -1 0 0 0 -1 0 1 1 1 0 1 0 -1 0 1 0 0 0 0
8 -1 0 0 0 1 0 -1 1 1 0 -1 0 -1 0 -1 0 0 0 0
8 -1 0 0 0 1 0 -1 1 -1 0 -1 0 -1 0 1 0 0 0 0
8 -1 0 0 0 -1 0 -1 1 -1 0 -1 0 -1 0 -1 0 0 0 0
8 -1 0 0 0 -1 0 -1 1 1 0 -1 0 -1 0 1 0 0 0 0
8 -1 0 0 0 1 0 -1 1 -1 0 1 0 -1 0 -1 0 0 0 0
8 -1 0 0 0 1 0 -1 1 1 0 1 0 -1 0 1 0 0 0 0
8 -1 0 0 0 -1 0 -1 1 1 0 1 0 -1 0 -1 0 0 0 0
8 -1 0 0 0 -1 0 -1 1 -1 0 1 0 -1 0 1 0 0 0 0
8 -1 0 0 0 1 0 1 1 1 0 -1 0 1 0 -1 0 0 0 0
8 -1 0 0 0 1 0 1 1 -1 0 -1 0 1 0 1 0 0 0 0
8 -1 0 0 0 -1 0 1 1 -1 0 -1 0 1 0 -1 0 0 0 0
8 -1 0 0 0 -1 0 1 1 1 0 -1 0 1 0 1 0 0 0 0
8 -1 0 0 0 1 0 1 1 -1 0 1 0 1 0 -1 0 0 0 0
8 -1 0 0 0 1 0 1 1 1 0 1 0 1 0 1 0 0 0 0
8 -1 0 0 0 -1 0 1 1 1 0 1 0 1 0 -1 0 0 0 0
8 -1 0 0 0 -1 0 1 1 -1 0 1 0 1 0 1 0 0 0 0
8 -1 0 0 0 1 0 -1 1 -1 0 -1 0 1 0 -1 0 0 0 0
8 -1 0 0 0 1 0 -1 1 1 0 -1 0 1 0 1 0 0 0 0
8 -1 0 0 0 -1 0 -1 1 1 0 -1 0 1 0 -1 0 0 0 0
8 -1 0 0 0 -1 0 -1 1 -1 0 -1 0 1 0 1 0 0 0 0
8 -1 0 0 0 1 0 -1 1 1 0 1 0 1 0 -1 0 0 0 0
8 -1 0 0 0 1 0 -1 1 -1 0 1 0 1 0 1 0 0 0 0
8 -1 0 0 0 -1 0 -1 1 -1 0 1 0 1 0 -1 0 0 0 0
8 -1 0 0 0 -1 0 -1 1 1 0 1 0 1 0 1 0 0 0 0
8 1 0 0 0 1 0 1 -1 -1 0 -1 0 -1 0 -1 0 0 0 0
8 1 0 0 0 1 0 1 -1 1 0 -1 0 -1 0 1 0 0 0 0
8 1 0 0 0 -1 0 1 -1 1 0 -1 0 -1 0 -1 0 0 0 0
8 1 0 0 0 -1 0 1 -1 -1 0 -1 0 -1 0 1 0 0 0 0
8 1 0 0 0 1 0 1 -1 1 0 1 0 -1 0 -1 0 0 0 0
8 1 0 0 0 1 0 1 -1 -1 0 1 0 -1 0 1 0 0 0 0
8 1 0 0 0 -1 0 1 -1 -1 0 1 0 -1 0 -1 0 0 0 0
8 1 0 0 0 -1 0 1 -1 1 0 1 0 -1 0 1 0 0 0 0
8 1 0 0 0 1 0 -1 -1 1 0 -1 0 -1 0 -1 0 0 0 0
8 1 0 0 0 1 0 -1 -1 -1 0 -1 0 -1 0 1 0 0 0 0
8 1 0 0 0 -1 0 -1 -1 -1 0 -1 0 -1 0 -1 0 0 0 0
8 1 0 0 0 -1 0 -1 -1 1 0 -1 0 -1 0 1 0 0 0 0
8 1 0 0 0 1 0 -1 -1 -1 0 1 0 -1 0 -1 0 0 0 0
8 1 0 0 0 1 0 -1 -1 1 0 1 0 -1 0 1 0 0 0 0
8 1 0 0 0 -1 0 -1 -1 1 0 1 0 -1 0 -1 0 0 0 0
8 1 0 0 0 -1 0 -1 -1 -1 0 1 0 -1 0 1 0 0 0 0
8 1 0 0 0 1 0 1 -1 1 0 -1 0 1 0 -1 0 0 0 0
8 1 0 0 0 1 0 1 -1 -1 0 -1 0 1 0 1 0 0 0 0
8 1 0 0 0 -1 0 1 -1 -1 0 -1 0 1 0 -1 0 0 0 0
8 1 0 0 0 -1 0 1 -1 1 0 -1 0 1 0 1 0 0 0 0
8 1 0 0 0 1 0 1 -1 -1 0 1 0 1 0 -1 0 0 0 0
8 1 0 0 0 1 0 1 -1 1 0 1 0 1 0 1 0 0 0 0
8 1 0 0 0 -1 0 1 -1 1 0 1 0 1 0 -1 0 0 0 0
8 1 0 0 0 -1 0 1 -1 -1 0 1 0 1 0 1 0 0 0 0
8 1 0 0 0 1 0 -1 -1 -1 0 -1 0 1 0 -1 0 0 0 0
8 1 0 0 0 1 0 -1 -1 1 0 -1 0 1 0 1 0 0 0 0
8 1 0 0 0 -1 0 -1 -1 1 0 -1 0 1 0 -1 0 0 0 0
8 1 0 0 0 -1 0 -1 -1 -1 0 -1 0 1 0 1 0 0 0 0
8 1 0 0 0 1 0 -1 -1 1 0 1 0 1 0 -1 0 0 0 0
8 1 0 0 0 1 0 -1 -1 -1 0 1 0 1 0 1 0 0 0 0
8 1 0 0 0 -1 0 -1 -1 -1 0 1 0 1 0 -1 0 0 0 0
8 1 0 0 0 -1 0 -1 -1 1 0 1 0 1 0 1 0 0 0 0
8 -1 0 0 0 1 0 1 -1 1 0 -1 0 -1 0 -1 0 0 0 0
8 -1 0 0 0 1 0 1 -1 -1 0 -1 0 -1 0 1 0 0 0 0
8 -1 0 0 0 -1 0 1 -1 -1 0 -1 0 -1 0 -1 0 0 0 0
8 -1 0 0 0 -1 0 1 -1 1 0 -1 0 -1 0 1 0 0 0 0
8 -1 0 0 0 1 0 1 -1 -1 0 1 0 -1 0 -1 0 0 0 0
8 -1 0 0 0 1 0 1 -1 1 0 1 0 -1 0 1 0 0 0 0
8 -1 0 0 0 -1 0 1 -1 1 0 1 0 -1 0 -1 0 0 0 0
8 -1 0 0 0 -1 0 1 -1 -1 0 1 0 -1 0 1 0 0 0 0
8 -1 0 0 0 1 0 -1 -1 -1 0 -1 0 -1 0 -1 0 0 0 0
8 -1 0 0 0 1 0 -1 -1 1 0 -1 0 -1 0 1 0 0 0 0
8 -1 0 0 0 -1 0 -1 -1 1 0 -1 0 -1 0 -1 0 0 0 0
8 -1 0 0 0 -1 0 -1 -1 -1 0 -1 0 -1 0 1 0 0 0 0
8 -1 0 0 0 1 0 -1 -1 1 0 1 0 -1 0 -1 0 0 0 0
8 -1 0 0 0 1 0 -1 -1 -1 0 1 0 -1 0 1 0 0 0 0
8 -1 0 0 0 -1 0 -1 -1 -1 0 1 0 -1 0 -1 0 0 0 0
8 -1 0 0 0 -1 0 -1 -1 1 0 1 0 -1 0 1 0 0 0 0
8 -1 0 0 0 1 0 1 -1 -1 0 -1 0 1 0 -1 0 0 0 0
8 -1 0 0 0 1 0 1 -1 1 0 -1 0 1 0 1 0 0 0 0
8 -1 0 0 0 -1 0 1 -1 1 0 -1 0 1 0 -1 0 0 0 0
8 -1 0 0 0 -1 0 1 -1 -1 0 -1 0 1 0 1 0 0 0 0
8 -1 0 0 0 1 0 1 -1 1 0 1 0 1 0 -1 0 0 0 0
8 -1 0 0 0 1 0 1 -1 -1 0 1 0 1 0 1 0 0 0 0
8 -1 0 0 0 -1 0 1 -1 -1 0 1 0 1 0 -1 0 0 0 0
8 -1 0 0 0 -1 0 1 -1 1 0 1 0 1 0 1 0 0 0 0
8 -1 0 0 0 1 0 -1 -1 1 0 -1 0 1 0 -1 0 0 0 0
8 -1 0 0 0 1 0 -1 -1 -1 0 -1 0 1 0 1 0 0 0 0
8 -1 0 0 0 -1 0 -1 -1 -1 0 -1 0 1 0 -1 0 0 0 0
8 -1 0 0 0 -1 0 -1 -1 1 0 -1 0 1 0 1 0 0 0 0
8 -1 0 0 0 1 0 -1 -1 -1 0 1 0 1 0 -1 0 0 0 0
8 -1 0 0 0 1 0 -1 -1 1 0 1 0 1 0 1 0 0 0 0
8 -1 0 0 0 -1 0 -1 -1 1 0 1 0 1 0 -1 0 0 0 0
8 -1 0 0 0 -1 0 -1 -1 -1 0 1 0 1 0 1 0 0 0 0
8 0 0 0 1 0 -1 0 1 -1 0 0 0 -1 0 -1 0 -1 0 -1
8 0 0 0 1 0 -1 0 1 1 0 0 0 -1 0 1 0 -1 0 -1
8 0 0 0 -1 0 -1 0 1 1 0 0 0 -1 0 -1 0 -1 0 -1
8 0 0 0 -1 0 -1 0 1 -1 0 0 0 -1 0 1 0 -1 0 -1
8 0 0 0 1 0 -1 0 1 1 0 0 0 1 0 -1 0 -1 0 -1
8 0 0 0 1 0 -1 0 1 -1 0 0 0 1 0 1 0 -1 0 -1
8 0 0 0 -1 0 -1 0 1 -1 0 0 0 1 0 -1 0 -1 0 -1
8 0 0 0 -1 0 -1 0 1 1 0 0 0 1 0 1 0 -1 0 -1
8 0 0 0 1 0 -1 0 1 -1 0 0 0 -1 0 -1 0 1 0 1
8 0 0 0 1 0 -1 0 1 1 0 0 0 -1 0 1 0 1 0 1
8 0 0 0 -1 0 -1 0 1 1 0 0 0 -1 0 -1 0 1 0 1
8 0 0 0 -1 0 -1 0 1 -1 0 0 0 -1 0 1 0 1 0 1
8 0 0 0 1 0 -1 0 1 1 0 0 0 1 0 -1 0 1 0 1
8 0 0 0 1 0 -1 0 1 -1 0 0 0 1 0 1 0 1 0 1
8 0 0 0 -1 0 -1 0 1 -1 0 0 0 1 0 -1 0 1 0 1
8 0 0 0 -1 0 -1 0 1 1 0 0 0 1 0 1 0 1 0 1
8 0 0 0 1 0 -1 0 -1 1 0 0 0 -1 0 -1 0 -1 0 -1
8 0 0 0 1 0 -1 0 -1 -1 0 0 0 -1 0 1 0 -1 0 -1
8 0 0 0 -1 0 -1 0 -1 -1 0 0 0 -1 0 -1 0 -1 0 -1
8 0 0 0 -1 0 -1 0 -1 1 0 0 0 -1 0 1 0 -1 0 -1
8 0 0 0 1 0 -1 0 -1 -1 0 0 0 1 0 -1 0 -1 0 -1
8 0 0 0 1 0 -1 0 -1 1 0 0 0 1 0 1 0 -1 0 -1
8 0 0 0 -1 0 -1 0 -1 1 0 0 0 1 0 -1 0 -1 0 -1
8 0 0 0 -1 0 -1 0 -1 -1 0 0 0 1 0 1 0 -1 0 -1
8 0 0 0 1 0 -1 0 -1 1 0 0 0 -1 0 -1 0 1 0 1
8 0 0 0 1 0 -1 0 -1 -1 0 0 0 -1 0 1 0 1 0 1
8 0 0 0 -1 0 -1 0 -1 -1 0 0 0 -1 0 -1 0 1 0 1
8 0 0 0 -1 0 -1 0 -1 1 0 0 0 -1 0 1 0 1 0 1
8 0 0 0 1 0 -1 0 -1 -1 0 0 0 1 0 -1 0 1 0 1
8 0 0 0 1 0 -1 0 -1 1 0 0 0 1 0 1 0 1 0 1
8 0 0 0 -1 0 -1 0 -1 1 0 0 0 1 0 -1 0 1 0 1
8 0 0 0 -1 0 -1 0 -1 -1 0 0 0 1 0 1 0 1 0 1
8 0 0 0 1 0 1 0 1 1 0 0 0 -1 0 -1 0 -1 0 -1
8 0 0 0 1 0 1 0 1 -1 0 0 0 -1 0 1 0 -1 0 -1
8 0 0 0 -1 0 1 0 1 -1 0 0 0 -1 0 -1 0 -1 0 -1
8 0 0 0 -1 0 1 0 1 1 0 0 0 -1 0 1 0 -1 0 -1
8 0 0 0 1 0 1 0 1 -1 0 0 0 1 0 -1 0 -1 0 -1
8 0 0 0 1 0 1 0 1 1 0 0 0 1 0 1 0 -1 0 -1
8 0 0 0 -1 0 1 0 1 1 0 0 0 1 0 -1 0 -1 0 -1
8 0 0 0 -1 0 1 0 1 -1 0 0 0 1 0 1 0 -1 0 -1
8 0 0 0 1 0 1 0 1 1 0 0 0 -1 0 -1 0 1 0 1
8 0 0 0 1 0 1 0 1 -1 0 0 0 -1 0 1 0 1 0 1
8 0 0 0 -1 0 1 0 1 -1 0 0 0 -1 0 -1 0 1 0 1
8 0 0 0 -1 0 1 0 1 1 0 0 0 -1 0 1 0 1 0 1
8 0 0 0 1 0 1 0 1 -1 0 0 0 1 0 -1 0 1 0 1
8 0 0 0 1 0 1 0 1 1 0 0 0 1 0 1 0 1 0 1
8 0 0 0 -1 0 1 0 1 1 0 0 0 1 0 -1 0 1 0 1
8 0 0 0 -1 0 1 0 1 -1 0 0 0 1 0 1 0 1 0 1
8 0 0 0 1 0 1 0 -1 -1 0 0 0 -1 0 -1 0 -1 0 -1
8 0 0 0 1 0 1 0 -1 1 0 0 0 -1 0 1 0 -1 0 -1
8 0 0 0 -1 0 1 0 -1 1 0 0 0 -1 0 -1 0 -1 0 -1
8 0 0 0 -1 0 1 0 -1 -1 0 0 0 -1 0 1 0 -1 0 -1
8 0 0 0 1 0 1 0 -1 1 0 0 0 1 0 -1 0 -1 0 -1
8 0 0 0 1 0 1 0 -1 -1 0 0 0 1 0 1 0 -1 0 -1
8 0 0 0 -1 0 1 0 -1 -1 0 0 0 1 0 -1 0 -1 0 -1
8 0 0 0 -1 0 1 0 -1 1 0 0 0 1 0 1 0 -1 0 -1
8 0 0 0 1 0 1 0 -1 -1 0 0 0 -1 0 -1 0 1 0 1
8 0 0 0 1 0 1 0 -1 1 0 0 0 -1 0 1 0 1 0 1
8 0 0 0 -1 0 1 0 -1 1 0 0 0 -1 0 -1 0 1 0 1
8 0 0 0 -1 0 1 0 -1 -1 0 0 0 -1 0 1 0 1 0 1
8 0 0 0 1 0 1 0 -1 1 0 0 0 1 0 -1 0 1 0 1
8 0 0 0 1 0 1 0 -1 -1 0 0 0 1 0 1 0 1 0 1
8 0 0 0 -1 0 1 0 -1 -1 0 0 0 1 0 -1 0 1 0 1
8 0 0 0 -1 0 1 0 -1 1 0 0 0 1 0 1 0 1 0 1
8 0 0 1 0 1 -1 0 0 -1 0 -1 0 0 0 -1 0 -1 -1 0
8 0 0 1 0 1 -1 0 0 1 0 -1 0 0 0 1 0 -1 -1 0
8 0 0 1 0 -1 -1 0 0 1 0 -1 0 0 0 -1 0 -1 -1 0
8 0 0 1 0 -1 -1 0 0 -1 0 -1 0 0 0 1 0 -1 -1 0
8 0 0 1 0 1 -1 0 0 1 0 1 0 0 0 -1 0 -1 -1 0
8 0 0 1 0 1 -1 0 0 -1 0 1 0 0 0 1 0 -1 -1 0
8 0 0 1 0 -1 -1 0 0 -1 0 1 0 0 0 -1 0 -1 -1 0
8 0 0 1 0 -1 -1 0 0 1 0 1 0 0 0 1 0 -1 -1 0
8 0 0 -1 0 1 -1 0 0 1 0 -1 0 0 0 -1 0 -1 -1 0
8 0 0 -1 0 1 -1 0 0 -1 0 -1 0 0 0 1 0 -1 -1 0
8 0 0 -1 0 -1 -1 0 0 -1 0 -1 0 0 0 -1 0 -1 -1 0
8 0 0 -1 0 -1 -1 0 0 1 0 -1 0 0 0 1 0 -1 -1 0
8 0 0 -1 0 1 -1 0 0 -1 0 1 0 0 0 -1 0 -1 -1 0
8 0 0 -1 0 1 -1 0 0 1 0 1 0 0 0 1 0 -1 -1 0
8 0 0 -1 0 -1 -1 0 0 1 0 1 0 0 0 -1 0 -1 -1 0
8 0 0 -1 0 -1 -1 0 0 -1 0 1 0 0 0 1 0 -1 -1 0
8 0 0 1 0 1 -1 0 0 -1 0 -1 0 0 0 -1 0 1 1 0
8 0 0 1 0 1 -1 0 0 1 0 -1 0 0 0 1 0 1 1 0
8 0 0 1 0 -1 -1 0 0 1 0 -1 0 0 0 -1 0 1 1 0
8 0 0 1 0 -1 -1 0 0 -1 0 -1 0 0 0 1 0 1 1 0
8 0 0 1 0 1 -1 0 0 1 0 1 0 0 0 -1 0 1 1 0
8 0 0 1 0 1 -1 0 0 -1 0 1 0 0 0 1 0 1 1 0
8 0 0 1 0 -1 -1 0 0 -1 0 1 0 0 0 -1 0 1 1 0
8 0 0 1 0 -1 -1 0 0 1 0 1 0 0 0 1 0 1 1 0
8 0 0 -1 0 1 -1 0 0 1 0 -1 0 0 0 -1 0 1 1 0
8 0 0 -1 0 1 -1 0 0 -1 0 -1 0 0 0 1 0 1 1 0
8 0 0 -1 0 -1 -1 0 0 -1 0 -1 0 0 0 -1 0 1 1 0
8 0 0 -1 0 -1 -1 0 0 1 0 -1 0 0 0 1 0 1 1 0
8 0 0 -1 0 1 -1 0 0 -1 0 1 0 0 0 -1 0 1 1 0
8 0 0 -1 0 1 -1 0 0 1 0 1 0 0 0 1 0 1 1 0
8 0 0 -1 0 -1 -1 0 0 1 0 1 0 0 0 -1 0 1 1 0
8 0 0 -1 0 -1 -1 0 0 -1 0 1 0 0 0 1 0 1 1 0
8 0 0 1 0 1 1 0 0 1 0 -1 0 0 0 -1 0 -1 -1 0
8 0 0 1 0 1 1 0 0 -1 0 -1 0 0 0 1 0 -1 -1 0
8 0 0 1 0 -1 1 0 0 -1 0 -1 0 0 0 -1 0 -1 -1 0
8 0 0 1 0 -1 1 0 0 1 0 -1 0 0 0 1 0 -1 -1 0
8 0 0 1 0 1 1 0 0 -1 0 1 0 0 0 -1 0 -1 -1 0
8 0 0 1 0 1 1 0 0 1 0 1 0 0 0 1 0 -1 -1 0
8 0 0 1 0 -1 1 0 0 1 0 1 0 0 0 -1 0 -1 -1 0
8 0 0 1 0 -1 1 0 0 -1 0 1 0 0 0 1 0 -1 -1 0
8 0 0 -1 0 1 1 0 0 -1 0 -1 0 0 0 -1 0 -1 -1 0
8 0 0 -1 0 1 1 0 0 1 0 -1 0 0 0 1 0 -1 -1 0
8 0 0 -1 0 -1 1 0 0 1 0 -1 0 0 0 -1 0 -1 -1 0
8 0 0 -1 0 -1 1 0 0 -1 0 -1 0 0 0 1 0 -1 -1 0
8 0 0 -1 0 1 1 0 0 1 0 1 0 0 0 -1 0 -1 -1 0
8 0 0 -1 0 1 1 0 0 -1 0 1 0 0 0 1 0 -1 -1 0
8 0 0 -1 0 -1 1 0 0 -1 0 1 0 0 0 -1 0 -1 -1 0
8 0 0 -1 0 -1 1 0 0 1 0 1 0 0 0 1 0 -1 -1 0
8 0 0 1 0 1 1 0 0 1 0 -1 0 0 0 -1 0 1 1 0
8 0 0 1 0 1 1 0 0 -1 0 -1 0 0 0 1 0 1 1 0
8 0 0 1 0 -1 1 0 0 -1 0 -1 0 0 0 -1 0 1 1 0
8 0 0 1 0 -1 1 0 0 1 0 -1 0 0 0 1 0 1 1 0
8 0 0 1 0 1 1 0 0 -1 0 1 0 0 0 -1 0 1 1 0
8 0 0 1 0 1 1 0 0 1 0 1 0 0 0 1 0 1 1 0
8 0 0 1 0 -1 1 0 0 1 0 1 0 0 0 -1 0 1 1 0
8 0 0 1 0 -1 1 0 0 -1 0 1 0 0 0 1 0 1 1 0
8 0 0 -1 0 1 1 0 0 -1 0 -1 0 0 0 -1 0 1 1 0
8 0 0 -1 0 1 1 0 0 1 0 -1 0 0 0 1 0 1 1 0
8 0 0 -1 0 -1 1 0 0 1 0 -1 0 0 0 -1 0 1 1 0
8 0 0 -1 0 -1 1 0 0 -1 0 -1 0 0 0 1 0 1 1 0
8 0 0 -1 0 1 1 0 0 1 0 1 0 0 0 -1 0 1 1 0
8 0 0 -1 0 1 1 0 0 -1 0 1 0 0 0 1 0 1 1 0
8 0 0 -1 0 -1 1 0 0 -1 0 1 0 0 0 -1 0 1 1 0
8 0 0 -1 0 -1 1 0 0 1 0 1 0 0 0 1 0 1 1 0
8 1 0 1 1 0 0 1 0 -1 0 0 0 0 0 -1 0 0 -1 1
8 1 0 1 1 0 0 1 0 1 0 0 0 0 0 1 0 0 -1 1
8 1 0 1 1 0 0 1 0 -1 0 0 0 0 0 -1 0 0 1 -1
8 1 0 1 1 0 0 1 0 1 0 0 0 0 0 1 0 0 1 -1
8 1 0 1 -1 0 0 1 0 1 0 0 0 0 0 -1 0 0 -1 1
8 1 0 1 -1 0 0 1 0 -1 0 0 0 0 0 1 0 0 -1 1
8 1 0 1 -1 0 0 1 0 1 0 0 0 0 0 -1 0 0 1 -1
8 1 0 1 -1 0 0 1 0 -1 0 0 0 0 0 1 0 0 1 -1
8 1 0 1 1 0 0 -1 0 1 0 0 0 0 0 -1 0 0 -1 1
8 1 0 1 1 0 0 -1 0 -1 0 0 0 0 0 1 0 0 -1 1
8 1 0 1 1 0 0 -1 0 1 0 0 0 0 0 -1 0 0 1 -1
8 1 0 1 1 0 0 -1 0 -1 0 0 0 0 0 1 0 0 1 -1
8 1 0 1 -1 0 0 -1 0 -1 0 0 0 0 0 -1 0 0 -1 1
8 1 0 1 -1 0 0 -1 0 1 0 0 0 0 0 1 0 0 -1 1
8 1 0 1 -1 0 0 -1 0 -1 0 0 0 0 0 -1 0 0 1 -1
8 1 0 1 -1 0 0 -1 0 1 0 0 0 0 0 1 0 0 1 -1
8 -1 0 1 1 0 0 1 0 1 0 0 0 0 0 -1 0 0 -1 1
8 -1 0 1 1 0 0 1 0 -1 0 0 0 0 0 1 0 0 -1 1
8 -1 0 1 1 0 0 1 0 1 0 0 0 0 0 -1 0 0 1 -1
8 -1 0 1 1 0 0 1 0 -1 0 0 0 0 0 1 0 0 1 -1
8 -1 0 1 -1 0 0 1 0 -1 0 0 0 0 0 -1 0 0 -1 1
8 -1 0 1 -1 0 0 1 0 1 0 0 0 0 0 1 0 0 -1 1
8 -1 0 1 -1 0 0 1 0 -1 0 0 0 0 0 -1 0 0 1 -1
8 -1 0 1 -1 0 0 1 0 1 0 0 0 0 0 1 0 0 1 -1
8 -1 0 1 1 0 0 -1 0 -1 0 0 0 0 0 -1 0 0 -1 1
8 -1 0 1 1 0 0 -1 0 1 0 0 0 0 0 1 0 0 -1 1
8 -1 0 1 1 0 0 -1 0 -1 0 0 0 0 0 -1 0 0 1 -1
8 -1 0 1 1 0 0 -1 0 1 0 0 0 0 0 1 0 0 1 -1
8 -1 0 1 -1 0 0 -1 0 1 0 0 0 0 0 -1 0 0 -1 1
8 -1 0 1 -1 0 0 -1 0 -1 0 0 0 0 0 1 0 0 -1 1
8 -1 0 1 -1 0 0 -1 0 1 0 0 0 0 0 -1 0 0 1 -1
8 -1 0 1 -1 0 0 -1 0 -1 0 0 0 0 0 1 0 0 1 -1
8 1 0 -1 1 0 0 1 0 1 0 0 0 0 0 -1 0 0 -1 1
8 1 0 -1 1 0 0 1 0 -1 0 0 0 0 0 1 0 0 -1 1
8 1 0 -1 1 0 0 1 0 1 0 0 0 0 0 -1 0 0 1 -1
8 1 0 -1 1 0 0 1 0 -1 0 0 0 0 0 1 0 0 1 -1
8 1 0 -1 -1 0 0 1 0 -1 0 0 0 0 0 -1 0 0 -1 1
8 1 0 -1 -1 0 0 1 0 1 0 0 0 0 0 1 0 0 -1 1
8 1 0 -1 -1 0 0 1 0 -1 0 0 0 0 0 -1 0 0 1 -1
8 1 0 -1 -1 0 0 1 0 1 0 0 0 0 0 1 0 0 1 -1
8 1 0 -1 1 0 0 -1 0 -1 0 0 0 0 0 -1 0 0 -1 1
8 1 0 -1 1 0 0 -1 0 1 0 0 0 0 0 1 0 0 -1 1
8 1 0 -1 1 0 0 -1 0 -1 0 0 0 0 0 -1 0 0 1 -1
8 1 0 -1 1 0 0 -1 0 1 0 0 0 0 0 1 0 0 1 -1
8 1 0 -1 -1 0 0 -1 0 1 0 0 0 0 0 -1 0 0 -1 1
8 1 0 -1 -1 0 0 -1 0 -1 0 0 0 0 0 1 0 0 -1 1
8 1 0 -1 -1 0 0 -1 0 1 0 0 0 0 0 -1 0 0 1 -1
8 1 0 -1 -1 0 0 -1 0 -1 0 0 0 0 0 1 0 0 1 -1
8 -1 0 -1 1 0 0 1 0 -1 0 0 0 0 0 -1 0 0 -1 1
8 -1 0 -1 1 0 0 1 0 1 0 0 0 0 0 1 0 0 -1 1
8 -1 0 -1 1 0 0 1 0 -1 0 0 0 0 0 -1 0 0 1 -1
8 -1 0 -1 1 0 0 1 0 1 0 0 0 0 0 1 0 0 1 -1
8 -1 0 -1 -1 0 0 1 0 1 0 0 0 0 0 -1 0 0 -1 1
8 -1 0 -1 -1 0 0 1 0 -1 0 0 0 0 0 1 0 0 -1 1
8 -1 0 -1 -1 0 0 1 0 1 0 0 0 0 0 -1 0 0 1 -1
8 -1 0 -1 -1 0 0 1 0 -1 0 0 0 0 0 1 0 0 1 -1
8 -1 0 -1 1 0 0 -1 0 1 0 0 0 0 0 -1 0 0 -1 1
8 -1 0 -1 1 0 0 -1 0 -1 0 0 0 0 0 1 0 0 -1 1
8 -1 0 -1 1 0 0 -1 0 1 0 0 0 0 0 -1 0 0 1 -1
8 -1 0 -1 1 0 0 -1 0 -1 0 0 0 0 0 1 0 0 1 -1
8 -1 0 -1 -1 0 0 -1 0 -1 0 0 0 0 0 -1 0 0 -1 1
8 -1 0 -1 -1 0 0 -1 0 1 0 0 0 0 0 1 0 0 -1 1
8 -1 0 -1 -1 0 0 -1 0 -1 0 0 0 0 0 -1 0 0 1 -1
8 -1 0 -1 -1 0 0 -1 0 1 0 0 0 0 0 1 0 0 1 -1
8 1 -1 1 1 0 0 1 0 0 0 -1 1 -1 0 0 0 0 0 0
8 1 -1 1 -1 0 0 1 0 0 0 -1 -1 -1 0 0 0 0 0 0
8 1 -1 1 1 0 0 1 0 0 0 1 -1 -1 0 0 0 0 0 0
8 1 -1 1 -1 0 0 1 0 0 0 1 1 -1 0 0 0 0 0 0
8 1 -1 1 1 0 0 -1 0 0 0 -1 -1 -1 0 0 0 0 0 0
8 1 -1 1 -1 0 0 -1 0 0 0 -1 1 -1 0 0 0 0 0 0
8 1 -1 1 1 0 0 -1 0 0 0 1 1 -1 0 0 0 0 0 0
8 1 -1 1 -1 0 0 -1 0 0 0 1 -1 -1 0 0 0 0 0 0
8 1 -1 1 1 0 0 1 0 0 0 -1 -1 1 0 0 0 0 0 0
8 1 -1 1 -1 0 0 1 0 0 0 -1 1 1 0 0 0 0 0 0
8 1 -1 1 1 0 0 1 0 0 0 1 1 1 0 0 0 0 0 0
8 1 -1 1 -1 0 0 1 0 0 0 1 -1 1 0 0 0 0 0 0
8 1 -1 1 1 0 0 -1 0 0 0 -1 1 1 0 0 0 0 0 0
8 1 -1 1 -1 0 0 -1 0 0 0 -1 -1 1 0 0 0 0 0 0
8 1 -1 1 1 0 0 -1 0 0 0 1 -1 1 0 0 0 0 0 0
8 1 -1 1 -1 0 0 -1 0 0 0 1 1 1 0 0 0 0 0 0
8 -1 -1 1 1 0 0 1 0 0 0 -1 -1 -1 0 0 0 0 0 0
8 -1 -1 1 -1 0 0 1 0 0 0 -1 1 -1 0 0 0 0 0 0
8 -1 -1 1 1 0 0 1 0 0 0 1 1 -1 0 0 0 0 0 0
8 -1 -1 1 -1 0 0 1 0 0 0 1 -1 -1 0 0 0 0 0 0
8 -1 -1 1 1 0 0 -1 0 0 0 -1 1 -1 0 0 0 0 0 0
8 -1 -1 1 -1 0 0 -1 0 0 0 -1 -1 -1 0 0 0 0 0 0
8 -1 -1 1 1 0 0 -1 0 0 0 1 -1 -1 0 0 0 0 0 0
8 -1 -1 1 -1 0 0 -1 0 0 0 1 1 -1 0 0 0 0 0 0
8 -1 -1 1 1 0 0 1 0 0 0 -1 1 1 0 0 0 0 0 0
8 -1 -1 1 -1 0 0 1 0 0 0 -1 -1 1 0 0 0 0 0 0
8 -1 -1 1 1 0 0 1 0 0 0 1 -1 1 0 0 0 0 0 0
8 -1 -1 1 -1 0 0 1 0 0 0 1 1 1 0 0 0 0 0 0
8 -1 -1 1 1 0 0 -1 0 0 0 -1 -1 1 0 0 0 0 0 0
8 -1 -1 1 -1 0 0 -1 0 0 0 -1 1 1 0 0 0 0 0 0
8 -1 -1 1 1 0 0 -1 0 0 0 1 1 1 0 0 0 0 0 0
8 -1 -1 1 -1 0 0 -1 0 0 0 1 -1 1 0 0 0 0 0 0
8 1 1 1 1 0 0 1 0 0 0 -1 -1 -1 0 0 0 0 0 0
8 1 1 1 -1 0 0 1 0 0 0 -1 1 -1 0 0 0 0 0 0
8 1 1 1 1 0 0 1 0 0 0 1 1 -1 0 0 0 0 0 0
8 1 1 1 -1 0 0 1 0 0 0 1 -1 -1 0 0 0 0 0 0
8 1 1 1 1 0 0 -1 0 0 0 -1 1 -1 0 0 0 0 0 0
8 1 1 1 -1 0 0 -1 0 0 0 -1 -1 -1 0 0 0 0 0 0
8 1 1 1 1 0 0 -1 0 0 0 1 -1 -1 0 0 0 0 0 0
8 1 1 1 -1 0 0 -1 0 0 0 1 1 -1 0 0 0 0 0 0
8 1 1 1 1 0 0 1 0 0 0 -1 1 1 0 0 0 0 0 0
8 1 1 1 -1 0 0 1 0 0 0 -1 -1 1 0 0 0 0 0 0
8 1 1 1 1 0 0 1 0 0 0 1 -1 1 0 0 0 0 0 0
8 1 1 1 -1 0 0 1 0 0 0 1 1 1 0 0 0 0 0 0
8 1 1 1 1 0 0 -1 0 0 0 -1 -1 1 0 0 0 0 0 0
8 1 1 1 -1 0 0 -1 0 0 0 -1 1 1 0 0 0 0 0 0
8 1 1 1 1 0 0 -1 0 0 0 1 1 1 0 0 0 0 0 0
8 1 1 1 -1 0 0 -1 0 0 0 1 -1 1 0 0 0 0 0 0
8 -1 1 1 1 0 0 1 0 0 0 -1 1 -1 0 0 0 0 0 0
8 -1 1 1 -1 0 0 1 0 0 0 -1 -1 -1 0 0 0 0 0 0
8 -1 1 1 1 0 0 1 0 0 0 1 -1 -1 0 0 0 0 0 0
8 -1 1 1 -1 0 0 1 0 0 0 1 1 -1 0 0 0 0 0 0
8 -1 1 1 1 0 0 -1 0 0 0 -1 -1 -1 0 0 0 0 0 0
8 -1 1 1 -1 0 0 -1 0 0 0 -1 1 -1 0 0 0 0 0 0
8 -1 1 1 1 0 0 -1 0 0 0 1 1 -1 0 0 0 0 0 0
8 -1 1 1 -1 0 0 -1 0 0 0 1 -1 -1 0 0 0 0 0 0
8 -1 1 1 1 0 0 1 0 0 0 -1 -1 1 0 0 0 0 0 0
8 -1 1 1 -1 0 0 1 0 0 0 -1 1 1 0 0 0 0 0 0
8 -1 1 1 1 0 0 1 0 0 0 1 1 1 0 0 0 0 0 0
8 -1 1 1 -1 0 0 1 0 0 0 1 -1 1 0 0 0 0 0 0
8 -1 1 1 1 0 0 -1 0 0 0 -1 1 1 0 0 0 0 0 0
8 -1 1 1 -1 0 0 -1 0 0 0 -1 -1 1 0 0 0 0 0 0
8 -1 1 1 1 0 0 -1 0 0 0 1 -1 1 0 0 0 0 0 0
8 -1 1 1 -1 0 0 -1 0 0 0 1 1 1 0 0 0 0 0 0
8 1 -1 -1 1 0 0 1 0 0 0 -1 -1 -1 0 0 0 0 0 0
8 1 -1 -1 -1 0 0 1 0 0 0 -1 1 -1 0 0 0 0 0 0
8 1 -1 -1 1 0 0 1 0 0 0 1 1 -1 0 0 0 0 0 0
8 1 -1 -1 -1 0 0 1 0 0 0 1 -1 -1 0 0 0 0 0 0
8 1 -1 -1 1 0 0 -1 0 0 0 -1 1 -1 0 0 0 0 0 0
8 1 -1 -1 -1 0 0 -1 0 0 0 -1 -1 -1 0 0 0 0 0 0
8 1 -1 -1 1 0 0 -1 0 0 0 1 -1 -1 0 0 0 0 0 0
8 1 -1 -1 -1 0 0 -1 0 0 0 1 1 -1 0 0 0 0 0 0
8 1 -1 -1 1 0 0 1 0 0 0 -1 1 1 0 0 0 0 0 0
8 1 -1 -1 -1 0 0 1 0 0 0 -1 -1 1 0 0 0 0 0 0
8 1 -1 -1 1 0 0 1 0 0 0 1 -1 1 0 0 0 0 0 0
8 1 -1 -1 -1 0 0 1 0 0 0 1 1 1 0 0 0 0 0 0
8 1 -1 -1 1 0 0 -1 0 0 0 -1 -1 1 0 0 0 0 0 0
8 1 -1 -1 -1 0 0 -1 0 0 0 -1 1 1 0 0 0 0 0 0
8 1 -1 -1 1 0 0 -1 0 0 0 1 1 1 0 0 0 0 0 0
8 1 -1 -1 -1 0 0 -1 0 0 0 1 -1 1 0 0 0 0 0 0
8 -1 -1 -1 1 0 0 1 0 0 0 -1 1 -1 0 0 0 0 0 0
8 -1 -1 -1 -1 0 0 1 0 0 0 -1 -1 -1 0 0 0 0 0 0
8 -1 -1 -1 1 0 0 1 0 0 0 1 -1 -1 0 0 0 0 0 0
8 -1 -1 -1 -1 0 0 1 0 0 0 1 1 -1 0 0 0 0 0 0
8 -1 -1 -1 1 0 0 -1 0 0 0 -1 -1 -1 0 0 0 0 0 0
8 -1 -1 -1 -1 0 0 -1 0 0 0 -1 1 -1 0 0 0 0 0 0
8 -1 -1 -1 1 0 0 -1 0 0 0 1 1 -1 0 0 0 0 0 0
8 -1 -1 -1 -1 0 0 -1 0 0 0 1 -1 -1 0 0 0 0 0 0
8 -1 -1 -1 1 0 0 1 0 0 0 -1 -1 1 0 0 0 0 0 0
8 -1 -1 -1 -1 0 0 1 0 0 0 -1 1 1 0 0 0 0 0 0
8 -1 -1 -1 1 0 0 1 0 0 0 1 1 1 0 0 0 0 0 0
8 -1 -1 -1 -1 0 0 1 0 0 0 1 -1 1 0 0 0 0 0 0
8 -1 -1 -1 1 0 0 -1 0 0 0 -1 1 1 0 0 0 0 0 0
8 -1 -1 -1 -1 0 0 -1 0 0 0 -1 -1 1 0 0 0 0 0 0
8 -1 -1 -1 1 0 0 -1 0 0 0 1 -1 1 0 0 0 0 0 0
8 -1 -1 -1 -1 0 0 -1 0 0 0 1 1 1 0 0 0 0 0 0
8 1 1 -1 1 0 0 1 0 0 0 -1 1 -1 0 0 0 0 0 0
8 1 1 -1 -1 0 0 1 0 0 0 -1 -1 -1 0 0 0 0 0 0
8 1 1 -1 1 0 0 1 0 0 0 1 -1 -1 0 0 0 0 0 0
8 1 1 -1 -1 0 0 1 0 0 0 1 1 -1 0 0 0 0 0 0
8 1 1 -1 1 0 0 -1 0 0 0 -1 -1 -1 0 0 0 0 0 0
8 1 1 -1 -1 0 0 -1 0 0 0 -1 1 -1 0 0 0 0 0 0
8 1 1 -1 1 0 0 -1 0 0 0 1 1 -1 0 0 0 0 0 0
8 1 1 -1 -1 0 0 -1 0 0 0 1 -1 -1 0 0 0 0 0 0
8 1 1 -1 1 0 0 1 0 0 0 -1 -1 1 0 0 0 0 0 0
8 1 1 -1 -1 0 0 1 0 0 0 -1 1 1 0 0 0 0 0 0
8 1 1 -1 1 0 0 1 0 0 0 1 1 1 0 0 0 0 0 0
8 1 1 -1 -1 0 0 1 0 0 0 1 -1 1 0 0 0 0 0 0
8 1 1 -1 1 0 0 -1 0 0 0 -1 1 1 0 0 0 0 0 0
8 1 1 -1 -1 0 0 -1 0 0 0 -1 -1 1 0 0 0 0 0 0
8 1 1 -1 1 0 0 -1 0 0 0 1 -1 1 0 0 0 0 0 0
8 1 1 -1 -1 0 0 -1 0 0 0 1 1 1 0 0 0 0 0 0
8 -1 1 -1 1 0 0 1 0 0 0 -1 -1 -1 0 0 0 0 0 0
8 -1 1 -1 -1 0 0 1 0 0 0 -1 1 -1 0 0 0 0 0 0
8 -1 1 -1 1 0 0 1 0 0 0 1 1 -1 0 0 0 0 0 0
8 -1 1 -1 -1 0 0 1 0 0 0 1 -1 -1 0 0 0 0 0 0
8 -1 1 -1 1 0 0 -1 0 0 0 -1 1 -1 0 0 0 0 0 0
8 -1 1 -1 -1 0 0 -1 0 0 0 -1 -1 -1 0 0 0 0 0 0
8 -1 1 -1 1 0 0 -1 0 0 0 1 -1 -1 0 0 0 0 0 0
8 -1 1 -1 -1 0 0 -1 0 0 0 1 1 -1 0 0 0 0 0 0
8 -1 1 -1 1 0 0 1 0 0 0 -1 1 1 0 0 0 0 0 0
8 -1 1 -1 -1 0 0 1 0 0 0 -1 -1 1 0 0 0 0 0 0
8 -1 1 -1 1 0 0 1 0 0 0 1 -1 1 0 0 0 0 0 0
8 -1 1 -1 -1 0 0 1 0 0 0 1 1 1 0 0 0 0 0 0
8 -1 1 -1 1 0 0 -1 0 0 0 -1 -1 1 0 0 0 0 0 0
8 -1 1 -1 -1 0 0 -1 0 0 0 -1 1 1 0 0 0 0 0 0
8 -1 1 -1 1 0 0 -1 0 0 0 1 1 1 0 0 0 0 0 0
8 -1 1 -1 -1 0 0 -1 0 0 0 1 -1 1 0 0 0 0 0 0
8 0 -1 1 0 1 -1 0 0 0 0 0 -1 -1 0 0 0 -1 0 -1
8 0 -1 1 0 -1 -1 0 0 0 0 0 1 -1 0 0 0 -1 0 -1
8 0 -1 1 0 1 -1 0 0 0 0 0 1 1 0 0 0 -1 0 -1
8 0 -1 1 0 -1 -1 0 0 0 0 0 -1 1 0 0 0 -1 0 -1
8 0 1 1 0 1 -1 0 0 0 0 0 1 -1 0 0 0 -1 0 -1
8 0 1 1 0 -1 -1 0 0 0 0 0 -1 -1 0 0 0 -1 0 -1
8 0 1 1 0 1 -1 0 0 0 0 0 -1 1 0 0 0 -1 0 -1
8 0 1 1 0 -1 -1 0 0 0 0 0 1 1 0 0 0 -1 0 -1
8 0 -1 -1 0 1 -1 0 0 0 0 0 1 -1 0 0 0 -1 0 -1
8 0 -1 -1 0 -1 -1 0 0 0 0 0 -1 -1 0 0 0 -1 0 -1
8 0 -1 -1 0 1 -1 0 0 0 0 0 -1 1 0 0 0 -1 0 -1
8 0 -1 -1 0 -1 -1 0 0 0 0 0 1 1 0 0 0 -1 0 -1
8 0 1 -1 0 1 -1 0 0 0 0 0 -1 -1 0 0 0 -1 0 -1
8 0 1 -1 0 -1 -1 0 0 0 0 0 1 -1 0 0 0 -1 0 -1
8 0 1 -1 0 1 -1 0 0 0 0 0 1 1 0 0 0 -1 0 -1
8 0 1 -1 0 -1 -1 0 0 0 0 0 -1 1 0 0 0 -1 0 -1
8 0 -1 1 0 1 -1 0 0 0 0 0 -1 -1 0 0 0 1 0 1
8 0 -1 1 0 -1 -1 0 0 0 0 0 1 -1 0 0 0 1 0 1
8 0 -1 1 0 1 -1 0 0 0 0 0 1 1 0 0 0 1 0 1
8 0 -1 1 0 -1 -1 0 0 0 0 0 -1 1 0 0 0 1 0 1
8 0 1 1 0 1 -1 0 0 0 0 0 1 -1 0 0 0 1 0 1
8 0 1 1 0 -1 -1 0 0 0 0 0 -1 -1 0 0 0 1 0 1
8 0 1 1 0 1 -1 0 0 0 0 0 -1 1 0 0 0 1 0 1
8 0 1 1 0 -1 -1 0 0 0 0 0 1 1 0 0 0 1 0 1
8 0 -1 -1 0 1 -1 0 0 0 0 0 1 -1 0 0 0 1 0 1
8 0 -1 -1 0 -1 -1 0 0 0 0 0 -1 -1 0 0 0 1 0 1
8 0 -1 -1 0 1 -1 0 0 0 0 0 -1 1 0 0 0 1 0 1
8 0 -1 -1 0 -1 -1 0 0 0 0 0 1 1 0 0 0 1 0 1
8 0 1 -1 0 1 -1 0 0 0 0 0 -1 -1 0 0 0 1 0 1
8 0 1 -1 0 -1 -1 0 0 0 0 0 1 -1 0 0 0 1 0 1
8 0 1 -1 0 1 -1 0 0 0 0 0 1 1 0 0 0 1 0 1
8 0 1 -1 0 -1 -1 0 0 0 0 0 -1 1 0 0 0 1 0 1
8 0 -1 1 0 1 1 0 0 0 0 0 1 -1 0 0 0 -1 0 -1
8 0 -1 1 0 -1 1 0 0 0 0 0 -1 -1 0 0 0 -1 0 -1
8 0 -1 1 0 1 1 0 0 0 0 0 -1 1 0 0 0 -1 0 -1
8 0 -1 1 0 -1 1 0 0 0 0 0 1 1 0 0 0 -1 0 -1
8 0 1 1 0 1 1 0 0 0 0 0 -1 -1 0 0 0 -1 0 -1
8 0 1 1 0 -1 1 0 0 0 0 0 1 -1 0 0 0 -1 0 -1
8 0 1 1 0 1 1 0 0 0 0 0 1 1 0 0 0 -1 0 -1
8 0 1 1 0 -1 1 0 0 0 0 0 -1 1 0 0 0 -1 0 -1
8 0 -1 -1 0 1 1 0 0 0 0 0 -1 -1 0 0 0 -1 0 -1
8 0 -1 -1 0 -1 1 0 0 0 0 0 1 -1 0 0 0 -1 0 -1
8 0 -1 -1 0 1 1 0 0 0 0 0 1 1 0 0 0 -1 0 -1
8 0 -1 -1 0 -1 1 0 0 0 0 0 -1 1 0 0 0 -1 0 -1
8 0 1 -1 0 1 1 0 0 0 0 0 1 -1 0 0 0 -1 0 -1
8 0 1 -1 0 -1 1 0 0 0 0 0 -1 -1 0 0 0 -1 0 -1
8 0 1 -1 0 1 1 0 0 0 0 0 -1 1 0 0 0 -1 0 -1
8 0 1 -1 0 -1 1 0 0 0 0 0 1 1 0 0 0 -1 0 -1
8 0 -1 1 0 1 1 0 0 0 0 0 1 -1 0 0 0 1 0 1
8 0 -1 1 0 -1 1 0 0 0 0 0 -1 -1 0 0 0 1 0 1
8 0 -1 1 0 1 1 0 0 0 0 0 -1 1 0 0 0 1 0 1
8 0 -1 1 0 -1 1 0 0 0 0 0 1 1 0 0 0 1 0 1
8 0 1 1 0 1 1 0 0 0 0 0 -1 -1 0 0 0 1 0 1
8 0 1 1 0 -1 1 0 0 0 0 0 1 -1 0 0 0 1 0 1
8 0 1 1 0 1 1 0 0 0 0 0 1 1 0 0 0 1 0 1
8 0 1 1 0 -1 1 0 0 0 0 0 -1 1 0 0 0 1 0 1
8 0 -1 -1 0 1 1 0 0 0 0 0 -1 -1 0 0 0 1 0 1
8 0 -1 -1 0 -1 1 0 0 0 0 0 1 -1 0 0 0 1 0 1
8 0 -1 -1 0 1 1 0 0 0 0 0 1 1 0 0 0 1 0 1
8 0 -1 -1 0 -1 1 0 0 0 0 0 -1 1 0 0 0 1 0 1
8 0 1 -1 0 1 1 0 0 0 0 0 1 -1 0 0 0 1 0 1
8 0 1 -1 0 -1 1 0 0 0 0 0 -1 -1 0 0 0 1 0 1
8 0 1 -1 0 1 1 0 0 0 0 0 -1 1 0 0 0 1 0 1
8 0 1 -1 0 -1 1 0 0 0 0 0 1 1 0 0 0 1 0 1
8 0 -1 0 1 0 -1 0 1 0 0 -1 -1 0 0 0 0 -1 -1 0
8 0 -1 0 -1 0 -1 0 1 0 0 -1 1 0 0 0 0 -1 -1 0
8 0 -1 0 1 0 -1 0 1 0 0 1 1 0 0 0 0 -1 -1 0
8 0 -1 0 -1 0 -1 0 1 0 0 1 -1 0 0 0 0 -1 -1 0
8 0 1 0 1 0 -1 0 1 0 0 -1 1 0 0 0 0 -1 -1 0
8 0 1 0 -1 0 -1 0 1 0 0 -1 -1 0 0 0 0 -1 -1 0
8 0 1 0 1 0 -1 0 1 0 0 1 -1 0 0 0 0 -1 -1 0
8 0 1 0 -1 0 -1 0 1 0 0 1 1 0 0 0 0 -1 -1 0
8 0 -1 0 1 0 -1 0 1 0 0 -1 -1 0 0 0 0 1 1 0
8 0 -1 0 -1 0 -1 0 1 0 0 -1 1 0 0 0 0 1 1 0
8 0 -1 0 1 0 -1 0 1 0 0 1 1 0 0 0 0 1 1 0
8 0 -1 0 -1 0 -1 0 1 0 0 1 -1 0 0 0 0 1 1 0
8 0 1 0 1 0 -1 0 1 0 0 -1 1 0 0 0 0 1 1 0
8 0 1 0 -1 0 -1 0 1 0 0 -1 -1 0 0 0 0 1 1 0
8 0 1 0 1 0 -1 0 1 0 0 1 -1 0 0 0 0 1 1 0
8 0 1 0 -1 0 -1 0 1 0 0 1 1 0 0 0 0 1 1 0
8 0 -1 0 1 0 -1 0 -1 0 0 -1 1 0 0 0 0 -1 -1 0
8 0 -1 0 -1 0 -1 0 -1 0 0 -1 -1 0 0 0 0 -1 -1 0
8 0 -1 0 1 0 -1 0 -1 0 0 1 -1 0 0 0 0 -1 -1 0
8 0 -1 0 -1 0 -1 0 -1 0 0 1 1 0 0 0 0 -1 -1 0
8 0 1 0 1 0 -1 0 -1 0 0 -1 -1 0 0 0 0 -1 -1 0
8 0 1 0 -1 0 -1 0 -1 0 0 -1 1 0 0 0 0 -1 -1 0
8 0 1 0 1 0 -1 0 -1 0 0 1 1 0 0 0 0 -1 -1 0
8 0 1 0 -1 0 -1 0 -1 0 0 1 -1 0 0 0 0 -1 -1 0
8 0 -1 0 1 0 -1 0 -1 0 0 -1 1 0 0 0 0 1 1 0
8 0 -1 0 -1 0 -1 0 -1 0 0 -1 -1 0 0 0 0 1 1 0
8 0 -1 0 1 0 -1 0 -1 0 0 1 -1 0 0 0 0 1 1 0
8 0 -1 0 -1 0 -1 0 -1 0 0 1 1 0 0 0 0 1 1 0
8 0 1 0 1 0 -1 0 -1 0 0 -1 -1 0 0 0 0 1 1 0
8 0 1 0 -1 0 -1 0 -1 0 0 -1 1 0 0 0 0 1 1 0
8 0 1 0 1 0 -1 0 -1 0 0 1 1 0 0 0 0 1 1 0
8 0 1 0 -1 0 -1 0 -1 0 0 1 -1 0 0 0 0 1 1 0
8 0 -1 0 1 0 1 0 1 0 0 -1 1 0 0 0 0 -1 -1 0
8 0 -1 0 -1 0 1 0 1 0 0 -1 -1 0 0 0 0 -1 -1 0
8 0 -1 0 1 0 1 0 1 0 0 1 -1 0 0 0 0 -1 -1 0
8 0 -1 0 -1 0 1 0 1 0 0 1 1 0 0 0 0 -1 -1 0
8 0 1 0 1 0 1 0 1 0 0 -1 -1 0 0 0 0 -1 -1 0
8 0 1 0 -1 0 1 0 1 0 0 -1 1 0 0 0 0 -1 -1 0
8 0 1 0 1 0 1 0 1 0 0 1 1 0 0 0 0 -1 -1 0
8 0 1 0 -1 0 1 0 1 0 0 1 -1 0 0 0 0 -1 -1 0
8 0 -1 0 1 0 1 0 1 0 0 -1 1 0 0 0 0 1 1 0
8 0 -1 0 -1 0 1 0 1 0 0 -1 -1 0 0 0 0 1 1 0
8 0 -1 0 1 0 1 0 1 0 0 1 -1 0 0 0 0 1 1 0
8 0 -1 0 -1 0 1 0 1 0 0 1 1 0 0 0 0 1 1 0
8 0 1 0 1 0 1 0 1 0 0 -1 -1 0 0 0 0 1 1 0
8 0 1 0 -1 0 1 0 1 0 0 -1 1 0 0 0 0 1 1 0
8 0 1 0 1 0 1 0 1 0 0 1 1 0 0 0 0 1 1 0
8 0 1 0 -1 0 1 0 1 0 0 1 -1 0 0 0 0 1 1 0
8 0 -1 0 1 0 1 0 -1 0 0 -1 -1 0 0 0 0 -1 -1 0
8 0 -1 0 -1 0 1 0 -1 0 0 -1 1 0 0 0 0 -1 -1 0
8 0 -1 0 1 0 1 0 -1 0 0 1 1 0 0 0 0 -1 -1 0
8 0 -1 0 -1 0 1 0 -1 0 0 1 -1 0 0 0 0 -1 -1 0
8 0 1 0 1 0 1 0 -1 0 0 -1 1 0 0 0 0 -1 -1 0
8 0 1 0 -1 0 1 0 -1 0 0 -1 -1 0 0 0 0 -1 -1 0
8 0 1 0 1 0 1 0 -1 0 0 1 -1 0 0 0 0 -1 -1 0
8 0 1 0 -1 0 1 0 -1 0 0 1 1 0 0 0 0 -1 -1 0
8 0 -1 0 1 0 1 0 -1 0 0 -1 -1 0 0 0 0 1 1 0
8 0 -1 0 -1 0 1 0 -1 0 0 -1 1 0 0 0 0 1 1 0
8 0 -1 0 1 0 1 0 -1 0 0 1 1 0 0 0 0 1 1 0
8 0 -1 0 -1 0 1 0 -1 0 0 1 -1 0 0 0 0 1 1 0
8 0 1 0 1 0 1 0 -1 0 0 -1 1 0 0 0 0 1 1 0
8 0 1 0 -1 0 1 0 -1 0 0 -1 -1 0 0 0 0 1 1 0
8 0 1 0 1 0 1 0 -1 0 0 1 -1 0 0 0 0 1 1 0
8 0 1 0 -1 0 1 0 -1 0 0 1 1 0 0 0 0 1 1 0
8 1 -1 0 0 1 0 1 1 0 0 0 -1 0 0 0 0 0 -1 1
8 1 -1 0 0 1 0 1 1 0 0 0 -1 0 0 0 0 0 1 -1
8 1 -1 0 0 -1 0 1 1 0 0 0 1 0 0 0 0 0 -1 1
8 1 -1 0 0 -1 0 1 1 0 0 0 1 0 0 0 0 0 1 -1
8 1 -1 0 0 1 0 -1 1 0 0 0 1 0 0 0 0 0 -1 1
8 1 -1 0 0 1 0 -1 1 0 0 0 1 0 0 0 0 0 1 -1
8 1 -1 0 0 -1 0 -1 1 0 0 0 -1 0 0 0 0 0 -1 1
8 1 -1 0 0 -1 0 -1 1 0 0 0 -1 0 0 0 0 0 1 -1
8 -1 -1 0 0 1 0 1 1 0 0 0 1 0 0 0 0 0 -1 1
8 -1 -1 0 0 1 0 1 1 0 0 0 1 0 0 0 0 0 1 -1
8 -1 -1 0 0 -1 0 1 1 0 0 0 -1 0 0 0 0 0 -1 1
8 -1 -1 0 0 -1 0 1 1 0 0 0 -1 0 0 0 0 0 1 -1
8 -1 -1 0 0 1 0 -1 1 0 0 0 -1 0 0 0 0 0 -1 1
8 -1 -1 0 0 1 0 -1 1 0 0 0 -1 0 0 0 0 0 1 -1
8 -1 -1 0 0 -1 0 -1 1 0 0 0 1 0 0 0 0 0 -1 1
8 -1 -1 0 0 -1 0 -1 1 0 0 0 1 0 0 0 0 0 1 -1
8 1 1 0 0 1 0 1 1 0 0 0 1 0 0 0 0 0 -1 1
8 1 1 0 0 1 0 1 1 0 0 0 1 0 0 0 0 0 1 -1
8 1 1 0 0 -1 0 1 1 0 0 0 -1 0 0 0 0 0 -1 1
8 1 1 0 0 -1 0 1 1 0 0 0 -1 0 0 0 0 0 1 -1
8 1 1 0 0 1 0 -1 1 0 0 0 -1 0 0 0 0 0 -1 1
8 1 1 0 0 1 0 -1 1 0 0 0 -1 0 0 0 0 0 1 -1
8 1 1 0 0 -1 0 -1 1 0 0 0 1 0 0 0 0 0 -1 1
8 1 1 0 0 -1 0 -1 1 0 0 0 1 0 0 0 0 0 1 -1
8 -1 1 0 0 1 0 1 1 0 0 0 -1 0 0 0 0 0 -1 1
8 -1 1 0 0 1 0 1 1 0 0 0 -1 0 0 0 0 0 1 -1
8 -1 1 0 0 -1 0 1 1 0 0 0 1 0 0 0 0 0 -1 1
8 -1 1 0 0 -1 0 1 1 0 0 0 1 0 0 0 0 0 1 -1
8 -1 1 0 0 1 0 -1 1 0 0 0 1 0 0 0 0 0 -1 1
8 -1 1 0 0 1 0 -1 1 0 0 0 1 0 0 0 0 0 1 -1
8 -1 1 0 0 -1 0 -1 1 0 0 0 -1 0 0 0 0 0 -1 1
8 -1 1 0 0 -1 0 -1 1 0 0 0 -1 0 0 0 0 0 1 -1
8 1 -1 0 0 1 0 1 -1 0 0 0 1 0 0 0 0 0 -1 1
8 1 -1 0 0 1 0 1 -1 0 0 0 1 0 0 0 0 0 1 -1
8 1 -1 0 0 -1 0 1 -1 0 0 0 -1 0 0 0 0 0 -1 1
8 1 -1 0 0 -1 0 1 -1 0 0 0 -1 0 0 0 0 0 1 -1
8 1 -1 0 0 1 0 -1 -1 0 0 0 -1 0 0 0 0 0 -1 1
8 1 -1 0 0 1 0 -1 -1 0 0 0 -1 0 0 0 0 0 1 -1
8 1 -1 0 0 -1 0 -1 -1 0 0 0 1 0 0 0 0 0 -1 1
8 1 -1 0 0 -1 0 -1 -1 0 0 0 1 0 0 0 0 0 1 -1
8 -1 -1 0 0 1 0 1 -1 0 0 0 -1 0 0 0 0 0 -1 1
8 -1 -1 0 0 1 0 1 -1 0 0 0 -1 0 0 0 0 0 1 -1
8 -1 -1 0 0 -1 0 1 -1 0 0 0 1 0 0 0 0 0 -1 1
8 -1 -1 0 0 -1 0 1 -1 0 0 0 1 0 0 0 0 0 1 -1
8 -1 -1 0 0 1 0 -1 -1 0 0 0 1 0 0 0 0 0 -1 1
8 -1 -1 0 0 1 0 -1 -1 0 0 0 1 0 0 0 0 0 1 -1
8 -1 -1 0 0 -1 0 -1 -1 0 0 0 -1 0 0 0 0 0 -1 1
8 -1 -1 0 0 -1 0 -1 -1 0 0 0 -1 0 0 0 0 0 1 -1
8 1 1 0 0 1 0 1 -1 0 0 0 -1 0 0 0 0 0 -1 1
8 1 1 0 0 1 0 1 -1 0 0 0 -1 0 0 0 0 0 1 -1
8 1 1 0 0 -1 0 1 -1 0 0 0 1 0 0 0 0 0 -1 1
8 1 1 0 0 -1 0 1 -1 0 0 0 1 0 0 0 0 0 1 -1
8 1 1 0 0 1 0 -1 -1 0 0 0 1 0 0 0 0 0 -1 1
8 1 1 0 0 1 0 -1 -1 0 0 0 1 0 0 0 0 0 1 -1
8 1 1 0 0 -1 0 -1 -1 0 0 0 -1 0 0 0 0 0 -1 1
8 1 1 0 0 -1 0 -1 -1 0 0 0 -1 0 0 0 0 0 1 -1
8 -1 1 0 0 1 0 1 -1 0 0 0 1 0 0 0 0 0 -1 1
8 -1 1 0 0 1 0 1 -1 0 0 0 1 0 0 0 0 0 1 -1
8 -1 1 0 0 -1 0 1 -1 0 0 0 -1 0 0 0 0 0 -1 1
8 -1 1 0 0 -1 0 1 -1 0 0 0 -1 0 0 0 0 0 1 -1
8 -1 1 0 0 1 0 -1 -1 0 0 0 -1 0 0 0 0 0 -1 1
8 -1 1 0 0 1 0 -1 -1 0 0 0 -1 0 0 0 0 0 1 -1
8 -1 1 0 0 -1 0 -1 -1 0 0 0 1 0 0 0 0 0 -1 1
8 -1 1 0 0 -1 0 -1 -1 0 0 0 1 0 0 0 0 0 1 -1
8 1 0 0 1 0 0 1 1 0 0 0 -1 0 0 -1 0 0 -1 -1
8 1 0 0 1 0 0 1 1 0 0 0 1 0 0 1 0 0 -1 -1
8 1 0 0 -1 0 0 1 1 0 0 0 1 0 0 -1 0 0 -1 -1
8 1 0 0 -1 0 0 1 1 0 0 0 -1 0 0 1 0 0 -1 -1
8 1 0 0 1 0 0 -1 1 0 0 0 1 0 0 -1 0 0 -1 -1
8 1 0 0 1 0 0 -1 1 0 0 0 -1 0 0 1 0 0 -1 -1
8 1 0 0 -1 0 0 -1 1 0 0 0 -1 0 0 -1 0 0 -1 -1
8 1 0 0 -1 0 0 -1 1 0 0 0 1 0 0 1 0 0 -1 -1
8 -1 0 0 1 0 0 1 1 0 0 0 1 0 0 -1 0 0 -1 -1
8 -1 0 0 1 0 0 1 1 0 0 0 -1 0 0 1 0 0 -1 -1
8 -1 0 0 -1 0 0 1 1 0 0 0 -1 0 0 -1 0 0 -1 -1
8 -1 0 0 -1 0 0 1 1 0 0 0 1 0 0 1 0 0 -1 -1
8 -1 0 0 1 0 0 -1 1 0 0 0 -1 0 0 -1 0 0 -1 -1
8 -1 0 0 1 0 0 -1 1 0 0 0 1 0 0 1 0 0 -1 -1
8 -1 0 0 -1 0 0 -1 1 0 0 0 1 0 0 -1 0 0 -1 -1
8 -1 0 0 -1 0 0 -1 1 0 0 0 -1 0 0 1 0 0 -1 -1
8 1 0 0 1 0 0 1 1 0 0 0 -1 0 0 -1 0 0 1 1
8 1 0 0 1 0 0 1 1 0 0 0 1 0 0 1 0 0 1 1
8 1 0 0 -1 0 0 1 1 0 0 0 1 0 0 -1 0 0 1 1
8 1 0 0 -1 0 0 1 1 0 0 0 -1 0 0 1 0 0 1 1
8 1 0 0 1 0 0 -1 1 0 0 0 1 0 0 -1 0 0 1 1
8 1 0 0 1 0 0 -1 1 0 0 0 -1 0 0 1 0 0 1 1
8 1 0 0 -1 0 0 -1 1 0 0 0 -1 0 0 -1 0 0 1 1
8 1 0 0 -1 0 0 -1 1 0 0 0 1 0 0 1 0 0 1 1
8 -1 0 0 1 0 0 1 1 0 0 0 1 0 0 -1 0 0 1 1
8 -1 0 0 1 0 0 1 1 0 0 0 -1 0 0 1 0 0 1 1
8 -1 0 0 -1 0 0 1 1 0 0 0 -1 0 0 -1 0 0 1 1
8 -1 0 0 -1 0 0 1 1 0 0 0 1 0 0 1 0 0 1 1
8 -1 0 0 1 0 0 -1 1 0 0 0 -1 0 0 -1 0 0 1 1
8 -1 0 0 1 0 0 -1 1 0 0 0 1 0 0 1 0 0 1 1
8 -1 0 0 -1 0 0 -1 1 0 0 0 1 0 0 -1 0 0 1 1
8 -1 0 0 -1 0 0 -1 1 0 0 0 -1 0 0 1 0 0 1 1
8 1 0 0 1 0 0 1 -1 0 0 0 1 0 0 -1 0 0 -1 -1
8 1 0 0 1 0 0 1 -1 0 0 0 -1 0 0 1 0 0 -1 -1
8 1 0 0 -1 0 0 1 -1 0 0 0 -1 0 0 -1 0 0 -1 -1
8 1 0 0 -1 0 0 1 -1 0 0 0 1 0 0 1 0 0 -1 -1
8 1 0 0 1 0 0 -1 -1 0 0 0 -1 0 0 -1 0 0 -1 -1
8 1 0 0 1 0 0 -1 -1 0 0 0 1 0 0 1 0 0 -1 -1
8 1 0 0 -1 0 0 -1 -1 0 0 0 1 0 0 -1 0 0 -1 -1
8 1 0 0 -1 0 0 -1 -1 0 0 0 -1 0 0 1 0 0 -1 -1
8 -1 0 0 1 0 0 1 -1 0 0 0 -1 0 0 -1 0 0 -1 -1
8 -1 0 0 1 0 0 1 -1 0 0 0 1 0 0 1 0 0 -1 -1
8 -1 0 0 -1 0 0 1 -1 0 0 0 1 0 0 -1 0 0 -1 -1
8 -1 0 0 -1 0 0 1 -1 0 0 0 -1 0 0 1 0 0 -1 -1
8 -1 0 0 1 0 0 -1 -1 0 0 0 1 0 0 -1 0 0 -1 -1
8 -1 0 0 1 0 0 -1 -1 0 0 0 -1 0 0 1 0 0 -1 -1
8 -1 0 0 -1 0 0 -1 -1 0 0 0 -1 0 0 -1 0 0 -1 -1
8 -1 0 0 -1 0 0 -1 -1 0 0 0 1 0 0 1 0 0 -1 -1
8 1 0 0 1 0 0 1 -1 0 0 0 1 0 0 -1 0 0 1 1
8 1 0 0 1 0 0 1 -1 0 0 0 -1 0 0 1 0 0 1 1
8 1 0 0 -1 0 0 1 -1 0 0 0 -1 0 0 -1 0 0 1 1
8 1 0 0 -1 0 0 1 -1 0 0 0 1 0 0 1 0 0 1 1
8 1 0 0 1 0 0 -1 -1 0 0 0 -1 0 0 -1 0 0 1 1
8 1 0 0 1 0 0 -1 -1 0 0 0 1 0 0 1 0 0 1 1
8 1 0 0 -1 0 0 -1 -1 0 0 0 1 0 0 -1 0 0 1 1
8 1 0 0 -1 0 0 -1 -1 0 0 0 -1 0 0 1 0 0 1 1
8 -1 0 0 1 0 0 1 -1 0 0 0 -1 0 0 -1 0 0 1 1
8 -1 0 0 1 0 0 1 -1 0 0 0 1 0 0 1 0 0 1 1
8 -1 0 0 -1 0 0 1 -1 0 0 0 1 0 0 -1 0 0 1 1
8 -1 0 0 -1 0 0 1 -1 0 0 0 -1 0 0 1 0 0 1 1
8 -1 0 0 1 0 0 -1 -1 0 0 0 1 0 0 -1 0 0 1 1
8 -1 0 0 1 0 0 -1 -1 0 0 0 -1 0 0 1 0 0 1 1
8 -1 0 0 -1 0 0 -1 -1 0 0 0 -1 0 0 -1 0 0 1 1
8 -1 0 0 -1 0 0 -1 -1 0 0 0 1 0 0 1 0 0 1 1
8 0 0 0 0 1 -1 0 1 0 0 -1 -1 0 0 -1 0 -1 1 0
8 0 0 0 0 1 -1 0 1 0 0 -1 1 0 0 1 0 -1 1 0
8 0 0 0 0 -1 -1 0 1 0 0 -1 1 0 0 -1 0 -1 1 0
8 0 0 0 0 -1 -1 0 1 0 0 -1 -1 0 0 1 0 -1 1 0
8 0 0 0 0 1 -1 0 1 0 0 1 1 0 0 -1 0 -1 1 0
8 0 0 0 0 1 -1 0 1 0 0 1 -1 0 0 1 0 -1 1 0
8 0 0 0 0 -1 -1 0 1 0 0 1 -1 0 0 -1 0 -1 1 0
8 0 0 0 0 -1 -1 0 1 0 0 1 1 0 0 1 0 -1 1 0
8 0 0 0 0 1 -1 0 1 0 0 -1 -1 0 0 -1 0 1 -1 0
8 0 0 0 0 1 -1 0 1 0 0 -1 1 0 0 1 0 1 -1 0
8 0 0 0 0 -1 -1 0 1 0 0 -1 1 0 0 -1 0 1 -1 0
8 0 0 0 0 -1 -1 0 1 0 0 -1 -1 0 0 1 0 1 -1 0
8 0 0 0 0 1 -1 0 1 0 0 1 1 0 0 -1 0 1 -1 0
8 0 0 0 0 1 -1 0 1 0 0 1 -1 0 0 1 0 1 -1 0
8 0 0 0 0 -1 -1 0 1 0 0 1 -1 0 0 -1 0 1 -1 0
8 0 0 0 0 -1 -1 0 1 0 0 1 1 0 0 1 0 1 -1 0
8 0 0 0 0 1 -1 0 -1 0 0 -1 1 0 0 -1 0 -1 1 0
8 0 0 0 0 1 -1 0 -1 0 0 -1 -1 0 0 1 0 -1 1 0
8 0 0 0 0 -1 -1 0 -1 0 0 -1 -1 0 0 -1 0 -1 1 0
8 0 0 0 0 -1 -1 0 -1 0 0 -1 1 0 0 1 0 -1 1 0
8 0 0 0 0 1 -1 0 -1 0 0 1 -1 0 0 -1 0 -1 1 0
8 0 0 0 0 1 -1 0 -1 0 0 1 1 0 0 1 0 -1 1 0
8 0 0 0 0 -1 -1 0 -1 0 0 1 1 0 0 -1 0 -1 1 0
8 0 0 0 0 -1 -1 0 -1 0 0 1 -1 0 0 1 0 -1 1 0
8 0 0 0 0 1 -1 0 -1 0 0 -1 1 0 0 -1 0 1 -1 0
8 0 0 0 0 1 -1 0 -1 0 0 -1 -1 0 0 1 0 1 -1 0
8 0 0 0 0 -1 -1 0 -1 0 0 -1 -1 0 0 -1 0 1 -1 0
8 0 0 0 0 -1 -1 0 -1 0 0 -1 1 0 0 1 0 1 -1 0
8 0 0 0 0 1 -1 0 -1 0 0 1 -1 0 0 -1 0 1 -1 0
8 0 0 0 0 1 -1 0 -1 0 0 1 1 0 0 1 0 1 -1 0
8 0 0 0 0 -1 -1 0 -1 0 0 1 1 0 0 -1 0 1 -1 0
8 0 0 0 0 -1 -1 0 -1 0 0 1 -1 0 0 1 0 1 -1 0
8 0 0 0 0 1 1 0 1 0 0 -1 1 0 0 -1 0 -1 1 0
8 0 0 0 0 1 1 0 1 0 0 -1 -1 0 0 1 0 -1 1 0
8 0 0 0 0 -1 1 0 1 0 0 -1 -1 0 0 -1 0 -1 1 0
8 0 0 0 0 -1 1 0 1 0 0 -1 1 0 0 1 0 -1 1 0
8 0 0 0 0 1 1 0 1 0 0 1 -1 0 0 -1 0 -1 1 0
8 0 0 0 0 1 1 0 1 0 0 1 1 0 0 1 0 -1 1 0
8 0 0 0 0 -1 1 0 1 0 0 1 1 0 0 -1 0 -1 1 0
8 0 0 0 0 -1 1 0 1 0 0 1 -1 0 0 1 0 -1 1 0
8 0 0 0 0 1 1 0 1 0 0 -1 1 0 0 -1 0 1 -1 0
8 0 0 0 0 1 1 0 1 0 0 -1 -1 0 0 1 0 1 -1 0
8 0 0 0 0 -1 1 0 1 0 0 -1 -1 0 0 -1 0 1 -1 0
8 0 0 0 0 -1 1 0 1 0 0 -1 1 0 0 1 0 1 -1 0
8 0 0 0 0 1 1 0 1 0 0 1 -1 0 0 -1 0 1 -1 0
8 0 0 0 0 1 1 0 1 0 0 1 1 0 0 1 0 1 -1 0
8 0 0 0 0 -1 1 0 1 0 0 1 1 0 0 -1 0 1 -1 0
8 0 0 0 0 -1 1 0 1 0 0 1 -1 0 0 1 0 1 -1 0
8 0 0 0 0 1 1 0 -1 0 0 -1 -1 0 0 -1 0 -1 1 0
8 0 0 0 0 1 1 0 -1 0 0 -1 1 0 0 1 0 -1 1 0
8 0 0 0 0 -1 1 0 -1 0 0 -1 1 0 0 -1 0 -1 1 0
8 0 0 0 0 -1 1 0 -1 0 0 -1 -1 0 0 1 0 -1 1 0
8 0 0 0 0 1 1 0 -1 0 0 1 1 0 0 -1 0 -1 1 0
8 0 0 0 0 1 1 0 -1 0 0 1 -1 0 0 1 0 -1 1 0
8 0 0 0 0 -1 1 0 -1 0 0 1 -1 0 0 -1 0 -1 1 0
8 0 0 0 0 -1 1 0 -1 0 0 1 1 0 0 1 0 -1 1 0
8 0 0 0 0 1 1 0 -1 0 0 -1 -1 0 0 -1 0 1 -1 0
8 0 0 0 0 1 1 0 -1 0 0 -1 1 0 0 1 0 1 -1 0
8 0 0 0 0 -1 1 0 -1 0 0 -1 1 0 0 -1 0 1 -1 0
8 0 0 0 0 -1 1 0 -1 0 0 -1 -1 0 0 1 0 1 -1 0
8 0 0 0 0 1 1 0 -1 0 0 1 1 0 0 -1 0 1 -1 0
8 0 0 0 0 1 1 0 -1 0 0 1 -1 0 0 1 0 1 -1 0
8 0 0 0 0 -1 1 0 -1 0 0 1 -1 0 0 -1 0 1 -1 0
8 0 0 0 0 -1 1 0 -1 0 0 1 1 0 0 1 0 1 -1 0
8 0 0 1 1 0 -1 0 0 0 0 0 -1 -1 0 -1 0 -1 0 1
8 0 0 1 1 0 -1 0 0 0 0 0 1 -1 0 1 0 -1 0 1
8 0 0 1 -1 0 -1 0 0 0 0 0 1 -1 0 -1 0 -1 0 1
8 0 0 1 -1 0 -1 0 0 0 0 0 -1 -1 0 1 0 -1 0 1
8 0 0 1 1 0 -1 0 0 0 0 0 -1 -1 0 -1 0 1 0 -1
8 0 0 1 1 0 -1 0 0 0 0 0 1 -1 0 1 0 1 0 -1
8 0 0 1 -1 0 -1 0 0 0 0 0 1 -1 0 -1 0 1 0 -1
8 0 0 1 -1 0 -1 0 0 0 0 0 -1 -1 0 1 0 1 0 -1
8 0 0 1 1 0 -1 0 0 0 0 0 1 1 0 -1 0 -1 0 1
8 0 0 1 1 0 -1 0 0 0 0 0 -1 1 0 1 0 -1 0 1
8 0 0 1 -1 0 -1 0 0 0 0 0 -1 1 0 -1 0 -1 0 1
8 0 0 1 -1 0 -1 0 0 0 0 0 1 1 0 1 0 -1 0 1
8 0 0 1 1 0 -1 0 0 0 0 0 1 1 0 -1 0 1 0 -1
8 0 0 1 1 0 -1 0 0 0 0 0 -1 1 0 1 0 1 0 -1
8 0 0 1 -1 0 -1 0 0 0 0 0 -1 1 0 -1 0 1 0 -1
8 0 0 1 -1 0 -1 0 0 0 0 0 1 1 0 1 0 1 0 -1
8 0 0 -1 1 0 -1 0 0 0 0 0 1 -1 0 -1 0 -1 0 1
8 0 0 -1 1 0 -1 0 0 0 0 0 -1 -1 0 1 0 -1 0 1
8 0 0 -1 -1 0 -1 0 0 0 0 0 -1 -1 0 -1 0 -1 0 1
8 0 0 -1 -1 0 -1 0 0 0 0 0 1 -1 0 1 0 -1 0 1
8 0 0 -1 1 0 -1 0 0 0 0 0 1 -1 0 -1 0 1 0 -1
8 0 0 -1 1 0 -1 0 0 0 0 0 -1 -1 0 1 0 1 0 -1
8 0 0 -1 -1 0 -1 0 0 0 0 0 -1 -1 0 -1 0 1 0 -1
8 0 0 -1 -1 0 -1 0 0 0 0 0 1 -1 0 1 0 1 0 -1
8 0 0 -1 1 0 -1 0 0 0 0 0 -1 1 0 -1 0 -1 0 1
8 0 0 -1 1 0 -1 0 0 0 0 0 1 1 0 1 0 -1 0 1
8 0 0 -1 -1 0 -1 0 0 0 0 0 1 1 0 -1 0 -1 0 1
8 0 0 -1 -1 0 -1 0 0 0 0 0 -1 1 0 1 0 -1 0 1
8 0 0 -1 1 0 -1 0 0 0 0 0 -1 1 0 -1 0 1 0 -1
8 0 0 -1 1 0 -1 0 0 0 0 0 1 1 0 1 0 1 0 -1
8 0 0 -1 -1 0 -1 0 0 0 0 0 1 1 0 -1 0 1 0 -1
8 0 0 -1 -1 0 -1 0 0 0 0 0 -1 1 0 1 0 1 0 -1
8 0 0 1 1 0 1 0 0 0 0 0 1 -1 0 -1 0 -1 0 1
8 0 0 1 1 0 1 0 0 0 0 0 -1 -1 0 1 0 -1 0 1
8 0 0 1 -1 0 1 0 0 0 0 0 -1 -1 0 -1 0 -1 0 1
8 0 0 1 -1 0 1 0 0 0 0 0 1 -1 0 1 0 -1 0 1
8 0 0 1 1 0 1 0 0 0 0 0 1 -1 0 -1 0 1 0 -1
8 0 0 1 1 0 1 0 0 0 0 0 -1 -1 0 1 0 1 0 -1
8 0 0 1 -1 0 1 0 0 0 0 0 -1 -1 0 -1 0 1 0 -1
8 0 0 1 -1 0 1 0 0 0 0 0 1 -1 0 1 0 1 0 -1
8 0 0 1 1 0 1 0 0 0 0 0 -1 1 0 -1 0 -1 0 1
8 0 0 1 1 0 1 0 0 0 0 0 1 1 0 1 0 -1 0 1
8 0 0 1 -1 0 1 0 0 0 0 0 1 1 0 -1 0 -1 0 1
8 0 0 1 -1 0 1 0 0 0 0 0 -1 1 0 1 0 -1 0 1
8 0 0 1 1 0 1 0 0 0 0 0 -1 1 0 -1 0 1 0 -1
8 0 0 1 1 0 1 0 0 0 0 0 1 1 0 1 0 1 0 -1
8 0 0 1 -1 0 1 0 0 0 0 0 1 1 0 -1 0 1 0 -1
8 0 0 1 -1 0 1 0 0 0 0 0 -1 1 0 1 0 1 0 -1
8 0 0 -1 1 0 1 0 0 0 0 0 -1 -1 0 -1 0 -1 0 1
8 0 0 -1 1 0 1 0 0 0 0 0 1 -1 0 1 0 -1 0 1
8 0 0 -1 -1 0 1 0 0 0 0 0 1 -1 0 -1 0 -1 0 1
8 0 0 -1 -1 0 1 0 0 0 0 0 -1 -1 0 1 0 -1 0 1
8 0 0 -1 1 0 1 0 0 0 0 0 -1 -1 0 -1 0 1 0 -1
8 0 0 -1 1 0 1 0 0 0 0 0 1 -1 0 1 0 1 0 -1
8 0 0 -1 -1 0 1 0 0 0 0 0 1 -1 0 -1 0 1 0 -1
8 0 0 -1 -1 0 1 0 0 0 0 0 -1 -1 0 1 0 1 0 -1
8 0 0 -1 1 0 1 0 0 0 0 0 1 1 0 -1 0 -1 0 1
8 0 0 -1 1 0 1 0 0 0 0 0 -1 1 0 1 0 -1 0 1
8 0 0 -1 -1 0 1 0 0 0 0 0 -1 1 0 -1 0 -1 0 1
8 0 0 -1 -1 0 1 0 0 0 0 0 1 1 0 1 0 -1 0 1
8 0 0 -1 1 0 1 0 0 0 0 0 1 1 0 -1 0 1 0 -1
8 0 0 -1 1 0 1 0 0 0 0 0 -1 1 0 1 0 1 0 -1
8 0 0 -1 -1 0 1 0 0 0 0 0 -1 1 0 -1 0 1 0 -1
8 0 0 -1 -1 0 1 0 0 0 0 0 1 1 0 1 0 1 0 -1
8 0 0 0 1 1 0 0 0 -1 0 -1 -1 -1 0 0 0 0 -1 -1
8 0 0 0 1 1 0 0 0 1 0 -1 1 -1 0 0 0 0 -1 -1
8 0 0 0 -1 1 0 0 0 -1 0 -1 1 -1 0 0 0 0 -1 -1
8 0 0 0 -1 1 0 0 0 1 0 -1 -1 -1 0 0 0 0 -1 -1
8 0 0 0 1 -1 0 0 0 -1 0 -1 1 -1 0 0 0 0 -1 -1
8 0 0 0 1 -1 0 0 0 1 0 -1 -1 -1 0 0 0 0 -1 -1
8 0 0 0 -1 -1 0 0 0 -1 0 -1 -1 -1 0 0 0 0 -1 -1
8 0 0 0 -1 -1 0 0 0 1 0 -1 1 -1 0 0 0 0 -1 -1
8 0 0 0 1 1 0 0 0 -1 0 1 1 -1 0 0 0 0 -1 -1
8 0 0 0 1 1 0 0 0 1 0 1 -1 -1 0 0 0 0 -1 -1
8 0 0 0 -1 1 0 0 0 -1 0 1 -1 -1 0 0 0 0 -1 -1
8 0 0 0 -1 1 0 0 0 1 0 1 1 -1 0 0 0 0 -1 -1
8 0 0 0 1 -1 0 0 0 -1 0 1 -1 -1 0 0 0 0 -1 -1
8 0 0 0 1 -1 0 0 0 1 0 1 1 -1 0 0 0 0 -1 -1
8 0 0 0 -1 -1 0 0 0 -1 0 1 1 -1 0 0 0 0 -1 -1
8 0 0 0 -1 -1 0 0 0 1 0 1 -1 -1 0 0 0 0 -1 -1
8 0 0 0 1 1 0 0 0 -1 0 -1 1 1 0 0 0 0 -1 -1
8 0 0 0 1 1 0 0 0 1 0 -1 -1 1 0 0 0 0 -1 -1
8 0 0 0 -1 1 0 0 0 -1 0 -1 -1 1 0 0 0 0 -1 -1
8 0 0 0 -1 1 0 0 0 1 0 -1 1 1 0 0 0 0 -1 -1
8 0 0 0 1 -1 0 0 0 -1 0 -1 -1 1 0 0 0 0 -1 -1
8 0 0 0 1 -1 0 0 0 1 0 -1 1 1 0 0 0 0 -1 -1
8 0 0 0 -1 -1 0 0 0 -1 0 -1 1 1 0 0 0 0 -1 -1
8 0 0 0 -1 -1 0 0 0 1 0 -1 -1 1 0 0 0 0 -1 -1
8 0 0 0 1 1 0 0 0 -1 0 1 -1 1 0 0 0 0 -1 -1
8 0 0 0 1 1 0 0 0 1 0 1 1 1 0 0 0 0 -1 -1
8 0 0 0 -1 1 0 0 0 -1 0 1 1 1 0 0 0 0 -1 -1
8 0 0 0 -1 1 0 0 0 1 0 1 -1 1 0 0 0 0 -1 -1
8 0 0 0 1 -1 0 0 0 -1 0 1 1 1 0 0 0 0 -1 -1
8 0 0 0 1 -1 0 0 0 1 0 1 -1 1 0 0 0 0 -1 -1
8 0 0 0 -1 -1 0 0 0 -1 0 1 -1 1 0 0 0 0 -1 -1
8 0 0 0 -1 -1 0 0 0 1 0 1 1 1 0 0 0 0 -1 -1
8 0 0 0 1 1 0 0 0 -1 0 -1 -1 -1 0 0 0 0 1 1
8 0 0 0 1 1 0 0 0 1 0 -1 1 -1 0 0 0 0 1 1
8 0 0 0 -1 1 0 0 0 -1 0 -1 1 -1 0 0 0 0 1 1
8 0 0 0 -1 1 0 0 0 1 0 -1 -1 -1 0 0 0 0 1 1
8 0 0 0 1 -1 0 0 0 -1 0 -1 1 -1 0 0 0 0 1 1
8 0 0 0 1 -1 0 0 0 1 0 -1 -1 -1 0 0 0 0 1 1
8 0 0 0 -1 -1 0 0 0 -1 0 -1 -1 -1 0 0 0 0 1 1
8 0 0 0 -1 -1 0 0 0 1 0 -1 1 -1 0 0 0 0 1 1
8 0 0 0 1 1 0 0 0 -1 0 1 1 -1 0 0 0 0 1 1
8 0 0 0 1 1 0 0 0 1 0 1 -1 -1 0 0 0 0 1 1
8 0 0 0 -1 1 0 0 0 -1 0 1 -1 -1 0 0 0 0 1 1
8 0 0 0 -1 1 0 0 0 1 0 1 1 -1 0 0 0 0 1 1
8 0 0 0 1 -1 0 0 0 -1 0 1 -1 -1 0 0 0 0 1 1
8 0 0 0 1 -1 0 0 0 1 0 1 1 -1 0 0 0 0 1 1
8 0 0 0 -1 -1 0 0 0 -1 0 1 1 -1 0 0 0 0 1 1
8 0 0 0 -1 -1 0 0 0 1 0 1 -1 -1 0 0 0 0 1 1
8 0 0 0 1 1 0 0 0 -1 0 -1 1 1 0 0 0 0 1 1
8 0 0 0 1 1 0 0 0 1 0 -1 -1 1 0 0 0 0 1 1
8 0 0 0 -1 1 0 0 0 -1 0 -1 -1 1 0 0 0 0 1 1
8 0 0 0 -1 1 0 0 0 1 0 -1 1 1 0 0 0 0 1 1
8 0 0 0 1 -1 0 0 0 -1 0 -1 -1 1 0 0 0 0 1 1
8 0 0 0 1 -1 0 0 0 1 0 -1 1 1 0 0 0 0 1 1
8 0 0 0 -1 -1 0 0 0 -1 0 -1 1 1 0 0 0 0 1 1
8 0 0 0 -1 -1 0 0 0 1 0 -1 -1 1 0 0 0 0 1 1
8 0 0 0 1 1 0 0 0 -1 0 1 -1 1 0 0 0 0 1 1
8 0 0 0 1 1 0 0 0 1 0 1 1 1 0 0 0 0 1 1
8 0 0 0 -1 1 0 0 0 -1 0 1 1 1 0 0 0 0 1 1
8 0 0 0 -1 1 0 0 0 1 0 1 -1 1 0 0 0 0 1 1
8 0 0 0 1 -1 0 0 0 -1 0 1 1 1 0 0 0 0 1 1
8 0 0 0 1 -1 0 0 0 1 0 1 -1 1 0 0 0 0 1 1
8 0 0 0 -1 -1 0 0 0 -1 0 1 -1 1 0 0 0 0 1 1
8 0 0 0 -1 -1 0 0 0 1 0 1 1 1 0 0 0 0 1 1
8 1 0 0 0 0 -1 1 0 -1 0 0 -1 -1 0 0 0 -1 1 0
8 1 0 0 0 0 -1 1 0 1 0 0 1 -1 0 0 0 -1 1 0
8 1 0 0 0 0 -1 -1 0 -1 0 0 1 -1 0 0 0 -1 1 0
8 1 0 0 0 0 -1 -1 0 1 0 0 -1 -1 0 0 0 -1 1 0
8 1 0 0 0 0 -1 1 0 -1 0 0 -1 -1 0 0 0 1 -1 0
8 1 0 0 0 0 -1 1 0 1 0 0 1 -1 0 0 0 1 -1 0
8 1 0 0 0 0 -1 -1 0 -1 0 0 1 -1 0 0 0 1 -1 0
8 1 0 0 0 0 -1 -1 0 1 0 0 -1 -1 0 0 0 1 -1 0
8 1 0 0 0 0 -1 1 0 -1 0 0 1 1 0 0 0 -1 1 0
8 1 0 0 0 0 -1 1 0 1 0 0 -1 1 0 0 0 -1 1 0
8 1 0 0 0 0 -1 -1 0 -1 0 0 -1 1 0 0 0 -1 1 0
8 1 0 0 0 0 -1 -1 0 1 0 0 1 1 0 0 0 -1 1 0
8 1 0 0 0 0 -1 1 0 -1 0 0 1 1 0 0 0 1 -1 0
8 1 0 0 0 0 -1 1 0 1 0 0 -1 1 0 0 0 1 -1 0
8 1 0 0 0 0 -1 -1 0 -1 0 0 -1 1 0 0 0 1 -1 0
8 1 0 0 0 0 -1 -1 0 1 0 0 1 1 0 0 0 1 -1 0
8 -1 0 0 0 0 -1 1 0 -1 0 0 1 -1 0 0 0 -1 1 0
8 -1 0 0 0 0 -1 1 0 1 0 0 -1 -1 0 0 0 -1 1 0
8 -1 0 0 0 0 -1 -1 0 -1 0 0 -1 -1 0 0 0 -1 1 0
8 -1 0 0 0 0 -1 -1 0 1 0 0 1 -1 0 0 0 -1 1 0
8 -1 0 0 0 0 -1 1 0 -1 0 0 1 -1 0 0 0 1 -1 0
8 -1 0 0 0 0 -1 1 0 1 0 0 -1 -1 0 0 0 1 -1 0
8 -1 0 0 0 0 -1 -1 0 -1 0 0 -1 -1 0 0 0 1 -1 0
8 -1 0 0 0 0 -1 -1 0 1 0 0 1 -1 0 0 0 1 -1 0
8 -1 0 0 0 0 -1 1 0 -1 0 0 -1 1 0 0 0 -1 1 0
8 -1 0 0 0 0 -1 1 0 1 0 0 1 1 0 0 0 -1 1 0
8 -1 0 0 0 0 -1 -1 0 -1 0 0 1 1 0 0 0 -1 1 0
8 -1 0 0 0 0 -1 -1 0 1 0 0 -1 1 0 0 0 -1 1 0
8 -1 0 0 0 0 -1 1 0 -1 0 0 -1 1 0 0 0 1 -1 0
8 -1 0 0 0 0 -1 1 0 1 0 0 1 1 0 0 0 1 -1 0
8 -1 0 0 0 0 -1 -1 0 -1 0 0 1 1 0 0 0 1 -1 0
8 -1 0 0 0 0 -1 -1 0 1 0 0 -1 1 0 0 0 1 -1 0
8 1 0 0 0 0 1 1 0 -1 0 0 1 -1 0 0 0 -1 1 0
8 1 0 0 0 0 1 1 0 1 0 0 -1 -1 0 0 0 -1 1 0
8 1 0 0 0 0 1 -1 0 -1 0 0 -1 -1 0 0 0 -1 1 0
8 1 0 0 0 0 1 -1 0 1 0 0 1 -1 0 0 0 -1 1 0
8 1 0 0 0 0 1 1 0 -1 0 0 1 -1 0 0 0 1 -1 0
8 1 0 0 0 0 1 1 0 1 0 0 -1 -1 0 0 0 1 -1 0
8 1 0 0 0 0 1 -1 0 -1 0 0 -1 -1 0 0 0 1 -1 0
8 1 0 0 0 0 1 -1 0 1 0 0 1 -1 0 0 0 1 -1 0
8 1 0 0 0 0 1 1 0 -1 0 0 -1 1 0 0 0 -1 1 0
8 1 0 0 0 0 1 1 0 1 0 0 1 1 0 0 0 -1 1 0
8 1 0 0 0 0 1 -1 0 -1 0 0 1 1 0 0 0 -1 1 0
8 1 0 0 0 0 1 -1 0 1 0 0 -1 1 0 0 0 -1 1 0
8 1 0 0 0 0 1 1 0 -1 0 0 -1 1 0 0 0 1 -1 0
8 1 0 0 0 0 1 1 0 1 0 0 1 1 0 0 0 1 -1 0
8 1 0 0 0 0 1 -1 0 -1 0 0 1 1 0 0 0 1 -1 0
8 1 0 0 0 0 1 -1 0 1 0 0 -1 1 0 0 0 1 -1 0
8 -1 0 0 0 0 1 1 0 -1 0 0 -1 -1 0 0 0 -1 1 0
8 -1 0 0 0 0 1 1 0 1 0 0 1 -1 0 0 0 -1 1 0
8 -1 0 0 0 0 1 -1 0 -1 0 0 1 -1 0 0 0 -1 1 0
8 -1 0 0 0 0 1 -1 0 1 0 0 -1 -1 0 0 0 -1 1 0
8 -1 0 0 0 0 1 1 0 -1 0 0 -1 -1 0 0 0 1 -1 0
8 -1 0 0 0 0 1 1 0 1 0 0 1 -1 0 0 0 1 -1 0
8 -1 0 0 0 0 1 -1 0 -1 0 0 1 -1 0 0 0 1 -1 0
8 -1 0 0 0 0 1 -1 0 1 0 0 -1 -1 0 0 0 1 -1 0
8 -1 0 0 0 0 1 1 0 -1 0 0 1 1 0 0 0 -1 1 0
8 -1 0 0 0 0 1 1 0 1 0 0 -1 1 0 0 0 -1 1 0
8 -1 0 0 0 0 1 -1 0 -1 0 0 -1 1 0 0 0 -1 1 0
8 -1 0 0 0 0 1 -1 0 1 0 0 1 1 0 0 0 -1 1 0
8 -1 0 0 0 0 1 1 0 -1 0 0 1 1 0 0 0 1 -1 0
8 -1 0 0 0 0 1 1 0 1 0 0 -1 1 0 0 0 1 -1 0
8 -1 0 0 0 0 1 -1 0 -1 0 0 -1 1 0 0 0 1 -1 0
8 -1 0 0 0 0 1 -1 0 1 0 0 1 1 0 0 0 1 -1 0
8 0 -1 1 1 1 0 0 1 -1 0 0 1 0 0 -1 0 0 0 0
8 0 -1 1 1 1 0 0 1 1 0 0 -1 0 0 -1 0 0 0 0
8 0 -1 1 1 1 0 0 1 -1 0 0 -1 0 0 1 0 0 0 0
8 0 -1 1 1 1 0 0 1 1 0 0 1 0 0 1 0 0 0 0
8 0 -1 1 -1 1 0 0 1 -1 0 0 -1 0 0 -1 0 0 0 0
8 0 -1 1 -1 1 0 0 1 1 0 0 1 0 0 -1 0 0 0 0
8 0 -1 1 -1 1 0 0 1 -1 0 0 1 0 0 1 0 0 0 0
8 0 -1 1 -1 1 0 0 1 1 0 0 -1 0 0 1 0 0 0 0
8 0 -1 1 1 -1 0 0 1 -1 0 0 -1 0 0 -1 0 0 0 0
8 0 -1 1 1 -1 0 0 1 1 0 0 1 0 0 -1 0 0 0 0
8 0 -1 1 1 -1 0 0 1 -1 0 0 1 0 0 1 0 0 0 0
8 0 -1 1 1 -1 0 0 1 1 0 0 -1 0 0 1 0 0 0 0
8 0 -1 1 -1 -1 0 0 1 -1 0 0 1 0 0 -1 0 0 0 0
8 0 -1 1 -1 -1 0 0 1 1 0 0 -1 0 0 -1 0 0 0 0
8 0 -1 1 -1 -1 0 0 1 -1 0 0 -1 0 0 1 0 0 0 0
8 0 -1 1 -1 -1 0 0 1 1 0 0 1 0 0 1 0 0 0 0
8 0 1 1 1 1 0 0 1 -1 0 0 -1 0 0 -1 0 0 0 0
8 0 1 1 1 1 0 0 1 1 0 0 1 0 0 -1 0 0 0 0
8 0 1 1 1 1 0 0 1 -1 0 0 1 0 0 1 0 0 0 0
8 0 1 1 1 1 0 0 1 1 0 0 -1 0 0 1 0 0 0 0
8 0 1 1 -1 1 0 0 1 -1 0 0 1 0 0 -1 0 0 0 0
8 0 1 1 -1 1 0 0 1 1 0 0 -1 0 0 -1 0 0 0 0
8 0 1 1 -1 1 0 0 1 -1 0 0 -1 0 0 1 0 0 0 0
8 0 1 1 -1 1 0 0 1 1 0 0 1 0 0 1 0 0 0 0
8 0 1 1 1 -1 0 0 1 -1 0 0 1 0 0 -1 0 0 0 0
8 0 1 1 1 -1 0 0 1 1 0 0 -1 0 0 -1 0 0 0 0
8 0 1 1 1 -1 0 0 1 -1 0 0 -1 0 0 1 0 0 0 0
8 0 1 1 1 -1 0 0 1 1 0 0 1 0 0 1 0 0 0 0
8 0 1 1 -1 -1 0 0 1 -1 0 0 -1 0 0 -1 0 0 0 0
8 0 1 1 -1 -1 0 0 1 1 0 0 1 0 0 -1 0 0 0 0
8 0 1 1 -1 -1 0 0 1 -1 0 0 1 0 0 1 0 0 0 0
8 0 1 1 -1 -1 0 0 1 1 0 0 -1 0 0 1 0 0 0 0
8 0 -1 -1 1 1 0 0 1 -1 0 0 -1 0 0 -1 0 0 0 0
8 0 -1 -1 1 1 0 0 1 1 0 0 1 0 0 -1 0 0 0 0
8 0 -1 -1 1 1 0 0 1 -1 0 0 1 0 0 1 0 0 0 0
8 0 -1 -1 1 1 0 0 1 1 0 0 -1 0 0 1 0 0 0 0
8 0 -1 -1 -1 1 0 0 1 -1 0 0 1 0 0 -1 0 0 0 0
8 0 -1 -1 -1 1 0 0 1 1 0 0 -1 0 0 -1 0 0 0 0
8 0 -1 -1 -1 1 0 0 1 -1 0 0 -1 0 0 1 0 0 0 0
8 0 -1 -1 -1 1 0 0 1 1 0 0 1 0 0 1 0 0 0 0
8 0 -1 -1 1 -1 0 0 1 -1 0 0 1 0 0 -1 0 0 0 0
8 0 -1 -1 1 -1 0 0 1 1 0 0 -1 0 0 -1 0 0 0 0
8 0 -1 -1 1 -1 0 0 1 -1 0 0 -1 0 0 1 0 0 0 0
8 0 -1 -1 1 -1 0 0 1 1 0 0 1 0 0 1 0 0 0 0
8 0 -1 -1 -1 -1 0 0 1 -1 0 0 -1 0 0 -1 0 0 0 0
8 0 -1 -1 -1 -1 0 0 1 1 0 0 1 0 0 -1 0 0 0 0
8 0 -1 -1 -1 -1 0 0 1 -1 0 0 1 0 0 1 0 0 0 0
8 0 -1 -1 -1 -1 0 0 1 1 0 0 -1 0 0 1 0 0 0 0
8 0 1 -1 1 1 0 0 1 -1 0 0 1 0 0 -1 0 0 0 0
8 0 1 -1 1 1 0 0 1 1 0 0 -1 0 0 -1 0 0 0 0
8 0 1 -1 1 1 0 0 1 -1 0 0 -1 0 0 1 0 0 0 0
8 0 1 -1 1 1 0 0 1 1 0 0 1 0 0 1 0 0 0 0
8 0 1 -1 -1 1 0 0 1 -1 0 0 -1 0 0 -1 0 0 0 0
8 0 1 -1 -1 1 0 0 1 1 0 0 1 0 0 -1 0 0 0 0
8 0 1 -1 -1 1 0 0 1 -1 0 0 1 0 0 1 0 0 0 0
8 0 1 -1 -1 1 0 0 1 1 0 0 -1 0 0 1 0 0 0 0
8 0 1 -1 1 -1 0 0 1 -1 0 0 -1 0 0 -1 0 0 0 0
8 0 1 -1 1 -1 0 0 1 1 0 0 1 0 0 -1 0 0 0 0
8 0 1 -1 1 -1 0 0 1 -1 0 0 1 0 0 1 0 0 0 0
8 0 1 -1 1 -1 0 0 1 1 0 0 -1 0 0 1 0 0 0 0
8 0 1 -1 -1 -1 0 0 1 -1 0 0 1 0 0 -1 0 0 0 0
8 0 1 -1 -1 -1 0 0 1 1 0 0 -1 0 0 -1 0 0 0 0
8 0 1 -1 -1 -1 0 0 1 -1 0 0 -1 0 0 1 0 0 0 0
8 0 1 -1 -1 -1 0 0 1 1 0 0 1 0 0 1 0 0 0 0
8 0 -1 1 1 1 0 0 -1 -1 0 0 -1 0 0 -1 0 0 0 0
8 0 -1 1 1 1 0 0 -1 1 0 0 1 0 0 -1 0 0 0 0
8 0 -1 1 1 1 0 0 -1 -1 0 0 1 0 0 1 0 0 0 0
8 0 -1 1 1 1 0 0 -1 1 0 0 -1 0 0 1 0 0 0 0
8 0 -1 1 -1 1 0 0 -1 -1 0 0 1 0 0 -1 0 0 0 0
8 0 -1 1 -1 1 0 0 -1 1 0 0 -1 0 0 -1 0 0 0 0
8 0 -1 1 -1 1 0 0 -1 -1 0 0 -1 0 0 1 0 0 0 0
8 0 -1 1 -1 1 0 0 -1 1 0 0 1 0 0 1 0 0 0 0
8 0 -1 1 1 -1 0 0 -1 -1 0 0 1 0 0 -1 0 0 0 0
8 0 -1 1 1 -1 0 0 -1 1 0 0 -1 0 0 -1 0 0 0 0
8 0 -1 1 1 -1 0 0 -1 -1 0 0 -1 0 0 1 0 0 0 0
8 0 -1 1 1 -1 0 0 -1 1 0 0 1 0 0 1 0 0 0 0
8 0 -1 1 -1 -1 0 0 -1 -1 0 0 -1 0 0 -1 0 0 0 0
8 0 -1 1 -1 -1 0 0 -1 1 0 0 1 0 0 -1 0 0 0 0
8 0 -1 1 -1 -1 0 0 -1 -1 0 0 1 0 0 1 0 0 0 0
8 0 -1 1 -1 -1 0 0 -1 1 0 0 -1 0 0 1 0 0 0 0
8 0 1 1 1 1 0 0 -1 -1 0 0 1 0 0 -1 0 0 0 0
8 0 1 1 1 1 0 0 -1 1 0 0 -1 0 0 -1 0 0 0 0
8 0 1 1 1 1 0 0 -1 -1 0 0 -1 0 0 1 0 0 0 0
8 0 1 1 1 1 0 0 -1 1 0 0 1 0 0 1 0 0 0 0
8 0 1 1 -1 1 0 0 -1 -1 0 0 -1 0 0 -1 0 0 0 0
8 0 1 1 -1 1 0 0 -1 1 0 0 1 0 0 -1 0 0 0 0
8 0 1 1 -1 1 0 0 -1 -1 0 0 1 0 0 1 0 0 0 0
8 0 1 1 -1 1 0 0 -1 1 0 0 -1 0 0 1 0 0 0 0
8 0 1 1 1 -1 0 0 -1 -1 0 0 -1 0 0 -1 0 0 0 0
8 0 1 1 1 -1 0 0 -1 1 0 0 1 0 0 -1 0 0 0 0
8 0 1 1 1 -1 0 0 -1 -1 0 0 1 0 0 1 0 0 0 0
8 0 1 1 1 -1 0 0 -1 1 0 0 -1 0 0 1 0 0 0 0
8 0 1 1 -1 -1 0 0 -1 -1 0 0 1 0 0 -1 0 0 0 0
8 0 1 1 -1 -1 0 0 -1 1 0 0 -1 0 0 -1 0 0 0 0
8 0 1 1 -1 -1 0 0 -1 -1 0 0 -1 0 0 1 0 0 0 0
8 0 1 1 -1 -1 0 0 -1 1 0 0 1 0 0 1 0 0 0 0
8 0 -1 -1 1 1 0 0 -1 -1 0 0 1 0 0 -1 0 0 0 0
8 0 -1 -1 1 1 0 0 -1 1 0 0 -1 0 0 -1 0 0 0 0
8 0 -1 -1 1 1 0 0 -1 -1 0 0 -1 0 0 1 0 0 0 0
8 0 -1 -1 1 1 0 0 -1 1 0 0 1 0 0 1 0 0 0 0
8 0 -1 -1 -1 1 0 0 -1 -1 0 0 -1 0 0 -1 0 0 0 0
8 0 -1 -1 -1 1 0 0 -1 1 0 0 1 0 0 -1 0 0 0 0
8 0 -1 -1 -1 1 0 0 -1 -1 0 0 1 0 0 1 0 0 0 0
8 0 -1 -1 -1 1 0 0 -1 1 0 0 -1 0 0 1 0 0 0 0
8 0 -1 -1 1 -1 0 0 -1 -1 0 0 -1 0 0 -1 0 0 0 0
8 0 -1 -1 1 -1 0 0 -1 1 0 0 1 0 0 -1 0 0 0 0
8 0 -1 -1 1 -1 0 0 -1 -1 0 0 1 0 0 1 0 0 0 0
8 0 -1 -1 1 -1 0 0 -1 1 0 0 -1 0 0 1 0 0 0 0
8 0 -1 -1 -1 -1 0 0 -1 -1 0 0 1 0 0 -1 0 0 0 0
8 0 -1 -1 -1 -1 0 0 -1 1 0 0 -1 0 0 -1 0 0 0 0
8 0 -1 -1 -1 -1 0 0 -1 -1 0 0 -1 0 0 1 0 0 0 0
8 0 -1 -1 -1 -1 0 0 -1 1 0 0 1 0 0 1 0 0 0 0
8 0 1 -1 1 1 0 0 -1 -1 0 0 -1 0 0 -1 0 0 0 0
8 0 1 -1 1 1 0 0 -1 1 0 0 1 0 0 -1 0 0 0 0
8 0 1 -1 1 1 0 0 -1 -1 0 0 1 0 0 1 0 0 0 0
8 0 1 -1 1 1 0 0 -1 1 0 0 -1 0 0 1 0 0 0 0
8 0 1 -1 -1 1 0 0 -1 -1 0 0 1 0 0 -1 0 0 0 0
8 0 1 -1 -1 1 0 0 -1 1 0 0 -1 0 0 -1 0 0 0 0
8 0 1 -1 -1 1 0 0 -1 -1 0 0 -1 0 0 1 0 0 0 0
8 0 1 -1 -1 1 0 0 -1 1 0 0 1 0 0 1 0 0 0 0
8 0 1 -1 1 -1 0 0 -1 -1 0 0 1 0 0 -1 0 0 0 0
8 0 1 -1 1 -1 0 0 -1 1 0 0 -1 0 0 -1 0 0 0 0
8 0 1 -1 1 -1 0 0 -1 -1 0 0 -1 0 0 1 0 0 0 0
8 0 1 -1 1 -1 0 0 -1 1 0 0 1 0 0 1 0 0 0 0
8 0 1 -1 -1 -1 0 0 -1 -1 0 0 -1 0 0 -1 0 0 0 0
8 0 1 -1 -1 -1 0 0 -1 1 0 0 1 0 0 -1 0 0 0 0
8 0 1 -1 -1 -1 0 0 -1 -1 0 0 1 0 0 1 0 0 0 0
8 0 1 -1 -1 -1 0 0 -1 1 0 0 -1 0 0 1 0 0 0 0
8 0 -1 0 0 0 0 0 0 -1 0 -1 -1 -1 0 -1 0 0 -1 1
8 0 -1 0 0 0 0 0 0 1 0 -1 1 -1 0 -1 0 0 -1 1
8 0 -1 0 0 0 0 0 0 -1 0 -1 1 -1 0 1 0 0 -1 1
8 0 -1 0 0 0 0 0 0 1 0 -1 -1 -1 0 1 0 0 -1 1
8 0 -1 0 0 0 0 0 0 -1 0 -1 -1 -1 0 -1 0 0 1 -1
8 0 -1 0 0 0 0 0 0 1 0 -1 1 -1 0 -1 0 0 1 -1
8 0 -1 0 0 0 0 0 0 -1 0 -1 1 -1 0 1 0 0 1 -1
8 0 -1 0 0 0 0 0 0 1 0 -1 -1 -1 0 1 0 0 1 -1
8 0 -1 0 0 0 0 0 0 -1 0 1 1 -1 0 -1 0 0 -1 1
8 0 -1 0 0 0 0 0 0 1 0 1 -1 -1 0 -1 0 0 -1 1
8 0 -1 0 0 0 0 0 0 -1 0 1 -1 -1 0 1 0 0 -1 1
8 0 -1 0 0 0 0 0 0 1 0 1 1 -1 0 1 0 0 -1 1
8 0 -1 0 0 0 0 0 0 -1 0 1 1 -1 0 -1 0 0 1 -1
8 0 -1 0 0 0 0 0 0 1 0 1 -1 -1 0 -1 0 0 1 -1
8 0 -1 0 0 0 0 0 0 -1 0 1 -1 -1 0 1 0 0 1 -1
8 0 -1 0 0 0 0 0 0 1 0 1 1 -1 0 1 0 0 1 -1
8 0 -1 0 0 0 0 0 0 -1 0 -1 1 1 0 -1 0 0 -1 1
8 0 -1 0 0 0 0 0 0 1 0 -1 -1 1 0 -1 0 0 -1 1
8 0 -1 0 0 0 0 0 0 -1 0 -1 -1 1 0 1 0 0 -1 1
8 0 -1 0 0 0 0 0 0 1 0 -1 1 1 0 1 0 0 -1 1
8 0 -1 0 0 0 0 0 0 -1 0 -1 1 1 0 -1 0 0 1 -1
8 0 -1 0 0 0 0 0 0 1 0 -1 -1 1 0 -1 0 0 1 -1
8 0 -1 0 0 0 0 0 0 -1 0 -1 -1 1 0 1 0 0 1 -1
8 0 -1 0 0 0 0 0 0 1 0 -1 1 1 0 1 0 0 1 -1
8 0 -1 0 0 0 0 0 0 -1 0 1 -1 1 0 -1 0 0 -1 1
8 0 -1 0 0 0 0 0 0 1 0 1 1 1 0 -1 0 0 -1 1
8 0 -1 0 0 0 0 0 0 -1 0 1 1 1 0 1 0 0 -1 1
8 0 -1 0 0 0 0 0 0 1 0 1 -1 1 0 1 0 0 -1 1
8 0 -1 0 0 0 0 0 0 -1 0 1 -1 1 0 -1 0 0 1 -1
8 0 -1 0 0 0 0 0 0 1 0 1 1 1 0 -1 0 0 1 -1
8 0 -1 0 0 0 0 0 0 -1 0 1 1 1 0 1 0 0 1 -1
8 0 -1 0 0 0 0 0 0 1 0 1 -1 1 0 1 0 0 1 -1
8 0 1 0 0 0 0 0 0 -1 0 -1 1 -1 0 -1 0 0 -1 1
8 0 1 0 0 0 0 0 0 1 0 -1 -1 -1 0 -1 0 0 -1 1
8 0 1 0 0 0 0 0 0 -1 0 -1 -1 -1 0 1 0 0 -1 1
8 0 1 0 0 0 0 0 0 1 0 -1 1 -1 0 1 0 0 -1 1
8 0 1 0 0 0 0 0 0 -1 0 -1 1 -1 0 -1 0 0 1 -1
8 0 1 0 0 0 0 0 0 1 0 -1 -1 -1 0 -1 0 0 1 -1
8 0 1 0 0 0 0 0 0 -1 0 -1 -1 -1 0 1 0 0 1 -1
8 0 1 0 0 0 0 0 0 1 0 -1 1 -1 0 1 0 0 1 -1
8 0 1 0 0 0 0 0 0 -1 0 1 -1 -1 0 -1 0 0 -1 1
8 0 1 0 0 0 0 0 0 1 0 1 1 -1 0 -1 0 0 -1 1
8 0 1 0 0 0 0 0 0 -1 0 1 1 -1 0 1 0 0 -1 1
8 0 1 0 0 0 0 0 0 1 0 1 -1 -1 0 1 0 0 -1 1
8 0 1 0 0 0 0 0 0 -1 0 1 -1 -1 0 -1 0 0 1 -1
8 0 1 0 0 0 0 0 0 1 0 1 1 -1 0 -1 0 0 1 -1
8 0 1 0 0 0 0 0 0 -1 0 1 1 -1 0 1 0 0 1 -1
8 0 1 0 0 0 0 0 0 1 0 1 -1 -1 0 1 0 0 1 -1
8 0 1 0 0 0 0 0 0 -1 0 -1 -1 1 0 -1 0 0 -1 1
8 0 1 0 0 0 0 0 0 1 0 -1 1 1 0 -1 0 0 -1 1
8 0 1 0 0 0 0 0 0 -1 0 -1 1 1 0 1 0 0 -1 1
8 0 1 0 0 0 0 0 0 1 0 -1 -1 1 0 1 0 0 -1 1
8 0 1 0 0 0 0 0 0 -1 0 -1 -1 1 0 -1 0 0 1 -1
8 0 1 0 0 0 0 0 0 1 0 -1 1 1 0 -1 0 0 1 -1
8 0 1 0 0 0 0 0 0 -1 0 -1 1 1 0 1 0 0 1 -1
8 0 1 0 0 0 0 0 0 1 0 -1 -1 1 0 1 0 0 1 -1
8 0 1 0 0 0 0 0 0 -1 0 1 1 1 0 -1 0 0 -1 1
8 0 1 0 0 0 0 0 0 1 0 1 -1 1 0 -1 0 0 -1 1
8 0 1 0 0 0 0 0 0 -1 0 1 -1 1 0 1 0 0 -1 1
8 0 1 0 0 0 0 0 0 1 0 1 1 1 0 1 0 0 -1 1
8 0 1 0 0 0 0 0 0 -1 0 1 1 1 0 -1 0 0 1 -1
8 0 1 0 0 0 0 0 0 1 0 1 -1 1 0 -1 0 0 1 -1
8 0 1 0 0 0 0 0 0 -1 0 1 -1 1 0 1 0 0 1 -1
8 0 1 0 0 0 0 0 0 1 0 1 1 1 0 1 0 0 1 -1
8 0 -1 0 1 0 -1 1 0 0 -1 0 0 -1 0 0 0 0 -1 -1
8 0 -1 0 -1 0 -1 1 0 0 1 0 0 -1 0 0 0 0 -1 -1
8 0 -1 0 1 0 -1 -1 0 0 1 0 0 -1 0 0 0 0 -1 -1
8 0 -1 0 -1 0 -1 -1 0 0 -1 0 0 -1 0 0 0 0 -1 -1
8 0 -1 0 1 0 -1 1 0 0 1 0 0 1 0 0 0 0 -1 -1
8 0 -1 0 -1 0 -1 1 0 0 -1 0 0 1 0 0 0 0 -1 -1
8 0 -1 0 1 0 -1 -1 0 0 -1 0 0 1 0 0 0 0 -1 -1
8 0 -1 0 -1 0 -1 -1 0 0 1 0 0 1 0 0 0 0 -1 -1
8 0 1 0 1 0 -1 1 0 0 1 0 0 -1 0 0 0 0 -1 -1
8 0 1 0 -1 0 -1 1 0 0 -1 0 0 -1 0 0 0 0 -1 -1
8 0 1 0 1 0 -1 -1 0 0 -1 0 0 -1 0 0 0 0 -1 -1
8 0 1 0 -1 0 -1 -1 0 0 1 0 0 -1 0 0 0 0 -1 -1
8 0 1 0 1 0 -1 1 0 0 -1 0 0 1 0 0 0 0 -1 -1
8 0 1 0 -1 0 -1 1 0 0 1 0 0 1 0 0 0 0 -1 -1
8 0 1 0 1 0 -1 -1 0 0 1 0 0 1 0 0 0 0 -1 -1
8 0 1 0 -1 0 -1 -1 0 0 -1 0 0 1 0 0 0 0 -1 -1
8 0 -1 0 1 0 -1 1 0 0 -1 0 0 -1 0 0 0 0 1 1
8 0 -1 0 -1 0 -1 1 0 0 1 0 0 -1 0 0 0 0 1 1
8 0 -1 0 1 0 -1 -1 0 0 1 0 0 -1 0 0 0 0 1 1
8 0 -1 0 -1 0 -1 -1 0 0 -1 0 0 -1 0 0 0 0 1 1
8 0 -1 0 1 0 -1 1 0 0 1 0 0 1 0 0 0 0 1 1
8 0 -1 0 -1 0 -1 1 0 0 -1 0 0 1 0 0 0 0 1 1
8 0 -1 0 1 0 -1 -1 0 0 -1 0 0 1 0 0 0 0 1 1
8 0 -1 0 -1 0 -1 -1 0 0 1 0 0 1 0 0 0 0 1 1
8 0 1 0 1 0 -1 1 0 0 1 0 0 -1 0 0 0 0 1 1
8 0 1 0 -1 0 -1 1 0 0 -1 0 0 -1 0 0 0 0 1 1
8 0 1 0 1 0 -1 -1 0 0 -1 0 0 -1 0 0 0 0 1 1
8 0 1 0 -1 0 -1 -1 0 0 1 0 0 -1 0 0 0 0 1 1
8 0 1 0 1 0 -1 1 0 0 -1 0 0 1 0 0 0 0 1 1
8 0 1 0 -1 0 -1 1 0 0 1 0 0 1 0 0 0 0 1 1
8 0 1 0 1 0 -1 -1 0 0 1 0 0 1 0 0 0 0 1 1
8 0 1 0 -1 0 -1 -1 0 0 -1 0 0 1 0 0 0 0 1 1
8 0 -1 0 1 0 1 1 0 0 1 0 0 -1 0 0 0 0 -1 -1
8 0 -1 0 -1 0 1 1 0 0 -1 0 0 -1 0 0 0 0 -1 -1
8 0 -1 0 1 0 1 -1 0 0 -1 0 0 -1 0 0 0 0 -1 -1
8 0 -1 0 -1 0 1 -1 0 0 1 0 0 -1 0 0 0 0 -1 -1
8 0 -1 0 1 0 1 1 0 0 -1 0 0 1 0 0 0 0 -1 -1
8 0 -1 0 -1 0 1 1 0 0 1 0 0 1 0 0 0 0 -1 -1
8 0 -1 0 1 0 1 -1 0 0 1 0 0 1 0 0 0 0 -1 -1
8 0 -1 0 -1 0 1 -1 0 0 -1 0 0 1 0 0 0 0 -1 -1
8 0 1 0 1 0 1 1 0 0 -1 0 0 -1 0 0 0 0 -1 -1
8 0 1 0 -1 0 1 1 0 0 1 0 0 -1 0 0 0 0 -1 -1
8 0 1 0 1 0 1 -1 0 0 1 0 0 -1 0 0 0 0 -1 -1
8 0 1 0 -1 0 1 -1 0 0 -1 0 0 -1 0 0 0 0 -1 -1
8 0 1 0 1 0 1 1 0 0 1 0 0 1 0 0 0 0 -1 -1
8 0 1 0 -1 0 1 1 0 0 -1 0 0 1 0 0 0 0 -1 -1
8 0 1 0 1 0 1 -1 0 0 -1 0 0 1 0 0 0 0 -1 -1
8 0 1 0 -1 0 1 -1 0 0 1 0 0 1 0 0 0 0 -1 -1
8 0 -1 0 1 0 1 1 0 0 1 0 0 -1 0 0 0 0 1 1
8 0 -1 0 -1 0 1 1 0 0 -1 0 0 -1 0 0 0 0 1 1
8 0 -1 0 1 0 1 -1 0 0 -1 0 0 -1 0 0 0 0 1 1
8 0 -1 0 -1 0 1 -1 0 0 1 0 0 -1 0 0 0 0 1 1
8 0 -1 0 1 0 1 1 0 0 -1 0 0 1 0 0 0 0 1 1
8 0 -1 0 -1 0 1 1 0 0 1 0 0 1 0 0 0 0 1 1
8 0 -1 0 1 0 1 -1 0 0 1 0 0 1 0 0 0 0 1 1
8 0 -1 0 -1 0 1 -1 0 0 -1 0 0 1 0 0 0 0 1 1
8 0 1 0 1 0 1 1 0 0 -1 0 0 -1 0 0 0 0 1 1
8 0 1 0 -1 0 1 1 0 0 1 0 0 -1 0 0 0 0 1 1
8 0 1 0 1 0 1 -1 0 0 1 0 0 -1 0 0 0 0 1 1
8 0 1 0 -1 0 1 -1 0 0 -1 0 0 -1 0 0 0 0 1 1
8 0 1 0 1 0 1 1 0 0 1 0 0 1 0 0 0 0 1 1
8 0 1 0 -1 0 1 1 0 0 -1 0 0 1 0 0 0 0 1 1
8 0 1 0 1 0 1 -1 0 0 -1 0 0 1 0 0 0 0 1 1
8 0 1 0 -1 0 1 -1 0 0 1 0 0 1 0 0 0 0 1 1
8 1 -1 0 0 1 0 0 0 0 -1 -1 0 -1 0 0 0 -1 1 0
8 1 -1 0 0 -1 0 0 0 0 1 -1 0 -1 0 0 0 -1 1 0
8 1 -1 0 0 1 0 0 0 0 1 1 0 -1 0 0 0 -1 1 0
8 1 -1 0 0 -1 0 0 0 0 -1 1 0 -1 0 0 0 -1 1 0
8 1 -1 0 0 1 0 0 0 0 -1 -1 0 -1 0 0 0 1 -1 0
8 1 -1 0 0 -1 0 0 0 0 1 -1 0 -1 0 0 0 1 -1 0
8 1 -1 0 0 1 0 0 0 0 1 1 0 -1 0 0 0 1 -1 0
8 1 -1 0 0 -1 0 0 0 0 -1 1 0 -1 0 0 0 1 -1 0
8 1 -1 0 0 1 0 0 0 0 1 -1 0 1 0 0 0 -1 1 0
8 1 -1 0 0 -1 0 0 0 0 -1 -1 0 1 0 0 0 -1 1 0
8 1 -1 0 0 1 0 0 0 0 -1 1 0 1 0 0 0 -1 1 0
8 1 -1 0 0 -1 0 0 0 0 1 1 0 1 0 0 0 -1 1 0
8 1 -1 0 0 1 0 0 0 0 1 -1 0 1 0 0 0 1 -1 0
8 1 -1 0 0 -1 0 0 0 0 -1 -1 0 1 0 0 0 1 -1 0
8 1 -1 0 0 1 0 0 0 0 -1 1 0 1 0 0 0 1 -1 0
8 1 -1 0 0 -1 0 0 0 0 1 1 0 1 0 0 0 1 -1 0
8 -1 -1 0 0 1 0 0 0 0 1 -1 0 -1 0 0 0 -1 1 0
8 -1 -1 0 0 -1 0 0 0 0 -1 -1 0 -1 0 0 0 -1 1 0
8 -1 -1 0 0 1 0 0 0 0 -1 1 0 -1 0 0 0 -1 1 0
8 -1 -1 0 0 -1 0 0 0 0 1 1 0 -1 0 0 0 -1 1 0
8 -1 -1 0 0 1 0 0 0 0 1 -1 0 -1 0 0 0 1 -1 0
8 -1 -1 0 0 -1 0 0 0 0 -1 -1 0 -1 0 0 0 1 -1 0
8 -1 -1 0 0 1 0 0 0 0 -1 1 0 -1 0 0 0 1 -1 0
8 -1 -1 0 0 -1 0 0 0 0 1 1 0 -1 0 0 0 1 -1 0
8 -1 -1 0 0 1 0 0 0 0 -1 -1 0 1 0 0 0 -1 1 0
8 -1 -1 0 0 -1 0 0 0 0 1 -1 0 1 0 0 0 -1 1 0
8 -1 -1 0 0 1 0 0 0 0 1 1 0 1 0 0 0 -1 1 0
8 -1 -1 0 0 -1 0 0 0 0 -1 1 0 1 0 0 0 -1 1 0
8 -1 -1 0 0 1 0 0 0 0 -1 -1 0 1 0 0 0 1 -1 0
8 -1 -1 0 0 -1 0 0 0 0 1 -1 0 1 0 0 0 1 -1 0
8 -1 -1 0 0 1 0 0 0 0 1 1 0 1 0 0 0 1 -1 0
8 -1 -1 0 0 -1 0 0 0 0 -1 1 0 1 0 0 0 1 -1 0
8 1 1 0 0 1 0 0 0 0 1 -1 0 -1 0 0 0 -1 1 0
8 1 1 0 0 -1 0 0 0 0 -1 -1 0 -1 0 0 0 -1 1 0
8 1 1 0 0 1 0 0 0 0 -1 1 0 -1 0 0 0 -1 1 0
8 1 1 0 0 -1 0 0 0 0 1 1 0 -1 0 0 0 -1 1 0
8 1 1 0 0 1 0 0 0 0 1 -1 0 -1 0 0 0 1 -1 0
8 1 1 0 0 -1 0 0 0 0 -1 -1 0 -1 0 0 0 1 -1 0
8 1 1 0 0 1 0 0 0 0 -1 1 0 -1 0 0 0 1 -1 0
8 1 1 0 0 -1 0 0 0 0 1 1 0 -1 0 0 0 1 -1 0
8 1 1 0 0 1 0 0 0 0 -1 -1 0 1 0 0 0 -1 1 0
8 1 1 0 0 -1 0 0 0 0 1 -1 0 1 0 0 0 -1 1 0
8 1 1 0 0 1 0 0 0 0 1 1 0 1 0 0 0 -1 1 0
8 1 1 0 0 -1 0 0 0 0 -1 1 0 1 0 0 0 -1 1 0
8 1 1 0 0 1 0 0 0 0 -1 -1 0 1 0 0 0 1 -1 0
8 1 1 0 0 -1 0 0 0 0 1 -1 0 1 0 0 0 1 -1 0
8 1 1 0 0 1 0 0 0 0 1 1 0 1 0 0 0 1 -1 0
8 1 1 0 0 -1 0 0 0 0 -1 1 0 1 0 0 0 1 -1 0
8 -1 1 0 0 1 0 0 0 0 -1 -1 0 -1 0 0 0 -1 1 0
8 -1 1 0 0 -1 0 0 0 0 1 -1 0 -1 0 0 0 -1 1 0
8 -1 1 0 0 1 0 0 0 0 1 1 0 -1 0 0 0 -1 1 0
8 -1 1 0 0 -1 0 0 0 0 -1 1 0 -1 0 0 0 -1 1 0
8 -1 1 0 0 1 0 0 0 0 -1 -1 0 -1 0 0 0 1 -1 0
8 -1 1 0 0 -1 0 0 0 0 1 -1 0 -1 0 0 0 1 -1 0
8 -1 1 0 0 1 0 0 0 0 1 1 0 -1 0 0 0 1 -1 0
8 -1 1 0 0 -1 0 0 0 0 -1 1 0 -1 0 0 0 1 -1 0
8 -1 1 0 0 1 0 0 0 0 1 -1 0 1 0 0 0 -1 1 0
8 -1 1 0 0 -1 0 0 0 0 -1 -1 0 1 0 0 0 -1 1 0
8 -1 1 0 0 1 0 0 0 0 -1 1 0 1 0 0 0 -1 1 0
8 -1 1 0 0 -1 0 0 0 0 1 1 0 1 0 0 0 -1 1 0
8 -1 1 0 0 1 0 0 0 0 1 -1 0 1 0 0 0 1 -1 0
8 -1 1 0 0 -1 0 0 0 0 -1 -1 0 1 0 0 0 1 -1 0
8 -1 1 0 0 1 0 0 0 0 -1 1 0 1 0 0 0 1 -1 0
8 -1 1 0 0 -1 0 0 0 0 1 1 0 1 0 0 0 1 -1 0
8 1 -1 1 1 0 0 0 1 0 -1 0 0 0 0 0 0 -1 0 1
8 1 -1 1 -1 0 0 0 1 0 1 0 0 0 0 0 0 -1 0 1
8 1 -1 1 1 0 0 0 1 0 -1 0 0 0 0 0 0 1 0 -1
8 1 -1 1 -1 0 0 0 1 0 1 0 0 0 0 0 0 1 0 -1
8 -1 -1 1 1 0 0 0 1 0 1 0 0 0 0 0 0 -1 0 1
8 -1 -1 1 -1 0 0 0 1 0 -1 0 0 0 0 0 0 -1 0 1
8 -1 -1 1 1 0 0 0 1 0 1 0 0 0 0 0 0 1 0 -1
8 -1 -1 1 -1 0 0 0 1 0 -1 0 0 0 0 0 0 1 0 -1
8 1 1 1 1 0 0 0 1 0 1 0 0 0 0 0 0 -1 0 1
8 1 1 1 -1 0 0 0 1 0 -1 0 0 0 0 0 0 -1 0 1
8 1 1 1 1 0 0 0 1 0 1 0 0 0 0 0 0 1 0 -1
8 1 1 1 -1 0 0 0 1 0 -1 0 0 0 0 0 0 1 0 -1
8 -1 1 1 1 0 0 0 1 0 -1 0 0 0 0 0 0 -1 0 1
8 -1 1 1 -1 0 0 0 1 0 1 0 0 0 0 0 0 -1 0 1
8 -1 1 1 1 0 0 0 1 0 -1 0 0 0 0 0 0 1 0 -1
8 -1 1 1 -1 0 0 0 1 0 1 0 0 0 0 0 0 1 0 -1
8 1 -1 -1 1 0 0 0 1 0 1 0 0 0 0 0 0 -1 0 1
8 1 -1 -1 -1 0 0 0 1 0 -1 0 0 0 0 0 0 -1 0 1
8 1 -1 -1 1 0 0 0 1 0 1 0 0 0 0 0 0 1 0 -1
8 1 -1 -1 -1 0 0 0 1 0 -1 0 0 0 0 0 0 1 0 -1
8 -1 -1 -1 1 0 0 0 1 0 -1 0 0 0 0 0 0 -1 0 1
8 -1 -1 -1 -1 0 0 0 1 0 1 0 0 0 0 0 0 -1 0 1
8 -1 -1 -1 1 0 0 0 1 0 -1 0 0 0 0 0 0 1 0 -1
8 -1 -1 -1 -1 0 0 0 1 0 1 0 0 0 0 0 0 1 0 -1
8 1 1 -1 1 0 0 0 1 0 -1 0 0 0 0 0 0 -1 0 1
8 1 1 -1 -1 0 0 0 1 0 1 0 0 0 0 0 0 -1 0 1
8 1 1 -1 1 0 0 0 1 0 -1 0 0 0 0 0 0 1 0 -1
8 1 1 -1 -1 0 0 0 1 0 1 0 0 0 0 0 0 1 0 -1
8 -1 1 -1 1 0 0 0 1 0 1 0 0 0 0 0 0 -1 0 1
8 -1 1 -1 -1 0 0 0 1 0 -1 0 0 0 0 0 0 -1 0 1
8 -1 1 -1 1 0 0 0 1 0 1 0 0 0 0 0 0 1 0 -1
8 -1 1 -1 -1 0 0 0 1 0 -1 0 0 0 0 0 0 1 0 -1
8 1 -1 1 1 0 0 0 -1 0 1 0 0 0 0 0 0 -1 0 1
8 1 -1 1 -1 0 0 0 -1 0 -1 0 0 0 0 0 0 -1 0 1
8 1 -1 1 1 0 0 0 -1 0 1 0 0 0 0 0 0 1 0 -1
8 1 -1 1 -1 0 0 0 -1 0 -1 0 0 0 0 0 0 1 0 -1
8 -1 -1 1 1 0 0 0 -1 0 -1 0 0 0 0 0 0 -1 0 1
8 -1 -1 1 -1 0 0 0 -1 0 1 0 0 0 0 0 0 -1 0 1
8 -1 -1 1 1 0 0 0 -1 0 -1 0 0 0 0 0 0 1 0 -1
8 -1 -1 1 -1 0 0 0 -1 0 1 0 0 0 0 0 0 1 0 -1
8 1 1 1 1 0 0 0 -1 0 -1 0 0 0 0 0 0 -1 0 1
8 1 1 1 -1 0 0 0 -1 0 1 0 0 0 0 0 0 -1 0 1
8 1 1 1 1 0 0 0 -1 0 -1 0 0 0 0 0 0 1 0 -1
8 1 1 1 -1 0 0 0 -1 0 1 0 0 0 0 0 0 1 0 -1
8 -1 1 1 1 0 0 0 -1 0 1 0 0 0 0 0 0 -1 0 1
8 -1 1 1 -1 0 0 0 -1 0 -1 0 0 0 0 0 0 -1 0 1
8 -1 1 1 1 0 0 0 -1 0 1 0 0 0 0 0 0 1 0 -1
8 -1 1 1 -1 0 0 0 -1 0 -1 0 0 0 0 0 0 1 0 -1
8 1 -1 -1 1 0 0 0 -1 0 -1 0 0 0 0 0 0 -1 0 1
8 1 -1 -1 -1 0 0 0 -1 0 1 0 0 0 0 0 0 -1 0 1
8 1 -1 -1 1 0 0 0 -1 0 -1 0 0 0 0 0 0 1 0 -1
8 1 -1 -1 -1 0 0 0 -1 0 1 0 0 0 0 0 0 1 0 -1
8 -1 -1 -1 1 0 0 0 -1 0 1 0 0 0 0 0 0 -1 0 1
8 -1 -1 -1 -1 0 0 0 -1 0 -1 0 0 0 0 0 0 -1 0 1
8 -1 -1 -1 1 0 0 0 -1 0 1 0 0 0 0 0 0 1 0 -1
8 -1 -1 -1 -1 0 0 0 -1 0 -1 0 0 0 0 0 0 1 0 -1
8 1 1 -1 1 0 0 0 -1 0 1 0 0 0 0 0 0 -1 0 1
8 1 1 -1 -1 0 0 0 -1 0 -1 0 0 0 0 0 0 -1 0 1
8 1 1 -1 1 0 0 0 -1 0 1 0 0 0 0 0 0 1 0 -1
8 1 1 -1 -1 0 0 0 -1 0 -1 0 0 0 0 0 0 1 0 -1
8 -1 1 -1 1 0 0 0 -1 0 -1 0 0 0 0 0 0 -1 0 1
8 -1 1 -1 -1 0 0 0 -1 0 1 0 0 0 0 0 0 -1 0 1
8 -1 1 -1 1 0 0 0 -1 0 -1 0 0 0 0 0 0 1 0 -1
8 -1 1 -1 -1 0 0 0 -1 0 1 0 0 0 0 0 0 1 0 -1
8 0 0 1 1 0 -1 1 1 0 1 -1 0 0 0 -1 0 0 0 0
8 0 0 1 1 0 -1 1 1 0 -1 -1 0 0 0 1 0 0 0 0
8 0 0 1 -1 0 -1 1 1 0 -1 -1 0 0 0 -1 0 0 0 0
8 0 0 1 -1 0 -1 1 1 0 1 -1 0 0 0 1 0 0 0 0
8 0 0 1 1 0 -1 1 1 0 -1 1 0 0 0 -1 0 0 0 0
8 0 0 1 1 0 -1 1 1 0 1 1 0 0 0 1 0 0 0 0
8 0 0 1 -1 0 -1 1 1 0 1 1 0 0 0 -1 0 0 0 0
8 0 0 1 -1 0 -1 1 1 0 -1 1 0 0 0 1 0 0 0 0
8 0 0 1 1 0 -1 -1 1 0 -1 -1 0 0 0 -1 0 0 0 0
8 0 0 1 1 0 -1 -1 1 0 1 -1 0 0 0 1 0 0 0 0
8 0 0 1 -1 0 -1 -1 1 0 1 -1 0 0 0 -1 0 0 0 0
8 0 0 1 -1 0 -1 -1 1 0 -1 -1 0 0 0 1 0 0 0 0
8 0 0 1 1 0 -1 -1 1 0 1 1 0 0 0 -1 0 0 0 0
8 0 0 1 1 0 -1 -1 1 0 -1 1 0 0 0 1 0 0 0 0
8 0 0 1 -1 0 -1 -1 1 0 -1 1 0 0 0 -1 0 0 0 0
8 0 0 1 -1 0 -1 -1 1 0 1 1 0 0 0 1 0 0 0 0
8 0 0 -1 1 0 -1 1 1 0 -1 -1 0 0 0 -1 0 0 0 0
8 0 0 -1 1 0 -1 1 1 0 1 -1 0 0 0 1 0 0 0 0
8 0 0 -1 -1 0 -1 1 1 0 1 -1 0 0 0 -1 0 0 0 0
8 0 0 -1 -1 0 -1 1 1 0 -1 -1 0 0 0 1 0 0 0 0
8 0 0 -1 1 0 -1 1 1 0 1 1 0 0 0 -1 0 0 0 0
8 0 0 -1 1 0 -1 1 1 0 -1 1 0 0 0 1 0 0 0 0
8 0 0 -1 -1 0 -1 1 1 0 -1 1 0 0 0 -1 0 0 0 0
8 0 0 -1 -1 0 -1 1 1 0 1 1 0 0 0 1 0 0 0 0
8 0 0 -1 1 0 -1 -1 1 0 1 -1 0 0 0 -1 0 0 0 0
8 0 0 -1 1 0 -1 -1 1 0 -1 -1 0 0 0 1 0 0 0 0
8 0 0 -1 -1 0 -1 -1 1 0 -1 -1 0 0 0 -1 0 0 0 0
8 0 0 -1 -1 0 -1 -1 1 0 1 -1 0 0 0 1 0 0 0 0
8 0 0 -1 1 0 -1 -1 1 0 -1 1 0 0 0 -1 0 0 0 0
8 0 0 -1 1 0 -1 -1 1 0 1 1 0 0 0 1 0 0 0 0
8 0 0 -1 -1 0 -1 -1 1 0 1 1 0 0 0 -1 0 0 0 0
8 0 0 -1 -1 0 -1 -1 1 0 -1 1 0 0 0 1 0 0 0 0
8 0 0 1 1 0 -1 1 -1 0 -1 -1 0 0 0 -1 0 0 0 0
8 0 0 1 1 0 -1 1 -1 0 1 -1 0 0 0 1 0 0 0 0
8 0 0 1 -1 0 -1 1 -1 0 1 -1 0 0 0 -1 0 0 0 0
8 0 0 1 -1 0 -1 1 -1 0 -1 -1 0 0 0 1 0 0 0 0
8 0 0 1 1 0 -1 1 -1 0 1 1 0 0 0 -1 0 0 0 0
8 0 0 1 1 0 -1 1 -1 0 -1 1 0 0 0 1 0 0 0 0
8 0 0 1 -1 0 -1 1 -1 0 -1 1 0 0 0 -1 0 0 0 0
8 0 0 1 -1 0 -1 1 -1 0 1 1 0 0 0 1 0 0 0 0
8 0 0 1 1 0 -1 -1 -1 0 1 -1 0 0 0 -1 0 0 0 0
8 0 0 1 1 0 -1 -1 -1 0 -1 -1 0 0 0 1 0 0 0 0
8 0 0 1 -1 0 -1 -1 -1 0 -1 -1 0 0 0 -1 0 0 0 0
8 0 0 1 -1 0 -1 -1 -1 0 1 -1 0 0 0 1 0 0 0 0
8 0 0 1 1 0 -1 -1 -1 0 -1 1 0 0 0 -1 0 0 0 0
8 0 0 1 1 0 -1 -1 -1 0 1 1 0 0 0 1 0 0 0 0
8 0 0 1 -1 0 -1 -1 -1 0 1 1 0 0 0 -1 0 0 0 0
8 0 0 1 -1 0 -1 -1 -1 0 -1 1 0 0 0 1 0 0 0 0
8 0 0 -1 1 0 -1 1 -1 0 1 -1 0 0 0 -1 0 0 0 0
8 0 0 -1 1 0 -1 1 -1 0 -1 -1 0 0 0 1 0 0 0 0
8 0 0 -1 -1 0 -1 1 -1 0 -1 -1 0 0 0 -1 0 0 0 0
8 0 0 -1 -1 0 -1 1 -1 0 1 -1 0 0 0 1 0 0 0 0
8 0 0 -1 1 0 -1 1 -1 0 -1 1 0 0 0 -1 0 0 0 0
8 0 0 -1 1 0 -1 1 -1 0 1 1 0 0 0 1 0 0 0 0
8 0 0 -1 -1 0 -1 1 -1 0 1 1 0 0 0 -1 0 0 0 0
8 0 0 -1 -1 0 -1 1 -1 0 -1 1 0 0 0 1 0 0 0 0
8 0 0 -1 1 0 -1 -1 -1 0 -1 -1 0 0 0 -1 0 0 0 0
8 0 0 -1 1 0 -1 -1 -1 0 1 -1 0 0 0 1 0 0 0 0
8 0 0 -1 -1 0 -1 -1 -1 0 1 -1 0 0 0 -1 0 0 0 0
8 0 0 -1 -1 0 -1 -1 -1 0 -1 -1 0 0 0 1 0 0 0 0
8 0 0 -1 1 0 -1 -1 -1 0 1 1 0 0 0 -1 0 0 0 0
8 0 0 -1 1 0 -1 -1 -1 0 -1 1 0 0 0 1 0 0 0 0
8 0 0 -1 -1 0 -1 -1 -1 0 -1 1 0 0 0 -1 0 0 0 0
8 0 0 -1 -1 0 -1 -1 -1 0 1 1 0 0 0 1 0 0 0 0
8 0 0 1 1 0 1 1 1 0 -1 -1 0 0 0 -1 0 0 0 0
8 0 0 1 1 0 1 1 1 0 1 -1 0 0 0 1 0 0 0 0
8 0 0 1 -1 0 1 1 1 0 1 -1 0 0 0 -1 0 0 0 0
8 0 0 1 -1 0 1 1 1 0 -1 -1 0 0 0 1 0 0 0 0
8 0 0 1 1 0 1 1 1 0 1 1 0 0 0 -1 0 0 0 0
8 0 0 1 1 0 1 1 1 0 -1 1 0 0 0 1 0 0 0 0
8 0 0 1 -1 0 1 1 1 0 -1 1 0 0 0 -1 0 0 0 0
8 0 0 1 -1 0 1 1 1 0 1 1 0 0 0 1 0 0 0 0
8 0 0 1 1 0 1 -1 1 0 1 -1 0 0 0 -1 0 0 0 0
8 0 0 1 1 0 1 -1 1 0 -1 -1 0 0 0 1 0 0 0 0
8 0 0 1 -1 0 1 -1 1 0 -1 -1 0 0 0 -1 0 0 0 0
8 0 0 1 -1 0 1 -1 1 0 1 -1 0 0 0 1 0 0 0 0
8 0 0 1 1 0 1 -1 1 0 -1 1 0 0 0 -1 0 0 0 0
8 0 0 1 1 0 1 -1 1 0 1 1 0 0 0 1 0 0 0 0
8 0 0 1 -1 0 1 -1 1 0 1 1 0 0 0 -1 0 0 0 0
8 0 0 1 -1 0 1 -1 1 0 -1 1 0 0 0 1 0 0 0 0
8 0 0 -1 1 0 1 1 1 0 1 -1 0 0 0 -1 0 0 0 0
8 0 0 -1 1 0 1 1 1 0 -1 -1 0 0 0 1 0 0 0 0
8 0 0 -1 -1 0 1 1 1 0 -1 -1 0 0 0 -1 0 0 0 0
8 0 0 -1 -1 0 1 1 1 0 1 -1 0 0 0 1 0 0 0 0
8 0 0 -1 1 0 1 1 1 0 -1 1 0 0 0 -1 0 0 0 0
8 0 0 -1 1 0 1 1 1 0 1 1 0 0 0 1 0 0 0 0
8 0 0 -1 -1 0 1 1 1 0 1 1 0 0 0 -1 0 0 0 0
8 0 0 -1 -1 0 1 1 1 0 -1 1 0 0 0 1 0 0 0 0
8 0 0 -1 1 0 1 -1 1 0 -1 -1 0 0 0 -1 0 0 0 0
8 0 0 -1 1 0 1 -1 1 0 1 -1 0 0 0 1 0 0 0 0
8 0 0 -1 -1 0 1 -1 1 0 1 -1 0 0 0 -1 0 0 0 0
8 0 0 -1 -1 0 1 -1 1 0 -1 -1 0 0 0 1 0 0 0 0
8 0 0 -1 1 0 1 -1 1 0 1 1 0 0 0 -1 0 0 0 0
8 0 0 -1 1 0 1 -1 1 0 -1 1 0 0 0 1 0 0 0 0
8 0 0 -1 -1 0 1 -1 1 0 -1 1 0 0 0 -1 0 0 0 0
8 0 0 -1 -1 0 1 -1 1 0 1 1 0 0 0 1 0 0 0 0
8 0 0 1 1 0 1 1 -1 0 1 -1 0 0 0 -1 0 0 0 0
8 0 0 1 1 0 1 1 -1 0 -1 -1 0 0 0 1 0 0 0 0
8 0 0 1 -1 0 1 1 -1 0 -1 -1 0 0 0 -1 0 0 0 0
8 0 0 1 -1 0 1 1 -1 0 1 -1 0 0 0 1 0 0 0 0
8 0 0 1 1 0 1 1 -1 0 -1 1 0 0 0 -1 0 0 0 0
8 0 0 1 1 0 1 1 -1 0 1 1 0 0 0 1 0 0 0 0
8 0 0 1 -1 0 1 1 -1 0 1 1 0 0 0 -1 0 0 0 0
8 0 0 1 -1 0 1 1 -1 0 -1 1 0 0 0 1 0 0 0 0
8 0 0 1 1 0 1 -1 -1 0 -1 -1 0 0 0 -1 0 0 0 0
8 0 0 1 1 0 1 -1 -1 0 1 -1 0 0 0 1 0 0 0 0
8 0 0 1 -1 0 1 -1 -1 0 1 -1 0 0 0 -1 0 0 0 0
8 0 0 1 -1 0 1 -1 -1 0 -1 -1 0 0 0 1 0 0 0 0
8 0 0 1 1 0 1 -1 -1 0 1 1 0 0 0 -1 0 0 0 0
8 0 0 1 1 0 1 -1 -1 0 -1 1 0 0 0 1 0 0 0 0
8 0 0 1 -1 0 1 -1 -1 0 -1 1 0 0 0 -1 0 0 0 0
8 0 0 1 -1 0 1 -1 -1 0 1 1 0 0 0 1 0 0 0 0
8 0 0 -1 1 0 1 1 -1 0 -1 -1 0 0 0 -1 0 0 0 0
8 0 0 -1 1 0 1 1 -1 0 1 -1 0 0 0 1 0 0 0 0
8 0 0 -1 -1 0 1 1 -1 0 1 -1 0 0 0 -1 0 0 0 0
8 0 0 -1 -1 0 1 1 -1 0 -1 -1 0 0 0 1 0 0 0 0
8 0 0 -1 1 0 1 1 -1 0 1 1 0 0 0 -1 0 0 0 0
8 0 0 -1 1 0 1 1 -1 0 -1 1 0 0 0 1 0 0 0 0
8 0 0 -1 -1 0 1 1 -1 0 -1 1 0 0 0 -1 0 0 0 0
8 0 0 -1 -1 0 1 1 -1 0 1 1 0 0 0 1 0 0 0 0
8 0 0 -1 1 0 1 -1 -1 0 1 -1 0 0 0 -1 0 0 0 0
8 0 0 -1 1 0 1 -1 -1 0 -1 -1 0 0 0 1 0 0 0 0
8 0 0 -1 -1 0 1 -1 -1 0 -1 -1 0 0 0 -1 0 0 0 0
8 0 0 -1 -1 0 1 -1 -1 0 1 -1 0 0 0 1 0 0 0 0
8 0 0 -1 1 0 1 -1 -1 0 -1 1 0 0 0 -1 0 0 0 0
8 0 0 -1 1 0 1 -1 -1 0 1 1 0 0 0 1 0 0 0 0
8 0 0 -1 -1 0 1 -1 -1 0 1 1 0 0 0 -1 0 0 0 0
8 0 0 -1 -1 0 1 -1 -1 0 -1 1 0 0 0 1 0 0 0 0
8 1 0 1 0 1 0 0 1 0 -1 0 0 0 0 -1 0 -1 0 -1
8 1 0 1 0 1 0 0 1 0 1 0 0 0 0 1 0 -1 0 -1
8 1 0 1 0 -1 0 0 1 0 1 0 0 0 0 -1 0 -1 0 -1
8 1 0 1 0 -1 0 0 1 0 -1 0 0 0 0 1 0 -1 0 -1
8 -1 0 1 0 1 0 0 1 0 1 0 0 0 0 -1 0 -1 0 -1
8 -1 0 1 0 1 0 0 1 0 -1 0 0 0 0 1 0 -1 0 -1
8 -1 0 1 0 -1 0 0 1 0 -1 0 0 0 0 -1 0 -1 0 -1
8 -1 0 1 0 -1 0 0 1 0 1 0 0 0 0 1 0 -1 0 -1
8 1 0 -1 0 1 0 0 1 0 1 0 0 0 0 -1 0 -1 0 -1
8 1 0 -1 0 1 0 0 1 0 -1 0 0 0 0 1 0 -1 0 -1
8 1 0 -1 0 -1 0 0 1 0 -1 0 0 0 0 -1 0 -1 0 -1
8 1 0 -1 0 -1 0 0 1 0 1 0 0 0 0 1 0 -1 0 -1
8 -1 0 -1 0 1 0 0 1 0 -1 0 0 0 0 -1 0 -1 0 -1
8 -1 0 -1 0 1 0 0 1 0 1 0 0 0 0 1 0 -1 0 -1
8 -1 0 -1 0 -1 0 0 1 0 1 0 0 0 0 -1 0 -1 0 -1
8 -1 0 -1 0 -1 0 0 1 0 -1 0 0 0 0 1 0 -1 0 -1
8 1 0 1 0 1 0 0 1 0 -1 0 0 0 0 -1 0 1 0 1
8 1 0 1 0 1 0 0 1 0 1 0 0 0 0 1 0 1 0 1
8 1 0 1 0 -1 0 0 1 0 1 0 0 0 0 -1 0 1 0 1
8 1 0 1 0 -1 0 0 1 0 -1 0 0 0 0 1 0 1 0 1
8 -1 0 1 0 1 0 0 1 0 1 0 0 0 0 -1 0 1 0 1
8 -1 0 1 0 1 0 0 1 0 -1 0 0 0 0 1 0 1 0 1
8 -1 0 1 0 -1 0 0 1 0 -1 0 0 0 0 -1 0 1 0 1
8 -1 0 1 0 -1 0 0 1 0 1 0 0 0 0 1 0 1 0 1
8 1 0 -1 0 1 0 0 1 0 1 0 0 0 0 -1 0 1 0 1
8 1 0 -1 0 1 0 0 1 0 -1 0 0 0 0 1 0 1 0 1
8 1 0 -1 0 -1 0 0 1 0 -1 0 0 0 0 -1 0 1 0 1
8 1 0 -1 0 -1 0 0 1 0 1 0 0 0 0 1 0 1 0 1
8 -1 0 -1 0 1 0 0 1 0 -1 0 0 0 0 -1 0 1 0 1
8 -1 0 -1 0 1 0 0 1 0 1 0 0 0 0 1 0 1 0 1
8 -1 0 -1 0 -1 0 0 1 0 1 0 0 0 0 -1 0 1 0 1
8 -1 0 -1 0 -1 0 0 1 0 -1 0 0 0 0 1 0 1 0 1
8 1 0 1 0 1 0 0 -1 0 1 0 0 0 0 -1 0 -1 0 -1
8 1 0 1 0 1 0 0 -1 0 -1 0 0 0 0 1 0 -1 0 -1
8 1 0 1 0 -1 0 0 -1 0 -1 0 0 0 0 -1 0 -1 0 -1
8 1 0 1 0 -1 0 0 -1 0 1 0 0 0 0 1 0 -1 0 -1
8 -1 0 1 0 1 0 0 -1 0 -1 0 0 0 0 -1 0 -1 0 -1
8 -1 0 1 0 1 0 0 -1 0 1 0 0 0 0 1 0 -1 0 -1
8 -1 0 1 0 -1 0 0 -1 0 1 0 0 0 0 -1 0 -1 0 -1
8 -1 0 1 0 -1 0 0 -1 0 -1 0 0 0 0 1 0 -1 0 -1
8 1 0 -1 0 1 0 0 -1 0 -1 0 0 0 0 -1 0 -1 0 -1
8 1 0 -1 0 1 0 0 -1 0 1 0 0 0 0 1 0 -1 0 -1
8 1 0 -1 0 -1 0 0 -1 0 1 0 0 0 0 -1 0 -1 0 -1
8 1 0 -1 0 -1 0 0 -1 0 -1 0 0 0 0 1 0 -1 0 -1
8 -1 0 -1 0 1 0 0 -1 0 1 0 0 0 0 -1 0 -1 0 -1
8 -1 0 -1 0 1 0 0 -1 0 -1 0 0 0 0 1 0 -1 0 -1
8 -1 0 -1 0 -1 0 0 -1 0 -1 0 0 0 0 -1 0 -1 0 -1
8 -1 0 -1 0 -1 0 0 -1 0 1 0 0 0 0 1 0 -1 0 -1
8 1 0 1 0 1 0 0 -1 0 1 0 0 0 0 -1 0 1 0 1
8 1 0 1 0 1 0 0 -1 0 -1 0 0 0 0 1 0 1 0 1
8 1 0 1 0 -1 0 0 -1 0 -1 0 0 0 0 -1 0 1 0 1
8 1 0 1 0 -1 0 0 -1 0 1 0 0 0 0 1 0 1 0 1
8 -1 0 1 0 1 0 0 -1 0 -1 0 0 0 0 -1 0 1 0 1
8 -1 0 1 0 1 0 0 -1 0 1 0 0 0 0 1 0 1 0 1
8 -1 0 1 0 -1 0 0 -1 0 1 0 0 0 0 -1 0 1 0 1
8 -1 0 1 0 -1 0 0 -1 0 -1 0 0 0 0 1 0 1 0 1
8 1 0 -1 0 1 0 0 -1 0 -1 0 0 0 0 -1 0 1 0 1
8 1 0 -1 0 1 0 0 -1 0 1 0 0 0 0 1 0 1 0 1
8 1 0 -1 0 -1 0 0 -1 0 1 0 0 0 0 -1 0 1 0 1
8 1 0 -1 0 -1 0 0 -1 0 -1 0 0 0 0 1 0 1 0 1
8 -1 0 -1 0 1 0 0 -1 0 1 0 0 0 0 -1 0 1 0 1
8 -1 0 -1 0 1 0 0 -1 0 -1 0 0 0 0 1 0 1 0 1
8 -1 0 -1 0 -1 0 0 -1 0 -1 0 0 0 0 -1 0 1 0 1
8 -1 0 -1 0 -1 0 0 -1 0 1 0 0 0 0 1 0 1 0 1
8 1 0 0 1 0 0 0 0 0 -1 -1 0 -1 0 -1 0 -1 -1 0
8 1 0 0 1 0 0 0 0 0 1 -1 0 -1 0 1 0 -1 -1 0
8 1 0 0 -1 0 0 0 0 0 1 -1 0 -1 0 -1 0 -1 -1 0
8 1 0 0 -1 0 0 0 0 0 -1 -1 0 -1 0 1 0 -1 -1 0
8 1 0 0 1 0 0 0 0 0 1 1 0 -1 0 -1 0 -1 -1 0
8 1 0 0 1 0 0 0 0 0 -1 1 0 -1 0 1 0 -1 -1 0
8 1 0 0 -1 0 0 0 0 0 -1 1 0 -1 0 -1 0 -1 -1 0
8 1 0 0 -1 0 0 0 0 0 1 1 0 -1 0 1 0 -1 -1 0
8 1 0 0 1 0 0 0 0 0 1 -1 0 1 0 -1 0 -1 -1 0
8 1 0 0 1 0 0 0 0 0 -1 -1 0 1 0 1 0 -1 -1 0
8 1 0 0 -1 0 0 0 0 0 -1 -1 0 1 0 -1 0 -1 -1 0
8 1 0 0 -1 0 0 0 0 0 1 -1 0 1 0 1 0 -1 -1 0
8 1 0 0 1 0 0 0 0 0 -1 1 0 1 0 -1 0 -1 -1 0
8 1 0 0 1 0 0 0 0 0 1 1 0 1 0 1 0 -1 -1 0
8 1 0 0 -1 0 0 0 0 0 1 1 0 1 0 -1 0 -1 -1 0
8 1 0 0 -1 0 0 0 0 0 -1 1 0 1 0 1 0 -1 -1 0
8 -1 0 0 1 0 0 0 0 0 1 -1 0 -1 0 -1 0 -1 -1 0
8 -1 0 0 1 0 0 0 0 0 -1 -1 0 -1 0 1 0 -1 -1 0
8 -1 0 0 -1 0 0 0 0 0 -1 -1 0 -1 0 -1 0 -1 -1 0
8 -1 0 0 -1 0 0 0 0 0 1 -1 0 -1 0 1 0 -1 -1 0
8 -1 0 0 1 0 0 0 0 0 -1 1 0 -1 0 -1 0 -1 -1 0
8 -1 0 0 1 0 0 0 0 0 1 1 0 -1 0 1 0 -1 -1 0
8 -1 0 0 -1 0 0 0 0 0 1 1 0 -1 0 -1 0 -1 -1 0
8 -1 0 0 -1 0 0 0 0 0 -1 1 0 -1 0 1 0 -1 -1 0
8 -1 0 0 1 0 0 0 0 0 -1 -1 0 1 0 -1 0 -1 -1 0
8 -1 0 0 1 0 0 0 0 0 1 -1 0 1 0 1 0 -1 -1 0
8 -1 0 0 -1 0 0 0 0 0 1 -1 0 1 0 -1 0 -1 -1 0
8 -1 0 0 -1 0 0 0 0 0 -1 -1 0 1 0 1 0 -1 -1 0
8 -1 0 0 1 0 0 0 0 0 1 1 0 1 0 -1 0 -1 -1 0
8 -1 0 0 1 0 0 0 0 0 -1 1 0 1 0 1 0 -1 -1 0
8 -1 0 0 -1 0 0 0 0 0 -1 1 0 1 0 -1 0 -1 -1 0
8 -1 0 0 -1 0 0 0 0 0 1 1 0 1 0 1 0 -1 -1 0
8 1 0 0 1 0 0 0 0 0 -1 -1 0 -1 0 -1 0 1 1 0
8 1 0 0 1 0 0 0 0 0 1 -1 0 -1 0 1 0 1 1 0
8 1 0 0 -1 0 0 0 0 0 1 -1 0 -1 0 -1 0 1 1 0
8 1 0 0 -1 0 0 0 0 0 -1 -1 0 -1 0 1 0 1 1 0
8 1 0 0 1 0 0 0 0 0 1 1 0 -1 0 -1 0 1 1 0
8 1 0 0 1 0 0 0 0 0 -1 1 0 -1 0 1 0 1 1 0
8 1 0 0 -1 0 0 0 0 0 -1 1 0 -1 0 -1 0 1 1 0
8 1 0 0 -1 0 0 0 0 0 1 1 0 -1 0 1 0 1 1 0
8 1 0 0 1 0 0 0 0 0 1 -1 0 1 0 -1 0 1 1 0
8 1 0 0 1 0 0 0 0 0 -1 -1 0 1 0 1 0 1 1 0
8 1 0 0 -1 0 0 0 0 0 -1 -1 0 1 0 -1 0 1 1 0
8 1 0 0 -1 0 0 0 0 0 1 -1 0 1 0 1 0 1 1 0
8 1 0 0 1 0 0 0 0 0 -1 1 0 1 0 -1 0 1 1 0
8 1 0 0 1 0 0 0 0 0 1 1 0 1 0 1 0 1 1 0
8 1 0 0 -1 0 0 0 0 0 1 1 0 1 0 -1 0 1 1 0
8 1 0 0 -1 0 0 0 0 0 -1 1 0 1 0 1 0 1 1 0
8 -1 0 0 1 0 0 0 0 0 1 -1 0 -1 0 -1 0 1 1 0
8 -1 0 0 1 0 0 0 0 0 -1 -1 0 -1 0 1 0 1 1 0
8 -1 0 0 -1 0 0 0 0 0 -1 -1 0 -1 0 -1 0 1 1 0
8 -1 0 0 -1 0 0 0 0 0 1 -1 0 -1 0 1 0 1 1 0
8 -1 0 0 1 0 0 0 0 0 -1 1 0 -1 0 -1 0 1 1 0
8 -1 0 0 1 0 0 0 0 0 1 1 0 -1 0 1 0 1 1 0
8 -1 0 0 -1 0 0 0 0 0 1 1 0 -1 0 -1 0 1 1 0
8 -1 0 0 -1 0 0 0 0 0 -1 1 0 -1 0 1 0 1 1 0
8 -1 0 0 1 0 0 0 0 0 -1 -1 0 1 0 -1 0 1 1 0
8 -1 0 0 1 0 0 0 0 0 1 -1 0 1 0 1 0 1 1 0
8 -1 0 0 -1 0 0 0 0 0 1 -1 0 1 0 -1 0 1 1 0
8 -1 0 0 -1 0 0 0 0 0 -1 -1 0 1 0 1 0 1 1 0
8 -1 0 0 1 0 0 0 0 0 1 1 0 1 0 -1 0 1 1 0
8 -1 0 0 1 0 0 0 0 0 -1 1 0 1 0 1 0 1 1 0
8 -1 0 0 -1 0 0 0 0 0 -1 1 0 1 0 -1 0 1 1 0
8 -1 0 0 -1 0 0 0 0 0 1 1 0 1 0 1 0 1 1 0
8 0 0 0 0 1 -1 1 0 0 -1 0 0 -1 0 -1 0 0 -1 1
8 0 0 0 0 1 -1 1 0 0 1 0 0 -1 0 1 0 0 -1 1
8 0 0 0 0 1 -1 1 0 0 -1 0 0 -1 0 -1 0 0 1 -1
8 0 0 0 0 1 -1 1 0 0 1 0 0 -1 0 1 0 0 1 -1
8 0 0 0 0 -1 -1 1 0 0 1 0 0 -1 0 -1 0 0 -1 1
8 0 0 0 0 -1 -1 1 0 0 -1 0 0 -1 0 1 0 0 -1 1
8 0 0 0 0 -1 -1 1 0 0 1 0 0 -1 0 -1 0 0 1 -1
8 0 0 0 0 -1 -1 1 0 0 -1 0 0 -1 0 1 0 0 1 -1
8 0 0 0 0 1 -1 -1 0 0 1 0 0 -1 0 -1 0 0 -1 1
8 0 0 0 0 1 -1 -1 0 0 -1 0 0 -1 0 1 0 0 -1 1
8 0 0 0 0 1 -1 -1 0 0 1 0 0 -1 0 -1 0 0 1 -1
8 0 0 0 0 1 -1 -1 0 0 -1 0 0 -1 0 1 0 0 1 -1
8 0 0 0 0 -1 -1 -1 0 0 -1 0 0 -1 0 -1 0 0 -1 1
8 0 0 0 0 -1 -1 -1 0 0 1 0 0 -1 0 1 0 0 -1 1
8 0 0 0 0 -1 -1 -1 0 0 -1 0 0 -1 0 -1 0 0 1 -1
8 0 0 0 0 -1 -1 -1 0 0 1 0 0 -1 0 1 0 0 1 -1
8 0 0 0 0 1 -1 1 0 0 1 0 0 1 0 -1 0 0 -1 1
8 0 0 0 0 1 -1 1 0 0 -1 0 0 1 0 1 0 0 -1 1
8 0 0 0 0 1 -1 1 0 0 1 0 0 1 0 -1 0 0 1 -1
8 0 0 0 0 1 -1 1 0 0 -1 0 0 1 0 1 0 0 1 -1
8 0 0 0 0 -1 -1 1 0 0 -1 0 0 1 0 -1 0 0 -1 1
8 0 0 0 0 -1 -1 1 0 0 1 0 0 1 0 1 0 0 -1 1
8 0 0 0 0 -1 -1 1 0 0 -1 0 0 1 0 -1 0 0 1 -1
8 0 0 0 0 -1 -1 1 0 0 1 0 0 1 0 1 0 0 1 -1
8 0 0 0 0 1 -1 -1 0 0 -1 0 0 1 0 -1 0 0 -1 1
8 0 0 0 0 1 -1 -1 0 0 1 0 0 1 0 1 0 0 -1 1
8 0 0 0 0 1 -1 -1 0 0 -1 0 0 1 0 -1 0 0 1 -1
8 0 0 0 0 1 -1 -1 0 0 1 0 0 1 0 1 0 0 1 -1
8 0 0 0 0 -1 -1 -1 0 0 1 0 0 1 0 -1 0 0 -1 1
8 0 0 0 0 -1 -1 -1 0 0 -1 0 0 1 0 1 0 0 -1 1
8 0 0 0 0 -1 -1 -1 0 0 1 0 0 1 0 -1 0 0 1 -1
8 0 0 0 0 -1 -1 -1 0 0 -1 0 0 1 0 1 0 0 1 -1
8 0 0 0 0 1 1 1 0 0 1 0 0 -1 0 -1 0 0 -1 1
8 0 0 0 0 1 1 1 0 0 -1 0 0 -1 0 1 0 0 -1 1
8 0 0 0 0 1 1 1 0 0 1 0 0 -1 0 -1 0 0 1 -1
8 0 0 0 0 1 1 1 0 0 -1 0 0 -1 0 1 0 0 1 -1
8 0 0 0 0 -1 1 1 0 0 -1 0 0 -1 0 -1 0 0 -1 1
8 0 0 0 0 -1 1 1 0 0 1 0 0 -1 0 1 0 0 -1 1
8 0 0 0 0 -1 1 1 0 0 -1 0 0 -1 0 -1 0 0 1 -1
8 0 0 0 0 -1 1 1 0 0 1 0 0 -1 0 1 0 0 1 -1
8 0 0 0 0 1 1 -1 0 0 -1 0 0 -1 0 -1 0 0 -1 1
8 0 0 0 0 1 1 -1 0 0 1 0 0 -1 0 1 0 0 -1 1
8 0 0 0 0 1 1 -1 0 0 -1 0 0 -1 0 -1 0 0 1 -1
8 0 0 0 0 1 1 -1 0 0 1 0 0 -1 0 1 0 0 1 -1
8 0 0 0 0 -1 1 -1 0 0 1 0 0 -1 0 -1 0 0 -1 1
8 0 0 0 0 -1 1 -1 0 0 -1 0 0 -1 0 1 0 0 -1 1
8 0 0 0 0 -1 1 -1 0 0 1 0 0 -1 0 -1 0 0 1 -1
8 0 0 0 0 -1 1 -1 0 0 -1 0 0 -1 0 1 0 0 1 -1
8 0 0 0 0 1 1 1 0 0 -1 0 0 1 0 -1 0 0 -1 1
8 0 0 0 0 1 1 1 0 0 1 0 0 1 0 1 0 0 -1 1
8 0 0 0 0 1 1 1 0 0 -1 0 0 1 0 -1 0 0 1 -1
8 0 0 0 0 1 1 1 0 0 1 0 0 1 0 1 0 0 1 -1
8 0 0 0 0 -1 1 1 0 0 1 0 0 1 0 -1 0 0 -1 1
8 0 0 0 0 -1 1 1 0 0 -1 0 0 1 0 1 0 0 -1 1
8 0 0 0 0 -1 1 1 0 0 1 0 0 1 0 -1 0 0 1 -1
8 0 0 0 0 -1 1 1 0 0 -1 0 0 1 0 1 0 0 1 -1
8 0 0 0 0 1 1 -1 0 0 1 0 0 1 0 -1 0 0 -1 1
8 0 0 0 0 1 1 -1 0 0 -1 0 0 1 0 1 0 0 -1 1
8 0 0 0 0 1 1 -1 0 0 1 0 0 1 0 -1 0 0 1 -1
8 0 0 0 0 1 1 -1 0 0 -1 0 0 1 0 1 0 0 1 -1
8 0 0 0 0 -1 1 -1 0 0 -1 0 0 1 0 -1 0 0 -1 1
8 0 0 0 0 -1 1 -1 0 0 1 0 0 1 0 1 0 0 -1 1
8 0 0 0 0 -1 1 -1 0 0 -1 0 0 1 0 -1 0 0 1 -1
8 0 0 0 0 -1 1 -1 0 0 1 0 0 1 0 1 0 0 1 -1
8 1 0 1 1 1 -1 0 0 -1 1 0 0 -1 0 0 0 0 0 0
8 1 0 1 1 1 -1 0 0 1 -1 0 0 -1 0 0 0 0 0 0
8 1 0 1 -1 1 -1 0 0 -1 -1 0 0 -1 0 0 0 0 0 0
8 1 0 1 -1 1 -1 0 0 1 1 0 0 -1 0 0 0 0 0 0
8 1 0 1 1 -1 -1 0 0 -1 -1 0 0 -1 0 0 0 0 0 0
8 1 0 1 1 -1 -1 0 0 1 1 0 0 -1 0 0 0 0 0 0
8 1 0 1 -1 -1 -1 0 0 -1 1 0 0 -1 0 0 0 0 0 0
8 1 0 1 -1 -1 -1 0 0 1 -1 0 0 -1 0 0 0 0 0 0
8 1 0 1 1 1 -1 0 0 -1 -1 0 0 1 0 0 0 0 0 0
8 1 0 1 1 1 -1 0 0 1 1 0 0 1 0 0 0 0 0 0
8 1 0 1 -1 1 -1 0 0 -1 1 0 0 1 0 0 0 0 0 0
8 1 0 1 -1 1 -1 0 0 1 -1 0 0 1 0 0 0 0 0 0
8 1 0 1 1 -1 -1 0 0 -1 1 0 0 1 0 0 0 0 0 0
8 1 0 1 1 -1 -1 0 0 1 -1 0 0 1 0 0 0 0 0 0
8 1 0 1 -1 -1 -1 0 0 -1 -1 0 0 1 0 0 0 0 0 0
8 1 0 1 -1 -1 -1 0 0 1 1 0 0 1 0 0 0 0 0 0
8 -1 0 1 1 1 -1 0 0 -1 -1 0 0 -1 0 0 0 0 0 0
8 -1 0 1 1 1 -1 0 0 1 1 0 0 -1 0 0 0 0 0 0
8 -1 0 1 -1 1 -1 0 0 -1 1 0 0 -1 0 0 0 0 0 0
8 -1 0 1 -1 1 -1 0 0 1 -1 0 0 -1 0 0 0 0 0 0
8 -1 0 1 1 -1 -1 0 0 -1 1 0 0 -1 0 0 0 0 0 0
8 -1 0 1 1 -1 -1 0 0 1 -1 0 0 -1 0 0 0 0 0 0
8 -1 0 1 -1 -1 -1 0 0 -1 -1 0 0 -1 0 0 0 0 0 0
8 -1 0 1 -1 -1 -1 0 0 1 1 0 0 -1 0 0 0 0 0 0
8 -1 0 1 1 1 -1 0 0 -1 1 0 0 1 0 0 0 0 0 0
8 -1 0 1 1 1 -1 0 0 1 -1 0 0 1 0 0 0 0 0 0
8 -1 0 1 -1 1 -1 0 0 -1 -1 0 0 1 0 0 0 0 0 0
8 -1 0 1 -1 1 -1 0 0 1 1 0 0 1 0 0 0 0 0 0
8 -1 0 1 1 -1 -1 0 0 -1 -1 0 0 1 0 0 0 0 0 0
8 -1 0 1 1 -1 -1 0 0 1 1 0 0 1 0 0 0 0 0 0
8 -1 0 1 -1 -1 -1 0 0 -1 1 0 0 1 0 0 0 0 0 0
8 -1 0 1 -1 -1 -1 0 0 1 -1 0 0 1 0 0 0 0 0 0
8 1 0 -1 1 1 -1 0 0 -1 -1 0 0 -1 0 0 0 0 0 0
8 1 0 -1 1 1 -1 0 0 1 1 0 0 -1 0 0 0 0 0 0
8 1 0 -1 -1 1 -1 0 0 -1 1 0 0 -1 0 0 0 0 0 0
8 1 0 -1 -1 1 -1 0 0 1 -1 0 0 -1 0 0 0 0 0 0
8 1 0 -1 1 -1 -1 0 0 -1 1 0 0 -1 0 0 0 0 0 0
8 1 0 -1 1 -1 -1 0 0 1 -1 0 0 -1 0 0 0 0 0 0
8 1 0 -1 -1 -1 -1 0 0 -1 -1 0 0 -1 0 0 0 0 0 0
8 1 0 -1 -1 -1 -1 0 0 1 1 0 0 -1 0 0 0 0 0 0
8 1 0 -1 1 1 -1 0 0 -1 1 0 0 1 0 0 0 0 0 0
8 1 0 -1 1 1 -1 0 0 1 -1 0 0 1 0 0 0 0 0 0
8 1 0 -1 -1 1 -1 0 0 -1 -1 0 0 1 0 0 0 0 0 0
8 1 0 -1 -1 1 -1 0 0 1 1 0 0 1 0 0 0 0 0 0
8 1 0 -1 1 -1 -1 0 0 -1 -1 0 0 1 0 0 0 0 0 0
8 1 0 -1 1 -1 -1 0 0 1 1 0 0 1 0 0 0 0 0 0
8 1 0 -1 -1 -1 -1 0 0 -1 1 0 0 1 0 0 0 0 0 0
8 1 0 -1 -1 -1 -1 0 0 1 -1 0 0 1 0 0 0 0 0 0
8 -1 0 -1 1 1 -1 0 0 -1 1 0 0 -1 0 0 0 0 0 0
8 -1 0 -1 1 1 -1 0 0 1 -1 0 0 -1 0 0 0 0 0 0
8 -1 0 -1 -1 1 -1 0 0 -1 -1 0 0 -1 0 0 0 0 0 0
8 -1 0 -1 -1 1 -1 0 0 1 1 0 0 -1 0 0 0 0 0 0
8 -1 0 -1 1 -1 -1 0 0 -1 -1 0 0 -1 0 0 0 0 0 0
8 -1 0 -1 1 -1 -1 0 0 1 1 0 0 -1 0 0 0 0 0 0
8 -1 0 -1 -1 -1 -1 0 0 -1 1 0 0 -1 0 0 0 0 0 0
8 -1 0 -1 -1 -1 -1 0 0 1 -1 0 0 -1 0 0 0 0 0 0
8 -1 0 -1 1 1 -1 0 0 -1 -1 0 0 1 0 0 0 0 0 0
8 -1 0 -1 1 1 -1 0 0 1 1 0 0 1 0 0 0 0 0 0
8 -1 0 -1 -1 1 -1 0 0 -1 1 0 0 1 0 0 0 0 0 0
8 -1 0 -1 -1 1 -1 0 0 1 -1 0 0 1 0 0 0 0 0 0
8 -1 0 -1 1 -1 -1 0 0 -1 1 0 0 1 0 0 0 0 0 0
8 -1 0 -1 1 -1 -1 0 0 1 -1 0 0 1 0 0 0 0 0 0
8 -1 0 -1 -1 -1 -1 0 0 -1 -1 0 0 1 0 0 0 0 0 0
8 -1 0 -1 -1 -1 -1 0 0 1 1 0 0 1 0 0 0 0 0 0
8 1 0 1 1 1 1 0 0 -1 -1 0 0 -1 0 0 0 0 0 0
8 1 0 1 1 1 1 0 0 1 1 0 0 -1 0 0 0 0 0 0
8 1 0 1 -1 1 1 0 0 -1 1 0 0 -1 0 0 0 0 0 0
8 1 0 1 -1 1 1 0 0 1 -1 0 0 -1 0 0 0 0 0 0
8 1 0 1 1 -1 1 0 0 -1 1 0 0 -1 0 0 0 0 0 0
8 1 0 1 1 -1 1 0 0 1 -1 0 0 -1 0 0 0 0 0 0
8 1 0 1 -1 -1 1 0 0 -1 -1 0 0 -1 0 0 0 0 0 0
8 1 0 1 -1 -1 1 0 0 1 1 0 0 -1 0 0 0 0 0 0
8 1 0 1 1 1 1 0 0 -1 1 0 0 1 0 0 0 0 0 0
8 1 0 1 1 1 1 0 0 1 -1 0 0 1 0 0 0 0 0 0
8 1 0 1 -1 1 1 0 0 -1 -1 0 0 1 0 0 0 0 0 0
8 1 0 1 -1 1 1 0 0 1 1 0 0 1 0 0 0 0 0 0
8 1 0 1 1 -1 1 0 0 -1 -1 0 0 1 0 0 0 0 0 0
8 1 0 1 1 -1 1 0 0 1 1 0 0 1 0 0 0 0 0 0
8 1 0 1 -1 -1 1 0 0 -1 1 0 0 1 0 0 0 0 0 0
8 1 0 1 -1 -1 1 0 0 1 -1 0 0 1 0 0 0 0 0 0
8 -1 0 1 1 1 1 0 0 -1 1 0 0 -1 0 0 0 0 0 0
8 -1 0 1 1 1 1 0 0 1 -1 0 0 -1 0 0 0 0 0 0
8 -1 0 1 -1 1 1 0 0 -1 -1 0 0 -1 0 0 0 0 0 0
8 -1 0 1 -1 1 1 0 0 1 1 0 0 -1 0 0 0 0 0 0
8 -1 0 1 1 -1 1 0 0 -1 -1 0 0 -1 0 0 0 0 0 0
8 -1 0 1 1 -1 1 0 0 1 1 0 0 -1 0 0 0 0 0 0
8 -1 0 1 -1 -1 1 0 0 -1 1 0 0 -1 0 0 0 0 0 0
8 -1 0 1 -1 -1 1 0 0 1 -1 0 0 -1 0 0 0 0 0 0
8 -1 0 1 1 1 1 0 0 -1 -1 0 0 1 0 0 0 0 0 0
8 -1 0 1 1 1 1 0 0 1 1 0 0 1 0 0 0 0 0 0
8 -1 0 1 -1 1 1 0 0 -1 1 0 0 1 0 0 0 0 0 0
8 -1 0 1 -1 1 1 0 0 1 -1 0 0 1 0 0 0 0 0 0
8 -1 0 1 1 -1 1 0 0 -1 1 0 0 1 0 0 0 0 0 0
8 -1 0 1 1 -1 1 0 0 1 -1 0 0 1 0 0 0 0 0 0
8 -1 0 1 -1 -1 1 0 0 -1 -1 0 0 1 0 0 0 0 0 0
8 -1 0 1 -1 -1 1 0 0 1 1 0 0 1 0 0 0 0 0 0
8 1 0 -1 1 1 1 0 0 -1 1 0 0 -1 0 0 0 0 0 0
8 1 0 -1 1 1 1 0 0 1 -1 0 0 -1 0 0 0 0 0 0
8 1 0 -1 -1 1 1 0 0 -1 -1 0 0 -1 0 0 0 0 0 0
8 1 0 -1 -1 1 1 0 0 1 1 0 0 -1 0 0 0 0 0 0
8 1 0 -1 1 -1 1 0 0 -1 -1 0 0 -1 0 0 0 0 0 0
8 1 0 -1 1 -1 1 0 0 1 1 0 0 -1 0 0 0 0 0 0
8 1 0 -1 -1 -1 1 0 0 -1 1 0 0 -1 0 0 0 0 0 0
8 1 0 -1 -1 -1 1 0 0 1 -1 0 0 -1 0 0 0 0 0 0
8 1 0 -1 1 1 1 0 0 -1 -1 0 0 1 0 0 0 0 0 0
8 1 0 -1 1 1 1 0 0 1 1 0 0 1 0 0 0 0 0 0
8 1 0 -1 -1 1 1 0 0 -1 1 0 0 1 0 0 0 0 0 0
8 1 0 -1 -1 1 1 0 0 1 -1 0 0 1 0 0 0 0 0 0
8 1 0 -1 1 -1 1 0 0 -1 1 0 0 1 0 0 0 0 0 0
8 1 0 -1 1 -1 1 0 0 1 -1 0 0 1 0 0 0 0 0 0
8 1 0 -1 -1 -1 1 0 0 -1 -1 0 0 1 0 0 0 0 0 0
8 1 0 -1 -1 -1 1 0 0 1 1 0 0 1 0 0 0 0 0 0
8 -1 0 -1 1 1 1 0 0 -1 -1 0 0 -1 0 0 0 0 0 0
8 -1 0 -1 1 1 1 0 0 1 1 0 0 -1 0 0 0 0 0 0
8 -1 0 -1 -1 1 1 0 0 -1 1 0 0 -1 0 0 0 0 0 0
8 -1 0 -1 -1 1 1 0 0 1 -1 0 0 -1 0 0 0 0 0 0
8 -1 0 -1 1 -1 1 0 0 -1 1 0 0 -1 0 0 0 0 0 0
8 -1 0 -1 1 -1 1 0 0 1 -1 0 0 -1 0 0 0 0 0 0
8 -1 0 -1 -1 -1 1 0 0 -1 -1 0 0 -1 0 0 0 0 0 0
8 -1 0 -1 -1 -1 1 0 0 1 1 0 0 -1 0 0 0 0 0 0
8 -1 0 -1 1 1 1 0 0 -1 1 0 0 1 0 0 0 0 0 0
8 -1 0 -1 1 1 1 0 0 1 -1 0 0 1 0 0 0 0 0 0
8 -1 0 -1 -1 1 1 0 0 -1 -1 0 0 1 0 0 0 0 0 0
8 -1 0 -1 -1 1 1 0 0 1 1 0 0 1 0 0 0 0 0 0
8 -1 0 -1 1 -1 1 0 0 -1 -1 0 0 1 0 0 0 0 0 0
8 -1 0 -1 1 -1 1 0 0 1 1 0 0 1 0 0 0 0 0 0
8 -1 0 -1 -1 -1 1 0 0 -1 1 0 0 1 0 0 0 0 0 0
8 -1 0 -1 -1 -1 1 0 0 1 -1 0 0 1 0 0 0 0 0 0
8 0 0 1 0 0 0 1 0 -1 -1 -1 0 -1 0 0 0 -1 0 -1
8 0 0 1 0 0 0 1 0 1 1 -1 0 -1 0 0 0 -1 0 -1
8 0 0 1 0 0 0 1 0 -1 1 1 0 -1 0 0 0 -1 0 -1
8 0 0 1 0 0 0 1 0 1 -1 1 0 -1 0 0 0 -1 0 -1
8 0 0 1 0 0 0 -1 0 -1 1 -1 0 -1 0 0 0 -1 0 -1
8 0 0 1 0 0 0 -1 0 1 -1 -1 0 -1 0 0 0 -1 0 -1
8 0 0 1 0 0 0 -1 0 -1 -1 1 0 -1 0 0 0 -1 0 -1
8 0 0 1 0 0 0 -1 0 1 1 1 0 -1 0 0 0 -1 0 -1
8 0 0 1 0 0 0 1 0 -1 1 -1 0 1 0 0 0 -1 0 -1
8 0 0 1 0 0 0 1 0 1 -1 -1 0 1 0 0 0 -1 0 -1
8 0 0 1 0 0 0 1 0 -1 -1 1 0 1 0 0 0 -1 0 -1
8 0 0 1 0 0 0 1 0 1 1 1 0 1 0 0 0 -1 0 -1
8 0 0 1 0 0 0 -1 0 -1 -1 -1 0 1 0 0 0 -1 0 -1
8 0 0 1 0 0 0 -1 0 1 1 -1 0 1 0 0 0 -1 0 -1
8 0 0 1 0 0 0 -1 0 -1 1 1 0 1 0 0 0 -1 0 -1
8 0 0 1 0 0 0 -1 0 1 -1 1 0 1 0 0 0 -1 0 -1
8 0 0 -1 0 0 0 1 0 -1 1 -1 0 -1 0 0 0 -1 0 -1
8 0 0 -1 0 0 0 1 0 1 -1 -1 0 -1 0 0 0 -1 0 -1
8 0 0 -1 0 0 0 1 0 -1 -1 1 0 -1 0 0 0 -1 0 -1
8 0 0 -1 0 0 0 1 0 1 1 1 0 -1 0 0 0 -1 0 -1
8 0 0 -1 0 0 0 -1 0 -1 -1 -1 0 -1 0 0 0 -1 0 -1
8 0 0 -1 0 0 0 -1 0 1 1 -1 0 -1 0 0 0 -1 0 -1
8 0 0 -1 0 0 0 -1 0 -1 1 1 0 -1 0 0 0 -1 0 -1
8 0 0 -1 0 0 0 -1 0 1 -1 1 0 -1 0 0 0 -1 0 -1
8 0 0 -1 0 0 0 1 0 -1 -1 -1 0 1 0 0 0 -1 0 -1
8 0 0 -1 0 0 0 1 0 1 1 -1 0 1 0 0 0 -1 0 -1
8 0 0 -1 0 0 0 1 0 -1 1 1 0 1 0 0 0 -1 0 -1
8 0 0 -1 0 0 0 1 0 1 -1 1 0 1 0 0 0 -1 0 -1
8 0 0 -1 0 0 0 -1 0 -1 1 -1 0 1 0 0 0 -1 0 -1
8 0 0 -1 0 0 0 -1 0 1 -1 -1 0 1 0 0 0 -1 0 -1
8 0 0 -1 0 0 0 -1 0 -1 -1 1 0 1 0 0 0 -1 0 -1
8 0 0 -1 0 0 0 -1 0 1 1 1 0 1 0 0 0 -1 0 -1
8 0 0 1 0 0 0 1 0 -1 -1 -1 0 -1 0 0 0 1 0 1
8 0 0 1 0 0 0 1 0 1 1 -1 0 -1 0 0 0 1 0 1
8 0 0 1 0 0 0 1 0 -1 1 1 0 -1 0 0 0 1 0 1
8 0 0 1 0 0 0 1 0 1 -1 1 0 -1 0 0 0 1 0 1
8 0 0 1 0 0 0 -1 0 -1 1 -1 0 -1 0 0 0 1 0 1
8 0 0 1 0 0 0 -1 0 1 -1 -1 0 -1 0 0 0 1 0 1
8 0 0 1 0 0 0 -1 0 -1 -1 1 0 -1 0 0 0 1 0 1
8 0 0 1 0 0 0 -1 0 1 1 1 0 -1 0 0 0 1 0 1
8 0 0 1 0 0 0 1 0 -1 1 -1 0 1 0 0 0 1 0 1
8 0 0 1 0 0 0 1 0 1 -1 -1 0 1 0 0 0 1 0 1
8 0 0 1 0 0 0 1 0 -1 -1 1 0 1 0 0 0 1 0 1
8 0 0 1 0 0 0 1 0 1 1 1 0 1 0 0 0 1 0 1
8 0 0 1 0 0 0 -1 0 -1 -1 -1 0 1 0 0 0 1 0 1
8 0 0 1 0 0 0 -1 0 1 1 -1 0 1 0 0 0 1 0 1
8 0 0 1 0 0 0 -1 0 -1 1 1 0 1 0 0 0 1 0 1
8 0 0 1 0 0 0 -1 0 1 -1 1 0 1 0 0 0 1 0 1
8 0 0 -1 0 0 0 1 0 -1 1 -1 0 -1 0 0 0 1 0 1
8 0 0 -1 0 0 0 1 0 1 -1 -1 0 -1 0 0 0 1 0 1
8 0 0 -1 0 0 0 1 0 -1 -1 1 0 -1 0 0 0 1 0 1
8 0 0 -1 0 0 0 1 0 1 1 1 0 -1 0 0 0 1 0 1
8 0 0 -1 0 0 0 -1 0 -1 -1 -1 0 -1 0 0 0 1 0 1
8 0 0 -1 0 0 0 -1 0 1 1 -1 0 -1 0 0 0 1 0 1
8 0 0 -1 0 0 0 -1 0 -1 1 1 0 -1 0 0 0 1 0 1
8 0 0 -1 0 0 0 -1 0 1 -1 1 0 -1 0 0 0 1 0 1
8 0 0 -1 0 0 0 1 0 -1 -1 -1 0 1 0 0 0 1 0 1
8 0 0 -1 0 0 0 1 0 1 1 -1 0 1 0 0 0 1 0 1
8 0 0 -1 0 0 0 1 0 -1 1 1 0 1 0 0 0 1 0 1
8 0 0 -1 0 0 0 1 0 1 -1 1 0 1 0 0 0 1 0 1
8 0 0 -1 0 0 0 -1 0 -1 1 -1 0 1 0 0 0 1 0 1
8 0 0 -1 0 0 0 -1 0 1 -1 -1 0 1 0 0 0 1 0 1
8 0 0 -1 0 0 0 -1 0 -1 -1 1 0 1 0 0 0 1 0 1
8 0 0 -1 0 0 0 -1 0 1 1 1 0 1 0 0 0 1 0 1
8 0 0 0 1 1 0 1 1 -1 -1 0 0 0 0 0 0 -1 -1 0
8 0 0 0 1 1 0 1 1 1 1 0 0 0 0 0 0 -1 -1 0
8 0 0 0 -1 1 0 1 1 -1 1 0 0 0 0 0 0 -1 -1 0
8 0 0 0 -1 1 0 1 1 1 -1 0 0 0 0 0 0 -1 -1 0
8 0 0 0 1 -1 0 1 1 -1 1 0 0 0 0 0 0 -1 -1 0
8 0 0 0 1 -1 0 1 1 1 -1 0 0 0 0 0 0 -1 -1 0
8 0 0 0 -1 -1 0 1 1 -1 -1 0 0 0 0 0 0 -1 -1 0
8 0 0 0 -1 -1 0 1 1 1 1 0 0 0 0 0 0 -1 -1 0
8 0 0 0 1 1 0 -1 1 -1 1 0 0 0 0 0 0 -1 -1 0
8 0 0 0 1 1 0 -1 1 1 -1 0 0 0 0 0 0 -1 -1 0
8 0 0 0 -1 1 0 -1 1 -1 -1 0 0 0 0 0 0 -1 -1 0
8 0 0 0 -1 1 0 -1 1 1 1 0 0 0 0 0 0 -1 -1 0
8 0 0 0 1 -1 0 -1 1 -1 -1 0 0 0 0 0 0 -1 -1 0
8 0 0 0 1 -1 0 -1 1 1 1 0 0 0 0 0 0 -1 -1 0
8 0 0 0 -1 -1 0 -1 1 -1 1 0 0 0 0 0 0 -1 -1 0
8 0 0 0 -1 -1 0 -1 1 1 -1 0 0 0 0 0 0 -1 -1 0
8 0 0 0 1 1 0 1 1 -1 -1 0 0 0 0 0 0 1 1 0
8 0 0 0 1 1 0 1 1 1 1 0 0 0 0 0 0 1 1 0
8 0 0 0 -1 1 0 1 1 -1 1 0 0 0 0 0 0 1 1 0
8 0 0 0 -1 1 0 1 1 1 -1 0 0 0 0 0 0 1 1 0
8 0 0 0 1 -1 0 1 1 -1 1 0 0 0 0 0 0 1 1 0
8 0 0 0 1 -1 0 1 1 1 -1 0 0 0 0 0 0 1 1 0
8 0 0 0 -1 -1 0 1 1 -1 -1 0 0 0 0 0 0 1 1 0
8 0 0 0 -1 -1 0 1 1 1 1 0 0 0 0 0 0 1 1 0
8 0 0 0 1 1 0 -1 1 -1 1 0 0 0 0 0 0 1 1 0
8 0 0 0 1 1 0 -1 1 1 -1 0 0 0 0 0 0 1 1 0
8 0 0 0 -1 1 0 -1 1 -1 -1 0 0 0 0 0 0 1 1 0
8 0 0 0 -1 1 0 -1 1 1 1 0 0 0 0 0 0 1 1 0
8 0 0 0 1 -1 0 -1 1 -1 -1 0 0 0 0 0 0 1 1 0
8 0 0 0 1 -1 0 -1 1 1 1 0 0 0 0 0 0 1 1 0
8 0 0 0 -1 -1 0 -1 1 -1 1 0 0 0 0 0 0 1 1 0
8 0 0 0 -1 -1 0 -1 1 1 -1 0 0 0 0 0 0 1 1 0
8 0 0 0 1 1 0 1 -1 -1 1 0 0 0 0 0 0 -1 -1 0
8 0 0 0 1 1 0 1 -1 1 -1 0 0 0 0 0 0 -1 -1 0
8 0 0 0 -1 1 0 1 -1 -1 -1 0 0 0 0 0 0 -1 -1 0
8 0 0 0 -1 1 0 1 -1 1 1 0 0 0 0 0 0 -1 -1 0
8 0 0 0 1 -1 0 1 -1 -1 -1 0 0 0 0 0 0 -1 -1 0
8 0 0 0 1 -1 0 1 -1 1 1 0 0 0 0 0 0 -1 -1 0
8 0 0 0 -1 -1 0 1 -1 -1 1 0 0 0 0 0 0 -1 -1 0
8 0 0 0 -1 -1 0 1 -1 1 -1 0 0 0 0 0 0 -1 -1 0
8 0 0 0 1 1 0 -1 -1 -1 -1 0 0 0 0 0 0 -1 -1 0
8 0 0 0 1 1 0 -1 -1 1 1 0 0 0 0 0 0 -1 -1 0
8 0 0 0 -1 1 0 -1 -1 -1 1 0 0 0 0 0 0 -1 -1 0
8 0 0 0 -1 1 0 -1 -1 1 -1 0 0 0 0 0 0 -1 -1 0
8 0 0 0 1 -1 0 -1 -1 -1 1 0 0 0 0 0 0 -1 -1 0
8 0 0 0 1 -1 0 -1 -1 1 -1 0 0 0 0 0 0 -1 -1 0
8 0 0 0 -1 -1 0 -1 -1 -1 -1 0 0 0 0 0 0 -1 -1 0
8 0 0 0 -1 -1 0 -1 -1 1 1 0 0 0 0 0 0 -1 -1 0
8 0 0 0 1 1 0 1 -1 -1 1 0 0 0 0 0 0 1 1 0
8 0 0 0 1 1 0 1 -1 1 -1 0 0 0 0 0 0 1 1 0
8 0 0 0 -1 1 0 1 -1 -1 -1 0 0 0 0 0 0 1 1 0
8 0 0 0 -1 1 0 1 -1 1 1 0 0 0 0 0 0 1 1 0
8 0 0 0 1 -1 0 1 -1 -1 -1 0 0 0 0 0 0 1 1 0
8 0 0 0 1 -1 0 1 -1 1 1 0 0 0 0 0 0 1 1 0
8 0 0 0 -1 -1 0 1 -1 -1 1 0 0 0 0 0 0 1 1 0
8 0 0 0 -1 -1 0 1 -1 1 -1 0 0 0 0 0 0 1 1 0
8 0 0 0 1 1 0 -1 -1 -1 -1 0 0 0 0 0 0 1 1 0
8 0 0 0 1 1 0 -1 -1 1 1 0 0 0 0 0 0 1 1 0
8 0 0 0 -1 1 0 -1 -1 -1 1 0 0 0 0 0 0 1 1 0
8 0 0 0 -1 1 0 -1 -1 1 -1 0 0 0 0 0 0 1 1 0
8 0 0 0 1 -1 0 -1 -1 -1 1 0 0 0 0 0 0 1 1 0
8 0 0 0 1 -1 0 -1 -1 1 -1 0 0 0 0 0 0 1 1 0
8 0 0 0 -1 -1 0 -1 -1 -1 -1 0 0 0 0 0 0 1 1 0
8 0 0 0 -1 -1 0 -1 -1 1 1 0 0 0 0 0 0 1 1 0
8 1 0 0 0 0 -1 0 1 -1 -1 -1 0 0 0 0 0 0 -1 1
8 1 0 0 0 0 -1 0 1 1 1 -1 0 0 0 0 0 0 -1 1
8 1 0 0 0 0 -1 0 1 -1 -1 -1 0 0 0 0 0 0 1 -1
8 1 0 0 0 0 -1 0 1 1 1 -1 0 0 0 0 0 0 1 -1
8 1 0 0 0 0 -1 0 1 -1 1 1 0 0 0 0 0 0 -1 1
8 1 0 0 0 0 -1 0 1 1 -1 1 0 0 0 0 0 0 -1 1
8 1 0 0 0 0 -1 0 1 -1 1 1 0 0 0 0 0 0 1 -1
8 1 0 0 0 0 -1 0 1 1 -1 1 0 0 0 0 0 0 1 -1
8 -1 0 0 0 0 -1 0 1 -1 1 -1 0 0 0 0 0 0 -1 1
8 -1 0 0 0 0 -1 0 1 1 -1 -1 0 0 0 0 0 0 -1 1
8 -1 0 0 0 0 -1 0 1 -1 1 -1 0 0 0 0 0 0 1 -1
8 -1 0 0 0 0 -1 0 1 1 -1 -1 0 0 0 0 0 0 1 -1
8 -1 0 0 0 0 -1 0 1 -1 -1 1 0 0 0 0 0 0 -1 1
8 -1 0 0 0 0 -1 0 1 1 1 1 0 0 0 0 0 0 -1 1
8 -1 0 0 0 0 -1 0 1 -1 -1 1 0 0 0 0 0 0 1 -1
8 -1 0 0 0 0 -1 0 1 1 1 1 0 0 0 0 0 0 1 -1
8 1 0 0 0 0 -1 0 -1 -1 1 -1 0 0 0 0 0 0 -1 1
8 1 0 0 0 0 -1 0 -1 1 -1 -1 0 0 0 0 0 0 -1 1
8 1 0 0 0 0 -1 0 -1 -1 1 -1 0 0 0 0 0 0 1 -1
8 1 0 0 0 0 -1 0 -1 1 -1 -1 0 0 0 0 0 0 1 -1
8 1 0 0 0 0 -1 0 -1 -1 -1 1 0 0 0 0 0 0 -1 1
8 1 0 0 0 0 -1 0 -1 1 1 1 0 0 0 0 0 0 -1 1
8 1 0 0 0 0 -1 0 -1 -1 -1 1 0 0 0 0 0 0 1 -1
8 1 0 0 0 0 -1 0 -1 1 1 1 0 0 0 0 0 0 1 -1
8 -1 0 0 0 0 -1 0 -1 -1 -1 -1 0 0 0 0 0 0 -1 1
8 -1 0 0 0 0 -1 0 -1 1 1 -1 0 0 0 0 0 0 -1 1
8 -1 0 0 0 0 -1 0 -1 -1 -1 -1 0 0 0 0 0 0 1 -1
8 -1 0 0 0 0 -1 0 -1 1 1 -1 0 0 0 0 0 0 1 -1
8 -1 0 0 0 0 -1 0 -1 -1 1 1 0 0 0 0 0 0 -1 1
8 -1 0 0 0 0 -1 0 -1 1 -1 1 0 0 0 0 0 0 -1 1
8 -1 0 0 0 0 -1 0 -1 -1 1 1 0 0 0 0 0 0 1 -1
8 -1 0 0 0 0 -1 0 -1 1 -1 1 0 0 0 0 0 0 1 -1
8 1 0 0 0 0 1 0 1 -1 1 -1 0 0 0 0 0 0 -1 1
8 1 0 0 0 0 1 0 1 1 -1 -1 0 0 0 0 0 0 -1 1
8 1 0 0 0 0 1 0 1 -1 1 -1 0 0 0 0 0 0 1 -1
8 1 0 0 0 0 1 0 1 1 -1 -1 0 0 0 0 0 0 1 -1
8 1 0 0 0 0 1 0 1 -1 -1 1 0 0 0 0 0 0 -1 1
8 1 0 0 0 0 1 0 1 1 1 1 0 0 0 0 0 0 -1 1
8 1 0 0 0 0 1 0 1 -1 -1 1 0 0 0 0 0 0 1 -1
8 1 0 0 0 0 1 0 1 1 1 1 0 0 0 0 0 0 1 -1
8 -1 0 0 0 0 1 0 1 -1 -1 -1 0 0 0 0 0 0 -1 1
8 -1 0 0 0 0 1 0 1 1 1 -1 0 0 0 0 0 0 -1 1
8 -1 0 0 0 0 1 0 1 -1 -1 -1 0 0 0 0 0 0 1 -1
8 -1 0 0 0 0 1 0 1 1 1 -1 0 0 0 0 0 0 1 -1
8 -1 0 0 0 0 1 0 1 -1 1 1 0 0 0 0 0 0 -1 1
8 -1 0 0 0 0 1 0 1 1 -1 1 0 0 0 0 0 0 -1 1
8 -1 0 0 0 0 1 0 1 -1 1 1 0 0 0 0 0 0 1 -1
8 -1 0 0 0 0 1 0 1 1 -1 1 0 0 0 0 0 0 1 -1
8 1 0 0 0 0 1 0 -1 -1 -1 -1 0 0 0 0 0 0 -1 1
8 1 0 0 0 0 1 0 -1 1 1 -1 0 0 0 0 0 0 -1 1
8 1 0 0 0 0 1 0 -1 -1 -1 -1 0 0 0 0 0 0 1 -1
8 1 0 0 0 0 1 0 -1 1 1 -1 0 0 0 0 0 0 1 -1
8 1 0 0 0 0 1 0 -1 -1 1 1 0 0 0 0 0 0 -1 1
8 1 0 0 0 0 1 0 -1 1 -1 1 0 0 0 0 0 0 -1 1
8 1 0 0 0 0 1 0 -1 -1 1 1 0 0 0 0 0 0 1 -1
8 1 0 0 0 0 1 0 -1 1 -1 1 0 0 0 0 0 0 1 -1
8 -1 0 0 0 0 1 0 -1 -1 1 -1 0 0 0 0 0 0 -1 1
8 -1 0 0 0 0 1 0 -1 1 -1 -1 0 0 0 0 0 0 -1 1
8 -1 0 0 0 0 1 0 -1 -1 1 -1 0 0 0 0 0 0 1 -1
8 -1 0 0 0 0 1 0 -1 1 -1 -1 0 0 0 0 0 0 1 -1
8 -1 0 0 0 0 1 0 -1 -1 -1 1 0 0 0 0 0 0 -1 1
8 -1 0 0 0 0 1 0 -1 1 1 1 0 0 0 0 0 0 -1 1
8 -1 0 0 0 0 1 0 -1 -1 -1 1 0 0 0 0 0 0 1 -1
8 -1 0 0 0 0 1 0 -1 1 1 1 0 0 0 0 0 0 1 -1
8 0 -1 0 0 0 0 1 1 -1 -1 0 0 0 0 -1 0 -1 1 0
8 0 -1 0 0 0 0 1 1 1 1 0 0 0 0 -1 0 -1 1 0
8 0 -1 0 0 0 0 1 1 -1 1 0 0 0 0 1 0 -1 1 0
8 0 -1 0 0 0 0 1 1 1 -1 0 0 0 0 1 0 -1 1 0
8 0 -1 0 0 0 0 -1 1 -1 1 0 0 0 0 -1 0 -1 1 0
8 0 -1 0 0 0 0 -1 1 1 -1 0 0 0 0 -1 0 -1 1 0
8 0 -1 0 0 0 0 -1 1 -1 -1 0 0 0 0 1 0 -1 1 0
8 0 -1 0 0 0 0 -1 1 1 1 0 0 0 0 1 0 -1 1 0
8 0 -1 0 0 0 0 1 1 -1 -1 0 0 0 0 -1 0 1 -1 0
8 0 -1 0 0 0 0 1 1 1 1 0 0 0 0 -1 0 1 -1 0
8 0 -1 0 0 0 0 1 1 -1 1 0 0 0 0 1 0 1 -1 0
8 0 -1 0 0 0 0 1 1 1 -1 0 0 0 0 1 0 1 -1 0
8 0 -1 0 0 0 0 -1 1 -1 1 0 0 0 0 -1 0 1 -1 0
8 0 -1 0 0 0 0 -1 1 1 -1 0 0 0 0 -1 0 1 -1 0
8 0 -1 0 0 0 0 -1 1 -1 -1 0 0 0 0 1 0 1 -1 0
8 0 -1 0 0 0 0 -1 1 1 1 0 0 0 0 1 0 1 -1 0
8 0 1 0 0 0 0 1 1 -1 1 0 0 0 0 -1 0 -1 1 0
8 0 1 0 0 0 0 1 1 1 -1 0 0 0 0 -1 0 -1 1 0
8 0 1 0 0 0 0 1 1 -1 -1 0 0 0 0 1 0 -1 1 0
8 0 1 0 0 0 0 1 1 1 1 0 0 0 0 1 0 -1 1 0
8 0 1 0 0 0 0 -1 1 -1 -1 0 0 0 0 -1 0 -1 1 0
8 0 1 0 0 0 0 -1 1 1 1 0 0 0 0 -1 0 -1 1 0
8 0 1 0 0 0 0 -1 1 -1 1 0 0 0 0 1 0 -1 1 0
8 0 1 0 0 0 0 -1 1 1 -1 0 0 0 0 1 0 -1 1 0
8 0 1 0 0 0 0 1 1 -1 1 0 0 0 0 -1 0 1 -1 0
8 0 1 0 0 0 0 1 1 1 -1 0 0 0 0 -1 0 1 -1 0
8 0 1 0 0 0 0 1 1 -1 -1 0 0 0 0 1 0 1 -1 0
8 0 1 0 0 0 0 1 1 1 1 0 0 0 0 1 0 1 -1 0
8 0 1 0 0 0 0 -1 1 -1 -1 0 0 0 0 -1 0 1 -1 0
8 0 1 0 0 0 0 -1 1 1 1 0 0 0 0 -1 0 1 -1 0
8 0 1 0 0 0 0 -1 1 -1 1 0 0 0 0 1 0 1 -1 0
8 0 1 0 0 0 0 -1 1 1 -1 0 0 0 0 1 0 1 -1 0
8 0 -1 0 0 0 0 1 -1 -1 1 0 0 0 0 -1 0 -1 1 0
8 0 -1 0 0 0 0 1 -1 1 -1 0 0 0 0 -1 0 -1 1 0
8 0 -1 0 0 0 0 1 -1 -1 -1 0 0 0 0 1 0 -1 1 0
8 0 -1 0 0 0 0 1 -1 1 1 0 0 0 0 1 0 -1 1 0
8 0 -1 0 0 0 0 -1 -1 -1 -1 0 0 0 0 -1 0 -1 1 0
8 0 -1 0 0 0 0 -1 -1 1 1 0 0 0 0 -1 0 -1 1 0
8 0 -1 0 0 0 0 -1 -1 -1 1 0 0 0 0 1 0 -1 1 0
8 0 -1 0 0 0 0 -1 -1 1 -1 0 0 0 0 1 0 -1 1 0
8 0 -1 0 0 0 0 1 -1 -1 1 0 0 0 0 -1 0 1 -1 0
8 0 -1 0 0 0 0 1 -1 1 -1 0 0 0 0 -1 0 1 -1 0
8 0 -1 0 0 0 0 1 -1 -1 -1 0 0 0 0 1 0 1 -1 0
8 0 -1 0 0 0 0 1 -1 1 1 0 0 0 0 1 0 1 -1 0
8 0 -1 0 0 0 0 -1 -1 -1 -1 0 0 0 0 -1 0 1 -1 0
8 0 -1 0 0 0 0 -1 -1 1 1 0 0 0 0 -1 0 1 -1 0
8 0 -1 0 0 0 0 -1 -1 -1 1 0 0 0 0 1 0 1 -1 0
8 0 -1 0 0 0 0 -1 -1 1 -1 0 0 0 0 1 0 1 -1 0
8 0 1 0 0 0 0 1 -1 -1 -1 0 0 0 0 -1 0 -1 1 0
8 0 1 0 0 0 0 1 -1 1 1 0 0 0 0 -1 0 -1 1 0
8 0 1 0 0 0 0 1 -1 -1 1 0 0 0 0 1 0 -1 1 0
8 0 1 0 0 0 0 1 -1 1 -1 0 0 0 0 1 0 -1 1 0
8 0 1 0 0 0 0 -1 -1 -1 1 0 0 0 0 -1 0 -1 1 0
8 0 1 0 0 0 0 -1 -1 1 -1 0 0 0 0 -1 0 -1 1 0
8 0 1 0 0 0 0 -1 -1 -1 -1 0 0 0 0 1 0 -1 1 0
8 0 1 0 0 0 0 -1 -1 1 1 0 0 0 0 1 0 -1 1 0
8 0 1 0 0 0 0 1 -1 -1 -1 0 0 0 0 -1 0 1 -1 0
8 0 1 0 0 0 0 1 -1 1 1 0 0 0 0 -1 0 1 -1 0
8 0 1 0 0 0 0 1 -1 -1 1 0 0 0 0 1 0 1 -1 0
8 0 1 0 0 0 0 1 -1 1 -1 0 0 0 0 1 0 1 -1 0
8 0 1 0 0 0 0 -1 -1 -1 1 0 0 0 0 -1 0 1 -1 0
8 0 1 0 0 0 0 -1 -1 1 -1 0 0 0 0 -1 0 1 -1 0
8 0 1 0 0 0 0 -1 -1 -1 -1 0 0 0 0 1 0 1 -1 0
8 0 1 0 0 0 0 -1 -1 1 1 0 0 0 0 1 0 1 -1 0
8 1 0 1 0 0 -1 0 0 0 -1 -1 -1 0 0 0 0 0 -1 -1
8 1 0 1 0 0 -1 0 0 0 1 -1 1 0 0 0 0 0 -1 -1
8 1 0 1 0 0 -1 0 0 0 1 1 -1 0 0 0 0 0 -1 -1
8 1 0 1 0 0 -1 0 0 0 -1 1 1 0 0 0 0 0 -1 -1
8 -1 0 1 0 0 -1 0 0 0 1 -1 -1 0 0 0 0 0 -1 -1
8 -1 0 1 0 0 -1 0 0 0 -1 -1 1 0 0 0 0 0 -1 -1
8 -1 0 1 0 0 -1 0 0 0 -1 1 -1 0 0 0 0 0 -1 -1
8 -1 0 1 0 0 -1 0 0 0 1 1 1 0 0 0 0 0 -1 -1
8 1 0 -1 0 0 -1 0 0 0 1 -1 -1 0 0 0 0 0 -1 -1
8 1 0 -1 0 0 -1 0 0 0 -1 -1 1 0 0 0 0 0 -1 -1
8 1 0 -1 0 0 -1 0 0 0 -1 1 -1 0 0 0 0 0 -1 -1
8 1 0 -1 0 0 -1 0 0 0 1 1 1 0 0 0 0 0 -1 -1
8 -1 0 -1 0 0 -1 0 0 0 -1 -1 -1 0 0 0 0 0 -1 -1
8 -1 0 -1 0 0 -1 0 0 0 1 -1 1 0 0 0 0 0 -1 -1
8 -1 0 -1 0 0 -1 0 0 0 1 1 -1 0 0 0 0 0 -1 -1
8 -1 0 -1 0 0 -1 0 0 0 -1 1 1 0 0 0 0 0 -1 -1
8 1 0 1 0 0 -1 0 0 0 -1 -1 -1 0 0 0 0 0 1 1
8 1 0 1 0 0 -1 0 0 0 1 -1 1 0 0 0 0 0 1 1
8 1 0 1 0 0 -1 0 0 0 1 1 -1 0 0 0 0 0 1 1
8 1 0 1 0 0 -1 0 0 0 -1 1 1 0 0 0 0 0 1 1
8 -1 0 1 0 0 -1 0 0 0 1 -1 -1 0 0 0 0 0 1 1
8 -1 0 1 0 0 -1 0 0 0 -1 -1 1 0 0 0 0 0 1 1
8 -1 0 1 0 0 -1 0 0 0 -1 1 -1 0 0 0 0 0 1 1
8 -1 0 1 0 0 -1 0 0 0 1 1 1 0 0 0 0 0 1 1
8 1 0 -1 0 0 -1 0 0 0 1 -1 -1 0 0 0 0 0 1 1
8 1 0 -1 0 0 -1 0 0 0 -1 -1 1 0 0 0 0 0 1 1
8 1 0 -1 0 0 -1 0 0 0 -1 1 -1 0 0 0 0 0 1 1
8 1 0 -1 0 0 -1 0 0 0 1 1 1 0 0 0 0 0 1 1
8 -1 0 -1 0 0 -1 0 0 0 -1 -1 -1 0 0 0 0 0 1 1
8 -1 0 -1 0 0 -1 0 0 0 1 -1 1 0 0 0 0 0 1 1
8 -1 0 -1 0 0 -1 0 0 0 1 1 -1 0 0 0 0 0 1 1
8 -1 0 -1 0 0 -1 0 0 0 -1 1 1 0 0 0 0 0 1 1
8 1 0 1 0 0 1 0 0 0 1 -1 -1 0 0 0 0 0 -1 -1
8 1 0 1 0 0 1 0 0 0 -1 -1 1 0 0 0 0 0 -1 -1
8 1 0 1 0 0 1 0 0 0 -1 1 -1 0 0 0 0 0 -1 -1
8 1 0 1 0 0 1 0 0 0 1 1 1 0 0 0 0 0 -1 -1
8 -1 0 1 0 0 1 0 0 0 -1 -1 -1 0 0 0 0 0 -1 -1
8 -1 0 1 0 0 1 0 0 0 1 -1 1 0 0 0 0 0 -1 -1
8 -1 0 1 0 0 1 0 0 0 1 1 -1 0 0 0 0 0 -1 -1
8 -1 0 1 0 0 1 0 0 0 -1 1 1 0 0 0 0 0 -1 -1
8 1 0 -1 0 0 1 0 0 0 -1 -1 -1 0 0 0 0 0 -1 -1
8 1 0 -1 0 0 1 0 0 0 1 -1 1 0 0 0 0 0 -1 -1
8 1 0 -1 0 0 1 0 0 0 1 1 -1 0 0 0 0 0 -1 -1
8 1 0 -1 0 0 1 0 0 0 -1 1 1 0 0 0 0 0 -1 -1
8 -1 0 -1 0 0 1 0 0 0 1 -1 -1 0 0 0 0 0 -1 -1
8 -1 0 -1 0 0 1 0 0 0 -1 -1 1 0 0 0 0 0 -1 -1
8 -1 0 -1 0 0 1 0 0 0 -1 1 -1 0 0 0 0 0 -1 -1
8 -1 0 -1 0 0 1 0 0 0 1 1 1 0 0 0 0 0 -1 -1
8 1 0 1 0 0 1 0 0 0 1 -1 -1 0 0 0 0 0 1 1
8 1 0 1 0 0 1 0 0 0 -1 -1 1 0 0 0 0 0 1 1
8 1 0 1 0 0 1 0 0 0 -1 1 -1 0 0 0 0 0 1 1
8 1 0 1 0 0 1 0 0 0 1 1 1 0 0 0 0 0 1 1
8 -1 0 1 0 0 1 0 0 0 -1 -1 -1 0 0 0 0 0 1 1
8 -1 0 1 0 0 1 0 0 0 1 -1 1 0 0 0 0 0 1 1
8 -1 0 1 0 0 1 0 0 0 1 1 -1 0 0 0 0 0 1 1
8 -1 0 1 0 0 1 0 0 0 -1 1 1 0 0 0 0 0 1 1
8 1 0 -1 0 0 1 0 0 0 -1 -1 -1 0 0 0 0 0 1 1
8 1 0 -1 0 0 1 0 0 0 1 -1 1 0 0 0 0 0 1 1
8 1 0 -1 0 0 1 0 0 0 1 1 -1 0 0 0 0 0 1 1
8 1 0 -1 0 0 1 0 0 0 -1 1 1 0 0 0 0 0 1 1
8 -1 0 -1 0 0 1 0 0 0 1 -1 -1 0 0 0 0 0 1 1
8 -1 0 -1 0 0 1 0 0 0 -1 -1 1 0 0 0 0 0 1 1
8 -1 0 -1 0 0 1 0 0 0 -1 1 -1 0 0 0 0 0 1 1
8 -1 0 -1 0 0 1 0 0 0 1 1 1 0 0 0 0 0 1 1
8 0 0 1 1 1 0 1 0 0 -1 0 -1 0 0 0 0 -1 1 0
8 0 0 1 1 1 0 1 0 0 1 0 1 0 0 0 0 -1 1 0
8 0 0 1 -1 1 0 1 0 0 1 0 -1 0 0 0 0 -1 1 0
8 0 0 1 -1 1 0 1 0 0 -1 0 1 0 0 0 0 -1 1 0
8 0 0 1 1 -1 0 1 0 0 1 0 -1 0 0 0 0 -1 1 0
8 0 0 1 1 -1 0 1 0 0 -1 0 1 0 0 0 0 -1 1 0
8 0 0 1 -1 -1 0 1 0 0 -1 0 -1 0 0 0 0 -1 1 0
8 0 0 1 -1 -1 0 1 0 0 1 0 1 0 0 0 0 -1 1 0
8 0 0 1 1 1 0 -1 0 0 1 0 -1 0 0 0 0 -1 1 0
8 0 0 1 1 1 0 -1 0 0 -1 0 1 0 0 0 0 -1 1 0
8 0 0 1 -1 1 0 -1 0 0 -1 0 -1 0 0 0 0 -1 1 0
8 0 0 1 -1 1 0 -1 0 0 1 0 1 0 0 0 0 -1 1 0
8 0 0 1 1 -1 0 -1 0 0 -1 0 -1 0 0 0 0 -1 1 0
8 0 0 1 1 -1 0 -1 0 0 1 0 1 0 0 0 0 -1 1 0
8 0 0 1 -1 -1 0 -1 0 0 1 0 -1 0 0 0 0 -1 1 0
8 0 0 1 -1 -1 0 -1 0 0 -1 0 1 0 0 0 0 -1 1 0
8 0 0 1 1 1 0 1 0 0 -1 0 -1 0 0 0 0 1 -1 0
8 0 0 1 1 1 0 1 0 0 1 0 1 0 0 0 0 1 -1 0
8 0 0 1 -1 1 0 1 0 0 1 0 -1 0 0 0 0 1 -1 0
8 0 0 1 -1 1 0 1 0 0 -1 0 1 0 0 0 0 1 -1 0
8 0 0 1 1 -1 0 1 0 0 1 0 -1 0 0 0 0 1 -1 0
8 0 0 1 1 -1 0 1 0 0 -1 0 1 0 0 0 0 1 -1 0
8 0 0 1 -1 -1 0 1 0 0 -1 0 -1 0 0 0 0 1 -1 0
8 0 0 1 -1 -1 0 1 0 0 1 0 1 0 0 0 0 1 -1 0
8 0 0 1 1 1 0 -1 0 0 1 0 -1 0 0 0 0 1 -1 0
8 0 0 1 1 1 0 -1 0 0 -1 0 1 0 0 0 0 1 -1 0
8 0 0 1 -1 1 0 -1 0 0 -1 0 -1 0 0 0 0 1 -1 0
8 0 0 1 -1 1 0 -1 0 0 1 0 1 0 0 0 0 1 -1 0
8 0 0 1 1 -1 0 -1 0 0 -1 0 -1 0 0 0 0 1 -1 0
8 0 0 1 1 -1 0 -1 0 0 1 0 1 0 0 0 0 1 -1 0
8 0 0 1 -1 -1 0 -1 0 0 1 0 -1 0 0 0 0 1 -1 0
8 0 0 1 -1 -1 0 -1 0 0 -1 0 1 0 0 0 0 1 -1 0
8 0 0 -1 1 1 0 1 0 0 1 0 -1 0 0 0 0 -1 1 0
8 0 0 -1 1 1 0 1 0 0 -1 0 1 0 0 0 0 -1 1 0
8 0 0 -1 -1 1 0 1 0 0 -1 0 -1 0 0 0 0 -1 1 0
8 0 0 -1 -1 1 0 1 0 0 1 0 1 0 0 0 0 -1 1 0
8 0 0 -1 1 -1 0 1 0 0 -1 0 -1 0 0 0 0 -1 1 0
8 0 0 -1 1 -1 0 1 0 0 1 0 1 0 0 0 0 -1 1 0
8 0 0 -1 -1 -1 0 1 0 0 1 0 -1 0 0 0 0 -1 1 0
8 0 0 -1 -1 -1 0 1 0 0 -1 0 1 0 0 0 0 -1 1 0
8 0 0 -1 1 1 0 -1 0 0 -1 0 -1 0 0 0 0 -1 1 0
8 0 0 -1 1 1 0 -1 0 0 1 0 1 0 0 0 0 -1 1 0
8 0 0 -1 -1 1 0 -1 0 0 1 0 -1 0 0 0 0 -1 1 0
8 0 0 -1 -1 1 0 -1 0 0 -1 0 1 0 0 0 0 -1 1 0
8 0 0 -1 1 -1 0 -1 0 0 1 0 -1 0 0 0 0 -1 1 0
8 0 0 -1 1 -1 0 -1 0 0 -1 0 1 0 0 0 0 -1 1 0
8 0 0 -1 -1 -1 0 -1 0 0 -1 0 -1 0 0 0 0 -1 1 0
8 0 0 -1 -1 -1 0 -1 0 0 1 0 1 0 0 0 0 -1 1 0
8 0 0 -1 1 1 0 1 0 0 1 0 -1 0 0 0 0 1 -1 0
8 0 0 -1 1 1 0 1 0 0 -1 0 1 0 0 0 0 1 -1 0
8 0 0 -1 -1 1 0 1 0 0 -1 0 -1 0 0 0 0 1 -1 0
8 0 0 -1 -1 1 0 1 0 0 1 0 1 0 0 0 0 1 -1 0
8 0 0 -1 1 -1 0 1 0 0 -1 0 -1 0 0 0 0 1 -1 0
8 0 0 -1 1 -1 0 1 0 0 1 0 1 0 0 0 0 1 -1 0
8 0 0 -1 -1 -1 0 1 0 0 1 0 -1 0 0 0 0 1 -1 0
8 0 0 -1 -1 -1 0 1 0 0 -1 0 1 0 0 0 0 1 -1 0
8 0 0 -1 1 1 0 -1 0 0 -1 0 -1 0 0 0 0 1 -1 0
8 0 0 -1 1 1 0 -1 0 0 1 0 1 0 0 0 0 1 -1 0
8 0 0 -1 -1 1 0 -1 0 0 1 0 -1 0 0 0 0 1 -1 0
8 0 0 -1 -1 1 0 -1 0 0 -1 0 1 0 0 0 0 1 -1 0
8 0 0 -1 1 -1 0 -1 0 0 1 0 -1 0 0 0 0 1 -1 0
8 0 0 -1 1 -1 0 -1 0 0 -1 0 1 0 0 0 0 1 -1 0
8 0 0 -1 -1 -1 0 -1 0 0 -1 0 -1 0 0 0 0 1 -1 0
8 0 0 -1 -1 -1 0 -1 0 0 1 0 1 0 0 0 0 1 -1 0
8 0 0 0 0 0 0 1 1 0 -1 -1 -1 -1 0 0 0 -1 0 1
8 0 0 0 0 0 0 1 1 0 1 -1 1 -1 0 0 0 -1 0 1
8 0 0 0 0 0 0 1 1 0 1 1 -1 -1 0 0 0 -1 0 1
8 0 0 0 0 0 0 1 1 0 -1 1 1 -1 0 0 0 -1 0 1
8 0 0 0 0 0 0 -1 1 0 1 -1 -1 -1 0 0 0 -1 0 1
8 0 0 0 0 0 0 -1 1 0 -1 -1 1 -1 0 0 0 -1 0 1
8 0 0 0 0 0 0 -1 1 0 -1 1 -1 -1 0 0 0 -1 0 1
8 0 0 0 0 0 0 -1 1 0 1 1 1 -1 0 0 0 -1 0 1
8 0 0 0 0 0 0 1 1 0 -1 -1 -1 -1 0 0 0 1 0 -1
8 0 0 0 0 0 0 1 1 0 1 -1 1 -1 0 0 0 1 0 -1
8 0 0 0 0 0 0 1 1 0 1 1 -1 -1 0 0 0 1 0 -1
8 0 0 0 0 0 0 1 1 0 -1 1 1 -1 0 0 0 1 0 -1
8 0 0 0 0 0 0 -1 1 0 1 -1 -1 -1 0 0 0 1 0 -1
8 0 0 0 0 0 0 -1 1 0 -1 -1 1 -1 0 0 0 1 0 -1
8 0 0 0 0 0 0 -1 1 0 -1 1 -1 -1 0 0 0 1 0 -1
8 0 0 0 0 0 0 -1 1 0 1 1 1 -1 0 0 0 1 0 -1
8 0 0 0 0 0 0 1 1 0 1 -1 -1 1 0 0 0 -1 0 1
8 0 0 0 0 0 0 1 1 0 -1 -1 1 1 0 0 0 -1 0 1
8 0 0 0 0 0 0 1 1 0 -1 1 -1 1 0 0 0 -1 0 1
8 0 0 0 0 0 0 1 1 0 1 1 1 1 0 0 0 -1 0 1
8 0 0 0 0 0 0 -1 1 0 -1 -1 -1 1 0 0 0 -1 0 1
8 0 0 0 0 0 0 -1 1 0 1 -1 1 1 0 0 0 -1 0 1
8 0 0 0 0 0 0 -1 1 0 1 1 -1 1 0 0 0 -1 0 1
8 0 0 0 0 0 0 -1 1 0 -1 1 1 1 0 0 0 -1 0 1
8 0 0 0 0 0 0 1 1 0 1 -1 -1 1 0 0 0 1 0 -1
8 0 0 0 0 0 0 1 1 0 -1 -1 1 1 0 0 0 1 0 -1
8 0 0 0 0 0 0 1 1 0 -1 1 -1 1 0 0 0 1 0 -1
8 0 0 0 0 0 0 1 1 0 1 1 1 1 0 0 0 1 0 -1
8 0 0 0 0 0 0 -1 1 0 -1 -1 -1 1 0 0 0 1 0 -1
8 0 0 0 0 0 0 -1 1 0 1 -1 1 1 0 0 0 1 0 -1
8 0 0 0 0 0 0 -1 1 0 1 1 -1 1 0 0 0 1 0 -1
8 0 0 0 0 0 0 -1 1 0 -1 1 1 1 0 0 0 1 0 -1
8 0 0 0 0 0 0 1 -1 0 1 -1 -1 -1 0 0 0 -1 0 1
8 0 0 0 0 0 0 1 -1 0 -1 -1 1 -1 0 0 0 -1 0 1
8 0 0 0 0 0 0 1 -1 0 -1 1 -1 -1 0 0 0 -1 0 1
8 0 0 0 0 0 0 1 -1 0 1 1 1 -1 0 0 0 -1 0 1
8 0 0 0 0 0 0 -1 -1 0 -1 -1 -1 -1 0 0 0 -1 0 1
8 0 0 0 0 0 0 -1 -1 0 1 -1 1 -1 0 0 0 -1 0 1
8 0 0 0 0 0 0 -1 -1 0 1 1 -1 -1 0 0 0 -1 0 1
8 0 0 0 0 0 0 -1 -1 0 -1 1 1 -1 0 0 0 -1 0 1
8 0 0 0 0 0 0 1 -1 0 1 -1 -1 -1 0 0 0 1 0 -1
8 0 0 0 0 0 0 1 -1 0 -1 -1 1 -1 0 0 0 1 0 -1
8 0 0 0 0 0 0 1 -1 0 -1 1 -1 -1 0 0 0 1 0 -1
8 0 0 0 0 0 0 1 -1 0 1 1 1 -1 0 0 0 1 0 -1
8 0 0 0 0 0 0 -1 -1 0 -1 -1 -1 -1 0 0 0 1 0 -1
8 0 0 0 0 0 0 -1 -1 0 1 -1 1 -1 0 0 0 1 0 -1
8 0 0 0 0 0 0 -1 -1 0 1 1 -1 -1 0 0 0 1 0 -1
8 0 0 0 0 0 0 -1 -1 0 -1 1 1 -1 0 0 0 1 0 -1
8 0 0 0 0 0 0 1 -1 0 -1 -1 -1 1 0 0 0 -1 0 1
8 0 0 0 0 0 0 1 -1 0 1 -1 1 1 0 0 0 -1 0 1
8 0 0 0 0 0 0 1 -1 0 1 1 -1 1 0 0 0 -1 0 1
8 0 0 0 0 0 0 1 -1 0 -1 1 1 1 0 0 0 -1 0 1
8 0 0 0 0 0 0 -1 -1 0 1 -1 -1 1 0 0 0 -1 0 1
8 0 0 0 0 0 0 -1 -1 0 -1 -1 1 1 0 0 0 -1 0 1
8 0 0 0 0 0 0 -1 -1 0 -1 1 -1 1 0 0 0 -1 0 1
8 0 0 0 0 0 0 -1 -1 0 1 1 1 1 0 0 0 -1 0 1
8 0 0 0 0 0 0 1 -1 0 -1 -1 -1 1 0 0 0 1 0 -1
8 0 0 0 0 0 0 1 -1 0 1 -1 1 1 0 0 0 1 0 -1
8 0 0 0 0 0 0 1 -1 0 1 1 -1 1 0 0 0 1 0 -1
8 0 0 0 0 0 0 1 -1 0 -1 1 1 1 0 0 0 1 0 -1
8 0 0 0 0 0 0 -1 -1 0 1 -1 -1 1 0 0 0 1 0 -1
8 0 0 0 0 0 0 -1 -1 0 -1 -1 1 1 0 0 0 1 0 -1
8 0 0 0 0 0 0 -1 -1 0 -1 1 -1 1 0 0 0 1 0 -1
8 0 0 0 0 0 0 -1 -1 0 1 1 1 1 0 0 0 1 0 -1
8 1 -1 0 0 0 -1 0 1 0 1 0 -1 -1 0 -1 0 0 0 0
8 1 -1 0 0 0 -1 0 1 0 -1 0 1 -1 0 -1 0 0 0 0
8 1 -1 0 0 0 -1 0 1 0 -1 0 -1 -1 0 1 0 0 0 0
8 1 -1 0 0 0 -1 0 1 0 1 0 1 -1 0 1 0 0 0 0
8 1 -1 0 0 0 -1 0 1 0 -1 0 -1 1 0 -1 0 0 0 0
8 1 -1 0 0 0 -1 0 1 0 1 0 1 1 0 -1 0 0 0 0
8 1 -1 0 0 0 -1 0 1 0 1 0 -1 1 0 1 0 0 0 0
8 1 -1 0 0 0 -1 0 1 0 -1 0 1 1 0 1 0 0 0 0
8 -1 -1 0 0 0 -1 0 1 0 -1 0 -1 -1 0 -1 0 0 0 0
8 -1 -1 0 0 0 -1 0 1 0 1 0 1 -1 0 -1 0 0 0 0
8 -1 -1 0 0 0 -1 0 1 0 1 0 -1 -1 0 1 0 0 0 0
8 -1 -1 0 0 0 -1 0 1 0 -1 0 1 -1 0 1 0 0 0 0
8 -1 -1 0 0 0 -1 0 1 0 1 0 -1 1 0 -1 0 0 0 0
8 -1 -1 0 0 0 -1 0 1 0 -1 0 1 1 0 -1 0 0 0 0
8 -1 -1 0 0 0 -1 0 1 0 -1 0 -1 1 0 1 0 0 0 0
8 -1 -1 0 0 0 -1 0 1 0 1 0 1 1 0 1 0 0 0 0
8 1 1 0 0 0 -1 0 1 0 -1 0 -1 -1 0 -1 0 0 0 0
8 1 1 0 0 0 -1 0 1 0 1 0 1 -1 0 -1 0 0 0 0
8 1 1 0 0 0 -1 0 1 0 1 0 -1 -1 0 1 0 0 0 0
8 1 1 0 0 0 -1 0 1 0 -1 0 1 -1 0 1 0 0 0 0
8 1 1 0 0 0 -1 0 1 0 1 0 -1 1 0 -1 0 0 0 0
8 1 1 0 0 0 -1 0 1 0 -1 0 1 1 0 -1 0 0 0 0
8 1 1 0 0 0 -1 0 1 0 -1 0 -1 1 0 1 0 0 0 0
8 1 1 0 0 0 -1 0 1 0 1 0 1 1 0 1 0 0 0 0
8 -1 1 0 0 0 -1 0 1 0 1 0 -1 -1 0 -1 0 0 0 0
8 -1 1 0 0 0 -1 0 1 0 -1 0 1 -1 0 -1 0 0 0 0
8 -1 1 0 0 0 -1 0 1 0 -1 0 -1 -1 0 1 0 0 0 0
8 -1 1 0 0 0 -1 0 1 0 1 0 1 -1 0 1 0 0 0 0
8 -1 1 0 0 0 -1 0 1 0 -1 0 -1 1 0 -1 0 0 0 0
8 -1 1 0 0 0 -1 0 1 0 1 0 1 1 0 -1 0 0 0 0
8 -1 1 0 0 0 -1 0 1 0 1 0 -1 1 0 1 0 0 0 0
8 -1 1 0 0 0 -1 0 1 0 -1 0 1 1 0 1 0 0 0 0
8 1 -1 0 0 0 -1 0 -1 0 -1 0 -1 -1 0 -1 0 0 0 0
8 1 -1 0 0 0 -1 0 -1 0 1 0 1 -1 0 -1 0 0 0 0
8 1 -1 0 0 0 -1 0 -1 0 1 0 -1 -1 0 1 0 0 0 0
8 1 -1 0 0 0 -1 0 -1 0 -1 0 1 -1 0 1 0 0 0 0
8 1 -1 0 0 0 -1 0 -1 0 1 0 -1 1 0 -1 0 0 0 0
8 1 -1 0 0 0 -1 0 -1 0 -1 0 1 1 0 -1 0 0 0 0
8 1 -1 0 0 0 -1 0 -1 0 -1 0 -1 1 0 1 0 0 0 0
8 1 -1 0 0 0 -1 0 -1 0 1 0 1 1 0 1 0 0 0 0
8 -1 -1 0 0 0 -1 0 -1 0 1 0 -1 -1 0 -1 0 0 0 0
8 -1 -1 0 0 0 -1 0 -1 0 -1 0 1 -1 0 -1 0 0 0 0
8 -1 -1 0 0 0 -1 0 -1 0 -1 0 -1 -1 0 1 0 0 0 0
8 -1 -1 0 0 0 -1 0 -1 0 1 0 1 -1 0 1 0 0 0 0
8 -1 -1 0 0 0 -1 0 -1 0 -1 0 -1 1 0 -1 0 0 0 0
8 -1 -1 0 0 0 -1 0 -1 0 1 0 1 1 0 -1 0 0 0 0
8 -1 -1 0 0 0 -1 0 -1 0 1 0 -1 1 0 1 0 0 0 0
8 -1 -1 0 0 0 -1 0 -1 0 -1 0 1 1 0 1 0 0 0 0
8 1 1 0 0 0 -1 0 -1 0 1 0 -1 -1 0 -1 0 0 0 0
8 1 1 0 0 0 -1 0 -1 0 -1 0 1 -1 0 -1 0 0 0 0
8 1 1 0 0 0 -1 0 -1 0 -1 0 -1 -1 0 1 0 0 0 0
8 1 1 0 0 0 -1 0 -1 0 1 0 1 -1 0 1 0 0 0 0
8 1 1 0 0 0 -1 0 -1 0 -1 0 -1 1 0 -1 0 0 0 0
8 1 1 0 0 0 -1 0 -1 0 1 0 1 1 0 -1 0 0 0 0
8 1 1 0 0 0 -1 0 -1 0 1 0 -1 1 0 1 0 0 0 0
8 1 1 0 0 0 -1 0 -1 0 -1 0 1 1 0 1 0 0 0 0
8 -1 1 0 0 0 -1 0 -1 0 -1 0 -1 -1 0 -1 0 0 0 0
8 -1 1 0 0 0 -1 0 -1 0 1 0 1 -1 0 -1 0 0 0 0
8 -1 1 0 0 0 -1 0 -1 0 1 0 -1 -1 0 1 0 0 0 0
8 -1 1 0 0 0 -1 0 -1 0 -1 0 1 -1 0 1 0 0 0 0
8 -1 1 0 0 0 -1 0 -1 0 1 0 -1 1 0 -1 0 0 0 0
8 -1 1 0 0 0 -1 0 -1 0 -1 0 1 1 0 -1 0 0 0 0
8 -1 1 0 0 0 -1 0 -1 0 -1 0 -1 1 0 1 0 0 0 0
8 -1 1 0 0 0 -1 0 -1 0 1 0 1 1 0 1 0 0 0 0
8 1 -1 0 0 0 1 0 1 0 -1 0 -1 -1 0 -1 0 0 0 0
8 1 -1 0 0 0 1 0 1 0 1 0 1 -1 0 -1 0 0 0 0
8 1 -1 0 0 0 1 0 1 0 1 0 -1 -1 0 1 0 0 0 0
8 1 -1 0 0 0 1 0 1 0 -1 0 1 -1 0 1 0 0 0 0
8 1 -1 0 0 0 1 0 1 0 1 0 -1 1 0 -1 0 0 0 0
8 1 -1 0 0 0 1 0 1 0 -1 0 1 1 0 -1 0 0 0 0
8 1 -1 0 0 0 1 0 1 0 -1 0 -1 1 0 1 0 0 0 0
8 1 -1 0 0 0 1 0 1 0 1 0 1 1 0 1 0 0 0 0
8 -1 -1 0 0 0 1 0 1 0 1 0 -1 -1 0 -1 0 0 0 0
8 -1 -1 0 0 0 1 0 1 0 -1 0 1 -1 0 -1 0 0 0 0
8 -1 -1 0 0 0 1 0 1 0 -1 0 -1 -1 0 1 0 0 0 0
8 -1 -1 0 0 0 1 0 1 0 1 0 1 -1 0 1 0 0 0 0
8 -1 -1 0 0 0 1 0 1 0 -1 0 -1 1 0 -1 0 0 0 0
8 -1 -1 0 0 0 1 0 1 0 1 0 1 1 0 -1 0 0 0 0
8 -1 -1 0 0 0 1 0 1 0 1 0 -1 1 0 1 0 0 0 0
8 -1 -1 0 0 0 1 0 1 0 -1 0 1 1 0 1 0 0 0 0
8 1 1 0 0 0 1 0 1 0 1 0 -1 -1 0 -1 0 0 0 0
8 1 1 0 0 0 1 0 1 0 -1 0 1 -1 0 -1 0 0 0 0
8 1 1 0 0 0 1 0 1 0 -1 0 -1 -1 0 1 0 0 0 0
8 1 1 0 0 0 1 0 1 0 1 0 1 -1 0 1 0 0 0 0
8 1 1 0 0 0 1 0 1 0 -1 0 -1 1 0 -1 0 0 0 0
8 1 1 0 0 0 1 0 1 0 1 0 1 1 0 -1 0 0 0 0
8 1 1 0 0 0 1 0 1 0 1 0 -1 1 0 1 0 0 0 0
8 1 1 0 0 0 1 0 1 0 -1 0 1 1 0 1 0 0 0 0
8 -1 1 0 0 0 1 0 1 0 -1 0 -1 -1 0 -1 0 0 0 0
8 -1 1 0 0 0 1 0 1 0 1 0 1 -1 0 -1 0 0 0 0
8 -1 1 0 0 0 1 0 1 0 1 0 -1 -1 0 1 0 0 0 0
8 -1 1 0 0 0 1 0 1 0 -1 0 1 -1 0 1 0 0 0 0
8 -1 1 0 0 0 1 0 1 0 1 0 -1 1 0 -1 0 0 0 0
8 -1 1 0 0 0 1 0 1 0 -1 0 1 1 0 -1 0 0 0 0
8 -1 1 0 0 0 1 0 1 0 -1 0 -1 1 0 1 0 0 0 0
8 -1 1 0 0 0 1 0 1 0 1 0 1 1 0 1 0 0 0 0
8 1 -1 0 0 0 1 0 -1 0 1 0 -1 -1 0 -1 0 0 0 0
8 1 -1 0 0 0 1 0 -1 0 -1 0 1 -1 0 -1 0 0 0 0
8 1 -1 0 0 0 1 0 -1 0 -1 0 -1 -1 0 1 0 0 0 0
8 1 -1 0 0 0 1 0 -1 0 1 0 1 -1 0 1 0 0 0 0
8 1 -1 0 0 0 1 0 -1 0 -1 0 -1 1 0 -1 0 0 0 0
8 1 -1 0 0 0 1 0 -1 0 1 0 1 1 0 -1 0 0 0 0
8 1 -1 0 0 0 1 0 -1 0 1 0 -1 1 0 1 0 0 0 0
8 1 -1 0 0 0 1 0 -1 0 -1 0 1 1 0 1 0 0 0 0
8 -1 -1 0 0 0 1 0 -1 0 -1 0 -1 -1 0 -1 0 0 0 0
8 -1 -1 0 0 0 1 0 -1 0 1 0 1 -1 0 -1 0 0 0 0
8 -1 -1 0 0 0 1 0 -1 0 1 0 -1 -1 0 1 0 0 0 0
8 -1 -1 0 0 0 1 0 -1 0 -1 0 1 -1 0 1 0 0 0 0
8 -1 -1 0 0 0 1 0 -1 0 1 0 -1 1 0 -1 0 0 0 0
8 -1 -1 0 0 0 1 0 -1 0 -1 0 1 1 0 -1 0 0 0 0
8 -1 -1 0 0 0 1 0 -1 0 -1 0 -1 1 0 1 0 0 0 0
8 -1 -1 0 0 0 1 0 -1 0 1 0 1 1 0 1 0 0 0 0
8 1 1 0 0 0 1 0 -1 0 -1 0 -1 -1 0 -1 0 0 0 0
8 1 1 0 0 0 1 0 -1 0 1 0 1 -1 0 -1 0 0 0 0
8 1 1 0 0 0 1 0 -1 0 1 0 -1 -1 0 1 0 0 0 0
8 1 1 0 0 0 1 0 -1 0 -1 0 1 -1 0 1 0 0 0 0
8 1 1 0 0 0 1 0 -1 0 1 0 -1 1 0 -1 0 0 0 0
8 1 1 0 0 0 1 0 -1 0 -1 0 1 1 0 -1 0 0 0 0
8 1 1 0 0 0 1 0 -1 0 -1 0 -1 1 0 1 0 0 0 0
8 1 1 0 0 0 1 0 -1 0 1 0 1 1 0 1 0 0 0 0
8 -1 1 0 0 0 1 0 -1 0 1 0 -1 -1 0 -1 0 0 0 0
8 -1 1 0 0 0 1 0 -1 0 -1 0 1 -1 0 -1 0 0 0 0
8 -1 1 0 0 0 1 0 -1 0 -1 0 -1 -1 0 1 0 0 0 0
8 -1 1 0 0 0 1 0 -1 0 1 0 1 -1 0 1 0 0 0 0
8 -1 1 0 0 0 1 0 -1 0 -1 0 -1 1 0 -1 0 0 0 0
8 -1 1 0 0 0 1 0 -1 0 1 0 1 1 0 -1 0 0 0 0
8 -1 1 0 0 0 1 0 -1 0 1 0 -1 1 0 1 0 0 0 0
8 -1 1 0 0 0 1 0 -1 0 -1 0 1 1 0 1 0 0 0 0
8 0 -1 1 0 0 0 1 0 0 -1 0 -1 0 0 -1 0 -1 -1 0
8 0 -1 1 0 0 0 1 0 0 1 0 1 0 0 -1 0 -1 -1 0
8 0 -1 1 0 0 0 1 0 0 1 0 -1 0 0 1 0 -1 -1 0
8 0 -1 1 0 0 0 1 0 0 -1 0 1 0 0 1 0 -1 -1 0
8 0 -1 1 0 0 0 -1 0 0 1 0 -1 0 0 -1 0 -1 -1 0
8 0 -1 1 0 0 0 -1 0 0 -1 0 1 0 0 -1 0 -1 -1 0
8 0 -1 1 0 0 0 -1 0 0 -1 0 -1 0 0 1 0 -1 -1 0
8 0 -1 1 0 0 0 -1 0 0 1 0 1 0 0 1 0 -1 -1 0
8 0 1 1 0 0 0 1 0 0 1 0 -1 0 0 -1 0 -1 -1 0
8 0 1 1 0 0 0 1 0 0 -1 0 1 0 0 -1 0 -1 -1 0
8 0 1 1 0 0 0 1 0 0 -1 0 -1 0 0 1 0 -1 -1 0
8 0 1 1 0 0 0 1 0 0 1 0 1 0 0 1 0 -1 -1 0
8 0 1 1 0 0 0 -1 0 0 -1 0 -1 0 0 -1 0 -1 -1 0
8 0 1 1 0 0 0 -1 0 0 1 0 1 0 0 -1 0 -1 -1 0
8 0 1 1 0 0 0 -1 0 0 1 0 -1 0 0 1 0 -1 -1 0
8 0 1 1 0 0 0 -1 0 0 -1 0 1 0 0 1 0 -1 -1 0
8 0 -1 -1 0 0 0 1 0 0 1 0 -1 0 0 -1 0 -1 -1 0
8 0 -1 -1 0 0 0 1 0 0 -1 0 1 0 0 -1 0 -1 -1 0
8 0 -1 -1 0 0 0 1 0 0 -1 0 -1 0 0 1 0 -1 -1 0
8 0 -1 -1 0 0 0 1 0 0 1 0 1 0 0 1 0 -1 -1 0
8 0 -1 -1 0 0 0 -1 0 0 -1 0 -1 0 0 -1 0 -1 -1 0
8 0 -1 -1 0 0 0 -1 0 0 1 0 1 0 0 -1 0 -1 -1 0
8 0 -1 -1 0 0 0 -1 0 0 1 0 -1 0 0 1 0 -1 -1 0
8 0 -1 -1 0 0 0 -1 0 0 -1 0 1 0 0 1 0 -1 -1 0
8 0 1 -1 0 0 0 1 0 0 -1 0 -1 0 0 -1 0 -1 -1 0
8 0 1 -1 0 0 0 1 0 0 1 0 1 0 0 -1 0 -1 -1 0
8 0 1 -1 0 0 0 1 0 0 1 0 -1 0 0 1 0 -1 -1 0
8 0 1 -1 0 0 0 1 0 0 -1 0 1 0 0 1 0 -1 -1 0
8 0 1 -1 0 0 0 -1 0 0 1 0 -1 0 0 -1 0 -1 -1 0
8 0 1 -1 0 0 0 -1 0 0 -1 0 1 0 0 -1 0 -1 -1 0
8 0 1 -1 0 0 0 -1 0 0 -1 0 -1 0 0 1 0 -1 -1 0
8 0 1 -1 0 0 0 -1 0 0 1 0 1 0 0 1 0 -1 -1 0
8 0 -1 1 0 0 0 1 0 0 -1 0 -1 0 0 -1 0 1 1 0
8 0 -1 1 0 0 0 1 0 0 1 0 1 0 0 -1 0 1 1 0
8 0 -1 1 0 0 0 1 0 0 1 0 -1 0 0 1 0 1 1 0
8 0 -1 1 0 0 0 1 0 0 -1 0 1 0 0 1 0 1 1 0
8 0 -1 1 0 0 0 -1 0 0 1 0 -1 0 0 -1 0 1 1 0
8 0 -1 1 0 0 0 -1 0 0 -1 0 1 0 0 -1 0 1 1 0
8 0 -1 1 0 0 0 -1 0 0 -1 0 -1 0 0 1 0 1 1 0
8 0 -1 1 0 0 0 -1 0 0 1 0 1 0 0 1 0 1 1 0
8 0 1 1 0 0 0 1 0 0 1 0 -1 0 0 -1 0 1 1 0
8 0 1 1 0 0 0 1 0 0 -1 0 1 0 0 -1 0 1 1 0
8 0 1 1 0 0 0 1 0 0 -1 0 -1 0 0 1 0 1 1 0
8 0 1 1 0 0 0 1 0 0 1 0 1 0 0 1 0 1 1 0
8 0 1 1 0 0 0 -1 0 0 -1 0 -1 0 0 -1 0 1 1 0
8 0 1 1 0 0 0 -1 0 0 1 0 1 0 0 -1 0 1 1 0
8 0 1 1 0 0 0 -1 0 0 1 0 -1 0 0 1 0 1 1 0
8 0 1 1 0 0 0 -1 0 0 -1 0 1 0 0 1 0 1 1 0
8 0 -1 -1 0 0 0 1 0 0 1 0 -1 0 0 -1 0 1 1 0
8 0 -1 -1 0 0 0 1 0 0 -1 0 1 0 0 -1 0 1 1 0
8 0 -1 -1 0 0 0 1 0 0 -1 0 -1 0 0 1 0 1 1 0
8 0 -1 -1 0 0 0 1 0 0 1 0 1 0 0 1 0 1 1 0
8 0 -1 -1 0 0 0 -1 0 0 -1 0 -1 0 0 -1 0 1 1 0
8 0 -1 -1 0 0 0 -1 0 0 1 0 1 0 0 -1 0 1 1 0
8 0 -1 -1 0 0 0 -1 0 0 1 0 -1 0 0 1 0 1 1 0
8 0 -1 -1 0 0 0 -1 0 0 -1 0 1 0 0 1 0 1 1 0
8 0 1 -1 0 0 0 1 0 0 -1 0 -1 0 0 -1 0 1 1 0
8 0 1 -1 0 0 0 1 0 0 1 0 1 0 0 -1 0 1 1 0
8 0 1 -1 0 0 0 1 0 0 1 0 -1 0 0 1 0 1 1 0
8 0 1 -1 0 0 0 1 0 0 -1 0 1 0 0 1 0 1 1 0
8 0 1 -1 0 0 0 -1 0 0 1 0 -1 0 0 -1 0 1 1 0
8 0 1 -1 0 0 0 -1 0 0 -1 0 1 0 0 -1 0 1 1 0
8 0 1 -1 0 0 0 -1 0 0 -1 0 -1 0 0 1 0 1 1 0
8 0 1 -1 0 0 0 -1 0 0 1 0 1 0 0 1 0 1 1 0
8 0 -1 0 0 1 -1 1 0 -1 1 -1 -1 0 0 0 0 0 0 0
8 0 -1 0 0 1 -1 1 0 -1 -1 -1 1 0 0 0 0 0 0 0
8 0 -1 0 0 1 -1 1 0 1 -1 -1 -1 0 0 0 0 0 0 0
8 0 -1 0 0 1 -1 1 0 1 1 -1 1 0 0 0 0 0 0 0
8 0 -1 0 0 -1 -1 1 0 -1 -1 -1 -1 0 0 0 0 0 0 0
8 0 -1 0 0 -1 -1 1 0 -1 1 -1 1 0 0 0 0 0 0 0
8 0 -1 0 0 -1 -1 1 0 1 1 -1 -1 0 0 0 0 0 0 0
8 0 -1 0 0 -1 -1 1 0 1 -1 -1 1 0 0 0 0 0 0 0
8 0 -1 0 0 1 -1 1 0 -1 -1 1 -1 0 0 0 0 0 0 0
8 0 -1 0 0 1 -1 1 0 -1 1 1 1 0 0 0 0 0 0 0
8 0 -1 0 0 1 -1 1 0 1 1 1 -1 0 0 0 0 0 0 0
8 0 -1 0 0 1 -1 1 0 1 -1 1 1 0 0 0 0 0 0 0
8 0 -1 0 0 -1 -1 1 0 -1 1 1 -1 0 0 0 0 0 0 0
8 0 -1 0 0 -1 -1 1 0 -1 -1 1 1 0 0 0 0 0 0 0
8 0 -1 0 0 -1 -1 1 0 1 -1 1 -1 0 0 0 0 0 0 0
8 0 -1 0 0 -1 -1 1 0 1 1 1 1 0 0 0 0 0 0 0
8 0 -1 0 0 1 -1 -1 0 -1 -1 -1 -1 0 0 0 0 0 0 0
8 0 -1 0 0 1 -1 -1 0 -1 1 -1 1 0 0 0 0 0 0 0
8 0 -1 0 0 1 -1 -1 0 1 1 -1 -1 0 0 0 0 0 0 0
8 0 -1 0 0 1 -1 -1 0 1 -1 -1 1 0 0 0 0 0 0 0
8 0 -1 0 0 -1 -1 -1 0 -1 1 -1 -1 0 0 0 0 0 0 0
8 0 -1 0 0 -1 -1 -1 0 -1 -1 -1 1 0 0 0 0 0 0 0
8 0 -1 0 0 -1 -1 -1 0 1 -1 -1 -1 0 0 0 0 0 0 0
8 0 -1 0 0 -1 -1 -1 0 1 1 -1 1 0 0 0 0 0 0 0
8 0 -1 0 0 1 -1 -1 0 -1 1 1 -1 0 0 0 0 0 0 0
8 0 -1 0 0 1 -1 -1 0 -1 -1 1 1 0 0 0 0 0 0 0
8 0 -1 0 0 1 -1 -1 0 1 -1 1 -1 0 0 0 0 0 0 0
8 0 -1 0 0 1 -1 -1 0 1 1 1 1 0 0 0 0 0 0 0
8 0 -1 0 0 -1 -1 -1 0 -1 -1 1 -1 0 0 0 0 0 0 0
8 0 -1 0 0 -1 -1 -1 0 -1 1 1 1 0 0 0 0 0 0 0
8 0 -1 0 0 -1 -1 -1 0 1 1 1 -1 0 0 0 0 0 0 0
8 0 -1 0 0 -1 -1 -1 0 1 -1 1 1 0 0 0 0 0 0 0
8 0 1 0 0 1 -1 1 0 -1 -1 -1 -1 0 0 0 0 0 0 0
8 0 1 0 0 1 -1 1 0 -1 1 -1 1 0 0 0 0 0 0 0
8 0 1 0 0 1 -1 1 0 1 1 -1 -1 0 0 0 0 0 0 0
8 0 1 0 0 1 -1 1 0 1 -1 -1 1 0 0 0 0 0 0 0
8 0 1 0 0 -1 -1 1 0 -1 1 -1 -1 0 0 0 0 0 0 0
8 0 1 0 0 -1 -1 1 0 -1 -1 -1 1 0 0 0 0 0 0 0
8 0 1 0 0 -1 -1 1 0 1 -1 -1 -1 0 0 0 0 0 0 0
8 0 1 0 0 -1 -1 1 0 1 1 -1 1 0 0 0 0 0 0 0
8 0 1 0 0 1 -1 1 0 -1 1 1 -1 0 0 0 0 0 0 0
8 0 1 0 0 1 -1 1 0 -1 -1 1 1 0 0 0 0 0 0 0
8 0 1 0 0 1 -1 1 0 1 -1 1 -1 0 0 0 0 0 0 0
8 0 1 0 0 1 -1 1 0 1 1 1 1 0 0 0 0 0 0 0
8 0 1 0 0 -1 -1 1 0 -1 -1 1 -1 0 0 0 0 0 0 0
8 0 1 0 0 -1 -1 1 0 -1 1 1 1 0 0 0 0 0 0 0
8 0 1 0 0 -1 -1 1 0 1 1 1 -1 0 0 0 0 0 0 0
8 0 1 0 0 -1 -1 1 0 1 -1 1 1 0 0 0 0 0 0 0
8 0 1 0 0 1 -1 -1 0 -1 1 -1 -1 0 0 0 0 0 0 0
8 0 1 0 0 1 -1 -1 0 -1 -1 -1 1 0 0 0 0 0 0 0
8 0 1 0 0 1 -1 -1 0 1 -1 -1 -1 0 0 0 0 0 0 0
8 0 1 0 0 1 -1 -1 0 1 1 -1 1 0 0 0 0 0 0 0
8 0 1 0 0 -1 -1 -1 0 -1 -1 -1 -1 0 0 0 0 0 0 0
8 0 1 0 0 -1 -1 -1 0 -1 1 -1 1 0 0 0 0 0 0 0
8 0 1 0 0 -1 -1 -1 0 1 1 -1 -1 0 0 0 0 0 0 0
8 0 1 0 0 -1 -1 -1 0 1 -1 -1 1 0 0 0 0 0 0 0
8 0 1 0 0 1 -1 -1 0 -1 -1 1 -1 0 0 0 0 0 0 0
8 0 1 0 0 1 -1 -1 0 -1 1 1 1 0 0 0 0 0 0 0
8 0 1 0 0 1 -1 -1 0 1 1 1 -1 0 0 0 0 0 0 0
8 0 1 0 0 1 -1 -1 0 1 -1 1 1 0 0 0 0 0 0 0
8 0 1 0 0 -1 -1 -1 0 -1 1 1 -1 0 0 0 0 0 0 0
8 0 1 0 0 -1 -1 -1 0 -1 -1 1 1 0 0 0 0 0 0 0
8 0 1 0 0 -1 -1 -1 0 1 -1 1 -1 0 0 0 0 0 0 0
8 0 1 0 0 -1 -1 -1 0 1 1 1 1 0 0 0 0 0 0 0
8 0 -1 0 0 1 1 1 0 -1 -1 -1 -1 0 0 0 0 0 0 0
8 0 -1 0 0 1 1 1 0 -1 1 -1 1 0 0 0 0 0 0 0
8 0 -1 0 0 1 1 1 0 1 1 -1 -1 0 0 0 0 0 0 0
8 0 -1 0 0 1 1 1 0 1 -1 -1 1 0 0 0 0 0 0 0
8 0 -1 0 0 -1 1 1 0 -1 1 -1 -1 0 0 0 0 0 0 0
8 0 -1 0 0 -1 1 1 0 -1 -1 -1 1 0 0 0 0 0 0 0
8 0 -1 0 0 -1 1 1 0 1 -1 -1 -1 0 0 0 0 0 0 0
8 0 -1 0 0 -1 1 1 0 1 1 -1 1 0 0 0 0 0 0 0
8 0 -1 0 0 1 1 1 0 -1 1 1 -1 0 0 0 0 0 0 0
8 0 -1 0 0 1 1 1 0 -1 -1 1 1 0 0 0 0 0 0 0
8 0 -1 0 0 1 1 1 0 1 -1 1 -1 0 0 0 0 0 0 0
8 0 -1 0 0 1 1 1 0 1 1 1 1 0 0 0 0 0 0 0
8 0 -1 0 0 -1 1 1 0 -1 -1 1 -1 0 0 0 0 0 0 0
8 0 -1 0 0 -1 1 1 0 -1 1 1 1 0 0 0 0 0 0 0
8 0 -1 0 0 -1 1 1 0 1 1 1 -1 0 0 0 0 0 0 0
8 0 -1 0 0 -1 1 1 0 1 -1 1 1 0 0 0 0 0 0 0
8 0 -1 0 0 1 1 -1 0 -1 1 -1 -1 0 0 0 0 0 0 0
8 0 -1 0 0 1 1 -1 0 -1 -1 -1 1 0 0 0 0 0 0 0
8 0 -1 0 0 1 1 -1 0 1 -1 -1 -1 0 0 0 0 0 0 0
8 0 -1 0 0 1 1 -1 0 1 1 -1 1 0 0 0 0 0 0 0
8 0 -1 0 0 -1 1 -1 0 -1 -1 -1 -1 0 0 0 0 0 0 0
8 0 -1 0 0 -1 1 -1 0 -1 1 -1 1 0 0 0 0 0 0 0
8 0 -1 0 0 -1 1 -1 0 1 1 -1 -1 0 0 0 0 0 0 0
8 0 -1 0 0 -1 1 -1 0 1 -1 -1 1 0 0 0 0 0 0 0
8 0 -1 0 0 1 1 -1 0 -1 -1 1 -1 0 0 0 0 0 0 0
8 0 -1 0 0 1 1 -1 0 -1 1 1 1 0 0 0 0 0 0 0
8 0 -1 0 0 1 1 -1 0 1 1 1 -1 0 0 0 0 0 0 0
8 0 -1 0 0 1 1 -1 0 1 -1 1 1 0 0 0 0 0 0 0
8 0 -1 0 0 -1 1 -1 0 -1 1 1 -1 0 0 0 0 0 0 0
8 0 -1 0 0 -1 1 -1 0 -1 -1 1 1 0 0 0 0 0 0 0
8 0 -1 0 0 -1 1 -1 0 1 -1 1 -1 0 0 0 0 0 0 0
8 0 -1 0 0 -1 1 -1 0 1 1 1 1 0 0 0 0 0 0 0
8 0 1 0 0 1 1 1 0 -1 1 -1 -1 0 0 0 0 0 0 0
8 0 1 0 0 1 1 1 0 -1 -1 -1 1 0 0 0 0 0 0 0
8 0 1 0 0 1 1 1 0 1 -1 -1 -1 0 0 0 0 0 0 0
8 0 1 0 0 1 1 1 0 1 1 -1 1 0 0 0 0 0 0 0
8 0 1 0 0 -1 1 1 0 -1 -1 -1 -1 0 0 0 0 0 0 0
8 0 1 0 0 -1 1 1 0 -1 1 -1 1 0 0 0 0 0 0 0
8 0 1 0 0 -1 1 1 0 1 1 -1 -1 0 0 0 0 0 0 0
8 0 1 0 0 -1 1 1 0 1 -1 -1 1 0 0 0 0 0 0 0
8 0 1 0 0 1 1 1 0 -1 -1 1 -1 0 0 0 0 0 0 0
8 0 1 0 0 1 1 1 0 -1 1 1 1 0 0 0 0 0 0 0
8 0 1 0 0 1 1 1 0 1 1 1 -1 0 0 0 0 0 0 0
8 0 1 0 0 1 1 1 0 1 -1 1 1 0 0 0 0 0 0 0
8 0 1 0 0 -1 1 1 0 -1 1 1 -1 0 0 0 0 0 0 0
8 0 1 0 0 -1 1 1 0 -1 -1 1 1 0 0 0 0 0 0 0
8 0 1 0 0 -1 1 1 0 1 -1 1 -1 0 0 0 0 0 0 0
8 0 1 0 0 -1 1 1 0 1 1 1 1 0 0 0 0 0 0 0
8 0 1 0 0 1 1 -1 0 -1 -1 -1 -1 0 0 0 0 0 0 0
8 0 1 0 0 1 1 -1 0 -1 1 -1 1 0 0 0 0 0 0 0
8 0 1 0 0 1 1 -1 0 1 1 -1 -1 0 0 0 0 0 0 0
8 0 1 0 0 1 1 -1 0 1 -1 -1 1 0 0 0 0 0 0 0
8 0 1 0 0 -1 1 -1 0 -1 1 -1 -1 0 0 0 0 0 0 0
8 0 1 0 0 -1 1 -1 0 -1 -1 -1 1 0 0 0 0 0 0 0
8 0 1 0 0 -1 1 -1 0 1 -1 -1 -1 0 0 0 0 0 0 0
8 0 1 0 0 -1 1 -1 0 1 1 -1 1 0 0 0 0 0 0 0
8 0 1 0 0 1 1 -1 0 -1 1 1 -1 0 0 0 0 0 0 0
8 0 1 0 0 1 1 -1 0 -1 -1 1 1 0 0 0 0 0 0 0
8 0 1 0 0 1 1 -1 0 1 -1 1 -1 0 0 0 0 0 0 0
8 0 1 0 0 1 1 -1 0 1 1 1 1 0 0 0 0 0 0 0
8 0 1 0 0 -1 1 -1 0 -1 -1 1 -1 0 0 0 0 0 0 0
8 0 1 0 0 -1 1 -1 0 -1 1 1 1 0 0 0 0 0 0 0
8 0 1 0 0 -1 1 -1 0 1 1 1 -1 0 0 0 0 0 0 0
8 0 1 0 0 -1 1 -1 0 1 -1 1 1 0 0 0 0 0 0 0
8 1 -1 0 1 0 0 0 0 -1 -1 0 -1 0 0 0 0 -1 0 -1
8 1 -1 0 1 0 0 0 0 -1 1 0 1 0 0 0 0 -1 0 -1
8 1 -1 0 1 0 0 0 0 1 1 0 -1 0 0 0 0 -1 0 -1
8 1 -1 0 1 0 0 0 0 1 -1 0 1 0 0 0 0 -1 0 -1
8 1 -1 0 -1 0 0 0 0 -1 1 0 -1 0 0 0 0 -1 0 -1
8 1 -1 0 -1 0 0 0 0 -1 -1 0 1 0 0 0 0 -1 0 -1
8 1 -1 0 -1 0 0 0 0 1 -1 0 -1 0 0 0 0 -1 0 -1
8 1 -1 0 -1 0 0 0 0 1 1 0 1 0 0 0 0 -1 0 -1
8 -1 -1 0 1 0 0 0 0 -1 1 0 -1 0 0 0 0 -1 0 -1
8 -1 -1 0 1 0 0 0 0 -1 -1 0 1 0 0 0 0 -1 0 -1
8 -1 -1 0 1 0 0 0 0 1 -1 0 -1 0 0 0 0 -1 0 -1
8 -1 -1 0 1 0 0 0 0 1 1 0 1 0 0 0 0 -1 0 -1
8 -1 -1 0 -1 0 0 0 0 -1 -1 0 -1 0 0 0 0 -1 0 -1
8 -1 -1 0 -1 0 0 0 0 -1 1 0 1 0 0 0 0 -1 0 -1
8 -1 -1 0 -1 0 0 0 0 1 1 0 -1 0 0 0 0 -1 0 -1
8 -1 -1 0 -1 0 0 0 0 1 -1 0 1 0 0 0 0 -1 0 -1
8 1 1 0 1 0 0 0 0 -1 1 0 -1 0 0 0 0 -1 0 -1
8 1 1 0 1 0 0 0 0 -1 -1 0 1 0 0 0 0 -1 0 -1
8 1 1 0 1 0 0 0 0 1 -1 0 -1 0 0 0 0 -1 0 -1
8 1 1 0 1 0 0 0 0 1 1 0 1 0 0 0 0 -1 0 -1
8 1 1 0 -1 0 0 0 0 -1 -1 0 -1 0 0 0 0 -1 0 -1
8 1 1 0 -1 0 0 0 0 -1 1 0 1 0 0 0 0 -1 0 -1
8 1 1 0 -1 0 0 0 0 1 1 0 -1 0 0 0 0 -1 0 -1
8 1 1 0 -1 0 0 0 0 1 -1 0 1 0 0 0 0 -1 0 -1
8 -1 1 0 1 0 0 0 0 -1 -1 0 -1 0 0 0 0 -1 0 -1
8 -1 1 0 1 0 0 0 0 -1 1 0 1 0 0 0 0 -1 0 -1
8 -1 1 0 1 0 0 0 0 1 1 0 -1 0 0 0 0 -1 0 -1
8 -1 1 0 1 0 0 0 0 1 -1 0 1 0 0 0 0 -1 0 -1
8 -1 1 0 -1 0 0 0 0 -1 1 0 -1 0 0 0 0 -1 0 -1
8 -1 1 0 -1 0 0 0 0 -1 -1 0 1 0 0 0 0 -1 0 -1
8 -1 1 0 -1 0 0 0 0 1 -1 0 -1 0 0 0 0 -1 0 -1
8 -1 1 0 -1 0 0 0 0 1 1 0 1 0 0 0 0 -1 0 -1
8 1 -1 0 1 0 0 0 0 -1 -1 0 -1 0 0 0 0 1 0 1
8 1 -1 0 1 0 0 0 0 -1 1 0 1 0 0 0 0 1 0 1
8 1 -1 0 1 0 0 0 0 1 1 0 -1 0 0 0 0 1 0 1
8 1 -1 0 1 0 0 0 0 1 -1 0 1 0 0 0 0 1 0 1
8 1 -1 0 -1 0 0 0 0 -1 1 0 -1 0 0 0 0 1 0 1
8 1 -1 0 -1 0 0 0 0 -1 -1 0 1 0 0 0 0 1 0 1
8 1 -1 0 -1 0 0 0 0 1 -1 0 -1 0 0 0 0 1 0 1
8 1 -1 0 -1 0 0 0 0 1 1 0 1 0 0 0 0 1 0 1
8 -1 -1 0 1 0 0 0 0 -1 1 0 -1 0 0 0 0 1 0 1
8 -1 -1 0 1 0 0 0 0 -1 -1 0 1 0 0 0 0 1 0 1
8 -1 -1 0 1 0 0 0 0 1 -1 0 -1 0 0 0 0 1 0 1
8 -1 -1 0 1 0 0 0 0 1 1 0 1 0 0 0 0 1 0 1
8 -1 -1 0 -1 0 0 0 0 -1 -1 0 -1 0 0 0 0 1 0 1
8 -1 -1 0 -1 0 0 0 0 -1 1 0 1 0 0 0 0 1 0 1
8 -1 -1 0 -1 0 0 0 0 1 1 0 -1 0 0 0 0 1 0 1
8 -1 -1 0 -1 0 0 0 0 1 -1 0 1 0 0 0 0 1 0 1
8 1 1 0 1 0 0 0 0 -1 1 0 -1 0 0 0 0 1 0 1
8 1 1 0 1 0 0 0 0 -1 -1 0 1 0 0 0 0 1 0 1
8 1 1 0 1 0 0 0 0 1 -1 0 -1 0 0 0 0 1 0 1
8 1 1 0 1 0 0 0 0 1 1 0 1 0 0 0 0 1 0 1
8 1 1 0 -1 0 0 0 0 -1 -1 0 -1 0 0 0 0 1 0 1
8 1 1 0 -1 0 0 0 0 -1 1 0 1 0 0 0 0 1 0 1
8 1 1 0 -1 0 0 0 0 1 1 0 -1 0 0 0 0 1 0 1
8 1 1 0 -1 0 0 0 0 1 -1 0 1 0 0 0 0 1 0 1
8 -1 1 0 1 0 0 0 0 -1 -1 0 -1 0 0 0 0 1 0 1
8 -1 1 0 1 0 0 0 0 -1 1 0 1 0 0 0 0 1 0 1
8 -1 1 0 1 0 0 0 0 1 1 0 -1 0 0 0 0 1 0 1
8 -1 1 0 1 0 0 0 0 1 -1 0 1 0 0 0 0 1 0 1
8 -1 1 0 -1 0 0 0 0 -1 1 0 -1 0 0 0 0 1 0 1
8 -1 1 0 -1 0 0 0 0 -1 -1 0 1 0 0 0 0 1 0 1
8 -1 1 0 -1 0 0 0 0 1 -1 0 -1 0 0 0 0 1 0 1
8 -1 1 0 -1 0 0 0 0 1 1 0 1 0 0 0 0 1 0 1
8 1 0 0 0 1 0 0 0 -1 -1 0 -1 0 0 -1 0 -1 0 1
8 1 0 0 0 1 0 0 0 -1 1 0 1 0 0 -1 0 -1 0 1
8 1 0 0 0 1 0 0 0 1 1 0 -1 0 0 -1 0 -1 0 1
8 1 0 0 0 1 0 0 0 1 -1 0 1 0 0 -1 0 -1 0 1
8 1 0 0 0 1 0 0 0 -1 1 0 -1 0 0 1 0 -1 0 1
8 1 0 0 0 1 0 0 0 -1 -1 0 1 0 0 1 0 -1 0 1
8 1 0 0 0 1 0 0 0 1 -1 0 -1 0 0 1 0 -1 0 1
8 1 0 0 0 1 0 0 0 1 1 0 1 0 0 1 0 -1 0 1
8 1 0 0 0 -1 0 0 0 -1 1 0 -1 0 0 -1 0 -1 0 1
8 1 0 0 0 -1 0 0 0 -1 -1 0 1 0 0 -1 0 -1 0 1
8 1 0 0 0 -1 0 0 0 1 -1 0 -1 0 0 -1 0 -1 0 1
8 1 0 0 0 -1 0 0 0 1 1 0 1 0 0 -1 0 -1 0 1
8 1 0 0 0 -1 0 0 0 -1 -1 0 -1 0 0 1 0 -1 0 1
8 1 0 0 0 -1 0 0 0 -1 1 0 1 0 0 1 0 -1 0 1
8 1 0 0 0 -1 0 0 0 1 1 0 -1 0 0 1 0 -1 0 1
8 1 0 0 0 -1 0 0 0 1 -1 0 1 0 0 1 0 -1 0 1
8 1 0 0 0 1 0 0 0 -1 -1 0 -1 0 0 -1 0 1 0 -1
8 1 0 0 0 1 0 0 0 -1 1 0 1 0 0 -1 0 1 0 -1
8 1 0 0 0 1 0 0 0 1 1 0 -1 0 0 -1 0 1 0 -1
8 1 0 0 0 1 0 0 0 1 -1 0 1 0 0 -1 0 1 0 -1
8 1 0 0 0 1 0 0 0 -1 1 0 -1 0 0 1 0 1 0 -1
8 1 0 0 0 1 0 0 0 -1 -1 0 1 0 0 1 0 1 0 -1
8 1 0 0 0 1 0 0 0 1 -1 0 -1 0 0 1 0 1 0 -1
8 1 0 0 0 1 0 0 0 1 1 0 1 0 0 1 0 1 0 -1
8 1 0 0 0 -1 0 0 0 -1 1 0 -1 0 0 -1 0 1 0 -1
8 1 0 0 0 -1 0 0 0 -1 -1 0 1 0 0 -1 0 1 0 -1
8 1 0 0 0 -1 0 0 0 1 -1 0 -1 0 0 -1 0 1 0 -1
8 1 0 0 0 -1 0 0 0 1 1 0 1 0 0 -1 0 1 0 -1
8 1 0 0 0 -1 0 0 0 -1 -1 0 -1 0 0 1 0 1 0 -1
8 1 0 0 0 -1 0 0 0 -1 1 0 1 0 0 1 0 1 0 -1
8 1 0 0 0 -1 0 0 0 1 1 0 -1 0 0 1 0 1 0 -1
8 1 0 0 0 -1 0 0 0 1 -1 0 1 0 0 1 0 1 0 -1
8 -1 0 0 0 1 0 0 0 -1 1 0 -1 0 0 -1 0 -1 0 1
8 -1 0 0 0 1 0 0 0 -1 -1 0 1 0 0 -1 0 -1 0 1
8 -1 0 0 0 1 0 0 0 1 -1 0 -1 0 0 -1 0 -1 0 1
8 -1 0 0 0 1 0 0 0 1 1 0 1 0 0 -1 0 -1 0 1
8 -1 0 0 0 1 0 0 0 -1 -1 0 -1 0 0 1 0 -1 0 1
8 -1 0 0 0 1 0 0 0 -1 1 0 1 0 0 1 0 -1 0 1
8 -1 0 0 0 1 0 0 0 1 1 0 -1 0 0 1 0 -1 0 1
8 -1 0 0 0 1 0 0 0 1 -1 0 1 0 0 1 0 -1 0 1
8 -1 0 0 0 -1 0 0 0 -1 -1 0 -1 0 0 -1 0 -1 0 1
8 -1 0 0 0 -1 0 0 0 -1 1 0 1 0 0 -1 0 -1 0 1
8 -1 0 0 0 -1 0 0 0 1 1 0 -1 0 0 -1 0 -1 0 1
8 -1 0 0 0 -1 0 0 0 1 -1 0 1 0 0 -1 0 -1 0 1
8 -1 0 0 0 -1 0 0 0 -1 1 0 -1 0 0 1 0 -1 0 1
8 -1 0 0 0 -1 0 0 0 -1 -1 0 1 0 0 1 0 -1 0 1
8 -1 0 0 0 -1 0 0 0 1 -1 0 -1 0 0 1 0 -1 0 1
8 -1 0 0 0 -1 0 0 0 1 1 0 1 0 0 1 0 -1 0 1
8 -1 0 0 0 1 0 0 0 -1 1 0 -1 0 0 -1 0 1 0 -1
8 -1 0 0 0 1 0 0 0 -1 -1 0 1 0 0 -1 0 1 0 -1
8 -1 0 0 0 1 0 0 0 1 -1 0 -1 0 0 -1 0 1 0 -1
8 -1 0 0 0 1 0 0 0 1 1 0 1 0 0 -1 0 1 0 -1
8 -1 0 0 0 1 0 0 0 -1 -1 0 -1 0 0 1 0 1 0 -1
8 -1 0 0 0 1 0 0 0 -1 1 0 1 0 0 1 0 1 0 -1
8 -1 0 0 0 1 0 0 0 1 1 0 -1 0 0 1 0 1 0 -1
8 -1 0 0 0 1 0 0 0 1 -1 0 1 0 0 1 0 1 0 -1
8 -1 0 0 0 -1 0 0 0 -1 -1 0 -1 0 0 -1 0 1 0 -1
8 -1 0 0 0 -1 0 0 0 -1 1 0 1 0 0 -1 0 1 0 -1
8 -1 0 0 0 -1 0 0 0 1 1 0 -1 0 0 -1 0 1 0 -1
8 -1 0 0 0 -1 0 0 0 1 -1 0 1 0 0 -1 0 1 0 -1
8 -1 0 0 0 -1 0 0 0 -1 1 0 -1 0 0 1 0 1 0 -1
8 -1 0 0 0 -1 0 0 0 -1 -1 0 1 0 0 1 0 1 0 -1
8 -1 0 0 0 -1 0 0 0 1 -1 0 -1 0 0 1 0 1 0 -1
8 -1 0 0 0 -1 0 0 0 1 1 0 1 0 0 1 0 1 0 -1
8 0 0 1 1 1 -1 0 1 0 0 0 0 0 -1 0 0 0 -1 -1
8 0 0 1 -1 1 -1 0 1 0 0 0 0 0 1 0 0 0 -1 -1
8 0 0 1 1 -1 -1 0 1 0 0 0 0 0 1 0 0 0 -1 -1
8 0 0 1 -1 -1 -1 0 1 0 0 0 0 0 -1 0 0 0 -1 -1
8 0 0 -1 1 1 -1 0 1 0 0 0 0 0 1 0 0 0 -1 -1
8 0 0 -1 -1 1 -1 0 1 0 0 0 0 0 -1 0 0 0 -1 -1
8 0 0 -1 1 -1 -1 0 1 0 0 0 0 0 -1 0 0 0 -1 -1
8 0 0 -1 -1 -1 -1 0 1 0 0 0 0 0 1 0 0 0 -1 -1
8 0 0 1 1 1 -1 0 1 0 0 0 0 0 -1 0 0 0 1 1
8 0 0 1 -1 1 -1 0 1 0 0 0 0 0 1 0 0 0 1 1
8 0 0 1 1 -1 -1 0 1 0 0 0 0 0 1 0 0 0 1 1
8 0 0 1 -1 -1 -1 0 1 0 0 0 0 0 -1 0 0 0 1 1
8 0 0 -1 1 1 -1 0 1 0 0 0 0 0 1 0 0 0 1 1
8 0 0 -1 -1 1 -1 0 1 0 0 0 0 0 -1 0 0 0 1 1
8 0 0 -1 1 -1 -1 0 1 0 0 0 0 0 -1 0 0 0 1 1
8 0 0 -1 -1 -1 -1 0 1 0 0 0 0 0 1 0 0 0 1 1
8 0 0 1 1 1 -1 0 -1 0 0 0 0 0 1 0 0 0 -1 -1
8 0 0 1 -1 1 -1 0 -1 0 0 0 0 0 -1 0 0 0 -1 -1
8 0 0 1 1 -1 -1 0 -1 0 0 0 0 0 -1 0 0 0 -1 -1
8 0 0 1 -1 -1 -1 0 -1 0 0 0 0 0 1 0 0 0 -1 -1
8 0 0 -1 1 1 -1 0 -1 0 0 0 0 0 -1 0 0 0 -1 -1
8 0 0 -1 -1 1 -1 0 -1 0 0 0 0 0 1 0 0 0 -1 -1
8 0 0 -1 1 -1 -1 0 -1 0 0 0 0 0 1 0 0 0 -1 -1
8 0 0 -1 -1 -1 -1 0 -1 0 0 0 0 0 -1 0 0 0 -1 -1
8 0 0 1 1 1 -1 0 -1 0 0 0 0 0 1 0 0 0 1 1
8 0 0 1 -1 1 -1 0 -1 0 0 0 0 0 -1 0 0 0 1 1
8 0 0 1 1 -1 -1 0 -1 0 0 0 0 0 -1 0 0 0 1 1
8 0 0 1 -1 -1 -1 0 -1 0 0 0 0 0 1 0 0 0 1 1
8 0 0 -1 1 1 -1 0 -1 0 0 0 0 0 -1 0 0 0 1 1
8 0 0 -1 -1 1 -1 0 -1 0 0 0 0 0 1 0 0 0 1 1
8 0 0 -1 1 -1 -1 0 -1 0 0 0 0 0 1 0 0 0 1 1
8 0 0 -1 -1 -1 -1 0 -1 0 0 0 0 0 -1 0 0 0 1 1
8 0 0 1 1 1 1 0 1 0 0 0 0 0 1 0 0 0 -1 -1
8 0 0 1 -1 1 1 0 1 0 0 0 0 0 -1 0 0 0 -1 -1
8 0 0 1 1 -1 1 0 1 0 0 0 0 0 -1 0 0 0 -1 -1
8 0 0 1 -1 -1 1 0 1 0 0 0 0 0 1 0 0 0 -1 -1
8 0 0 -1 1 1 1 0 1 0 0 0 0 0 -1 0 0 0 -1 -1
8 0 0 -1 -1 1 1 0 1 0 0 0 0 0 1 0 0 0 -1 -1
8 0 0 -1 1 -1 1 0 1 0 0 0 0 0 1 0 0 0 -1 -1
8 0 0 -1 -1 -1 1 0 1 0 0 0 0 0 -1 0 0 0 -1 -1
8 0 0 1 1 1 1 0 1 0 0 0 0 0 1 0 0 0 1 1
8 0 0 1 -1 1 1 0 1 0 0 0 0 0 -1 0 0 0 1 1
8 0 0 1 1 -1 1 0 1 0 0 0 0 0 -1 0 0 0 1 1
8 0 0 1 -1 -1 1 0 1 0 0 0 0 0 1 0 0 0 1 1
8 0 0 -1 1 1 1 0 1 0 0 0 0 0 -1 0 0 0 1 1
8 0 0 -1 -1 1 1 0 1 0 0 0 0 0 1 0 0 0 1 1
8 0 0 -1 1 -1 1 0 1 0 0 0 0 0 1 0 0 0 1 1
8 0 0 -1 -1 -1 1 0 1 0 0 0 0 0 -1 0 0 0 1 1
8 0 0 1 1 1 1 0 -1 0 0 0 0 0 -1 0 0 0 -1 -1
8 0 0 1 -1 1 1 0 -1 0 0 0 0 0 1 0 0 0 -1 -1
8 0 0 1 1 -1 1 0 -1 0 0 0 0 0 1 0 0 0 -1 -1
8 0 0 1 -1 -1 1 0 -1 0 0 0 0 0 -1 0 0 0 -1 -1
8 0 0 -1 1 1 1 0 -1 0 0 0 0 0 1 0 0 0 -1 -1
8 0 0 -1 -1 1 1 0 -1 0 0 0 0 0 -1 0 0 0 -1 -1
8 0 0 -1 1 -1 1 0 -1 0 0 0 0 0 -1 0 0 0 -1 -1
8 0 0 -1 -1 -1 1 0 -1 0 0 0 0 0 1 0 0 0 -1 -1
8 0 0 1 1 1 1 0 -1 0 0 0 0 0 -1 0 0 0 1 1
8 0 0 1 -1 1 1 0 -1 0 0 0 0 0 1 0 0 0 1 1
8 0 0 1 1 -1 1 0 -1 0 0 0 0 0 1 0 0 0 1 1
8 0 0 1 -1 -1 1 0 -1 0 0 0 0 0 -1 0 0 0 1 1
8 0 0 -1 1 1 1 0 -1 0 0 0 0 0 1 0 0 0 1 1
8 0 0 -1 -1 1 1 0 -1 0 0 0 0 0 -1 0 0 0 1 1
8 0 0 -1 1 -1 1 0 -1 0 0 0 0 0 -1 0 0 0 1 1
8 0 0 -1 -1 -1 1 0 -1 0 0 0 0 0 1 0 0 0 1 1
8 1 0 1 0 0 0 1 1 0 0 -1 0 0 -1 0 0 -1 1 0
8 1 0 1 0 0 0 1 1 0 0 1 0 0 1 0 0 -1 1 0
8 1 0 1 0 0 0 -1 1 0 0 -1 0 0 1 0 0 -1 1 0
8 1 0 1 0 0 0 -1 1 0 0 1 0 0 -1 0 0 -1 1 0
8 1 0 1 0 0 0 1 1 0 0 -1 0 0 -1 0 0 1 -1 0
8 1 0 1 0 0 0 1 1 0 0 1 0 0 1 0 0 1 -1 0
8 1 0 1 0 0 0 -1 1 0 0 -1 0 0 1 0 0 1 -1 0
8 1 0 1 0 0 0 -1 1 0 0 1 0 0 -1 0 0 1 -1 0
8 -1 0 1 0 0 0 1 1 0 0 -1 0 0 1 0 0 -1 1 0
8 -1 0 1 0 0 0 1 1 0 0 1 0 0 -1 0 0 -1 1 0
8 -1 0 1 0 0 0 -1 1 0 0 -1 0 0 -1 0 0 -1 1 0
8 -1 0 1 0 0 0 -1 1 0 0 1 0 0 1 0 0 -1 1 0
8 -1 0 1 0 0 0 1 1 0 0 -1 0 0 1 0 0 1 -1 0
8 -1 0 1 0 0 0 1 1 0 0 1 0 0 -1 0 0 1 -1 0
8 -1 0 1 0 0 0 -1 1 0 0 -1 0 0 -1 0 0 1 -1 0
8 -1 0 1 0 0 0 -1 1 0 0 1 0 0 1 0 0 1 -1 0
8 1 0 -1 0 0 0 1 1 0 0 -1 0 0 1 0 0 -1 1 0
8 1 0 -1 0 0 0 1 1 0 0 1 0 0 -1 0 0 -1 1 0
8 1 0 -1 0 0 0 -1 1 0 0 -1 0 0 -1 0 0 -1 1 0
8 1 0 -1 0 0 0 -1 1 0 0 1 0 0 1 0 0 -1 1 0
8 1 0 -1 0 0 0 1 1 0 0 -1 0 0 1 0 0 1 -1 0
8 1 0 -1 0 0 0 1 1 0 0 1 0 0 -1 0 0 1 -1 0
8 1 0 -1 0 0 0 -1 1 0 0 -1 0 0 -1 0 0 1 -1 0
8 1 0 -1 0 0 0 -1 1 0 0 1 0 0 1 0 0 1 -1 0
8 -1 0 -1 0 0 0 1 1 0 0 -1 0 0 -1 0 0 -1 1 0
8 -1 0 -1 0 0 0 1 1 0 0 1 0 0 1 0 0 -1 1 0
8 -1 0 -1 0 0 0 -1 1 0 0 -1 0 0 1 0 0 -1 1 0
8 -1 0 -1 0 0 0 -1 1 0 0 1 0 0 -1 0 0 -1 1 0
8 -1 0 -1 0 0 0 1 1 0 0 -1 0 0 -1 0 0 1 -1 0
8 -1 0 -1 0 0 0 1 1 0 0 1 0 0 1 0 0 1 -1 0
8 -1 0 -1 0 0 0 -1 1 0 0 -1 0 0 1 0 0 1 -1 0
8 -1 0 -1 0 0 0 -1 1 0 0 1 0 0 -1 0 0 1 -1 0
8 1 0 1 0 0 0 1 -1 0 0 -1 0 0 1 0 0 -1 1 0
8 1 0 1 0 0 0 1 -1 0 0 1 0 0 -1 0 0 -1 1 0
8 1 0 1 0 0 0 -1 -1 0 0 -1 0 0 -1 0 0 -1 1 0
8 1 0 1 0 0 0 -1 -1 0 0 1 0 0 1 0 0 -1 1 0
8 1 0 1 0 0 0 1 -1 0 0 -1 0 0 1 0 0 1 -1 0
8 1 0 1 0 0 0 1 -1 0 0 1 0 0 -1 0 0 1 -1 0
8 1 0 1 0 0 0 -1 -1 0 0 -1 0 0 -1 0 0 1 -1 0
8 1 0 1 0 0 0 -1 -1 0 0 1 0 0 1 0 0 1 -1 0
8 -1 0 1 0 0 0 1 -1 0 0 -1 0 0 -1 0 0 -1 1 0
8 -1 0 1 0 0 0 1 -1 0 0 1 0 0 1 0 0 -1 1 0
8 -1 0 1 0 0 0 -1 -1 0 0 -1 0 0 1 0 0 -1 1 0
8 -1 0 1 0 0 0 -1 -1 0 0 1 0 0 -1 0 0 -1 1 0
8 -1 0 1 0 0 0 1 -1 0 0 -1 0 0 -1 0 0 1 -1 0
8 -1 0 1 0 0 0 1 -1 0 0 1 0 0 1 0 0 1 -1 0
8 -1 0 1 0 0 0 -1 -1 0 0 -1 0 0 1 0 0 1 -1 0
8 -1 0 1 0 0 0 -1 -1 0 0 1 0 0 -1 0 0 1 -1 0
8 1 0 -1 0 0 0 1 -1 0 0 -1 0 0 -1 0 0 -1 1 0
8 1 0 -1 0 0 0 1 -1 0 0 1 0 0 1 0 0 -1 1 0
8 1 0 -1 0 0 0 -1 -1 0 0 -1 0 0 1 0 0 -1 1 0
8 1 0 -1 0 0 0 -1 -1 0 0 1 0 0 -1 0 0 -1 1 0
8 1 0 -1 0 0 0 1 -1 0 0 -1 0 0 -1 0 0 1 -1 0
8 1 0 -1 0 0 0 1 -1 0 0 1 0 0 1 0 0 1 -1 0
8 1 0 -1 0 0 0 -1 -1 0 0 -1 0 0 1 0 0 1 -1 0
8 1 0 -1 0 0 0 -1 -1 0 0 1 0 0 -1 0 0 1 -1 0
8 -1 0 -1 0 0 0 1 -1 0 0 -1 0 0 1 0 0 -1 1 0
8 -1 0 -1 0 0 0 1 -1 0 0 1 0 0 -1 0 0 -1 1 0
8 -1 0 -1 0 0 0 -1 -1 0 0 -1 0 0 -1 0 0 -1 1 0
8 -1 0 -1 0 0 0 -1 -1 0 0 1 0 0 1 0 0 -1 1 0
8 -1 0 -1 0 0 0 1 -1 0 0 -1 0 0 1 0 0 1 -1 0
8 -1 0 -1 0 0 0 1 -1 0 0 1 0 0 -1 0 0 1 -1 0
8 -1 0 -1 0 0 0 -1 -1 0 0 -1 0 0 -1 0 0 1 -1 0
8 -1 0 -1 0 0 0 -1 -1 0 0 1 0 0 1 0 0 1 -1 0
8 1 0 0 1 1 0 1 0 0 0 0 0 -1 -1 0 0 -1 0 1
8 1 0 0 -1 1 0 1 0 0 0 0 0 -1 1 0 0 -1 0 1
8 1 0 0 1 -1 0 1 0 0 0 0 0 -1 1 0 0 -1 0 1
8 1 0 0 -1 -1 0 1 0 0 0 0 0 -1 -1 0 0 -1 0 1
8 1 0 0 1 1 0 -1 0 0 0 0 0 -1 1 0 0 -1 0 1
8 1 0 0 -1 1 0 -1 0 0 0 0 0 -1 -1 0 0 -1 0 1
8 1 0 0 1 -1 0 -1 0 0 0 0 0 -1 -1 0 0 -1 0 1
8 1 0 0 -1 -1 0 -1 0 0 0 0 0 -1 1 0 0 -1 0 1
8 1 0 0 1 1 0 1 0 0 0 0 0 -1 -1 0 0 1 0 -1
8 1 0 0 -1 1 0 1 0 0 0 0 0 -1 1 0 0 1 0 -1
8 1 0 0 1 -1 0 1 0 0 0 0 0 -1 1 0 0 1 0 -1
8 1 0 0 -1 -1 0 1 0 0 0 0 0 -1 -1 0 0 1 0 -1
8 1 0 0 1 1 0 -1 0 0 0 0 0 -1 1 0 0 1 0 -1
8 1 0 0 -1 1 0 -1 0 0 0 0 0 -1 -1 0 0 1 0 -1
8 1 0 0 1 -1 0 -1 0 0 0 0 0 -1 -1 0 0 1 0 -1
8 1 0 0 -1 -1 0 -1 0 0 0 0 0 -1 1 0 0 1 0 -1
8 1 0 0 1 1 0 1 0 0 0 0 0 1 1 0 0 -1 0 1
8 1 0 0 -1 1 0 1 0 0 0 0 0 1 -1 0 0 -1 0 1
8 1 0 0 1 -1 0 1 0 0 0 0 0 1 -1 0 0 -1 0 1
8 1 0 0 -1 -1 0 1 0 0 0 0 0 1 1 0 0 -1 0 1
8 1 0 0 1 1 0 -1 0 0 0 0 0 1 -1 0 0 -1 0 1
8 1 0 0 -1 1 0 -1 0 0 0 0 0 1 1 0 0 -1 0 1
8 1 0 0 1 -1 0 -1 0 0 0 0 0 1 1 0 0 -1 0 1
8 1 0 0 -1 -1 0 -1 0 0 0 0 0 1 -1 0 0 -1 0 1
8 1 0 0 1 1 0 1 0 0 0 0 0 1 1 0 0 1 0 -1
8 1 0 0 -1 1 0 1 0 0 0 0 0 1 -1 0 0 1 0 -1
8 1 0 0 1 -1 0 1 0 0 0 0 0 1 -1 0 0 1 0 -1
8 1 0 0 -1 -1 0 1 0 0 0 0 0 1 1 0 0 1 0 -1
8 1 0 0 1 1 0 -1 0 0 0 0 0 1 -1 0 0 1 0 -1
8 1 0 0 -1 1 0 -1 0 0 0 0 0 1 1 0 0 1 0 -1
8 1 0 0 1 -1 0 -1 0 0 0 0 0 1 1 0 0 1 0 -1
8 1 0 0 -1 -1 0 -1 0 0 0 0 0 1 -1 0 0 1 0 -1
8 -1 0 0 1 1 0 1 0 0 0 0 0 -1 1 0 0 -1 0 1
8 -1 0 0 -1 1 0 1 0 0 0 0 0 -1 -1 0 0 -1 0 1
8 -1 0 0 1 -1 0 1 0 0 0 0 0 -1 -1 0 0 -1 0 1
8 -1 0 0 -1 -1 0 1 0 0 0 0 0 -1 1 0 0 -1 0 1
8 -1 0 0 1 1 0 -1 0 0 0 0 0 -1 -1 0 0 -1 0 1
8 -1 0 0 -1 1 0 -1 0 0 0 0 0 -1 1 0 0 -1 0 1
8 -1 0 0 1 -1 0 -1 0 0 0 0 0 -1 1 0 0 -1 0 1
8 -1 0 0 -1 -1 0 -1 0 0 0 0 0 -1 -1 0 0 -1 0 1
8 -1 0 0 1 1 0 1 0 0 0 0 0 -1 1 0 0 1 0 -1
8 -1 0 0 -1 1 0 1 0 0 0 0 0 -1 -1 0 0 1 0 -1
8 -1 0 0 1 -1 0 1 0 0 0 0 0 -1 -1 0 0 1 0 -1
8 -1 0 0 -1 -1 0 1 0 0 0 0 0 -1 1 0 0 1 0 -1
8 -1 0 0 1 1 0 -1 0 0 0 0 0 -1 -1 0 0 1 0 -1
8 -1 0 0 -1 1 0 -1 0 0 0 0 0 -1 1 0 0 1 0 -1
8 -1 0 0 1 -1 0 -1 0 0 0 0 0 -1 1 0 0 1 0 -1
8 -1 0 0 -1 -1 0 -1 0 0 0 0 0 -1 -1 0 0 1 0 -1
8 -1 0 0 1 1 0 1 0 0 0 0 0 1 -1 0 0 -1 0 1
8 -1 0 0 -1 1 0 1 0 0 0 0 0 1 1 0 0 -1 0 1
8 -1 0 0 1 -1 0 1 0 0 0 0 0 1 1 0 0 -1 0 1
8 -1 0 0 -1 -1 0 1 0 0 0 0 0 1 -1 0 0 -1 0 1
8 -1 0 0 1 1 0 -1 0 0 0 0 0 1 1 0 0 -1 0 1
8 -1 0 0 -1 1 0 -1 0 0 0 0 0 1 -1 0 0 -1 0 1
8 -1 0 0 1 -1 0 -1 0 0 0 0 0 1 -1 0 0 -1 0 1
8 -1 0 0 -1 -1 0 -1 0 0 0 0 0 1 1 0 0 -1 0 1
8 -1 0 0 1 1 0 1 0 0 0 0 0 1 -1 0 0 1 0 -1
8 -1 0 0 -1 1 0 1 0 0 0 0 0 1 1 0 0 1 0 -1
8 -1 0 0 1 -1 0 1 0 0 0 0 0 1 1 0 0 1 0 -1
8 -1 0 0 -1 -1 0 1 0 0 0 0 0 1 -1 0 0 1 0 -1
8 -1 0 0 1 1 0 -1 0 0 0 0 0 1 1 0 0 1 0 -1
8 -1 0 0 -1 1 0 -1 0 0 0 0 0 1 -1 0 0 1 0 -1
8 -1 0 0 1 -1 0 -1 0 0 0 0 0 1 -1 0 0 1 0 -1
8 -1 0 0 -1 -1 0 -1 0 0 0 0 0 1 1 0 0 1 0 -1
8 0 -1 0 1 1 -1 0 0 0 0 -1 0 -1 1 -1 0 0 0 0
8 0 -1 0 1 1 -1 0 0 0 0 -1 0 -1 -1 1 0 0 0 0
8 0 -1 0 -1 1 -1 0 0 0 0 -1 0 -1 -1 -1 0 0 0 0
8 0 -1 0 -1 1 -1 0 0 0 0 -1 0 -1 1 1 0 0 0 0
8 0 -1 0 1 -1 -1 0 0 0 0 -1 0 -1 -1 -1 0 0 0 0
8 0 -1 0 1 -1 -1 0 0 0 0 -1 0 -1 1 1 0 0 0 0
8 0 -1 0 -1 -1 -1 0 0 0 0 -1 0 -1 1 -1 0 0 0 0
8 0 -1 0 -1 -1 -1 0 0 0 0 -1 0 -1 -1 1 0 0 0 0
8 0 -1 0 1 1 -1 0 0 0 0 1 0 -1 -1 -1 0 0 0 0
8 0 -1 0 1 1 -1 0 0 0 0 1 0 -1 1 1 0 0 0 0
8 0 -1 0 -1 1 -1 0 0 0 0 1 0 -1 1 -1 0 0 0 0
8 0 -1 0 -1 1 -1 0 0 0 0 1 0 -1 -1 1 0 0 0 0
8 0 -1 0 1 -1 -1 0 0 0 0 1 0 -1 1 -1 0 0 0 0
8 0 -1 0 1 -1 -1 0 0 0 0 1 0 -1 -1 1 0 0 0 0
8 0 -1 0 -1 -1 -1 0 0 0 0 1 0 -1 -1 -1 0 0 0 0
8 0 -1 0 -1 -1 -1 0 0 0 0 1 0 -1 1 1 0 0 0 0
8 0 -1 0 1 1 -1 0 0 0 0 -1 0 1 -1 -1 0 0 0 0
8 0 -1 0 1 1 -1 0 0 0 0 -1 0 1 1 1 0 0 0 0
8 0 -1 0 -1 1 -1 0 0 0 0 -1 0 1 1 -1 0 0 0 0
8 0 -1 0 -1 1 -1 0 0 0 0 -1 0 1 -1 1 0 0 0 0
8 0 -1 0 1 -1 -1 0 0 0 0 -1 0 1 1 -1 0 0 0 0
8 0 -1 0 1 -1 -1 0 0 0 0 -1 0 1 -1 1 0 0 0 0
8 0 -1 0 -1 -1 -1 0 0 0 0 -1 0 1 -1 -1 0 0 0 0
8 0 -1 0 -1 -1 -1 0 0 0 0 -1 0 1 1 1 0 0 0 0
8 0 -1 0 1 1 -1 0 0 0 0 1 0 1 1 -1 0 0 0 0
8 0 -1 0 1 1 -1 0 0 0 0 1 0 1 -1 1 0 0 0 0
8 0 -1 0 -1 1 -1 0 0 0 0 1 0 1 -1 -1 0 0 0 0
8 0 -1 0 -1 1 -1 0 0 0 0 1 0 1 1 1 0 0 0 0
8 0 -1 0 1 -1 -1 0 0 0 0 1 0 1 -1 -1 0 0 0 0
8 0 -1 0 1 -1 -1 0 0 0 0 1 0 1 1 1 0 0 0 0
8 0 -1 0 -1 -1 -1 0 0 0 0 1 0 1 1 -1 0 0 0 0
8 0 -1 0 -1 -1 -1 0 0 0 0 1 0 1 -1 1 0 0 0 0
8 0 1 0 1 1 -1 0 0 0 0 -1 0 -1 -1 -1 0 0 0 0
8 0 1 0 1 1 -1 0 0 0 0 -1 0 -1 1 1 0 0 0 0
8 0 1 0 -1 1 -1 0 0 0 0 -1 0 -1 1 -1 0 0 0 0
8 0 1 0 -1 1 -1 0 0 0 0 -1 0 -1 -1 1 0 0 0 0
8 0 1 0 1 -1 -1 0 0 0 0 -1 0 -1 1 -1 0 0 0 0
8 0 1 0 1 -1 -1 0 0 0 0 -1 0 -1 -1 1 0 0 0 0
8 0 1 0 -1 -1 -1 0 0 0 0 -1 0 -1 -1 -1 0 0 0 0
8 0 1 0 -1 -1 -1 0 0 0 0 -1 0 -1 1 1 0 0 0 0
8 0 1 0 1 1 -1 0 0 0 0 1 0 -1 1 -1 0 0 0 0
8 0 1 0 1 1 -1 0 0 0 0 1 0 -1 -1 1 0 0 0 0
8 0 1 0 -1 1 -1 0 0 0 0 1 0 -1 -1 -1 0 0 0 0
8 0 1 0 -1 1 -1 0 0 0 0 1 0 -1 1 1 0 0 0 0
8 0 1 0 1 -1 -1 0 0 0 0 1 0 -1 -1 -1 0 0 0 0
8 0 1 0 1 -1 -1 0 0 0 0 1 0 -1 1 1 0 0 0 0
8 0 1 0 -1 -1 -1 0 0 0 0 1 0 -1 1 -1 0 0 0 0
8 0 1 0 -1 -1 -1 0 0 0 0 1 0 -1 -1 1 0 0 0 0
8 0 1 0 1 1 -1 0 0 0 0 -1 0 1 1 -1 0 0 0 0
8 0 1 0 1 1 -1 0 0 0 0 -1 0 1 -1 1 0 0 0 0
8 0 1 0 -1 1 -1 0 0 0 0 -1 0 1 -1 -1 0 0 0 0
8 0 1 0 -1 1 -1 0 0 0 0 -1 0 1 1 1 0 0 0 0
8 0 1 0 1 -1 -1 0 0 0 0 -1 0 1 -1 -1 0 0 0 0
8 0 1 0 1 -1 -1 0 0 0 0 -1 0 1 1 1 0 0 0 0
8 0 1 0 -1 -1 -1 0 0 0 0 -1 0 1 1 -1 0 0 0 0
8 0 1 0 -1 -1 -1 0 0 0 0 -1 0 1 -1 1 0 0 0 0
8 0 1 0 1 1 -1 0 0 0 0 1 0 1 -1 -1 0 0 0 0
8 0 1 0 1 1 -1 0 0 0 0 1 0 1 1 1 0 0 0 0
8 0 1 0 -1 1 -1 0 0 0 0 1 0 1 1 -1 0 0 0 0
8 0 1 0 -1 1 -1 0 0 0 0 1 0 1 -1 1 0 0 0 0
8 0 1 0 1 -1 -1 0 0 0 0 1 0 1 1 -1 0 0 0 0
8 0 1 0 1 -1 -1 0 0 0 0 1 0 1 -1 1 0 0 0 0
8 0 1 0 -1 -1 -1 0 0 0 0 1 0 1 -1 -1 0 0 0 0
8 0 1 0 -1 -1 -1 0 0 0 0 1 0 1 1 1 0 0 0 0
8 0 -1 0 1 1 1 0 0 0 0 -1 0 -1 -1 -1 0 0 0 0
8 0 -1 0 1 1 1 0 0 0 0 -1 0 -1 1 1 0 0 0 0
8 0 -1 0 -1 1 1 0 0 0 0 -1 0 -1 1 -1 0 0 0 0
8 0 -1 0 -1 1 1 0 0 0 0 -1 0 -1 -1 1 0 0 0 0
8 0 -1 0 1 -1 1 0 0 0 0 -1 0 -1 1 -1 0 0 0 0
8 0 -1 0 1 -1 1 0 0 0 0 -1 0 -1 -1 1 0 0 0 0
8 0 -1 0 -1 -1 1 0 0 0 0 -1 0 -1 -1 -1 0 0 0 0
8 0 -1 0 -1 -1 1 0 0 0 0 -1 0 -1 1 1 0 0 0 0
8 0 -1 0 1 1 1 0 0 0 0 1 0 -1 1 -1 0 0 0 0
8 0 -1 0 1 1 1 0 0 0 0 1 0 -1 -1 1 0 0 0 0
8 0 -1 0 -1 1 1 0 0 0 0 1 0 -1 -1 -1 0 0 0 0
8 0 -1 0 -1 1 1 0 0 0 0 1 0 -1 1 1 0 0 0 0
8 0 -1 0 1 -1 1 0 0 0 0 1 0 -1 -1 -1 0 0 0 0
8 0 -1 0 1 -1 1 0 0 0 0 1 0 -1 1 1 0 0 0 0
8 0 -1 0 -1 -1 1 0 0 0 0 1 0 -1 1 -1 0 0 0 0
8 0 -1 0 -1 -1 1 0 0 0 0 1 0 -1 -1 1 0 0 0 0
8 0 -1 0 1 1 1 0 0 0 0 -1 0 1 1 -1 0 0 0 0
8 0 -1 0 1 1 1 0 0 0 0 -1 0 1 -1 1 0 0 0 0
8 0 -1 0 -1 1 1 0 0 0 0 -1 0 1 -1 -1 0 0 0 0
8 0 -1 0 -1 1 1 0 0 0 0 -1 0 1 1 1 0 0 0 0
8 0 -1 0 1 -1 1 0 0 0 0 -1 0 1 -1 -1 0 0 0 0
8 0 -1 0 1 -1 1 0 0 0 0 -1 0 1 1 1 0 0 0 0
8 0 -1 0 -1 -1 1 0 0 0 0 -1 0 1 1 -1 0 0 0 0
8 0 -1 0 -1 -1 1 0 0 0 0 -1 0 1 -1 1 0 0 0 0
8 0 -1 0 1 1 1 0 0 0 0 1 0 1 -1 -1 0 0 0 0
8 0 -1 0 1 1 1 0 0 0 0 1 0 1 1 1 0 0 0 0
8 0 -1 0 -1 1 1 0 0 0 0 1 0 1 1 -1 0 0 0 0
8 0 -1 0 -1 1 1 0 0 0 0 1 0 1 -1 1 0 0 0 0
8 0 -1 0 1 -1 1 0 0 0 0 1 0 1 1 -1 0 0 0 0
8 0 -1 0 1 -1 1 0 0 0 0 1 0 1 -1 1 0 0 0 0
8 0 -1 0 -1 -1 1 0 0 0 0 1 0 1 -1 -1 0 0 0 0
8 0 -1 0 -1 -1 1 0 0 0 0 1 0 1 1 1 0 0 0 0
8 0 1 0 1 1 1 0 0 0 0 -1 0 -1 1 -1 0 0 0 0
8 0 1 0 1 1 1 0 0 0 0 -1 0 -1 -1 1 0 0 0 0
8 0 1 0 -1 1 1 0 0 0 0 -1 0 -1 -1 -1 0 0 0 0
8 0 1 0 -1 1 1 0 0 0 0 -1 0 -1 1 1 0 0 0 0
8 0 1 0 1 -1 1 0 0 0 0 -1 0 -1 -1 -1 0 0 0 0
8 0 1 0 1 -1 1 0 0 0 0 -1 0 -1 1 1 0 0 0 0
8 0 1 0 -1 -1 1 0 0 0 0 -1 0 -1 1 -1 0 0 0 0
8 0 1 0 -1 -1 1 0 0 0 0 -1 0 -1 -1 1 0 0 0 0
8 0 1 0 1 1 1 0 0 0 0 1 0 -1 -1 -1 0 0 0 0
8 0 1 0 1 1 1 0 0 0 0 1 0 -1 1 1 0 0 0 0
8 0 1 0 -1 1 1 0 0 0 0 1 0 -1 1 -1 0 0 0 0
8 0 1 0 -1 1 1 0 0 0 0 1 0 -1 -1 1 0 0 0 0
8 0 1 0 1 -1 1 0 0 0 0 1 0 -1 1 -1 0 0 0 0
8 0 1 0 1 -1 1 0 0 0 0 1 0 -1 -1 1 0 0 0 0
8 0 1 0 -1 -1 1 0 0 0 0 1 0 -1 -1 -1 0 0 0 0
8 0 1 0 -1 -1 1 0 0 0 0 1 0 -1 1 1 0 0 0 0
8 0 1 0 1 1 1 0 0 0 0 -1 0 1 -1 -1 0 0 0 0
8 0 1 0 1 1 1 0 0 0 0 -1 0 1 1 1 0 0 0 0
8 0 1 0 -1 1 1 0 0 0 0 -1 0 1 1 -1 0 0 0 0
8 0 1 0 -1 1 1 0 0 0 0 -1 0 1 -1 1 0 0 0 0
8 0 1 0 1 -1 1 0 0 0 0 -1 0 1 1 -1 0 0 0 0
8 0 1 0 1 -1 1 0 0 0 0 -1 0 1 -1 1 0 0 0 0
8 0 1 0 -1 -1 1 0 0 0 0 -1 0 1 -1 -1 0 0 0 0
8 0 1 0 -1 -1 1 0 0 0 0 -1 0 1 1 1 0 0 0 0
8 0 1 0 1 1 1 0 0 0 0 1 0 1 1 -1 0 0 0 0
8 0 1 0 1 1 1 0 0 0 0 1 0 1 -1 1 0 0 0 0
8 0 1 0 -1 1 1 0 0 0 0 1 0 1 -1 -1 0 0 0 0
8 0 1 0 -1 1 1 0 0 0 0 1 0 1 1 1 0 0 0 0
8 0 1 0 1 -1 1 0 0 0 0 1 0 1 -1 -1 0 0 0 0
8 0 1 0 1 -1 1 0 0 0 0 1 0 1 1 1 0 0 0 0
8 0 1 0 -1 -1 1 0 0 0 0 1 0 1 1 -1 0 0 0 0
8 0 1 0 -1 -1 1 0 0 0 0 1 0 1 -1 1 0 0 0 0
8 1 -1 0 0 0 0 1 0 0 0 0 0 -1 -1 -1 0 -1 0 -1
8 1 -1 0 0 0 0 1 0 0 0 0 0 -1 1 1 0 -1 0 -1
8 1 -1 0 0 0 0 -1 0 0 0 0 0 -1 1 -1 0 -1 0 -1
8 1 -1 0 0 0 0 -1 0 0 0 0 0 -1 -1 1 0 -1 0 -1
8 1 -1 0 0 0 0 1 0 0 0 0 0 1 1 -1 0 -1 0 -1
8 1 -1 0 0 0 0 1 0 0 0 0 0 1 -1 1 0 -1 0 -1
8 1 -1 0 0 0 0 -1 0 0 0 0 0 1 -1 -1 0 -1 0 -1
8 1 -1 0 0 0 0 -1 0 0 0 0 0 1 1 1 0 -1 0 -1
8 -1 -1 0 0 0 0 1 0 0 0 0 0 -1 1 -1 0 -1 0 -1
8 -1 -1 0 0 0 0 1 0 0 0 0 0 -1 -1 1 0 -1 0 -1
8 -1 -1 0 0 0 0 -1 0 0 0 0 0 -1 -1 -1 0 -1 0 -1
8 -1 -1 0 0 0 0 -1 0 0 0 0 0 -1 1 1 0 -1 0 -1
8 -1 -1 0 0 0 0 1 0 0 0 0 0 1 -1 -1 0 -1 0 -1
8 -1 -1 0 0 0 0 1 0 0 0 0 0 1 1 1 0 -1 0 -1
8 -1 -1 0 0 0 0 -1 0 0 0 0 0 1 1 -1 0 -1 0 -1
8 -1 -1 0 0 0 0 -1 0 0 0 0 0 1 -1 1 0 -1 0 -1
8 1 1 0 0 0 0 1 0 0 0 0 0 -1 1 -1 0 -1 0 -1
8 1 1 0 0 0 0 1 0 0 0 0 0 -1 -1 1 0 -1 0 -1
8 1 1 0 0 0 0 -1 0 0 0 0 0 -1 -1 -1 0 -1 0 -1
8 1 1 0 0 0 0 -1 0 0 0 0 0 -1 1 1 0 -1 0 -1
8 1 1 0 0 0 0 1 0 0 0 0 0 1 -1 -1 0 -1 0 -1
8 1 1 0 0 0 0 1 0 0 0 0 0 1 1 1 0 -1 0 -1
8 1 1 0 0 0 0 -1 0 0 0 0 0 1 1 -1 0 -1 0 -1
8 1 1 0 0 0 0 -1 0 0 0 0 0 1 -1 1 0 -1 0 -1
8 -1 1 0 0 0 0 1 0 0 0 0 0 -1 -1 -1 0 -1 0 -1
8 -1 1 0 0 0 0 1 0 0 0 0 0 -1 1 1 0 -1 0 -1
8 -1 1 0 0 0 0 -1 0 0 0 0 0 -1 1 -1 0 -1 0 -1
8 -1 1 0 0 0 0 -1 0 0 0 0 0 -1 -1 1 0 -1 0 -1
8 -1 1 0 0 0 0 1 0 0 0 0 0 1 1 -1 0 -1 0 -1
8 -1 1 0 0 0 0 1 0 0 0 0 0 1 -1 1 0 -1 0 -1
8 -1 1 0 0 0 0 -1 0 0 0 0 0 1 -1 -1 0 -1 0 -1
8 -1 1 0 0 0 0 -1 0 0 0 0 0 1 1 1 0 -1 0 -1
8 1 -1 0 0 0 0 1 0 0 0 0 0 -1 -1 -1 0 1 0 1
8 1 -1 0 0 0 0 1 0 0 0 0 0 -1 1 1 0 1 0 1
8 1 -1 0 0 0 0 -1 0 0 0 0 0 -1 1 -1 0 1 0 1
8 1 -1 0 0 0 0 -1 0 0 0 0 0 -1 -1 1 0 1 0 1
8 1 -1 0 0 0 0 1 0 0 0 0 0 1 1 -1 0 1 0 1
8 1 -1 0 0 0 0 1 0 0 0 0 0 1 -1 1 0 1 0 1
8 1 -1 0 0 0 0 -1 0 0 0 0 0 1 -1 -1 0 1 0 1
8 1 -1 0 0 0 0 -1 0 0 0 0 0 1 1 1 0 1 0 1
8 -1 -1 0 0 0 0 1 0 0 0 0 0 -1 1 -1 0 1 0 1
8 -1 -1 0 0 0 0 1 0 0 0 0 0 -1 -1 1 0 1 0 1
8 -1 -1 0 0 0 0 -1 0 0 0 0 0 -1 -1 -1 0 1 0 1
8 -1 -1 0 0 0 0 -1 0 0 0 0 0 -1 1 1 0 1 0 1
8 -1 -1 0 0 0 0 1 0 0 0 0 0 1 -1 -1 0 1 0 1
8 -1 -1 0 0 0 0 1 0 0 0 0 0 1 1 1 0 1 0 1
8 -1 -1 0 0 0 0 -1 0 0 0 0 0 1 1 -1 0 1 0 1
8 -1 -1 0 0 0 0 -1 0 0 0 0 0 1 -1 1 0 1 0 1
8 1 1 0 0 0 0 1 0 0 0 0 0 -1 1 -1 0 1 0 1
8 1 1 0 0 0 0 1 0 0 0 0 0 -1 -1 1 0 1 0 1
8 1 1 0 0 0 0 -1 0 0 0 0 0 -1 -1 -1 0 1 0 1
8 1 1 0 0 0 0 -1 0 0 0 0 0 -1 1 1 0 1 0 1
8 1 1 0 0 0 0 1 0 0 0 0 0 1 -1 -1 0 1 0 1
8 1 1 0 0 0 0 1 0 0 0 0 0 1 1 1 0 1 0 1
8 1 1 0 0 0 0 -1 0 0 0 0 0 1 1 -1 0 1 0 1
8 1 1 0 0 0 0 -1 0 0 0 0 0 1 -1 1 0 1 0 1
8 -1 1 0 0 0 0 1 0 0 0 0 0 -1 -1 -1 0 1 0 1
8 -1 1 0 0 0 0 1 0 0 0 0 0 -1 1 1 0 1 0 1
8 -1 1 0 0 0 0 -1 0 0 0 0 0 -1 1 -1 0 1 0 1
8 -1 1 0 0 0 0 -1 0 0 0 0 0 -1 -1 1 0 1 0 1
8 -1 1 0 0 0 0 1 0 0 0 0 0 1 1 -1 0 1 0 1
8 -1 1 0 0 0 0 1 0 0 0 0 0 1 -1 1 0 1 0 1
8 -1 1 0 0 0 0 -1 0 0 0 0 0 1 -1 -1 0 1 0 1
8 -1 1 0 0 0 0 -1 0 0 0 0 0 1 1 1 0 1 0 1
8 0 -1 1 0 0 -1 0 1 0 0 0 0 0 -1 -1 0 0 -1 1
8 0 -1 1 0 0 -1 0 1 0 0 0 0 0 1 1 0 0 -1 1
8 0 -1 1 0 0 -1 0 1 0 0 0 0 0 -1 -1 0 0 1 -1
8 0 -1 1 0 0 -1 0 1 0 0 0 0 0 1 1 0 0 1 -1
8 0 1 1 0 0 -1 0 1 0 0 0 0 0 1 -1 0 0 -1 1
8 0 1 1 0 0 -1 0 1 0 0 0 0 0 -1 1 0 0 -1 1
8 0 1 1 0 0 -1 0 1 0 0 0 0 0 1 -1 0 0 1 -1
8 0 1 1 0 0 -1 0 1 0 0 0 0 0 -1 1 0 0 1 -1
8 0 -1 -1 0 0 -1 0 1 0 0 0 0 0 1 -1 0 0 -1 1
8 0 -1 -1 0 0 -1 0 1 0 0 0 0 0 -1 1 0 0 -1 1
8 0 -1 -1 0 0 -1 0 1 0 0 0 0 0 1 -1 0 0 1 -1
8 0 -1 -1 0 0 -1 0 1 0 0 0 0 0 -1 1 0 0 1 -1
8 0 1 -1 0 0 -1 0 1 0 0 0 0 0 -1 -1 0 0 -1 1
8 0 1 -1 0 0 -1 0 1 0 0 0 0 0 1 1 0 0 -1 1
8 0 1 -1 0 0 -1 0 1 0 0 0 0 0 -1 -1 0 0 1 -1
8 0 1 -1 0 0 -1 0 1 0 0 0 0 0 1 1 0 0 1 -1
8 0 -1 1 0 0 -1 0 -1 0 0 0 0 0 1 -1 0 0 -1 1
8 0 -1 1 0 0 -1 0 -1 0 0 0 0 0 -1 1 0 0 -1 1
8 0 -1 1 0 0 -1 0 -1 0 0 0 0 0 1 -1 0 0 1 -1
8 0 -1 1 0 0 -1 0 -1 0 0 0 0 0 -1 1 0 0 1 -1
8 0 1 1 0 0 -1 0 -1 0 0 0 0 0 -1 -1 0 0 -1 1
8 0 1 1 0 0 -1 0 -1 0 0 0 0 0 1 1 0 0 -1 1
8 0 1 1 0 0 -1 0 -1 0 0 0 0 0 -1 -1 0 0 1 -1
8 0 1 1 0 0 -1 0 -1 0 0 0 0 0 1 1 0 0 1 -1
8 0 -1 -1 0 0 -1 0 -1 0 0 0 0 0 -1 -1 0 0 -1 1
8 0 -1 -1 0 0 -1 0 -1 0 0 0 0 0 1 1 0 0 -1 1
8 0 -1 -1 0 0 -1 0 -1 0 0 0 0 0 -1 -1 0 0 1 -1
8 0 -1 -1 0 0 -1 0 -1 0 0 0 0 0 1 1 0 0 1 -1
8 0 1 -1 0 0 -1 0 -1 0 0 0 0 0 1 -1 0 0 -1 1
8 0 1 -1 0 0 -1 0 -1 0 0 0 0 0 -1 1 0 0 -1 1
8 0 1 -1 0 0 -1 0 -1 0 0 0 0 0 1 -1 0 0 1 -1
8 0 1 -1 0 0 -1 0 -1 0 0 0 0 0 -1 1 0 0 1 -1
8 0 -1 1 0 0 1 0 1 0 0 0 0 0 1 -1 0 0 -1 1
8 0 -1 1 0 0 1 0 1 0 0 0 0 0 -1 1 0 0 -1 1
8 0 -1 1 0 0 1 0 1 0 0 0 0 0 1 -1 0 0 1 -1
8 0 -1 1 0 0 1 0 1 0 0 0 0 0 -1 1 0 0 1 -1
8 0 1 1 0 0 1 0 1 0 0 0 0 0 -1 -1 0 0 -1 1
8 0 1 1 0 0 1 0 1 0 0 0 0 0 1 1 0 0 -1 1
8 0 1 1 0 0 1 0 1 0 0 0 0 0 -1 -1 0 0 1 -1
8 0 1 1 0 0 1 0 1 0 0 0 0 0 1 1 0 0 1 -1
8 0 -1 -1 0 0 1 0 1 0 0 0 0 0 -1 -1 0 0 -1 1
8 0 -1 -1 0 0 1 0 1 0 0 0 0 0 1 1 0 0 -1 1
8 0 -1 -1 0 0 1 0 1 0 0 0 0 0 -1 -1 0 0 1 -1
8 0 -1 -1 0 0 1 0 1 0 0 0 0 0 1 1 0 0 1 -1
8 0 1 -1 0 0 1 0 1 0 0 0 0 0 1 -1 0 0 -1 1
8 0 1 -1 0 0 1 0 1 0 0 0 0 0 -1 1 0 0 -1 1
8 0 1 -1 0 0 1 0 1 0 0 0 0 0 1 -1 0 0 1 -1
8 0 1 -1 0 0 1 0 1 0 0 0 0 0 -1 1 0 0 1 -1
8 0 -1 1 0 0 1 0 -1 0 0 0 0 0 -1 -1 0 0 -1 1
8 0 -1 1 0 0 1 0 -1 0 0 0 0 0 1 1 0 0 -1 1
8 0 -1 1 0 0 1 0 -1 0 0 0 0 0 -1 -1 0 0 1 -1
8 0 -1 1 0 0 1 0 -1 0 0 0 0 0 1 1 0 0 1 -1
8 0 1 1 0 0 1 0 -1 0 0 0 0 0 1 -1 0 0 -1 1
8 0 1 1 0 0 1 0 -1 0 0 0 0 0 -1 1 0 0 -1 1
8 0 1 1 0 0 1 0 -1 0 0 0 0 0 1 -1 0 0 1 -1
8 0 1 1 0 0 1 0 -1 0 0 0 0 0 -1 1 0 0 1 -1
8 0 -1 -1 0 0 1 0 -1 0 0 0 0 0 1 -1 0 0 -1 1
8 0 -1 -1 0 0 1 0 -1 0 0 0 0 0 -1 1 0 0 -1 1
8 0 -1 -1 0 0 1 0 -1 0 0 0 0 0 1 -1 0 0 1 -1
8 0 -1 -1 0 0 1 0 -1 0 0 0 0 0 -1 1 0 0 1 -1
8 0 1 -1 0 0 1 0 -1 0 0 0 0 0 -1 -1 0 0 -1 1
8 0 1 -1 0 0 1 0 -1 0 0 0 0 0 1 1 0 0 -1 1
8 0 1 -1 0 0 1 0 -1 0 0 0 0 0 -1 -1 0 0 1 -1
8 0 1 -1 0 0 1 0 -1 0 0 0 0 0 1 1 0 0 1 -1
8 1 -1 0 1 0 -1 1 1 -1 0 0 0 0 1 0 0 0 0 0
8 1 -1 0 1 0 -1 1 1 1 0 0 0 0 -1 0 0 0 0 0
8 1 -1 0 -1 0 -1 1 1 -1 0 0 0 0 -1 0 0 0 0 0
8 1 -1 0 -1 0 -1 1 1 1 0 0 0 0 1 0 0 0 0 0
8 1 -1 0 1 0 -1 -1 1 -1 0 0 0 0 -1 0 0 0 0 0
8 1 -1 0 1 0 -1 -1 1 1 0 0 0 0 1 0 0 0 0 0
8 1 -1 0 -1 0 -1 -1 1 -1 0 0 0 0 1 0 0 0 0 0
8 1 -1 0 -1 0 -1 -1 1 1 0 0 0 0 -1 0 0 0 0 0
8 -1 -1 0 1 0 -1 1 1 -1 0 0 0 0 -1 0 0 0 0 0
8 -1 -1 0 1 0 -1 1 1 1 0 0 0 0 1 0 0 0 0 0
8 -1 -1 0 -1 0 -1 1 1 -1 0 0 0 0 1 0 0 0 0 0
8 -1 -1 0 -1 0 -1 1 1 1 0 0 0 0 -1 0 0 0 0 0
8 -1 -1 0 1 0 -1 -1 1 -1 0 0 0 0 1 0 0 0 0 0
8 -1 -1 0 1 0 -1 -1 1 1 0 0 0 0 -1 0 0 0 0 0
8 -1 -1 0 -1 0 -1 -1 1 -1 0 0 0 0 -1 0 0 0 0 0
8 -1 -1 0 -1 0 -1 -1 1 1 0 0 0 0 1 0 0 0 0 0
8 1 1 0 1 0 -1 1 1 -1 0 0 0 0 -1 0 0 0 0 0
8 1 1 0 1 0 -1 1 1 1 0 0 0 0 1 0 0 0 0 0
8 1 1 0 -1 0 -1 1 1 -1 0 0 0 0 1 0 0 0 0 0
8 1 1 0 -1 0 -1 1 1 1 0 0 0 0 -1 0 0 0 0 0
8 1 1 0 1 0 -1 -1 1 -1 0 0 0 0 1 0 0 0 0 0
8 1 1 0 1 0 -1 -1 1 1 0 0 0 0 -1 0 0 0 0 0
8 1 1 0 -1 0 -1 -1 1 -1 0 0 0 0 -1 0 0 0 0 0
8 1 1 0 -1 0 -1 -1 1 1 0 0 0 0 1 0 0 0 0 0
8 -1 1 0 1 0 -1 1 1 -1 0 0 0 0 1 0 0 0 0 0
8 -1 1 0 1 0 -1 1 1 1 0 0 0 0 -1 0 0 0 0 0
8 -1 1 0 -1 0 -1 1 1 -1 0 0 0 0 -1 0 0 0 0 0
8 -1 1 0 -1 0 -1 1 1 1 0 0 0 0 1 0 0 0 0 0
8 -1 1 0 1 0 -1 -1 1 -1 0 0 0 0 -1 0 0 0 0 0
8 -1 1 0 1 0 -1 -1 1 1 0 0 0 0 1 0 0 0 0 0
8 -1 1 0 -1 0 -1 -1 1 -1 0 0 0 0 1 0 0 0 0 0
8 -1 1 0 -1 0 -1 -1 1 1 0 0 0 0 -1 0 0 0 0 0
8 1 -1 0 1 0 -1 1 -1 -1 0 0 0 0 -1 0 0 0 0 0
8 1 -1 0 1 0 -1 1 -1 1 0 0 0 0 1 0 0 0 0 0
8 1 -1 0 -1 0 -1 1 -1 -1 0 0 0 0 1 0 0 0 0 0
8 1 -1 0 -1 0 -1 1 -1 1 0 0 0 0 -1 0 0 0 0 0
8 1 -1 0 1 0 -1 -1 -1 -1 0 0 0 0 1 0 0 0 0 0
8 1 -1 0 1 0 -1 -1 -1 1 0 0 0 0 -1 0 0 0 0 0
8 1 -1 0 -1 0 -1 -1 -1 -1 0 0 0 0 -1 0 0 0 0 0
8 1 -1 0 -1 0 -1 -1 -1 1 0 0 0 0 1 0 0 0 0 0
8 -1 -1 0 1 0 -1 1 -1 -1 0 0 0 0 1 0 0 0 0 0
8 -1 -1 0 1 0 -1 1 -1 1 0 0 0 0 -1 0 0 0 0 0
8 -1 -1 0 -1 0 -1 1 -1 -1 0 0 0 0 -1 0 0 0 0 0
8 -1 -1 0 -1 0 -1 1 -1 1 0 0 0 0 1 0 0 0 0 0
8 -1 -1 0 1 0 -1 -1 -1 -1 0 0 0 0 -1 0 0 0 0 0
8 -1 -1 0 1 0 -1 -1 -1 1 0 0 0 0 1 0 0 0 0 0
8 -1 -1 0 -1 0 -1 -1 -1 -1 0 0 0 0 1 0 0 0 0 0
8 -1 -1 0 -1 0 -1 -1 -1 1 0 0 0 0 -1 0 0 0 0 0
8 1 1 0 1 0 -1 1 -1 -1 0 0 0 0 1 0 0 0 0 0
8 1 1 0 1 0 -1 1 -1 1 0 0 0 0 -1 0 0 0 0 0
8 1 1 0 -1 0 -1 1 -1 -1 0 0 0 0 -1 0 0 0 0 0
8 1 1 0 -1 0 -1 1 -1 1 0 0 0 0 1 0 0 0 0 0
8 1 1 0 1 0 -1 -1 -1 -1 0 0 0 0 -1 0 0 0 0 0
8 1 1 0 1 0 -1 -1 -1 1 0 0 0 0 1 0 0 0 0 0
8 1 1 0 -1 0 -1 -1 -1 -1 0 0 0 0 1 0 0 0 0 0
8 1 1 0 -1 0 -1 -1 -1 1 0 0 0 0 -1 0 0 0 0 0
8 -1 1 0 1 0 -1 1 -1 -1 0 0 0 0 -1 0 0 0 0 0
8 -1 1 0 1 0 -1 1 -1 1 0 0 0 0 1 0 0 0 0 0
8 -1 1 0 -1 0 -1 1 -1 -1 0 0 0 0 1 0 0 0 0 0
8 -1 1 0 -1 0 -1 1 -1 1 0 0 0 0 -1 0 0 0 0 0
8 -1 1 0 1 0 -1 -1 -1 -1 0 0 0 0 1 0 0 0 0 0
8 -1 1 0 1 0 -1 -1 -1 1 0 0 0 0 -1 0 0 0 0 0
8 -1 1 0 -1 0 -1 -1 -1 -1 0 0 0 0 -1 0 0 0 0 0
8 -1 1 0 -1 0 -1 -1 -1 1 0 0 0 0 1 0 0 0 0 0
8 1 -1 0 1 0 1 1 1 -1 0 0 0 0 -1 0 0 0 0 0
8 1 -1 0 1 0 1 1 1 1 0 0 0 0 1 0 0 0 0 0
8 1 -1 0 -1 0 1 1 1 -1 0 0 0 0 1 0 0 0 0 0
8 1 -1 0 -1 0 1 1 1 1 0 0 0 0 -1 0 0 0 0 0
8 1 -1 0 1 0 1 -1 1 -1 0 0 0 0 1 0 0 0 0 0
8 1 -1 0 1 0 1 -1 1 1 0 0 0 0 -1 0 0 0 0 0
8 1 -1 0 -1 0 1 -1 1 -1 0 0 0 0 -1 0 0 0 0 0
8 1 -1 0 -1 0 1 -1 1 1 0 0 0 0 1 0 0 0 0 0
8 -1 -1 0 1 0 1 1 1 -1 0 0 0 0 1 0 0 0 0 0
8 -1 -1 0 1 0 1 1 1 1 0 0 0 0 -1 0 0 0 0 0
8 -1 -1 0 -1 0 1 1 1 -1 0 0 0 0 -1 0 0 0 0 0
8 -1 -1 0 -1 0 1 1 1 1 0 0 0 0 1 0 0 0 0 0
8 -1 -1 0 1 0 1 -1 1 -1 0 0 0 0 -1 0 0 0 0 0
8 -1 -1 0 1 0 1 -1 1 1 0 0 0 0 1 0 0 0 0 0
8 -1 -1 0 -1 0 1 -1 1 -1 0 0 0 0 1 0 0 0 0 0
8 -1 -1 0 -1 0 1 -1 1 1 0 0 0 0 -1 0 0 0 0 0
8 1 1 0 1 0 1 1 1 -1 0 0 0 0 1 0 0 0 0 0
8 1 1 0 1 0 1 1 1 1 0 0 0 0 -1 0 0 0 0 0
8 1 1 0 -1 0 1 1 1 -1 0 0 0 0 -1 0 0 0 0 0
8 1 1 0 -1 0 1 1 1 1 0 0 0 0 1 0 0 0 0 0
8 1 1 0 1 0 1 -1 1 -1 0 0 0 0 -1 0 0 0 0 0
8 1 1 0 1 0 1 -1 1 1 0 0 0 0 1 0 0 0 0 0
8 1 1 0 -1 0 1 -1 1 -1 0 0 0 0 1 0 0 0 0 0
8 1 1 0 -1 0 1 -1 1 1 0 0 0 0 -1 0 0 0 0 0
8 -1 1 0 1 0 1 1 1 -1 0 0 0 0 -1 0 0 0 0 0
8 -1 1 0 1 0 1 1 1 1 0 0 0 0 1 0 0 0 0 0
8 -1 1 0 -1 0 1 1 1 -1 0 0 0 0 1 0 0 0 0 0
8 -1 1 0 -1 0 1 1 1 1 0 0 0 0 -1 0 0 0 0 0
8 -1 1 0 1 0 1 -1 1 -1 0 0 0 0 1 0 0 0 0 0
8 -1 1 0 1 0 1 -1 1 1 0 0 0 0 -1 0 0 0 0 0
8 -1 1 0 -1 0 1 -1 1 -1 0 0 0 0 -1 0 0 0 0 0
8 -1 1 0 -1 0 1 -1 1 1 0 0 0 0 1 0 0 0 0 0
8 1 -1 0 1 0 1 1 -1 -1 0 0 0 0 1 0 0 0 0 0
8 1 -1 0 1 0 1 1 -1 1 0 0 0 0 -1 0 0 0 0 0
8 1 -1 0 -1 0 1 1 -1 -1 0 0 0 0 -1 0 0 0 0 0
8 1 -1 0 -1 0 1 1 -1 1 0 0 0 0 1 0 0 0 0 0
8 1 -1 0 1 0 1 -1 -1 -1 0 0 0 0 -1 0 0 0 0 0
8 1 -1 0 1 0 1 -1 -1 1 0 0 0 0 1 0 0 0 0 0
8 1 -1 0 -1 0 1 -1 -1 -1 0 0 0 0 1 0 0 0 0 0
8 1 -1 0 -1 0 1 -1 -1 1 0 0 0 0 -1 0 0 0 0 0
8 -1 -1 0 1 0 1 1 -1 -1 0 0 0 0 -1 0 0 0 0 0
8 -1 -1 0 1 0 1 1 -1 1 0 0 0 0 1 0 0 0 0 0
8 -1 -1 0 -1 0 1 1 -1 -1 0 0 0 0 1 0 0 0 0 0
8 -1 -1 0 -1 0 1 1 -1 1 0 0 0 0 -1 0 0 0 0 0
8 -1 -1 0 1 0 1 -1 -1 -1 0 0 0 0 1 0 0 0 0 0
8 -1 -1 0 1 0 1 -1 -1 1 0 0 0 0 -1 0 0 0 0 0
8 -1 -1 0 -1 0 1 -1 -1 -1 0 0 0 0 -1 0 0 0 0 0
8 -1 -1 0 -1 0 1 -1 -1 1 0 0 0 0 1 0 0 0 0 0
8 1 1 0 1 0 1 1 -1 -1 0 0 0 0 -1 0 0 0 0 0
8 1 1 0 1 0 1 1 -1 1 0 0 0 0 1 0 0 0 0 0
8 1 1 0 -1 0 1 1 -1 -1 0 0 0 0 1 0 0 0 0 0
8 1 1 0 -1 0 1 1 -1 1 0 0 0 0 -1 0 0 0 0 0
8 1 1 0 1 0 1 -1 -1 -1 0 0 0 0 1 0 0 0 0 0
8 1 1 0 1 0 1 -1 -1 1 0 0 0 0 -1 0 0 0 0 0
8 1 1 0 -1 0 1 -1 -1 -1 0 0 0 0 -1 0 0 0 0 0
8 1 1 0 -1 0 1 -1 -1 1 0 0 0 0 1 0 0 0 0 0
8 -1 1 0 1 0 1 1 -1 -1 0 0 0 0 1 0 0 0 0 0
8 -1 1 0 1 0 1 1 -1 1 0 0 0 0 -1 0 0 0 0 0
8 -1 1 0 -1 0 1 1 -1 -1 0 0 0 0 -1 0 0 0 0 0
8 -1 1 0 -1 0 1 1 -1 1 0 0 0 0 1 0 0 0 0 0
8 -1 1 0 1 0 1 -1 -1 -1 0 0 0 0 -1 0 0 0 0 0
8 -1 1 0 1 0 1 -1 -1 1 0 0 0 0 1 0 0 0 0 0
8 -1 1 0 -1 0 1 -1 -1 -1 0 0 0 0 1 0 0 0 0 0
8 -1 1 0 -1 0 1 -1 -1 1 0 0 0 0 -1 0 0 0 0 0
8 0 -1 0 0 1 0 0 1 -1 0 -1 0 0 -1 0 0 -1 0 -1
8 0 -1 0 0 1 0 0 1 1 0 -1 0 0 1 0 0 -1 0 -1
8 0 -1 0 0 -1 0 0 1 -1 0 -1 0 0 1 0 0 -1 0 -1
8 0 -1 0 0 -1 0 0 1 1 0 -1 0 0 -1 0 0 -1 0 -1
8 0 -1 0 0 1 0 0 1 -1 0 1 0 0 1 0 0 -1 0 -1
8 0 -1 0 0 1 0 0 1 1 0 1 0 0 -1 0 0 -1 0 -1
8 0 -1 0 0 -1 0 0 1 -1 0 1 0 0 -1 0 0 -1 0 -1
8 0 -1 0 0 -1 0 0 1 1 0 1 0 0 1 0 0 -1 0 -1
8 0 1 0 0 1 0 0 1 -1 0 -1 0 0 1 0 0 -1 0 -1
8 0 1 0 0 1 0 0 1 1 0 -1 0 0 -1 0 0 -1 0 -1
8 0 1 0 0 -1 0 0 1 -1 0 -1 0 0 -1 0 0 -1 0 -1
8 0 1 0 0 -1 0 0 1 1 0 -1 0 0 1 0 0 -1 0 -1
8 0 1 0 0 1 0 0 1 -1 0 1 0 0 -1 0 0 -1 0 -1
8 0 1 0 0 1 0 0 1 1 0 1 0 0 1 0 0 -1 0 -1
8 0 1 0 0 -1 0 0 1 -1 0 1 0 0 1 0 0 -1 0 -1
8 0 1 0 0 -1 0 0 1 1 0 1 0 0 -1 0 0 -1 0 -1
8 0 -1 0 0 1 0 0 1 -1 0 -1 0 0 -1 0 0 1 0 1
8 0 -1 0 0 1 0 0 1 1 0 -1 0 0 1 0 0 1 0 1
8 0 -1 0 0 -1 0 0 1 -1 0 -1 0 0 1 0 0 1 0 1
8 0 -1 0 0 -1 0 0 1 1 0 -1 0 0 -1 0 0 1 0 1
8 0 -1 0 0 1 0 0 1 -1 0 1 0 0 1 0 0 1 0 1
8 0 -1 0 0 1 0 0 1 1 0 1 0 0 -1 0 0 1 0 1
8 0 -1 0 0 -1 0 0 1 -1 0 1 0 0 -1 0 0 1 0 1
8 0 -1 0 0 -1 0 0 1 1 0 1 0 0 1 0 0 1 0 1
8 0 1 0 0 1 0 0 1 -1 0 -1 0 0 1 0 0 1 0 1
8 0 1 0 0 1 0 0 1 1 0 -1 0 0 -1 0 0 1 0 1
8 0 1 0 0 -1 0 0 1 -1 0 -1 0 0 -1 0 0 1 0 1
8 0 1 0 0 -1 0 0 1 1 0 -1 0 0 1 0 0 1 0 1
8 0 1 0 0 1 0 0 1 -1 0 1 0 0 -1 0 0 1 0 1
8 0 1 0 0 1 0 0 1 1 0 1 0 0 1 0 0 1 0 1
8 0 1 0 0 -1 0 0 1 -1 0 1 0 0 1 0 0 1 0 1
8 0 1 0 0 -1 0 0 1 1 0 1 0 0 -1 0 0 1 0 1
8 0 -1 0 0 1 0 0 -1 -1 0 -1 0 0 1 0 0 -1 0 -1
8 0 -1 0 0 1 0 0 -1 1 0 -1 0 0 -1 0 0 -1 0 -1
8 0 -1 0 0 -1 0 0 -1 -1 0 -1 0 0 -1 0 0 -1 0 -1
8 0 -1 0 0 -1 0 0 -1 1 0 -1 0 0 1 0 0 -1 0 -1
8 0 -1 0 0 1 0 0 -1 -1 0 1 0 0 -1 0 0 -1 0 -1
8 0 -1 0 0 1 0 0 -1 1 0 1 0 0 1 0 0 -1 0 -1
8 0 -1 0 0 -1 0 0 -1 -1 0 1 0 0 1 0 0 -1 0 -1
8 0 -1 0 0 -1 0 0 -1 1 0 1 0 0 -1 0 0 -1 0 -1
8 0 1 0 0 1 0 0 -1 -1 0 -1 0 0 -1 0 0 -1 0 -1
8 0 1 0 0 1 0 0 -1 1 0 -1 0 0 1 0 0 -1 0 -1
8 0 1 0 0 -1 0 0 -1 -1 0 -1 0 0 1 0 0 -1 0 -1
8 0 1 0 0 -1 0 0 -1 1 0 -1 0 0 -1 0 0 -1 0 -1
8 0 1 0 0 1 0 0 -1 -1 0 1 0 0 1 0 0 -1 0 -1
8 0 1 0 0 1 0 0 -1 1 0 1 0 0 -1 0 0 -1 0 -1
8 0 1 0 0 -1 0 0 -1 -1 0 1 0 0 -1 0 0 -1 0 -1
8 0 1 0 0 -1 0 0 -1 1 0 1 0 0 1 0 0 -1 0 -1
8 0 -1 0 0 1 0 0 -1 -1 0 -1 0 0 1 0 0 1 0 1
8 0 -1 0 0 1 0 0 -1 1 0 -1 0 0 -1 0 0 1 0 1
8 0 -1 0 0 -1 0 0 -1 -1 0 -1 0 0 -1 0 0 1 0 1
8 0 -1 0 0 -1 0 0 -1 1 0 -1 0 0 1 0 0 1 0 1
8 0 -1 0 0 1 0 0 -1 -1 0 1 0 0 -1 0 0 1 0 1
8 0 -1 0 0 1 0 0 -1 1 0 1 0 0 1 0 0 1 0 1
8 0 -1 0 0 -1 0 0 -1 -1 0 1 0 0 1 0 0 1 0 1
8 0 -1 0 0 -1 0 0 -1 1 0 1 0 0 -1 0 0 1 0 1
8 0 1 0 0 1 0 0 -1 -1 0 -1 0 0 -1 0 0 1 0 1
8 0 1 0 0 1 0 0 -1 1 0 -1 0 0 1 0 0 1 0 1
8 0 1 0 0 -1 0 0 -1 -1 0 -1 0 0 1 0 0 1 0 1
8 0 1 0 0 -1 0 0 -1 1 0 -1 0 0 -1 0 0 1 0 1
8 0 1 0 0 1 0 0 -1 -1 0 1 0 0 1 0 0 1 0 1
8 0 1 0 0 1 0 0 -1 1 0 1 0 0 -1 0 0 1 0 1
8 0 1 0 0 -1 0 0 -1 -1 0 1 0 0 -1 0 0 1 0 1
8 0 1 0 0 -1 0 0 -1 1 0 1 0 0 1 0 0 1 0 1
8 0 -1 1 1 0 0 0 0 -1 0 0 0 -1 -1 0 0 -1 -1 0
8 0 -1 1 1 0 0 0 0 1 0 0 0 -1 1 0 0 -1 -1 0
8 0 -1 1 -1 0 0 0 0 -1 0 0 0 -1 1 0 0 -1 -1 0
8 0 -1 1 -1 0 0 0 0 1 0 0 0 -1 -1 0 0 -1 -1 0
8 0 -1 1 1 0 0 0 0 -1 0 0 0 1 1 0 0 -1 -1 0
8 0 -1 1 1 0 0 0 0 1 0 0 0 1 -1 0 0 -1 -1 0
8 0 -1 1 -1 0 0 0 0 -1 0 0 0 1 -1 0 0 -1 -1 0
8 0 -1 1 -1 0 0 0 0 1 0 0 0 1 1 0 0 -1 -1 0
8 0 1 1 1 0 0 0 0 -1 0 0 0 -1 1 0 0 -1 -1 0
8 0 1 1 1 0 0 0 0 1 0 0 0 -1 -1 0 0 -1 -1 0
8 0 1 1 -1 0 0 0 0 -1 0 0 0 -1 -1 0 0 -1 -1 0
8 0 1 1 -1 0 0 0 0 1 0 0 0 -1 1 0 0 -1 -1 0
8 0 1 1 1 0 0 0 0 -1 0 0 0 1 -1 0 0 -1 -1 0
8 0 1 1 1 0 0 0 0 1 0 0 0 1 1 0 0 -1 -1 0
8 0 1 1 -1 0 0 0 0 -1 0 0 0 1 1 0 0 -1 -1 0
8 0 1 1 -1 0 0 0 0 1 0 0 0 1 -1 0 0 -1 -1 0
8 0 -1 -1 1 0 0 0 0 -1 0 0 0 -1 1 0 0 -1 -1 0
8 0 -1 -1 1 0 0 0 0 1 0 0 0 -1 -1 0 0 -1 -1 0
8 0 -1 -1 -1 0 0 0 0 -1 0 0 0 -1 -1 0 0 -1 -1 0
8 0 -1 -1 -1 0 0 0 0 1 0 0 0 -1 1 0 0 -1 -1 0
8 0 -1 -1 1 0 0 0 0 -1 0 0 0 1 -1 0 0 -1 -1 0
8 0 -1 -1 1 0 0 0 0 1 0 0 0 1 1 0 0 -1 -1 0
8 0 -1 -1 -1 0 0 0 0 -1 0 0 0 1 1 0 0 -1 -1 0
8 0 -1 -1 -1 0 0 0 0 1 0 0 0 1 -1 0 0 -1 -1 0
8 0 1 -1 1 0 0 0 0 -1 0 0 0 -1 -1 0 0 -1 -1 0
8 0 1 -1 1 0 0 0 0 1 0 0 0 -1 1 0 0 -1 -1 0
8 0 1 -1 -1 0 0 0 0 -1 0 0 0 -1 1 0 0 -1 -1 0
8 0 1 -1 -1 0 0 0 0 1 0 0 0 -1 -1 0 0 -1 -1 0
8 0 1 -1 1 0 0 0 0 -1 0 0 0 1 1 0 0 -1 -1 0
8 0 1 -1 1 0 0 0 0 1 0 0 0 1 -1 0 0 -1 -1 0
8 0 1 -1 -1 0 0 0 0 -1 0 0 0 1 -1 0 0 -1 -1 0
8 0 1 -1 -1 0 0 0 0 1 0 0 0 1 1 0 0 -1 -1 0
8 0 -1 1 1 0 0 0 0 -1 0 0 0 -1 -1 0 0 1 1 0
8 0 -1 1 1 0 0 0 0 1 0 0 0 -1 1 0 0 1 1 0
8 0 -1 1 -1 0 0 0 0 -1 0 0 0 -1 1 0 0 1 1 0
8 0 -1 1 -1 0 0 0 0 1 0 0 0 -1 -1 0 0 1 1 0
8 0 -1 1 1 0 0 0 0 -1 0 0 0 1 1 0 0 1 1 0
8 0 -1 1 1 0 0 0 0 1 0 0 0 1 -1 0 0 1 1 0
8 0 -1 1 -1 0 0 0 0 -1 0 0 0 1 -1 0 0 1 1 0
8 0 -1 1 -1 0 0 0 0 1 0 0 0 1 1 0 0 1 1 0
8 0 1 1 1 0 0 0 0 -1 0 0 0 -1 1 0 0 1 1 0
8 0 1 1 1 0 0 0 0 1 0 0 0 -1 -1 0 0 1 1 0
8 0 1 1 -1 0 0 0 0 -1 0 0 0 -1 -1 0 0 1 1 0
8 0 1 1 -1 0 0 0 0 1 0 0 0 -1 1 0 0 1 1 0
8 0 1 1 1 0 0 0 0 -1 0 0 0 1 -1 0 0 1 1 0
8 0 1 1 1 0 0 0 0 1 0 0 0 1 1 0 0 1 1 0
8 0 1 1 -1 0 0 0 0 -1 0 0 0 1 1 0 0 1 1 0
8 0 1 1 -1 0 0 0 0 1 0 0 0 1 -1 0 0 1 1 0
8 0 -1 -1 1 0 0 0 0 -1 0 0 0 -1 1 0 0 1 1 0
8 0 -1 -1 1 0 0 0 0 1 0 0 0 -1 -1 0 0 1 1 0
8 0 -1 -1 -1 0 0 0 0 -1 0 0 0 -1 -1 0 0 1 1 0
8 0 -1 -1 -1 0 0 0 0 1 0 0 0 -1 1 0 0 1 1 0
8 0 -1 -1 1 0 0 0 0 -1 0 0 0 1 -1 0 0 1 1 0
8 0 -1 -1 1 0 0 0 0 1 0 0 0 1 1 0 0 1 1 0
8 0 -1 -1 -1 0 0 0 0 -1 0 0 0 1 1 0 0 1 1 0
8 0 -1 -1 -1 0 0 0 0 1 0 0 0 1 -1 0 0 1 1 0
8 0 1 -1 1 0 0 0 0 -1 0 0 0 -1 -1 0 0 1 1 0
8 0 1 -1 1 0 0 0 0 1 0 0 0 -1 1 0 0 1 1 0
8 0 1 -1 -1 0 0 0 0 -1 0 0 0 -1 1 0 0 1 1 0
8 0 1 -1 -1 0 0 0 0 1 0 0 0 -1 -1 0 0 1 1 0
8 0 1 -1 1 0 0 0 0 -1 0 0 0 1 1 0 0 1 1 0
8 0 1 -1 1 0 0 0 0 1 0 0 0 1 -1 0 0 1 1 0
8 0 1 -1 -1 0 0 0 0 -1 0 0 0 1 -1 0 0 1 1 0
8 0 1 -1 -1 0 0 0 0 1 0 0 0 1 1 0 0 1 1 0
8 0 0 1 0 1 0 0 0 -1 0 0 0 -1 -1 -1 0 -1 1 0
8 0 0 1 0 1 0 0 0 1 0 0 0 -1 1 -1 0 -1 1 0
8 0 0 1 0 1 0 0 0 -1 0 0 0 -1 1 1 0 -1 1 0
8 0 0 1 0 1 0 0 0 1 0 0 0 -1 -1 1 0 -1 1 0
8 0 0 1 0 -1 0 0 0 -1 0 0 0 -1 1 -1 0 -1 1 0
8 0 0 1 0 -1 0 0 0 1 0 0 0 -1 -1 -1 0 -1 1 0
8 0 0 1 0 -1 0 0 0 -1 0 0 0 -1 -1 1 0 -1 1 0
8 0 0 1 0 -1 0 0 0 1 0 0 0 -1 1 1 0 -1 1 0
8 0 0 1 0 1 0 0 0 -1 0 0 0 -1 -1 -1 0 1 -1 0
8 0 0 1 0 1 0 0 0 1 0 0 0 -1 1 -1 0 1 -1 0
8 0 0 1 0 1 0 0 0 -1 0 0 0 -1 1 1 0 1 -1 0
8 0 0 1 0 1 0 0 0 1 0 0 0 -1 -1 1 0 1 -1 0
8 0 0 1 0 -1 0 0 0 -1 0 0 0 -1 1 -1 0 1 -1 0
8 0 0 1 0 -1 0 0 0 1 0 0 0 -1 -1 -1 0 1 -1 0
8 0 0 1 0 -1 0 0 0 -1 0 0 0 -1 -1 1 0 1 -1 0
8 0 0 1 0 -1 0 0 0 1 0 0 0 -1 1 1 0 1 -1 0
8 0 0 1 0 1 0 0 0 -1 0 0 0 1 1 -1 0 -1 1 0
8 0 0 1 0 1 0 0 0 1 0 0 0 1 -1 -1 0 -1 1 0
8 0 0 1 0 1 0 0 0 -1 0 0 0 1 -1 1 0 -1 1 0
8 0 0 1 0 1 0 0 0 1 0 0 0 1 1 1 0 -1 1 0
8 0 0 1 0 -1 0 0 0 -1 0 0 0 1 -1 -1 0 -1 1 0
8 0 0 1 0 -1 0 0 0 1 0 0 0 1 1 -1 0 -1 1 0
8 0 0 1 0 -1 0 0 0 -1 0 0 0 1 1 1 0 -1 1 0
8 0 0 1 0 -1 0 0 0 1 0 0 0 1 -1 1 0 -1 1 0
8 0 0 1 0 1 0 0 0 -1 0 0 0 1 1 -1 0 1 -1 0
8 0 0 1 0 1 0 0 0 1 0 0 0 1 -1 -1 0 1 -1 0
8 0 0 1 0 1 0 0 0 -1 0 0 0 1 -1 1 0 1 -1 0
8 0 0 1 0 1 0 0 0 1 0 0 0 1 1 1 0 1 -1 0
8 0 0 1 0 -1 0 0 0 -1 0 0 0 1 -1 -1 0 1 -1 0
8 0 0 1 0 -1 0 0 0 1 0 0 0 1 1 -1 0 1 -1 0
8 0 0 1 0 -1 0 0 0 -1 0 0 0 1 1 1 0 1 -1 0
8 0 0 1 0 -1 0 0 0 1 0 0 0 1 -1 1 0 1 -1 0
8 0 0 -1 0 1 0 0 0 -1 0 0 0 -1 1 -1 0 -1 1 0
8 0 0 -1 0 1 0 0 0 1 0 0 0 -1 -1 -1 0 -1 1 0
8 0 0 -1 0 1 0 0 0 -1 0 0 0 -1 -1 1 0 -1 1 0
8 0 0 -1 0 1 0 0 0 1 0 0 0 -1 1 1 0 -1 1 0
8 0 0 -1 0 -1 0 0 0 -1 0 0 0 -1 -1 -1 0 -1 1 0
8 0 0 -1 0 -1 0 0 0 1 0 0 0 -1 1 -1 0 -1 1 0
8 0 0 -1 0 -1 0 0 0 -1 0 0 0 -1 1 1 0 -1 1 0
8 0 0 -1 0 -1 0 0 0 1 0 0 0 -1 -1 1 0 -1 1 0
8 0 0 -1 0 1 0 0 0 -1 0 0 0 -1 1 -1 0 1 -1 0
8 0 0 -1 0 1 0 0 0 1 0 0 0 -1 -1 -1 0 1 -1 0
8 0 0 -1 0 1 0 0 0 -1 0 0 0 -1 -1 1 0 1 -1 0
8 0 0 -1 0 1 0 0 0 1 0 0 0 -1 1 1 0 1 -1 0
8 0 0 -1 0 -1 0 0 0 -1 0 0 0 -1 -1 -1 0 1 -1 0
8 0 0 -1 0 -1 0 0 0 1 0 0 0 -1 1 -1 0 1 -1 0
8 0 0 -1 0 -1 0 0 0 -1 0 0 0 -1 1 1 0 1 -1 0
8 0 0 -1 0 -1 0 0 0 1 0 0 0 -1 -1 1 0 1 -1 0
8 0 0 -1 0 1 0 0 0 -1 0 0 0 1 -1 -1 0 -1 1 0
8 0 0 -1 0 1 0 0 0 1 0 0 0 1 1 -1 0 -1 1 0
8 0 0 -1 0 1 0 0 0 -1 0 0 0 1 1 1 0 -1 1 0
8 0 0 -1 0 1 0 0 0 1 0 0 0 1 -1 1 0 -1 1 0
8 0 0 -1 0 -1 0 0 0 -1 0 0 0 1 1 -1 0 -1 1 0
8 0 0 -1 0 -1 0 0 0 1 0 0 0 1 -1 -1 0 -1 1 0
8 0 0 -1 0 -1 0 0 0 -1 0 0 0 1 -1 1 0 -1 1 0
8 0 0 -1 0 -1 0 0 0 1 0 0 0 1 1 1 0 -1 1 0
8 0 0 -1 0 1 0 0 0 -1 0 0 0 1 -1 -1 0 1 -1 0
8 0 0 -1 0 1 0 0 0 1 0 0 0 1 1 -1 0 1 -1 0
8 0 0 -1 0 1 0 0 0 -1 0 0 0 1 1 1 0 1 -1 0
8 0 0 -1 0 1 0 0 0 1 0 0 0 1 -1 1 0 1 -1 0
8 0 0 -1 0 -1 0 0 0 -1 0 0 0 1 1 -1 0 1 -1 0
8 0 0 -1 0 -1 0 0 0 1 0 0 0 1 -1 -1 0 1 -1 0
8 0 0 -1 0 -1 0 0 0 -1 0 0 0 1 -1 1 0 1 -1 0
8 0 0 -1 0 -1 0 0 0 1 0 0 0 1 1 1 0 1 -1 0
8 0 0 0 1 0 0 0 1 -1 0 -1 0 0 -1 -1 0 -1 0 1
8 0 0 0 1 0 0 0 1 1 0 -1 0 0 1 -1 0 -1 0 1
8 0 0 0 1 0 0 0 1 -1 0 -1 0 0 1 1 0 -1 0 1
8 0 0 0 1 0 0 0 1 1 0 -1 0 0 -1 1 0 -1 0 1
8 0 0 0 -1 0 0 0 1 -1 0 -1 0 0 1 -1 0 -1 0 1
8 0 0 0 -1 0 0 0 1 1 0 -1 0 0 -1 -1 0 -1 0 1
8 0 0 0 -1 0 0 0 1 -1 0 -1 0 0 -1 1 0 -1 0 1
8 0 0 0 -1 0 0 0 1 1 0 -1 0 0 1 1 0 -1 0 1
8 0 0 0 1 0 0 0 1 -1 0 1 0 0 1 -1 0 -1 0 1
8 0 0 0 1 0 0 0 1 1 0 1 0 0 -1 -1 0 -1 0 1
8 0 0 0 1 0 0 0 1 -1 0 1 0 0 -1 1 0 -1 0 1
8 0 0 0 1 0 0 0 1 1 0 1 0 0 1 1 0 -1 0 1
8 0 0 0 -1 0 0 0 1 -1 0 1 0 0 -1 -1 0 -1 0 1
8 0 0 0 -1 0 0 0 1 1 0 1 0 0 1 -1 0 -1 0 1
8 0 0 0 -1 0 0 0 1 -1 0 1 0 0 1 1 0 -1 0 1
8 0 0 0 -1 0 0 0 1 1 0 1 0 0 -1 1 0 -1 0 1
8 0 0 0 1 0 0 0 1 -1 0 -1 0 0 -1 -1 0 1 0 -1
8 0 0 0 1 0 0 0 1 1 0 -1 0 0 1 -1 0 1 0 -1
8 0 0 0 1 0 0 0 1 -1 0 -1 0 0 1 1 0 1 0 -1
8 0 0 0 1 0 0 0 1 1 0 -1 0 0 -1 1 0 1 0 -1
8 0 0 0 -1 0 0 0 1 -1 0 -1 0 0 1 -1 0 1 0 -1
8 0 0 0 -1 0 0 0 1 1 0 -1 0 0 -1 -1 0 1 0 -1
8 0 0 0 -1 0 0 0 1 -1 0 -1 0 0 -1 1 0 1 0 -1
8 0 0 0 -1 0 0 0 1 1 0 -1 0 0 1 1 0 1 0 -1
8 0 0 0 1 0 0 0 1 -1 0 1 0 0 1 -1 0 1 0 -1
8 0 0 0 1 0 0 0 1 1 0 1 0 0 -1 -1 0 1 0 -1
8 0 0 0 1 0 0 0 1 -1 0 1 0 0 -1 1 0 1 0 -1
8 0 0 0 1 0 0 0 1 1 0 1 0 0 1 1 0 1 0 -1
8 0 0 0 -1 0 0 0 1 -1 0 1 0 0 -1 -1 0 1 0 -1
8 0 0 0 -1 0 0 0 1 1 0 1 0 0 1 -1 0 1 0 -1
8 0 0 0 -1 0 0 0 1 -1 0 1 0 0 1 1 0 1 0 -1
8 0 0 0 -1 0 0 0 1 1 0 1 0 0 -1 1 0 1 0 -1
8 0 0 0 1 0 0 0 -1 -1 0 -1 0 0 1 -1 0 -1 0 1
8 0 0 0 1 0 0 0 -1 1 0 -1 0 0 -1 -1 0 -1 0 1
8 0 0 0 1 0 0 0 -1 -1 0 -1 0 0 -1 1 0 -1 0 1
8 0 0 0 1 0 0 0 -1 1 0 -1 0 0 1 1 0 -1 0 1
8 0 0 0 -1 0 0 0 -1 -1 0 -1 0 0 -1 -1 0 -1 0 1
8 0 0 0 -1 0 0 0 -1 1 0 -1 0 0 1 -1 0 -1 0 1
8 0 0 0 -1 0 0 0 -1 -1 0 -1 0 0 1 1 0 -1 0 1
8 0 0 0 -1 0 0 0 -1 1 0 -1 0 0 -1 1 0 -1 0 1
8 0 0 0 1 0 0 0 -1 -1 0 1 0 0 -1 -1 0 -1 0 1
8 0 0 0 1 0 0 0 -1 1 0 1 0 0 1 -1 0 -1 0 1
8 0 0 0 1 0 0 0 -1 -1 0 1 0 0 1 1 0 -1 0 1
8 0 0 0 1 0 0 0 -1 1 0 1 0 0 -1 1 0 -1 0 1
8 0 0 0 -1 0 0 0 -1 -1 0 1 0 0 1 -1 0 -1 0 1
8 0 0 0 -1 0 0 0 -1 1 0 1 0 0 -1 -1 0 -1 0 1
8 0 0 0 -1 0 0 0 -1 -1 0 1 0 0 -1 1 0 -1 0 1
8 0 0 0 -1 0 0 0 -1 1 0 1 0 0 1 1 0 -1 0 1
8 0 0 0 1 0 0 0 -1 -1 0 -1 0 0 1 -1 0 1 0 -1
8 0 0 0 1 0 0 0 -1 1 0 -1 0 0 -1 -1 0 1 0 -1
8 0 0 0 1 0 0 0 -1 -1 0 -1 0 0 -1 1 0 1 0 -1
8 0 0 0 1 0 0 0 -1 1 0 -1 0 0 1 1 0 1 0 -1
8 0 0 0 -1 0 0 0 -1 -1 0 -1 0 0 -1 -1 0 1 0 -1
8 0 0 0 -1 0 0 0 -1 1 0 -1 0 0 1 -1 0 1 0 -1
8 0 0 0 -1 0 0 0 -1 -1 0 -1 0 0 1 1 0 1 0 -1
8 0 0 0 -1 0 0 0 -1 1 0 -1 0 0 -1 1 0 1 0 -1
8 0 0 0 1 0 0 0 -1 -1 0 1 0 0 -1 -1 0 1 0 -1
8 0 0 0 1 0 0 0 -1 1 0 1 0 0 1 -1 0 1 0 -1
8 0 0 0 1 0 0 0 -1 -1 0 1 0 0 1 1 0 1 0 -1
8 0 0 0 1 0 0 0 -1 1 0 1 0 0 -1 1 0 1 0 -1
8 0 0 0 -1 0 0 0 -1 -1 0 1 0 0 1 -1 0 1 0 -1
8 0 0 0 -1 0 0 0 -1 1 0 1 0 0 -1 -1 0 1 0 -1
8 0 0 0 -1 0 0 0 -1 -1 0 1 0 0 -1 1 0 1 0 -1
8 0 0 0 -1 0 0 0 -1 1 0 1 0 0 1 1 0 1 0 -1
8 0 -1 0 1 0 0 0 1 0 0 0 -1 -1 -1 0 0 -1 1 0
8 0 -1 0 1 0 0 0 1 0 0 0 1 -1 1 0 0 -1 1 0
8 0 -1 0 -1 0 0 0 1 0 0 0 -1 -1 1 0 0 -1 1 0
8 0 -1 0 -1 0 0 0 1 0 0 0 1 -1 -1 0 0 -1 1 0
8 0 -1 0 1 0 0 0 1 0 0 0 -1 -1 -1 0 0 1 -1 0
8 0 -1 0 1 0 0 0 1 0 0 0 1 -1 1 0 0 1 -1 0
8 0 -1 0 -1 0 0 0 1 0 0 0 -1 -1 1 0 0 1 -1 0
8 0 -1 0 -1 0 0 0 1 0 0 0 1 -1 -1 0 0 1 -1 0
8 0 -1 0 1 0 0 0 1 0 0 0 -1 1 1 0 0 -1 1 0
8 0 -1 0 1 0 0 0 1 0 0 0 1 1 -1 0 0 -1 1 0
8 0 -1 0 -1 0 0 0 1 0 0 0 -1 1 -1 0 0 -1 1 0
8 0 -1 0 -1 0 0 0 1 0 0 0 1 1 1 0 0 -1 1 0
8 0 -1 0 1 0 0 0 1 0 0 0 -1 1 1 0 0 1 -1 0
8 0 -1 0 1 0 0 0 1 0 0 0 1 1 -1 0 0 1 -1 0
8 0 -1 0 -1 0 0 0 1 0 0 0 -1 1 -1 0 0 1 -1 0
8 0 -1 0 -1 0 0 0 1 0 0 0 1 1 1 0 0 1 -1 0
8 0 1 0 1 0 0 0 1 0 0 0 -1 -1 1 0 0 -1 1 0
8 0 1 0 1 0 0 0 1 0 0 0 1 -1 -1 0 0 -1 1 0
8 0 1 0 -1 0 0 0 1 0 0 0 -1 -1 -1 0 0 -1 1 0
8 0 1 0 -1 0 0 0 1 0 0 0 1 -1 1 0 0 -1 1 0
8 0 1 0 1 0 0 0 1 0 0 0 -1 -1 1 0 0 1 -1 0
8 0 1 0 1 0 0 0 1 0 0 0 1 -1 -1 0 0 1 -1 0
8 0 1 0 -1 0 0 0 1 0 0 0 -1 -1 -1 0 0 1 -1 0
8 0 1 0 -1 0 0 0 1 0 0 0 1 -1 1 0 0 1 -1 0
8 0 1 0 1 0 0 0 1 0 0 0 -1 1 -1 0 0 -1 1 0
8 0 1 0 1 0 0 0 1 0 0 0 1 1 1 0 0 -1 1 0
8 0 1 0 -1 0 0 0 1 0 0 0 -1 1 1 0 0 -1 1 0
8 0 1 0 -1 0 0 0 1 0 0 0 1 1 -1 0 0 -1 1 0
8 0 1 0 1 0 0 0 1 0 0 0 -1 1 -1 0 0 1 -1 0
8 0 1 0 1 0 0 0 1 0 0 0 1 1 1 0 0 1 -1 0
8 0 1 0 -1 0 0 0 1 0 0 0 -1 1 1 0 0 1 -1 0
8 0 1 0 -1 0 0 0 1 0 0 0 1 1 -1 0 0 1 -1 0
8 0 -1 0 1 0 0 0 -1 0 0 0 -1 -1 1 0 0 -1 1 0
8 0 -1 0 1 0 0 0 -1 0 0 0 1 -1 -1 0 0 -1 1 0
8 0 -1 0 -1 0 0 0 -1 0 0 0 -1 -1 -1 0 0 -1 1 0
8 0 -1 0 -1 0 0 0 -1 0 0 0 1 -1 1 0 0 -1 1 0
8 0 -1 0 1 0 0 0 -1 0 0 0 -1 -1 1 0 0 1 -1 0
8 0 -1 0 1 0 0 0 -1 0 0 0 1 -1 -1 0 0 1 -1 0
8 0 -1 0 -1 0 0 0 -1 0 0 0 -1 -1 -1 0 0 1 -1 0
8 0 -1 0 -1 0 0 0 -1 0 0 0 1 -1 1 0 0 1 -1 0
8 0 -1 0 1 0 0 0 -1 0 0 0 -1 1 -1 0 0 -1 1 0
8 0 -1 0 1 0 0 0 -1 0 0 0 1 1 1 0 0 -1 1 0
8 0 -1 0 -1 0 0 0 -1 0 0 0 -1 1 1 0 0 -1 1 0
8 0 -1 0 -1 0 0 0 -1 0 0 0 1 1 -1 0 0 -1 1 0
8 0 -1 0 1 0 0 0 -1 0 0 0 -1 1 -1 0 0 1 -1 0
8 0 -1 0 1 0 0 0 -1 0 0 0 1 1 1 0 0 1 -1 0
8 0 -1 0 -1 0 0 0 -1 0 0 0 -1 1 1 0 0 1 -1 0
8 0 -1 0 -1 0 0 0 -1 0 0 0 1 1 -1 0 0 1 -1 0
8 0 1 0 1 0 0 0 -1 0 0 0 -1 -1 -1 0 0 -1 1 0
8 0 1 0 1 0 0 0 -1 0 0 0 1 -1 1 0 0 -1 1 0
8 0 1 0 -1 0 0 0 -1 0 0 0 -1 -1 1 0 0 -1 1 0
8 0 1 0 -1 0 0 0 -1 0 0 0 1 -1 -1 0 0 -1 1 0
8 0 1 0 1 0 0 0 -1 0 0 0 -1 -1 -1 0 0 1 -1 0
8 0 1 0 1 0 0 0 -1 0 0 0 1 -1 1 0 0 1 -1 0
8 0 1 0 -1 0 0 0 -1 0 0 0 -1 -1 1 0 0 1 -1 0
8 0 1 0 -1 0 0 0 -1 0 0 0 1 -1 -1 0 0 1 -1 0
8 0 1 0 1 0 0 0 -1 0 0 0 -1 1 1 0 0 -1 1 0
8 0 1 0 1 0 0 0 -1 0 0 0 1 1 -1 0 0 -1 1 0
8 0 1 0 -1 0 0 0 -1 0 0 0 -1 1 -1 0 0 -1 1 0
8 0 1 0 -1 0 0 0 -1 0 0 0 1 1 1 0 0 -1 1 0
8 0 1 0 1 0 0 0 -1 0 0 0 -1 1 1 0 0 1 -1 0
8 0 1 0 1 0 0 0 -1 0 0 0 1 1 -1 0 0 1 -1 0
8 0 1 0 -1 0 0 0 -1 0 0 0 -1 1 -1 0 0 1 -1 0
8 0 1 0 -1 0 0 0 -1 0 0 0 1 1 1 0 0 1 -1 0
8 0 -1 1 0 1 0 0 0 0 0 -1 -1 0 -1 0 0 -1 0 1
8 0 -1 1 0 1 0 0 0 0 0 -1 1 0 1 0 0 -1 0 1
8 0 -1 1 0 -1 0 0 0 0 0 -1 -1 0 1 0 0 -1 0 1
8 0 -1 1 0 -1 0 0 0 0 0 -1 1 0 -1 0 0 -1 0 1
8 0 -1 1 0 1 0 0 0 0 0 1 -1 0 1 0 0 -1 0 1
8 0 -1 1 0 1 0 0 0 0 0 1 1 0 -1 0 0 -1 0 1
8 0 -1 1 0 -1 0 0 0 0 0 1 -1 0 -1 0 0 -1 0 1
8 0 -1 1 0 -1 0 0 0 0 0 1 1 0 1 0 0 -1 0 1
8 0 -1 1 0 1 0 0 0 0 0 -1 -1 0 -1 0 0 1 0 -1
8 0 -1 1 0 1 0 0 0 0 0 -1 1 0 1 0 0 1 0 -1
8 0 -1 1 0 -1 0 0 0 0 0 -1 -1 0 1 0 0 1 0 -1
8 0 -1 1 0 -1 0 0 0 0 0 -1 1 0 -1 0 0 1 0 -1
8 0 -1 1 0 1 0 0 0 0 0 1 -1 0 1 0 0 1 0 -1
8 0 -1 1 0 1 0 0 0 0 0 1 1 0 -1 0 0 1 0 -1
8 0 -1 1 0 -1 0 0 0 0 0 1 -1 0 -1 0 0 1 0 -1
8 0 -1 1 0 -1 0 0 0 0 0 1 1 0 1 0 0 1 0 -1
8 0 1 1 0 1 0 0 0 0 0 -1 -1 0 1 0 0 -1 0 1
8 0 1 1 0 1 0 0 0 0 0 -1 1 0 -1 0 0 -1 0 1
8 0 1 1 0 -1 0 0 0 0 0 -1 -1 0 -1 0 0 -1 0 1
8 0 1 1 0 -1 0 0 0 0 0 -1 1 0 1 0 0 -1 0 1
8 0 1 1 0 1 0 0 0 0 0 1 -1 0 -1 0 0 -1 0 1
8 0 1 1 0 1 0 0 0 0 0 1 1 0 1 0 0 -1 0 1
8 0 1 1 0 -1 0 0 0 0 0 1 -1 0 1 0 0 -1 0 1
8 0 1 1 0 -1 0 0 0 0 0 1 1 0 -1 0 0 -1 0 1
8 0 1 1 0 1 0 0 0 0 0 -1 -1 0 1 0 0 1 0 -1
8 0 1 1 0 1 0 0 0 0 0 -1 1 0 -1 0 0 1 0 -1
8 0 1 1 0 -1 0 0 0 0 0 -1 -1 0 -1 0 0 1 0 -1
8 0 1 1 0 -1 0 0 0 0 0 -1 1 0 1 0 0 1 0 -1
8 0 1 1 0 1 0 0 0 0 0 1 -1 0 -1 0 0 1 0 -1
8 0 1 1 0 1 0 0 0 0 0 1 1 0 1 0 0 1 0 -1
8 0 1 1 0 -1 0 0 0 0 0 1 -1 0 1 0 0 1 0 -1
8 0 1 1 0 -1 0 0 0 0 0 1 1 0 -1 0 0 1 0 -1
8 0 -1 -1 0 1 0 0 0 0 0 -1 -1 0 1 0 0 -1 0 1
8 0 -1 -1 0 1 0 0 0 0 0 -1 1 0 -1 0 0 -1 0 1
8 0 -1 -1 0 -1 0 0 0 0 0 -1 -1 0 -1 0 0 -1 0 1
8 0 -1 -1 0 -1 0 0 0 0 0 -1 1 0 1 0 0 -1 0 1
8 0 -1 -1 0 1 0 0 0 0 0 1 -1 0 -1 0 0 -1 0 1
8 0 -1 -1 0 1 0 0 0 0 0 1 1 0 1 0 0 -1 0 1
8 0 -1 -1 0 -1 0 0 0 0 0 1 -1 0 1 0 0 -1 0 1
8 0 -1 -1 0 -1 0 0 0 0 0 1 1 0 -1 0 0 -1 0 1
8 0 -1 -1 0 1 0 0 0 0 0 -1 -1 0 1 0 0 1 0 -1
8 0 -1 -1 0 1 0 0 0 0 0 -1 1 0 -1 0 0 1 0 -1
8 0 -1 -1 0 -1 0 0 0 0 0 -1 -1 0 -1 0 0 1 0 -1
8 0 -1 -1 0 -1 0 0 0 0 0 -1 1 0 1 0 0 1 0 -1
8 0 -1 -1 0 1 0 0 0 0 0 1 -1 0 -1 0 0 1 0 -1
8 0 -1 -1 0 1 0 0 0 0 0 1 1 0 1 0 0 1 0 -1
8 0 -1 -1 0 -1 0 0 0 0 0 1 -1 0 1 0 0 1 0 -1
8 0 -1 -1 0 -1 0 0 0 0 0 1 1 0 -1 0 0 1 0 -1
8 0 1 -1 0 1 0 0 0 0 0 -1 -1 0 -1 0 0 -1 0 1
8 0 1 -1 0 1 0 0 0 0 0 -1 1 0 1 0 0 -1 0 1
8 0 1 -1 0 -1 0 0 0 0 0 -1 -1 0 1 0 0 -1 0 1
8 0 1 -1 0 -1 0 0 0 0 0 -1 1 0 -1 0 0 -1 0 1
8 0 1 -1 0 1 0 0 0 0 0 1 -1 0 1 0 0 -1 0 1
8 0 1 -1 0 1 0 0 0 0 0 1 1 0 -1 0 0 -1 0 1
8 0 1 -1 0 -1 0 0 0 0 0 1 -1 0 -1 0 0 -1 0 1
8 0 1 -1 0 -1 0 0 0 0 0 1 1 0 1 0 0 -1 0 1
8 0 1 -1 0 1 0 0 0 0 0 -1 -1 0 -1 0 0 1 0 -1
8 0 1 -1 0 1 0 0 0 0 0 -1 1 0 1 0 0 1 0 -1
8 0 1 -1 0 -1 0 0 0 0 0 -1 -1 0 1 0 0 1 0 -1
8 0 1 -1 0 -1 0 0 0 0 0 -1 1 0 -1 0 0 1 0 -1
8 0 1 -1 0 1 0 0 0 0 0 1 -1 0 1 0 0 1 0 -1
8 0 1 -1 0 1 0 0 0 0 0 1 1 0 -1 0 0 1 0 -1
8 0 1 -1 0 -1 0 0 0 0 0 1 -1 0 -1 0 0 1 0 -1
8 0 1 -1 0 -1 0 0 0 0 0 1 1 0 1 0 0 1 0 -1
8 1 0 1 0 1 -1 1 0 0 0 0 -1 0 1 -1 0 0 0 0
8 1 0 1 0 1 -1 1 0 0 0 0 1 0 -1 -1 0 0 0 0
8 1 0 1 0 1 -1 1 0 0 0 0 -1 0 -1 1 0 0 0 0
8 1 0 1 0 1 -1 1 0 0 0 0 1 0 1 1 0 0 0 0
8 1 0 1 0 -1 -1 1 0 0 0 0 -1 0 -1 -1 0 0 0 0
8 1 0 1 0 -1 -1 1 0 0 0 0 1 0 1 -1 0 0 0 0
8 1 0 1 0 -1 -1 1 0 0 0 0 -1 0 1 1 0 0 0 0
8 1 0 1 0 -1 -1 1 0 0 0 0 1 0 -1 1 0 0 0 0
8 1 0 1 0 1 -1 -1 0 0 0 0 -1 0 -1 -1 0 0 0 0
8 1 0 1 0 1 -1 -1 0 0 0 0 1 0 1 -1 0 0 0 0
8 1 0 1 0 1 -1 -1 0 0 0 0 -1 0 1 1 0 0 0 0
8 1 0 1 0 1 -1 -1 0 0 0 0 1 0 -1 1 0 0 0 0
8 1 0 1 0 -1 -1 -1 0 0 0 0 -1 0 1 -1 0 0 0 0
8 1 0 1 0 -1 -1 -1 0 0 0 0 1 0 -1 -1 0 0 0 0
8 1 0 1 0 -1 -1 -1 0 0 0 0 -1 0 -1 1 0 0 0 0
8 1 0 1 0 -1 -1 -1 0 0 0 0 1 0 1 1 0 0 0 0
8 -1 0 1 0 1 -1 1 0 0 0 0 -1 0 -1 -1 0 0 0 0
8 -1 0 1 0 1 -1 1 0 0 0 0 1 0 1 -1 0 0 0 0
8 -1 0 1 0 1 -1 1 0 0 0 0 -1 0 1 1 0 0 0 0
8 -1 0 1 0 1 -1 1 0 0 0 0 1 0 -1 1 0 0 0 0
8 -1 0 1 0 -1 -1 1 0 0 0 0 -1 0 1 -1 0 0 0 0
8 -1 0 1 0 -1 -1 1 0 0 0 0 1 0 -1 -1 0 0 0 0
8 -1 0 1 0 -1 -1 1 0 0 0 0 -1 0 -1 1 0 0 0 0
8 -1 0 1 0 -1 -1 1 0 0 0 0 1 0 1 1 0 0 0 0
8 -1 0 1 0 1 -1 -1 0 0 0 0 -1 0 1 -1 0 0 0 0
8 -1 0 1 0 1 -1 -1 0 0 0 0 1 0 -1 -1 0 0 0 0
8 -1 0 1 0 1 -1 -1 0 0 0 0 -1 0 -1 1 0 0 0 0
8 -1 0 1 0 1 -1 -1 0 0 0 0 1 0 1 1 0 0 0 0
8 -1 0 1 0 -1 -1 -1 0 0 0 0 -1 0 -1 -1 0 0 0 0
8 -1 0 1 0 -1 -1 -1 0 0 0 0 1 0 1 -1 0 0 0 0
8 -1 0 1 0 -1 -1 -1 0 0 0 0 -1 0 1 1 0 0 0 0
8 -1 0 1 0 -1 -1 -1 0 0 0 0 1 0 -1 1 0 0 0 0
8 1 0 -1 0 1 -1 1 0 0 0 0 -1 0 -1 -1 0 0 0 0
8 1 0 -1 0 1 -1 1 0 0 0 0 1 0 1 -1 0 0 0 0
8 1 0 -1 0 1 -1 1 0 0 0 0 -1 0 1 1 0 0 0 0
8 1 0 -1 0 1 -1 1 0 0 0 0 1 0 -1 1 0 0 0 0
8 1 0 -1 0 -1 -1 1 0 0 0 0 -1 0 1 -1 0 0 0 0
8 1 0 -1 0 -1 -1 1 0 0 0 0 1 0 -1 -1 0 0 0 0
8 1 0 -1 0 -1 -1 1 0 0 0 0 -1 0 -1 1 0 0 0 0
8 1 0 -1 0 -1 -1 1 0 0 0 0 1 0 1 1 0 0 0 0
8 1 0 -1 0 1 -1 -1 0 0 0 0 -1 0 1 -1 0 0 0 0
8 1 0 -1 0 1 -1 -1 0 0 0 0 1 0 -1 -1 0 0 0 0
8 1 0 -1 0 1 -1 -1 0 0 0 0 -1 0 -1 1 0 0 0 0
8 1 0 -1 0 1 -1 -1 0 0 0 0 1 0 1 1 0 0 0 0
8 1 0 -1 0 -1 -1 -1 0 0 0 0 -1 0 -1 -1 0 0 0 0
8 1 0 -1 0 -1 -1 -1 0 0 0 0 1 0 1 -1 0 0 0 0
8 1 0 -1 0 -1 -1 -1 0 0 0 0 -1 0 1 1 0 0 0 0
8 1 0 -1 0 -1 -1 -1 0 0 0 0 1 0 -1 1 0 0 0 0
8 -1 0 -1 0 1 -1 1 0 0 0 0 -1 0 1 -1 0 0 0 0
8 -1 0 -1 0 1 -1 1 0 0 0 0 1 0 -1 -1 0 0 0 0
8 -1 0 -1 0 1 -1 1 0 0 0 0 -1 0 -1 1 0 0 0 0
8 -1 0 -1 0 1 -1 1 0 0 0 0 1 0 1 1 0 0 0 0
8 -1 0 -1 0 -1 -1 1 0 0 0 0 -1 0 -1 -1 0 0 0 0
8 -1 0 -1 0 -1 -1 1 0 0 0 0 1 0 1 -1 0 0 0 0
8 -1 0 -1 0 -1 -1 1 0 0 0 0 -1 0 1 1 0 0 0 0
8 -1 0 -1 0 -1 -1 1 0 0 0 0 1 0 -1 1 0 0 0 0
8 -1 0 -1 0 1 -1 -1 0 0 0 0 -1 0 -1 -1 0 0 0 0
8 -1 0 -1 0 1 -1 -1 0 0 0 0 1 0 1 -1 0 0 0 0
8 -1 0 -1 0 1 -1 -1 0 0 0 0 -1 0 1 1 0 0 0 0
8 -1 0 -1 0 1 -1 -1 0 0 0 0 1 0 -1 1 0 0 0 0
8 -1 0 -1 0 -1 -1 -1 0 0 0 0 -1 0 1 -1 0 0 0 0
8 -1 0 -1 0 -1 -1 -1 0 0 0 0 1 0 -1 -1 0 0 0 0
8 -1 0 -1 0 -1 -1 -1 0 0 0 0 -1 0 -1 1 0 0 0 0
8 -1 0 -1 0 -1 -1 -1 0 0 0 0 1 0 1 1 0 0 0 0
8 1 0 1 0 1 1 1 0 0 0 0 -1 0 -1 -1 0 0 0 0
8 1 0 1 0 1 1 1 0 0 0 0 1 0 1 -1 0 0 0 0
8 1 0 1 0 1 1 1 0 0 0 0 -1 0 1 1 0 0 0 0
8 1 0 1 0 1 1 1 0 0 0 0 1 0 -1 1 0 0 0 0
8 1 0 1 0 -1 1 1 0 0 0 0 -1 0 1 -1 0 0 0 0
8 1 0 1 0 -1 1 1 0 0 0 0 1 0 -1 -1 0 0 0 0
8 1 0 1 0 -1 1 1 0 0 0 0 -1 0 -1 1 0 0 0 0
8 1 0 1 0 -1 1 1 0 0 0 0 1 0 1 1 0 0 0 0
8 1 0 1 0 1 1 -1 0 0 0 0 -1 0 1 -1 0 0 0 0
8 1 0 1 0 1 1 -1 0 0 0 0 1 0 -1 -1 0 0 0 0
8 1 0 1 0 1 1 -1 0 0 0 0 -1 0 -1 1 0 0 0 0
8 1 0 1 0 1 1 -1 0 0 0 0 1 0 1 1 0 0 0 0
8 1 0 1 0 -1 1 -1 0 0 0 0 -1 0 -1 -1 0 0 0 0
8 1 0 1 0 -1 1 -1 0 0 0 0 1 0 1 -1 0 0 0 0
8 1 0 1 0 -1 1 -1 0 0 0 0 -1 0 1 1 0 0 0 0
8 1 0 1 0 -1 1 -1 0 0 0 0 1 0 -1 1 0 0 0 0
8 -1 0 1 0 1 1 1 0 0 0 0 -1 0 1 -1 0 0 0 0
8 -1 0 1 0 1 1 1 0 0 0 0 1 0 -1 -1 0 0 0 0
8 -1 0 1 0 1 1 1 0 0 0 0 -1 0 -1 1 0 0 0 0
8 -1 0 1 0 1 1 1 0 0 0 0 1 0 1 1 0 0 0 0
8 -1 0 1 0 -1 1 1 0 0 0 0 -1 0 -1 -1 0 0 0 0
8 -1 0 1 0 -1 1 1 0 0 0 0 1 0 1 -1 0 0 0 0
8 -1 0 1 0 -1 1 1 0 0 0 0 -1 0 1 1 0 0 0 0
8 -1 0 1 0 -1 1 1 0 0 0 0 1 0 -1 1 0 0 0 0
8 -1 0 1 0 1 1 -1 0 0 0 0 -1 0 -1 -1 0 0 0 0
8 -1 0 1 0 1 1 -1 0 0 0 0 1 0 1 -1 0 0 0 0
8 -1 0 1 0 1 1 -1 0 0 0 0 -1 0 1 1 0 0 0 0
8 -1 0 1 0 1 1 -1 0 0 0 0 1 0 -1 1 0 0 0 0
8 -1 0 1 0 -1 1 -1 0 0 0 0 -1 0 1 -1 0 0 0 0
8 -1 0 1 0 -1 1 -1 0 0 0 0 1 0 -1 -1 0 0 0 0
8 -1 0 1 0 -1 1 -1 0 0 0 0 -1 0 -1 1 0 0 0 0
8 -1 0 1 0 -1 1 -1 0 0 0 0 1 0 1 1 0 0 0 0
8 1 0 -1 0 1 1 1 0 0 0 0 -1 0 1 -1 0 0 0 0
8 1 0 -1 0 1 1 1 0 0 0 0 1 0 -1 -1 0 0 0 0
8 1 0 -1 0 1 1 1 0 0 0 0 -1 0 -1 1 0 0 0 0
8 1 0 -1 0 1 1 1 0 0 0 0 1 0 1 1 0 0 0 0
8 1 0 -1 0 -1 1 1 0 0 0 0 -1 0 -1 -1 0 0 0 0
8 1 0 -1 0 -1 1 1 0 0 0 0 1 0 1 -1 0 0 0 0
8 1 0 -1 0 -1 1 1 0 0 0 0 -1 0 1 1 0 0 0 0
8 1 0 -1 0 -1 1 1 0 0 0 0 1 0 -1 1 0 0 0 0
8 1 0 -1 0 1 1 -1 0 0 0 0 -1 0 -1 -1 0 0 0 0
8 1 0 -1 0 1 1 -1 0 0 0 0 1 0 1 -1 0 0 0 0
8 1 0 -1 0 1 1 -1 0 0 0 0 -1 0 1 1 0 0 0 0
8 1 0 -1 0 1 1 -1 0 0 0 0 1 0 -1 1 0 0 0 0
8 1 0 -1 0 -1 1 -1 0 0 0 0 -1 0 1 -1 0 0 0 0
8 1 0 -1 0 -1 1 -1 0 0 0 0 1 0 -1 -1 0 0 0 0
8 1 0 -1 0 -1 1 -1 0 0 0 0 -1 0 -1 1 0 0 0 0
8 1 0 -1 0 -1 1 -1 0 0 0 0 1 0 1 1 0 0 0 0
8 -1 0 -1 0 1 1 1 0 0 0 0 -1 0 -1 -1 0 0 0 0
8 -1 0 -1 0 1 1 1 0 0 0 0 1 0 1 -1 0 0 0 0
8 -1 0 -1 0 1 1 1 0 0 0 0 -1 0 1 1 0 0 0 0
8 -1 0 -1 0 1 1 1 0 0 0 0 1 0 -1 1 0 0 0 0
8 -1 0 -1 0 -1 1 1 0 0 0 0 -1 0 1 -1 0 0 0 0
8 -1 0 -1 0 -1 1 1 0 0 0 0 1 0 -1 -1 0 0 0 0
8 -1 0 -1 0 -1 1 1 0 0 0 0 -1 0 -1 1 0 0 0 0
8 -1 0 -1 0 -1 1 1 0 0 0 0 1 0 1 1 0 0 0 0
8 -1 0 -1 0 1 1 -1 0 0 0 0 -1 0 1 -1 0 0 0 0
8 -1 0 -1 0 1 1 -1 0 0 0 0 1 0 -1 -1 0 0 0 0
8 -1 0 -1 0 1 1 -1 0 0 0 0 -1 0 -1 1 0 0 0 0
8 -1 0 -1 0 1 1 -1 0 0 0 0 1 0 1 1 0 0 0 0
8 -1 0 -1 0 -1 1 -1 0 0 0 0 -1 0 -1 -1 0 0 0 0
8 -1 0 -1 0 -1 1 -1 0 0 0 0 1 0 1 -1 0 0 0 0
8 -1 0 -1 0 -1 1 -1 0 0 0 0 -1 0 1 1 0 0 0 0
8 -1 0 -1 0 -1 1 -1 0 0 0 0 1 0 -1 1 0 0 0 0
8 0 0 1 1 0 0 0 0 0 0 -1 -1 0 -1 -1 0 -1 0 -1
8 0 0 1 1 0 0 0 0 0 0 -1 1 0 1 -1 0 -1 0 -1
8 0 0 1 1 0 0 0 0 0 0 -1 -1 0 1 1 0 -1 0 -1
8 0 0 1 1 0 0 0 0 0 0 -1 1 0 -1 1 0 -1 0 -1
8 0 0 1 -1 0 0 0 0 0 0 -1 -1 0 1 -1 0 -1 0 -1
8 0 0 1 -1 0 0 0 0 0 0 -1 1 0 -1 -1 0 -1 0 -1
8 0 0 1 -1 0 0 0 0 0 0 -1 -1 0 -1 1 0 -1 0 -1
8 0 0 1 -1 0 0 0 0 0 0 -1 1 0 1 1 0 -1 0 -1
8 0 0 1 1 0 0 0 0 0 0 1 -1 0 1 -1 0 -1 0 -1
8 0 0 1 1 0 0 0 0 0 0 1 1 0 -1 -1 0 -1 0 -1
8 0 0 1 1 0 0 0 0 0 0 1 -1 0 -1 1 0 -1 0 -1
8 0 0 1 1 0 0 0 0 0 0 1 1 0 1 1 0 -1 0 -1
8 0 0 1 -1 0 0 0 0 0 0 1 -1 0 -1 -1 0 -1 0 -1
8 0 0 1 -1 0 0 0 0 0 0 1 1 0 1 -1 0 -1 0 -1
8 0 0 1 -1 0 0 0 0 0 0 1 -1 0 1 1 0 -1 0 -1
8 0 0 1 -1 0 0 0 0 0 0 1 1 0 -1 1 0 -1 0 -1
8 0 0 -1 1 0 0 0 0 0 0 -1 -1 0 1 -1 0 -1 0 -1
8 0 0 -1 1 0 0 0 0 0 0 -1 1 0 -1 -1 0 -1 0 -1
8 0 0 -1 1 0 0 0 0 0 0 -1 -1 0 -1 1 0 -1 0 -1
8 0 0 -1 1 0 0 0 0 0 0 -1 1 0 1 1 0 -1 0 -1
8 0 0 -1 -1 0 0 0 0 0 0 -1 -1 0 -1 -1 0 -1 0 -1
8 0 0 -1 -1 0 0 0 0 0 0 -1 1 0 1 -1 0 -1 0 -1
8 0 0 -1 -1 0 0 0 0 0 0 -1 -1 0 1 1 0 -1 0 -1
8 0 0 -1 -1 0 0 0 0 0 0 -1 1 0 -1 1 0 -1 0 -1
8 0 0 -1 1 0 0 0 0 0 0 1 -1 0 -1 -1 0 -1 0 -1
8 0 0 -1 1 0 0 0 0 0 0 1 1 0 1 -1 0 -1 0 -1
8 0 0 -1 1 0 0 0 0 0 0 1 -1 0 1 1 0 -1 0 -1
8 0 0 -1 1 0 0 0 0 0 0 1 1 0 -1 1 0 -1 0 -1
8 0 0 -1 -1 0 0 0 0 0 0 1 -1 0 1 -1 0 -1 0 -1
8 0 0 -1 -1 0 0 0 0 0 0 1 1 0 -1 -1 0 -1 0 -1
8 0 0 -1 -1 0 0 0 0 0 0 1 -1 0 -1 1 0 -1 0 -1
8 0 0 -1 -1 0 0 0 0 0 0 1 1 0 1 1 0 -1 0 -1
8 0 0 1 1 0 0 0 0 0 0 -1 -1 0 -1 -1 0 1 0 1
8 0 0 1 1 0 0 0 0 0 0 -1 1 0 1 -1 0 1 0 1
8 0 0 1 1 0 0 0 0 0 0 -1 -1 0 1 1 0 1 0 1
8 0 0 1 1 0 0 0 0 0 0 -1 1 0 -1 1 0 1 0 1
8 0 0 1 -1 0 0 0 0 0 0 -1 -1 0 1 -1 0 1 0 1
8 0 0 1 -1 0 0 0 0 0 0 -1 1 0 -1 -1 0 1 0 1
8 0 0 1 -1 0 0 0 0 0 0 -1 -1 0 -1 1 0 1 0 1
8 0 0 1 -1 0 0 0 0 0 0 -1 1 0 1 1 0 1 0 1
8 0 0 1 1 0 0 0 0 0 0 1 -1 0 1 -1 0 1 0 1
8 0 0 1 1 0 0 0 0 0 0 1 1 0 -1 -1 0 1 0 1
8 0 0 1 1 0 0 0 0 0 0 1 -1 0 -1 1 0 1 0 1
8 0 0 1 1 0 0 0 0 0 0 1 1 0 1 1 0 1 0 1
8 0 0 1 -1 0 0 0 0 0 0 1 -1 0 -1 -1 0 1 0 1
8 0 0 1 -1 0 0 0 0 0 0 1 1 0 1 -1 0 1 0 1
8 0 0 1 -1 0 0 0 0 0 0 1 -1 0 1 1 0 1 0 1
8 0 0 1 -1 0 0 0 0 0 0 1 1 0 -1 1 0 1 0 1
8 0 0 -1 1 0 0 0 0 0 0 -1 -1 0 1 -1 0 1 0 1
8 0 0 -1 1 0 0 0 0 0 0 -1 1 0 -1 -1 0 1 0 1
8 0 0 -1 1 0 0 0 0 0 0 -1 -1 0 -1 1 0 1 0 1
8 0 0 -1 1 0 0 0 0 0 0 -1 1 0 1 1 0 1 0 1
8 0 0 -1 -1 0 0 0 0 0 0 -1 -1 0 -1 -1 0 1 0 1
8 0 0 -1 -1 0 0 0 0 0 0 -1 1 0 1 -1 0 1 0 1
8 0 0 -1 -1 0 0 0 0 0 0 -1 -1 0 1 1 0 1 0 1
8 0 0 -1 -1 0 0 0 0 0 0 -1 1 0 -1 1 0 1 0 1
8 0 0 -1 1 0 0 0 0 0 0 1 -1 0 -1 -1 0 1 0 1
8 0 0 -1 1 0 0 0 0 0 0 1 1 0 1 -1 0 1 0 1
8 0 0 -1 1 0 0 0 0 0 0 1 -1 0 1 1 0 1 0 1
8 0 0 -1 1 0 0 0 0 0 0 1 1 0 -1 1 0 1 0 1
8 0 0 -1 -1 0 0 0 0 0 0 1 -1 0 1 -1 0 1 0 1
8 0 0 -1 -1 0 0 0 0 0 0 1 1 0 -1 -1 0 1 0 1
8 0 0 -1 -1 0 0 0 0 0 0 1 -1 0 -1 1 0 1 0 1
8 0 0 -1 -1 0 0 0 0 0 0 1 1 0 1 1 0 1 0 1
8 0 0 0 0 1 0 0 1 0 0 0 -1 -1 -1 -1 0 -1 -1 0
8 0 0 0 0 1 0 0 1 0 0 0 1 -1 1 -1 0 -1 -1 0
8 0 0 0 0 1 0 0 1 0 0 0 -1 -1 1 1 0 -1 -1 0
8 0 0 0 0 1 0 0 1 0 0 0 1 -1 -1 1 0 -1 -1 0
8 0 0 0 0 -1 0 0 1 0 0 0 -1 -1 1 -1 0 -1 -1 0
8 0 0 0 0 -1 0 0 1 0 0 0 1 -1 -1 -1 0 -1 -1 0
8 0 0 0 0 -1 0 0 1 0 0 0 -1 -1 -1 1 0 -1 -1 0
8 0 0 0 0 -1 0 0 1 0 0 0 1 -1 1 1 0 -1 -1 0
8 0 0 0 0 1 0 0 1 0 0 0 -1 1 1 -1 0 -1 -1 0
8 0 0 0 0 1 0 0 1 0 0 0 1 1 -1 -1 0 -1 -1 0
8 0 0 0 0 1 0 0 1 0 0 0 -1 1 -1 1 0 -1 -1 0
8 0 0 0 0 1 0 0 1 0 0 0 1 1 1 1 0 -1 -1 0
8 0 0 0 0 -1 0 0 1 0 0 0 -1 1 -1 -1 0 -1 -1 0
8 0 0 0 0 -1 0 0 1 0 0 0 1 1 1 -1 0 -1 -1 0
8 0 0 0 0 -1 0 0 1 0 0 0 -1 1 1 1 0 -1 -1 0
8 0 0 0 0 -1 0 0 1 0 0 0 1 1 -1 1 0 -1 -1 0
8 0 0 0 0 1 0 0 1 0 0 0 -1 -1 -1 -1 0 1 1 0
8 0 0 0 0 1 0 0 1 0 0 0 1 -1 1 -1 0 1 1 0
8 0 0 0 0 1 0 0 1 0 0 0 -1 -1 1 1 0 1 1 0
8 0 0 0 0 1 0 0 1 0 0 0 1 -1 -1 1 0 1 1 0
8 0 0 0 0 -1 0 0 1 0 0 0 -1 -1 1 -1 0 1 1 0
8 0 0 0 0 -1 0 0 1 0 0 0 1 -1 -1 -1 0 1 1 0
8 0 0 0 0 -1 0 0 1 0 0 0 -1 -1 -1 1 0 1 1 0
8 0 0 0 0 -1 0 0 1 0 0 0 1 -1 1 1 0 1 1 0
8 0 0 0 0 1 0 0 1 0 0 0 -1 1 1 -1 0 1 1 0
8 0 0 0 0 1 0 0 1 0 0 0 1 1 -1 -1 0 1 1 0
8 0 0 0 0 1 0 0 1 0 0 0 -1 1 -1 1 0 1 1 0
8 0 0 0 0 1 0 0 1 0 0 0 1 1 1 1 0 1 1 0
8 0 0 0 0 -1 0 0 1 0 0 0 -1 1 -1 -1 0 1 1 0
8 0 0 0 0 -1 0 0 1 0 0 0 1 1 1 -1 0 1 1 0
8 0 0 0 0 -1 0 0 1 0 0 0 -1 1 1 1 0 1 1 0
8 0 0 0 0 -1 0 0 1 0 0 0 1 1 -1 1 0 1 1 0
8 0 0 0 0 1 0 0 -1 0 0 0 -1 -1 1 -1 0 -1 -1 0
8 0 0 0 0 1 0 0 -1 0 0 0 1 -1 -1 -1 0 -1 -1 0
8 0 0 0 0 1 0 0 -1 0 0 0 -1 -1 -1 1 0 -1 -1 0
8 0 0 0 0 1 0 0 -1 0 0 0 1 -1 1 1 0 -1 -1 0
8 0 0 0 0 -1 0 0 -1 0 0 0 -1 -1 -1 -1 0 -1 -1 0
8 0 0 0 0 -1 0 0 -1 0 0 0 1 -1 1 -1 0 -1 -1 0
8 0 0 0 0 -1 0 0 -1 0 0 0 -1 -1 1 1 0 -1 -1 0
8 0 0 0 0 -1 0 0 -1 0 0 0 1 -1 -1 1 0 -1 -1 0
8 0 0 0 0 1 0 0 -1 0 0 0 -1 1 -1 -1 0 -1 -1 0
8 0 0 0 0 1 0 0 -1 0 0 0 1 1 1 -1 0 -1 -1 0
8 0 0 0 0 1 0 0 -1 0 0 0 -1 1 1 1 0 -1 -1 0
8 0 0 0 0 1 0 0 -1 0 0 0 1 1 -1 1 0 -1 -1 0
8 0 0 0 0 -1 0 0 -1 0 0 0 -1 1 1 -1 0 -1 -1 0
8 0 0 0 0 -1 0 0 -1 0 0 0 1 1 -1 -1 0 -1 -1 0
8 0 0 0 0 -1 0 0 -1 0 0 0 -1 1 -1 1 0 -1 -1 0
8 0 0 0 0 -1 0 0 -1 0 0 0 1 1 1 1 0 -1 -1 0
8 0 0 0 0 1 0 0 -1 0 0 0 -1 -1 1 -1 0 1 1 0
8 0 0 0 0 1 0 0 -1 0 0 0 1 -1 -1 -1 0 1 1 0
8 0 0 0 0 1 0 0 -1 0 0 0 -1 -1 -1 1 0 1 1 0
8 0 0 0 0 1 0 0 -1 0 0 0 1 -1 1 1 0 1 1 0
8 0 0 0 0 -1 0 0 -1 0 0 0 -1 -1 -1 -1 0 1 1 0
8 0 0 0 0 -1 0 0 -1 0 0 0 1 -1 1 -1 0 1 1 0
8 0 0 0 0 -1 0 0 -1 0 0 0 -1 -1 1 1 0 1 1 0
8 0 0 0 0 -1 0 0 -1 0 0 0 1 -1 -1 1 0 1 1 0
8 0 0 0 0 1 0 0 -1 0 0 0 -1 1 -1 -1 0 1 1 0
8 0 0 0 0 1 0 0 -1 0 0 0 1 1 1 -1 0 1 1 0
8 0 0 0 0 1 0 0 -1 0 0 0 -1 1 1 1 0 1 1 0
8 0 0 0 0 1 0 0 -1 0 0 0 1 1 -1 1 0 1 1 0
8 0 0 0 0 -1 0 0 -1 0 0 0 -1 1 1 -1 0 1 1 0
8 0 0 0 0 -1 0 0 -1 0 0 0 1 1 -1 -1 0 1 1 0
8 0 0 0 0 -1 0 0 -1 0 0 0 -1 1 -1 1 0 1 1 0
8 0 0 0 0 -1 0 0 -1 0 0 0 1 1 1 1 0 1 1 0
8 0 0 1 0 0 -1 0 1 -1 0 -1 -1 -1 1 0 0 0 0 0
8 0 0 1 0 0 -1 0 1 -1 0 -1 1 -1 -1 0 0 0 0 0
8 0 0 1 0 0 -1 0 1 1 0 -1 -1 -1 -1 0 0 0 0 0
8 0 0 1 0 0 -1 0 1 1 0 -1 1 -1 1 0 0 0 0 0
8 0 0 1 0 0 -1 0 1 -1 0 1 -1 -1 -1 0 0 0 0 0
8 0 0 1 0 0 -1 0 1 -1 0 1 1 -1 1 0 0 0 0 0
8 0 0 1 0 0 -1 0 1 1 0 1 -1 -1 1 0 0 0 0 0
8 0 0 1 0 0 -1 0 1 1 0 1 1 -1 -1 0 0 0 0 0
8 0 0 1 0 0 -1 0 1 -1 0 -1 -1 1 -1 0 0 0 0 0
8 0 0 1 0 0 -1 0 1 -1 0 -1 1 1 1 0 0 0 0 0
8 0 0 1 0 0 -1 0 1 1 0 -1 -1 1 1 0 0 0 0 0
8 0 0 1 0 0 -1 0 1 1 0 -1 1 1 -1 0 0 0 0 0
8 0 0 1 0 0 -1 0 1 -1 0 1 -1 1 1 0 0 0 0 0
8 0 0 1 0 0 -1 0 1 -1 0 1 1 1 -1 0 0 0 0 0
8 0 0 1 0 0 -1 0 1 1 0 1 -1 1 -1 0 0 0 0 0
8 0 0 1 0 0 -1 0 1 1 0 1 1 1 1 0 0 0 0 0
8 0 0 -1 0 0 -1 0 1 -1 0 -1 -1 -1 -1 0 0 0 0 0
8 0 0 -1 0 0 -1 0 1 -1 0 -1 1 -1 1 0 0 0 0 0
8 0 0 -1 0 0 -1 0 1 1 0 -1 -1 -1 1 0 0 0 0 0
8 0 0 -1 0 0 -1 0 1 1 0 -1 1 -1 -1 0 0 0 0 0
8 0 0 -1 0 0 -1 0 1 -1 0 1 -1 -1 1 0 0 0 0 0
8 0 0 -1 0 0 -1 0 1 -1 0 1 1 -1 -1 0 0 0 0 0
8 0 0 -1 0 0 -1 0 1 1 0 1 -1 -1 -1 0 0 0 0 0
8 0 0 -1 0 0 -1 0 1 1 0 1 1 -1 1 0 0 0 0 0
8 0 0 -1 0 0 -1 0 1 -1 0 -1 -1 1 1 0 0 0 0 0
8 0 0 -1 0 0 -1 0 1 -1 0 -1 1 1 -1 0 0 0 0 0
8 0 0 -1 0 0 -1 0 1 1 0 -1 -1 1 -1 0 0 0 0 0
8 0 0 -1 0 0 -1 0 1 1 0 -1 1 1 1 0 0 0 0 0
8 0 0 -1 0 0 -1 0 1 -1 0 1 -1 1 -1 0 0 0 0 0
8 0 0 -1 0 0 -1 0 1 -1 0 1 1 1 1 0 0 0 0 0
8 0 0 -1 0 0 -1 0 1 1 0 1 -1 1 1 0 0 0 0 0
8 0 0 -1 0 0 -1 0 1 1 0 1 1 1 -1 0 0 0 0 0
8 0 0 1 0 0 -1 0 -1 -1 0 -1 -1 -1 -1 0 0 0 0 0
8 0 0 1 0 0 -1 0 -1 -1 0 -1 1 -1 1 0 0 0 0 0
8 0 0 1 0 0 -1 0 -1 1 0 -1 -1 -1 1 0 0 0 0 0
8 0 0 1 0 0 -1 0 -1 1 0 -1 1 -1 -1 0 0 0 0 0
8 0 0 1 0 0 -1 0 -1 -1 0 1 -1 -1 1 0 0 0 0 0
8 0 0 1 0 0 -1 0 -1 -1 0 1 1 -1 -1 0 0 0 0 0
8 0 0 1 0 0 -1 0 -1 1 0 1 -1 -1 -1 0 0 0 0 0
8 0 0 1 0 0 -1 0 -1 1 0 1 1 -1 1 0 0 0 0 0
8 0 0 1 0 0 -1 0 -1 -1 0 -1 -1 1 1 0 0 0 0 0
8 0 0 1 0 0 -1 0 -1 -1 0 -1 1 1 -1 0 0 0 0 0
8 0 0 1 0 0 -1 0 -1 1 0 -1 -1 1 -1 0 0 0 0 0
8 0 0 1 0 0 -1 0 -1 1 0 -1 1 1 1 0 0 0 0 0
8 0 0 1 0 0 -1 0 -1 -1 0 1 -1 1 -1 0 0 0 0 0
8 0 0 1 0 0 -1 0 -1 -1 0 1 1 1 1 0 0 0 0 0
8 0 0 1 0 0 -1 0 -1 1 0 1 -1 1 1 0 0 0 0 0
8 0 0 1 0 0 -1 0 -1 1 0 1 1 1 -1 0 0 0 0 0
8 0 0 -1 0 0 -1 0 -1 -1 0 -1 -1 -1 1 0 0 0 0 0
8 0 0 -1 0 0 -1 0 -1 -1 0 -1 1 -1 -1 0 0 0 0 0
8 0 0 -1 0 0 -1 0 -1 1 0 -1 -1 -1 -1 0 0 0 0 0
8 0 0 -1 0 0 -1 0 -1 1 0 -1 1 -1 1 0 0 0 0 0
8 0 0 -1 0 0 -1 0 -1 -1 0 1 -1 -1 -1 0 0 0 0 0
8 0 0 -1 0 0 -1 0 -1 -1 0 1 1 -1 1 0 0 0 0 0
8 0 0 -1 0 0 -1 0 -1 1 0 1 -1 -1 1 0 0 0 0 0
8 0 0 -1 0 0 -1 0 -1 1 0 1 1 -1 -1 0 0 0 0 0
8 0 0 -1 0 0 -1 0 -1 -1 0 -1 -1 1 -1 0 0 0 0 0
8 0 0 -1 0 0 -1 0 -1 -1 0 -1 1 1 1 0 0 0 0 0
8 0 0 -1 0 0 -1 0 -1 1 0 -1 -1 1 1 0 0 0 0 0
8 0 0 -1 0 0 -1 0 -1 1 0 -1 1 1 -1 0 0 0 0 0
8 0 0 -1 0 0 -1 0 -1 -1 0 1 -1 1 1 0 0 0 0 0
8 0 0 -1 0 0 -1 0 -1 -1 0 1 1 1 -1 0 0 0 0 0
8 0 0 -1 0 0 -1 0 -1 1 0 1 -1 1 -1 0 0 0 0 0
8 0 0 -1 0 0 -1 0 -1 1 0 1 1 1 1 0 0 0 0 0
8 0 0 1 0 0 1 0 1 -1 0 -1 -1 -1 -1 0 0 0 0 0
8 0 0 1 0 0 1 0 1 -1 0 -1 1 -1 1 0 0 0 0 0
8 0 0 1 0 0 1 0 1 1 0 -1 -1 -1 1 0 0 0 0 0
8 0 0 1 0 0 1 0 1 1 0 -1 1 -1 -1 0 0 0 0 0
8 0 0 1 0 0 1 0 1 -1 0 1 -1 -1 1 0 0 0 0 0
8 0 0 1 0 0 1 0 1 -1 0 1 1 -1 -1 0 0 0 0 0
8 0 0 1 0 0 1 0 1 1 0 1 -1 -1 -1 0 0 0 0 0
8 0 0 1 0 0 1 0 1 1 0 1 1 -1 1 0 0 0 0 0
8 0 0 1 0 0 1 0 1 -1 0 -1 -1 1 1 0 0 0 0 0
8 0 0 1 0 0 1 0 1 -1 0 -1 1 1 -1 0 0 0 0 0
8 0 0 1 0 0 1 0 1 1 0 -1 -1 1 -1 0 0 0 0 0
8 0 0 1 0 0 1 0 1 1 0 -1 1 1 1 0 0 0 0 0
8 0 0 1 0 0 1 0 1 -1 0 1 -1 1 -1 0 0 0 0 0
8 0 0 1 0 0 1 0 1 -1 0 1 1 1 1 0 0 0 0 0
8 0 0 1 0 0 1 0 1 1 0 1 -1 1 1 0 0 0 0 0
8 0 0 1 0 0 1 0 1 1 0 1 1 1 -1 0 0 0 0 0
8 0 0 -1 0 0 1 0 1 -1 0 -1 -1 -1 1 0 0 0 0 0
8 0 0 -1 0 0 1 0 1 -1 0 -1 1 -1 -1 0 0 0 0 0
8 0 0 -1 0 0 1 0 1 1 0 -1 -1 -1 -1 0 0 0 0 0
8 0 0 -1 0 0 1 0 1 1 0 -1 1 -1 1 0 0 0 0 0
8 0 0 -1 0 0 1 0 1 -1 0 1 -1 -1 -1 0 0 0 0 0
8 0 0 -1 0 0 1 0 1 -1 0 1 1 -1 1 0 0 0 0 0
8 0 0 -1 0 0 1 0 1 1 0 1 -1 -1 1 0 0 0 0 0
8 0 0 -1 0 0 1 0 1 1 0 1 1 -1 -1 0 0 0 0 0
8 0 0 -1 0 0 1 0 1 -1 0 -1 -1 1 -1 0 0 0 0 0
8 0 0 -1 0 0 1 0 1 -1 0 -1 1 1 1 0 0 0 0 0
8 0 0 -1 0 0 1 0 1 1 0 -1 -1 1 1 0 0 0 0 0
8 0 0 -1 0 0 1 0 1 1 0 -1 1 1 -1 0 0 0 0 0
8 0 0 -1 0 0 1 0 1 -1 0 1 -1 1 1 0 0 0 0 0
8 0 0 -1 0 0 1 0 1 -1 0 1 1 1 -1 0 0 0 0 0
8 0 0 -1 0 0 1 0 1 1 0 1 -1 1 -1 0 0 0 0 0
8 0 0 -1 0 0 1 0 1 1 0 1 1 1 1 0 0 0 0 0
8 0 0 1 0 0 1 0 -1 -1 0 -1 -1 -1 1 0 0 0 0 0
8 0 0 1 0 0 1 0 -1 -1 0 -1 1 -1 -1 0 0 0 0 0
8 0 0 1 0 0 1 0 -1 1 0 -1 -1 -1 -1 0 0 0 0 0
8 0 0 1 0 0 1 0 -1 1 0 -1 1 -1 1 0 0 0 0 0
8 0 0 1 0 0 1 0 -1 -1 0 1 -1 -1 -1 0 0 0 0 0
8 0 0 1 0 0 1 0 -1 -1 0 1 1 -1 1 0 0 0 0 0
8 0 0 1 0 0 1 0 -1 1 0 1 -1 -1 1 0 0 0 0 0
8 0 0 1 0 0 1 0 -1 1 0 1 1 -1 -1 0 0 0 0 0
8 0 0 1 0 0 1 0 -1 -1 0 -1 -1 1 -1 0 0 0 0 0
8 0 0 1 0 0 1 0 -1 -1 0 -1 1 1 1 0 0 0 0 0
8 0 0 1 0 0 1 0 -1 1 0 -1 -1 1 1 0 0 0 0 0
8 0 0 1 0 0 1 0 -1 1 0 -1 1 1 -1 0 0 0 0 0
8 0 0 1 0 0 1 0 -1 -1 0 1 -1 1 1 0 0 0 0 0
8 0 0 1 0 0 1 0 -1 -1 0 1 1 1 -1 0 0 0 0 0
8 0 0 1 0 0 1 0 -1 1 0 1 -1 1 -1 0 0 0 0 0
8 0 0 1 0 0 1 0 -1 1 0 1 1 1 1 0 0 0 0 0
8 0 0 -1 0 0 1 0 -1 -1 0 -1 -1 -1 -1 0 0 0 0 0
8 0 0 -1 0 0 1 0 -1 -1 0 -1 1 -1 1 0 0 0 0 0
8 0 0 -1 0 0 1 0 -1 1 0 -1 -1 -1 1 0 0 0 0 0
8 0 0 -1 0 0 1 0 -1 1 0 -1 1 -1 -1 0 0 0 0 0
8 0 0 -1 0 0 1 0 -1 -1 0 1 -1 -1 1 0 0 0 0 0
8 0 0 -1 0 0 1 0 -1 -1 0 1 1 -1 -1 0 0 0 0 0
8 0 0 -1 0 0 1 0 -1 1 0 1 -1 -1 -1 0 0 0 0 0
8 0 0 -1 0 0 1 0 -1 1 0 1 1 -1 1 0 0 0 0 0
8 0 0 -1 0 0 1 0 -1 -1 0 -1 -1 1 1 0 0 0 0 0
8 0 0 -1 0 0 1 0 -1 -1 0 -1 1 1 -1 0 0 0 0 0
8 0 0 -1 0 0 1 0 -1 1 0 -1 -1 1 -1 0 0 0 0 0
8 0 0 -1 0 0 1 0 -1 1 0 -1 1 1 1 0 0 0 0 0
8 0 0 -1 0 0 1 0 -1 -1 0 1 -1 1 -1 0 0 0 0 0
8 0 0 -1 0 0 1 0 -1 -1 0 1 1 1 1 0 0 0 0 0
8 0 0 -1 0 0 1 0 -1 1 0 1 -1 1 1 0 0 0 0 0
8 0 0 -1 0 0 1 0 -1 1 0 1 1 1 -1 0 0 0 0 0
8 1 0 0 0 0 0 1 0 -1 0 -1 -1 0 -1 0 0 -1 -1 0
8 1 0 0 0 0 0 1 0 -1 0 -1 1 0 1 0 0 -1 -1 0
8 1 0 0 0 0 0 1 0 1 0 -1 -1 0 1 0 0 -1 -1 0
8 1 0 0 0 0 0 1 0 1 0 -1 1 0 -1 0 0 -1 -1 0
8 1 0 0 0 0 0 1 0 -1 0 1 -1 0 1 0 0 -1 -1 0
8 1 0 0 0 0 0 1 0 -1 0 1 1 0 -1 0 0 -1 -1 0
8 1 0 0 0 0 0 1 0 1 0 1 -1 0 -1 0 0 -1 -1 0
8 1 0 0 0 0 0 1 0 1 0 1 1 0 1 0 0 -1 -1 0
8 1 0 0 0 0 0 -1 0 -1 0 -1 -1 0 1 0 0 -1 -1 0
8 1 0 0 0 0 0 -1 0 -1 0 -1 1 0 -1 0 0 -1 -1 0
8 1 0 0 0 0 0 -1 0 1 0 -1 -1 0 -1 0 0 -1 -1 0
8 1 0 0 0 0 0 -1 0 1 0 -1 1 0 1 0 0 -1 -1 0
8 1 0 0 0 0 0 -1 0 -1 0 1 -1 0 -1 0 0 -1 -1 0
8 1 0 0 0 0 0 -1 0 -1 0 1 1 0 1 0 0 -1 -1 0
8 1 0 0 0 0 0 -1 0 1 0 1 -1 0 1 0 0 -1 -1 0
8 1 0 0 0 0 0 -1 0 1 0 1 1 0 -1 0 0 -1 -1 0
8 -1 0 0 0 0 0 1 0 -1 0 -1 -1 0 1 0 0 -1 -1 0
8 -1 0 0 0 0 0 1 0 -1 0 -1 1 0 -1 0 0 -1 -1 0
8 -1 0 0 0 0 0 1 0 1 0 -1 -1 0 -1 0 0 -1 -1 0
8 -1 0 0 0 0 0 1 0 1 0 -1 1 0 1 0 0 -1 -1 0
8 -1 0 0 0 0 0 1 0 -1 0 1 -1 0 -1 0 0 -1 -1 0
8 -1 0 0 0 0 0 1 0 -1 0 1 1 0 1 0 0 -1 -1 0
8 -1 0 0 0 0 0 1 0 1 0 1 -1 0 1 0 0 -1 -1 0
8 -1 0 0 0 0 0 1 0 1 0 1 1 0 -1 0 0 -1 -1 0
8 -1 0 0 0 0 0 -1 0 -1 0 -1 -1 0 -1 0 0 -1 -1 0
8 -1 0 0 0 0 0 -1 0 -1 0 -1 1 0 1 0 0 -1 -1 0
8 -1 0 0 0 0 0 -1 0 1 0 -1 -1 0 1 0 0 -1 -1 0
8 -1 0 0 0 0 0 -1 0 1 0 -1 1 0 -1 0 0 -1 -1 0
8 -1 0 0 0 0 0 -1 0 -1 0 1 -1 0 1 0 0 -1 -1 0
8 -1 0 0 0 0 0 -1 0 -1 0 1 1 0 -1 0 0 -1 -1 0
8 -1 0 0 0 0 0 -1 0 1 0 1 -1 0 -1 0 0 -1 -1 0
8 -1 0 0 0 0 0 -1 0 1 0 1 1 0 1 0 0 -1 -1 0
8 1 0 0 0 0 0 1 0 -1 0 -1 -1 0 -1 0 0 1 1 0
8 1 0 0 0 0 0 1 0 -1 0 -1 1 0 1 0 0 1 1 0
8 1 0 0 0 0 0 1 0 1 0 -1 -1 0 1 0 0 1 1 0
8 1 0 0 0 0 0 1 0 1 0 -1 1 0 -1 0 0 1 1 0
8 1 0 0 0 0 0 1 0 -1 0 1 -1 0 1 0 0 1 1 0
8 1 0 0 0 0 0 1 0 -1 0 1 1 0 -1 0 0 1 1 0
8 1 0 0 0 0 0 1 0 1 0 1 -1 0 -1 0 0 1 1 0
8 1 0 0 0 0 0 1 0 1 0 1 1 0 1 0 0 1 1 0
8 1 0 0 0 0 0 -1 0 -1 0 -1 -1 0 1 0 0 1 1 0
8 1 0 0 0 0 0 -1 0 -1 0 -1 1 0 -1 0 0 1 1 0
8 1 0 0 0 0 0 -1 0 1 0 -1 -1 0 -1 0 0 1 1 0
8 1 0 0 0 0 0 -1 0 1 0 -1 1 0 1 0 0 1 1 0
8 1 0 0 0 0 0 -1 0 -1 0 1 -1 0 -1 0 0 1 1 0
8 1 0 0 0 0 0 -1 0 -1 0 1 1 0 1 0 0 1 1 0
8 1 0 0 0 0 0 -1 0 1 0 1 -1 0 1 0 0 1 1 0
8 1 0 0 0 0 0 -1 0 1 0 1 1 0 -1 0 0 1 1 0
8 -1 0 0 0 0 0 1 0 -1 0 -1 -1 0 1 0 0 1 1 0
8 -1 0 0 0 0 0 1 0 -1 0 -1 1 0 -1 0 0 1 1 0
8 -1 0 0 0 0 0 1 0 1 0 -1 -1 0 -1 0 0 1 1 0
8 -1 0 0 0 0 0 1 0 1 0 -1 1 0 1 0 0 1 1 0
8 -1 0 0 0 0 0 1 0 -1 0 1 -1 0 -1 0 0 1 1 0
8 -1 0 0 0 0 0 1 0 -1 0 1 1 0 1 0 0 1 1 0
8 -1 0 0 0 0 0 1 0 1 0 1 -1 0 1 0 0 1 1 0
8 -1 0 0 0 0 0 1 0 1 0 1 1 0 -1 0 0 1 1 0
8 -1 0 0 0 0 0 -1 0 -1 0 -1 -1 0 -1 0 0 1 1 0
8 -1 0 0 0 0 0 -1 0 -1 0 -1 1 0 1 0 0 1 1 0
8 -1 0 0 0 0 0 -1 0 1 0 -1 -1 0 1 0 0 1 1 0
8 -1 0 0 0 0 0 -1 0 1 0 -1 1 0 -1 0 0 1 1 0
8 -1 0 0 0 0 0 -1 0 -1 0 1 -1 0 1 0 0 1 1 0
8 -1 0 0 0 0 0 -1 0 -1 0 1 1 0 -1 0 0 1 1 0
8 -1 0 0 0 0 0 -1 0 1 0 1 -1 0 -1 0 0 1 1 0
8 -1 0 0 0 0 0 -1 0 1 0 1 1 0 1 0 0 1 1 0
8 0 0 0 1 1 -1 0 0 -1 0 0 -1 0 -1 0 0 0 -1 1
8 0 0 0 1 1 -1 0 0 -1 0 0 1 0 1 0 0 0 -1 1
8 0 0 0 1 1 -1 0 0 1 0 0 -1 0 1 0 0 0 -1 1
8 0 0 0 1 1 -1 0 0 1 0 0 1 0 -1 0 0 0 -1 1
8 0 0 0 1 1 -1 0 0 -1 0 0 -1 0 -1 0 0 0 1 -1
8 0 0 0 1 1 -1 0 0 -1 0 0 1 0 1 0 0 0 1 -1
8 0 0 0 1 1 -1 0 0 1 0 0 -1 0 1 0 0 0 1 -1
8 0 0 0 1 1 -1 0 0 1 0 0 1 0 -1 0 0 0 1 -1
8 0 0 0 -1 1 -1 0 0 -1 0 0 -1 0 1 0 0 0 -1 1
8 0 0 0 -1 1 -1 0 0 -1 0 0 1 0 -1 0 0 0 -1 1
8 0 0 0 -1 1 -1 0 0 1 0 0 -1 0 -1 0 0 0 -1 1
8 0 0 0 -1 1 -1 0 0 1 0 0 1 0 1 0 0 0 -1 1
8 0 0 0 -1 1 -1 0 0 -1 0 0 -1 0 1 0 0 0 1 -1
8 0 0 0 -1 1 -1 0 0 -1 0 0 1 0 -1 0 0 0 1 -1
8 0 0 0 -1 1 -1 0 0 1 0 0 -1 0 -1 0 0 0 1 -1
8 0 0 0 -1 1 -1 0 0 1 0 0 1 0 1 0 0 0 1 -1
8 0 0 0 1 -1 -1 0 0 -1 0 0 -1 0 1 0 0 0 -1 1
8 0 0 0 1 -1 -1 0 0 -1 0 0 1 0 -1 0 0 0 -1 1
8 0 0 0 1 -1 -1 0 0 1 0 0 -1 0 -1 0 0 0 -1 1
8 0 0 0 1 -1 -1 0 0 1 0 0 1 0 1 0 0 0 -1 1
8 0 0 0 1 -1 -1 0 0 -1 0 0 -1 0 1 0 0 0 1 -1
8 0 0 0 1 -1 -1 0 0 -1 0 0 1 0 -1 0 0 0 1 -1
8 0 0 0 1 -1 -1 0 0 1 0 0 -1 0 -1 0 0 0 1 -1
8 0 0 0 1 -1 -1 0 0 1 0 0 1 0 1 0 0 0 1 -1
8 0 0 0 -1 -1 -1 0 0 -1 0 0 -1 0 -1 0 0 0 -1 1
8 0 0 0 -1 -1 -1 0 0 -1 0 0 1 0 1 0 0 0 -1 1
8 0 0 0 -1 -1 -1 0 0 1 0 0 -1 0 1 0 0 0 -1 1
8 0 0 0 -1 -1 -1 0 0 1 0 0 1 0 -1 0 0 0 -1 1
8 0 0 0 -1 -1 -1 0 0 -1 0 0 -1 0 -1 0 0 0 1 -1
8 0 0 0 -1 -1 -1 0 0 -1 0 0 1 0 1 0 0 0 1 -1
8 0 0 0 -1 -1 -1 0 0 1 0 0 -1 0 1 0 0 0 1 -1
8 0 0 0 -1 -1 -1 0 0 1 0 0 1 0 -1 0 0 0 1 -1
8 0 0 0 1 1 1 0 0 -1 0 0 -1 0 1 0 0 0 -1 1
8 0 0 0 1 1 1 0 0 -1 0 0 1 0 -1 0 0 0 -1 1
8 0 0 0 1 1 1 0 0 1 0 0 -1 0 -1 0 0 0 -1 1
8 0 0 0 1 1 1 0 0 1 0 0 1 0 1 0 0 0 -1 1
8 0 0 0 1 1 1 0 0 -1 0 0 -1 0 1 0 0 0 1 -1
8 0 0 0 1 1 1 0 0 -1 0 0 1 0 -1 0 0 0 1 -1
8 0 0 0 1 1 1 0 0 1 0 0 -1 0 -1 0 0 0 1 -1
8 0 0 0 1 1 1 0 0 1 0 0 1 0 1 0 0 0 1 -1
8 0 0 0 -1 1 1 0 0 -1 0 0 -1 0 -1 0 0 0 -1 1
8 0 0 0 -1 1 1 0 0 -1 0 0 1 0 1 0 0 0 -1 1
8 0 0 0 -1 1 1 0 0 1 0 0 -1 0 1 0 0 0 -1 1
8 0 0 0 -1 1 1 0 0 1 0 0 1 0 -1 0 0 0 -1 1
8 0 0 0 -1 1 1 0 0 -1 0 0 -1 0 -1 0 0 0 1 -1
8 0 0 0 -1 1 1 0 0 -1 0 0 1 0 1 0 0 0 1 -1
8 0 0 0 -1 1 1 0 0 1 0 0 -1 0 1 0 0 0 1 -1
8 0 0 0 -1 1 1 0 0 1 0 0 1 0 -1 0 0 0 1 -1
8 0 0 0 1 -1 1 0 0 -1 0 0 -1 0 -1 0 0 0 -1 1
8 0 0 0 1 -1 1 0 0 -1 0 0 1 0 1 0 0 0 -1 1
8 0 0 0 1 -1 1 0 0 1 0 0 -1 0 1 0 0 0 -1 1
8 0 0 0 1 -1 1 0 0 1 0 0 1 0 -1 0 0 0 -1 1
8 0 0 0 1 -1 1 0 0 -1 0 0 -1 0 -1 0 0 0 1 -1
8 0 0 0 1 -1 1 0 0 -1 0 0 1 0 1 0 0 0 1 -1
8 0 0 0 1 -1 1 0 0 1 0 0 -1 0 1 0 0 0 1 -1
8 0 0 0 1 -1 1 0 0 1 0 0 1 0 -1 0 0 0 1 -1
8 0 0 0 -1 -1 1 0 0 -1 0 0 -1 0 1 0 0 0 -1 1
8 0 0 0 -1 -1 1 0 0 -1 0 0 1 0 -1 0 0 0 -1 1
8 0 0 0 -1 -1 1 0 0 1 0 0 -1 0 -1 0 0 0 -1 1
8 0 0 0 -1 -1 1 0 0 1 0 0 1 0 1 0 0 0 -1 1
8 0 0 0 -1 -1 1 0 0 -1 0 0 -1 0 1 0 0 0 1 -1
8 0 0 0 -1 -1 1 0 0 -1 0 0 1 0 -1 0 0 0 1 -1
8 0 0 0 -1 -1 1 0 0 1 0 0 -1 0 -1 0 0 0 1 -1
8 0 0 0 -1 -1 1 0 0 1 0 0 1 0 1 0 0 0 1 -1
8 0 -1 0 0 0 -1 0 0 -1 0 0 -1 0 -1 -1 0 0 -1 -1
8 0 -1 0 0 0 -1 0 0 -1 0 0 1 0 1 -1 0 0 -1 -1
8 0 -1 0 0 0 -1 0 0 1 0 0 -1 0 1 -1 0 0 -1 -1
8 0 -1 0 0 0 -1 0 0 1 0 0 1 0 -1 -1 0 0 -1 -1
8 0 -1 0 0 0 -1 0 0 -1 0 0 -1 0 1 1 0 0 -1 -1
8 0 -1 0 0 0 -1 0 0 -1 0 0 1 0 -1 1 0 0 -1 -1
8 0 -1 0 0 0 -1 0 0 1 0 0 -1 0 -1 1 0 0 -1 -1
8 0 -1 0 0 0 -1 0 0 1 0 0 1 0 1 1 0 0 -1 -1
8 0 1 0 0 0 -1 0 0 -1 0 0 -1 0 1 -1 0 0 -1 -1
8 0 1 0 0 0 -1 0 0 -1 0 0 1 0 -1 -1 0 0 -1 -1
8 0 1 0 0 0 -1 0 0 1 0 0 -1 0 -1 -1 0 0 -1 -1
8 0 1 0 0 0 -1 0 0 1 0 0 1 0 1 -1 0 0 -1 -1
8 0 1 0 0 0 -1 0 0 -1 0 0 -1 0 -1 1 0 0 -1 -1
8 0 1 0 0 0 -1 0 0 -1 0 0 1 0 1 1 0 0 -1 -1
8 0 1 0 0 0 -1 0 0 1 0 0 -1 0 1 1 0 0 -1 -1
8 0 1 0 0 0 -1 0 0 1 0 0 1 0 -1 1 0 0 -1 -1
8 0 -1 0 0 0 -1 0 0 -1 0 0 -1 0 -1 -1 0 0 1 1
8 0 -1 0 0 0 -1 0 0 -1 0 0 1 0 1 -1 0 0 1 1
8 0 -1 0 0 0 -1 0 0 1 0 0 -1 0 1 -1 0 0 1 1
8 0 -1 0 0 0 -1 0 0 1 0 0 1 0 -1 -1 0 0 1 1
8 0 -1 0 0 0 -1 0 0 -1 0 0 -1 0 1 1 0 0 1 1
8 0 -1 0 0 0 -1 0 0 -1 0 0 1 0 -1 1 0 0 1 1
8 0 -1 0 0 0 -1 0 0 1 0 0 -1 0 -1 1 0 0 1 1
8 0 -1 0 0 0 -1 0 0 1 0 0 1 0 1 1 0 0 1 1
8 0 1 0 0 0 -1 0 0 -1 0 0 -1 0 1 -1 0 0 1 1
8 0 1 0 0 0 -1 0 0 -1 0 0 1 0 -1 -1 0 0 1 1
8 0 1 0 0 0 -1 0 0 1 0 0 -1 0 -1 -1 0 0 1 1
8 0 1 0 0 0 -1 0 0 1 0 0 1 0 1 -1 0 0 1 1
8 0 1 0 0 0 -1 0 0 -1 0 0 -1 0 -1 1 0 0 1 1
8 0 1 0 0 0 -1 0 0 -1 0 0 1 0 1 1 0 0 1 1
8 0 1 0 0 0 -1 0 0 1 0 0 -1 0 1 1 0 0 1 1
8 0 1 0 0 0 -1 0 0 1 0 0 1 0 -1 1 0 0 1 1
8 0 -1 0 0 0 1 0 0 -1 0 0 -1 0 1 -1 0 0 -1 -1
8 0 -1 0 0 0 1 0 0 -1 0 0 1 0 -1 -1 0 0 -1 -1
8 0 -1 0 0 0 1 0 0 1 0 0 -1 0 -1 -1 0 0 -1 -1
8 0 -1 0 0 0 1 0 0 1 0 0 1 0 1 -1 0 0 -1 -1
8 0 -1 0 0 0 1 0 0 -1 0 0 -1 0 -1 1 0 0 -1 -1
8 0 -1 0 0 0 1 0 0 -1 0 0 1 0 1 1 0 0 -1 -1
8 0 -1 0 0 0 1 0 0 1 0 0 -1 0 1 1 0 0 -1 -1
8 0 -1 0 0 0 1 0 0 1 0 0 1 0 -1 1 0 0 -1 -1
8 0 1 0 0 0 1 0 0 -1 0 0 -1 0 -1 -1 0 0 -1 -1
8 0 1 0 0 0 1 0 0 -1 0 0 1 0 1 -1 0 0 -1 -1
8 0 1 0 0 0 1 0 0 1 0 0 -1 0 1 -1 0 0 -1 -1
8 0 1 0 0 0 1 0 0 1 0 0 1 0 -1 -1 0 0 -1 -1
8 0 1 0 0 0 1 0 0 -1 0 0 -1 0 1 1 0 0 -1 -1
8 0 1 0 0 0 1 0 0 -1 0 0 1 0 -1 1 0 0 -1 -1
8 0 1 0 0 0 1 0 0 1 0 0 -1 0 -1 1 0 0 -1 -1
8 0 1 0 0 0 1 0 0 1 0 0 1 0 1 1 0 0 -1 -1
8 0 -1 0 0 0 1 0 0 -1 0 0 -1 0 1 -1 0 0 1 1
8 0 -1 0 0 0 1 0 0 -1 0 0 1 0 -1 -1 0 0 1 1
8 0 -1 0 0 0 1 0 0 1 0 0 -1 0 -1 -1 0 0 1 1
8 0 -1 0 0 0 1 0 0 1 0 0 1 0 1 -1 0 0 1 1
8 0 -1 0 0 0 1 0 0 -1 0 0 -1 0 -1 1 0 0 1 1
8 0 -1 0 0 0 1 0 0 -1 0 0 1 0 1 1 0 0 1 1
8 0 -1 0 0 0 1 0 0 1 0 0 -1 0 1 1 0 0 1 1
8 0 -1 0 0 0 1 0 0 1 0 0 1 0 -1 1 0 0 1 1
8 0 1 0 0 0 1 0 0 -1 0 0 -1 0 -1 -1 0 0 1 1
8 0 1 0 0 0 1 0 0 -1 0 0 1 0 1 -1 0 0 1 1
8 0 1 0 0 0 1 0 0 1 0 0 -1 0 1 -1 0 0 1 1
8 0 1 0 0 0 1 0 0 1 0 0 1 0 -1 -1 0 0 1 1
8 0 1 0 0 0 1 0 0 -1 0 0 -1 0 1 1 0 0 1 1
8 0 1 0 0 0 1 0 0 -1 0 0 1 0 -1 1 0 0 1 1
8 0 1 0 0 0 1 0 0 1 0 0 -1 0 -1 1 0 0 1 1
8 0 1 0 0 0 1 0 0 1 0 0 1 0 1 1 0 0 1 1
8 0 -1 1 0 1 0 1 1 0 -1 0 0 -1 1 0 0 0 0 0
8 0 -1 1 0 1 0 1 1 0 1 0 0 -1 -1 0 0 0 0 0
8 0 -1 1 0 -1 0 1 1 0 -1 0 0 -1 -1 0 0 0 0 0
8 0 -1 1 0 -1 0 1 1 0 1 0 0 -1 1 0 0 0 0 0
8 0 -1 1 0 1 0 -1 1 0 -1 0 0 -1 -1 0 0 0 0 0
8 0 -1 1 0 1 0 -1 1 0 1 0 0 -1 1 0 0 0 0 0
8 0 -1 1 0 -1 0 -1 1 0 -1 0 0 -1 1 0 0 0 0 0
8 0 -1 1 0 -1 0 -1 1 0 1 0 0 -1 -1 0 0 0 0 0
8 0 -1 1 0 1 0 1 1 0 -1 0 0 1 -1 0 0 0 0 0
8 0 -1 1 0 1 0 1 1 0 1 0 0 1 1 0 0 0 0 0
8 0 -1 1 0 -1 0 1 1 0 -1 0 0 1 1 0 0 0 0 0
8 0 -1 1 0 -1 0 1 1 0 1 0 0 1 -1 0 0 0 0 0
8 0 -1 1 0 1 0 -1 1 0 -1 0 0 1 1 0 0 0 0 0
8 0 -1 1 0 1 0 -1 1 0 1 0 0 1 -1 0 0 0 0 0
8 0 -1 1 0 -1 0 -1 1 0 -1 0 0 1 -1 0 0 0 0 0
8 0 -1 1 0 -1 0 -1 1 0 1 0 0 1 1 0 0 0 0 0
8 0 1 1 0 1 0 1 1 0 -1 0 0 -1 -1 0 0 0 0 0
8 0 1 1 0 1 0 1 1 0 1 0 0 -1 1 0 0 0 0 0
8 0 1 1 0 -1 0 1 1 0 -1 0 0 -1 1 0 0 0 0 0
8 0 1 1 0 -1 0 1 1 0 1 0 0 -1 -1 0 0 0 0 0
8 0 1 1 0 1 0 -1 1 0 -1 0 0 -1 1 0 0 0 0 0
8 0 1 1 0 1 0 -1 1 0 1 0 0 -1 -1 0 0 0 0 0
8 0 1 1 0 -1 0 -1 1 0 -1 0 0 -1 -1 0 0 0 0 0
8 0 1 1 0 -1 0 -1 1 0 1 0 0 -1 1 0 0 0 0 0
8 0 1 1 0 1 0 1 1 0 -1 0 0 1 1 0 0 0 0 0
8 0 1 1 0 1 0 1 1 0 1 0 0 1 -1 0 0 0 0 0
8 0 1 1 0 -1 0 1 1 0 -1 0 0 1 -1 0 0 0 0 0
8 0 1 1 0 -1 0 1 1 0 1 0 0 1 1 0 0 0 0 0
8 0 1 1 0 1 0 -1 1 0 -1 0 0 1 -1 0 0 0 0 0
8 0 1 1 0 1 0 -1 1 0 1 0 0 1 1 0 0 0 0 0
8 0 1 1 0 -1 0 -1 1 0 -1 0 0 1 1 0 0 0 0 0
8 0 1 1 0 -1 0 -1 1 0 1 0 0 1 -1 0 0 0 0 0
8 0 -1 -1 0 1 0 1 1 0 -1 0 0 -1 -1 0 0 0 0 0
8 0 -1 -1 0 1 0 1 1 0 1 0 0 -1 1 0 0 0 0 0
8 0 -1 -1 0 -1 0 1 1 0 -1 0 0 -1 1 0 0 0 0 0
8 0 -1 -1 0 -1 0 1 1 0 1 0 0 -1 -1 0 0 0 0 0
8 0 -1 -1 0 1 0 -1 1 0 -1 0 0 -1 1 0 0 0 0 0
8 0 -1 -1 0 1 0 -1 1 0 1 0 0 -1 -1 0 0 0 0 0
8 0 -1 -1 0 -1 0 -1 1 0 -1 0 0 -1 -1 0 0 0 0 0
8 0 -1 -1 0 -1 0 -1 1 0 1 0 0 -1 1 0 0 0 0 0
8 0 -1 -1 0 1 0 1 1 0 -1 0 0 1 1 0 0 0 0 0
8 0 -1 -1 0 1 0 1 1 0 1 0 0 1 -1 0 0 0 0 0
8 0 -1 -1 0 -1 0 1 1 0 -1 0 0 1 -1 0 0 0 0 0
8 0 -1 -1 0 -1 0 1 1 0 1 0 0 1 1 0 0 0 0 0
8 0 -1 -1 0 1 0 -1 1 0 -1 0 0 1 -1 0 0 0 0 0
8 0 -1 -1 0 1 0 -1 1 0 1 0 0 1 1 0 0 0 0 0
8 0 -1 -1 0 -1 0 -1 1 0 -1 0 0 1 1 0 0 0 0 0
8 0 -1 -1 0 -1 0 -1 1 0 1 0 0 1 -1 0 0 0 0 0
8 0 1 -1 0 1 0 1 1 0 -1 0 0 -1 1 0 0 0 0 0
8 0 1 -1 0 1 0 1 1 0 1 0 0 -1 -1 0 0 0 0 0
8 0 1 -1 0 -1 0 1 1 0 -1 0 0 -1 -1 0 0 0 0 0
8 0 1 -1 0 -1 0 1 1 0 1 0 0 -1 1 0 0 0 0 0
8 0 1 -1 0 1 0 -1 1 0 -1 0 0 -1 -1 0 0 0 0 0
8 0 1 -1 0 1 0 -1 1 0 1 0 0 -1 1 0 0 0 0 0
8 0 1 -1 0 -1 0 -1 1 0 -1 0 0 -1 1 0 0 0 0 0
8 0 1 -1 0 -1 0 -1 1 0 1 0 0 -1 -1 0 0 0 0 0
8 0 1 -1 0 1 0 1 1 0 -1 0 0 1 -1 0 0 0 0 0
8 0 1 -1 0 1 0 1 1 0 1 0 0 1 1 0 0 0 0 0
8 0 1 -1 0 -1 0 1 1 0 -1 0 0 1 1 0 0 0 0 0
8 0 1 -1 0 -1 0 1 1 0 1 0 0 1 -1 0 0 0 0 0
8 0 1 -1 0 1 0 -1 1 0 -1 0 0 1 1 0 0 0 0 0
8 0 1 -1 0 1 0 -1 1 0 1 0 0 1 -1 0 0 0 0 0
8 0 1 -1 0 -1 0 -1 1 0 -1 0 0 1 -1 0 0 0 0 0
8 0 1 -1 0 -1 0 -1 1 0 1 0 0 1 1 0 0 0 0 0
8 0 -1 1 0 1 0 1 -1 0 -1 0 0 -1 -1 0 0 0 0 0
8 0 -1 1 0 1 0 1 -1 0 1 0 0 -1 1 0 0 0 0 0
8 0 -1 1 0 -1 0 1 -1 0 -1 0 0 -1 1 0 0 0 0 0
8 0 -1 1 0 -1 0 1 -1 0 1 0 0 -1 -1 0 0 0 0 0
8 0 -1 1 0 1 0 -1 -1 0 -1 0 0 -1 1 0 0 0 0 0
8 0 -1 1 0 1 0 -1 -1 0 1 0 0 -1 -1 0 0 0 0 0
8 0 -1 1 0 -1 0 -1 -1 0 -1 0 0 -1 -1 0 0 0 0 0
8 0 -1 1 0 -1 0 -1 -1 0 1 0 0 -1 1 0 0 0 0 0
8 0 -1 1 0 1 0 1 -1 0 -1 0 0 1 1 0 0 0 0 0
8 0 -1 1 0 1 0 1 -1 0 1 0 0 1 -1 0 0 0 0 0
8 0 -1 1 0 -1 0 1 -1 0 -1 0 0 1 -1 0 0 0 0 0
8 0 -1 1 0 -1 0 1 -1 0 1 0 0 1 1 0 0 0 0 0
8 0 -1 1 0 1 0 -1 -1 0 -1 0 0 1 -1 0 0 0 0 0
8 0 -1 1 0 1 0 -1 -1 0 1 0 0 1 1 0 0 0 0 0
8 0 -1 1 0 -1 0 -1 -1 0 -1 0 0 1 1 0 0 0 0 0
8 0 -1 1 0 -1 0 -1 -1 0 1 0 0 1 -1 0 0 0 0 0
8 0 1 1 0 1 0 1 -1 0 -1 0 0 -1 1 0 0 0 0 0
8 0 1 1 0 1 0 1 -1 0 1 0 0 -1 -1 0 0 0 0 0
8 0 1 1 0 -1 0 1 -1 0 -1 0 0 -1 -1 0 0 0 0 0
8 0 1 1 0 -1 0 1 -1 0 1 0 0 -1 1 0 0 0 0 0
8 0 1 1 0 1 0 -1 -1 0 -1 0 0 -1 -1 0 0 0 0 0
8 0 1 1 0 1 0 -1 -1 0 1 0 0 -1 1 0 0 0 0 0
8 0 1 1 0 -1 0 -1 -1 0 -1 0 0 -1 1 0 0 0 0 0
8 0 1 1 0 -1 0 -1 -1 0 1 0 0 -1 -1 0 0 0 0 0
8 0 1 1 0 1 0 1 -1 0 -1 0 0 1 -1 0 0 0 0 0
8 0 1 1 0 1 0 1 -1 0 1 0 0 1 1 0 0 0 0 0
8 0 1 1 0 -1 0 1 -1 0 -1 0 0 1 1 0 0 0 0 0
8 0 1 1 0 -1 0 1 -1 0 1 0 0 1 -1 0 0 0 0 0
8 0 1 1 0 1 0 -1 -1 0 -1 0 0 1 1 0 0 0 0 0
8 0 1 1 0 1 0 -1 -1 0 1 0 0 1 -1 0 0 0 0 0
8 0 1 1 0 -1 0 -1 -1 0 -1 0 0 1 -1 0 0 0 0 0
8 0 1 1 0 -1 0 -1 -1 0 1 0 0 1 1 0 0 0 0 0
8 0 -1 -1 0 1 0 1 -1 0 -1 0 0 -1 1 0 0 0 0 0
8 0 -1 -1 0 1 0 1 -1 0 1 0 0 -1 -1 0 0 0 0 0
8 0 -1 -1 0 -1 0 1 -1 0 -1 0 0 -1 -1 0 0 0 0 0
8 0 -1 -1 0 -1 0 1 -1 0 1 0 0 -1 1 0 0 0 0 0
8 0 -1 -1 0 1 0 -1 -1 0 -1 0 0 -1 -1 0 0 0 0 0
8 0 -1 -1 0 1 0 -1 -1 0 1 0 0 -1 1 0 0 0 0 0
8 0 -1 -1 0 -1 0 -1 -1 0 -1 0 0 -1 1 0 0 0 0 0
8 0 -1 -1 0 -1 0 -1 -1 0 1 0 0 -1 -1 0 0 0 0 0
8 0 -1 -1 0 1 0 1 -1 0 -1 0 0 1 -1 0 0 0 0 0
8 0 -1 -1 0 1 0 1 -1 0 1 0 0 1 1 0 0 0 0 0
8 0 -1 -1 0 -1 0 1 -1 0 -1 0 0 1 1 0 0 0 0 0
8 0 -1 -1 0 -1 0 1 -1 0 1 0 0 1 -1 0 0 0 0 0
8 0 -1 -1 0 1 0 -1 -1 0 -1 0 0 1 1 0 0 0 0 0
8 0 -1 -1 0 1 0 -1 -1 0 1 0 0 1 -1 0 0 0 0 0
8 0 -1 -1 0 -1 0 -1 -1 0 -1 0 0 1 -1 0 0 0 0 0
8 0 -1 -1 0 -1 0 -1 -1 0 1 0 0 1 1 0 0 0 0 0
8 0 1 -1 0 1 0 1 -1 0 -1 0 0 -1 -1 0 0 0 0 0
8 0 1 -1 0 1 0 1 -1 0 1 0 0 -1 1 0 0 0 0 0
8 0 1 -1 0 -1 0 1 -1 0 -1 0 0 -1 1 0 0 0 0 0
8 0 1 -1 0 -1 0 1 -1 0 1 0 0 -1 -1 0 0 0 0 0
8 0 1 -1 0 1 0 -1 -1 0 -1 0 0 -1 1 0 0 0 0 0
8 0 1 -1 0 1 0 -1 -1 0 1 0 0 -1 -1 0 0 0 0 0
8 0 1 -1 0 -1 0 -1 -1 0 -1 0 0 -1 -1 0 0 0 0 0
8 0 1 -1 0 -1 0 -1 -1 0 1 0 0 -1 1 0 0 0 0 0
8 0 1 -1 0 1 0 1 -1 0 -1 0 0 1 1 0 0 0 0 0
8 0 1 -1 0 1 0 1 -1 0 1 0 0 1 -1 0 0 0 0 0
8 0 1 -1 0 -1 0 1 -1 0 -1 0 0 1 -1 0 0 0 0 0
8 0 1 -1 0 -1 0 1 -1 0 1 0 0 1 1 0 0 0 0 0
8 0 1 -1 0 1 0 -1 -1 0 -1 0 0 1 -1 0 0 0 0 0
8 0 1 -1 0 1 0 -1 -1 0 1 0 0 1 1 0 0 0 0 0
8 0 1 -1 0 -1 0 -1 -1 0 -1 0 0 1 1 0 0 0 0 0
8 0 1 -1 0 -1 0 -1 -1 0 1 0 0 1 -1 0 0 0 0 0
8 1 -1 0 0 1 -1 0 0 0 -1 0 0 0 -1 0 0 -1 -1 0
8 1 -1 0 0 1 -1 0 0 0 1 0 0 0 1 0 0 -1 -1 0
8 1 -1 0 0 -1 -1 0 0 0 -1 0 0 0 1 0 0 -1 -1 0
8 1 -1 0 0 -1 -1 0 0 0 1 0 0 0 -1 0 0 -1 -1 0
8 -1 -1 0 0 1 -1 0 0 0 -1 0 0 0 1 0 0 -1 -1 0
8 -1 -1 0 0 1 -1 0 0 0 1 0 0 0 -1 0 0 -1 -1 0
8 -1 -1 0 0 -1 -1 0 0 0 -1 0 0 0 -1 0 0 -1 -1 0
8 -1 -1 0 0 -1 -1 0 0 0 1 0 0 0 1 0 0 -1 -1 0
8 1 1 0 0 1 -1 0 0 0 -1 0 0 0 1 0 0 -1 -1 0
8 1 1 0 0 1 -1 0 0 0 1 0 0 0 -1 0 0 -1 -1 0
8 1 1 0 0 -1 -1 0 0 0 -1 0 0 0 -1 0 0 -1 -1 0
8 1 1 0 0 -1 -1 0 0 0 1 0 0 0 1 0 0 -1 -1 0
8 -1 1 0 0 1 -1 0 0 0 -1 0 0 0 -1 0 0 -1 -1 0
8 -1 1 0 0 1 -1 0 0 0 1 0 0 0 1 0 0 -1 -1 0
8 -1 1 0 0 -1 -1 0 0 0 -1 0 0 0 1 0 0 -1 -1 0
8 -1 1 0 0 -1 -1 0 0 0 1 0 0 0 -1 0 0 -1 -1 0
8 1 -1 0 0 1 -1 0 0 0 -1 0 0 0 -1 0 0 1 1 0
8 1 -1 0 0 1 -1 0 0 0 1 0 0 0 1 0 0 1 1 0
8 1 -1 0 0 -1 -1 0 0 0 -1 0 0 0 1 0 0 1 1 0
8 1 -1 0 0 -1 -1 0 0 0 1 0 0 0 -1 0 0 1 1 0
8 -1 -1 0 0 1 -1 0 0 0 -1 0 0 0 1 0 0 1 1 0
8 -1 -1 0 0 1 -1 0 0 0 1 0 0 0 -1 0 0 1 1 0
8 -1 -1 0 0 -1 -1 0 0 0 -1 0 0 0 -1 0 0 1 1 0
8 -1 -1 0 0 -1 -1 0 0 0 1 0 0 0 1 0 0 1 1 0
8 1 1 0 0 1 -1 0 0 0 -1 0 0 0 1 0 0 1 1 0
8 1 1 0 0 1 -1 0 0 0 1 0 0 0 -1 0 0 1 1 0
8 1 1 0 0 -1 -1 0 0 0 -1 0 0 0 -1 0 0 1 1 0
8 1 1 0 0 -1 -1 0 0 0 1 0 0 0 1 0 0 1 1 0
8 -1 1 0 0 1 -1 0 0 0 -1 0 0 0 -1 0 0 1 1 0
8 -1 1 0 0 1 -1 0 0 0 1 0 0 0 1 0 0 1 1 0
8 -1 1 0 0 -1 -1 0 0 0 -1 0 0 0 1 0 0 1 1 0
8 -1 1 0 0 -1 -1 0 0 0 1 0 0 0 -1 0 0 1 1 0
8 1 -1 0 0 1 1 0 0 0 -1 0 0 0 1 0 0 -1 -1 0
8 1 -1 0 0 1 1 0 0 0 1 0 0 0 -1 0 0 -1 -1 0
8 1 -1 0 0 -1 1 0 0 0 -1 0 0 0 -1 0 0 -1 -1 0
8 1 -1 0 0 -1 1 0 0 0 1 0 0 0 1 0 0 -1 -1 0
8 -1 -1 0 0 1 1 0 0 0 -1 0 0 0 -1 0 0 -1 -1 0
8 -1 -1 0 0 1 1 0 0 0 1 0 0 0 1 0 0 -1 -1 0
8 -1 -1 0 0 -1 1 0 0 0 -1 0 0 0 1 0 0 -1 -1 0
8 -1 -1 0 0 -1 1 0 0 0 1 0 0 0 -1 0 0 -1 -1 0
8 1 1 0 0 1 1 0 0 0 -1 0 0 0 -1 0 0 -1 -1 0
8 1 1 0 0 1 1 0 0 0 1 0 0 0 1 0 0 -1 -1 0
8 1 1 0 0 -1 1 0 0 0 -1 0 0 0 1 0 0 -1 -1 0
8 1 1 0 0 -1 1 0 0 0 1 0 0 0 -1 0 0 -1 -1 0
8 -1 1 0 0 1 1 0 0 0 -1 0 0 0 1 0 0 -1 -1 0
8 -1 1 0 0 1 1 0 0 0 1 0 0 0 -1 0 0 -1 -1 0
8 -1 1 0 0 -1 1 0 0 0 -1 0 0 0 -1 0 0 -1 -1 0
8 -1 1 0 0 -1 1 0 0 0 1 0 0 0 1 0 0 -1 -1 0
8 1 -1 0 0 1 1 0 0 0 -1 0 0 0 1 0 0 1 1 0
8 1 -1 0 0 1 1 0 0 0 1 0 0 0 -1 0 0 1 1 0
8 1 -1 0 0 -1 1 0 0 0 -1 0 0 0 -1 0 0 1 1 0
8 1 -1 0 0 -1 1 0 0 0 1 0 0 0 1 0 0 1 1 0
8 -1 -1 0 0 1 1 0 0 0 -1 0 0 0 -1 0 0 1 1 0
8 -1 -1 0 0 1 1 0 0 0 1 0 0 0 1 0 0 1 1 0
8 -1 -1 0 0 -1 1 0 0 0 -1 0 0 0 1 0 0 1 1 0
8 -1 -1 0 0 -1 1 0 0 0 1 0 0 0 -1 0 0 1 1 0
8 1 1 0 0 1 1 0 0 0 -1 0 0 0 -1 0 0 1 1 0
8 1 1 0 0 1 1 0 0 0 1 0 0 0 1 0 0 1 1 0
8 1 1 0 0 -1 1 0 0 0 -1 0 0 0 1 0 0 1 1 0
8 1 1 0 0 -1 1 0 0 0 1 0 0 0 -1 0 0 1 1 0
8 -1 1 0 0 1 1 0 0 0 -1 0 0 0 1 0 0 1 1 0
8 -1 1 0 0 1 1 0 0 0 1 0 0 0 -1 0 0 1 1 0
8 -1 1 0 0 -1 1 0 0 0 -1 0 0 0 -1 0 0 1 1 0
8 -1 1 0 0 -1 1 0 0 0 1 0 0 0 1 0 0 1 1 0
8 0 -1 0 1 0 0 1 0 0 -1 -1 0 0 -1 0 0 0 -1 1
8 0 -1 0 1 0 0 1 0 0 1 -1 0 0 1 0 0 0 -1 1
8 0 -1 0 1 0 0 1 0 0 -1 -1 0 0 -1 0 0 0 1 -1
8 0 -1 0 1 0 0 1 0 0 1 -1 0 0 1 0 0 0 1 -1
8 0 -1 0 -1 0 0 1 0 0 -1 -1 0 0 1 0 0 0 -1 1
8 0 -1 0 -1 0 0 1 0 0 1 -1 0 0 -1 0 0 0 -1 1
8 0 -1 0 -1 0 0 1 0 0 -1 -1 0 0 1 0 0 0 1 -1
8 0 -1 0 -1 0 0 1 0 0 1 -1 0 0 -1 0 0 0 1 -1
8 0 -1 0 1 0 0 1 0 0 -1 1 0 0 1 0 0 0 -1 1
8 0 -1 0 1 0 0 1 0 0 1 1 0 0 -1 0 0 0 -1 1
8 0 -1 0 1 0 0 1 0 0 -1 1 0 0 1 0 0 0 1 -1
8 0 -1 0 1 0 0 1 0 0 1 1 0 0 -1 0 0 0 1 -1
8 0 -1 0 -1 0 0 1 0 0 -1 1 0 0 -1 0 0 0 -1 1
8 0 -1 0 -1 0 0 1 0 0 1 1 0 0 1 0 0 0 -1 1
8 0 -1 0 -1 0 0 1 0 0 -1 1 0 0 -1 0 0 0 1 -1
8 0 -1 0 -1 0 0 1 0 0 1 1 0 0 1 0 0 0 1 -1
8 0 -1 0 1 0 0 -1 0 0 -1 -1 0 0 1 0 0 0 -1 1
8 0 -1 0 1 0 0 -1 0 0 1 -1 0 0 -1 0 0 0 -1 1
8 0 -1 0 1 0 0 -1 0 0 -1 -1 0 0 1 0 0 0 1 -1
8 0 -1 0 1 0 0 -1 0 0 1 -1 0 0 -1 0 0 0 1 -1
8 0 -1 0 -1 0 0 -1 0 0 -1 -1 0 0 -1 0 0 0 -1 1
8 0 -1 0 -1 0 0 -1 0 0 1 -1 0 0 1 0 0 0 -1 1
8 0 -1 0 -1 0 0 -1 0 0 -1 -1 0 0 -1 0 0 0 1 -1
8 0 -1 0 -1 0 0 -1 0 0 1 -1 0 0 1 0 0 0 1 -1
8 0 -1 0 1 0 0 -1 0 0 -1 1 0 0 -1 0 0 0 -1 1
8 0 -1 0 1 0 0 -1 0 0 1 1 0 0 1 0 0 0 -1 1
8 0 -1 0 1 0 0 -1 0 0 -1 1 0 0 -1 0 0 0 1 -1
8 0 -1 0 1 0 0 -1 0 0 1 1 0 0 1 0 0 0 1 -1
8 0 -1 0 -1 0 0 -1 0 0 -1 1 0 0 1 0 0 0 -1 1
8 0 -1 0 -1 0 0 -1 0 0 1 1 0 0 -1 0 0 0 -1 1
8 0 -1 0 -1 0 0 -1 0 0 -1 1 0 0 1 0 0 0 1 -1
8 0 -1 0 -1 0 0 -1 0 0 1 1 0 0 -1 0 0 0 1 -1
8 0 1 0 1 0 0 1 0 0 -1 -1 0 0 1 0 0 0 -1 1
8 0 1 0 1 0 0 1 0 0 1 -1 0 0 -1 0 0 0 -1 1
8 0 1 0 1 0 0 1 0 0 -1 -1 0 0 1 0 0 0 1 -1
8 0 1 0 1 0 0 1 0 0 1 -1 0 0 -1 0 0 0 1 -1
8 0 1 0 -1 0 0 1 0 0 -1 -1 0 0 -1 0 0 0 -1 1
8 0 1 0 -1 0 0 1 0 0 1 -1 0 0 1 0 0 0 -1 1
8 0 1 0 -1 0 0 1 0 0 -1 -1 0 0 -1 0 0 0 1 -1
8 0 1 0 -1 0 0 1 0 0 1 -1 0 0 1 0 0 0 1 -1
8 0 1 0 1 0 0 1 0 0 -1 1 0 0 -1 0 0 0 -1 1
8 0 1 0 1 0 0 1 0 0 1 1 0 0 1 0 0 0 -1 1
8 0 1 0 1 0 0 1 0 0 -1 1 0 0 -1 0 0 0 1 -1
8 0 1 0 1 0 0 1 0 0 1 1 0 0 1 0 0 0 1 -1
8 0 1 0 -1 0 0 1 0 0 -1 1 0 0 1 0 0 0 -1 1
8 0 1 0 -1 0 0 1 0 0 1 1 0 0 -1 0 0 0 -1 1
8 0 1 0 -1 0 0 1 0 0 -1 1 0 0 1 0 0 0 1 -1
8 0 1 0 -1 0 0 1 0 0 1 1 0 0 -1 0 0 0 1 -1
8 0 1 0 1 0 0 -1 0 0 -1 -1 0 0 -1 0 0 0 -1 1
8 0 1 0 1 0 0 -1 0 0 1 -1 0 0 1 0 0 0 -1 1
8 0 1 0 1 0 0 -1 0 0 -1 -1 0 0 -1 0 0 0 1 -1
8 0 1 0 1 0 0 -1 0 0 1 -1 0 0 1 0 0 0 1 -1
8 0 1 0 -1 0 0 -1 0 0 -1 -1 0 0 1 0 0 0 -1 1
8 0 1 0 -1 0 0 -1 0 0 1 -1 0 0 -1 0 0 0 -1 1
8 0 1 0 -1 0 0 -1 0 0 -1 -1 0 0 1 0 0 0 1 -1
8 0 1 0 -1 0 0 -1 0 0 1 -1 0 0 -1 0 0 0 1 -1
8 0 1 0 1 0 0 -1 0 0 -1 1 0 0 1 0 0 0 -1 1
8 0 1 0 1 0 0 -1 0 0 1 1 0 0 -1 0 0 0 -1 1
8 0 1 0 1 0 0 -1 0 0 -1 1 0 0 1 0 0 0 1 -1
8 0 1 0 1 0 0 -1 0 0 1 1 0 0 -1 0 0 0 1 -1
8 0 1 0 -1 0 0 -1 0 0 -1 1 0 0 -1 0 0 0 -1 1
8 0 1 0 -1 0 0 -1 0 0 1 1 0 0 1 0 0 0 -1 1
8 0 1 0 -1 0 0 -1 0 0 -1 1 0 0 -1 0 0 0 1 -1
8 0 1 0 -1 0 0 -1 0 0 1 1 0 0 1 0 0 0 1 -1
8 0 0 0 0 1 0 1 0 0 -1 -1 0 0 -1 -1 0 0 -1 -1
8 0 0 0 0 1 0 1 0 0 1 -1 0 0 1 -1 0 0 -1 -1
8 0 0 0 0 1 0 1 0 0 -1 -1 0 0 1 1 0 0 -1 -1
8 0 0 0 0 1 0 1 0 0 1 -1 0 0 -1 1 0 0 -1 -1
8 0 0 0 0 -1 0 1 0 0 -1 -1 0 0 1 -1 0 0 -1 -1
8 0 0 0 0 -1 0 1 0 0 1 -1 0 0 -1 -1 0 0 -1 -1
8 0 0 0 0 -1 0 1 0 0 -1 -1 0 0 -1 1 0 0 -1 -1
8 0 0 0 0 -1 0 1 0 0 1 -1 0 0 1 1 0 0 -1 -1
8 0 0 0 0 1 0 1 0 0 -1 1 0 0 1 -1 0 0 -1 -1
8 0 0 0 0 1 0 1 0 0 1 1 0 0 -1 -1 0 0 -1 -1
8 0 0 0 0 1 0 1 0 0 -1 1 0 0 -1 1 0 0 -1 -1
8 0 0 0 0 1 0 1 0 0 1 1 0 0 1 1 0 0 -1 -1
8 0 0 0 0 -1 0 1 0 0 -1 1 0 0 -1 -1 0 0 -1 -1
8 0 0 0 0 -1 0 1 0 0 1 1 0 0 1 -1 0 0 -1 -1
8 0 0 0 0 -1 0 1 0 0 -1 1 0 0 1 1 0 0 -1 -1
8 0 0 0 0 -1 0 1 0 0 1 1 0 0 -1 1 0 0 -1 -1
8 0 0 0 0 1 0 -1 0 0 -1 -1 0 0 1 -1 0 0 -1 -1
8 0 0 0 0 1 0 -1 0 0 1 -1 0 0 -1 -1 0 0 -1 -1
8 0 0 0 0 1 0 -1 0 0 -1 -1 0 0 -1 1 0 0 -1 -1
8 0 0 0 0 1 0 -1 0 0 1 -1 0 0 1 1 0 0 -1 -1
8 0 0 0 0 -1 0 -1 0 0 -1 -1 0 0 -1 -1 0 0 -1 -1
8 0 0 0 0 -1 0 -1 0 0 1 -1 0 0 1 -1 0 0 -1 -1
8 0 0 0 0 -1 0 -1 0 0 -1 -1 0 0 1 1 0 0 -1 -1
8 0 0 0 0 -1 0 -1 0 0 1 -1 0 0 -1 1 0 0 -1 -1
8 0 0 0 0 1 0 -1 0 0 -1 1 0 0 -1 -1 0 0 -1 -1
8 0 0 0 0 1 0 -1 0 0 1 1 0 0 1 -1 0 0 -1 -1
8 0 0 0 0 1 0 -1 0 0 -1 1 0 0 1 1 0 0 -1 -1
8 0 0 0 0 1 0 -1 0 0 1 1 0 0 -1 1 0 0 -1 -1
8 0 0 0 0 -1 0 -1 0 0 -1 1 0 0 1 -1 0 0 -1 -1
8 0 0 0 0 -1 0 -1 0 0 1 1 0 0 -1 -1 0 0 -1 -1
8 0 0 0 0 -1 0 -1 0 0 -1 1 0 0 -1 1 0 0 -1 -1
8 0 0 0 0 -1 0 -1 0 0 1 1 0 0 1 1 0 0 -1 -1
8 0 0 0 0 1 0 1 0 0 -1 -1 0 0 -1 -1 0 0 1 1
8 0 0 0 0 1 0 1 0 0 1 -1 0 0 1 -1 0 0 1 1
8 0 0 0 0 1 0 1 0 0 -1 -1 0 0 1 1 0 0 1 1
8 0 0 0 0 1 0 1 0 0 1 -1 0 0 -1 1 0 0 1 1
8 0 0 0 0 -1 0 1 0 0 -1 -1 0 0 1 -1 0 0 1 1
8 0 0 0 0 -1 0 1 0 0 1 -1 0 0 -1 -1 0 0 1 1
8 0 0 0 0 -1 0 1 0 0 -1 -1 0 0 -1 1 0 0 1 1
8 0 0 0 0 -1 0 1 0 0 1 -1 0 0 1 1 0 0 1 1
8 0 0 0 0 1 0 1 0 0 -1 1 0 0 1 -1 0 0 1 1
8 0 0 0 0 1 0 1 0 0 1 1 0 0 -1 -1 0 0 1 1
8 0 0 0 0 1 0 1 0 0 -1 1 0 0 -1 1 0 0 1 1
8 0 0 0 0 1 0 1 0 0 1 1 0 0 1 1 0 0 1 1
8 0 0 0 0 -1 0 1 0 0 -1 1 0 0 -1 -1 0 0 1 1
8 0 0 0 0 -1 0 1 0 0 1 1 0 0 1 -1 0 0 1 1
8 0 0 0 0 -1 0 1 0 0 -1 1 0 0 1 1 0 0 1 1
8 0 0 0 0 -1 0 1 0 0 1 1 0 0 -1 1 0 0 1 1
8 0 0 0 0 1 0 -1 0 0 -1 -1 0 0 1 -1 0 0 1 1
8 0 0 0 0 1 0 -1 0 0 1 -1 0 0 -1 -1 0 0 1 1
8 0 0 0 0 1 0 -1 0 0 -1 -1 0 0 -1 1 0 0 1 1
8 0 0 0 0 1 0 -1 0 0 1 -1 0 0 1 1 0 0 1 1
8 0 0 0 0 -1 0 -1 0 0 -1 -1 0 0 -1 -1 0 0 1 1
8 0 0 0 0 -1 0 -1 0 0 1 -1 0 0 1 -1 0 0 1 1
8 0 0 0 0 -1 0 -1 0 0 -1 -1 0 0 1 1 0 0 1 1
8 0 0 0 0 -1 0 -1 0 0 1 -1 0 0 -1 1 0 0 1 1
8 0 0 0 0 1 0 -1 0 0 -1 1 0 0 -1 -1 0 0 1 1
8 0 0 0 0 1 0 -1 0 0 1 1 0 0 1 -1 0 0 1 1
8 0 0 0 0 1 0 -1 0 0 -1 1 0 0 1 1 0 0 1 1
8 0 0 0 0 1 0 -1 0 0 1 1 0 0 -1 1 0 0 1 1
8 0 0 0 0 -1 0 -1 0 0 -1 1 0 0 1 -1 0 0 1 1
8 0 0 0 0 -1 0 -1 0 0 1 1 0 0 -1 -1 0 0 1 1
8 0 0 0 0 -1 0 -1 0 0 -1 1 0 0 -1 1 0 0 1 1
8 0 0 0 0 -1 0 -1 0 0 1 1 0 0 1 1 0 0 1 1
8 1 0 0 1 0 -1 0 0 0 -1 0 0 0 -1 -1 0 -1 1 0
8 1 0 0 1 0 -1 0 0 0 1 0 0 0 1 -1 0 -1 1 0
8 1 0 0 1 0 -1 0 0 0 -1 0 0 0 1 1 0 -1 1 0
8 1 0 0 1 0 -1 0 0 0 1 0 0 0 -1 1 0 -1 1 0
8 1 0 0 -1 0 -1 0 0 0 -1 0 0 0 1 -1 0 -1 1 0
8 1 0 0 -1 0 -1 0 0 0 1 0 0 0 -1 -1 0 -1 1 0
8 1 0 0 -1 0 -1 0 0 0 -1 0 0 0 -1 1 0 -1 1 0
8 1 0 0 -1 0 -1 0 0 0 1 0 0 0 1 1 0 -1 1 0
8 1 0 0 1 0 -1 0 0 0 -1 0 0 0 -1 -1 0 1 -1 0
8 1 0 0 1 0 -1 0 0 0 1 0 0 0 1 -1 0 1 -1 0
8 1 0 0 1 0 -1 0 0 0 -1 0 0 0 1 1 0 1 -1 0
8 1 0 0 1 0 -1 0 0 0 1 0 0 0 -1 1 0 1 -1 0
8 1 0 0 -1 0 -1 0 0 0 -1 0 0 0 1 -1 0 1 -1 0
8 1 0 0 -1 0 -1 0 0 0 1 0 0 0 -1 -1 0 1 -1 0
8 1 0 0 -1 0 -1 0 0 0 -1 0 0 0 -1 1 0 1 -1 0
8 1 0 0 -1 0 -1 0 0 0 1 0 0 0 1 1 0 1 -1 0
8 -1 0 0 1 0 -1 0 0 0 -1 0 0 0 1 -1 0 -1 1 0
8 -1 0 0 1 0 -1 0 0 0 1 0 0 0 -1 -1 0 -1 1 0
8 -1 0 0 1 0 -1 0 0 0 -1 0 0 0 -1 1 0 -1 1 0
8 -1 0 0 1 0 -1 0 0 0 1 0 0 0 1 1 0 -1 1 0
8 -1 0 0 -1 0 -1 0 0 0 -1 0 0 0 -1 -1 0 -1 1 0
8 -1 0 0 -1 0 -1 0 0 0 1 0 0 0 1 -1 0 -1 1 0
8 -1 0 0 -1 0 -1 0 0 0 -1 0 0 0 1 1 0 -1 1 0
8 -1 0 0 -1 0 -1 0 0 0 1 0 0 0 -1 1 0 -1 1 0
8 -1 0 0 1 0 -1 0 0 0 -1 0 0 0 1 -1 0 1 -1 0
8 -1 0 0 1 0 -1 0 0 0 1 0 0 0 -1 -1 0 1 -1 0
8 -1 0 0 1 0 -1 0 0 0 -1 0 0 0 -1 1 0 1 -1 0
8 -1 0 0 1 0 -1 0 0 0 1 0 0 0 1 1 0 1 -1 0
8 -1 0 0 -1 0 -1 0 0 0 -1 0 0 0 -1 -1 0 1 -1 0
8 -1 0 0 -1 0 -1 0 0 0 1 0 0 0 1 -1 0 1 -1 0
8 -1 0 0 -1 0 -1 0 0 0 -1 0 0 0 1 1 0 1 -1 0
8 -1 0 0 -1 0 -1 0 0 0 1 0 0 0 -1 1 0 1 -1 0
8 1 0 0 1 0 1 0 0 0 -1 0 0 0 1 -1 0 -1 1 0
8 1 0 0 1 0 1 0 0 0 1 0 0 0 -1 -1 0 -1 1 0
8 1 0 0 1 0 1 0 0 0 -1 0 0 0 -1 1 0 -1 1 0
8 1 0 0 1 0 1 0 0 0 1 0 0 0 1 1 0 -1 1 0
8 1 0 0 -1 0 1 0 0 0 -1 0 0 0 -1 -1 0 -1 1 0
8 1 0 0 -1 0 1 0 0 0 1 0 0 0 1 -1 0 -1 1 0
8 1 0 0 -1 0 1 0 0 0 -1 0 0 0 1 1 0 -1 1 0
8 1 0 0 -1 0 1 0 0 0 1 0 0 0 -1 1 0 -1 1 0
8 1 0 0 1 0 1 0 0 0 -1 0 0 0 1 -1 0 1 -1 0
8 1 0 0 1 0 1 0 0 0 1 0 0 0 -1 -1 0 1 -1 0
8 1 0 0 1 0 1 0 0 0 -1 0 0 0 -1 1 0 1 -1 0
8 1 0 0 1 0 1 0 0 0 1 0 0 0 1 1 0 1 -1 0
8 1 0 0 -1 0 1 0 0 0 -1 0 0 0 -1 -1 0 1 -1 0
8 1 0 0 -1 0 1 0 0 0 1 0 0 0 1 -1 0 1 -1 0
8 1 0 0 -1 0 1 0 0 0 -1 0 0 0 1 1 0 1 -1 0
8 1 0 0 -1 0 1 0 0 0 1 0 0 0 -1 1 0 1 -1 0
8 -1 0 0 1 0 1 0 0 0 -1 0 0 0 -1 -1 0 -1 1 0
8 -1 0 0 1 0 1 0 0 0 1 0 0 0 1 -1 0 -1 1 0
8 -1 0 0 1 0 1 0 0 0 -1 0 0 0 1 1 0 -1 1 0
8 -1 0 0 1 0 1 0 0 0 1 0 0 0 -1 1 0 -1 1 0
8 -1 0 0 -1 0 1 0 0 0 -1 0 0 0 1 -1 0 -1 1 0
8 -1 0 0 -1 0 1 0 0 0 1 0 0 0 -1 -1 0 -1 1 0
8 -1 0 0 -1 0 1 0 0 0 -1 0 0 0 -1 1 0 -1 1 0
8 -1 0 0 -1 0 1 0 0 0 1 0 0 0 1 1 0 -1 1 0
8 -1 0 0 1 0 1 0 0 0 -1 0 0 0 -1 -1 0 1 -1 0
8 -1 0 0 1 0 1 0 0 0 1 0 0 0 1 -1 0 1 -1 0
8 -1 0 0 1 0 1 0 0 0 -1 0 0 0 1 1 0 1 -1 0
8 -1 0 0 1 0 1 0 0 0 1 0 0 0 -1 1 0 1 -1 0
8 -1 0 0 -1 0 1 0 0 0 -1 0 0 0 1 -1 0 1 -1 0
8 -1 0 0 -1 0 1 0 0 0 1 0 0 0 -1 -1 0 1 -1 0
8 -1 0 0 -1 0 1 0 0 0 -1 0 0 0 -1 1 0 1 -1 0
8 -1 0 0 -1 0 1 0 0 0 1 0 0 0 1 1 0 1 -1 0
8 1 0 0 0 0 0 0 1 -1 -1 0 0 -1 -1 0 0 0 -1 -1
8 1 0 0 0 0 0 0 1 -1 1 0 0 -1 1 0 0 0 -1 -1
8 1 0 0 0 0 0 0 1 1 -1 0 0 -1 1 0 0 0 -1 -1
8 1 0 0 0 0 0 0 1 1 1 0 0 -1 -1 0 0 0 -1 -1
8 1 0 0 0 0 0 0 1 -1 -1 0 0 1 1 0 0 0 -1 -1
8 1 0 0 0 0 0 0 1 -1 1 0 0 1 -1 0 0 0 -1 -1
8 1 0 0 0 0 0 0 1 1 -1 0 0 1 -1 0 0 0 -1 -1
8 1 0 0 0 0 0 0 1 1 1 0 0 1 1 0 0 0 -1 -1
8 -1 0 0 0 0 0 0 1 -1 -1 0 0 -1 1 0 0 0 -1 -1
8 -1 0 0 0 0 0 0 1 -1 1 0 0 -1 -1 0 0 0 -1 -1
8 -1 0 0 0 0 0 0 1 1 -1 0 0 -1 -1 0 0 0 -1 -1
8 -1 0 0 0 0 0 0 1 1 1 0 0 -1 1 0 0 0 -1 -1
8 -1 0 0 0 0 0 0 1 -1 -1 0 0 1 -1 0 0 0 -1 -1
8 -1 0 0 0 0 0 0 1 -1 1 0 0 1 1 0 0 0 -1 -1
8 -1 0 0 0 0 0 0 1 1 -1 0 0 1 1 0 0 0 -1 -1
8 -1 0 0 0 0 0 0 1 1 1 0 0 1 -1 0 0 0 -1 -1
8 1 0 0 0 0 0 0 1 -1 -1 0 0 -1 -1 0 0 0 1 1
8 1 0 0 0 0 0 0 1 -1 1 0 0 -1 1 0 0 0 1 1
8 1 0 0 0 0 0 0 1 1 -1 0 0 -1 1 0 0 0 1 1
8 1 0 0 0 0 0 0 1 1 1 0 0 -1 -1 0 0 0 1 1
8 1 0 0 0 0 0 0 1 -1 -1 0 0 1 1 0 0 0 1 1
8 1 0 0 0 0 0 0 1 -1 1 0 0 1 -1 0 0 0 1 1
8 1 0 0 0 0 0 0 1 1 -1 0 0 1 -1 0 0 0 1 1
8 1 0 0 0 0 0 0 1 1 1 0 0 1 1 0 0 0 1 1
8 -1 0 0 0 0 0 0 1 -1 -1 0 0 -1 1 0 0 0 1 1
8 -1 0 0 0 0 0 0 1 -1 1 0 0 -1 -1 0 0 0 1 1
8 -1 0 0 0 0 0 0 1 1 -1 0 0 -1 -1 0 0 0 1 1
8 -1 0 0 0 0 0 0 1 1 1 0 0 -1 1 0 0 0 1 1
8 -1 0 0 0 0 0 0 1 -1 -1 0 0 1 -1 0 0 0 1 1
8 -1 0 0 0 0 0 0 1 -1 1 0 0 1 1 0 0 0 1 1
8 -1 0 0 0 0 0 0 1 1 -1 0 0 1 1 0 0 0 1 1
8 -1 0 0 0 0 0 0 1 1 1 0 0 1 -1 0 0 0 1 1
8 1 0 0 0 0 0 0 -1 -1 -1 0 0 -1 1 0 0 0 -1 -1
8 1 0 0 0 0 0 0 -1 -1 1 0 0 -1 -1 0 0 0 -1 -1
8 1 0 0 0 0 0 0 -1 1 -1 0 0 -1 -1 0 0 0 -1 -1
8 1 0 0 0 0 0 0 -1 1 1 0 0 -1 1 0 0 0 -1 -1
8 1 0 0 0 0 0 0 -1 -1 -1 0 0 1 -1 0 0 0 -1 -1
8 1 0 0 0 0 0 0 -1 -1 1 0 0 1 1 0 0 0 -1 -1
8 1 0 0 0 0 0 0 -1 1 -1 0 0 1 1 0 0 0 -1 -1
8 1 0 0 0 0 0 0 -1 1 1 0 0 1 -1 0 0 0 -1 -1
8 -1 0 0 0 0 0 0 -1 -1 -1 0 0 -1 -1 0 0 0 -1 -1
8 -1 0 0 0 0 0 0 -1 -1 1 0 0 -1 1 0 0 0 -1 -1
8 -1 0 0 0 0 0 0 -1 1 -1 0 0 -1 1 0 0 0 -1 -1
8 -1 0 0 0 0 0 0 -1 1 1 0 0 -1 -1 0 0 0 -1 -1
8 -1 0 0 0 0 0 0 -1 -1 -1 0 0 1 1 0 0 0 -1 -1
8 -1 0 0 0 0 0 0 -1 -1 1 0 0 1 -1 0 0 0 -1 -1
8 -1 0 0 0 0 0 0 -1 1 -1 0 0 1 -1 0 0 0 -1 -1
8 -1 0 0 0 0 0 0 -1 1 1 0 0 1 1 0 0 0 -1 -1
8 1 0 0 0 0 0 0 -1 -1 -1 0 0 -1 1 0 0 0 1 1
8 1 0 0 0 0 0 0 -1 -1 1 0 0 -1 -1 0 0 0 1 1
8 1 0 0 0 0 0 0 -1 1 -1 0 0 -1 -1 0 0 0 1 1
8 1 0 0 0 0 0 0 -1 1 1 0 0 -1 1 0 0 0 1 1
8 1 0 0 0 0 0 0 -1 -1 -1 0 0 1 -1 0 0 0 1 1
8 1 0 0 0 0 0 0 -1 -1 1 0 0 1 1 0 0 0 1 1
8 1 0 0 0 0 0 0 -1 1 -1 0 0 1 1 0 0 0 1 1
8 1 0 0 0 0 0 0 -1 1 1 0 0 1 -1 0 0 0 1 1
8 -1 0 0 0 0 0 0 -1 -1 -1 0 0 -1 -1 0 0 0 1 1
8 -1 0 0 0 0 0 0 -1 -1 1 0 0 -1 1 0 0 0 1 1
8 -1 0 0 0 0 0 0 -1 1 -1 0 0 -1 1 0 0 0 1 1
8 -1 0 0 0 0 0 0 -1 1 1 0 0 -1 -1 0 0 0 1 1
8 -1 0 0 0 0 0 0 -1 -1 -1 0 0 1 1 0 0 0 1 1
8 -1 0 0 0 0 0 0 -1 -1 1 0 0 1 -1 0 0 0 1 1
8 -1 0 0 0 0 0 0 -1 1 -1 0 0 1 -1 0 0 0 1 1
8 -1 0 0 0 0 0 0 -1 1 1 0 0 1 1 0 0 0 1 1
8 0 0 1 0 0 -1 1 0 -1 -1 0 0 0 -1 0 0 -1 0 1
8 0 0 1 0 0 -1 1 0 -1 1 0 0 0 1 0 0 -1 0 1
8 0 0 1 0 0 -1 1 0 1 -1 0 0 0 1 0 0 -1 0 1
8 0 0 1 0 0 -1 1 0 1 1 0 0 0 -1 0 0 -1 0 1
8 0 0 1 0 0 -1 -1 0 -1 -1 0 0 0 1 0 0 -1 0 1
8 0 0 1 0 0 -1 -1 0 -1 1 0 0 0 -1 0 0 -1 0 1
8 0 0 1 0 0 -1 -1 0 1 -1 0 0 0 -1 0 0 -1 0 1
8 0 0 1 0 0 -1 -1 0 1 1 0 0 0 1 0 0 -1 0 1
8 0 0 1 0 0 -1 1 0 -1 -1 0 0 0 -1 0 0 1 0 -1
8 0 0 1 0 0 -1 1 0 -1 1 0 0 0 1 0 0 1 0 -1
8 0 0 1 0 0 -1 1 0 1 -1 0 0 0 1 0 0 1 0 -1
8 0 0 1 0 0 -1 1 0 1 1 0 0 0 -1 0 0 1 0 -1
8 0 0 1 0 0 -1 -1 0 -1 -1 0 0 0 1 0 0 1 0 -1
8 0 0 1 0 0 -1 -1 0 -1 1 0 0 0 -1 0 0 1 0 -1
8 0 0 1 0 0 -1 -1 0 1 -1 0 0 0 -1 0 0 1 0 -1
8 0 0 1 0 0 -1 -1 0 1 1 0 0 0 1 0 0 1 0 -1
8 0 0 -1 0 0 -1 1 0 -1 -1 0 0 0 1 0 0 -1 0 1
8 0 0 -1 0 0 -1 1 0 -1 1 0 0 0 -1 0 0 -1 0 1
8 0 0 -1 0 0 -1 1 0 1 -1 0 0 0 -1 0 0 -1 0 1
8 0 0 -1 0 0 -1 1 0 1 1 0 0 0 1 0 0 -1 0 1
8 0 0 -1 0 0 -1 -1 0 -1 -1 0 0 0 -1 0 0 -1 0 1
8 0 0 -1 0 0 -1 -1 0 -1 1 0 0 0 1 0 0 -1 0 1
8 0 0 -1 0 0 -1 -1 0 1 -1 0 0 0 1 0 0 -1 0 1
8 0 0 -1 0 0 -1 -1 0 1 1 0 0 0 -1 0 0 -1 0 1
8 0 0 -1 0 0 -1 1 0 -1 -1 0 0 0 1 0 0 1 0 -1
8 0 0 -1 0 0 -1 1 0 -1 1 0 0 0 -1 0 0 1 0 -1
8 0 0 -1 0 0 -1 1 0 1 -1 0 0 0 -1 0 0 1 0 -1
8 0 0 -1 0 0 -1 1 0 1 1 0 0 0 1 0 0 1 0 -1
8 0 0 -1 0 0 -1 -1 0 -1 -1 0 0 0 -1 0 0 1 0 -1
8 0 0 -1 0 0 -1 -1 0 -1 1 0 0 0 1 0 0 1 0 -1
8 0 0 -1 0 0 -1 -1 0 1 -1 0 0 0 1 0 0 1 0 -1
8 0 0 -1 0 0 -1 -1 0 1 1 0 0 0 -1 0 0 1 0 -1
8 0 0 1 0 0 1 1 0 -1 -1 0 0 0 1 0 0 -1 0 1
8 0 0 1 0 0 1 1 0 -1 1 0 0 0 -1 0 0 -1 0 1
8 0 0 1 0 0 1 1 0 1 -1 0 0 0 -1 0 0 -1 0 1
8 0 0 1 0 0 1 1 0 1 1 0 0 0 1 0 0 -1 0 1
8 0 0 1 0 0 1 -1 0 -1 -1 0 0 0 -1 0 0 -1 0 1
8 0 0 1 0 0 1 -1 0 -1 1 0 0 0 1 0 0 -1 0 1
8 0 0 1 0 0 1 -1 0 1 -1 0 0 0 1 0 0 -1 0 1
8 0 0 1 0 0 1 -1 0 1 1 0 0 0 -1 0 0 -1 0 1
8 0 0 1 0 0 1 1 0 -1 -1 0 0 0 1 0 0 1 0 -1
8 0 0 1 0 0 1 1 0 -1 1 0 0 0 -1 0 0 1 0 -1
8 0 0 1 0 0 1 1 0 1 -1 0 0 0 -1 0 0 1 0 -1
8 0 0 1 0 0 1 1 0 1 1 0 0 0 1 0 0 1 0 -1
8 0 0 1 0 0 1 -1 0 -1 -1 0 0 0 -1 0 0 1 0 -1
8 0 0 1 0 0 1 -1 0 -1 1 0 0 0 1 0 0 1 0 -1
8 0 0 1 0 0 1 -1 0 1 -1 0 0 0 1 0 0 1 0 -1
8 0 0 1 0 0 1 -1 0 1 1 0 0 0 -1 0 0 1 0 -1
8 0 0 -1 0 0 1 1 0 -1 -1 0 0 0 -1 0 0 -1 0 1
8 0 0 -1 0 0 1 1 0 -1 1 0 0 0 1 0 0 -1 0 1
8 0 0 -1 0 0 1 1 0 1 -1 0 0 0 1 0 0 -1 0 1
8 0 0 -1 0 0 1 1 0 1 1 0 0 0 -1 0 0 -1 0 1
8 0 0 -1 0 0 1 -1 0 -1 -1 0 0 0 1 0 0 -1 0 1
8 0 0 -1 0 0 1 -1 0 -1 1 0 0 0 -1 0 0 -1 0 1
8 0 0 -1 0 0 1 -1 0 1 -1 0 0 0 -1 0 0 -1 0 1
8 0 0 -1 0 0 1 -1 0 1 1 0 0 0 1 0 0 -1 0 1
8 0 0 -1 0 0 1 1 0 -1 -1 0 0 0 -1 0 0 1 0 -1
8 0 0 -1 0 0 1 1 0 -1 1 0 0 0 1 0 0 1 0 -1
8 0 0 -1 0 0 1 1 0 1 -1 0 0 0 1 0 0 1 0 -1
8 0 0 -1 0 0 1 1 0 1 1 0 0 0 -1 0 0 1 0 -1
8 0 0 -1 0 0 1 -1 0 -1 -1 0 0 0 1 0 0 1 0 -1
8 0 0 -1 0 0 1 -1 0 -1 1 0 0 0 -1 0 0 1 0 -1
8 0 0 -1 0 0 1 -1 0 1 -1 0 0 0 -1 0 0 1 0 -1
8 0 0 -1 0 0 1 -1 0 1 1 0 0 0 1 0 0 1 0 -1
8 1 -1 1 0 0 0 0 0 -1 -1 -1 0 0 1 -1 0 0 0 0
8 1 -1 1 0 0 0 0 0 -1 1 -1 0 0 -1 -1 0 0 0 0
8 1 -1 1 0 0 0 0 0 1 -1 -1 0 0 -1 -1 0 0 0 0
8 1 -1 1 0 0 0 0 0 1 1 -1 0 0 1 -1 0 0 0 0
8 1 -1 1 0 0 0 0 0 -1 -1 -1 0 0 -1 1 0 0 0 0
8 1 -1 1 0 0 0 0 0 -1 1 -1 0 0 1 1 0 0 0 0
8 1 -1 1 0 0 0 0 0 1 -1 -1 0 0 1 1 0 0 0 0
8 1 -1 1 0 0 0 0 0 1 1 -1 0 0 -1 1 0 0 0 0
8 1 -1 1 0 0 0 0 0 -1 -1 1 0 0 -1 -1 0 0 0 0
8 1 -1 1 0 0 0 0 0 -1 1 1 0 0 1 -1 0 0 0 0
8 1 -1 1 0 0 0 0 0 1 -1 1 0 0 1 -1 0 0 0 0
8 1 -1 1 0 0 0 0 0 1 1 1 0 0 -1 -1 0 0 0 0
8 1 -1 1 0 0 0 0 0 -1 -1 1 0 0 1 1 0 0 0 0
8 1 -1 1 0 0 0 0 0 -1 1 1 0 0 -1 1 0 0 0 0
8 1 -1 1 0 0 0 0 0 1 -1 1 0 0 -1 1 0 0 0 0
8 1 -1 1 0 0 0 0 0 1 1 1 0 0 1 1 0 0 0 0
8 -1 -1 1 0 0 0 0 0 -1 -1 -1 0 0 -1 -1 0 0 0 0
8 -1 -1 1 0 0 0 0 0 -1 1 -1 0 0 1 -1 0 0 0 0
8 -1 -1 1 0 0 0 0 0 1 -1 -1 0 0 1 -1 0 0 0 0
8 -1 -1 1 0 0 0 0 0 1 1 -1 0 0 -1 -1 0 0 0 0
8 -1 -1 1 0 0 0 0 0 -1 -1 -1 0 0 1 1 0 0 0 0
8 -1 -1 1 0 0 0 0 0 -1 1 -1 0 0 -1 1 0 0 0 0
8 -1 -1 1 0 0 0 0 0 1 -1 -1 0 0 -1 1 0 0 0 0
8 -1 -1 1 0 0 0 0 0 1 1 -1 0 0 1 1 0 0 0 0
8 -1 -1 1 0 0 0 0 0 -1 -1 1 0 0 1 -1 0 0 0 0
8 -1 -1 1 0 0 0 0 0 -1 1 1 0 0 -1 -1 0 0 0 0
8 -1 -1 1 0 0 0 0 0 1 -1 1 0 0 -1 -1 0 0 0 0
8 -1 -1 1 0 0 0 0 0 1 1 1 0 0 1 -1 0 0 0 0
8 -1 -1 1 0 0 0 0 0 -1 -1 1 0 0 -1 1 0 0 0 0
8 -1 -1 1 0 0 0 0 0 -1 1 1 0 0 1 1 0 0 0 0
8 -1 -1 1 0 0 0 0 0 1 -1 1 0 0 1 1 0 0 0 0
8 -1 -1 1 0 0 0 0 0 1 1 1 0 0 -1 1 0 0 0 0
8 1 1 1 0 0 0 0 0 -1 -1 -1 0 0 -1 -1 0 0 0 0
8 1 1 1 0 0 0 0 0 -1 1 -1 0 0 1 -1 0 0 0 0
8 1 1 1 0 0 0 0 0 1 -1 -1 0 0 1 -1 0 0 0 0
8 1 1 1 0 0 0 0 0 1 1 -1 0 0 -1 -1 0 0 0 0
8 1 1 1 0 0 0 0 0 -1 -1 -1 0 0 1 1 0 0 0 0
8 1 1 1 0 0 0 0 0 -1 1 -1 0 0 -1 1 0 0 0 0
8 1 1 1 0 0 0 0 0 1 -1 -1 0 0 -1 1 0 0 0 0
8 1 1 1 0 0 0 0 0 1 1 -1 0 0 1 1 0 0 0 0
8 1 1 1 0 0 0 0 0 -1 -1 1 0 0 1 -1 0 0 0 0
8 1 1 1 0 0 0 0 0 -1 1 1 0 0 -1 -1 0 0 0 0
8 1 1 1 0 0 0 0 0 1 -1 1 0 0 -1 -1 0 0 0 0
8 1 1 1 0 0 0 0 0 1 1 1 0 0 1 -1 0 0 0 0
8 1 1 1 0 0 0 0 0 -1 -1 1 0 0 -1 1 0 0 0 0
8 1 1 1 0 0 0 0 0 -1 1 1 0 0 1 1 0 0 0 0
8 1 1 1 0 0 0 0 0 1 -1 1 0 0 1 1 0 0 0 0
8 1 1 1 0 0 0 0 0 1 1 1 0 0 -1 1 0 0 0 0
8 -1 1 1 0 0 0 0 0 -1 -1 -1 0 0 1 -1 0 0 0 0
8 -1 1 1 0 0 0 0 0 -1 1 -1 0 0 -1 -1 0 0 0 0
8 -1 1 1 0 0 0 0 0 1 -1 -1 0 0 -1 -1 0 0 0 0
8 -1 1 1 0 0 0 0 0 1 1 -1 0 0 1 -1 0 0 0 0
8 -1 1 1 0 0 0 0 0 -1 -1 -1 0 0 -1 1 0 0 0 0
8 -1 1 1 0 0 0 0 0 -1 1 -1 0 0 1 1 0 0 0 0
8 -1 1 1 0 0 0 0 0 1 -1 -1 0 0 1 1 0 0 0 0
8 -1 1 1 0 0 0 0 0 1 1 -1 0 0 -1 1 0 0 0 0
8 -1 1 1 0 0 0 0 0 -1 -1 1 0 0 -1 -1 0 0 0 0
8 -1 1 1 0 0 0 0 0 -1 1 1 0 0 1 -1 0 0 0 0
8 -1 1 1 0 0 0 0 0 1 -1 1 0 0 1 -1 0 0 0 0
8 -1 1 1 0 0 0 0 0 1 1 1 0 0 -1 -1 0 0 0 0
8 -1 1 1 0 0 0 0 0 -1 -1 1 0 0 1 1 0 0 0 0
8 -1 1 1 0 0 0 0 0 -1 1 1 0 0 -1 1 0 0 0 0
8 -1 1 1 0 0 0 0 0 1 -1 1 0 0 -1 1 0 0 0 0
8 -1 1 1 0 0 0 0 0 1 1 1 0 0 1 1 0 0 0 0
8 1 -1 -1 0 0 0 0 0 -1 -1 -1 0 0 -1 -1 0 0 0 0
8 1 -1 -1 0 0 0 0 0 -1 1 -1 0 0 1 -1 0 0 0 0
8 1 -1 -1 0 0 0 0 0 1 -1 -1 0 0 1 -1 0 0 0 0
8 1 -1 -1 0 0 0 0 0 1 1 -1 0 0 -1 -1 0 0 0 0
8 1 -1 -1 0 0 0 0 0 -1 -1 -1 0 0 1 1 0 0 0 0
8 1 -1 -1 0 0 0 0 0 -1 1 -1 0 0 -1 1 0 0 0 0
8 1 -1 -1 0 0 0 0 0 1 -1 -1 0 0 -1 1 0 0 0 0
8 1 -1 -1 0 0 0 0 0 1 1 -1 0 0 1 1 0 0 0 0
8 1 -1 -1 0 0 0 0 0 -1 -1 1 0 0 1 -1 0 0 0 0
8 1 -1 -1 0 0 0 0 0 -1 1 1 0 0 -1 -1 0 0 0 0
8 1 -1 -1 0 0 0 0 0 1 -1 1 0 0 -1 -1 0 0 0 0
8 1 -1 -1 0 0 0 0 0 1 1 1 0 0 1 -1 0 0 0 0
8 1 -1 -1 0 0 0 0 0 -1 -1 1 0 0 -1 1 0 0 0 0
8 1 -1 -1 0 0 0 0 0 -1 1 1 0 0 1 1 0 0 0 0
8 1 -1 -1 0 0 0 0 0 1 -1 1 0 0 1 1 0 0 0 0
8 1 -1 -1 0 0 0 0 0 1 1 1 0 0 -1 1 0 0 0 0
8 -1 -1 -1 0 0 0 0 0 -1 -1 -1 0 0 1 -1 0 0 0 0
8 -1 -1 -1 0 0 0 0 0 -1 1 -1 0 0 -1 -1 0 0 0 0
8 -1 -1 -1 0 0 0 0 0 1 -1 -1 0 0 -1 -1 0 0 0 0
8 -1 -1 -1 0 0 0 0 0 1 1 -1 0 0 1 -1 0 0 0 0
8 -1 -1 -1 0 0 0 0 0 -1 -1 -1 0 0 -1 1 0 0 0 0
8 -1 -1 -1 0 0 0 0 0 -1 1 -1 0 0 1 1 0 0 0 0
8 -1 -1 -1 0 0 0 0 0 1 -1 -1 0 0 1 1 0 0 0 0
8 -1 -1 -1 0 0 0 0 0 1 1 -1 0 0 -1 1 0 0 0 0
8 -1 -1 -1 0 0 0 0 0 -1 -1 1 0 0 -1 -1 0 0 0 0
8 -1 -1 -1 0 0 0 0 0 -1 1 1 0 0 1 -1 0 0 0 0
8 -1 -1 -1 0 0 0 0 0 1 -1 1 0 0 1 -1 0 0 0 0
8 -1 -1 -1 0 0 0 0 0 1 1 1 0 0 -1 -1 0 0 0 0
8 -1 -1 -1 0 0 0 0 0 -1 -1 1 0 0 1 1 0 0 0 0
8 -1 -1 -1 0 0 0 0 0 -1 1 1 0 0 -1 1 0 0 0 0
8 -1 -1 -1 0 0 0 0 0 1 -1 1 0 0 -1 1 0 0 0 0
8 -1 -1 -1 0 0 0 0 0 1 1 1 0 0 1 1 0 0 0 0
8 1 1 -1 0 0 0 0 0 -1 -1 -1 0 0 1 -1 0 0 0 0
8 1 1 -1 0 0 0 0 0 -1 1 -1 0 0 -1 -1 0 0 0 0
8 1 1 -1 0 0 0 0 0 1 -1 -1 0 0 -1 -1 0 0 0 0
8 1 1 -1 0 0 0 0 0 1 1 -1 0 0 1 -1 0 0 0 0
8 1 1 -1 0 0 0 0 0 -1 -1 -1 0 0 -1 1 0 0 0 0
8 1 1 -1 0 0 0 0 0 -1 1 -1 0 0 1 1 0 0 0 0
8 1 1 -1 0 0 0 0 0 1 -1 -1 0 0 1 1 0 0 0 0
8 1 1 -1 0 0 0 0 0 1 1 -1 0 0 -1 1 0 0 0 0
8 1 1 -1 0 0 0 0 0 -1 -1 1 0 0 -1 -1 0 0 0 0
8 1 1 -1 0 0 0 0 0 -1 1 1 0 0 1 -1 0 0 0 0
8 1 1 -1 0 0 0 0 0 1 -1 1 0 0 1 -1 0 0 0 0
8 1 1 -1 0 0 0 0 0 1 1 1 0 0 -1 -1 0 0 0 0
8 1 1 -1 0 0 0 0 0 -1 -1 1 0 0 1 1 0 0 0 0
8 1 1 -1 0 0 0 0 0 -1 1 1 0 0 -1 1 0 0 0 0
8 1 1 -1 0 0 0 0 0 1 -1 1 0 0 -1 1 0 0 0 0
8 1 1 -1 0 0 0 0 0 1 1 1 0 0 1 1 0 0 0 0
8 -1 1 -1 0 0 0 0 0 -1 -1 -1 0 0 -1 -1 0 0 0 0
8 -1 1 -1 0 0 0 0 0 -1 1 -1 0 0 1 -1 0 0 0 0
8 -1 1 -1 0 0 0 0 0 1 -1 -1 0 0 1 -1 0 0 0 0
8 -1 1 -1 0 0 0 0 0 1 1 -1 0 0 -1 -1 0 0 0 0
8 -1 1 -1 0 0 0 0 0 -1 -1 -1 0 0 1 1 0 0 0 0
8 -1 1 -1 0 0 0 0 0 -1 1 -1 0 0 -1 1 0 0 0 0
8 -1 1 -1 0 0 0 0 0 1 -1 -1 0 0 -1 1 0 0 0 0
8 -1 1 -1 0 0 0 0 0 1 1 -1 0 0 1 1 0 0 0 0
8 -1 1 -1 0 0 0 0 0 -1 -1 1 0 0 1 -1 0 0 0 0
8 -1 1 -1 0 0 0 0 0 -1 1 1 0 0 -1 -1 0 0 0 0
8 -1 1 -1 0 0 0 0 0 1 -1 1 0 0 -1 -1 0 0 0 0
8 -1 1 -1 0 0 0 0 0 1 1 1 0 0 1 -1 0 0 0 0
8 -1 1 -1 0 0 0 0 0 -1 -1 1 0 0 -1 1 0 0 0 0
8 -1 1 -1 0 0 0 0 0 -1 1 1 0 0 1 1 0 0 0 0
8 -1 1 -1 0 0 0 0 0 1 -1 1 0 0 1 1 0 0 0 0
8 -1 1 -1 0 0 0 0 0 1 1 1 0 0 -1 1 0 0 0 0
8 1 0 0 1 1 0 0 1 0 -1 -1 -1 0 1 0 0 0 0 0
8 1 0 0 1 1 0 0 1 0 1 -1 -1 0 -1 0 0 0 0 0
8 1 0 0 1 1 0 0 1 0 -1 -1 1 0 -1 0 0 0 0 0
8 1 0 0 1 1 0 0 1 0 1 -1 1 0 1 0 0 0 0 0
8 1 0 0 -1 1 0 0 1 0 -1 -1 -1 0 -1 0 0 0 0 0
8 1 0 0 -1 1 0 0 1 0 1 -1 -1 0 1 0 0 0 0 0
8 1 0 0 -1 1 0 0 1 0 -1 -1 1 0 1 0 0 0 0 0
8 1 0 0 -1 1 0 0 1 0 1 -1 1 0 -1 0 0 0 0 0
8 1 0 0 1 -1 0 0 1 0 -1 -1 -1 0 -1 0 0 0 0 0
8 1 0 0 1 -1 0 0 1 0 1 -1 -1 0 1 0 0 0 0 0
8 1 0 0 1 -1 0 0 1 0 -1 -1 1 0 1 0 0 0 0 0
8 1 0 0 1 -1 0 0 1 0 1 -1 1 0 -1 0 0 0 0 0
8 1 0 0 -1 -1 0 0 1 0 -1 -1 -1 0 1 0 0 0 0 0
8 1 0 0 -1 -1 0 0 1 0 1 -1 -1 0 -1 0 0 0 0 0
8 1 0 0 -1 -1 0 0 1 0 -1 -1 1 0 -1 0 0 0 0 0
8 1 0 0 -1 -1 0 0 1 0 1 -1 1 0 1 0 0 0 0 0
8 1 0 0 1 1 0 0 1 0 -1 1 -1 0 -1 0 0 0 0 0
8 1 0 0 1 1 0 0 1 0 1 1 -1 0 1 0 0 0 0 0
8 1 0 0 1 1 0 0 1 0 -1 1 1 0 1 0 0 0 0 0
8 1 0 0 1 1 0 0 1 0 1 1 1 0 -1 0 0 0 0 0
8 1 0 0 -1 1 0 0 1 0 -1 1 -1 0 1 0 0 0 0 0
8 1 0 0 -1 1 0 0 1 0 1 1 -1 0 -1 0 0 0 0 0
8 1 0 0 -1 1 0 0 1 0 -1 1 1 0 -1 0 0 0 0 0
8 1 0 0 -1 1 0 0 1 0 1 1 1 0 1 0 0 0 0 0
8 1 0 0 1 -1 0 0 1 0 -1 1 -1 0 1 0 0 0 0 0
8 1 0 0 1 -1 0 0 1 0 1 1 -1 0 -1 0 0 0 0 0
8 1 0 0 1 -1 0 0 1 0 -1 1 1 0 -1 0 0 0 0 0
8 1 0 0 1 -1 0 0 1 0 1 1 1 0 1 0 0 0 0 0
8 1 0 0 -1 -1 0 0 1 0 -1 1 -1 0 -1 0 0 0 0 0
8 1 0 0 -1 -1 0 0 1 0 1 1 -1 0 1 0 0 0 0 0
8 1 0 0 -1 -1 0 0 1 0 -1 1 1 0 1 0 0 0 0 0
8 1 0 0 -1 -1 0 0 1 0 1 1 1 0 -1 0 0 0 0 0
8 -1 0 0 1 1 0 0 1 0 -1 -1 -1 0 -1 0 0 0 0 0
8 -1 0 0 1 1 0 0 1 0 1 -1 -1 0 1 0 0 0 0 0
8 -1 0 0 1 1 0 0 1 0 -1 -1 1 0 1 0 0 0 0 0
8 -1 0 0 1 1 0 0 1 0 1 -1 1 0 -1 0 0 0 0 0
8 -1 0 0 -1 1 0 0 1 0 -1 -1 -1 0 1 0 0 0 0 0
8 -1 0 0 -1 1 0 0 1 0 1 -1 -1 0 -1 0 0 0 0 0
8 -1 0 0 -1 1 0 0 1 0 -1 -1 1 0 -1 0 0 0 0 0
8 -1 0 0 -1 1 0 0 1 0 1 -1 1 0 1 0 0 0 0 0
8 -1 0 0 1 -1 0 0 1 0 -1 -1 -1 0 1 0 0 0 0 0
8 -1 0 0 1 -1 0 0 1 0 1 -1 -1 0 -1 0 0 0 0 0
8 -1 0 0 1 -1 0 0 1 0 -1 -1 1 0 -1 0 0 0 0 0
8 -1 0 0 1 -1 0 0 1 0 1 -1 1 0 1 0 0 0 0 0
8 -1 0 0 -1 -1 0 0 1 0 -1 -1 -1 0 -1 0 0 0 0 0
8 -1 0 0 -1 -1 0 0 1 0 1 -1 -1 0 1 0 0 0 0 0
8 -1 0 0 -1 -1 0 0 1 0 -1 -1 1 0 1 0 0 0 0 0
8 -1 0 0 -1 -1 0 0 1 0 1 -1 1 0 -1 0 0 0 0 0
8 -1 0 0 1 1 0 0 1 0 -1 1 -1 0 1 0 0 0 0 0
8 -1 0 0 1 1 0 0 1 0 1 1 -1 0 -1 0 0 0 0 0
8 -1 0 0 1 1 0 0 1 0 -1 1 1 0 -1 0 0 0 0 0
8 -1 0 0 1 1 0 0 1 0 1 1 1 0 1 0 0 0 0 0
8 -1 0 0 -1 1 0 0 1 0 -1 1 -1 0 -1 0 0 0 0 0
8 -1 0 0 -1 1 0 0 1 0 1 1 -1 0 1 0 0 0 0 0
8 -1 0 0 -1 1 0 0 1 0 -1 1 1 0 1 0 0 0 0 0
8 -1 0 0 -1 1 0 0 1 0 1 1 1 0 -1 0 0 0 0 0
8 -1 0 0 1 -1 0 0 1 0 -1 1 -1 0 -1 0 0 0 0 0
8 -1 0 0 1 -1 0 0 1 0 1 1 -1 0 1 0 0 0 0 0
8 -1 0 0 1 -1 0 0 1 0 -1 1 1 0 1 0 0 0 0 0
8 -1 0 0 1 -1 0 0 1 0 1 1 1 0 -1 0 0 0 0 0
8 -1 0 0 -1 -1 0 0 1 0 -1 1 -1 0 1 0 0 0 0 0
8 -1 0 0 -1 -1 0 0 1 0 1 1 -1 0 -1 0 0 0 0 0
8 -1 0 0 -1 -1 0 0 1 0 -1 1 1 0 -1 0 0 0 0 0
8 -1 0 0 -1 -1 0 0 1 0 1 1 1 0 1 0 0 0 0 0
8 1 0 0 1 1 0 0 -1 0 -1 -1 -1 0 -1 0 0 0 0 0
8 1 0 0 1 1 0 0 -1 0 1 -1 -1 0 1 0 0 0 0 0
8 1 0 0 1 1 0 0 -1 0 -1 -1 1 0 1 0 0 0 0 0
8 1 0 0 1 1 0 0 -1 0 1 -1 1 0 -1 0 0 0 0 0
8 1 0 0 -1 1 0 0 -1 0 -1 -1 -1 0 1 0 0 0 0 0
8 1 0 0 -1 1 0 0 -1 0 1 -1 -1 0 -1 0 0 0 0 0
8 1 0 0 -1 1 0 0 -1 0 -1 -1 1 0 -1 0 0 0 0 0
8 1 0 0 -1 1 0 0 -1 0 1 -1 1 0 1 0 0 0 0 0
8 1 0 0 1 -1 0 0 -1 0 -1 -1 -1 0 1 0 0 0 0 0
8 1 0 0 1 -1 0 0 -1 0 1 -1 -1 0 -1 0 0 0 0 0
8 1 0 0 1 -1 0 0 -1 0 -1 -1 1 0 -1 0 0 0 0 0
8 1 0 0 1 -1 0 0 -1 0 1 -1 1 0 1 0 0 0 0 0
8 1 0 0 -1 -1 0 0 -1 0 -1 -1 -1 0 -1 0 0 0 0 0
8 1 0 0 -1 -1 0 0 -1 0 1 -1 -1 0 1 0 0 0 0 0
8 1 0 0 -1 -1 0 0 -1 0 -1 -1 1 0 1 0 0 0 0 0
8 1 0 0 -1 -1 0 0 -1 0 1 -1 1 0 -1 0 0 0 0 0
8 1 0 0 1 1 0 0 -1 0 -1 1 -1 0 1 0 0 0 0 0
8 1 0 0 1 1 0 0 -1 0 1 1 -1 0 -1 0 0 0 0 0
8 1 0 0 1 1 0 0 -1 0 -1 1 1 0 -1 0 0 0 0 0
8 1 0 0 1 1 0 0 -1 0 1 1 1 0 1 0 0 0 0 0
8 1 0 0 -1 1 0 0 -1 0 -1 1 -1 0 -1 0 0 0 0 0
8 1 0 0 -1 1 0 0 -1 0 1 1 -1 0 1 0 0 0 0 0
8 1 0 0 -1 1 0 0 -1 0 -1 1 1 0 1 0 0 0 0 0
8 1 0 0 -1 1 0 0 -1 0 1 1 1 0 -1 0 0 0 0 0
8 1 0 0 1 -1 0 0 -1 0 -1 1 -1 0 -1 0 0 0 0 0
8 1 0 0 1 -1 0 0 -1 0 1 1 -1 0 1 0 0 0 0 0
8 1 0 0 1 -1 0 0 -1 0 -1 1 1 0 1 0 0 0 0 0
8 1 0 0 1 -1 0 0 -1 0 1 1 1 0 -1 0 0 0 0 0
8 1 0 0 -1 -1 0 0 -1 0 -1 1 -1 0 1 0 0 0 0 0
8 1 0 0 -1 -1 0 0 -1 0 1 1 -1 0 -1 0 0 0 0 0
8 1 0 0 -1 -1 0 0 -1 0 -1 1 1 0 -1 0 0 0 0 0
8 1 0 0 -1 -1 0 0 -1 0 1 1 1 0 1 0 0 0 0 0
8 -1 0 0 1 1 0 0 -1 0 -1 -1 -1 0 1 0 0 0 0 0
8 -1 0 0 1 1 0 0 -1 0 1 -1 -1 0 -1 0 0 0 0 0
8 -1 0 0 1 1 0 0 -1 0 -1 -1 1 0 -1 0 0 0 0 0
8 -1 0 0 1 1 0 0 -1 0 1 -1 1 0 1 0 0 0 0 0
8 -1 0 0 -1 1 0 0 -1 0 -1 -1 -1 0 -1 0 0 0 0 0
8 -1 0 0 -1 1 0 0 -1 0 1 -1 -1 0 1 0 0 0 0 0
8 -1 0 0 -1 1 0 0 -1 0 -1 -1 1 0 1 0 0 0 0 0
8 -1 0 0 -1 1 0 0 -1 0 1 -1 1 0 -1 0 0 0 0 0
8 -1 0 0 1 -1 0 0 -1 0 -1 -1 -1 0 -1 0 0 0 0 0
8 -1 0 0 1 -1 0 0 -1 0 1 -1 -1 0 1 0 0 0 0 0
8 -1 0 0 1 -1 0 0 -1 0 -1 -1 1 0 1 0 0 0 0 0
8 -1 0 0 1 -1 0 0 -1 0 1 -1 1 0 -1 0 0 0 0 0
8 -1 0 0 -1 -1 0 0 -1 0 -1 -1 -1 0 1 0 0 0 0 0
8 -1 0 0 -1 -1 0 0 -1 0 1 -1 -1 0 -1 0 0 0 0 0
8 -1 0 0 -1 -1 0 0 -1 0 -1 -1 1 0 -1 0 0 0 0 0
8 -1 0 0 -1 -1 0 0 -1 0 1 -1 1 0 1 0 0 0 0 0
8 -1 0 0 1 1 0 0 -1 0 -1 1 -1 0 -1 0 0 0 0 0
8 -1 0 0 1 1 0 0 -1 0 1 1 -1 0 1 0 0 0 0 0
8 -1 0 0 1 1 0 0 -1 0 -1 1 1 0 1 0 0 0 0 0
8 -1 0 0 1 1 0 0 -1 0 1 1 1 0 -1 0 0 0 0 0
8 -1 0 0 -1 1 0 0 -1 0 -1 1 -1 0 1 0 0 0 0 0
8 -1 0 0 -1 1 0 0 -1 0 1 1 -1 0 -1 0 0 0 0 0
8 -1 0 0 -1 1 0 0 -1 0 -1 1 1 0 -1 0 0 0 0 0
8 -1 0 0 -1 1 0 0 -1 0 1 1 1 0 1 0 0 0 0 0
8 -1 0 0 1 -1 0 0 -1 0 -1 1 -1 0 1 0 0 0 0 0
8 -1 0 0 1 -1 0 0 -1 0 1 1 -1 0 -1 0 0 0 0 0
8 -1 0 0 1 -1 0 0 -1 0 -1 1 1 0 -1 0 0 0 0 0
8 -1 0 0 1 -1 0 0 -1 0 1 1 1 0 1 0 0 0 0 0
8 -1 0 0 -1 -1 0 0 -1 0 -1 1 -1 0 -1 0 0 0 0 0
8 -1 0 0 -1 -1 0 0 -1 0 1 1 -1 0 1 0 0 0 0 0
8 -1 0 0 -1 -1 0 0 -1 0 -1 1 1 0 1 0 0 0 0 0
8 -1 0 0 -1 -1 0 0 -1 0 1 1 1 0 -1 0 0 0 0 0
8 0 0 0 0 0 -1 1 1 0 -1 0 -1 0 -1 0 0 -1 0 -1
8 0 0 0 0 0 -1 1 1 0 1 0 -1 0 1 0 0 -1 0 -1
8 0 0 0 0 0 -1 1 1 0 -1 0 1 0 1 0 0 -1 0 -1
8 0 0 0 0 0 -1 1 1 0 1 0 1 0 -1 0 0 -1 0 -1
8 0 0 0 0 0 -1 -1 1 0 -1 0 -1 0 1 0 0 -1 0 -1
8 0 0 0 0 0 -1 -1 1 0 1 0 -1 0 -1 0 0 -1 0 -1
8 0 0 0 0 0 -1 -1 1 0 -1 0 1 0 -1 0 0 -1 0 -1
8 0 0 0 0 0 -1 -1 1 0 1 0 1 0 1 0 0 -1 0 -1
8 0 0 0 0 0 -1 1 1 0 -1 0 -1 0 -1 0 0 1 0 1
8 0 0 0 0 0 -1 1 1 0 1 0 -1 0 1 0 0 1 0 1
8 0 0 0 0 0 -1 1 1 0 -1 0 1 0 1 0 0 1 0 1
8 0 0 0 0 0 -1 1 1 0 1 0 1 0 -1 0 0 1 0 1
8 0 0 0 0 0 -1 -1 1 0 -1 0 -1 0 1 0 0 1 0 1
8 0 0 0 0 0 -1 -1 1 0 1 0 -1 0 -1 0 0 1 0 1
8 0 0 0 0 0 -1 -1 1 0 -1 0 1 0 -1 0 0 1 0 1
8 0 0 0 0 0 -1 -1 1 0 1 0 1 0 1 0 0 1 0 1
8 0 0 0 0 0 -1 1 -1 0 -1 0 -1 0 1 0 0 -1 0 -1
8 0 0 0 0 0 -1 1 -1 0 1 0 -1 0 -1 0 0 -1 0 -1
8 0 0 0 0 0 -1 1 -1 0 -1 0 1 0 -1 0 0 -1 0 -1
8 0 0 0 0 0 -1 1 -1 0 1 0 1 0 1 0 0 -1 0 -1
8 0 0 0 0 0 -1 -1 -1 0 -1 0 -1 0 -1 0 0 -1 0 -1
8 0 0 0 0 0 -1 -1 -1 0 1 0 -1 0 1 0 0 -1 0 -1
8 0 0 0 0 0 -1 -1 -1 0 -1 0 1 0 1 0 0 -1 0 -1
8 0 0 0 0 0 -1 -1 -1 0 1 0 1 0 -1 0 0 -1 0 -1
8 0 0 0 0 0 -1 1 -1 0 -1 0 -1 0 1 0 0 1 0 1
8 0 0 0 0 0 -1 1 -1 0 1 0 -1 0 -1 0 0 1 0 1
8 0 0 0 0 0 -1 1 -1 0 -1 0 1 0 -1 0 0 1 0 1
8 0 0 0 0 0 -1 1 -1 0 1 0 1 0 1 0 0 1 0 1
8 0 0 0 0 0 -1 -1 -1 0 -1 0 -1 0 -1 0 0 1 0 1
8 0 0 0 0 0 -1 -1 -1 0 1 0 -1 0 1 0 0 1 0 1
8 0 0 0 0 0 -1 -1 -1 0 -1 0 1 0 1 0 0 1 0 1
8 0 0 0 0 0 -1 -1 -1 0 1 0 1 0 -1 0 0 1 0 1
8 0 0 0 0 0 1 1 1 0 -1 0 -1 0 1 0 0 -1 0 -1
8 0 0 0 0 0 1 1 1 0 1 0 -1 0 -1 0 0 -1 0 -1
8 0 0 0 0 0 1 1 1 0 -1 0 1 0 -1 0 0 -1 0 -1
8 0 0 0 0 0 1 1 1 0 1 0 1 0 1 0 0 -1 0 -1
8 0 0 0 0 0 1 -1 1 0 -1 0 -1 0 -1 0 0 -1 0 -1
8 0 0 0 0 0 1 -1 1 0 1 0 -1 0 1 0 0 -1 0 -1
8 0 0 0 0 0 1 -1 1 0 -1 0 1 0 1 0 0 -1 0 -1
8 0 0 0 0 0 1 -1 1 0 1 0 1 0 -1 0 0 -1 0 -1
8 0 0 0 0 0 1 1 1 0 -1 0 -1 0 1 0 0 1 0 1
8 0 0 0 0 0 1 1 1 0 1 0 -1 0 -1 0 0 1 0 1
8 0 0 0 0 0 1 1 1 0 -1 0 1 0 -1 0 0 1 0 1
8 0 0 0 0 0 1 1 1 0 1 0 1 0 1 0 0 1 0 1
8 0 0 0 0 0 1 -1 1 0 -1 0 -1 0 -1 0 0 1 0 1
8 0 0 0 0 0 1 -1 1 0 1 0 -1 0 1 0 0 1 0 1
8 0 0 0 0 0 1 -1 1 0 -1 0 1 0 1 0 0 1 0 1
8 0 0 0 0 0 1 -1 1 0 1 0 1 0 -1 0 0 1 0 1
8 0 0 0 0 0 1 1 -1 0 -1 0 -1 0 -1 0 0 -1 0 -1
8 0 0 0 0 0 1 1 -1 0 1 0 -1 0 1 0 0 -1 0 -1
8 0 0 0 0 0 1 1 -1 0 -1 0 1 0 1 0 0 -1 0 -1
8 0 0 0 0 0 1 1 -1 0 1 0 1 0 -1 0 0 -1 0 -1
8 0 0 0 0 0 1 -1 -1 0 -1 0 -1 0 1 0 0 -1 0 -1
8 0 0 0 0 0 1 -1 -1 0 1 0 -1 0 -1 0 0 -1 0 -1
8 0 0 0 0 0 1 -1 -1 0 -1 0 1 0 -1 0 0 -1 0 -1
8 0 0 0 0 0 1 -1 -1 0 1 0 1 0 1 0 0 -1 0 -1
8 0 0 0 0 0 1 1 -1 0 -1 0 -1 0 -1 0 0 1 0 1
8 0 0 0 0 0 1 1 -1 0 1 0 -1 0 1 0 0 1 0 1
8 0 0 0 0 0 1 1 -1 0 -1 0 1 0 1 0 0 1 0 1
8 0 0 0 0 0 1 1 -1 0 1 0 1 0 -1 0 0 1 0 1
8 0 0 0 0 0 1 -1 -1 0 -1 0 -1 0 1 0 0 1 0 1
8 0 0 0 0 0 1 -1 -1 0 1 0 -1 0 -1 0 0 1 0 1
8 0 0 0 0 0 1 -1 -1 0 -1 0 1 0 -1 0 0 1 0 1
8 0 0 0 0 0 1 -1 -1 0 1 0 1 0 1 0 0 1 0 1
8 1 0 1 0 0 0 0 0 0 -1 0 -1 -1 -1 0 0 0 -1 1
8 1 0 1 0 0 0 0 0 0 1 0 -1 -1 1 0 0 0 -1 1
8 1 0 1 0 0 0 0 0 0 -1 0 1 -1 1 0 0 0 -1 1
8 1 0 1 0 0 0 0 0 0 1 0 1 -1 -1 0 0 0 -1 1
8 1 0 1 0 0 0 0 0 0 -1 0 -1 -1 -1 0 0 0 1 -1
8 1 0 1 0 0 0 0 0 0 1 0 -1 -1 1 0 0 0 1 -1
8 1 0 1 0 0 0 0 0 0 -1 0 1 -1 1 0 0 0 1 -1
8 1 0 1 0 0 0 0 0 0 1 0 1 -1 -1 0 0 0 1 -1
8 1 0 1 0 0 0 0 0 0 -1 0 -1 1 1 0 0 0 -1 1
8 1 0 1 0 0 0 0 0 0 1 0 -1 1 -1 0 0 0 -1 1
8 1 0 1 0 0 0 0 0 0 -1 0 1 1 -1 0 0 0 -1 1
8 1 0 1 0 0 0 0 0 0 1 0 1 1 1 0 0 0 -1 1
8 1 0 1 0 0 0 0 0 0 -1 0 -1 1 1 0 0 0 1 -1
8 1 0 1 0 0 0 0 0 0 1 0 -1 1 -1 0 0 0 1 -1
8 1 0 1 0 0 0 0 0 0 -1 0 1 1 -1 0 0 0 1 -1
8 1 0 1 0 0 0 0 0 0 1 0 1 1 1 0 0 0 1 -1
8 -1 0 1 0 0 0 0 0 0 -1 0 -1 -1 1 0 0 0 -1 1
8 -1 0 1 0 0 0 0 0 0 1 0 -1 -1 -1 0 0 0 -1 1
8 -1 0 1 0 0 0 0 0 0 -1 0 1 -1 -1 0 0 0 -1 1
8 -1 0 1 0 0 0 0 0 0 1 0 1 -1 1 0 0 0 -1 1
8 -1 0 1 0 0 0 0 0 0 -1 0 -1 -1 1 0 0 0 1 -1
8 -1 0 1 0 0 0 0 0 0 1 0 -1 -1 -1 0 0 0 1 -1
8 -1 0 1 0 0 0 0 0 0 -1 0 1 -1 -1 0 0 0 1 -1
8 -1 0 1 0 0 0 0 0 0 1 0 1 -1 1 0 0 0 1 -1
8 -1 0 1 0 0 0 0 0 0 -1 0 -1 1 -1 0 0 0 -1 1
8 -1 0 1 0 0 0 0 0 0 1 0 -1 1 1 0 0 0 -1 1
8 -1 0 1 0 0 0 0 0 0 -1 0 1 1 1 0 0 0 -1 1
8 -1 0 1 0 0 0 0 0 0 1 0 1 1 -1 0 0 0 -1 1
8 -1 0 1 0 0 0 0 0 0 -1 0 -1 1 -1 0 0 0 1 -1
8 -1 0 1 0 0 0 0 0 0 1 0 -1 1 1 0 0 0 1 -1
8 -1 0 1 0 0 0 0 0 0 -1 0 1 1 1 0 0 0 1 -1
8 -1 0 1 0 0 0 0 0 0 1 0 1 1 -1 0 0 0 1 -1
8 1 0 -1 0 0 0 0 0 0 -1 0 -1 -1 1 0 0 0 -1 1
8 1 0 -1 0 0 0 0 0 0 1 0 -1 -1 -1 0 0 0 -1 1
8 1 0 -1 0 0 0 0 0 0 -1 0 1 -1 -1 0 0 0 -1 1
8 1 0 -1 0 0 0 0 0 0 1 0 1 -1 1 0 0 0 -1 1
8 1 0 -1 0 0 0 0 0 0 -1 0 -1 -1 1 0 0 0 1 -1
8 1 0 -1 0 0 0 0 0 0 1 0 -1 -1 -1 0 0 0 1 -1
8 1 0 -1 0 0 0 0 0 0 -1 0 1 -1 -1 0 0 0 1 -1
8 1 0 -1 0 0 0 0 0 0 1 0 1 -1 1 0 0 0 1 -1
8 1 0 -1 0 0 0 0 0 0 -1 0 -1 1 -1 0 0 0 -1 1
8 1 0 -1 0 0 0 0 0 0 1 0 -1 1 1 0 0 0 -1 1
8 1 0 -1 0 0 0 0 0 0 -1 0 1 1 1 0 0 0 -1 1
8 1 0 -1 0 0 0 0 0 0 1 0 1 1 -1 0 0 0 -1 1
8 1 0 -1 0 0 0 0 0 0 -1 0 -1 1 -1 0 0 0 1 -1
8 1 0 -1 0 0 0 0 0 0 1 0 -1 1 1 0 0 0 1 -1
8 1 0 -1 0 0 0 0 0 0 -1 0 1 1 1 0 0 0 1 -1
8 1 0 -1 0 0 0 0 0 0 1 0 1 1 -1 0 0 0 1 -1
8 -1 0 -1 0 0 0 0 0 0 -1 0 -1 -1 -1 0 0 0 -1 1
8 -1 0 -1 0 0 0 0 0 0 1 0 -1 -1 1 0 0 0 -1 1
8 -1 0 -1 0 0 0 0 0 0 -1 0 1 -1 1 0 0 0 -1 1
8 -1 0 -1 0 0 0 0 0 0 1 0 1 -1 -1 0 0 0 -1 1
8 -1 0 -1 0 0 0 0 0 0 -1 0 -1 -1 -1 0 0 0 1 -1
8 -1 0 -1 0 0 0 0 0 0 1 0 -1 -1 1 0 0 0 1 -1
8 -1 0 -1 0 0 0 0 0 0 -1 0 1 -1 1 0 0 0 1 -1
8 -1 0 -1 0 0 0 0 0 0 1 0 1 -1 -1 0 0 0 1 -1
8 -1 0 -1 0 0 0 0 0 0 -1 0 -1 1 1 0 0 0 -1 1
8 -1 0 -1 0 0 0 0 0 0 1 0 -1 1 -1 0 0 0 -1 1
8 -1 0 -1 0 0 0 0 0 0 -1 0 1 1 -1 0 0 0 -1 1
8 -1 0 -1 0 0 0 0 0 0 1 0 1 1 1 0 0 0 -1 1
8 -1 0 -1 0 0 0 0 0 0 -1 0 -1 1 1 0 0 0 1 -1
8 -1 0 -1 0 0 0 0 0 0 1 0 -1 1 -1 0 0 0 1 -1
8 -1 0 -1 0 0 0 0 0 0 -1 0 1 1 -1 0 0 0 1 -1
8 -1 0 -1 0 0 0 0 0 0 1 0 1 1 1 0 0 0 1 -1
8 0 0 0 1 0 0 1 0 -1 -1 0 -1 -1 1 -1 0 0 0 0
8 0 0 0 1 0 0 1 0 -1 1 0 -1 -1 -1 -1 0 0 0 0
8 0 0 0 1 0 0 1 0 -1 -1 0 1 -1 -1 -1 0 0 0 0
8 0 0 0 1 0 0 1 0 -1 1 0 1 -1 1 -1 0 0 0 0
8 0 0 0 1 0 0 1 0 1 -1 0 -1 -1 -1 -1 0 0 0 0
8 0 0 0 1 0 0 1 0 1 1 0 -1 -1 1 -1 0 0 0 0
8 0 0 0 1 0 0 1 0 1 -1 0 1 -1 1 -1 0 0 0 0
8 0 0 0 1 0 0 1 0 1 1 0 1 -1 -1 -1 0 0 0 0
8 0 0 0 1 0 0 1 0 -1 -1 0 -1 -1 -1 1 0 0 0 0
8 0 0 0 1 0 0 1 0 -1 1 0 -1 -1 1 1 0 0 0 0
8 0 0 0 1 0 0 1 0 -1 -1 0 1 -1 1 1 0 0 0 0
8 0 0 0 1 0 0 1 0 -1 1 0 1 -1 -1 1 0 0 0 0
8 0 0 0 1 0 0 1 0 1 -1 0 -1 -1 1 1 0 0 0 0
8 0 0 0 1 0 0 1 0 1 1 0 -1 -1 -1 1 0 0 0 0
8 0 0 0 1 0 0 1 0 1 -1 0 1 -1 -1 1 0 0 0 0
8 0 0 0 1 0 0 1 0 1 1 0 1 -1 1 1 0 0 0 0
8 0 0 0 -1 0 0 1 0 -1 -1 0 -1 -1 -1 -1 0 0 0 0
8 0 0 0 -1 0 0 1 0 -1 1 0 -1 -1 1 -1 0 0 0 0
8 0 0 0 -1 0 0 1 0 -1 -1 0 1 -1 1 -1 0 0 0 0
8 0 0 0 -1 0 0 1 0 -1 1 0 1 -1 -1 -1 0 0 0 0
8 0 0 0 -1 0 0 1 0 1 -1 0 -1 -1 1 -1 0 0 0 0
8 0 0 0 -1 0 0 1 0 1 1 0 -1 -1 -1 -1 0 0 0 0
8 0 0 0 -1 0 0 1 0 1 -1 0 1 -1 -1 -1 0 0 0 0
8 0 0 0 -1 0 0 1 0 1 1 0 1 -1 1 -1 0 0 0 0
8 0 0 0 -1 0 0 1 0 -1 -1 0 -1 -1 1 1 0 0 0 0
8 0 0 0 -1 0 0 1 0 -1 1 0 -1 -1 -1 1 0 0 0 0
8 0 0 0 -1 0 0 1 0 -1 -1 0 1 -1 -1 1 0 0 0 0
8 0 0 0 -1 0 0 1 0 -1 1 0 1 -1 1 1 0 0 0 0
8 0 0 0 -1 0 0 1 0 1 -1 0 -1 -1 -1 1 0 0 0 0
8 0 0 0 -1 0 0 1 0 1 1 0 -1 -1 1 1 0 0 0 0
8 0 0 0 -1 0 0 1 0 1 -1 0 1 -1 1 1 0 0 0 0
8 0 0 0 -1 0 0 1 0 1 1 0 1 -1 -1 1 0 0 0 0
8 0 0 0 1 0 0 -1 0 -1 -1 0 -1 -1 -1 -1 0 0 0 0
8 0 0 0 1 0 0 -1 0 -1 1 0 -1 -1 1 -1 0 0 0 0
8 0 0 0 1 0 0 -1 0 -1 -1 0 1 -1 1 -1 0 0 0 0
8 0 0 0 1 0 0 -1 0 -1 1 0 1 -1 -1 -1 0 0 0 0
8 0 0 0 1 0 0 -1 0 1 -1 0 -1 -1 1 -1 0 0 0 0
8 0 0 0 1 0 0 -1 0 1 1 0 -1 -1 -1 -1 0 0 0 0
8 0 0 0 1 0 0 -1 0 1 -1 0 1 -1 -1 -1 0 0 0 0
8 0 0 0 1 0 0 -1 0 1 1 0 1 -1 1 -1 0 0 0 0
8 0 0 0 1 0 0 -1 0 -1 -1 0 -1 -1 1 1 0 0 0 0
8 0 0 0 1 0 0 -1 0 -1 1 0 -1 -1 -1 1 0 0 0 0
8 0 0 0 1 0 0 -1 0 -1 -1 0 1 -1 -1 1 0 0 0 0
8 0 0 0 1 0 0 -1 0 -1 1 0 1 -1 1 1 0 0 0 0
8 0 0 0 1 0 0 -1 0 1 -1 0 -1 -1 -1 1 0 0 0 0
8 0 0 0 1 0 0 -1 0 1 1 0 -1 -1 1 1 0 0 0 0
8 0 0 0 1 0 0 -1 0 1 -1 0 1 -1 1 1 0 0 0 0
8 0 0 0 1 0 0 -1 0 1 1 0 1 -1 -1 1 0 0 0 0
8 0 0 0 -1 0 0 -1 0 -1 -1 0 -1 -1 1 -1 0 0 0 0
8 0 0 0 -1 0 0 -1 0 -1 1 0 -1 -1 -1 -1 0 0 0 0
8 0 0 0 -1 0 0 -1 0 -1 -1 0 1 -1 -1 -1 0 0 0 0
8 0 0 0 -1 0 0 -1 0 -1 1 0 1 -1 1 -1 0 0 0 0
8 0 0 0 -1 0 0 -1 0 1 -1 0 -1 -1 -1 -1 0 0 0 0
8 0 0 0 -1 0 0 -1 0 1 1 0 -1 -1 1 -1 0 0 0 0
8 0 0 0 -1 0 0 -1 0 1 -1 0 1 -1 1 -1 0 0 0 0
8 0 0 0 -1 0 0 -1 0 1 1 0 1 -1 -1 -1 0 0 0 0
8 0 0 0 -1 0 0 -1 0 -1 -1 0 -1 -1 -1 1 0 0 0 0
8 0 0 0 -1 0 0 -1 0 -1 1 0 -1 -1 1 1 0 0 0 0
8 0 0 0 -1 0 0 -1 0 -1 -1 0 1 -1 1 1 0 0 0 0
8 0 0 0 -1 0 0 -1 0 -1 1 0 1 -1 -1 1 0 0 0 0
8 0 0 0 -1 0 0 -1 0 1 -1 0 -1 -1 1 1 0 0 0 0
8 0 0 0 -1 0 0 -1 0 1 1 0 -1 -1 -1 1 0 0 0 0
8 0 0 0 -1 0 0 -1 0 1 -1 0 1 -1 -1 1 0 0 0 0
8 0 0 0 -1 0 0 -1 0 1 1 0 1 -1 1 1 0 0 0 0
8 0 0 0 1 0 0 1 0 -1 -1 0 -1 1 -1 -1 0 0 0 0
8 0 0 0 1 0 0 1 0 -1 1 0 -1 1 1 -1 0 0 0 0
8 0 0 0 1 0 0 1 0 -1 -1 0 1 1 1 -1 0 0 0 0
8 0 0 0 1 0 0 1 0 -1 1 0 1 1 -1 -1 0 0 0 0
8 0 0 0 1 0 0 1 0 1 -1 0 -1 1 1 -1 0 0 0 0
8 0 0 0 1 0 0 1 0 1 1 0 -1 1 -1 -1 0 0 0 0
8 0 0 0 1 0 0 1 0 1 -1 0 1 1 -1 -1 0 0 0 0
8 0 0 0 1 0 0 1 0 1 1 0 1 1 1 -1 0 0 0 0
8 0 0 0 1 0 0 1 0 -1 -1 0 -1 1 1 1 0 0 0 0
8 0 0 0 1 0 0 1 0 -1 1 0 -1 1 -1 1 0 0 0 0
8 0 0 0 1 0 0 1 0 -1 -1 0 1 1 -1 1 0 0 0 0
8 0 0 0 1 0 0 1 0 -1 1 0 1 1 1 1 0 0 0 0
8 0 0 0 1 0 0 1 0 1 -1 0 -1 1 -1 1 0 0 0 0
8 0 0 0 1 0 0 1 0 1 1 0 -1 1 1 1 0 0 0 0
8 0 0 0 1 0 0 1 0 1 -1 0 1 1 1 1 0 0 0 0
8 0 0 0 1 0 0 1 0 1 1 0 1 1 -1 1 0 0 0 0
8 0 0 0 -1 0 0 1 0 -1 -1 0 -1 1 1 -1 0 0 0 0
8 0 0 0 -1 0 0 1 0 -1 1 0 -1 1 -1 -1 0 0 0 0
8 0 0 0 -1 0 0 1 0 -1 -1 0 1 1 -1 -1 0 0 0 0
8 0 0 0 -1 0 0 1 0 -1 1 0 1 1 1 -1 0 0 0 0
8 0 0 0 -1 0 0 1 0 1 -1 0 -1 1 -1 -1 0 0 0 0
8 0 0 0 -1 0 0 1 0 1 1 0 -1 1 1 -1 0 0 0 0
8 0 0 0 -1 0 0 1 0 1 -1 0 1 1 1 -1 0 0 0 0
8 0 0 0 -1 0 0 1 0 1 1 0 1 1 -1 -1 0 0 0 0
8 0 0 0 -1 0 0 1 0 -1 -1 0 -1 1 -1 1 0 0 0 0
8 0 0 0 -1 0 0 1 0 -1 1 0 -1 1 1 1 0 0 0 0
8 0 0 0 -1 0 0 1 0 -1 -1 0 1 1 1 1 0 0 0 0
8 0 0 0 -1 0 0 1 0 -1 1 0 1 1 -1 1 0 0 0 0
8 0 0 0 -1 0 0 1 0 1 -1 0 -1 1 1 1 0 0 0 0
8 0 0 0 -1 0 0 1 0 1 1 0 -1 1 -1 1 0 0 0 0
8 0 0 0 -1 0 0 1 0 1 -1 0 1 1 -1 1 0 0 0 0
8 0 0 0 -1 0 0 1 0 1 1 0 1 1 1 1 0 0 0 0
8 0 0 0 1 0 0 -1 0 -1 -1 0 -1 1 1 -1 0 0 0 0
8 0 0 0 1 0 0 -1 0 -1 1 0 -1 1 -1 -1 0 0 0 0
8 0 0 0 1 0 0 -1 0 -1 -1 0 1 1 -1 -1 0 0 0 0
8 0 0 0 1 0 0 -1 0 -1 1 0 1 1 1 -1 0 0 0 0
8 0 0 0 1 0 0 -1 0 1 -1 0 -1 1 -1 -1 0 0 0 0
8 0 0 0 1 0 0 -1 0 1 1 0 -1 1 1 -1 0 0 0 0
8 0 0 0 1 0 0 -1 0 1 -1 0 1 1 1 -1 0 0 0 0
8 0 0 0 1 0 0 -1 0 1 1 0 1 1 -1 -1 0 0 0 0
8 0 0 0 1 0 0 -1 0 -1 -1 0 -1 1 -1 1 0 0 0 0
8 0 0 0 1 0 0 -1 0 -1 1 0 -1 1 1 1 0 0 0 0
8 0 0 0 1 0 0 -1 0 -1 -1 0 1 1 1 1 0 0 0 0
8 0 0 0 1 0 0 -1 0 -1 1 0 1 1 -1 1 0 0 0 0
8 0 0 0 1 0 0 -1 0 1 -1 0 -1 1 1 1 0 0 0 0
8 0 0 0 1 0 0 -1 0 1 1 0 -1 1 -1 1 0 0 0 0
8 0 0 0 1 0 0 -1 0 1 -1 0 1 1 -1 1 0 0 0 0
8 0 0 0 1 0 0 -1 0 1 1 0 1 1 1 1 0 0 0 0
8 0 0 0 -1 0 0 -1 0 -1 -1 0 -1 1 -1 -1 0 0 0 0
8 0 0 0 -1 0 0 -1 0 -1 1 0 -1 1 1 -1 0 0 0 0
8 0 0 0 -1 0 0 -1 0 -1 -1 0 1 1 1 -1 0 0 0 0
8 0 0 0 -1 0 0 -1 0 -1 1 0 1 1 -1 -1 0 0 0 0
8 0 0 0 -1 0 0 -1 0 1 -1 0 -1 1 1 -1 0 0 0 0
8 0 0 0 -1 0 0 -1 0 1 1 0 -1 1 -1 -1 0 0 0 0
8 0 0 0 -1 0 0 -1 0 1 -1 0 1 1 -1 -1 0 0 0 0
8 0 0 0 -1 0 0 -1 0 1 1 0 1 1 1 -1 0 0 0 0
8 0 0 0 -1 0 0 -1 0 -1 -1 0 -1 1 1 1 0 0 0 0
8 0 0 0 -1 0 0 -1 0 -1 1 0 -1 1 -1 1 0 0 0 0
8 0 0 0 -1 0 0 -1 0 -1 -1 0 1 1 -1 1 0 0 0 0
8 0 0 0 -1 0 0 -1 0 -1 1 0 1 1 1 1 0 0 0 0
8 0 0 0 -1 0 0 -1 0 1 -1 0 -1 1 -1 1 0 0 0 0
8 0 0 0 -1 0 0 -1 0 1 1 0 -1 1 1 1 0 0 0 0
8 0 0 0 -1 0 0 -1 0 1 -1 0 1 1 1 1 0 0 0 0
8 0 0 0 -1 0 0 -1 0 1 1 0 1 1 -1 1 0 0 0 0
8 1 -1 1 0 1 -1 0 1 0 0 -1 0 0 0 0 1 0 0 0
8 1 -1 1 0 -1 -1 0 1 0 0 -1 0 0 0 0 -1 0 0 0
8 1 -1 1 0 1 -1 0 1 0 0 1 0 0 0 0 -1 0 0 0
8 1 -1 1 0 -1 -1 0 1 0 0 1 0 0 0 0 1 0 0 0
8 -1 -1 1 0 1 -1 0 1 0 0 -1 0 0 0 0 -1 0 0 0
8 -1 -1 1 0 -1 -1 0 1 0 0 -1 0 0 0 0 1 0 0 0
8 -1 -1 1 0 1 -1 0 1 0 0 1 0 0 0 0 1 0 0 0
8 -1 -1 1 0 -1 -1 0 1 0 0 1 0 0 0 0 -1 0 0 0
8 1 1 1 0 1 -1 0 1 0 0 -1 0 0 0 0 -1 0 0 0
8 1 1 1 0 -1 -1 0 1 0 0 -1 0 0 0 0 1 0 0 0
8 1 1 1 0 1 -1 0 1 0 0 1 0 0 0 0 1 0 0 0
8 1 1 1 0 -1 -1 0 1 0 0 1 0 0 0 0 -1 0 0 0
8 -1 1 1 0 1 -1 0 1 0 0 -1 0 0 0 0 1 0 0 0
8 -1 1 1 0 -1 -1 0 1 0 0 -1 0 0 0 0 -1 0 0 0
8 -1 1 1 0 1 -1 0 1 0 0 1 0 0 0 0 -1 0 0 0
8 -1 1 1 0 -1 -1 0 1 0 0 1 0 0 0 0 1 0 0 0
8 1 -1 -1 0 1 -1 0 1 0 0 -1 0 0 0 0 -1 0 0 0
8 1 -1 -1 0 -1 -1 0 1 0 0 -1 0 0 0 0 1 0 0 0
8 1 -1 -1 0 1 -1 0 1 0 0 1 0 0 0 0 1 0 0 0
8 1 -1 -1 0 -1 -1 0 1 0 0 1 0 0 0 0 -1 0 0 0
8 -1 -1 -1 0 1 -1 0 1 0 0 -1 0 0 0 0 1 0 0 0
8 -1 -1 -1 0 -1 -1 0 1 0 0 -1 0 0 0 0 -1 0 0 0
8 -1 -1 -1 0 1 -1 0 1 0 0 1 0 0 0 0 -1 0 0 0
8 -1 -1 -1 0 -1 -1 0 1 0 0 1 0 0 0 0 1 0 0 0
8 1 1 -1 0 1 -1 0 1 0 0 -1 0 0 0 0 1 0 0 0
8 1 1 -1 0 -1 -1 0 1 0 0 -1 0 0 0 0 -1 0 0 0
8 1 1 -1 0 1 -1 0 1 0 0 1 0 0 0 0 -1 0 0 0
8 1 1 -1 0 -1 -1 0 1 0 0 1 0 0 0 0 1 0 0 0
8 -1 1 -1 0 1 -1 0 1 0 0 -1 0 0 0 0 -1 0 0 0
8 -1 1 -1 0 -1 -1 0 1 0 0 -1 0 0 0 0 1 0 0 0
8 -1 1 -1 0 1 -1 0 1 0 0 1 0 0 0 0 1 0 0 0
8 -1 1 -1 0 -1 -1 0 1 0 0 1 0 0 0 0 -1 0 0 0
8 1 -1 1 0 1 -1 0 -1 0 0 -1 0 0 0 0 -1 0 0 0
8 1 -1 1 0 -1 -1 0 -1 0 0 -1 0 0 0 0 1 0 0 0
8 1 -1 1 0 1 -1 0 -1 0 0 1 0 0 0 0 1 0 0 0
8 1 -1 1 0 -1 -1 0 -1 0 0 1 0 0 0 0 -1 0 0 0
8 -1 -1 1 0 1 -1 0 -1 0 0 -1 0 0 0 0 1 0 0 0
8 -1 -1 1 0 -1 -1 0 -1 0 0 -1 0 0 0 0 -1 0 0 0
8 -1 -1 1 0 1 -1 0 -1 0 0 1 0 0 0 0 -1 0 0 0
8 -1 -1 1 0 -1 -1 0 -1 0 0 1 0 0 0 0 1 0 0 0
8 1 1 1 0 1 -1 0 -1 0 0 -1 0 0 0 0 1 0 0 0
8 1 1 1 0 -1 -1 0 -1 0 0 -1 0 0 0 0 -1 0 0 0
8 1 1 1 0 1 -1 0 -1 0 0 1 0 0 0 0 -1 0 0 0
8 1 1 1 0 -1 -1 0 -1 0 0 1 0 0 0 0 1 0 0 0
8 -1 1 1 0 1 -1 0 -1 0 0 -1 0 0 0 0 -1 0 0 0
8 -1 1 1 0 -1 -1 0 -1 0 0 -1 0 0 0 0 1 0 0 0
8 -1 1 1 0 1 -1 0 -1 0 0 1 0 0 0 0 1 0 0 0
8 -1 1 1 0 -1 -1 0 -1 0 0 1 0 0 0 0 -1 0 0 0
8 1 -1 -1 0 1 -1 0 -1 0 0 -1 0 0 0 0 1 0 0 0
8 1 -1 -1 0 -1 -1 0 -1 0 0 -1 0 0 0 0 -1 0 0 0
8 1 -1 -1 0 1 -1 0 -1 0 0 1 0 0 0 0 -1 0 0 0
8 1 -1 -1 0 -1 -1 0 -1 0 0 1 0 0 0 0 1 0 0 0
8 -1 -1 -1 0 1 -1 0 -1 0 0 -1 0 0 0 0 -1 0 0 0
8 -1 -1 -1 0 -1 -1 0 -1 0 0 -1 0 0 0 0 1 0 0 0
8 -1 -1 -1 0 1 -1 0 -1 0 0 1 0 0 0 0 1 0 0 0
8 -1 -1 -1 0 -1 -1 0 -1 0 0 1 0 0 0 0 -1 0 0 0
8 1 1 -1 0 1 -1 0 -1 0 0 -1 0 0 0 0 -1 0 0 0
8 1 1 -1 0 -1 -1 0 -1 0 0 -1 0 0 0 0 1 0 0 0
8 1 1 -1 0 1 -1 0 -1 0 0 1 0 0 0 0 1 0 0 0
8 1 1 -1 0 -1 -1 0 -1 0 0 1 0 0 0 0 -1 0 0 0
8 -1 1 -1 0 1 -1 0 -1 0 0 -1 0 0 0 0 1 0 0 0
8 -1 1 -1 0 -1 -1 0 -1 0 0 -1 0 0 0 0 -1 0 0 0
8 -1 1 -1 0 1 -1 0 -1 0 0 1 0 0 0 0 -1 0 0 0
8 -1 1 -1 0 -1 -1 0 -1 0 0 1 0 0 0 0 1 0 0 0
8 1 -1 1 0 1 1 0 1 0 0 -1 0 0 0 0 -1 0 0 0
8 1 -1 1 0 -1 1 0 1 0 0 -1 0 0 0 0 1 0 0 0
8 1 -1 1 0 1 1 0 1 0 0 1 0 0 0 0 1 0 0 0
8 1 -1 1 0 -1 1 0 1 0 0 1 0 0 0 0 -1 0 0 0
8 -1 -1 1 0 1 1 0 1 0 0 -1 0 0 0 0 1 0 0 0
8 -1 -1 1 0 -1 1 0 1 0 0 -1 0 0 0 0 -1 0 0 0
8 -1 -1 1 0 1 1 0 1 0 0 1 0 0 0 0 -1 0 0 0
8 -1 -1 1 0 -1 1 0 1 0 0 1 0 0 0 0 1 0 0 0
8 1 1 1 0 1 1 0 1 0 0 -1 0 0 0 0 1 0 0 0
8 1 1 1 0 -1 1 0 1 0 0 -1 0 0 0 0 -1 0 0 0
8 1 1 1 0 1 1 0 1 0 0 1 0 0 0 0 -1 0 0 0
8 1 1 1 0 -1 1 0 1 0 0 1 0 0 0 0 1 0 0 0
8 -1 1 1 0 1 1 0 1 0 0 -1 0 0 0 0 -1 0 0 0
8 -1 1 1 0 -1 1 0 1 0 0 -1 0 0 0 0 1 0 0 0
8 -1 1 1 0 1 1 0 1 0 0 1 0 0 0 0 1 0 0 0
8 -1 1 1 0 -1 1 0 1 0 0 1 0 0 0 0 -1 0 0 0
8 1 -1 -1 0 1 1 0 1 0 0 -1 0 0 0 0 1 0 0 0
8 1 -1 -1 0 -1 1 0 1 0 0 -1 0 0 0 0 -1 0 0 0
8 1 -1 -1 0 1 1 0 1 0 0 1 0 0 0 0 -1 0 0 0
8 1 -1 -1 0 -1 1 0 1 0 0 1 0 0 0 0 1 0 0 0
8 -1 -1 -1 0 1 1 0 1 0 0 -1 0 0 0 0 -1 0 0 0
8 -1 -1 -1 0 -1 1 0 1 0 0 -1 0 0 0 0 1 0 0 0
8 -1 -1 -1 0 1 1 0 1 0 0 1 0 0 0 0 1 0 0 0
8 -1 -1 -1 0 -1 1 0 1 0 0 1 0 0 0 0 -1 0 0 0
8 1 1 -1 0 1 1 0 1 0 0 -1 0 0 0 0 -1 0 0 0
8 1 1 -1 0 -1 1 0 1 0 0 -1 0 0 0 0 1 0 0 0
8 1 1 -1 0 1 1 0 1 0 0 1 0 0 0 0 1 0 0 0
8 1 1 -1 0 -1 1 0 1 0 0 1 0 0 0 0 -1 0 0 0
8 -1 1 -1 0 1 1 0 1 0 0 -1 0 0 0 0 1 0 0 0
8 -1 1 -1 0 -1 1 0 1 0 0 -1 0 0 0 0 -1 0 0 0
8 -1 1 -1 0 1 1 0 1 0 0 1 0 0 0 0 -1 0 0 0
8 -1 1 -1 0 -1 1 0 1 0 0 1 0 0 0 0 1 0 0 0
8 1 -1 1 0 1 1 0 -1 0 0 -1 0 0 0 0 1 0 0 0
8 1 -1 1 0 -1 1 0 -1 0 0 -1 0 0 0 0 -1 0 0 0
8 1 -1 1 0 1 1 0 -1 0 0 1 0 0 0 0 -1 0 0 0
8 1 -1 1 0 -1 1 0 -1 0 0 1 0 0 0 0 1 0 0 0
8 -1 -1 1 0 1 1 0 -1 0 0 -1 0 0 0 0 -1 0 0 0
8 -1 -1 1 0 -1 1 0 -1 0 0 -1 0 0 0 0 1 0 0 0
8 -1 -1 1 0 1 1 0 -1 0 0 1 0 0 0 0 1 0 0 0
8 -1 -1 1 0 -1 1 0 -1 0 0 1 0 0 0 0 -1 0 0 0
8 1 1 1 0 1 1 0 -1 0 0 -1 0 0 0 0 -1 0 0 0
8 1 1 1 0 -1 1 0 -1 0 0 -1 0 0 0 0 1 0 0 0
8 1 1 1 0 1 1 0 -1 0 0 1 0 0 0 0 1 0 0 0
8 1 1 1 0 -1 1 0 -1 0 0 1 0 0 0 0 -1 0 0 0
8 -1 1 1 0 1 1 0 -1 0 0 -1 0 0 0 0 1 0 0 0
8 -1 1 1 0 -1 1 0 -1 0 0 -1 0 0 0 0 -1 0 0 0
8 -1 1 1 0 1 1 0 -1 0 0 1 0 0 0 0 -1 0 0 0
8 -1 1 1 0 -1 1 0 -1 0 0 1 0 0 0 0 1 0 0 0
8 1 -1 -1 0 1 1 0 -1 0 0 -1 0 0 0 0 -1 0 0 0
8 1 -1 -1 0 -1 1 0 -1 0 0 -1 0 0 0 0 1 0 0 0
8 1 -1 -1 0 1 1 0 -1 0 0 1 0 0 0 0 1 0 0 0
8 1 -1 -1 0 -1 1 0 -1 0 0 1 0 0 0 0 -1 0 0 0
8 -1 -1 -1 0 1 1 0 -1 0 0 -1 0 0 0 0 1 0 0 0
8 -1 -1 -1 0 -1 1 0 -1 0 0 -1 0 0 0 0 -1 0 0 0
8 -1 -1 -1 0 1 1 0 -1 0 0 1 0 0 0 0 -1 0 0 0
8 -1 -1 -1 0 -1 1 0 -1 0 0 1 0 0 0 0 1 0 0 0
8 1 1 -1 0 1 1 0 -1 0 0 -1 0 0 0 0 1 0 0 0
8 1 1 -1 0 -1 1 0 -1 0 0 -1 0 0 0 0 -1 0 0 0
8 1 1 -1 0 1 1 0 -1 0 0 1 0 0 0 0 -1 0 0 0
8 1 1 -1 0 -1 1 0 -1 0 0 1 0 0 0 0 1 0 0 0
8 -1 1 -1 0 1 1 0 -1 0 0 -1 0 0 0 0 -1 0 0 0
8 -1 1 -1 0 -1 1 0 -1 0 0 -1 0 0 0 0 1 0 0 0
8 -1 1 -1 0 1 1 0 -1 0 0 1 0 0 0 0 1 0 0 0
8 -1 1 -1 0 -1 1 0 -1 0 0 1 0 0 0 0 -1 0 0 0
8 0 -1 1 1 0 0 1 1 0 0 0 0 0 0 0 -1 -1 0 -1
8 0 -1 1 -1 0 0 1 1 0 0 0 0 0 0 0 1 -1 0 -1
8 0 -1 1 1 0 0 -1 1 0 0 0 0 0 0 0 1 -1 0 -1
8 0 -1 1 -1 0 0 -1 1 0 0 0 0 0 0 0 -1 -1 0 -1
8 0 1 1 1 0 0 1 1 0 0 0 0 0 0 0 1 -1 0 -1
8 0 1 1 -1 0 0 1 1 0 0 0 0 0 0 0 -1 -1 0 -1
8 0 1 1 1 0 0 -1 1 0 0 0 0 0 0 0 -1 -1 0 -1
8 0 1 1 -1 0 0 -1 1 0 0 0 0 0 0 0 1 -1 0 -1
8 0 -1 -1 1 0 0 1 1 0 0 0 0 0 0 0 1 -1 0 -1
8 0 -1 -1 -1 0 0 1 1 0 0 0 0 0 0 0 -1 -1 0 -1
8 0 -1 -1 1 0 0 -1 1 0 0 0 0 0 0 0 -1 -1 0 -1
8 0 -1 -1 -1 0 0 -1 1 0 0 0 0 0 0 0 1 -1 0 -1
8 0 1 -1 1 0 0 1 1 0 0 0 0 0 0 0 -1 -1 0 -1
8 0 1 -1 -1 0 0 1 1 0 0 0 0 0 0 0 1 -1 0 -1
8 0 1 -1 1 0 0 -1 1 0 0 0 0 0 0 0 1 -1 0 -1
8 0 1 -1 -1 0 0 -1 1 0 0 0 0 0 0 0 -1 -1 0 -1
8 0 -1 1 1 0 0 1 1 0 0 0 0 0 0 0 -1 1 0 1
8 0 -1 1 -1 0 0 1 1 0 0 0 0 0 0 0 1 1 0 1
8 0 -1 1 1 0 0 -1 1 0 0 0 0 0 0 0 1 1 0 1
8 0 -1 1 -1 0 0 -1 1 0 0 0 0 0 0 0 -1 1 0 1
8 0 1 1 1 0 0 1 1 0 0 0 0 0 0 0 1 1 0 1
8 0 1 1 -1 0 0 1 1 0 0 0 0 0 0 0 -1 1 0 1
8 0 1 1 1 0 0 -1 1 0 0 0 0 0 0 0 -1 1 0 1
8 0 1 1 -1 0 0 -1 1 0 0 0 0 0 0 0 1 1 0 1
8 0 -1 -1 1 0 0 1 1 0 0 0 0 0 0 0 1 1 0 1
8 0 -1 -1 -1 0 0 1 1 0 0 0 0 0 0 0 -1 1 0 1
8 0 -1 -1 1 0 0 -1 1 0 0 0 0 0 0 0 -1 1 0 1
8 0 -1 -1 -1 0 0 -1 1 0 0 0 0 0 0 0 1 1 0 1
8 0 1 -1 1 0 0 1 1 0 0 0 0 0 0 0 -1 1 0 1
8 0 1 -1 -1 0 0 1 1 0 0 0 0 0 0 0 1 1 0 1
8 0 1 -1 1 0 0 -1 1 0 0 0 0 0 0 0 1 1 0 1
8 0 1 -1 -1 0 0 -1 1 0 0 0 0 0 0 0 -1 1 0 1
8 0 -1 1 1 0 0 1 -1 0 0 0 0 0 0 0 1 -1 0 -1
8 0 -1 1 -1 0 0 1 -1 0 0 0 0 0 0 0 -1 -1 0 -1
8 0 -1 1 1 0 0 -1 -1 0 0 0 0 0 0 0 -1 -1 0 -1
8 0 -1 1 -1 0 0 -1 -1 0 0 0 0 0 0 0 1 -1 0 -1
8 0 1 1 1 0 0 1 -1 0 0 0 0 0 0 0 -1 -1 0 -1
8 0 1 1 -1 0 0 1 -1 0 0 0 0 0 0 0 1 -1 0 -1
8 0 1 1 1 0 0 -1 -1 0 0 0 0 0 0 0 1 -1 0 -1
8 0 1 1 -1 0 0 -1 -1 0 0 0 0 0 0 0 -1 -1 0 -1
8 0 -1 -1 1 0 0 1 -1 0 0 0 0 0 0 0 -1 -1 0 -1
8 0 -1 -1 -1 0 0 1 -1 0 0 0 0 0 0 0 1 -1 0 -1
8 0 -1 -1 1 0 0 -1 -1 0 0 0 0 0 0 0 1 -1 0 -1
8 0 -1 -1 -1 0 0 -1 -1 0 0 0 0 0 0 0 -1 -1 0 -1
8 0 1 -1 1 0 0 1 -1 0 0 0 0 0 0 0 1 -1 0 -1
8 0 1 -1 -1 0 0 1 -1 0 0 0 0 0 0 0 -1 -1 0 -1
8 0 1 -1 1 0 0 -1 -1 0 0 0 0 0 0 0 -1 -1 0 -1
8 0 1 -1 -1 0 0 -1 -1 0 0 0 0 0 0 0 1 -1 0 -1
8 0 -1 1 1 0 0 1 -1 0 0 0 0 0 0 0 1 1 0 1
8 0 -1 1 -1 0 0 1 -1 0 0 0 0 0 0 0 -1 1 0 1
8 0 -1 1 1 0 0 -1 -1 0 0 0 0 0 0 0 -1 1 0 1
8 0 -1 1 -1 0 0 -1 -1 0 0 0 0 0 0 0 1 1 0 1
8 0 1 1 1 0 0 1 -1 0 0 0 0 0 0 0 -1 1 0 1
8 0 1 1 -1 0 0 1 -1 0 0 0 0 0 0 0 1 1 0 1
8 0 1 1 1 0 0 -1 -1 0 0 0 0 0 0 0 1 1 0 1
8 0 1 1 -1 0 0 -1 -1 0 0 0 0 0 0 0 -1 1 0 1
8 0 -1 -1 1 0 0 1 -1 0 0 0 0 0 0 0 -1 1 0 1
8 0 -1 -1 -1 0 0 1 -1 0 0 0 0 0 0 0 1 1 0 1
8 0 -1 -1 1 0 0 -1 -1 0 0 0 0 0 0 0 1 1 0 1
8 0 -1 -1 -1 0 0 -1 -1 0 0 0 0 0 0 0 -1 1 0 1
8 0 1 -1 1 0 0 1 -1 0 0 0 0 0 0 0 1 1 0 1
8 0 1 -1 -1 0 0 1 -1 0 0 0 0 0 0 0 -1 1 0 1
8 0 1 -1 1 0 0 -1 -1 0 0 0 0 0 0 0 -1 1 0 1
8 0 1 -1 -1 0 0 -1 -1 0 0 0 0 0 0 0 1 1 0 1
8 0 -1 0 0 1 0 1 0 0 0 -1 0 -1 0 0 -1 -1 -1 0
8 0 -1 0 0 -1 0 1 0 0 0 -1 0 -1 0 0 1 -1 -1 0
8 0 -1 0 0 1 0 1 0 0 0 1 0 -1 0 0 1 -1 -1 0
8 0 -1 0 0 -1 0 1 0 0 0 1 0 -1 0 0 -1 -1 -1 0
8 0 -1 0 0 1 0 -1 0 0 0 -1 0 -1 0 0 1 -1 -1 0
8 0 -1 0 0 -1 0 -1 0 0 0 -1 0 -1 0 0 -1 -1 -1 0
8 0 -1 0 0 1 0 -1 0 0 0 1 0 -1 0 0 -1 -1 -1 0
8 0 -1 0 0 -1 0 -1 0 0 0 1 0 -1 0 0 1 -1 -1 0
8 0 -1 0 0 1 0 1 0 0 0 -1 0 1 0 0 1 -1 -1 0
8 0 -1 0 0 -1 0 1 0 0 0 -1 0 1 0 0 -1 -1 -1 0
8 0 -1 0 0 1 0 1 0 0 0 1 0 1 0 0 -1 -1 -1 0
8 0 -1 0 0 -1 0 1 0 0 0 1 0 1 0 0 1 -1 -1 0
8 0 -1 0 0 1 0 -1 0 0 0 -1 0 1 0 0 -1 -1 -1 0
8 0 -1 0 0 -1 0 -1 0 0 0 -1 0 1 0 0 1 -1 -1 0
8 0 -1 0 0 1 0 -1 0 0 0 1 0 1 0 0 1 -1 -1 0
8 0 -1 0 0 -1 0 -1 0 0 0 1 0 1 0 0 -1 -1 -1 0
8 0 1 0 0 1 0 1 0 0 0 -1 0 -1 0 0 1 -1 -1 0
8 0 1 0 0 -1 0 1 0 0 0 -1 0 -1 0 0 -1 -1 -1 0
8 0 1 0 0 1 0 1 0 0 0 1 0 -1 0 0 -1 -1 -1 0
8 0 1 0 0 -1 0 1 0 0 0 1 0 -1 0 0 1 -1 -1 0
8 0 1 0 0 1 0 -1 0 0 0 -1 0 -1 0 0 -1 -1 -1 0
8 0 1 0 0 -1 0 -1 0 0 0 -1 0 -1 0 0 1 -1 -1 0
8 0 1 0 0 1 0 -1 0 0 0 1 0 -1 0 0 1 -1 -1 0
8 0 1 0 0 -1 0 -1 0 0 0 1 0 -1 0 0 -1 -1 -1 0
8 0 1 0 0 1 0 1 0 0 0 -1 0 1 0 0 -1 -1 -1 0
8 0 1 0 0 -1 0 1 0 0 0 -1 0 1 0 0 1 -1 -1 0
8 0 1 0 0 1 0 1 0 0 0 1 0 1 0 0 1 -1 -1 0
8 0 1 0 0 -1 0 1 0 0 0 1 0 1 0 0 -1 -1 -1 0
8 0 1 0 0 1 0 -1 0 0 0 -1 0 1 0 0 1 -1 -1 0
8 0 1 0 0 -1 0 -1 0 0 0 -1 0 1 0 0 -1 -1 -1 0
8 0 1 0 0 1 0 -1 0 0 0 1 0 1 0 0 -1 -1 -1 0
8 0 1 0 0 -1 0 -1 0 0 0 1 0 1 0 0 1 -1 -1 0
8 0 -1 0 0 1 0 1 0 0 0 -1 0 -1 0 0 -1 1 1 0
8 0 -1 0 0 -1 0 1 0 0 0 -1 0 -1 0 0 1 1 1 0
8 0 -1 0 0 1 0 1 0 0 0 1 0 -1 0 0 1 1 1 0
8 0 -1 0 0 -1 0 1 0 0 0 1 0 -1 0 0 -1 1 1 0
8 0 -1 0 0 1 0 -1 0 0 0 -1 0 -1 0 0 1 1 1 0
8 0 -1 0 0 -1 0 -1 0 0 0 -1 0 -1 0 0 -1 1 1 0
8 0 -1 0 0 1 0 -1 0 0 0 1 0 -1 0 0 -1 1 1 0
8 0 -1 0 0 -1 0 -1 0 0 0 1 0 -1 0 0 1 1 1 0
8 0 -1 0 0 1 0 1 0 0 0 -1 0 1 0 0 1 1 1 0
8 0 -1 0 0 -1 0 1 0 0 0 -1 0 1 0 0 -1 1 1 0
8 0 -1 0 0 1 0 1 0 0 0 1 0 1 0 0 -1 1 1 0
8 0 -1 0 0 -1 0 1 0 0 0 1 0 1 0 0 1 1 1 0
8 0 -1 0 0 1 0 -1 0 0 0 -1 0 1 0 0 -1 1 1 0
8 0 -1 0 0 -1 0 -1 0 0 0 -1 0 1 0 0 1 1 1 0
8 0 -1 0 0 1 0 -1 0 0 0 1 0 1 0 0 1 1 1 0
8 0 -1 0 0 -1 0 -1 0 0 0 1 0 1 0 0 -1 1 1 0
8 0 1 0 0 1 0 1 0 0 0 -1 0 -1 0 0 1 1 1 0
8 0 1 0 0 -1 0 1 0 0 0 -1 0 -1 0 0 -1 1 1 0
8 0 1 0 0 1 0 1 0 0 0 1 0 -1 0 0 -1 1 1 0
8 0 1 0 0 -1 0 1 0 0 0 1 0 -1 0 0 1 1 1 0
8 0 1 0 0 1 0 -1 0 0 0 -1 0 -1 0 0 -1 1 1 0
8 0 1 0 0 -1 0 -1 0 0 0 -1 0 -1 0 0 1 1 1 0
8 0 1 0 0 1 0 -1 0 0 0 1 0 -1 0 0 1 1 1 0
8 0 1 0 0 -1 0 -1 0 0 0 1 0 -1 0 0 -1 1 1 0
8 0 1 0 0 1 0 1 0 0 0 -1 0 1 0 0 -1 1 1 0
8 0 1 0 0 -1 0 1 0 0 0 -1 0 1 0 0 1 1 1 0
8 0 1 0 0 1 0 1 0 0 0 1 0 1 0 0 1 1 1 0
8 0 1 0 0 -1 0 1 0 0 0 1 0 1 0 0 -1 1 1 0
8 0 1 0 0 1 0 -1 0 0 0 -1 0 1 0 0 1 1 1 0
8 0 1 0 0 -1 0 -1 0 0 0 -1 0 1 0 0 -1 1 1 0
8 0 1 0 0 1 0 -1 0 0 0 1 0 1 0 0 -1 1 1 0
8 0 1 0 0 -1 0 -1 0 0 0 1 0 1 0 0 1 1 1 0
8 1 -1 0 1 0 -1 0 0 0 0 0 0 -1 0 0 -1 0 -1 1
8 1 -1 0 1 0 -1 0 0 0 0 0 0 -1 0 0 -1 0 1 -1
8 1 -1 0 -1 0 -1 0 0 0 0 0 0 -1 0 0 1 0 -1 1
8 1 -1 0 -1 0 -1 0 0 0 0 0 0 -1 0 0 1 0 1 -1
8 1 -1 0 1 0 -1 0 0 0 0 0 0 1 0 0 1 0 -1 1
8 1 -1 0 1 0 -1 0 0 0 0 0 0 1 0 0 1 0 1 -1
8 1 -1 0 -1 0 -1 0 0 0 0 0 0 1 0 0 -1 0 -1 1
8 1 -1 0 -1 0 -1 0 0 0 0 0 0 1 0 0 -1 0 1 -1
8 -1 -1 0 1 0 -1 0 0 0 0 0 0 -1 0 0 1 0 -1 1
8 -1 -1 0 1 0 -1 0 0 0 0 0 0 -1 0 0 1 0 1 -1
8 -1 -1 0 -1 0 -1 0 0 0 0 0 0 -1 0 0 -1 0 -1 1
8 -1 -1 0 -1 0 -1 0 0 0 0 0 0 -1 0 0 -1 0 1 -1
8 -1 -1 0 1 0 -1 0 0 0 0 0 0 1 0 0 -1 0 -1 1
8 -1 -1 0 1 0 -1 0 0 0 0 0 0 1 0 0 -1 0 1 -1
8 -1 -1 0 -1 0 -1 0 0 0 0 0 0 1 0 0 1 0 -1 1
8 -1 -1 0 -1 0 -1 0 0 0 0 0 0 1 0 0 1 0 1 -1
8 1 1 0 1 0 -1 0 0 0 0 0 0 -1 0 0 1 0 -1 1
8 1 1 0 1 0 -1 0 0 0 0 0 0 -1 0 0 1 0 1 -1
8 1 1 0 -1 0 -1 0 0 0 0 0 0 -1 0 0 -1 0 -1 1
8 1 1 0 -1 0 -1 0 0 0 0 0 0 -1 0 0 -1 0 1 -1
8 1 1 0 1 0 -1 0 0 0 0 0 0 1 0 0 -1 0 -1 1
8 1 1 0 1 0 -1 0 0 0 0 0 0 1 0 0 -1 0 1 -1
8 1 1 0 -1 0 -1 0 0 0 0 0 0 1 0 0 1 0 -1 1
8 1 1 0 -1 0 -1 0 0 0 0 0 0 1 0 0 1 0 1 -1
8 -1 1 0 1 0 -1 0 0 0 0 0 0 -1 0 0 -1 0 -1 1
8 -1 1 0 1 0 -1 0 0 0 0 0 0 -1 0 0 -1 0 1 -1
8 -1 1 0 -1 0 -1 0 0 0 0 0 0 -1 0 0 1 0 -1 1
8 -1 1 0 -1 0 -1 0 0 0 0 0 0 -1 0 0 1 0 1 -1
8 -1 1 0 1 0 -1 0 0 0 0 0 0 1 0 0 1 0 -1 1
8 -1 1 0 1 0 -1 0 0 0 0 0 0 1 0 0 1 0 1 -1
8 -1 1 0 -1 0 -1 0 0 0 0 0 0 1 0 0 -1 0 -1 1
8 -1 1 0 -1 0 -1 0 0 0 0 0 0 1 0 0 -1 0 1 -1
8 1 -1 0 1 0 1 0 0 0 0 0 0 -1 0 0 1 0 -1 1
8 1 -1 0 1 0 1 0 0 0 0 0 0 -1 0 0 1 0 1 -1
8 1 -1 0 -1 0 1 0 0 0 0 0 0 -1 0 0 -1 0 -1 1
8 1 -1 0 -1 0 1 0 0 0 0 0 0 -1 0 0 -1 0 1 -1
8 1 -1 0 1 0 1 0 0 0 0 0 0 1 0 0 -1 0 -1 1
8 1 -1 0 1 0 1 0 0 0 0 0 0 1 0 0 -1 0 1 -1
8 1 -1 0 -1 0 1 0 0 0 0 0 0 1 0 0 1 0 -1 1
8 1 -1 0 -1 0 1 0 0 0 0 0 0 1 0 0 1 0 1 -1
8 -1 -1 0 1 0 1 0 0 0 0 0 0 -1 0 0 -1 0 -1 1
8 -1 -1 0 1 0 1 0 0 0 0 0 0 -1 0 0 -1 0 1 -1
8 -1 -1 0 -1 0 1 0 0 0 0 0 0 -1 0 0 1 0 -1 1
8 -1 -1 0 -1 0 1 0 0 0 0 0 0 -1 0 0 1 0 1 -1
8 -1 -1 0 1 0 1 0 0 0 0 0 0 1 0 0 1 0 -1 1
8 -1 -1 0 1 0 1 0 0 0 0 0 0 1 0 0 1 0 1 -1
8 -1 -1 0 -1 0 1 0 0 0 0 0 0 1 0 0 -1 0 -1 1
8 -1 -1 0 -1 0 1 0 0 0 0 0 0 1 0 0 -1 0 1 -1
8 1 1 0 1 0 1 0 0 0 0 0 0 -1 0 0 -1 0 -1 1
8 1 1 0 1 0 1 0 0 0 0 0 0 -1 0 0 -1 0 1 -1
8 1 1 0 -1 0 1 0 0 0 0 0 0 -1 0 0 1 0 -1 1
8 1 1 0 -1 0 1 0 0 0 0 0 0 -1 0 0 1 0 1 -1
8 1 1 0 1 0 1 0 0 0 0 0 0 1 0 0 1 0 -1 1
8 1 1 0 1 0 1 0 0 0 0 0 0 1 0 0 1 0 1 -1
8 1 1 0 -1 0 1 0 0 0 0 0 0 1 0 0 -1 0 -1 1
8 1 1 0 -1 0 1 0 0 0 0 0 0 1 0 0 -1 0 1 -1
8 -1 1 0 1 0 1 0 0 0 0 0 0 -1 0 0 1 0 -1 1
8 -1 1 0 1 0 1 0 0 0 0 0 0 -1 0 0 1 0 1 -1
8 -1 1 0 -1 0 1 0 0 0 0 0 0 -1 0 0 -1 0 -1 1
8 -1 1 0 -1 0 1 0 0 0 0 0 0 -1 0 0 -1 0 1 -1
8 -1 1 0 1 0 1 0 0 0 0 0 0 1 0 0 -1 0 -1 1
8 -1 1 0 1 0 1 0 0 0 0 0 0 1 0 0 -1 0 1 -1
8 -1 1 0 -1 0 1 0 0 0 0 0 0 1 0 0 1 0 -1 1
8 -1 1 0 -1 0 1 0 0 0 0 0 0 1 0 0 1 0 1 -1
8 1 0 0 0 1 -1 0 0 0 0 0 0 -1 0 -1 -1 0 -1 -1
8 1 0 0 0 1 -1 0 0 0 0 0 0 -1 0 1 1 0 -1 -1
8 1 0 0 0 -1 -1 0 0 0 0 0 0 -1 0 -1 1 0 -1 -1
8 1 0 0 0 -1 -1 0 0 0 0 0 0 -1 0 1 -1 0 -1 -1
8 1 0 0 0 1 -1 0 0 0 0 0 0 1 0 -1 1 0 -1 -1
8 1 0 0 0 1 -1 0 0 0 0 0 0 1 0 1 -1 0 -1 -1
8 1 0 0 0 -1 -1 0 0 0 0 0 0 1 0 -1 -1 0 -1 -1
8 1 0 0 0 -1 -1 0 0 0 0 0 0 1 0 1 1 0 -1 -1
8 -1 0 0 0 1 -1 0 0 0 0 0 0 -1 0 -1 1 0 -1 -1
8 -1 0 0 0 1 -1 0 0 0 0 0 0 -1 0 1 -1 0 -1 -1
8 -1 0 0 0 -1 -1 0 0 0 0 0 0 -1 0 -1 -1 0 -1 -1
8 -1 0 0 0 -1 -1 0 0 0 0 0 0 -1 0 1 1 0 -1 -1
8 -1 0 0 0 1 -1 0 0 0 0 0 0 1 0 -1 -1 0 -1 -1
8 -1 0 0 0 1 -1 0 0 0 0 0 0 1 0 1 1 0 -1 -1
8 -1 0 0 0 -1 -1 0 0 0 0 0 0 1 0 -1 1 0 -1 -1
8 -1 0 0 0 -1 -1 0 0 0 0 0 0 1 0 1 -1 0 -1 -1
8 1 0 0 0 1 -1 0 0 0 0 0 0 -1 0 -1 -1 0 1 1
8 1 0 0 0 1 -1 0 0 0 0 0 0 -1 0 1 1 0 1 1
8 1 0 0 0 -1 -1 0 0 0 0 0 0 -1 0 -1 1 0 1 1
8 1 0 0 0 -1 -1 0 0 0 0 0 0 -1 0 1 -1 0 1 1
8 1 0 0 0 1 -1 0 0 0 0 0 0 1 0 -1 1 0 1 1
8 1 0 0 0 1 -1 0 0 0 0 0 0 1 0 1 -1 0 1 1
8 1 0 0 0 -1 -1 0 0 0 0 0 0 1 0 -1 -1 0 1 1
8 1 0 0 0 -1 -1 0 0 0 0 0 0 1 0 1 1 0 1 1
8 -1 0 0 0 1 -1 0 0 0 0 0 0 -1 0 -1 1 0 1 1
8 -1 0 0 0 1 -1 0 0 0 0 0 0 -1 0 1 -1 0 1 1
8 -1 0 0 0 -1 -1 0 0 0 0 0 0 -1 0 -1 -1 0 1 1
8 -1 0 0 0 -1 -1 0 0 0 0 0 0 -1 0 1 1 0 1 1
8 -1 0 0 0 1 -1 0 0 0 0 0 0 1 0 -1 -1 0 1 1
8 -1 0 0 0 1 -1 0 0 0 0 0 0 1 0 1 1 0 1 1
8 -1 0 0 0 -1 -1 0 0 0 0 0 0 1 0 -1 1 0 1 1
8 -1 0 0 0 -1 -1 0 0 0 0 0 0 1 0 1 -1 0 1 1
8 1 0 0 0 1 1 0 0 0 0 0 0 -1 0 -1 1 0 -1 -1
8 1 0 0 0 1 1 0 0 0 0 0 0 -1 0 1 -1 0 -1 -1
8 1 0 0 0 -1 1 0 0 0 0 0 0 -1 0 -1 -1 0 -1 -1
8 1 0 0 0 -1 1 0 0 0 0 0 0 -1 0 1 1 0 -1 -1
8 1 0 0 0 1 1 0 0 0 0 0 0 1 0 -1 -1 0 -1 -1
8 1 0 0 0 1 1 0 0 0 0 0 0 1 0 1 1 0 -1 -1
8 1 0 0 0 -1 1 0 0 0 0 0 0 1 0 -1 1 0 -1 -1
8 1 0 0 0 -1 1 0 0 0 0 0 0 1 0 1 -1 0 -1 -1
8 -1 0 0 0 1 1 0 0 0 0 0 0 -1 0 -1 -1 0 -1 -1
8 -1 0 0 0 1 1 0 0 0 0 0 0 -1 0 1 1 0 -1 -1
8 -1 0 0 0 -1 1 0 0 0 0 0 0 -1 0 -1 1 0 -1 -1
8 -1 0 0 0 -1 1 0 0 0 0 0 0 -1 0 1 -1 0 -1 -1
8 -1 0 0 0 1 1 0 0 0 0 0 0 1 0 -1 1 0 -1 -1
8 -1 0 0 0 1 1 0 0 0 0 0 0 1 0 1 -1 0 -1 -1
8 -1 0 0 0 -1 1 0 0 0 0 0 0 1 0 -1 -1 0 -1 -1
8 -1 0 0 0 -1 1 0 0 0 0 0 0 1 0 1 1 0 -1 -1
8 1 0 0 0 1 1 0 0 0 0 0 0 -1 0 -1 1 0 1 1
8 1 0 0 0 1 1 0 0 0 0 0 0 -1 0 1 -1 0 1 1
8 1 0 0 0 -1 1 0 0 0 0 0 0 -1 0 -1 -1 0 1 1
8 1 0 0 0 -1 1 0 0 0 0 0 0 -1 0 1 1 0 1 1
8 1 0 0 0 1 1 0 0 0 0 0 0 1 0 -1 -1 0 1 1
8 1 0 0 0 1 1 0 0 0 0 0 0 1 0 1 1 0 1 1
8 1 0 0 0 -1 1 0 0 0 0 0 0 1 0 -1 1 0 1 1
8 1 0 0 0 -1 1 0 0 0 0 0 0 1 0 1 -1 0 1 1
8 -1 0 0 0 1 1 0 0 0 0 0 0 -1 0 -1 -1 0 1 1
8 -1 0 0 0 1 1 0 0 0 0 0 0 -1 0 1 1 0 1 1
8 -1 0 0 0 -1 1 0 0 0 0 0 0 -1 0 -1 1 0 1 1
8 -1 0 0 0 -1 1 0 0 0 0 0 0 -1 0 1 -1 0 1 1
8 -1 0 0 0 1 1 0 0 0 0 0 0 1 0 -1 1 0 1 1
8 -1 0 0 0 1 1 0 0 0 0 0 0 1 0 1 -1 0 1 1
8 -1 0 0 0 -1 1 0 0 0 0 0 0 1 0 -1 -1 0 1 1
8 -1 0 0 0 -1 1 0 0 0 0 0 0 1 0 1 1 0 1 1
8 0 0 0 1 0 0 1 0 0 0 -1 0 -1 0 -1 -1 -1 1 0
8 0 0 0 1 0 0 1 0 0 0 -1 0 -1 0 1 1 -1 1 0
8 0 0 0 -1 0 0 1 0 0 0 -1 0 -1 0 -1 1 -1 1 0
8 0 0 0 -1 0 0 1 0 0 0 -1 0 -1 0 1 -1 -1 1 0
8 0 0 0 1 0 0 1 0 0 0 1 0 -1 0 -1 1 -1 1 0
8 0 0 0 1 0 0 1 0 0 0 1 0 -1 0 1 -1 -1 1 0
8 0 0 0 -1 0 0 1 0 0 0 1 0 -1 0 -1 -1 -1 1 0
8 0 0 0 -1 0 0 1 0 0 0 1 0 -1 0 1 1 -1 1 0
8 0 0 0 1 0 0 -1 0 0 0 -1 0 -1 0 -1 1 -1 1 0
8 0 0 0 1 0 0 -1 0 0 0 -1 0 -1 0 1 -1 -1 1 0
8 0 0 0 -1 0 0 -1 0 0 0 -1 0 -1 0 -1 -1 -1 1 0
8 0 0 0 -1 0 0 -1 0 0 0 -1 0 -1 0 1 1 -1 1 0
8 0 0 0 1 0 0 -1 0 0 0 1 0 -1 0 -1 -1 -1 1 0
8 0 0 0 1 0 0 -1 0 0 0 1 0 -1 0 1 1 -1 1 0
8 0 0 0 -1 0 0 -1 0 0 0 1 0 -1 0 -1 1 -1 1 0
8 0 0 0 -1 0 0 -1 0 0 0 1 0 -1 0 1 -1 -1 1 0
8 0 0 0 1 0 0 1 0 0 0 -1 0 -1 0 -1 -1 1 -1 0
8 0 0 0 1 0 0 1 0 0 0 -1 0 -1 0 1 1 1 -1 0
8 0 0 0 -1 0 0 1 0 0 0 -1 0 -1 0 -1 1 1 -1 0
8 0 0 0 -1 0 0 1 0 0 0 -1 0 -1 0 1 -1 1 -1 0
8 0 0 0 1 0 0 1 0 0 0 1 0 -1 0 -1 1 1 -1 0
8 0 0 0 1 0 0 1 0 0 0 1 0 -1 0 1 -1 1 -1 0
8 0 0 0 -1 0 0 1 0 0 0 1 0 -1 0 -1 -1 1 -1 0
8 0 0 0 -1 0 0 1 0 0 0 1 0 -1 0 1 1 1 -1 0
8 0 0 0 1 0 0 -1 0 0 0 -1 0 -1 0 -1 1 1 -1 0
8 0 0 0 1 0 0 -1 0 0 0 -1 0 -1 0 1 -1 1 -1 0
8 0 0 0 -1 0 0 -1 0 0 0 -1 0 -1 0 -1 -1 1 -1 0
8 0 0 0 -1 0 0 -1 0 0 0 -1 0 -1 0 1 1 1 -1 0
8 0 0 0 1 0 0 -1 0 0 0 1 0 -1 0 -1 -1 1 -1 0
8 0 0 0 1 0 0 -1 0 0 0 1 0 -1 0 1 1 1 -1 0
8 0 0 0 -1 0 0 -1 0 0 0 1 0 -1 0 -1 1 1 -1 0
8 0 0 0 -1 0 0 -1 0 0 0 1 0 -1 0 1 -1 1 -1 0
8 0 0 0 1 0 0 1 0 0 0 -1 0 1 0 -1 1 -1 1 0
8 0 0 0 1 0 0 1 0 0 0 -1 0 1 0 1 -1 -1 1 0
8 0 0 0 -1 0 0 1 0 0 0 -1 0 1 0 -1 -1 -1 1 0
8 0 0 0 -1 0 0 1 0 0 0 -1 0 1 0 1 1 -1 1 0
8 0 0 0 1 0 0 1 0 0 0 1 0 1 0 -1 -1 -1 1 0
8 0 0 0 1 0 0 1 0 0 0 1 0 1 0 1 1 -1 1 0
8 0 0 0 -1 0 0 1 0 0 0 1 0 1 0 -1 1 -1 1 0
8 0 0 0 -1 0 0 1 0 0 0 1 0 1 0 1 -1 -1 1 0
8 0 0 0 1 0 0 -1 0 0 0 -1 0 1 0 -1 -1 -1 1 0
8 0 0 0 1 0 0 -1 0 0 0 -1 0 1 0 1 1 -1 1 0
8 0 0 0 -1 0 0 -1 0 0 0 -1 0 1 0 -1 1 -1 1 0
8 0 0 0 -1 0 0 -1 0 0 0 -1 0 1 0 1 -1 -1 1 0
8 0 0 0 1 0 0 -1 0 0 0 1 0 1 0 -1 1 -1 1 0
8 0 0 0 1 0 0 -1 0 0 0 1 0 1 0 1 -1 -1 1 0
8 0 0 0 -1 0 0 -1 0 0 0 1 0 1 0 -1 -1 -1 1 0
8 0 0 0 -1 0 0 -1 0 0 0 1 0 1 0 1 1 -1 1 0
8 0 0 0 1 0 0 1 0 0 0 -1 0 1 0 -1 1 1 -1 0
8 0 0 0 1 0 0 1 0 0 0 -1 0 1 0 1 -1 1 -1 0
8 0 0 0 -1 0 0 1 0 0 0 -1 0 1 0 -1 -1 1 -1 0
8 0 0 0 -1 0 0 1 0 0 0 -1 0 1 0 1 1 1 -1 0
8 0 0 0 1 0 0 1 0 0 0 1 0 1 0 -1 -1 1 -1 0
8 0 0 0 1 0 0 1 0 0 0 1 0 1 0 1 1 1 -1 0
8 0 0 0 -1 0 0 1 0 0 0 1 0 1 0 -1 1 1 -1 0
8 0 0 0 -1 0 0 1 0 0 0 1 0 1 0 1 -1 1 -1 0
8 0 0 0 1 0 0 -1 0 0 0 -1 0 1 0 -1 -1 1 -1 0
8 0 0 0 1 0 0 -1 0 0 0 -1 0 1 0 1 1 1 -1 0
8 0 0 0 -1 0 0 -1 0 0 0 -1 0 1 0 -1 1 1 -1 0
8 0 0 0 -1 0 0 -1 0 0 0 -1 0 1 0 1 -1 1 -1 0
8 0 0 0 1 0 0 -1 0 0 0 1 0 1 0 -1 1 1 -1 0
8 0 0 0 1 0 0 -1 0 0 0 1 0 1 0 1 -1 1 -1 0
8 0 0 0 -1 0 0 -1 0 0 0 1 0 1 0 -1 -1 1 -1 0
8 0 0 0 -1 0 0 -1 0 0 0 1 0 1 0 1 1 1 -1 0
8 0 0 1 0 1 0 1 1 0 0 0 0 0 0 -1 -1 -1 0 1
8 0 0 1 0 1 0 1 1 0 0 0 0 0 0 1 1 -1 0 1
8 0 0 1 0 -1 0 1 1 0 0 0 0 0 0 -1 1 -1 0 1
8 0 0 1 0 -1 0 1 1 0 0 0 0 0 0 1 -1 -1 0 1
8 0 0 1 0 1 0 -1 1 0 0 0 0 0 0 -1 1 -1 0 1
8 0 0 1 0 1 0 -1 1 0 0 0 0 0 0 1 -1 -1 0 1
8 0 0 1 0 -1 0 -1 1 0 0 0 0 0 0 -1 -1 -1 0 1
8 0 0 1 0 -1 0 -1 1 0 0 0 0 0 0 1 1 -1 0 1
8 0 0 1 0 1 0 1 1 0 0 0 0 0 0 -1 -1 1 0 -1
8 0 0 1 0 1 0 1 1 0 0 0 0 0 0 1 1 1 0 -1
8 0 0 1 0 -1 0 1 1 0 0 0 0 0 0 -1 1 1 0 -1
8 0 0 1 0 -1 0 1 1 0 0 0 0 0 0 1 -1 1 0 -1
8 0 0 1 0 1 0 -1 1 0 0 0 0 0 0 -1 1 1 0 -1
8 0 0 1 0 1 0 -1 1 0 0 0 0 0 0 1 -1 1 0 -1
8 0 0 1 0 -1 0 -1 1 0 0 0 0 0 0 -1 -1 1 0 -1
8 0 0 1 0 -1 0 -1 1 0 0 0 0 0 0 1 1 1 0 -1
8 0 0 -1 0 1 0 1 1 0 0 0 0 0 0 -1 1 -1 0 1
8 0 0 -1 0 1 0 1 1 0 0 0 0 0 0 1 -1 -1 0 1
8 0 0 -1 0 -1 0 1 1 0 0 0 0 0 0 -1 -1 -1 0 1
8 0 0 -1 0 -1 0 1 1 0 0 0 0 0 0 1 1 -1 0 1
8 0 0 -1 0 1 0 -1 1 0 0 0 0 0 0 -1 -1 -1 0 1
8 0 0 -1 0 1 0 -1 1 0 0 0 0 0 0 1 1 -1 0 1
8 0 0 -1 0 -1 0 -1 1 0 0 0 0 0 0 -1 1 -1 0 1
8 0 0 -1 0 -1 0 -1 1 0 0 0 0 0 0 1 -1 -1 0 1
8 0 0 -1 0 1 0 1 1 0 0 0 0 0 0 -1 1 1 0 -1
8 0 0 -1 0 1 0 1 1 0 0 0 0 0 0 1 -1 1 0 -1
8 0 0 -1 0 -1 0 1 1 0 0 0 0 0 0 -1 -1 1 0 -1
8 0 0 -1 0 -1 0 1 1 0 0 0 0 0 0 1 1 1 0 -1
8 0 0 -1 0 1 0 -1 1 0 0 0 0 0 0 -1 -1 1 0 -1
8 0 0 -1 0 1 0 -1 1 0 0 0 0 0 0 1 1 1 0 -1
8 0 0 -1 0 -1 0 -1 1 0 0 0 0 0 0 -1 1 1 0 -1
8 0 0 -1 0 -1 0 -1 1 0 0 0 0 0 0 1 -1 1 0 -1
8 0 0 1 0 1 0 1 -1 0 0 0 0 0 0 -1 1 -1 0 1
8 0 0 1 0 1 0 1 -1 0 0 0 0 0 0 1 -1 -1 0 1
8 0 0 1 0 -1 0 1 -1 0 0 0 0 0 0 -1 -1 -1 0 1
8 0 0 1 0 -1 0 1 -1 0 0 0 0 0 0 1 1 -1 0 1
8 0 0 1 0 1 0 -1 -1 0 0 0 0 0 0 -1 -1 -1 0 1
8 0 0 1 0 1 0 -1 -1 0 0 0 0 0 0 1 1 -1 0 1
8 0 0 1 0 -1 0 -1 -1 0 0 0 0 0 0 -1 1 -1 0 1
8 0 0 1 0 -1 0 -1 -1 0 0 0 0 0 0 1 -1 -1 0 1
8 0 0 1 0 1 0 1 -1 0 0 0 0 0 0 -1 1 1 0 -1
8 0 0 1 0 1 0 1 -1 0 0 0 0 0 0 1 -1 1 0 -1
8 0 0 1 0 -1 0 1 -1 0 0 0 0 0 0 -1 -1 1 0 -1
8 0 0 1 0 -1 0 1 -1 0 0 0 0 0 0 1 1 1 0 -1
8 0 0 1 0 1 0 -1 -1 0 0 0 0 0 0 -1 -1 1 0 -1
8 0 0 1 0 1 0 -1 -1 0 0 0 0 0 0 1 1 1 0 -1
8 0 0 1 0 -1 0 -1 -1 0 0 0 0 0 0 -1 1 1 0 -1
8 0 0 1 0 -1 0 -1 -1 0 0 0 0 0 0 1 -1 1 0 -1
8 0 0 -1 0 1 0 1 -1 0 0 0 0 0 0 -1 -1 -1 0 1
8 0 0 -1 0 1 0 1 -1 0 0 0 0 0 0 1 1 -1 0 1
8 0 0 -1 0 -1 0 1 -1 0 0 0 0 0 0 -1 1 -1 0 1
8 0 0 -1 0 -1 0 1 -1 0 0 0 0 0 0 1 -1 -1 0 1
8 0 0 -1 0 1 0 -1 -1 0 0 0 0 0 0 -1 1 -1 0 1
8 0 0 -1 0 1 0 -1 -1 0 0 0 0 0 0 1 -1 -1 0 1
8 0 0 -1 0 -1 0 -1 -1 0 0 0 0 0 0 -1 -1 -1 0 1
8 0 0 -1 0 -1 0 -1 -1 0 0 0 0 0 0 1 1 -1 0 1
8 0 0 -1 0 1 0 1 -1 0 0 0 0 0 0 -1 -1 1 0 -1
8 0 0 -1 0 1 0 1 -1 0 0 0 0 0 0 1 1 1 0 -1
8 0 0 -1 0 -1 0 1 -1 0 0 0 0 0 0 -1 1 1 0 -1
8 0 0 -1 0 -1 0 1 -1 0 0 0 0 0 0 1 -1 1 0 -1
8 0 0 -1 0 1 0 -1 -1 0 0 0 0 0 0 -1 1 1 0 -1
8 0 0 -1 0 1 0 -1 -1 0 0 0 0 0 0 1 -1 1 0 -1
8 0 0 -1 0 -1 0 -1 -1 0 0 0 0 0 0 -1 -1 1 0 -1
8 0 0 -1 0 -1 0 -1 -1 0 0 0 0 0 0 1 1 1 0 -1
8 0 0 0 0 0 -1 1 1 -1 0 -1 0 0 0 0 -1 0 -1 -1
8 0 0 0 0 0 -1 1 1 1 0 -1 0 0 0 0 1 0 -1 -1
8 0 0 0 0 0 -1 1 1 -1 0 1 0 0 0 0 1 0 -1 -1
8 0 0 0 0 0 -1 1 1 1 0 1 0 0 0 0 -1 0 -1 -1
8 0 0 0 0 0 -1 -1 1 -1 0 -1 0 0 0 0 1 0 -1 -1
8 0 0 0 0 0 -1 -1 1 1 0 -1 0 0 0 0 -1 0 -1 -1
8 0 0 0 0 0 -1 -1 1 -1 0 1 0 0 0 0 -1 0 -1 -1
8 0 0 0 0 0 -1 -1 1 1 0 1 0 0 0 0 1 0 -1 -1
8 0 0 0 0 0 -1 1 1 -1 0 -1 0 0 0 0 -1 0 1 1
8 0 0 0 0 0 -1 1 1 1 0 -1 0 0 0 0 1 0 1 1
8 0 0 0 0 0 -1 1 1 -1 0 1 0 0 0 0 1 0 1 1
8 0 0 0 0 0 -1 1 1 1 0 1 0 0 0 0 -1 0 1 1
8 0 0 0 0 0 -1 -1 1 -1 0 -1 0 0 0 0 1 0 1 1
8 0 0 0 0 0 -1 -1 1 1 0 -1 0 0 0 0 -1 0 1 1
8 0 0 0 0 0 -1 -1 1 -1 0 1 0 0 0 0 -1 0 1 1
8 0 0 0 0 0 -1 -1 1 1 0 1 0 0 0 0 1 0 1 1
8 0 0 0 0 0 -1 1 -1 -1 0 -1 0 0 0 0 1 0 -1 -1
8 0 0 0 0 0 -1 1 -1 1 0 -1 0 0 0 0 -1 0 -1 -1
8 0 0 0 0 0 -1 1 -1 -1 0 1 0 0 0 0 -1 0 -1 -1
8 0 0 0 0 0 -1 1 -1 1 0 1 0 0 0 0 1 0 -1 -1
8 0 0 0 0 0 -1 -1 -1 -1 0 -1 0 0 0 0 -1 0 -1 -1
8 0 0 0 0 0 -1 -1 -1 1 0 -1 0 0 0 0 1 0 -1 -1
8 0 0 0 0 0 -1 -1 -1 -1 0 1 0 0 0 0 1 0 -1 -1
8 0 0 0 0 0 -1 -1 -1 1 0 1 0 0 0 0 -1 0 -1 -1
8 0 0 0 0 0 -1 1 -1 -1 0 -1 0 0 0 0 1 0 1 1
8 0 0 0 0 0 -1 1 -1 1 0 -1 0 0 0 0 -1 0 1 1
8 0 0 0 0 0 -1 1 -1 -1 0 1 0 0 0 0 -1 0 1 1
8 0 0 0 0 0 -1 1 -1 1 0 1 0 0 0 0 1 0 1 1
8 0 0 0 0 0 -1 -1 -1 -1 0 -1 0 0 0 0 -1 0 1 1
8 0 0 0 0 0 -1 -1 -1 1 0 -1 0 0 0 0 1 0 1 1
8 0 0 0 0 0 -1 -1 -1 -1 0 1 0 0 0 0 1 0 1 1
8 0 0 0 0 0 -1 -1 -1 1 0 1 0 0 0 0 -1 0 1 1
8 0 0 0 0 0 1 1 1 -1 0 -1 0 0 0 0 1 0 -1 -1
8 0 0 0 0 0 1 1 1 1 0 -1 0 0 0 0 -1 0 -1 -1
8 0 0 0 0 0 1 1 1 -1 0 1 0 0 0 0 -1 0 -1 -1
8 0 0 0 0 0 1 1 1 1 0 1 0 0 0 0 1 0 -1 -1
8 0 0 0 0 0 1 -1 1 -1 0 -1 0 0 0 0 -1 0 -1 -1
8 0 0 0 0 0 1 -1 1 1 0 -1 0 0 0 0 1 0 -1 -1
8 0 0 0 0 0 1 -1 1 -1 0 1 0 0 0 0 1 0 -1 -1
8 0 0 0 0 0 1 -1 1 1 0 1 0 0 0 0 -1 0 -1 -1
8 0 0 0 0 0 1 1 1 -1 0 -1 0 0 0 0 1 0 1 1
8 0 0 0 0 0 1 1 1 1 0 -1 0 0 0 0 -1 0 1 1
8 0 0 0 0 0 1 1 1 -1 0 1 0 0 0 0 -1 0 1 1
8 0 0 0 0 0 1 1 1 1 0 1 0 0 0 0 1 0 1 1
8 0 0 0 0 0 1 -1 1 -1 0 -1 0 0 0 0 -1 0 1 1
8 0 0 0 0 0 1 -1 1 1 0 -1 0 0 0 0 1 0 1 1
8 0 0 0 0 0 1 -1 1 -1 0 1 0 0 0 0 1 0 1 1
8 0 0 0 0 0 1 -1 1 1 0 1 0 0 0 0 -1 0 1 1
8 0 0 0 0 0 1 1 -1 -1 0 -1 0 0 0 0 -1 0 -1 -1
8 0 0 0 0 0 1 1 -1 1 0 -1 0 0 0 0 1 0 -1 -1
8 0 0 0 0 0 1 1 -1 -1 0 1 0 0 0 0 1 0 -1 -1
8 0 0 0 0 0 1 1 -1 1 0 1 0 0 0 0 -1 0 -1 -1
8 0 0 0 0 0 1 -1 -1 -1 0 -1 0 0 0 0 1 0 -1 -1
8 0 0 0 0 0 1 -1 -1 1 0 -1 0 0 0 0 -1 0 -1 -1
8 0 0 0 0 0 1 -1 -1 -1 0 1 0 0 0 0 -1 0 -1 -1
8 0 0 0 0 0 1 -1 -1 1 0 1 0 0 0 0 1 0 -1 -1
8 0 0 0 0 0 1 1 -1 -1 0 -1 0 0 0 0 -1 0 1 1
8 0 0 0 0 0 1 1 -1 1 0 -1 0 0 0 0 1 0 1 1
8 0 0 0 0 0 1 1 -1 -1 0 1 0 0 0 0 1 0 1 1
8 0 0 0 0 0 1 1 -1 1 0 1 0 0 0 0 -1 0 1 1
8 0 0 0 0 0 1 -1 -1 -1 0 -1 0 0 0 0 1 0 1 1
8 0 0 0 0 0 1 -1 -1 1 0 -1 0 0 0 0 -1 0 1 1
8 0 0 0 0 0 1 -1 -1 -1 0 1 0 0 0 0 -1 0 1 1
8 0 0 0 0 0 1 -1 -1 1 0 1 0 0 0 0 1 0 1 1
8 1 0 0 1 1 0 0 1 -1 0 0 0 0 0 0 -1 -1 1 0
8 1 0 0 1 1 0 0 1 1 0 0 0 0 0 0 1 -1 1 0
8 1 0 0 -1 1 0 0 1 -1 0 0 0 0 0 0 1 -1 1 0
8 1 0 0 -1 1 0 0 1 1 0 0 0 0 0 0 -1 -1 1 0
8 1 0 0 1 -1 0 0 1 -1 0 0 0 0 0 0 1 -1 1 0
8 1 0 0 1 -1 0 0 1 1 0 0 0 0 0 0 -1 -1 1 0
8 1 0 0 -1 -1 0 0 1 -1 0 0 0 0 0 0 -1 -1 1 0
8 1 0 0 -1 -1 0 0 1 1 0 0 0 0 0 0 1 -1 1 0
8 1 0 0 1 1 0 0 1 -1 0 0 0 0 0 0 -1 1 -1 0
8 1 0 0 1 1 0 0 1 1 0 0 0 0 0 0 1 1 -1 0
8 1 0 0 -1 1 0 0 1 -1 0 0 0 0 0 0 1 1 -1 0
8 1 0 0 -1 1 0 0 1 1 0 0 0 0 0 0 -1 1 -1 0
8 1 0 0 1 -1 0 0 1 -1 0 0 0 0 0 0 1 1 -1 0
8 1 0 0 1 -1 0 0 1 1 0 0 0 0 0 0 -1 1 -1 0
8 1 0 0 -1 -1 0 0 1 -1 0 0 0 0 0 0 -1 1 -1 0
8 1 0 0 -1 -1 0 0 1 1 0 0 0 0 0 0 1 1 -1 0
8 -1 0 0 1 1 0 0 1 -1 0 0 0 0 0 0 1 -1 1 0
8 -1 0 0 1 1 0 0 1 1 0 0 0 0 0 0 -1 -1 1 0
8 -1 0 0 -1 1 0 0 1 -1 0 0 0 0 0 0 -1 -1 1 0
8 -1 0 0 -1 1 0 0 1 1 0 0 0 0 0 0 1 -1 1 0
8 -1 0 0 1 -1 0 0 1 -1 0 0 0 0 0 0 -1 -1 1 0
8 -1 0 0 1 -1 0 0 1 1 0 0 0 0 0 0 1 -1 1 0
8 -1 0 0 -1 -1 0 0 1 -1 0 0 0 0 0 0 1 -1 1 0
8 -1 0 0 -1 -1 0 0 1 1 0 0 0 0 0 0 -1 -1 1 0
8 -1 0 0 1 1 0 0 1 -1 0 0 0 0 0 0 1 1 -1 0
8 -1 0 0 1 1 0 0 1 1 0 0 0 0 0 0 -1 1 -1 0
8 -1 0 0 -1 1 0 0 1 -1 0 0 0 0 0 0 -1 1 -1 0
8 -1 0 0 -1 1 0 0 1 1 0 0 0 0 0 0 1 1 -1 0
8 -1 0 0 1 -1 0 0 1 -1 0 0 0 0 0 0 -1 1 -1 0
8 -1 0 0 1 -1 0 0 1 1 0 0 0 0 0 0 1 1 -1 0
8 -1 0 0 -1 -1 0 0 1 -1 0 0 0 0 0 0 1 1 -1 0
8 -1 0 0 -1 -1 0 0 1 1 0 0 0 0 0 0 -1 1 -1 0
8 1 0 0 1 1 0 0 -1 -1 0 0 0 0 0 0 1 -1 1 0
8 1 0 0 1 1 0 0 -1 1 0 0 0 0 0 0 -1 -1 1 0
8 1 0 0 -1 1 0 0 -1 -1 0 0 0 0 0 0 -1 -1 1 0
8 1 0 0 -1 1 0 0 -1 1 0 0 0 0 0 0 1 -1 1 0
8 1 0 0 1 -1 0 0 -1 -1 0 0 0 0 0 0 -1 -1 1 0
8 1 0 0 1 -1 0 0 -1 1 0 0 0 0 0 0 1 -1 1 0
8 1 0 0 -1 -1 0 0 -1 -1 0 0 0 0 0 0 1 -1 1 0
8 1 0 0 -1 -1 0 0 -1 1 0 0 0 0 0 0 -1 -1 1 0
8 1 0 0 1 1 0 0 -1 -1 0 0 0 0 0 0 1 1 -1 0
8 1 0 0 1 1 0 0 -1 1 0 0 0 0 0 0 -1 1 -1 0
8 1 0 0 -1 1 0 0 -1 -1 0 0 0 0 0 0 -1 1 -1 0
8 1 0 0 -1 1 0 0 -1 1 0 0 0 0 0 0 1 1 -1 0
8 1 0 0 1 -1 0 0 -1 -1 0 0 0 0 0 0 -1 1 -1 0
8 1 0 0 1 -1 0 0 -1 1 0 0 0 0 0 0 1 1 -1 0
8 1 0 0 -1 -1 0 0 -1 -1 0 0 0 0 0 0 1 1 -1 0
8 1 0 0 -1 -1 0 0 -1 1 0 0 0 0 0 0 -1 1 -1 0
8 -1 0 0 1 1 0 0 -1 -1 0 0 0 0 0 0 -1 -1 1 0
8 -1 0 0 1 1 0 0 -1 1 0 0 0 0 0 0 1 -1 1 0
8 -1 0 0 -1 1 0 0 -1 -1 0 0 0 0 0 0 1 -1 1 0
8 -1 0 0 -1 1 0 0 -1 1 0 0 0 0 0 0 -1 -1 1 0
8 -1 0 0 1 -1 0 0 -1 -1 0 0 0 0 0 0 1 -1 1 0
8 -1 0 0 1 -1 0 0 -1 1 0 0 0 0 0 0 -1 -1 1 0
8 -1 0 0 -1 -1 0 0 -1 -1 0 0 0 0 0 0 -1 -1 1 0
8 -1 0 0 -1 -1 0 0 -1 1 0 0 0 0 0 0 1 -1 1 0
8 -1 0 0 1 1 0 0 -1 -1 0 0 0 0 0 0 -1 1 -1 0
8 -1 0 0 1 1 0 0 -1 1 0 0 0 0 0 0 1 1 -1 0
8 -1 0 0 -1 1 0 0 -1 -1 0 0 0 0 0 0 1 1 -1 0
8 -1 0 0 -1 1 0 0 -1 1 0 0 0 0 0 0 -1 1 -1 0
8 -1 0 0 1 -1 0 0 -1 -1 0 0 0 0 0 0 1 1 -1 0
8 -1 0 0 1 -1 0 0 -1 1 0 0 0 0 0 0 -1 1 -1 0
8 -1 0 0 -1 -1 0 0 -1 -1 0 0 0 0 0 0 -1 1 -1 0
8 -1 0 0 -1 -1 0 0 -1 1 0 0 0 0 0 0 1 1 -1 0
8 1 0 1 0 0 0 0 0 -1 0 -1 0 -1 0 0 -1 -1 0 1
8 1 0 1 0 0 0 0 0 1 0 -1 0 -1 0 0 1 -1 0 1
8 1 0 1 0 0 0 0 0 -1 0 1 0 -1 0 0 1 -1 0 1
8 1 0 1 0 0 0 0 0 1 0 1 0 -1 0 0 -1 -1 0 1
8 1 0 1 0 0 0 0 0 -1 0 -1 0 -1 0 0 -1 1 0 -1
8 1 0 1 0 0 0 0 0 1 0 -1 0 -1 0 0 1 1 0 -1
8 1 0 1 0 0 0 0 0 -1 0 1 0 -1 0 0 1 1 0 -1
8 1 0 1 0 0 0 0 0 1 0 1 0 -1 0 0 -1 1 0 -1
8 1 0 1 0 0 0 0 0 -1 0 -1 0 1 0 0 1 -1 0 1
8 1 0 1 0 0 0 0 0 1 0 -1 0 1 0 0 -1 -1 0 1
8 1 0 1 0 0 0 0 0 -1 0 1 0 1 0 0 -1 -1 0 1
8 1 0 1 0 0 0 0 0 1 0 1 0 1 0 0 1 -1 0 1
8 1 0 1 0 0 0 0 0 -1 0 -1 0 1 0 0 1 1 0 -1
8 1 0 1 0 0 0 0 0 1 0 -1 0 1 0 0 -1 1 0 -1
8 1 0 1 0 0 0 0 0 -1 0 1 0 1 0 0 -1 1 0 -1
8 1 0 1 0 0 0 0 0 1 0 1 0 1 0 0 1 1 0 -1
8 -1 0 1 0 0 0 0 0 -1 0 -1 0 -1 0 0 1 -1 0 1
8 -1 0 1 0 0 0 0 0 1 0 -1 0 -1 0 0 -1 -1 0 1
8 -1 0 1 0 0 0 0 0 -1 0 1 0 -1 0 0 -1 -1 0 1
8 -1 0 1 0 0 0 0 0 1 0 1 0 -1 0 0 1 -1 0 1
8 -1 0 1 0 0 0 0 0 -1 0 -1 0 -1 0 0 1 1 0 -1
8 -1 0 1 0 0 0 0 0 1 0 -1 0 -1 0 0 -1 1 0 -1
8 -1 0 1 0 0 0 0 0 -1 0 1 0 -1 0 0 -1 1 0 -1
8 -1 0 1 0 0 0 0 0 1 0 1 0 -1 0 0 1 1 0 -1
8 -1 0 1 0 0 0 0 0 -1 0 -1 0 1 0 0 -1 -1 0 1
8 -1 0 1 0 0 0 0 0 1 0 -1 0 1 0 0 1 -1 0 1
8 -1 0 1 0 0 0 0 0 -1 0 1 0 1 0 0 1 -1 0 1
8 -1 0 1 0 0 0 0 0 1 0 1 0 1 0 0 -1 -1 0 1
8 -1 0 1 0 0 0 0 0 -1 0 -1 0 1 0 0 -1 1 0 -1
8 -1 0 1 0 0 0 0 0 1 0 -1 0 1 0 0 1 1 0 -1
8 -1 0 1 0 0 0 0 0 -1 0 1 0 1 0 0 1 1 0 -1
8 -1 0 1 0 0 0 0 0 1 0 1 0 1 0 0 -1 1 0 -1
8 1 0 -1 0 0 0 0 0 -1 0 -1 0 -1 0 0 1 -1 0 1
8 1 0 -1 0 0 0 0 0 1 0 -1 0 -1 0 0 -1 -1 0 1
8 1 0 -1 0 0 0 0 0 -1 0 1 0 -1 0 0 -1 -1 0 1
8 1 0 -1 0 0 0 0 0 1 0 1 0 -1 0 0 1 -1 0 1
8 1 0 -1 0 0 0 0 0 -1 0 -1 0 -1 0 0 1 1 0 -1
8 1 0 -1 0 0 0 0 0 1 0 -1 0 -1 0 0 -1 1 0 -1
8 1 0 -1 0 0 0 0 0 -1 0 1 0 -1 0 0 -1 1 0 -1
8 1 0 -1 0 0 0 0 0 1 0 1 0 -1 0 0 1 1 0 -1
8 1 0 -1 0 0 0 0 0 -1 0 -1 0 1 0 0 -1 -1 0 1
8 1 0 -1 0 0 0 0 0 1 0 -1 0 1 0 0 1 -1 0 1
8 1 0 -1 0 0 0 0 0 -1 0 1 0 1 0 0 1 -1 0 1
8 1 0 -1 0 0 0 0 0 1 0 1 0 1 0 0 -1 -1 0 1
8 1 0 -1 0 0 0 0 0 -1 0 -1 0 1 0 0 -1 1 0 -1
8 1 0 -1 0 0 0 0 0 1 0 -1 0 1 0 0 1 1 0 -1
8 1 0 -1 0 0 0 0 0 -1 0 1 0 1 0 0 1 1 0 -1
8 1 0 -1 0 0 0 0 0 1 0 1 0 1 0 0 -1 1 0 -1
8 -1 0 -1 0 0 0 0 0 -1 0 -1 0 -1 0 0 -1 -1 0 1
8 -1 0 -1 0 0 0 0 0 1 0 -1 0 -1 0 0 1 -1 0 1
8 -1 0 -1 0 0 0 0 0 -1 0 1 0 -1 0 0 1 -1 0 1
8 -1 0 -1 0 0 0 0 0 1 0 1 0 -1 0 0 -1 -1 0 1
8 -1 0 -1 0 0 0 0 0 -1 0 -1 0 -1 0 0 -1 1 0 -1
8 -1 0 -1 0 0 0 0 0 1 0 -1 0 -1 0 0 1 1 0 -1
8 -1 0 -1 0 0 0 0 0 -1 0 1 0 -1 0 0 1 1 0 -1
8 -1 0 -1 0 0 0 0 0 1 0 1 0 -1 0 0 -1 1 0 -1
8 -1 0 -1 0 0 0 0 0 -1 0 -1 0 1 0 0 1 -1 0 1
8 -1 0 -1 0 0 0 0 0 1 0 -1 0 1 0 0 -1 -1 0 1
8 -1 0 -1 0 0 0 0 0 -1 0 1 0 1 0 0 -1 -1 0 1
8 -1 0 -1 0 0 0 0 0 1 0 1 0 1 0 0 1 -1 0 1
8 -1 0 -1 0 0 0 0 0 -1 0 -1 0 1 0 0 1 1 0 -1
8 -1 0 -1 0 0 0 0 0 1 0 -1 0 1 0 0 -1 1 0 -1
8 -1 0 -1 0 0 0 0 0 -1 0 1 0 1 0 0 -1 1 0 -1
8 -1 0 -1 0 0 0 0 0 1 0 1 0 1 0 0 1 1 0 -1
8 0 -1 1 0 0 -1 1 0 -1 0 0 0 -1 0 -1 1 0 0 0
8 0 -1 1 0 0 -1 1 0 1 0 0 0 -1 0 -1 -1 0 0 0
8 0 -1 1 0 0 -1 1 0 -1 0 0 0 -1 0 1 -1 0 0 0
8 0 -1 1 0 0 -1 1 0 1 0 0 0 -1 0 1 1 0 0 0
8 0 -1 1 0 0 -1 -1 0 -1 0 0 0 -1 0 -1 -1 0 0 0
8 0 -1 1 0 0 -1 -1 0 1 0 0 0 -1 0 -1 1 0 0 0
8 0 -1 1 0 0 -1 -1 0 -1 0 0 0 -1 0 1 1 0 0 0
8 0 -1 1 0 0 -1 -1 0 1 0 0 0 -1 0 1 -1 0 0 0
8 0 -1 1 0 0 -1 1 0 -1 0 0 0 1 0 -1 -1 0 0 0
8 0 -1 1 0 0 -1 1 0 1 0 0 0 1 0 -1 1 0 0 0
8 0 -1 1 0 0 -1 1 0 -1 0 0 0 1 0 1 1 0 0 0
8 0 -1 1 0 0 -1 1 0 1 0 0 0 1 0 1 -1 0 0 0
8 0 -1 1 0 0 -1 -1 0 -1 0 0 0 1 0 -1 1 0 0 0
8 0 -1 1 0 0 -1 -1 0 1 0 0 0 1 0 -1 -1 0 0 0
8 0 -1 1 0 0 -1 -1 0 -1 0 0 0 1 0 1 -1 0 0 0
8 0 -1 1 0 0 -1 -1 0 1 0 0 0 1 0 1 1 0 0 0
8 0 1 1 0 0 -1 1 0 -1 0 0 0 -1 0 -1 -1 0 0 0
8 0 1 1 0 0 -1 1 0 1 0 0 0 -1 0 -1 1 0 0 0
8 0 1 1 0 0 -1 1 0 -1 0 0 0 -1 0 1 1 0 0 0
8 0 1 1 0 0 -1 1 0 1 0 0 0 -1 0 1 -1 0 0 0
8 0 1 1 0 0 -1 -1 0 -1 0 0 0 -1 0 -1 1 0 0 0
8 0 1 1 0 0 -1 -1 0 1 0 0 0 -1 0 -1 -1 0 0 0
8 0 1 1 0 0 -1 -1 0 -1 0 0 0 -1 0 1 -1 0 0 0
8 0 1 1 0 0 -1 -1 0 1 0 0 0 -1 0 1 1 0 0 0
8 0 1 1 0 0 -1 1 0 -1 0 0 0 1 0 -1 1 0 0 0
8 0 1 1 0 0 -1 1 0 1 0 0 0 1 0 -1 -1 0 0 0
8 0 1 1 0 0 -1 1 0 -1 0 0 0 1 0 1 -1 0 0 0
8 0 1 1 0 0 -1 1 0 1 0 0 0 1 0 1 1 0 0 0
8 0 1 1 0 0 -1 -1 0 -1 0 0 0 1 0 -1 -1 0 0 0
8 0 1 1 0 0 -1 -1 0 1 0 0 0 1 0 -1 1 0 0 0
8 0 1 1 0 0 -1 -1 0 -1 0 0 0 1 0 1 1 0 0 0
8 0 1 1 0 0 -1 -1 0 1 0 0 0 1 0 1 -1 0 0 0
8 0 -1 -1 0 0 -1 1 0 -1 0 0 0 -1 0 -1 -1 0 0 0
8 0 -1 -1 0 0 -1 1 0 1 0 0 0 -1 0 -1 1 0 0 0
8 0 -1 -1 0 0 -1 1 0 -1 0 0 0 -1 0 1 1 0 0 0
8 0 -1 -1 0 0 -1 1 0 1 0 0 0 -1 0 1 -1 0 0 0
8 0 -1 -1 0 0 -1 -1 0 -1 0 0 0 -1 0 -1 1 0 0 0
8 0 -1 -1 0 0 -1 -1 0 1 0 0 0 -1 0 -1 -1 0 0 0
8 0 -1 -1 0 0 -1 -1 0 -1 0 0 0 -1 0 1 -1 0 0 0
8 0 -1 -1 0 0 -1 -1 0 1 0 0 0 -1 0 1 1 0 0 0
8 0 -1 -1 0 0 -1 1 0 -1 0 0 0 1 0 -1 1 0 0 0
8 0 -1 -1 0 0 -1 1 0 1 0 0 0 1 0 -1 -1 0 0 0
8 0 -1 -1 0 0 -1 1 0 -1 0 0 0 1 0 1 -1 0 0 0
8 0 -1 -1 0 0 -1 1 0 1 0 0 0 1 0 1 1 0 0 0
8 0 -1 -1 0 0 -1 -1 0 -1 0 0 0 1 0 -1 -1 0 0 0
8 0 -1 -1 0 0 -1 -1 0 1 0 0 0 1 0 -1 1 0 0 0
8 0 -1 -1 0 0 -1 -1 0 -1 0 0 0 1 0 1 1 0 0 0
8 0 -1 -1 0 0 -1 -1 0 1 0 0 0 1 0 1 -1 0 0 0
8 0 1 -1 0 0 -1 1 0 -1 0 0 0 -1 0 -1 1 0 0 0
8 0 1 -1 0 0 -1 1 0 1 0 0 0 -1 0 -1 -1 0 0 0
8 0 1 -1 0 0 -1 1 0 -1 0 0 0 -1 0 1 -1 0 0 0
8 0 1 -1 0 0 -1 1 0 1 0 0 0 -1 0 1 1 0 0 0
8 0 1 -1 0 0 -1 -1 0 -1 0 0 0 -1 0 -1 -1 0 0 0
8 0 1 -1 0 0 -1 -1 0 1 0 0 0 -1 0 -1 1 0 0 0
8 0 1 -1 0 0 -1 -1 0 -1 0 0 0 -1 0 1 1 0 0 0
8 0 1 -1 0 0 -1 -1 0 1 0 0 0 -1 0 1 -1 0 0 0
8 0 1 -1 0 0 -1 1 0 -1 0 0 0 1 0 -1 -1 0 0 0
8 0 1 -1 0 0 -1 1 0 1 0 0 0 1 0 -1 1 0 0 0
8 0 1 -1 0 0 -1 1 0 -1 0 0 0 1 0 1 1 0 0 0
8 0 1 -1 0 0 -1 1 0 1 0 0 0 1 0 1 -1 0 0 0
8 0 1 -1 0 0 -1 -1 0 -1 0 0 0 1 0 -1 1 0 0 0
8 0 1 -1 0 0 -1 -1 0 1 0 0 0 1 0 -1 -1 0 0 0
8 0 1 -1 0 0 -1 -1 0 -1 0 0 0 1 0 1 -1 0 0 0
8 0 1 -1 0 0 -1 -1 0 1 0 0 0 1 0 1 1 0 0 0
8 0 -1 1 0 0 1 1 0 -1 0 0 0 -1 0 -1 -1 0 0 0
8 0 -1 1 0 0 1 1 0 1 0 0 0 -1 0 -1 1 0 0 0
8 0 -1 1 0 0 1 1 0 -1 0 0 0 -1 0 1 1 0 0 0
8 0 -1 1 0 0 1 1 0 1 0 0 0 -1 0 1 -1 0 0 0
8 0 -1 1 0 0 1 -1 0 -1 0 0 0 -1 0 -1 1 0 0 0
8 0 -1 1 0 0 1 -1 0 1 0 0 0 -1 0 -1 -1 0 0 0
8 0 -1 1 0 0 1 -1 0 -1 0 0 0 -1 0 1 -1 0 0 0
8 0 -1 1 0 0 1 -1 0 1 0 0 0 -1 0 1 1 0 0 0
8 0 -1 1 0 0 1 1 0 -1 0 0 0 1 0 -1 1 0 0 0
8 0 -1 1 0 0 1 1 0 1 0 0 0 1 0 -1 -1 0 0 0
8 0 -1 1 0 0 1 1 0 -1 0 0 0 1 0 1 -1 0 0 0
8 0 -1 1 0 0 1 1 0 1 0 0 0 1 0 1 1 0 0 0
8 0 -1 1 0 0 1 -1 0 -1 0 0 0 1 0 -1 -1 0 0 0
8 0 -1 1 0 0 1 -1 0 1 0 0 0 1 0 -1 1 0 0 0
8 0 -1 1 0 0 1 -1 0 -1 0 0 0 1 0 1 1 0 0 0
8 0 -1 1 0 0 1 -1 0 1 0 0 0 1 0 1 -1 0 0 0
8 0 1 1 0 0 1 1 0 -1 0 0 0 -1 0 -1 1 0 0 0
8 0 1 1 0 0 1 1 0 1 0 0 0 -1 0 -1 -1 0 0 0
8 0 1 1 0 0 1 1 0 -1 0 0 0 -1 0 1 -1 0 0 0
8 0 1 1 0 0 1 1 0 1 0 0 0 -1 0 1 1 0 0 0
8 0 1 1 0 0 1 -1 0 -1 0 0 0 -1 0 -1 -1 0 0 0
8 0 1 1 0 0 1 -1 0 1 0 0 0 -1 0 -1 1 0 0 0
8 0 1 1 0 0 1 -1 0 -1 0 0 0 -1 0 1 1 0 0 0
8 0 1 1 0 0 1 -1 0 1 0 0 0 -1 0 1 -1 0 0 0
8 0 1 1 0 0 1 1 0 -1 0 0 0 1 0 -1 -1 0 0 0
8 0 1 1 0 0 1 1 0 1 0 0 0 1 0 -1 1 0 0 0
8 0 1 1 0 0 1 1 0 -1 0 0 0 1 0 1 1 0 0 0
8 0 1 1 0 0 1 1 0 1 0 0 0 1 0 1 -1 0 0 0
8 0 1 1 0 0 1 -1 0 -1 0 0 0 1 0 -1 1 0 0 0
8 0 1 1 0 0 1 -1 0 1 0 0 0 1 0 -1 -1 0 0 0
8 0 1 1 0 0 1 -1 0 -1 0 0 0 1 0 1 -1 0 0 0
8 0 1 1 0 0 1 -1 0 1 0 0 0 1 0 1 1 0 0 0
8 0 -1 -1 0 0 1 1 0 -1 0 0 0 -1 0 -1 1 0 0 0
8 0 -1 -1 0 0 1 1 0 1 0 0 0 -1 0 -1 -1 0 0 0
8 0 -1 -1 0 0 1 1 0 -1 0 0 0 -1 0 1 -1 0 0 0
8 0 -1 -1 0 0 1 1 0 1 0 0 0 -1 0 1 1 0 0 0
8 0 -1 -1 0 0 1 -1 0 -1 0 0 0 -1 0 -1 -1 0 0 0
8 0 -1 -1 0 0 1 -1 0 1 0 0 0 -1 0 -1 1 0 0 0
8 0 -1 -1 0 0 1 -1 0 -1 0 0 0 -1 0 1 1 0 0 0
8 0 -1 -1 0 0 1 -1 0 1 0 0 0 -1 0 1 -1 0 0 0
8 0 -1 -1 0 0 1 1 0 -1 0 0 0 1 0 -1 -1 0 0 0
8 0 -1 -1 0 0 1 1 0 1 0 0 0 1 0 -1 1 0 0 0
8 0 -1 -1 0 0 1 1 0 -1 0 0 0 1 0 1 1 0 0 0
8 0 -1 -1 0 0 1 1 0 1 0 0 0 1 0 1 -1 0 0 0
8 0 -1 -1 0 0 1 -1 0 -1 0 0 0 1 0 -1 1 0 0 0
8 0 -1 -1 0 0 1 -1 0 1 0 0 0 1 0 -1 -1 0 0 0
8 0 -1 -1 0 0 1 -1 0 -1 0 0 0 1 0 1 -1 0 0 0
8 0 -1 -1 0 0 1 -1 0 1 0 0 0 1 0 1 1 0 0 0
8 0 1 -1 0 0 1 1 0 -1 0 0 0 -1 0 -1 -1 0 0 0
8 0 1 -1 0 0 1 1 0 1 0 0 0 -1 0 -1 1 0 0 0
8 0 1 -1 0 0 1 1 0 -1 0 0 0 -1 0 1 1 0 0 0
8 0 1 -1 0 0 1 1 0 1 0 0 0 -1 0 1 -1 0 0 0
8 0 1 -1 0 0 1 -1 0 -1 0 0 0 -1 0 -1 1 0 0 0
8 0 1 -1 0 0 1 -1 0 1 0 0 0 -1 0 -1 -1 0 0 0
8 0 1 -1 0 0 1 -1 0 -1 0 0 0 -1 0 1 -1 0 0 0
8 0 1 -1 0 0 1 -1 0 1 0 0 0 -1 0 1 1 0 0 0
8 0 1 -1 0 0 1 1 0 -1 0 0 0 1 0 -1 1 0 0 0
8 0 1 -1 0 0 1 1 0 1 0 0 0 1 0 -1 -1 0 0 0
8 0 1 -1 0 0 1 1 0 -1 0 0 0 1 0 1 -1 0 0 0
8 0 1 -1 0 0 1 1 0 1 0 0 0 1 0 1 1 0 0 0
8 0 1 -1 0 0 1 -1 0 -1 0 0 0 1 0 -1 -1 0 0 0
8 0 1 -1 0 0 1 -1 0 1 0 0 0 1 0 -1 1 0 0 0
8 0 1 -1 0 0 1 -1 0 -1 0 0 0 1 0 1 1 0 0 0
8 0 1 -1 0 0 1 -1 0 1 0 0 0 1 0 1 -1 0 0 0
8 1 -1 0 0 0 0 0 1 -1 0 0 0 0 0 -1 -1 -1 -1 0
8 1 -1 0 0 0 0 0 1 1 0 0 0 0 0 -1 1 -1 -1 0
8 1 -1 0 0 0 0 0 1 -1 0 0 0 0 0 1 1 -1 -1 0
8 1 -1 0 0 0 0 0 1 1 0 0 0 0 0 1 -1 -1 -1 0
8 -1 -1 0 0 0 0 0 1 -1 0 0 0 0 0 -1 1 -1 -1 0
8 -1 -1 0 0 0 0 0 1 1 0 0 0 0 0 -1 -1 -1 -1 0
8 -1 -1 0 0 0 0 0 1 -1 0 0 0 0 0 1 -1 -1 -1 0
8 -1 -1 0 0 0 0 0 1 1 0 0 0 0 0 1 1 -1 -1 0
8 1 1 0 0 0 0 0 1 -1 0 0 0 0 0 -1 1 -1 -1 0
8 1 1 0 0 0 0 0 1 1 0 0 0 0 0 -1 -1 -1 -1 0
8 1 1 0 0 0 0 0 1 -1 0 0 0 0 0 1 -1 -1 -1 0
8 1 1 0 0 0 0 0 1 1 0 0 0 0 0 1 1 -1 -1 0
8 -1 1 0 0 0 0 0 1 -1 0 0 0 0 0 -1 -1 -1 -1 0
8 -1 1 0 0 0 0 0 1 1 0 0 0 0 0 -1 1 -1 -1 0
8 -1 1 0 0 0 0 0 1 -1 0 0 0 0 0 1 1 -1 -1 0
8 -1 1 0 0 0 0 0 1 1 0 0 0 0 0 1 -1 -1 -1 0
8 1 -1 0 0 0 0 0 1 -1 0 0 0 0 0 -1 -1 1 1 0
8 1 -1 0 0 0 0 0 1 1 0 0 0 0 0 -1 1 1 1 0
8 1 -1 0 0 0 0 0 1 -1 0 0 0 0 0 1 1 1 1 0
8 1 -1 0 0 0 0 0 1 1 0 0 0 0 0 1 -1 1 1 0
8 -1 -1 0 0 0 0 0 1 -1 0 0 0 0 0 -1 1 1 1 0
8 -1 -1 0 0 0 0 0 1 1 0 0 0 0 0 -1 -1 1 1 0
8 -1 -1 0 0 0 0 0 1 -1 0 0 0 0 0 1 -1 1 1 0
8 -1 -1 0 0 0 0 0 1 1 0 0 0 0 0 1 1 1 1 0
8 1 1 0 0 0 0 0 1 -1 0 0 0 0 0 -1 1 1 1 0
8 1 1 0 0 0 0 0 1 1 0 0 0 0 0 -1 -1 1 1 0
8 1 1 0 0 0 0 0 1 -1 0 0 0 0 0 1 -1 1 1 0
8 1 1 0 0 0 0 0 1 1 0 0 0 0 0 1 1 1 1 0
8 -1 1 0 0 0 0 0 1 -1 0 0 0 0 0 -1 -1 1 1 0
8 -1 1 0 0 0 0 0 1 1 0 0 0 0 0 -1 1 1 1 0
8 -1 1 0 0 0 0 0 1 -1 0 0 0 0 0 1 1 1 1 0
8 -1 1 0 0 0 0 0 1 1 0 0 0 0 0 1 -1 1 1 0
8 1 -1 0 0 0 0 0 -1 -1 0 0 0 0 0 -1 1 -1 -1 0
8 1 -1 0 0 0 0 0 -1 1 0 0 0 0 0 -1 -1 -1 -1 0
8 1 -1 0 0 0 0 0 -1 -1 0 0 0 0 0 1 -1 -1 -1 0
8 1 -1 0 0 0 0 0 -1 1 0 0 0 0 0 1 1 -1 -1 0
8 -1 -1 0 0 0 0 0 -1 -1 0 0 0 0 0 -1 -1 -1 -1 0
8 -1 -1 0 0 0 0 0 -1 1 0 0 0 0 0 -1 1 -1 -1 0
8 -1 -1 0 0 0 0 0 -1 -1 0 0 0 0 0 1 1 -1 -1 0
8 -1 -1 0 0 0 0 0 -1 1 0 0 0 0 0 1 -1 -1 -1 0
8 1 1 0 0 0 0 0 -1 -1 0 0 0 0 0 -1 -1 -1 -1 0
8 1 1 0 0 0 0 0 -1 1 0 0 0 0 0 -1 1 -1 -1 0
8 1 1 0 0 0 0 0 -1 -1 0 0 0 0 0 1 1 -1 -1 0
8 1 1 0 0 0 0 0 -1 1 0 0 0 0 0 1 -1 -1 -1 0
8 -1 1 0 0 0 0 0 -1 -1 0 0 0 0 0 -1 1 -1 -1 0
8 -1 1 0 0 0 0 0 -1 1 0 0 0 0 0 -1 -1 -1 -1 0
8 -1 1 0 0 0 0 0 -1 -1 0 0 0 0 0 1 -1 -1 -1 0
8 -1 1 0 0 0 0 0 -1 1 0 0 0 0 0 1 1 -1 -1 0
8 1 -1 0 0 0 0 0 -1 -1 0 0 0 0 0 -1 1 1 1 0
8 1 -1 0 0 0 0 0 -1 1 0 0 0 0 0 -1 -1 1 1 0
8 1 -1 0 0 0 0 0 -1 -1 0 0 0 0 0 1 -1 1 1 0
8 1 -1 0 0 0 0 0 -1 1 0 0 0 0 0 1 1 1 1 0
8 -1 -1 0 0 0 0 0 -1 -1 0 0 0 0 0 -1 -1 1 1 0
8 -1 -1 0 0 0 0 0 -1 1 0 0 0 0 0 -1 1 1 1 0
8 -1 -1 0 0 0 0 0 -1 -1 0 0 0 0 0 1 1 1 1 0
8 -1 -1 0 0 0 0 0 -1 1 0 0 0 0 0 1 -1 1 1 0
8 1 1 0 0 0 0 0 -1 -1 0 0 0 0 0 -1 -1 1 1 0
8 1 1 0 0 0 0 0 -1 1 0 0 0 0 0 -1 1 1 1 0
8 1 1 0 0 0 0 0 -1 -1 0 0 0 0 0 1 1 1 1 0
8 1 1 0 0 0 0 0 -1 1 0 0 0 0 0 1 -1 1 1 0
8 -1 1 0 0 0 0 0 -1 -1 0 0 0 0 0 -1 1 1 1 0
8 -1 1 0 0 0 0 0 -1 1 0 0 0 0 0 -1 -1 1 1 0
8 -1 1 0 0 0 0 0 -1 -1 0 0 0 0 0 1 -1 1 1 0
8 -1 1 0 0 0 0 0 -1 1 0 0 0 0 0 1 1 1 1 0
8 0 0 0 1 1 -1 1 1 0 0 0 -1 -1 0 0 1 0 0 0
8 0 0 0 1 1 -1 1 1 0 0 0 1 -1 0 0 -1 0 0 0
8 0 0 0 -1 1 -1 1 1 0 0 0 -1 -1 0 0 -1 0 0 0
8 0 0 0 -1 1 -1 1 1 0 0 0 1 -1 0 0 1 0 0 0
8 0 0 0 1 -1 -1 1 1 0 0 0 -1 -1 0 0 -1 0 0 0
8 0 0 0 1 -1 -1 1 1 0 0 0 1 -1 0 0 1 0 0 0
8 0 0 0 -1 -1 -1 1 1 0 0 0 -1 -1 0 0 1 0 0 0
8 0 0 0 -1 -1 -1 1 1 0 0 0 1 -1 0 0 -1 0 0 0
8 0 0 0 1 1 -1 -1 1 0 0 0 -1 -1 0 0 -1 0 0 0
8 0 0 0 1 1 -1 -1 1 0 0 0 1 -1 0 0 1 0 0 0
8 0 0 0 -1 1 -1 -1 1 0 0 0 -1 -1 0 0 1 0 0 0
8 0 0 0 -1 1 -1 -1 1 0 0 0 1 -1 0 0 -1 0 0 0
8 0 0 0 1 -1 -1 -1 1 0 0 0 -1 -1 0 0 1 0 0 0
8 0 0 0 1 -1 -1 -1 1 0 0 0 1 -1 0 0 -1 0 0 0
8 0 0 0 -1 -1 -1 -1 1 0 0 0 -1 -1 0 0 -1 0 0 0
8 0 0 0 -1 -1 -1 -1 1 0 0 0 1 -1 0 0 1 0 0 0
8 0 0 0 1 1 -1 1 1 0 0 0 -1 1 0 0 -1 0 0 0
8 0 0 0 1 1 -1 1 1 0 0 0 1 1 0 0 1 0 0 0
8 0 0 0 -1 1 -1 1 1 0 0 0 -1 1 0 0 1 0 0 0
8 0 0 0 -1 1 -1 1 1 0 0 0 1 1 0 0 -1 0 0 0
8 0 0 0 1 -1 -1 1 1 0 0 0 -1 1 0 0 1 0 0 0
8 0 0 0 1 -1 -1 1 1 0 0 0 1 1 0 0 -1 0 0 0
8 0 0 0 -1 -1 -1 1 1 0 0 0 -1 1 0 0 -1 0 0 0
8 0 0 0 -1 -1 -1 1 1 0 0 0 1 1 0 0 1 0 0 0
8 0 0 0 1 1 -1 -1 1 0 0 0 -1 1 0 0 1 0 0 0
8 0 0 0 1 1 -1 -1 1 0 0 0 1 1 0 0 -1 0 0 0
8 0 0 0 -1 1 -1 -1 1 0 0 0 -1 1 0 0 -1 0 0 0
8 0 0 0 -1 1 -1 -1 1 0 0 0 1 1 0 0 1 0 0 0
8 0 0 0 1 -1 -1 -1 1 0 0 0 -1 1 0 0 -1 0 0 0
8 0 0 0 1 -1 -1 -1 1 0 0 0 1 1 0 0 1 0 0 0
8 0 0 0 -1 -1 -1 -1 1 0 0 0 -1 1 0 0 1 0 0 0
8 0 0 0 -1 -1 -1 -1 1 0 0 0 1 1 0 0 -1 0 0 0
8 0 0 0 1 1 -1 1 -1 0 0 0 -1 -1 0 0 -1 0 0 0
8 0 0 0 1 1 -1 1 -1 0 0 0 1 -1 0 0 1 0 0 0
8 0 0 0 -1 1 -1 1 -1 0 0 0 -1 -1 0 0 1 0 0 0
8 0 0 0 -1 1 -1 1 -1 0 0 0 1 -1 0 0 -1 0 0 0
8 0 0 0 1 -1 -1 1 -1 0 0 0 -1 -1 0 0 1 0 0 0
8 0 0 0 1 -1 -1 1 -1 0 0 0 1 -1 0 0 -1 0 0 0
8 0 0 0 -1 -1 -1 1 -1 0 0 0 -1 -1 0 0 -1 0 0 0
8 0 0 0 -1 -1 -1 1 -1 0 0 0 1 -1 0 0 1 0 0 0
8 0 0 0 1 1 -1 -1 -1 0 0 0 -1 -1 0 0 1 0 0 0
8 0 0 0 1 1 -1 -1 -1 0 0 0 1 -1 0 0 -1 0 0 0
8 0 0 0 -1 1 -1 -1 -1 0 0 0 -1 -1 0 0 -1 0 0 0
8 0 0 0 -1 1 -1 -1 -1 0 0 0 1 -1 0 0 1 0 0 0
8 0 0 0 1 -1 -1 -1 -1 0 0 0 -1 -1 0 0 -1 0 0 0
8 0 0 0 1 -1 -1 -1 -1 0 0 0 1 -1 0 0 1 0 0 0
8 0 0 0 -1 -1 -1 -1 -1 0 0 0 -1 -1 0 0 1 0 0 0
8 0 0 0 -1 -1 -1 -1 -1 0 0 0 1 -1 0 0 -1 0 0 0
8 0 0 0 1 1 -1 1 -1 0 0 0 -1 1 0 0 1 0 0 0
8 0 0 0 1 1 -1 1 -1 0 0 0 1 1 0 0 -1 0 0 0
8 0 0 0 -1 1 -1 1 -1 0 0 0 -1 1 0 0 -1 0 0 0
8 0 0 0 -1 1 -1 1 -1 0 0 0 1 1 0 0 1 0 0 0
8 0 0 0 1 -1 -1 1 -1 0 0 0 -1 1 0 0 -1 0 0 0
8 0 0 0 1 -1 -1 1 -1 0 0 0 1 1 0 0 1 0 0 0
8 0 0 0 -1 -1 -1 1 -1 0 0 0 -1 1 0 0 1 0 0 0
8 0 0 0 -1 -1 -1 1 -1 0 0 0 1 1 0 0 -1 0 0 0
8 0 0 0 1 1 -1 -1 -1 0 0 0 -1 1 0 0 -1 0 0 0
8 0 0 0 1 1 -1 -1 -1 0 0 0 1 1 0 0 1 0 0 0
8 0 0 0 -1 1 -1 -1 -1 0 0 0 -1 1 0 0 1 0 0 0
8 0 0 0 -1 1 -1 -1 -1 0 0 0 1 1 0 0 -1 0 0 0
8 0 0 0 1 -1 -1 -1 -1 0 0 0 -1 1 0 0 1 0 0 0
8 0 0 0 1 -1 -1 -1 -1 0 0 0 1 1 0 0 -1 0 0 0
8 0 0 0 -1 -1 -1 -1 -1 0 0 0 -1 1 0 0 -1 0 0 0
8 0 0 0 -1 -1 -1 -1 -1 0 0 0 1 1 0 0 1 0 0 0
8 0 0 0 1 1 1 1 1 0 0 0 -1 -1 0 0 -1 0 0 0
8 0 0 0 1 1 1 1 1 0 0 0 1 -1 0 0 1 0 0 0
8 0 0 0 -1 1 1 1 1 0 0 0 -1 -1 0 0 1 0 0 0
8 0 0 0 -1 1 1 1 1 0 0 0 1 -1 0 0 -1 0 0 0
8 0 0 0 1 -1 1 1 1 0 0 0 -1 -1 0 0 1 0 0 0
8 0 0 0 1 -1 1 1 1 0 0 0 1 -1 0 0 -1 0 0 0
8 0 0 0 -1 -1 1 1 1 0 0 0 -1 -1 0 0 -1 0 0 0
8 0 0 0 -1 -1 1 1 1 0 0 0 1 -1 0 0 1 0 0 0
8 0 0 0 1 1 1 -1 1 0 0 0 -1 -1 0 0 1 0 0 0
8 0 0 0 1 1 1 -1 1 0 0 0 1 -1 0 0 -1 0 0 0
8 0 0 0 -1 1 1 -1 1 0 0 0 -1 -1 0 0 -1 0 0 0
8 0 0 0 -1 1 1 -1 1 0 0 0 1 -1 0 0 1 0 0 0
8 0 0 0 1 -1 1 -1 1 0 0 0 -1 -1 0 0 -1 0 0 0
8 0 0 0 1 -1 1 -1 1 0 0 0 1 -1 0 0 1 0 0 0
8 0 0 0 -1 -1 1 -1 1 0 0 0 -1 -1 0 0 1 0 0 0
8 0 0 0 -1 -1 1 -1 1 0 0 0 1 -1 0 0 -1 0 0 0
8 0 0 0 1 1 1 1 1 0 0 0 -1 1 0 0 1 0 0 0
8 0 0 0 1 1 1 1 1 0 0 0 1 1 0 0 -1 0 0 0
8 0 0 0 -1 1 1 1 1 0 0 0 -1 1 0 0 -1 0 0 0
8 0 0 0 -1 1 1 1 1 0 0 0 1 1 0 0 1 0 0 0
8 0 0 0 1 -1 1 1 1 0 0 0 -1 1 0 0 -1 0 0 0
8 0 0 0 1 -1 1 1 1 0 0 0 1 1 0 0 1 0 0 0
8 0 0 0 -1 -1 1 1 1 0 0 0 -1 1 0 0 1 0 0 0
8 0 0 0 -1 -1 1 1 1 0 0 0 1 1 0 0 -1 0 0 0
8 0 0 0 1 1 1 -1 1 0 0 0 -1 1 0 0 -1 0 0 0
8 0 0 0 1 1 1 -1 1 0 0 0 1 1 0 0 1 0 0 0
8 0 0 0 -1 1 1 -1 1 0 0 0 -1 1 0 0 1 0 0 0
8 0 0 0 -1 1 1 -1 1 0 0 0 1 1 0 0 -1 0 0 0
8 0 0 0 1 -1 1 -1 1 0 0 0 -1 1 0 0 1 0 0 0
8 0 0 0 1 -1 1 -1 1 0 0 0 1 1 0 0 -1 0 0 0
8 0 0 0 -1 -1 1 -1 1 0 0 0 -1 1 0 0 -1 0 0 0
8 0 0 0 -1 -1 1 -1 1 0 0 0 1 1 0 0 1 0 0 0
8 0 0 0 1 1 1 1 -1 0 0 0 -1 -1 0 0 1 0 0 0
8 0 0 0 1 1 1 1 -1 0 0 0 1 -1 0 0 -1 0 0 0
8 0 0 0 -1 1 1 1 -1 0 0 0 -1 -1 0 0 -1 0 0 0
8 0 0 0 -1 1 1 1 -1 0 0 0 1 -1 0 0 1 0 0 0
8 0 0 0 1 -1 1 1 -1 0 0 0 -1 -1 0 0 -1 0 0 0
8 0 0 0 1 -1 1 1 -1 0 0 0 1 -1 0 0 1 0 0 0
8 0 0 0 -1 -1 1 1 -1 0 0 0 -1 -1 0 0 1 0 0 0
8 0 0 0 -1 -1 1 1 -1 0 0 0 1 -1 0 0 -1 0 0 0
8 0 0 0 1 1 1 -1 -1 0 0 0 -1 -1 0 0 -1 0 0 0
8 0 0 0 1 1 1 -1 -1 0 0 0 1 -1 0 0 1 0 0 0
8 0 0 0 -1 1 1 -1 -1 0 0 0 -1 -1 0 0 1 0 0 0
8 0 0 0 -1 1 1 -1 -1 0 0 0 1 -1 0 0 -1 0 0 0
8 0 0 0 1 -1 1 -1 -1 0 0 0 -1 -1 0 0 1 0 0 0
8 0 0 0 1 -1 1 -1 -1 0 0 0 1 -1 0 0 -1 0 0 0
8 0 0 0 -1 -1 1 -1 -1 0 0 0 -1 -1 0 0 -1 0 0 0
8 0 0 0 -1 -1 1 -1 -1 0 0 0 1 -1 0 0 1 0 0 0
8 0 0 0 1 1 1 1 -1 0 0 0 -1 1 0 0 -1 0 0 0
8 0 0 0 1 1 1 1 -1 0 0 0 1 1 0 0 1 0 0 0
8 0 0 0 -1 1 1 1 -1 0 0 0 -1 1 0 0 1 0 0 0
8 0 0 0 -1 1 1 1 -1 0 0 0 1 1 0 0 -1 0 0 0
8 0 0 0 1 -1 1 1 -1 0 0 0 -1 1 0 0 1 0 0 0
8 0 0 0 1 -1 1 1 -1 0 0 0 1 1 0 0 -1 0 0 0
8 0 0 0 -1 -1 1 1 -1 0 0 0 -1 1 0 0 -1 0 0 0
8 0 0 0 -1 -1 1 1 -1 0 0 0 1 1 0 0 1 0 0 0
8 0 0 0 1 1 1 -1 -1 0 0 0 -1 1 0 0 1 0 0 0
8 0 0 0 1 1 1 -1 -1 0 0 0 1 1 0 0 -1 0 0 0
8 0 0 0 -1 1 1 -1 -1 0 0 0 -1 1 0 0 -1 0 0 0
8 0 0 0 -1 1 1 -1 -1 0 0 0 1 1 0 0 1 0 0 0
8 0 0 0 1 -1 1 -1 -1 0 0 0 -1 1 0 0 -1 0 0 0
8 0 0 0 1 -1 1 -1 -1 0 0 0 1 1 0 0 1 0 0 0
8 0 0 0 -1 -1 1 -1 -1 0 0 0 -1 1 0 0 1 0 0 0
8 0 0 0 -1 -1 1 -1 -1 0 0 0 1 1 0 0 -1 0 0 0
8 1 0 0 0 0 0 0 1 0 0 -1 -1 -1 0 0 -1 -1 0 -1
8 1 0 0 0 0 0 0 1 0 0 -1 1 -1 0 0 1 -1 0 -1
8 1 0 0 0 0 0 0 1 0 0 1 -1 -1 0 0 1 -1 0 -1
8 1 0 0 0 0 0 0 1 0 0 1 1 -1 0 0 -1 -1 0 -1
8 1 0 0 0 0 0 0 1 0 0 -1 -1 1 0 0 1 -1 0 -1
8 1 0 0 0 0 0 0 1 0 0 -1 1 1 0 0 -1 -1 0 -1
8 1 0 0 0 0 0 0 1 0 0 1 -1 1 0 0 -1 -1 0 -1
8 1 0 0 0 0 0 0 1 0 0 1 1 1 0 0 1 -1 0 -1
8 -1 0 0 0 0 0 0 1 0 0 -1 -1 -1 0 0 1 -1 0 -1
8 -1 0 0 0 0 0 0 1 0 0 -1 1 -1 0 0 -1 -1 0 -1
8 -1 0 0 0 0 0 0 1 0 0 1 -1 -1 0 0 -1 -1 0 -1
8 -1 0 0 0 0 0 0 1 0 0 1 1 -1 0 0 1 -1 0 -1
8 -1 0 0 0 0 0 0 1 0 0 -1 -1 1 0 0 -1 -1 0 -1
8 -1 0 0 0 0 0 0 1 0 0 -1 1 1 0 0 1 -1 0 -1
8 -1 0 0 0 0 0 0 1 0 0 1 -1 1 0 0 1 -1 0 -1
8 -1 0 0 0 0 0 0 1 0 0 1 1 1 0 0 -1 -1 0 -1
8 1 0 0 0 0 0 0 1 0 0 -1 -1 -1 0 0 -1 1 0 1
8 1 0 0 0 0 0 0 1 0 0 -1 1 -1 0 0 1 1 0 1
8 1 0 0 0 0 0 0 1 0 0 1 -1 -1 0 0 1 1 0 1
8 1 0 0 0 0 0 0 1 0 0 1 1 -1 0 0 -1 1 0 1
8 1 0 0 0 0 0 0 1 0 0 -1 -1 1 0 0 1 1 0 1
8 1 0 0 0 0 0 0 1 0 0 -1 1 1 0 0 -1 1 0 1
8 1 0 0 0 0 0 0 1 0 0 1 -1 1 0 0 -1 1 0 1
8 1 0 0 0 0 0 0 1 0 0 1 1 1 0 0 1 1 0 1
8 -1 0 0 0 0 0 0 1 0 0 -1 -1 -1 0 0 1 1 0 1
8 -1 0 0 0 0 0 0 1 0 0 -1 1 -1 0 0 -1 1 0 1
8 -1 0 0 0 0 0 0 1 0 0 1 -1 -1 0 0 -1 1 0 1
8 -1 0 0 0 0 0 0 1 0 0 1 1 -1 0 0 1 1 0 1
8 -1 0 0 0 0 0 0 1 0 0 -1 -1 1 0 0 -1 1 0 1
8 -1 0 0 0 0 0 0 1 0 0 -1 1 1 0 0 1 1 0 1
8 -1 0 0 0 0 0 0 1 0 0 1 -1 1 0 0 1 1 0 1
8 -1 0 0 0 0 0 0 1 0 0 1 1 1 0 0 -1 1 0 1
8 1 0 0 0 0 0 0 -1 0 0 -1 -1 -1 0 0 1 -1 0 -1
8 1 0 0 0 0 0 0 -1 0 0 -1 1 -1 0 0 -1 -1 0 -1
8 1 0 0 0 0 0 0 -1 0 0 1 -1 -1 0 0 -1 -1 0 -1
8 1 0 0 0 0 0 0 -1 0 0 1 1 -1 0 0 1 -1 0 -1
8 1 0 0 0 0 0 0 -1 0 0 -1 -1 1 0 0 -1 -1 0 -1
8 1 0 0 0 0 0 0 -1 0 0 -1 1 1 0 0 1 -1 0 -1
8 1 0 0 0 0 0 0 -1 0 0 1 -1 1 0 0 1 -1 0 -1
8 1 0 0 0 0 0 0 -1 0 0 1 1 1 0 0 -1 -1 0 -1
8 -1 0 0 0 0 0 0 -1 0 0 -1 -1 -1 0 0 -1 -1 0 -1
8 -1 0 0 0 0 0 0 -1 0 0 -1 1 -1 0 0 1 -1 0 -1
8 -1 0 0 0 0 0 0 -1 0 0 1 -1 -1 0 0 1 -1 0 -1
8 -1 0 0 0 0 0 0 -1 0 0 1 1 -1 0 0 -1 -1 0 -1
8 -1 0 0 0 0 0 0 -1 0 0 -1 -1 1 0 0 1 -1 0 -1
8 -1 0 0 0 0 0 0 -1 0 0 -1 1 1 0 0 -1 -1 0 -1
8 -1 0 0 0 0 0 0 -1 0 0 1 -1 1 0 0 -1 -1 0 -1
8 -1 0 0 0 0 0 0 -1 0 0 1 1 1 0 0 1 -1 0 -1
8 1 0 0 0 0 0 0 -1 0 0 -1 -1 -1 0 0 1 1 0 1
8 1 0 0 0 0 0 0 -1 0 0 -1 1 -1 0 0 -1 1 0 1
8 1 0 0 0 0 0 0 -1 0 0 1 -1 -1 0 0 -1 1 0 1
8 1 0 0 0 0 0 0 -1 0 0 1 1 -1 0 0 1 1 0 1
8 1 0 0 0 0 0 0 -1 0 0 -1 -1 1 0 0 -1 1 0 1
8 1 0 0 0 0 0 0 -1 0 0 -1 1 1 0 0 1 1 0 1
8 1 0 0 0 0 0 0 -1 0 0 1 -1 1 0 0 1 1 0 1
8 1 0 0 0 0 0 0 -1 0 0 1 1 1 0 0 -1 1 0 1
8 -1 0 0 0 0 0 0 -1 0 0 -1 -1 -1 0 0 -1 1 0 1
8 -1 0 0 0 0 0 0 -1 0 0 -1 1 -1 0 0 1 1 0 1
8 -1 0 0 0 0 0 0 -1 0 0 1 -1 -1 0 0 1 1 0 1
8 -1 0 0 0 0 0 0 -1 0 0 1 1 -1 0 0 -1 1 0 1
8 -1 0 0 0 0 0 0 -1 0 0 -1 -1 1 0 0 1 1 0 1
8 -1 0 0 0 0 0 0 -1 0 0 -1 1 1 0 0 -1 1 0 1
8 -1 0 0 0 0 0 0 -1 0 0 1 -1 1 0 0 -1 1 0 1
8 -1 0 0 0 0 0 0 -1 0 0 1 1 1 0 0 1 1 0 1
8 1 0 1 1 1 0 0 0 0 0 0 -1 0 0 0 -1 -1 -1 0
8 1 0 1 1 1 0 0 0 0 0 0 1 0 0 0 1 -1 -1 0
8 1 0 1 -1 1 0 0 0 0 0 0 -1 0 0 0 1 -1 -1 0
8 1 0 1 -1 1 0 0 0 0 0 0 1 0 0 0 -1 -1 -1 0
8 1 0 1 1 -1 0 0 0 0 0 0 -1 0 0 0 1 -1 -1 0
8 1 0 1 1 -1 0 0 0 0 0 0 1 0 0 0 -1 -1 -1 0
8 1 0 1 -1 -1 0 0 0 0 0 0 -1 0 0 0 -1 -1 -1 0
8 1 0 1 -1 -1 0 0 0 0 0 0 1 0 0 0 1 -1 -1 0
8 -1 0 1 1 1 0 0 0 0 0 0 -1 0 0 0 1 -1 -1 0
8 -1 0 1 1 1 0 0 0 0 0 0 1 0 0 0 -1 -1 -1 0
8 -1 0 1 -1 1 0 0 0 0 0 0 -1 0 0 0 -1 -1 -1 0
8 -1 0 1 -1 1 0 0 0 0 0 0 1 0 0 0 1 -1 -1 0
8 -1 0 1 1 -1 0 0 0 0 0 0 -1 0 0 0 -1 -1 -1 0
8 -1 0 1 1 -1 0 0 0 0 0 0 1 0 0 0 1 -1 -1 0
8 -1 0 1 -1 -1 0 0 0 0 0 0 -1 0 0 0 1 -1 -1 0
8 -1 0 1 -1 -1 0 0 0 0 0 0 1 0 0 0 -1 -1 -1 0
8 1 0 -1 1 1 0 0 0 0 0 0 -1 0 0 0 1 -1 -1 0
8 1 0 -1 1 1 0 0 0 0 0 0 1 0 0 0 -1 -1 -1 0
8 1 0 -1 -1 1 0 0 0 0 0 0 -1 0 0 0 -1 -1 -1 0
8 1 0 -1 -1 1 0 0 0 0 0 0 1 0 0 0 1 -1 -1 0
8 1 0 -1 1 -1 0 0 0 0 0 0 -1 0 0 0 -1 -1 -1 0
8 1 0 -1 1 -1 0 0 0 0 0 0 1 0 0 0 1 -1 -1 0
8 1 0 -1 -1 -1 0 0 0 0 0 0 -1 0 0 0 1 -1 -1 0
8 1 0 -1 -1 -1 0 0 0 0 0 0 1 0 0 0 -1 -1 -1 0
8 -1 0 -1 1 1 0 0 0 0 0 0 -1 0 0 0 -1 -1 -1 0
8 -1 0 -1 1 1 0 0 0 0 0 0 1 0 0 0 1 -1 -1 0
8 -1 0 -1 -1 1 0 0 0 0 0 0 -1 0 0 0 1 -1 -1 0
8 -1 0 -1 -1 1 0 0 0 0 0 0 1 0 0 0 -1 -1 -1 0
8 -1 0 -1 1 -1 0 0 0 0 0 0 -1 0 0 0 1 -1 -1 0
8 -1 0 -1 1 -1 0 0 0 0 0 0 1 0 0 0 -1 -1 -1 0
8 -1 0 -1 -1 -1 0 0 0 0 0 0 -1 0 0 0 -1 -1 -1 0
8 -1 0 -1 -1 -1 0 0 0 0 0 0 1 0 0 0 1 -1 -1 0
8 1 0 1 1 1 0 0 0 0 0 0 -1 0 0 0 -1 1 1 0
8 1 0 1 1 1 0 0 0 0 0 0 1 0 0 0 1 1 1 0
8 1 0 1 -1 1 0 0 0 0 0 0 -1 0 0 0 1 1 1 0
8 1 0 1 -1 1 0 0 0 0 0 0 1 0 0 0 -1 1 1 0
8 1 0 1 1 -1 0 0 0 0 0 0 -1 0 0 0 1 1 1 0
8 1 0 1 1 -1 0 0 0 0 0 0 1 0 0 0 -1 1 1 0
8 1 0 1 -1 -1 0 0 0 0 0 0 -1 0 0 0 -1 1 1 0
8 1 0 1 -1 -1 0 0 0 0 0 0 1 0 0 0 1 1 1 0
8 -1 0 1 1 1 0 0 0 0 0 0 -1 0 0 0 1 1 1 0
8 -1 0 1 1 1 0 0 0 0 0 0 1 0 0 0 -1 1 1 0
8 -1 0 1 -1 1 0 0 0 0 0 0 -1 0 0 0 -1 1 1 0
8 -1 0 1 -1 1 0 0 0 0 0 0 1 0 0 0 1 1 1 0
8 -1 0 1 1 -1 0 0 0 0 0 0 -1 0 0 0 -1 1 1 0
8 -1 0 1 1 -1 0 0 0 0 0 0 1 0 0 0 1 1 1 0
8 -1 0 1 -1 -1 0 0 0 0 0 0 -1 0 0 0 1 1 1 0
8 -1 0 1 -1 -1 0 0 0 0 0 0 1 0 0 0 -1 1 1 0
8 1 0 -1 1 1 0 0 0 0 0 0 -1 0 0 0 1 1 1 0
8 1 0 -1 1 1 0 0 0 0 0 0 1 0 0 0 -1 1 1 0
8 1 0 -1 -1 1 0 0 0 0 0 0 -1 0 0 0 -1 1 1 0
8 1 0 -1 -1 1 0 0 0 0 0 0 1 0 0 0 1 1 1 0
8 1 0 -1 1 -1 0 0 0 0 0 0 -1 0 0 0 -1 1 1 0
8 1 0 -1 1 -1 0 0 0 0 0 0 1 0 0 0 1 1 1 0
8 1 0 -1 -1 -1 0 0 0 0 0 0 -1 0 0 0 1 1 1 0
8 1 0 -1 -1 -1 0 0 0 0 0 0 1 0 0 0 -1 1 1 0
8 -1 0 -1 1 1 0 0 0 0 0 0 -1 0 0 0 -1 1 1 0
8 -1 0 -1 1 1 0 0 0 0 0 0 1 0 0 0 1 1 1 0
8 -1 0 -1 -1 1 0 0 0 0 0 0 -1 0 0 0 1 1 1 0
8 -1 0 -1 -1 1 0 0 0 0 0 0 1 0 0 0 -1 1 1 0
8 -1 0 -1 1 -1 0 0 0 0 0 0 -1 0 0 0 1 1 1 0
8 -1 0 -1 1 -1 0 0 0 0 0 0 1 0 0 0 -1 1 1 0
8 -1 0 -1 -1 -1 0 0 0 0 0 0 -1 0 0 0 -1 1 1 0
8 -1 0 -1 -1 -1 0 0 0 0 0 0 1 0 0 0 1 1 1 0
8 0 0 1 0 0 -1 1 0 0 0 -1 -1 0 0 0 -1 0 -1 1
8 0 0 1 0 0 -1 1 0 0 0 -1 1 0 0 0 1 0 -1 1
8 0 0 1 0 0 -1 1 0 0 0 -1 -1 0 0 0 -1 0 1 -1
8 0 0 1 0 0 -1 1 0 0 0 -1 1 0 0 0 1 0 1 -1
8 0 0 1 0 0 -1 1 0 0 0 1 -1 0 0 0 1 0 -1 1
8 0 0 1 0 0 -1 1 0 0 0 1 1 0 0 0 -1 0 -1 1
8 0 0 1 0 0 -1 1 0 0 0 1 -1 0 0 0 1 0 1 -1
8 0 0 1 0 0 -1 1 0 0 0 1 1 0 0 0 -1 0 1 -1
8 0 0 1 0 0 -1 -1 0 0 0 -1 -1 0 0 0 1 0 -1 1
8 0 0 1 0 0 -1 -1 0 0 0 -1 1 0 0 0 -1 0 -1 1
8 0 0 1 0 0 -1 -1 0 0 0 -1 -1 0 0 0 1 0 1 -1
8 0 0 1 0 0 -1 -1 0 0 0 -1 1 0 0 0 -1 0 1 -1
8 0 0 1 0 0 -1 -1 0 0 0 1 -1 0 0 0 -1 0 -1 1
8 0 0 1 0 0 -1 -1 0 0 0 1 1 0 0 0 1 0 -1 1
8 0 0 1 0 0 -1 -1 0 0 0 1 -1 0 0 0 -1 0 1 -1
8 0 0 1 0 0 -1 -1 0 0 0 1 1 0 0 0 1 0 1 -1
8 0 0 -1 0 0 -1 1 0 0 0 -1 -1 0 0 0 1 0 -1 1
8 0 0 -1 0 0 -1 1 0 0 0 -1 1 0 0 0 -1 0 -1 1
8 0 0 -1 0 0 -1 1 0 0 0 -1 -1 0 0 0 1 0 1 -1
8 0 0 -1 0 0 -1 1 0 0 0 -1 1 0 0 0 -1 0 1 -1
8 0 0 -1 0 0 -1 1 0 0 0 1 -1 0 0 0 -1 0 -1 1
8 0 0 -1 0 0 -1 1 0 0 0 1 1 0 0 0 1 0 -1 1
8 0 0 -1 0 0 -1 1 0 0 0 1 -1 0 0 0 -1 0 1 -1
8 0 0 -1 0 0 -1 1 0 0 0 1 1 0 0 0 1 0 1 -1
8 0 0 -1 0 0 -1 -1 0 0 0 -1 -1 0 0 0 -1 0 -1 1
8 0 0 -1 0 0 -1 -1 0 0 0 -1 1 0 0 0 1 0 -1 1
8 0 0 -1 0 0 -1 -1 0 0 0 -1 -1 0 0 0 -1 0 1 -1
8 0 0 -1 0 0 -1 -1 0 0 0 -1 1 0 0 0 1 0 1 -1
8 0 0 -1 0 0 -1 -1 0 0 0 1 -1 0 0 0 1 0 -1 1
8 0 0 -1 0 0 -1 -1 0 0 0 1 1 0 0 0 -1 0 -1 1
8 0 0 -1 0 0 -1 -1 0 0 0 1 -1 0 0 0 1 0 1 -1
8 0 0 -1 0 0 -1 -1 0 0 0 1 1 0 0 0 -1 0 1 -1
8 0 0 1 0 0 1 1 0 0 0 -1 -1 0 0 0 1 0 -1 1
8 0 0 1 0 0 1 1 0 0 0 -1 1 0 0 0 -1 0 -1 1
8 0 0 1 0 0 1 1 0 0 0 -1 -1 0 0 0 1 0 1 -1
8 0 0 1 0 0 1 1 0 0 0 -1 1 0 0 0 -1 0 1 -1
8 0 0 1 0 0 1 1 0 0 0 1 -1 0 0 0 -1 0 -1 1
8 0 0 1 0 0 1 1 0 0 0 1 1 0 0 0 1 0 -1 1
8 0 0 1 0 0 1 1 0 0 0 1 -1 0 0 0 -1 0 1 -1
8 0 0 1 0 0 1 1 0 0 0 1 1 0 0 0 1 0 1 -1
8 0 0 1 0 0 1 -1 0 0 0 -1 -1 0 0 0 -1 0 -1 1
8 0 0 1 0 0 1 -1 0 0 0 -1 1 0 0 0 1 0 -1 1
8 0 0 1 0 0 1 -1 0 0 0 -1 -1 0 0 0 -1 0 1 -1
8 0 0 1 0 0 1 -1 0 0 0 -1 1 0 0 0 1 0 1 -1
8 0 0 1 0 0 1 -1 0 0 0 1 -1 0 0 0 1 0 -1 1
8 0 0 1 0 0 1 -1 0 0 0 1 1 0 0 0 -1 0 -1 1
8 0 0 1 0 0 1 -1 0 0 0 1 -1 0 0 0 1 0 1 -1
8 0 0 1 0 0 1 -1 0 0 0 1 1 0 0 0 -1 0 1 -1
8 0 0 -1 0 0 1 1 0 0 0 -1 -1 0 0 0 -1 0 -1 1
8 0 0 -1 0 0 1 1 0 0 0 -1 1 0 0 0 1 0 -1 1
8 0 0 -1 0 0 1 1 0 0 0 -1 -1 0 0 0 -1 0 1 -1
8 0 0 -1 0 0 1 1 0 0 0 -1 1 0 0 0 1 0 1 -1
8 0 0 -1 0 0 1 1 0 0 0 1 -1 0 0 0 1 0 -1 1
8 0 0 -1 0 0 1 1 0 0 0 1 1 0 0 0 -1 0 -1 1
8 0 0 -1 0 0 1 1 0 0 0 1 -1 0 0 0 1 0 1 -1
8 0 0 -1 0 0 1 1 0 0 0 1 1 0 0 0 -1 0 1 -1
8 0 0 -1 0 0 1 -1 0 0 0 -1 -1 0 0 0 1 0 -1 1
8 0 0 -1 0 0 1 -1 0 0 0 -1 1 0 0 0 -1 0 -1 1
8 0 0 -1 0 0 1 -1 0 0 0 -1 -1 0 0 0 1 0 1 -1
8 0 0 -1 0 0 1 -1 0 0 0 -1 1 0 0 0 -1 0 1 -1
8 0 0 -1 0 0 1 -1 0 0 0 1 -1 0 0 0 -1 0 -1 1
8 0 0 -1 0 0 1 -1 0 0 0 1 1 0 0 0 1 0 -1 1
8 0 0 -1 0 0 1 -1 0 0 0 1 -1 0 0 0 -1 0 1 -1
8 0 0 -1 0 0 1 -1 0 0 0 1 1 0 0 0 1 0 1 -1
8 1 -1 1 0 0 0 0 0 0 0 0 -1 0 0 -1 -1 -1 1 0
8 1 -1 1 0 0 0 0 0 0 0 0 1 0 0 -1 1 -1 1 0
8 1 -1 1 0 0 0 0 0 0 0 0 -1 0 0 1 1 -1 1 0
8 1 -1 1 0 0 0 0 0 0 0 0 1 0 0 1 -1 -1 1 0
8 1 -1 1 0 0 0 0 0 0 0 0 -1 0 0 -1 -1 1 -1 0
8 1 -1 1 0 0 0 0 0 0 0 0 1 0 0 -1 1 1 -1 0
8 1 -1 1 0 0 0 0 0 0 0 0 -1 0 0 1 1 1 -1 0
8 1 -1 1 0 0 0 0 0 0 0 0 1 0 0 1 -1 1 -1 0
8 -1 -1 1 0 0 0 0 0 0 0 0 -1 0 0 -1 1 -1 1 0
8 -1 -1 1 0 0 0 0 0 0 0 0 1 0 0 -1 -1 -1 1 0
8 -1 -1 1 0 0 0 0 0 0 0 0 -1 0 0 1 -1 -1 1 0
8 -1 -1 1 0 0 0 0 0 0 0 0 1 0 0 1 1 -1 1 0
8 -1 -1 1 0 0 0 0 0 0 0 0 -1 0 0 -1 1 1 -1 0
8 -1 -1 1 0 0 0 0 0 0 0 0 1 0 0 -1 -1 1 -1 0
8 -1 -1 1 0 0 0 0 0 0 0 0 -1 0 0 1 -1 1 -1 0
8 -1 -1 1 0 0 0 0 0 0 0 0 1 0 0 1 1 1 -1 0
8 1 1 1 0 0 0 0 0 0 0 0 -1 0 0 -1 1 -1 1 0
8 1 1 1 0 0 0 0 0 0 0 0 1 0 0 -1 -1 -1 1 0
8 1 1 1 0 0 0 0 0 0 0 0 -1 0 0 1 -1 -1 1 0
8 1 1 1 0 0 0 0 0 0 0 0 1 0 0 1 1 -1 1 0
8 1 1 1 0 0 0 0 0 0 0 0 -1 0 0 -1 1 1 -1 0
8 1 1 1 0 0 0 0 0 0 0 0 1 0 0 -1 -1 1 -1 0
8 1 1 1 0 0 0 0 0 0 0 0 -1 0 0 1 -1 1 -1 0
8 1 1 1 0 0 0 0 0 0 0 0 1 0 0 1 1 1 -1 0
8 -1 1 1 0 0 0 0 0 0 0 0 -1 0 0 -1 -1 -1 1 0
8 -1 1 1 0 0 0 0 0 0 0 0 1 0 0 -1 1 -1 1 0
8 -1 1 1 0 0 0 0 0 0 0 0 -1 0 0 1 1 -1 1 0
8 -1 1 1 0 0 0 0 0 0 0 0 1 0 0 1 -1 -1 1 0
8 -1 1 1 0 0 0 0 0 0 0 0 -1 0 0 -1 -1 1 -1 0
8 -1 1 1 0 0 0 0 0 0 0 0 1 0 0 -1 1 1 -1 0
8 -1 1 1 0 0 0 0 0 0 0 0 -1 0 0 1 1 1 -1 0
8 -1 1 1 0 0 0 0 0 0 0 0 1 0 0 1 -1 1 -1 0
8 1 -1 -1 0 0 0 0 0 0 0 0 -1 0 0 -1 1 -1 1 0
8 1 -1 -1 0 0 0 0 0 0 0 0 1 0 0 -1 -1 -1 1 0
8 1 -1 -1 0 0 0 0 0 0 0 0 -1 0 0 1 -1 -1 1 0
8 1 -1 -1 0 0 0 0 0 0 0 0 1 0 0 1 1 -1 1 0
8 1 -1 -1 0 0 0 0 0 0 0 0 -1 0 0 -1 1 1 -1 0
8 1 -1 -1 0 0 0 0 0 0 0 0 1 0 0 -1 -1 1 -1 0
8 1 -1 -1 0 0 0 0 0 0 0 0 -1 0 0 1 -1 1 -1 0
8 1 -1 -1 0 0 0 0 0 0 0 0 1 0 0 1 1 1 -1 0
8 -1 -1 -1 0 0 0 0 0 0 0 0 -1 0 0 -1 -1 -1 1 0
8 -1 -1 -1 0 0 0 0 0 0 0 0 1 0 0 -1 1 -1 1 0
8 -1 -1 -1 0 0 0 0 0 0 0 0 -1 0 0 1 1 -1 1 0
8 -1 -1 -1 0 0 0 0 0 0 0 0 1 0 0 1 -1 -1 1 0
8 -1 -1 -1 0 0 0 0 0 0 0 0 -1 0 0 -1 -1 1 -1 0
8 -1 -1 -1 0 0 0 0 0 0 0 0 1 0 0 -1 1 1 -1 0
8 -1 -1 -1 0 0 0 0 0 0 0 0 -1 0 0 1 1 1 -1 0
8 -1 -1 -1 0 0 0 0 0 0 0 0 1 0 0 1 -1 1 -1 0
8 1 1 -1 0 0 0 0 0 0 0 0 -1 0 0 -1 -1 -1 1 0
8 1 1 -1 0 0 0 0 0 0 0 0 1 0 0 -1 1 -1 1 0
8 1 1 -1 0 0 0 0 0 0 0 0 -1 0 0 1 1 -1 1 0
8 1 1 -1 0 0 0 0 0 0 0 0 1 0 0 1 -1 -1 1 0
8 1 1 -1 0 0 0 0 0 0 0 0 -1 0 0 -1 -1 1 -1 0
8 1 1 -1 0 0 0 0 0 0 0 0 1 0 0 -1 1 1 -1 0
8 1 1 -1 0 0 0 0 0 0 0 0 -1 0 0 1 1 1 -1 0
8 1 1 -1 0 0 0 0 0 0 0 0 1 0 0 1 -1 1 -1 0
8 -1 1 -1 0 0 0 0 0 0 0 0 -1 0 0 -1 1 -1 1 0
8 -1 1 -1 0 0 0 0 0 0 0 0 1 0 0 -1 -1 -1 1 0
8 -1 1 -1 0 0 0 0 0 0 0 0 -1 0 0 1 -1 -1 1 0
8 -1 1 -1 0 0 0 0 0 0 0 0 1 0 0 1 1 -1 1 0
8 -1 1 -1 0 0 0 0 0 0 0 0 -1 0 0 -1 1 1 -1 0
8 -1 1 -1 0 0 0 0 0 0 0 0 1 0 0 -1 -1 1 -1 0
8 -1 1 -1 0 0 0 0 0 0 0 0 -1 0 0 1 -1 1 -1 0
8 -1 1 -1 0 0 0 0 0 0 0 0 1 0 0 1 1 1 -1 0
8 0 -1 0 1 0 0 1 0 -1 0 0 -1 0 0 0 -1 -1 0 1
8 0 -1 0 1 0 0 1 0 -1 0 0 1 0 0 0 1 -1 0 1
8 0 -1 0 1 0 0 1 0 1 0 0 -1 0 0 0 1 -1 0 1
8 0 -1 0 1 0 0 1 0 1 0 0 1 0 0 0 -1 -1 0 1
8 0 -1 0 -1 0 0 1 0 -1 0 0 -1 0 0 0 1 -1 0 1
8 0 -1 0 -1 0 0 1 0 -1 0 0 1 0 0 0 -1 -1 0 1
8 0 -1 0 -1 0 0 1 0 1 0 0 -1 0 0 0 -1 -1 0 1
8 0 -1 0 -1 0 0 1 0 1 0 0 1 0 0 0 1 -1 0 1
8 0 -1 0 1 0 0 -1 0 -1 0 0 -1 0 0 0 1 -1 0 1
8 0 -1 0 1 0 0 -1 0 -1 0 0 1 0 0 0 -1 -1 0 1
8 0 -1 0 1 0 0 -1 0 1 0 0 -1 0 0 0 -1 -1 0 1
8 0 -1 0 1 0 0 -1 0 1 0 0 1 0 0 0 1 -1 0 1
8 0 -1 0 -1 0 0 -1 0 -1 0 0 -1 0 0 0 -1 -1 0 1
8 0 -1 0 -1 0 0 -1 0 -1 0 0 1 0 0 0 1 -1 0 1
8 0 -1 0 -1 0 0 -1 0 1 0 0 -1 0 0 0 1 -1 0 1
8 0 -1 0 -1 0 0 -1 0 1 0 0 1 0 0 0 -1 -1 0 1
8 0 -1 0 1 0 0 1 0 -1 0 0 -1 0 0 0 -1 1 0 -1
8 0 -1 0 1 0 0 1 0 -1 0 0 1 0 0 0 1 1 0 -1
8 0 -1 0 1 0 0 1 0 1 0 0 -1 0 0 0 1 1 0 -1
8 0 -1 0 1 0 0 1 0 1 0 0 1 0 0 0 -1 1 0 -1
8 0 -1 0 -1 0 0 1 0 -1 0 0 -1 0 0 0 1 1 0 -1
8 0 -1 0 -1 0 0 1 0 -1 0 0 1 0 0 0 -1 1 0 -1
8 0 -1 0 -1 0 0 1 0 1 0 0 -1 0 0 0 -1 1 0 -1
8 0 -1 0 -1 0 0 1 0 1 0 0 1 0 0 0 1 1 0 -1
8 0 -1 0 1 0 0 -1 0 -1 0 0 -1 0 0 0 1 1 0 -1
8 0 -1 0 1 0 0 -1 0 -1 0 0 1 0 0 0 -1 1 0 -1
8 0 -1 0 1 0 0 -1 0 1 0 0 -1 0 0 0 -1 1 0 -1
8 0 -1 0 1 0 0 -1 0 1 0 0 1 0 0 0 1 1 0 -1
8 0 -1 0 -1 0 0 -1 0 -1 0 0 -1 0 0 0 -1 1 0 -1
8 0 -1 0 -1 0 0 -1 0 -1 0 0 1 0 0 0 1 1 0 -1
8 0 -1 0 -1 0 0 -1 0 1 0 0 -1 0 0 0 1 1 0 -1
8 0 -1 0 -1 0 0 -1 0 1 0 0 1 0 0 0 -1 1 0 -1
8 0 1 0 1 0 0 1 0 -1 0 0 -1 0 0 0 1 -1 0 1
8 0 1 0 1 0 0 1 0 -1 0 0 1 0 0 0 -1 -1 0 1
8 0 1 0 1 0 0 1 0 1 0 0 -1 0 0 0 -1 -1 0 1
8 0 1 0 1 0 0 1 0 1 0 0 1 0 0 0 1 -1 0 1
8 0 1 0 -1 0 0 1 0 -1 0 0 -1 0 0 0 -1 -1 0 1
8 0 1 0 -1 0 0 1 0 -1 0 0 1 0 0 0 1 -1 0 1
8 0 1 0 -1 0 0 1 0 1 0 0 -1 0 0 0 1 -1 0 1
8 0 1 0 -1 0 0 1 0 1 0 0 1 0 0 0 -1 -1 0 1
8 0 1 0 1 0 0 -1 0 -1 0 0 -1 0 0 0 -1 -1 0 1
8 0 1 0 1 0 0 -1 0 -1 0 0 1 0 0 0 1 -1 0 1
8 0 1 0 1 0 0 -1 0 1 0 0 -1 0 0 0 1 -1 0 1
8 0 1 0 1 0 0 -1 0 1 0 0 1 0 0 0 -1 -1 0 1
8 0 1 0 -1 0 0 -1 0 -1 0 0 -1 0 0 0 1 -1 0 1
8 0 1 0 -1 0 0 -1 0 -1 0 0 1 0 0 0 -1 -1 0 1
8 0 1 0 -1 0 0 -1 0 1 0 0 -1 0 0 0 -1 -1 0 1
8 0 1 0 -1 0 0 -1 0 1 0 0 1 0 0 0 1 -1 0 1
8 0 1 0 1 0 0 1 0 -1 0 0 -1 0 0 0 1 1 0 -1
8 0 1 0 1 0 0 1 0 -1 0 0 1 0 0 0 -1 1 0 -1
8 0 1 0 1 0 0 1 0 1 0 0 -1 0 0 0 -1 1 0 -1
8 0 1 0 1 0 0 1 0 1 0 0 1 0 0 0 1 1 0 -1
8 0 1 0 -1 0 0 1 0 -1 0 0 -1 0 0 0 -1 1 0 -1
8 0 1 0 -1 0 0 1 0 -1 0 0 1 0 0 0 1 1 0 -1
8 0 1 0 -1 0 0 1 0 1 0 0 -1 0 0 0 1 1 0 -1
8 0 1 0 -1 0 0 1 0 1 0 0 1 0 0 0 -1 1 0 -1
8 0 1 0 1 0 0 -1 0 -1 0 0 -1 0 0 0 -1 1 0 -1
8 0 1 0 1 0 0 -1 0 -1 0 0 1 0 0 0 1 1 0 -1
8 0 1 0 1 0 0 -1 0 1 0 0 -1 0 0 0 1 1 0 -1
8 0 1 0 1 0 0 -1 0 1 0 0 1 0 0 0 -1 1 0 -1
8 0 1 0 -1 0 0 -1 0 -1 0 0 -1 0 0 0 1 1 0 -1
8 0 1 0 -1 0 0 -1 0 -1 0 0 1 0 0 0 -1 1 0 -1
8 0 1 0 -1 0 0 -1 0 1 0 0 -1 0 0 0 -1 1 0 -1
8 0 1 0 -1 0 0 -1 0 1 0 0 1 0 0 0 1 1 0 -1
8 1 0 0 1 0 -1 0 0 -1 0 -1 -1 0 0 -1 1 0 0 0
8 1 0 0 1 0 -1 0 0 -1 0 -1 1 0 0 -1 -1 0 0 0
8 1 0 0 1 0 -1 0 0 1 0 -1 -1 0 0 -1 -1 0 0 0
8 1 0 0 1 0 -1 0 0 1 0 -1 1 0 0 -1 1 0 0 0
8 1 0 0 1 0 -1 0 0 -1 0 -1 -1 0 0 1 -1 0 0 0
8 1 0 0 1 0 -1 0 0 -1 0 -1 1 0 0 1 1 0 0 0
8 1 0 0 1 0 -1 0 0 1 0 -1 -1 0 0 1 1 0 0 0
8 1 0 0 1 0 -1 0 0 1 0 -1 1 0 0 1 -1 0 0 0
8 1 0 0 -1 0 -1 0 0 -1 0 -1 -1 0 0 -1 -1 0 0 0
8 1 0 0 -1 0 -1 0 0 -1 0 -1 1 0 0 -1 1 0 0 0
8 1 0 0 -1 0 -1 0 0 1 0 -1 -1 0 0 -1 1 0 0 0
8 1 0 0 -1 0 -1 0 0 1 0 -1 1 0 0 -1 -1 0 0 0
8 1 0 0 -1 0 -1 0 0 -1 0 -1 -1 0 0 1 1 0 0 0
8 1 0 0 -1 0 -1 0 0 -1 0 -1 1 0 0 1 -1 0 0 0
8 1 0 0 -1 0 -1 0 0 1 0 -1 -1 0 0 1 -1 0 0 0
8 1 0 0 -1 0 -1 0 0 1 0 -1 1 0 0 1 1 0 0 0
8 1 0 0 1 0 -1 0 0 -1 0 1 -1 0 0 -1 -1 0 0 0
8 1 0 0 1 0 -1 0 0 -1 0 1 1 0 0 -1 1 0 0 0
8 1 0 0 1 0 -1 0 0 1 0 1 -1 0 0 -1 1 0 0 0
8 1 0 0 1 0 -1 0 0 1 0 1 1 0 0 -1 -1 0 0 0
8 1 0 0 1 0 -1 0 0 -1 0 1 -1 0 0 1 1 0 0 0
8 1 0 0 1 0 -1 0 0 -1 0 1 1 0 0 1 -1 0 0 0
8 1 0 0 1 0 -1 0 0 1 0 1 -1 0 0 1 -1 0 0 0
8 1 0 0 1 0 -1 0 0 1 0 1 1 0 0 1 1 0 0 0
8 1 0 0 -1 0 -1 0 0 -1 0 1 -1 0 0 -1 1 0 0 0
8 1 0 0 -1 0 -1 0 0 -1 0 1 1 0 0 -1 -1 0 0 0
8 1 0 0 -1 0 -1 0 0 1 0 1 -1 0 0 -1 -1 0 0 0
8 1 0 0 -1 0 -1 0 0 1 0 1 1 0 0 -1 1 0 0 0
8 1 0 0 -1 0 -1 0 0 -1 0 1 -1 0 0 1 -1 0 0 0
8 1 0 0 -1 0 -1 0 0 -1 0 1 1 0 0 1 1 0 0 0
8 1 0 0 -1 0 -1 0 0 1 0 1 -1 0 0 1 1 0 0 0
8 1 0 0 -1 0 -1 0 0 1 0 1 1 0 0 1 -1 0 0 0
8 -1 0 0 1 0 -1 0 0 -1 0 -1 -1 0 0 -1 -1 0 0 0
8 -1 0 0 1 0 -1 0 0 -1 0 -1 1 0 0 -1 1 0 0 0
8 -1 0 0 1 0 -1 0 0 1 0 -1 -1 0 0 -1 1 0 0 0
8 -1 0 0 1 0 -1 0 0 1 0 -1 1 0 0 -1 -1 0 0 0
8 -1 0 0 1 0 -1 0 0 -1 0 -1 -1 0 0 1 1 0 0 0
8 -1 0 0 1 0 -1 0 0 -1 0 -1 1 0 0 1 -1 0 0 0
8 -1 0 0 1 0 -1 0 0 1 0 -1 -1 0 0 1 -1 0 0 0
8 -1 0 0 1 0 -1 0 0 1 0 -1 1 0 0 1 1 0 0 0
8 -1 0 0 -1 0 -1 0 0 -1 0 -1 -1 0 0 -1 1 0 0 0
8 -1 0 0 -1 0 -1 0 0 -1 0 -1 1 0 0 -1 -1 0 0 0
8 -1 0 0 -1 0 -1 0 0 1 0 -1 -1 0 0 -1 -1 0 0 0
8 -1 0 0 -1 0 -1 0 0 1 0 -1 1 0 0 -1 1 0 0 0
8 -1 0 0 -1 0 -1 0 0 -1 0 -1 -1 0 0 1 -1 0 0 0
8 -1 0 0 -1 0 -1 0 0 -1 0 -1 1 0 0 1 1 0 0 0
8 -1 0 0 -1 0 -1 0 0 1 0 -1 -1 0 0 1 1 0 0 0
8 -1 0 0 -1 0 -1 0 0 1 0 -1 1 0 0 1 -1 0 0 0
8 -1 0 0 1 0 -1 0 0 -1 0 1 -1 0 0 -1 1 0 0 0
8 -1 0 0 1 0 -1 0 0 -1 0 1 1 0 0 -1 -1 0 0 0
8 -1 0 0 1 0 -1 0 0 1 0 1 -1 0 0 -1 -1 0 0 0
8 -1 0 0 1 0 -1 0 0 1 0 1 1 0 0 -1 1 0 0 0
8 -1 0 0 1 0 -1 0 0 -1 0 1 -1 0 0 1 -1 0 0 0
8 -1 0 0 1 0 -1 0 0 -1 0 1 1 0 0 1 1 0 0 0
8 -1 0 0 1 0 -1 0 0 1 0 1 -1 0 0 1 1 0 0 0
8 -1 0 0 1 0 -1 0 0 1 0 1 1 0 0 1 -1 0 0 0
8 -1 0 0 -1 0 -1 0 0 -1 0 1 -1 0 0 -1 -1 0 0 0
8 -1 0 0 -1 0 -1 0 0 -1 0 1 1 0 0 -1 1 0 0 0
8 -1 0 0 -1 0 -1 0 0 1 0 1 -1 0 0 -1 1 0 0 0
8 -1 0 0 -1 0 -1 0 0 1 0 1 1 0 0 -1 -1 0 0 0
8 -1 0 0 -1 0 -1 0 0 -1 0 1 -1 0 0 1 1 0 0 0
8 -1 0 0 -1 0 -1 0 0 -1 0 1 1 0 0 1 -1 0 0 0
8 -1 0 0 -1 0 -1 0 0 1 0 1 -1 0 0 1 -1 0 0 0
8 -1 0 0 -1 0 -1 0 0 1 0 1 1 0 0 1 1 0 0 0
8 1 0 0 1 0 1 0 0 -1 0 -1 -1 0 0 -1 -1 0 0 0
8 1 0 0 1 0 1 0 0 -1 0 -1 1 0 0 -1 1 0 0 0
8 1 0 0 1 0 1 0 0 1 0 -1 -1 0 0 -1 1 0 0 0
8 1 0 0 1 0 1 0 0 1 0 -1 1 0 0 -1 -1 0 0 0
8 1 0 0 1 0 1 0 0 -1 0 -1 -1 0 0 1 1 0 0 0
8 1 0 0 1 0 1 0 0 -1 0 -1 1 0 0 1 -1 0 0 0
8 1 0 0 1 0 1 0 0 1 0 -1 -1 0 0 1 -1 0 0 0
8 1 0 0 1 0 1 0 0 1 0 -1 1 0 0 1 1 0 0 0
8 1 0 0 -1 0 1 0 0 -1 0 -1 -1 0 0 -1 1 0 0 0
8 1 0 0 -1 0 1 0 0 -1 0 -1 1 0 0 -1 -1 0 0 0
8 1 0 0 -1 0 1 0 0 1 0 -1 -1 0 0 -1 -1 0 0 0
8 1 0 0 -1 0 1 0 0 1 0 -1 1 0 0 -1 1 0 0 0
8 1 0 0 -1 0 1 0 0 -1 0 -1 -1 0 0 1 -1 0 0 0
8 1 0 0 -1 0 1 0 0 -1 0 -1 1 0 0 1 1 0 0 0
8 1 0 0 -1 0 1 0 0 1 0 -1 -1 0 0 1 1 0 0 0
8 1 0 0 -1 0 1 0 0 1 0 -1 1 0 0 1 -1 0 0 0
8 1 0 0 1 0 1 0 0 -1 0 1 -1 0 0 -1 1 0 0 0
8 1 0 0 1 0 1 0 0 -1 0 1 1 0 0 -1 -1 0 0 0
8 1 0 0 1 0 1 0 0 1 0 1 -1 0 0 -1 -1 0 0 0
8 1 0 0 1 0 1 0 0 1 0 1 1 0 0 -1 1 0 0 0
8 1 0 0 1 0 1 0 0 -1 0 1 -1 0 0 1 -1 0 0 0
8 1 0 0 1 0 1 0 0 -1 0 1 1 0 0 1 1 0 0 0
8 1 0 0 1 0 1 0 0 1 0 1 -1 0 0 1 1 0 0 0
8 1 0 0 1 0 1 0 0 1 0 1 1 0 0 1 -1 0 0 0
8 1 0 0 -1 0 1 0 0 -1 0 1 -1 0 0 -1 -1 0 0 0
8 1 0 0 -1 0 1 0 0 -1 0 1 1 0 0 -1 1 0 0 0
8 1 0 0 -1 0 1 0 0 1 0 1 -1 0 0 -1 1 0 0 0
8 1 0 0 -1 0 1 0 0 1 0 1 1 0 0 -1 -1 0 0 0
8 1 0 0 -1 0 1 0 0 -1 0 1 -1 0 0 1 1 0 0 0
8 1 0 0 -1 0 1 0 0 -1 0 1 1 0 0 1 -1 0 0 0
8 1 0 0 -1 0 1 0 0 1 0 1 -1 0 0 1 -1 0 0 0
8 1 0 0 -1 0 1 0 0 1 0 1 1 0 0 1 1 0 0 0
8 -1 0 0 1 0 1 0 0 -1 0 -1 -1 0 0 -1 1 0 0 0
8 -1 0 0 1 0 1 0 0 -1 0 -1 1 0 0 -1 -1 0 0 0
8 -1 0 0 1 0 1 0 0 1 0 -1 -1 0 0 -1 -1 0 0 0
8 -1 0 0 1 0 1 0 0 1 0 -1 1 0 0 -1 1 0 0 0
8 -1 0 0 1 0 1 0 0 -1 0 -1 -1 0 0 1 -1 0 0 0
8 -1 0 0 1 0 1 0 0 -1 0 -1 1 0 0 1 1 0 0 0
8 -1 0 0 1 0 1 0 0 1 0 -1 -1 0 0 1 1 0 0 0
8 -1 0 0 1 0 1 0 0 1 0 -1 1 0 0 1 -1 0 0 0
8 -1 0 0 -1 0 1 0 0 -1 0 -1 -1 0 0 -1 -1 0 0 0
8 -1 0 0 -1 0 1 0 0 -1 0 -1 1 0 0 -1 1 0 0 0
8 -1 0 0 -1 0 1 0 0 1 0 -1 -1 0 0 -1 1 0 0 0
8 -1 0 0 -1 0 1 0 0 1 0 -1 1 0 0 -1 -1 0 0 0
8 -1 0 0 -1 0 1 0 0 -1 0 -1 -1 0 0 1 1 0 0 0
8 -1 0 0 -1 0 1 0 0 -1 0 -1 1 0 0 1 -1 0 0 0
8 -1 0 0 -1 0 1 0 0 1 0 -1 -1 0 0 1 -1 0 0 0
8 -1 0 0 -1 0 1 0 0 1 0 -1 1 0 0 1 1 0 0 0
8 -1 0 0 1 0 1 0 0 -1 0 1 -1 0 0 -1 -1 0 0 0
8 -1 0 0 1 0 1 0 0 -1 0 1 1 0 0 -1 1 0 0 0
8 -1 0 0 1 0 1 0 0 1 0 1 -1 0 0 -1 1 0 0 0
8 -1 0 0 1 0 1 0 0 1 0 1 1 0 0 -1 -1 0 0 0
8 -1 0 0 1 0 1 0 0 -1 0 1 -1 0 0 1 1 0 0 0
8 -1 0 0 1 0 1 0 0 -1 0 1 1 0 0 1 -1 0 0 0
8 -1 0 0 1 0 1 0 0 1 0 1 -1 0 0 1 -1 0 0 0
8 -1 0 0 1 0 1 0 0 1 0 1 1 0 0 1 1 0 0 0
8 -1 0 0 -1 0 1 0 0 -1 0 1 -1 0 0 -1 1 0 0 0
8 -1 0 0 -1 0 1 0 0 -1 0 1 1 0 0 -1 -1 0 0 0
8 -1 0 0 -1 0 1 0 0 1 0 1 -1 0 0 -1 -1 0 0 0
8 -1 0 0 -1 0 1 0 0 1 0 1 1 0 0 -1 1 0 0 0
8 -1 0 0 -1 0 1 0 0 -1 0 1 -1 0 0 1 -1 0 0 0
8 -1 0 0 -1 0 1 0 0 -1 0 1 1 0 0 1 1 0 0 0
8 -1 0 0 -1 0 1 0 0 1 0 1 -1 0 0 1 1 0 0 0
8 -1 0 0 -1 0 1 0 0 1 0 1 1 0 0 1 -1 0 0 0
8 0 0 0 0 1 0 1 0 -1 0 0 -1 0 0 -1 -1 -1 0 -1
8 0 0 0 0 1 0 1 0 -1 0 0 1 0 0 -1 1 -1 0 -1
8 0 0 0 0 1 0 1 0 1 0 0 -1 0 0 -1 1 -1 0 -1
8 0 0 0 0 1 0 1 0 1 0 0 1 0 0 -1 -1 -1 0 -1
8 0 0 0 0 1 0 1 0 -1 0 0 -1 0 0 1 1 -1 0 -1
8 0 0 0 0 1 0 1 0 -1 0 0 1 0 0 1 -1 -1 0 -1
8 0 0 0 0 1 0 1 0 1 0 0 -1 0 0 1 -1 -1 0 -1
8 0 0 0 0 1 0 1 0 1 0 0 1 0 0 1 1 -1 0 -1
8 0 0 0 0 -1 0 1 0 -1 0 0 -1 0 0 -1 1 -1 0 -1
8 0 0 0 0 -1 0 1 0 -1 0 0 1 0 0 -1 -1 -1 0 -1
8 0 0 0 0 -1 0 1 0 1 0 0 -1 0 0 -1 -1 -1 0 -1
8 0 0 0 0 -1 0 1 0 1 0 0 1 0 0 -1 1 -1 0 -1
8 0 0 0 0 -1 0 1 0 -1 0 0 -1 0 0 1 -1 -1 0 -1
8 0 0 0 0 -1 0 1 0 -1 0 0 1 0 0 1 1 -1 0 -1
8 0 0 0 0 -1 0 1 0 1 0 0 -1 0 0 1 1 -1 0 -1
8 0 0 0 0 -1 0 1 0 1 0 0 1 0 0 1 -1 -1 0 -1
8 0 0 0 0 1 0 -1 0 -1 0 0 -1 0 0 -1 1 -1 0 -1
8 0 0 0 0 1 0 -1 0 -1 0 0 1 0 0 -1 -1 -1 0 -1
8 0 0 0 0 1 0 -1 0 1 0 0 -1 0 0 -1 -1 -1 0 -1
8 0 0 0 0 1 0 -1 0 1 0 0 1 0 0 -1 1 -1 0 -1
8 0 0 0 0 1 0 -1 0 -1 0 0 -1 0 0 1 -1 -1 0 -1
8 0 0 0 0 1 0 -1 0 -1 0 0 1 0 0 1 1 -1 0 -1
8 0 0 0 0 1 0 -1 0 1 0 0 -1 0 0 1 1 -1 0 -1
8 0 0 0 0 1 0 -1 0 1 0 0 1 0 0 1 -1 -1 0 -1
8 0 0 0 0 -1 0 -1 0 -1 0 0 -1 0 0 -1 -1 -1 0 -1
8 0 0 0 0 -1 0 -1 0 -1 0 0 1 0 0 -1 1 -1 0 -1
8 0 0 0 0 -1 0 -1 0 1 0 0 -1 0 0 -1 1 -1 0 -1
8 0 0 0 0 -1 0 -1 0 1 0 0 1 0 0 -1 -1 -1 0 -1
8 0 0 0 0 -1 0 -1 0 -1 0 0 -1 0 0 1 1 -1 0 -1
8 0 0 0 0 -1 0 -1 0 -1 0 0 1 0 0 1 -1 -1 0 -1
8 0 0 0 0 -1 0 -1 0 1 0 0 -1 0 0 1 -1 -1 0 -1
8 0 0 0 0 -1 0 -1 0 1 0 0 1 0 0 1 1 -1 0 -1
8 0 0 0 0 1 0 1 0 -1 0 0 -1 0 0 -1 -1 1 0 1
8 0 0 0 0 1 0 1 0 -1 0 0 1 0 0 -1 1 1 0 1
8 0 0 0 0 1 0 1 0 1 0 0 -1 0 0 -1 1 1 0 1
8 0 0 0 0 1 0 1 0 1 0 0 1 0 0 -1 -1 1 0 1
8 0 0 0 0 1 0 1 0 -1 0 0 -1 0 0 1 1 1 0 1
8 0 0 0 0 1 0 1 0 -1 0 0 1 0 0 1 -1 1 0 1
8 0 0 0 0 1 0 1 0 1 0 0 -1 0 0 1 -1 1 0 1
8 0 0 0 0 1 0 1 0 1 0 0 1 0 0 1 1 1 0 1
8 0 0 0 0 -1 0 1 0 -1 0 0 -1 0 0 -1 1 1 0 1
8 0 0 0 0 -1 0 1 0 -1 0 0 1 0 0 -1 -1 1 0 1
8 0 0 0 0 -1 0 1 0 1 0 0 -1 0 0 -1 -1 1 0 1
8 0 0 0 0 -1 0 1 0 1 0 0 1 0 0 -1 1 1 0 1
8 0 0 0 0 -1 0 1 0 -1 0 0 -1 0 0 1 -1 1 0 1
8 0 0 0 0 -1 0 1 0 -1 0 0 1 0 0 1 1 1 0 1
8 0 0 0 0 -1 0 1 0 1 0 0 -1 0 0 1 1 1 0 1
8 0 0 0 0 -1 0 1 0 1 0 0 1 0 0 1 -1 1 0 1
8 0 0 0 0 1 0 -1 0 -1 0 0 -1 0 0 -1 1 1 0 1
8 0 0 0 0 1 0 -1 0 -1 0 0 1 0 0 -1 -1 1 0 1
8 0 0 0 0 1 0 -1 0 1 0 0 -1 0 0 -1 -1 1 0 1
8 0 0 0 0 1 0 -1 0 1 0 0 1 0 0 -1 1 1 0 1
8 0 0 0 0 1 0 -1 0 -1 0 0 -1 0 0 1 -1 1 0 1
8 0 0 0 0 1 0 -1 0 -1 0 0 1 0 0 1 1 1 0 1
8 0 0 0 0 1 0 -1 0 1 0 0 -1 0 0 1 1 1 0 1
8 0 0 0 0 1 0 -1 0 1 0 0 1 0 0 1 -1 1 0 1
8 0 0 0 0 -1 0 -1 0 -1 0 0 -1 0 0 -1 -1 1 0 1
8 0 0 0 0 -1 0 -1 0 -1 0 0 1 0 0 -1 1 1 0 1
8 0 0 0 0 -1 0 -1 0 1 0 0 -1 0 0 -1 1 1 0 1
8 0 0 0 0 -1 0 -1 0 1 0 0 1 0 0 -1 -1 1 0 1
8 0 0 0 0 -1 0 -1 0 -1 0 0 -1 0 0 1 1 1 0 1
8 0 0 0 0 -1 0 -1 0 -1 0 0 1 0 0 1 -1 1 0 1
8 0 0 0 0 -1 0 -1 0 1 0 0 -1 0 0 1 -1 1 0 1
8 0 0 0 0 -1 0 -1 0 1 0 0 1 0 0 1 1 1 0 1
8 0 0 1 0 0 -1 0 1 0 -1 0 0 -1 0 0 -1 -1 1 0
8 0 0 1 0 0 -1 0 1 0 1 0 0 -1 0 0 1 -1 1 0
8 0 0 1 0 0 -1 0 1 0 -1 0 0 -1 0 0 -1 1 -1 0
8 0 0 1 0 0 -1 0 1 0 1 0 0 -1 0 0 1 1 -1 0
8 0 0 1 0 0 -1 0 1 0 -1 0 0 1 0 0 1 -1 1 0
8 0 0 1 0 0 -1 0 1 0 1 0 0 1 0 0 -1 -1 1 0
8 0 0 1 0 0 -1 0 1 0 -1 0 0 1 0 0 1 1 -1 0
8 0 0 1 0 0 -1 0 1 0 1 0 0 1 0 0 -1 1 -1 0
8 0 0 -1 0 0 -1 0 1 0 -1 0 0 -1 0 0 1 -1 1 0
8 0 0 -1 0 0 -1 0 1 0 1 0 0 -1 0 0 -1 -1 1 0
8 0 0 -1 0 0 -1 0 1 0 -1 0 0 -1 0 0 1 1 -1 0
8 0 0 -1 0 0 -1 0 1 0 1 0 0 -1 0 0 -1 1 -1 0
8 0 0 -1 0 0 -1 0 1 0 -1 0 0 1 0 0 -1 -1 1 0
8 0 0 -1 0 0 -1 0 1 0 1 0 0 1 0 0 1 -1 1 0
8 0 0 -1 0 0 -1 0 1 0 -1 0 0 1 0 0 -1 1 -1 0
8 0 0 -1 0 0 -1 0 1 0 1 0 0 1 0 0 1 1 -1 0
8 0 0 1 0 0 -1 0 -1 0 -1 0 0 -1 0 0 1 -1 1 0
8 0 0 1 0 0 -1 0 -1 0 1 0 0 -1 0 0 -1 -1 1 0
8 0 0 1 0 0 -1 0 -1 0 -1 0 0 -1 0 0 1 1 -1 0
8 0 0 1 0 0 -1 0 -1 0 1 0 0 -1 0 0 -1 1 -1 0
8 0 0 1 0 0 -1 0 -1 0 -1 0 0 1 0 0 -1 -1 1 0
8 0 0 1 0 0 -1 0 -1 0 1 0 0 1 0 0 1 -1 1 0
8 0 0 1 0 0 -1 0 -1 0 -1 0 0 1 0 0 -1 1 -1 0
8 0 0 1 0 0 -1 0 -1 0 1 0 0 1 0 0 1 1 -1 0
8 0 0 -1 0 0 -1 0 -1 0 -1 0 0 -1 0 0 -1 -1 1 0
8 0 0 -1 0 0 -1 0 -1 0 1 0 0 -1 0 0 1 -1 1 0
8 0 0 -1 0 0 -1 0 -1 0 -1 0 0 -1 0 0 -1 1 -1 0
8 0 0 -1 0 0 -1 0 -1 0 1 0 0 -1 0 0 1 1 -1 0
8 0 0 -1 0 0 -1 0 -1 0 -1 0 0 1 0 0 1 -1 1 0
8 0 0 -1 0 0 -1 0 -1 0 1 0 0 1 0 0 -1 -1 1 0
8 0 0 -1 0 0 -1 0 -1 0 -1 0 0 1 0 0 1 1 -1 0
8 0 0 -1 0 0 -1 0 -1 0 1 0 0 1 0 0 -1 1 -1 0
8 0 0 1 0 0 1 0 1 0 -1 0 0 -1 0 0 1 -1 1 0
8 0 0 1 0 0 1 0 1 0 1 0 0 -1 0 0 -1 -1 1 0
8 0 0 1 0 0 1 0 1 0 -1 0 0 -1 0 0 1 1 -1 0
8 0 0 1 0 0 1 0 1 0 1 0 0 -1 0 0 -1 1 -1 0
8 0 0 1 0 0 1 0 1 0 -1 0 0 1 0 0 -1 -1 1 0
8 0 0 1 0 0 1 0 1 0 1 0 0 1 0 0 1 -1 1 0
8 0 0 1 0 0 1 0 1 0 -1 0 0 1 0 0 -1 1 -1 0
8 0 0 1 0 0 1 0 1 0 1 0 0 1 0 0 1 1 -1 0
8 0 0 -1 0 0 1 0 1 0 -1 0 0 -1 0 0 -1 -1 1 0
8 0 0 -1 0 0 1 0 1 0 1 0 0 -1 0 0 1 -1 1 0
8 0 0 -1 0 0 1 0 1 0 -1 0 0 -1 0 0 -1 1 -1 0
8 0 0 -1 0 0 1 0 1 0 1 0 0 -1 0 0 1 1 -1 0
8 0 0 -1 0 0 1 0 1 0 -1 0 0 1 0 0 1 -1 1 0
8 0 0 -1 0 0 1 0 1 0 1 0 0 1 0 0 -1 -1 1 0
8 0 0 -1 0 0 1 0 1 0 -1 0 0 1 0 0 1 1 -1 0
8 0 0 -1 0 0 1 0 1 0 1 0 0 1 0 0 -1 1 -1 0
8 0 0 1 0 0 1 0 -1 0 -1 0 0 -1 0 0 -1 -1 1 0
8 0 0 1 0 0 1 0 -1 0 1 0 0 -1 0 0 1 -1 1 0
8 0 0 1 0 0 1 0 -1 0 -1 0 0 -1 0 0 -1 1 -1 0
8 0 0 1 0 0 1 0 -1 0 1 0 0 -1 0 0 1 1 -1 0
8 0 0 1 0 0 1 0 -1 0 -1 0 0 1 0 0 1 -1 1 0
8 0 0 1 0 0 1 0 -1 0 1 0 0 1 0 0 -1 -1 1 0
8 0 0 1 0 0 1 0 -1 0 -1 0 0 1 0 0 1 1 -1 0
8 0 0 1 0 0 1 0 -1 0 1 0 0 1 0 0 -1 1 -1 0
8 0 0 -1 0 0 1 0 -1 0 -1 0 0 -1 0 0 1 -1 1 0
8 0 0 -1 0 0 1 0 -1 0 1 0 0 -1 0 0 -1 -1 1 0
8 0 0 -1 0 0 1 0 -1 0 -1 0 0 -1 0 0 1 1 -1 0
8 0 0 -1 0 0 1 0 -1 0 1 0 0 -1 0 0 -1 1 -1 0
8 0 0 -1 0 0 1 0 -1 0 -1 0 0 1 0 0 -1 -1 1 0
8 0 0 -1 0 0 1 0 -1 0 1 0 0 1 0 0 1 -1 1 0
8 0 0 -1 0 0 1 0 -1 0 -1 0 0 1 0 0 -1 1 -1 0
8 0 0 -1 0 0 1 0 -1 0 1 0 0 1 0 0 1 1 -1 0
8 0 0 0 1 1 -1 0 0 0 -1 -1 0 0 0 0 -1 -1 0 1
8 0 0 0 1 1 -1 0 0 0 1 -1 0 0 0 0 1 -1 0 1
8 0 0 0 -1 1 -1 0 0 0 -1 -1 0 0 0 0 1 -1 0 1
8 0 0 0 -1 1 -1 0 0 0 1 -1 0 0 0 0 -1 -1 0 1
8 0 0 0 1 -1 -1 0 0 0 -1 -1 0 0 0 0 1 -1 0 1
8 0 0 0 1 -1 -1 0 0 0 1 -1 0 0 0 0 -1 -1 0 1
8 0 0 0 -1 -1 -1 0 0 0 -1 -1 0 0 0 0 -1 -1 0 1
8 0 0 0 -1 -1 -1 0 0 0 1 -1 0 0 0 0 1 -1 0 1
8 0 0 0 1 1 -1 0 0 0 -1 1 0 0 0 0 1 -1 0 1
8 0 0 0 1 1 -1 0 0 0 1 1 0 0 0 0 -1 -1 0 1
8 0 0 0 -1 1 -1 0 0 0 -1 1 0 0 0 0 -1 -1 0 1
8 0 0 0 -1 1 -1 0 0 0 1 1 0 0 0 0 1 -1 0 1
8 0 0 0 1 -1 -1 0 0 0 -1 1 0 0 0 0 -1 -1 0 1
8 0 0 0 1 -1 -1 0 0 0 1 1 0 0 0 0 1 -1 0 1
8 0 0 0 -1 -1 -1 0 0 0 -1 1 0 0 0 0 1 -1 0 1
8 0 0 0 -1 -1 -1 0 0 0 1 1 0 0 0 0 -1 -1 0 1
8 0 0 0 1 1 -1 0 0 0 -1 -1 0 0 0 0 -1 1 0 -1
8 0 0 0 1 1 -1 0 0 0 1 -1 0 0 0 0 1 1 0 -1
8 0 0 0 -1 1 -1 0 0 0 -1 -1 0 0 0 0 1 1 0 -1
8 0 0 0 -1 1 -1 0 0 0 1 -1 0 0 0 0 -1 1 0 -1
8 0 0 0 1 -1 -1 0 0 0 -1 -1 0 0 0 0 1 1 0 -1
8 0 0 0 1 -1 -1 0 0 0 1 -1 0 0 0 0 -1 1 0 -1
8 0 0 0 -1 -1 -1 0 0 0 -1 -1 0 0 0 0 -1 1 0 -1
8 0 0 0 -1 -1 -1 0 0 0 1 -1 0 0 0 0 1 1 0 -1
8 0 0 0 1 1 -1 0 0 0 -1 1 0 0 0 0 1 1 0 -1
8 0 0 0 1 1 -1 0 0 0 1 1 0 0 0 0 -1 1 0 -1
8 0 0 0 -1 1 -1 0 0 0 -1 1 0 0 0 0 -1 1 0 -1
8 0 0 0 -1 1 -1 0 0 0 1 1 0 0 0 0 1 1 0 -1
8 0 0 0 1 -1 -1 0 0 0 -1 1 0 0 0 0 -1 1 0 -1
8 0 0 0 1 -1 -1 0 0 0 1 1 0 0 0 0 1 1 0 -1
8 0 0 0 -1 -1 -1 0 0 0 -1 1 0 0 0 0 1 1 0 -1
8 0 0 0 -1 -1 -1 0 0 0 1 1 0 0 0 0 -1 1 0 -1
8 0 0 0 1 1 1 0 0 0 -1 -1 0 0 0 0 1 -1 0 1
8 0 0 0 1 1 1 0 0 0 1 -1 0 0 0 0 -1 -1 0 1
8 0 0 0 -1 1 1 0 0 0 -1 -1 0 0 0 0 -1 -1 0 1
8 0 0 0 -1 1 1 0 0 0 1 -1 0 0 0 0 1 -1 0 1
8 0 0 0 1 -1 1 0 0 0 -1 -1 0 0 0 0 -1 -1 0 1
8 0 0 0 1 -1 1 0 0 0 1 -1 0 0 0 0 1 -1 0 1
8 0 0 0 -1 -1 1 0 0 0 -1 -1 0 0 0 0 1 -1 0 1
8 0 0 0 -1 -1 1 0 0 0 1 -1 0 0 0 0 -1 -1 0 1
8 0 0 0 1 1 1 0 0 0 -1 1 0 0 0 0 -1 -1 0 1
8 0 0 0 1 1 1 0 0 0 1 1 0 0 0 0 1 -1 0 1
8 0 0 0 -1 1 1 0 0 0 -1 1 0 0 0 0 1 -1 0 1
8 0 0 0 -1 1 1 0 0 0 1 1 0 0 0 0 -1 -1 0 1
8 0 0 0 1 -1 1 0 0 0 -1 1 0 0 0 0 1 -1 0 1
8 0 0 0 1 -1 1 0 0 0 1 1 0 0 0 0 -1 -1 0 1
8 0 0 0 -1 -1 1 0 0 0 -1 1 0 0 0 0 -1 -1 0 1
8 0 0 0 -1 -1 1 0 0 0 1 1 0 0 0 0 1 -1 0 1
8 0 0 0 1 1 1 0 0 0 -1 -1 0 0 0 0 1 1 0 -1
8 0 0 0 1 1 1 0 0 0 1 -1 0 0 0 0 -1 1 0 -1
8 0 0 0 -1 1 1 0 0 0 -1 -1 0 0 0 0 -1 1 0 -1
8 0 0 0 -1 1 1 0 0 0 1 -1 0 0 0 0 1 1 0 -1
8 0 0 0 1 -1 1 0 0 0 -1 -1 0 0 0 0 -1 1 0 -1
8 0 0 0 1 -1 1 0 0 0 1 -1 0 0 0 0 1 1 0 -1
8 0 0 0 -1 -1 1 0 0 0 -1 -1 0 0 0 0 1 1 0 -1
8 0 0 0 -1 -1 1 0 0 0 1 -1 0 0 0 0 -1 1 0 -1
8 0 0 0 1 1 1 0 0 0 -1 1 0 0 0 0 -1 1 0 -1
8 0 0 0 1 1 1 0 0 0 1 1 0 0 0 0 1 1 0 -1
8 0 0 0 -1 1 1 0 0 0 -1 1 0 0 0 0 1 1 0 -1
8 0 0 0 -1 1 1 0 0 0 1 1 0 0 0 0 -1 1 0 -1
8 0 0 0 1 -1 1 0 0 0 -1 1 0 0 0 0 1 1 0 -1
8 0 0 0 1 -1 1 0 0 0 1 1 0 0 0 0 -1 1 0 -1
8 0 0 0 -1 -1 1 0 0 0 -1 1 0 0 0 0 -1 1 0 -1
8 0 0 0 -1 -1 1 0 0 0 1 1 0 0 0 0 1 1 0 -1
8 1 -1 0 1 1 0 1 0 0 -1 0 0 0 0 -1 1 0 0 0
8 1 -1 0 1 1 0 1 0 0 1 0 0 0 0 -1 -1 0 0 0
8 1 -1 0 1 1 0 1 0 0 -1 0 0 0 0 1 -1 0 0 0
8 1 -1 0 1 1 0 1 0 0 1 0 0 0 0 1 1 0 0 0
8 1 -1 0 -1 1 0 1 0 0 -1 0 0 0 0 -1 -1 0 0 0
8 1 -1 0 -1 1 0 1 0 0 1 0 0 0 0 -1 1 0 0 0
8 1 -1 0 -1 1 0 1 0 0 -1 0 0 0 0 1 1 0 0 0
8 1 -1 0 -1 1 0 1 0 0 1 0 0 0 0 1 -1 0 0 0
8 1 -1 0 1 -1 0 1 0 0 -1 0 0 0 0 -1 -1 0 0 0
8 1 -1 0 1 -1 0 1 0 0 1 0 0 0 0 -1 1 0 0 0
8 1 -1 0 1 -1 0 1 0 0 -1 0 0 0 0 1 1 0 0 0
8 1 -1 0 1 -1 0 1 0 0 1 0 0 0 0 1 -1 0 0 0
8 1 -1 0 -1 -1 0 1 0 0 -1 0 0 0 0 -1 1 0 0 0
8 1 -1 0 -1 -1 0 1 0 0 1 0 0 0 0 -1 -1 0 0 0
8 1 -1 0 -1 -1 0 1 0 0 -1 0 0 0 0 1 -1 0 0 0
8 1 -1 0 -1 -1 0 1 0 0 1 0 0 0 0 1 1 0 0 0
8 1 -1 0 1 1 0 -1 0 0 -1 0 0 0 0 -1 -1 0 0 0
8 1 -1 0 1 1 0 -1 0 0 1 0 0 0 0 -1 1 0 0 0
8 1 -1 0 1 1 0 -1 0 0 -1 0 0 0 0 1 1 0 0 0
8 1 -1 0 1 1 0 -1 0 0 1 0 0 0 0 1 -1 0 0 0
8 1 -1 0 -1 1 0 -1 0 0 -1 0 0 0 0 -1 1 0 0 0
8 1 -1 0 -1 1 0 -1 0 0 1 0 0 0 0 -1 -1 0 0 0
8 1 -1 0 -1 1 0 -1 0 0 -1 0 0 0 0 1 -1 0 0 0
8 1 -1 0 -1 1 0 -1 0 0 1 0 0 0 0 1 1 0 0 0
8 1 -1 0 1 -1 0 -1 0 0 -1 0 0 0 0 -1 1 0 0 0
8 1 -1 0 1 -1 0 -1 0 0 1 0 0 0 0 -1 -1 0 0 0
8 1 -1 0 1 -1 0 -1 0 0 -1 0 0 0 0 1 -1 0 0 0
8 1 -1 0 1 -1 0 -1 0 0 1 0 0 0 0 1 1 0 0 0
8 1 -1 0 -1 -1 0 -1 0 0 -1 0 0 0 0 -1 -1 0 0 0
8 1 -1 0 -1 -1 0 -1 0 0 1 0 0 0 0 -1 1 0 0 0
8 1 -1 0 -1 -1 0 -1 0 0 -1 0 0 0 0 1 1 0 0 0
8 1 -1 0 -1 -1 0 -1 0 0 1 0 0 0 0 1 -1 0 0 0
8 -1 -1 0 1 1 0 1 0 0 -1 0 0 0 0 -1 -1 0 0 0
8 -1 -1 0 1 1 0 1 0 0 1 0 0 0 0 -1 1 0 0 0
8 -1 -1 0 1 1 0 1 0 0 -1 0 0 0 0 1 1 0 0 0
8 -1 -1 0 1 1 0 1 0 0 1 0 0 0 0 1 -1 0 0 0
8 -1 -1 0 -1 1 0 1 0 0 -1 0 0 0 0 -1 1 0 0 0
8 -1 -1 0 -1 1 0 1 0 0 1 0 0 0 0 -1 -1 0 0 0
8 -1 -1 0 -1 1 0 1 0 0 -1 0 0 0 0 1 -1 0 0 0
8 -1 -1 0 -1 1 0 1 0 0 1 0 0 0 0 1 1 0 0 0
8 -1 -1 0 1 -1 0 1 0 0 -1 0 0 0 0 -1 1 0 0 0
8 -1 -1 0 1 -1 0 1 0 0 1 0 0 0 0 -1 -1 0 0 0
8 -1 -1 0 1 -1 0 1 0 0 -1 0 0 0 0 1 -1 0 0 0
8 -1 -1 0 1 -1 0 1 0 0 1 0 0 0 0 1 1 0 0 0
8 -1 -1 0 -1 -1 0 1 0 0 -1 0 0 0 0 -1 -1 0 0 0
8 -1 -1 0 -1 -1 0 1 0 0 1 0 0 0 0 -1 1 0 0 0
8 -1 -1 0 -1 -1 0 1 0 0 -1 0 0 0 0 1 1 0 0 0
8 -1 -1 0 -1 -1 0 1 0 0 1 0 0 0 0 1 -1 0 0 0
8 -1 -1 0 1 1 0 -1 0 0 -1 0 0 0 0 -1 1 0 0 0
8 -1 -1 0 1 1 0 -1 0 0 1 0 0 0 0 -1 -1 0 0 0
8 -1 -1 0 1 1 0 -1 0 0 -1 0 0 0 0 1 -1 0 0 0
8 -1 -1 0 1 1 0 -1 0 0 1 0 0 0 0 1 1 0 0 0
8 -1 -1 0 -1 1 0 -1 0 0 -1 0 0 0 0 -1 -1 0 0 0
8 -1 -1 0 -1 1 0 -1 0 0 1 0 0 0 0 -1 1 0 0 0
8 -1 -1 0 -1 1 0 -1 0 0 -1 0 0 0 0 1 1 0 0 0
8 -1 -1 0 -1 1 0 -1 0 0 1 0 0 0 0 1 -1 0 0 0
8 -1 -1 0 1 -1 0 -1 0 0 -1 0 0 0 0 -1 -1 0 0 0
8 -1 -1 0 1 -1 0 -1 0 0 1 0 0 0 0 -1 1 0 0 0
8 -1 -1 0 1 -1 0 -1 0 0 -1 0 0 0 0 1 1 0 0 0
8 -1 -1 0 1 -1 0 -1 0 0 1 0 0 0 0 1 -1 0 0 0
8 -1 -1 0 -1 -1 0 -1 0 0 -1 0 0 0 0 -1 1 0 0 0
8 -1 -1 0 -1 -1 0 -1 0 0 1 0 0 0 0 -1 -1 0 0 0
8 -1 -1 0 -1 -1 0 -1 0 0 -1 0 0 0 0 1 -1 0 0 0
8 -1 -1 0 -1 -1 0 -1 0 0 1 0 0 0 0 1 1 0 0 0
8 1 1 0 1 1 0 1 0 0 -1 0 0 0 0 -1 -1 0 0 0
8 1 1 0 1 1 0 1 0 0 1 0 0 0 0 -1 1 0 0 0
8 1 1 0 1 1 0 1 0 0 -1 0 0 0 0 1 1 0 0 0
8 1 1 0 1 1 0 1 0 0 1 0 0 0 0 1 -1 0 0 0
8 1 1 0 -1 1 0 1 0 0 -1 0 0 0 0 -1 1 0 0 0
8 1 1 0 -1 1 0 1 0 0 1 0 0 0 0 -1 -1 0 0 0
8 1 1 0 -1 1 0 1 0 0 -1 0 0 0 0 1 -1 0 0 0
8 1 1 0 -1 1 0 1 0 0 1 0 0 0 0 1 1 0 0 0
8 1 1 0 1 -1 0 1 0 0 -1 0 0 0 0 -1 1 0 0 0
8 1 1 0 1 -1 0 1 0 0 1 0 0 0 0 -1 -1 0 0 0
8 1 1 0 1 -1 0 1 0 0 -1 0 0 0 0 1 -1 0 0 0
8 1 1 0 1 -1 0 1 0 0 1 0 0 0 0 1 1 0 0 0
8 1 1 0 -1 -1 0 1 0 0 -1 0 0 0 0 -1 -1 0 0 0
8 1 1 0 -1 -1 0 1 0 0 1 0 0 0 0 -1 1 0 0 0
8 1 1 0 -1 -1 0 1 0 0 -1 0 0 0 0 1 1 0 0 0
8 1 1 0 -1 -1 0 1 0 0 1 0 0 0 0 1 -1 0 0 0
8 1 1 0 1 1 0 -1 0 0 -1 0 0 0 0 -1 1 0 0 0
8 1 1 0 1 1 0 -1 0 0 1 0 0 0 0 -1 -1 0 0 0
8 1 1 0 1 1 0 -1 0 0 -1 0 0 0 0 1 -1 0 0 0
8 1 1 0 1 1 0 -1 0 0 1 0 0 0 0 1 1 0 0 0
8 1 1 0 -1 1 0 -1 0 0 -1 0 0 0 0 -1 -1 0 0 0
8 1 1 0 -1 1 0 -1 0 0 1 0 0 0 0 -1 1 0 0 0
8 1 1 0 -1 1 0 -1 0 0 -1 0 0 0 0 1 1 0 0 0
8 1 1 0 -1 1 0 -1 0 0 1 0 0 0 0 1 -1 0 0 0
8 1 1 0 1 -1 0 -1 0 0 -1 0 0 0 0 -1 -1 0 0 0
8 1 1 0 1 -1 0 -1 0 0 1 0 0 0 0 -1 1 0 0 0
8 1 1 0 1 -1 0 -1 0 0 -1 0 0 0 0 1 1 0 0 0
8 1 1 0 1 -1 0 -1 0 0 1 0 0 0 0 1 -1 0 0 0
8 1 1 0 -1 -1 0 -1 0 0 -1 0 0 0 0 -1 1 0 0 0
8 1 1 0 -1 -1 0 -1 0 0 1 0 0 0 0 -1 -1 0 0 0
8 1 1 0 -1 -1 0 -1 0 0 -1 0 0 0 0 1 -1 0 0 0
8 1 1 0 -1 -1 0 -1 0 0 1 0 0 0 0 1 1 0 0 0
8 -1 1 0 1 1 0 1 0 0 -1 0 0 0 0 -1 1 0 0 0
8 -1 1 0 1 1 0 1 0 0 1 0 0 0 0 -1 -1 0 0 0
8 -1 1 0 1 1 0 1 0 0 -1 0 0 0 0 1 -1 0 0 0
8 -1 1 0 1 1 0 1 0 0 1 0 0 0 0 1 1 0 0 0
8 -1 1 0 -1 1 0 1 0 0 -1 0 0 0 0 -1 -1 0 0 0
8 -1 1 0 -1 1 0 1 0 0 1 0 0 0 0 -1 1 0 0 0
8 -1 1 0 -1 1 0 1 0 0 -1 0 0 0 0 1 1 0 0 0
8 -1 1 0 -1 1 0 1 0 0 1 0 0 0 0 1 -1 0 0 0
8 -1 1 0 1 -1 0 1 0 0 -1 0 0 0 0 -1 -1 0 0 0
8 -1 1 0 1 -1 0 1 0 0 1 0 0 0 0 -1 1 0 0 0
8 -1 1 0 1 -1 0 1 0 0 -1 0 0 0 0 1 1 0 0 0
8 -1 1 0 1 -1 0 1 0 0 1 0 0 0 0 1 -1 0 0 0
8 -1 1 0 -1 -1 0 1 0 0 -1 0 0 0 0 -1 1 0 0 0
8 -1 1 0 -1 -1 0 1 0 0 1 0 0 0 0 -1 -1 0 0 0
8 -1 1 0 -1 -1 0 1 0 0 -1 0 0 0 0 1 -1 0 0 0
8 -1 1 0 -1 -1 0 1 0 0 1 0 0 0 0 1 1 0 0 0
8 -1 1 0 1 1 0 -1 0 0 -1 0 0 0 0 -1 -1 0 0 0
8 -1 1 0 1 1 0 -1 0 0 1 0 0 0 0 -1 1 0 0 0
8 -1 1 0 1 1 0 -1 0 0 -1 0 0 0 0 1 1 0 0 0
8 -1 1 0 1 1 0 -1 0 0 1 0 0 0 0 1 -1 0 0 0
8 -1 1 0 -1 1 0 -1 0 0 -1 0 0 0 0 -1 1 0 0 0
8 -1 1 0 -1 1 0 -1 0 0 1 0 0 0 0 -1 -1 0 0 0
8 -1 1 0 -1 1 0 -1 0 0 -1 0 0 0 0 1 -1 0 0 0
8 -1 1 0 -1 1 0 -1 0 0 1 0 0 0 0 1 1 0 0 0
8 -1 1 0 1 -1 0 -1 0 0 -1 0 0 0 0 -1 1 0 0 0
8 -1 1 0 1 -1 0 -1 0 0 1 0 0 0 0 -1 -1 0 0 0
8 -1 1 0 1 -1 0 -1 0 0 -1 0 0 0 0 1 -1 0 0 0
8 -1 1 0 1 -1 0 -1 0 0 1 0 0 0 0 1 1 0 0 0
8 -1 1 0 -1 -1 0 -1 0 0 -1 0 0 0 0 -1 -1 0 0 0
8 -1 1 0 -1 -1 0 -1 0 0 1 0 0 0 0 -1 1 0 0 0
8 -1 1 0 -1 -1 0 -1 0 0 -1 0 0 0 0 1 1 0 0 0
8 -1 1 0 -1 -1 0 -1 0 0 1 0 0 0 0 1 -1 0 0 0
8 0 -1 0 0 0 -1 0 0 0 -1 -1 0 0 0 -1 -1 -1 0 -1
8 0 -1 0 0 0 -1 0 0 0 1 -1 0 0 0 -1 1 -1 0 -1
8 0 -1 0 0 0 -1 0 0 0 -1 -1 0 0 0 1 1 -1 0 -1
8 0 -1 0 0 0 -1 0 0 0 1 -1 0 0 0 1 -1 -1 0 -1
8 0 -1 0 0 0 -1 0 0 0 -1 1 0 0 0 -1 1 -1 0 -1
8 0 -1 0 0 0 -1 0 0 0 1 1 0 0 0 -1 -1 -1 0 -1
8 0 -1 0 0 0 -1 0 0 0 -1 1 0 0 0 1 -1 -1 0 -1
8 0 -1 0 0 0 -1 0 0 0 1 1 0 0 0 1 1 -1 0 -1
8 0 1 0 0 0 -1 0 0 0 -1 -1 0 0 0 -1 1 -1 0 -1
8 0 1 0 0 0 -1 0 0 0 1 -1 0 0 0 -1 -1 -1 0 -1
8 0 1 0 0 0 -1 0 0 0 -1 -1 0 0 0 1 -1 -1 0 -1
8 0 1 0 0 0 -1 0 0 0 1 -1 0 0 0 1 1 -1 0 -1
8 0 1 0 0 0 -1 0 0 0 -1 1 0 0 0 -1 -1 -1 0 -1
8 0 1 0 0 0 -1 0 0 0 1 1 0 0 0 -1 1 -1 0 -1
8 0 1 0 0 0 -1 0 0 0 -1 1 0 0 0 1 1 -1 0 -1
8 0 1 0 0 0 -1 0 0 0 1 1 0 0 0 1 -1 -1 0 -1
8 0 -1 0 0 0 -1 0 0 0 -1 -1 0 0 0 -1 -1 1 0 1
8 0 -1 0 0 0 -1 0 0 0 1 -1 0 0 0 -1 1 1 0 1
8 0 -1 0 0 0 -1 0 0 0 -1 -1 0 0 0 1 1 1 0 1
8 0 -1 0 0 0 -1 0 0 0 1 -1 0 0 0 1 -1 1 0 1
8 0 -1 0 0 0 -1 0 0 0 -1 1 0 0 0 -1 1 1 0 1
8 0 -1 0 0 0 -1 0 0 0 1 1 0 0 0 -1 -1 1 0 1
8 0 -1 0 0 0 -1 0 0 0 -1 1 0 0 0 1 -1 1 0 1
8 0 -1 0 0 0 -1 0 0 0 1 1 0 0 0 1 1 1 0 1
8 0 1 0 0 0 -1 0 0 0 -1 -1 0 0 0 -1 1 1 0 1
8 0 1 0 0 0 -1 0 0 0 1 -1 0 0 0 -1 -1 1 0 1
8 0 1 0 0 0 -1 0 0 0 -1 -1 0 0 0 1 -1 1 0 1
8 0 1 0 0 0 -1 0 0 0 1 -1 0 0 0 1 1 1 0 1
8 0 1 0 0 0 -1 0 0 0 -1 1 0 0 0 -1 -1 1 0 1
8 0 1 0 0 0 -1 0 0 0 1 1 0 0 0 -1 1 1 0 1
8 0 1 0 0 0 -1 0 0 0 -1 1 0 0 0 1 1 1 0 1
8 0 1 0 0 0 -1 0 0 0 1 1 0 0 0 1 -1 1 0 1
8 0 -1 0 0 0 1 0 0 0 -1 -1 0 0 0 -1 1 -1 0 -1
8 0 -1 0 0 0 1 0 0 0 1 -1 0 0 0 -1 -1 -1 0 -1
8 0 -1 0 0 0 1 0 0 0 -1 -1 0 0 0 1 -1 -1 0 -1
8 0 -1 0 0 0 1 0 0 0 1 -1 0 0 0 1 1 -1 0 -1
8 0 -1 0 0 0 1 0 0 0 -1 1 0 0 0 -1 -1 -1 0 -1
8 0 -1 0 0 0 1 0 0 0 1 1 0 0 0 -1 1 -1 0 -1
8 0 -1 0 0 0 1 0 0 0 -1 1 0 0 0 1 1 -1 0 -1
8 0 -1 0 0 0 1 0 0 0 1 1 0 0 0 1 -1 -1 0 -1
8 0 1 0 0 0 1 0 0 0 -1 -1 0 0 0 -1 -1 -1 0 -1
8 0 1 0 0 0 1 0 0 0 1 -1 0 0 0 -1 1 -1 0 -1
8 0 1 0 0 0 1 0 0 0 -1 -1 0 0 0 1 1 -1 0 -1
8 0 1 0 0 0 1 0 0 0 1 -1 0 0 0 1 -1 -1 0 -1
8 0 1 0 0 0 1 0 0 0 -1 1 0 0 0 -1 1 -1 0 -1
8 0 1 0 0 0 1 0 0 0 1 1 0 0 0 -1 -1 -1 0 -1
8 0 1 0 0 0 1 0 0 0 -1 1 0 0 0 1 -1 -1 0 -1
8 0 1 0 0 0 1 0 0 0 1 1 0 0 0 1 1 -1 0 -1
8 0 -1 0 0 0 1 0 0 0 -1 -1 0 0 0 -1 1 1 0 1
8 0 -1 0 0 0 1 0 0 0 1 -1 0 0 0 -1 -1 1 0 1
8 0 -1 0 0 0 1 0 0 0 -1 -1 0 0 0 1 -1 1 0 1
8 0 -1 0 0 0 1 0 0 0 1 -1 0 0 0 1 1 1 0 1
8 0 -1 0 0 0 1 0 0 0 -1 1 0 0 0 -1 -1 1 0 1
8 0 -1 0 0 0 1 0 0 0 1 1 0 0 0 -1 1 1 0 1
8 0 -1 0 0 0 1 0 0 0 -1 1 0 0 0 1 1 1 0 1
8 0 -1 0 0 0 1 0 0 0 1 1 0 0 0 1 -1 1 0 1
8 0 1 0 0 0 1 0 0 0 -1 -1 0 0 0 -1 -1 1 0 1
8 0 1 0 0 0 1 0 0 0 1 -1 0 0 0 -1 1 1 0 1
8 0 1 0 0 0 1 0 0 0 -1 -1 0 0 0 1 1 1 0 1
8 0 1 0 0 0 1 0 0 0 1 -1 0 0 0 1 -1 1 0 1
8 0 1 0 0 0 1 0 0 0 -1 1 0 0 0 -1 1 1 0 1
8 0 1 0 0 0 1 0 0 0 1 1 0 0 0 -1 -1 1 0 1
8 0 1 0 0 0 1 0 0 0 -1 1 0 0 0 1 -1 1 0 1
8 0 1 0 0 0 1 0 0 0 1 1 0 0 0 1 1 1 0 1
8 0 -1 0 1 0 0 0 1 -1 -1 -1 0 -1 0 0 1 0 0 0
8 0 -1 0 1 0 0 0 1 -1 1 -1 0 -1 0 0 -1 0 0 0
8 0 -1 0 1 0 0 0 1 1 -1 -1 0 -1 0 0 -1 0 0 0
8 0 -1 0 1 0 0 0 1 1 1 -1 0 -1 0 0 1 0 0 0
8 0 -1 0 -1 0 0 0 1 -1 -1 -1 0 -1 0 0 -1 0 0 0
8 0 -1 0 -1 0 0 0 1 -1 1 -1 0 -1 0 0 1 0 0 0
8 0 -1 0 -1 0 0 0 1 1 -1 -1 0 -1 0 0 1 0 0 0
8 0 -1 0 -1 0 0 0 1 1 1 -1 0 -1 0 0 -1 0 0 0
8 0 -1 0 1 0 0 0 1 -1 -1 1 0 -1 0 0 -1 0 0 0
8 0 -1 0 1 0 0 0 1 -1 1 1 0 -1 0 0 1 0 0 0
8 0 -1 0 1 0 0 0 1 1 -1 1 0 -1 0 0 1 0 0 0
8 0 -1 0 1 0 0 0 1 1 1 1 0 -1 0 0 -1 0 0 0
8 0 -1 0 -1 0 0 0 1 -1 -1 1 0 -1 0 0 1 0 0 0
8 0 -1 0 -1 0 0 0 1 -1 1 1 0 -1 0 0 -1 0 0 0
8 0 -1 0 -1 0 0 0 1 1 -1 1 0 -1 0 0 -1 0 0 0
8 0 -1 0 -1 0 0 0 1 1 1 1 0 -1 0 0 1 0 0 0
8 0 -1 0 1 0 0 0 1 -1 -1 -1 0 1 0 0 -1 0 0 0
8 0 -1 0 1 0 0 0 1 -1 1 -1 0 1 0 0 1 0 0 0
8 0 -1 0 1 0 0 0 1 1 -1 -1 0 1 0 0 1 0 0 0
8 0 -1 0 1 0 0 0 1 1 1 -1 0 1 0 0 -1 0 0 0
8 0 -1 0 -1 0 0 0 1 -1 -1 -1 0 1 0 0 1 0 0 0
8 0 -1 0 -1 0 0 0 1 -1 1 -1 0 1 0 0 -1 0 0 0
8 0 -1 0 -1 0 0 0 1 1 -1 -1 0 1 0 0 -1 0 0 0
8 0 -1 0 -1 0 0 0 1 1 1 -1 0 1 0 0 1 0 0 0
8 0 -1 0 1 0 0 0 1 -1 -1 1 0 1 0 0 1 0 0 0
8 0 -1 0 1 0 0 0 1 -1 1 1 0 1 0 0 -1 0 0 0
8 0 -1 0 1 0 0 0 1 1 -1 1 0 1 0 0 -1 0 0 0
8 0 -1 0 1 0 0 0 1 1 1 1 0 1 0 0 1 0 0 0
8 0 -1 0 -1 0 0 0 1 -1 -1 1 0 1 0 0 -1 0 0 0
8 0 -1 0 -1 0 0 0 1 -1 1 1 0 1 0 0 1 0 0 0
8 0 -1 0 -1 0 0 0 1 1 -1 1 0 1 0 0 1 0 0 0
8 0 -1 0 -1 0 0 0 1 1 1 1 0 1 0 0 -1 0 0 0
8 0 1 0 1 0 0 0 1 -1 -1 -1 0 -1 0 0 -1 0 0 0
8 0 1 0 1 0 0 0 1 -1 1 -1 0 -1 0 0 1 0 0 0
8 0 1 0 1 0 0 0 1 1 -1 -1 0 -1 0 0 1 0 0 0
8 0 1 0 1 0 0 0 1 1 1 -1 0 -1 0 0 -1 0 0 0
8 0 1 0 -1 0 0 0 1 -1 -1 -1 0 -1 0 0 1 0 0 0
8 0 1 0 -1 0 0 0 1 -1 1 -1 0 -1 0 0 -1 0 0 0
8 0 1 0 -1 0 0 0 1 1 -1 -1 0 -1 0 0 -1 0 0 0
8 0 1 0 -1 0 0 0 1 1 1 -1 0 -1 0 0 1 0 0 0
8 0 1 0 1 0 0 0 1 -1 -1 1 0 -1 0 0 1 0 0 0
8 0 1 0 1 0 0 0 1 -1 1 1 0 -1 0 0 -1 0 0 0
8 0 1 0 1 0 0 0 1 1 -1 1 0 -1 0 0 -1 0 0 0
8 0 1 0 1 0 0 0 1 1 1 1 0 -1 0 0 1 0 0 0
8 0 1 0 -1 0 0 0 1 -1 -1 1 0 -1 0 0 -1 0 0 0
8 0 1 0 -1 0 0 0 1 -1 1 1 0 -1 0 0 1 0 0 0
8 0 1 0 -1 0 0 0 1 1 -1 1 0 -1 0 0 1 0 0 0
8 0 1 0 -1 0 0 0 1 1 1 1 0 -1 0 0 -1 0 0 0
8 0 1 0 1 0 0 0 1 -1 -1 -1 0 1 0 0 1 0 0 0
8 0 1 0 1 0 0 0 1 -1 1 -1 0 1 0 0 -1 0 0 0
8 0 1 0 1 0 0 0 1 1 -1 -1 0 1 0 0 -1 0 0 0
8 0 1 0 1 0 0 0 1 1 1 -1 0 1 0 0 1 0 0 0
8 0 1 0 -1 0 0 0 1 -1 -1 -1 0 1 0 0 -1 0 0 0
8 0 1 0 -1 0 0 0 1 -1 1 -1 0 1 0 0 1 0 0 0
8 0 1 0 -1 0 0 0 1 1 -1 -1 0 1 0 0 1 0 0 0
8 0 1 0 -1 0 0 0 1 1 1 -1 0 1 0 0 -1 0 0 0
8 0 1 0 1 0 0 0 1 -1 -1 1 0 1 0 0 -1 0 0 0
8 0 1 0 1 0 0 0 1 -1 1 1 0 1 0 0 1 0 0 0
8 0 1 0 1 0 0 0 1 1 -1 1 0 1 0 0 1 0 0 0
8 0 1 0 1 0 0 0 1 1 1 1 0 1 0 0 -1 0 0 0
8 0 1 0 -1 0 0 0 1 -1 -1 1 0 1 0 0 1 0 0 0
8 0 1 0 -1 0 0 0 1 -1 1 1 0 1 0 0 -1 0 0 0
8 0 1 0 -1 0 0 0 1 1 -1 1 0 1 0 0 -1 0 0 0
8 0 1 0 -1 0 0 0 1 1 1 1 0 1 0 0 1 0 0 0
8 0 -1 0 1 0 0 0 -1 -1 -1 -1 0 -1 0 0 -1 0 0 0
8 0 -1 0 1 0 0 0 -1 -1 1 -1 0 -1 0 0 1 0 0 0
8 0 -1 0 1 0 0 0 -1 1 -1 -1 0 -1 0 0 1 0 0 0
8 0 -1 0 1 0 0 0 -1 1 1 -1 0 -1 0 0 -1 0 0 0
8 0 -1 0 -1 0 0 0 -1 -1 -1 -1 0 -1 0 0 1 0 0 0
8 0 -1 0 -1 0 0 0 -1 -1 1 -1 0 -1 0 0 -1 0 0 0
8 0 -1 0 -1 0 0 0 -1 1 -1 -1 0 -1 0 0 -1 0 0 0
8 0 -1 0 -1 0 0 0 -1 1 1 -1 0 -1 0 0 1 0 0 0
8 0 -1 0 1 0 0 0 -1 -1 -1 1 0 -1 0 0 1 0 0 0
8 0 -1 0 1 0 0 0 -1 -1 1 1 0 -1 0 0 -1 0 0 0
8 0 -1 0 1 0 0 0 -1 1 -1 1 0 -1 0 0 -1 0 0 0
8 0 -1 0 1 0 0 0 -1 1 1 1 0 -1 0 0 1 0 0 0
8 0 -1 0 -1 0 0 0 -1 -1 -1 1 0 -1 0 0 -1 0 0 0
8 0 -1 0 -1 0 0 0 -1 -1 1 1 0 -1 0 0 1 0 0 0
8 0 -1 0 -1 0 0 0 -1 1 -1 1 0 -1 0 0 1 0 0 0
8 0 -1 0 -1 0 0 0 -1 1 1 1 0 -1 0 0 -1 0 0 0
8 0 -1 0 1 0 0 0 -1 -1 -1 -1 0 1 0 0 1 0 0 0
8 0 -1 0 1 0 0 0 -1 -1 1 -1 0 1 0 0 -1 0 0 0
8 0 -1 0 1 0 0 0 -1 1 -1 -1 0 1 0 0 -1 0 0 0
8 0 -1 0 1 0 0 0 -1 1 1 -1 0 1 0 0 1 0 0 0
8 0 -1 0 -1 0 0 0 -1 -1 -1 -1 0 1 0 0 -1 0 0 0
8 0 -1 0 -1 0 0 0 -1 -1 1 -1 0 1 0 0 1 0 0 0
8 0 -1 0 -1 0 0 0 -1 1 -1 -1 0 1 0 0 1 0 0 0
8 0 -1 0 -1 0 0 0 -1 1 1 -1 0 1 0 0 -1 0 0 0
8 0 -1 0 1 0 0 0 -1 -1 -1 1 0 1 0 0 -1 0 0 0
8 0 -1 0 1 0 0 0 -1 -1 1 1 0 1 0 0 1 0 0 0
8 0 -1 0 1 0 0 0 -1 1 -1 1 0 1 0 0 1 0 0 0
8 0 -1 0 1 0 0 0 -1 1 1 1 0 1 0 0 -1 0 0 0
8 0 -1 0 -1 0 0 0 -1 -1 -1 1 0 1 0 0 1 0 0 0
8 0 -1 0 -1 0 0 0 -1 -1 1 1 0 1 0 0 -1 0 0 0
8 0 -1 0 -1 0 0 0 -1 1 -1 1 0 1 0 0 -1 0 0 0
8 0 -1 0 -1 0 0 0 -1 1 1 1 0 1 0 0 1 0 0 0
8 0 1 0 1 0 0 0 -1 -1 -1 -1 0 -1 0 0 1 0 0 0
8 0 1 0 1 0 0 0 -1 -1 1 -1 0 -1 0 0 -1 0 0 0
8 0 1 0 1 0 0 0 -1 1 -1 -1 0 -1 0 0 -1 0 0 0
8 0 1 0 1 0 0 0 -1 1 1 -1 0 -1 0 0 1 0 0 0
8 0 1 0 -1 0 0 0 -1 -1 -1 -1 0 -1 0 0 -1 0 0 0
8 0 1 0 -1 0 0 0 -1 -1 1 -1 0 -1 0 0 1 0 0 0
8 0 1 0 -1 0 0 0 -1 1 -1 -1 0 -1 0 0 1 0 0 0
8 0 1 0 -1 0 0 0 -1 1 1 -1 0 -1 0 0 -1 0 0 0
8 0 1 0 1 0 0 0 -1 -1 -1 1 0 -1 0 0 -1 0 0 0
8 0 1 0 1 0 0 0 -1 -1 1 1 0 -1 0 0 1 0 0 0
8 0 1 0 1 0 0 0 -1 1 -1 1 0 -1 0 0 1 0 0 0
8 0 1 0 1 0 0 0 -1 1 1 1 0 -1 0 0 -1 0 0 0
8 0 1 0 -1 0 0 0 -1 -1 -1 1 0 -1 0 0 1 0 0 0
8 0 1 0 -1 0 0 0 -1 -1 1 1 0 -1 0 0 -1 0 0 0
8 0 1 0 -1 0 0 0 -1 1 -1 1 0 -1 0 0 -1 0 0 0
8 0 1 0 -1 0 0 0 -1 1 1 1 0 -1 0 0 1 0 0 0
8 0 1 0 1 0 0 0 -1 -1 -1 -1 0 1 0 0 -1 0 0 0
8 0 1 0 1 0 0 0 -1 -1 1 -1 0 1 0 0 1 0 0 0
8 0 1 0 1 0 0 0 -1 1 -1 -1 0 1 0 0 1 0 0 0
8 0 1 0 1 0 0 0 -1 1 1 -1 0 1 0 0 -1 0 0 0
8 0 1 0 -1 0 0 0 -1 -1 -1 -1 0 1 0 0 1 0 0 0
8 0 1 0 -1 0 0 0 -1 -1 1 -1 0 1 0 0 -1 0 0 0
8 0 1 0 -1 0 0 0 -1 1 -1 -1 0 1 0 0 -1 0 0 0
8 0 1 0 -1 0 0 0 -1 1 1 -1 0 1 0 0 1 0 0 0
8 0 1 0 1 0 0 0 -1 -1 -1 1 0 1 0 0 1 0 0 0
8 0 1 0 1 0 0 0 -1 -1 1 1 0 1 0 0 -1 0 0 0
8 0 1 0 1 0 0 0 -1 1 -1 1 0 1 0 0 -1 0 0 0
8 0 1 0 1 0 0 0 -1 1 1 1 0 1 0 0 1 0 0 0
8 0 1 0 -1 0 0 0 -1 -1 -1 1 0 1 0 0 -1 0 0 0
8 0 1 0 -1 0 0 0 -1 -1 1 1 0 1 0 0 1 0 0 0
8 0 1 0 -1 0 0 0 -1 1 -1 1 0 1 0 0 1 0 0 0
8 0 1 0 -1 0 0 0 -1 1 1 1 0 1 0 0 -1 0 0 0
8 0 -1 1 0 1 0 0 0 -1 -1 0 0 0 0 0 -1 0 -1 1
8 0 -1 1 0 1 0 0 0 -1 1 0 0 0 0 0 1 0 -1 1
8 0 -1 1 0 1 0 0 0 1 -1 0 0 0 0 0 1 0 -1 1
8 0 -1 1 0 1 0 0 0 1 1 0 0 0 0 0 -1 0 -1 1
8 0 -1 1 0 1 0 0 0 -1 -1 0 0 0 0 0 -1 0 1 -1
8 0 -1 1 0 1 0 0 0 -1 1 0 0 0 0 0 1 0 1 -1
8 0 -1 1 0 1 0 0 0 1 -1 0 0 0 0 0 1 0 1 -1
8 0 -1 1 0 1 0 0 0 1 1 0 0 0 0 0 -1 0 1 -1
8 0 -1 1 0 -1 0 0 0 -1 -1 0 0 0 0 0 1 0 -1 1
8 0 -1 1 0 -1 0 0 0 -1 1 0 0 0 0 0 -1 0 -1 1
8 0 -1 1 0 -1 0 0 0 1 -1 0 0 0 0 0 -1 0 -1 1
8 0 -1 1 0 -1 0 0 0 1 1 0 0 0 0 0 1 0 -1 1
8 0 -1 1 0 -1 0 0 0 -1 -1 0 0 0 0 0 1 0 1 -1
8 0 -1 1 0 -1 0 0 0 -1 1 0 0 0 0 0 -1 0 1 -1
8 0 -1 1 0 -1 0 0 0 1 -1 0 0 0 0 0 -1 0 1 -1
8 0 -1 1 0 -1 0 0 0 1 1 0 0 0 0 0 1 0 1 -1
8 0 1 1 0 1 0 0 0 -1 -1 0 0 0 0 0 1 0 -1 1
8 0 1 1 0 1 0 0 0 -1 1 0 0 0 0 0 -1 0 -1 1
8 0 1 1 0 1 0 0 0 1 -1 0 0 0 0 0 -1 0 -1 1
8 0 1 1 0 1 0 0 0 1 1 0 0 0 0 0 1 0 -1 1
8 0 1 1 0 1 0 0 0 -1 -1 0 0 0 0 0 1 0 1 -1
8 0 1 1 0 1 0 0 0 -1 1 0 0 0 0 0 -1 0 1 -1
8 0 1 1 0 1 0 0 0 1 -1 0 0 0 0 0 -1 0 1 -1
8 0 1 1 0 1 0 0 0 1 1 0 0 0 0 0 1 0 1 -1
8 0 1 1 0 -1 0 0 0 -1 -1 0 0 0 0 0 -1 0 -1 1
8 0 1 1 0 -1 0 0 0 -1 1 0 0 0 0 0 1 0 -1 1
8 0 1 1 0 -1 0 0 0 1 -1 0 0 0 0 0 1 0 -1 1
8 0 1 1 0 -1 0 0 0 1 1 0 0 0 0 0 -1 0 -1 1
8 0 1 1 0 -1 0 0 0 -1 -1 0 0 0 0 0 -1 0 1 -1
8 0 1 1 0 -1 0 0 0 -1 1 0 0 0 0 0 1 0 1 -1
8 0 1 1 0 -1 0 0 0 1 -1 0 0 0 0 0 1 0 1 -1
8 0 1 1 0 -1 0 0 0 1 1 0 0 0 0 0 -1 0 1 -1
8 0 -1 -1 0 1 0 0 0 -1 -1 0 0 0 0 0 1 0 -1 1
8 0 -1 -1 0 1 0 0 0 -1 1 0 0 0 0 0 -1 0 -1 1
8 0 -1 -1 0 1 0 0 0 1 -1 0 0 0 0 0 -1 0 -1 1
8 0 -1 -1 0 1 0 0 0 1 1 0 0 0 0 0 1 0 -1 1
8 0 -1 -1 0 1 0 0 0 -1 -1 0 0 0 0 0 1 0 1 -1
8 0 -1 -1 0 1 0 0 0 -1 1 0 0 0 0 0 -1 0 1 -1
8 0 -1 -1 0 1 0 0 0 1 -1 0 0 0 0 0 -1 0 1 -1
8 0 -1 -1 0 1 0 0 0 1 1 0 0 0 0 0 1 0 1 -1
8 0 -1 -1 0 -1 0 0 0 -1 -1 0 0 0 0 0 -1 0 -1 1
8 0 -1 -1 0 -1 0 0 0 -1 1 0 0 0 0 0 1 0 -1 1
8 0 -1 -1 0 -1 0 0 0 1 -1 0 0 0 0 0 1 0 -1 1
8 0 -1 -1 0 -1 0 0 0 1 1 0 0 0 0 0 -1 0 -1 1
8 0 -1 -1 0 -1 0 0 0 -1 -1 0 0 0 0 0 -1 0 1 -1
8 0 -1 -1 0 -1 0 0 0 -1 1 0 0 0 0 0 1 0 1 -1
8 0 -1 -1 0 -1 0 0 0 1 -1 0 0 0 0 0 1 0 1 -1
8 0 -1 -1 0 -1 0 0 0 1 1 0 0 0 0 0 -1 0 1 -1
8 0 1 -1 0 1 0 0 0 -1 -1 0 0 0 0 0 -1 0 -1 1
8 0 1 -1 0 1 0 0 0 -1 1 0 0 0 0 0 1 0 -1 1
8 0 1 -1 0 1 0 0 0 1 -1 0 0 0 0 0 1 0 -1 1
8 0 1 -1 0 1 0 0 0 1 1 0 0 0 0 0 -1 0 -1 1
8 0 1 -1 0 1 0 0 0 -1 -1 0 0 0 0 0 -1 0 1 -1
8 0 1 -1 0 1 0 0 0 -1 1 0 0 0 0 0 1 0 1 -1
8 0 1 -1 0 1 0 0 0 1 -1 0 0 0 0 0 1 0 1 -1
8 0 1 -1 0 1 0 0 0 1 1 0 0 0 0 0 -1 0 1 -1
8 0 1 -1 0 -1 0 0 0 -1 -1 0 0 0 0 0 1 0 -1 1
8 0 1 -1 0 -1 0 0 0 -1 1 0 0 0 0 0 -1 0 -1 1
8 0 1 -1 0 -1 0 0 0 1 -1 0 0 0 0 0 -1 0 -1 1
8 0 1 -1 0 -1 0 0 0 1 1 0 0 0 0 0 1 0 -1 1
8 0 1 -1 0 -1 0 0 0 -1 -1 0 0 0 0 0 1 0 1 -1
8 0 1 -1 0 -1 0 0 0 -1 1 0 0 0 0 0 -1 0 1 -1
8 0 1 -1 0 -1 0 0 0 1 -1 0 0 0 0 0 -1 0 1 -1
8 0 1 -1 0 -1 0 0 0 1 1 0 0 0 0 0 1 0 1 -1
8 0 0 1 1 0 0 0 0 -1 -1 0 0 0 0 -1 -1 0 -1 -1
8 0 0 1 1 0 0 0 0 -1 1 0 0 0 0 -1 1 0 -1 -1
8 0 0 1 1 0 0 0 0 1 -1 0 0 0 0 -1 1 0 -1 -1
8 0 0 1 1 0 0 0 0 1 1 0 0 0 0 -1 -1 0 -1 -1
8 0 0 1 1 0 0 0 0 -1 -1 0 0 0 0 1 1 0 -1 -1
8 0 0 1 1 0 0 0 0 -1 1 0 0 0 0 1 -1 0 -1 -1
8 0 0 1 1 0 0 0 0 1 -1 0 0 0 0 1 -1 0 -1 -1
8 0 0 1 1 0 0 0 0 1 1 0 0 0 0 1 1 0 -1 -1
8 0 0 1 -1 0 0 0 0 -1 -1 0 0 0 0 -1 1 0 -1 -1
8 0 0 1 -1 0 0 0 0 -1 1 0 0 0 0 -1 -1 0 -1 -1
8 0 0 1 -1 0 0 0 0 1 -1 0 0 0 0 -1 -1 0 -1 -1
8 0 0 1 -1 0 0 0 0 1 1 0 0 0 0 -1 1 0 -1 -1
8 0 0 1 -1 0 0 0 0 -1 -1 0 0 0 0 1 -1 0 -1 -1
8 0 0 1 -1 0 0 0 0 -1 1 0 0 0 0 1 1 0 -1 -1
8 0 0 1 -1 0 0 0 0 1 -1 0 0 0 0 1 1 0 -1 -1
8 0 0 1 -1 0 0 0 0 1 1 0 0 0 0 1 -1 0 -1 -1
8 0 0 -1 1 0 0 0 0 -1 -1 0 0 0 0 -1 1 0 -1 -1
8 0 0 -1 1 0 0 0 0 -1 1 0 0 0 0 -1 -1 0 -1 -1
8 0 0 -1 1 0 0 0 0 1 -1 0 0 0 0 -1 -1 0 -1 -1
8 0 0 -1 1 0 0 0 0 1 1 0 0 0 0 -1 1 0 -1 -1
8 0 0 -1 1 0 0 0 0 -1 -1 0 0 0 0 1 -1 0 -1 -1
8 0 0 -1 1 0 0 0 0 -1 1 0 0 0 0 1 1 0 -1 -1
8 0 0 -1 1 0 0 0 0 1 -1 0 0 0 0 1 1 0 -1 -1
8 0 0 -1 1 0 0 0 0 1 1 0 0 0 0 1 -1 0 -1 -1
8 0 0 -1 -1 0 0 0 0 -1 -1 0 0 0 0 -1 -1 0 -1 -1
8 0 0 -1 -1 0 0 0 0 -1 1 0 0 0 0 -1 1 0 -1 -1
8 0 0 -1 -1 0 0 0 0 1 -1 0 0 0 0 -1 1 0 -1 -1
8 0 0 -1 -1 0 0 0 0 1 1 0 0 0 0 -1 -1 0 -1 -1
8 0 0 -1 -1 0 0 0 0 -1 -1 0 0 0 0 1 1 0 -1 -1
8 0 0 -1 -1 0 0 0 0 -1 1 0 0 0 0 1 -1 0 -1 -1
8 0 0 -1 -1 0 0 0 0 1 -1 0 0 0 0 1 -1 0 -1 -1
8 0 0 -1 -1 0 0 0 0 1 1 0 0 0 0 1 1 0 -1 -1
8 0 0 1 1 0 0 0 0 -1 -1 0 0 0 0 -1 -1 0 1 1
8 0 0 1 1 0 0 0 0 -1 1 0 0 0 0 -1 1 0 1 1
8 0 0 1 1 0 0 0 0 1 -1 0 0 0 0 -1 1 0 1 1
8 0 0 1 1 0 0 0 0 1 1 0 0 0 0 -1 -1 0 1 1
8 0 0 1 1 0 0 0 0 -1 -1 0 0 0 0 1 1 0 1 1
8 0 0 1 1 0 0 0 0 -1 1 0 0 0 0 1 -1 0 1 1
8 0 0 1 1 0 0 0 0 1 -1 0 0 0 0 1 -1 0 1 1
8 0 0 1 1 0 0 0 0 1 1 0 0 0 0 1 1 0 1 1
8 0 0 1 -1 0 0 0 0 -1 -1 0 0 0 0 -1 1 0 1 1
8 0 0 1 -1 0 0 0 0 -1 1 0 0 0 0 -1 -1 0 1 1
8 0 0 1 -1 0 0 0 0 1 -1 0 0 0 0 -1 -1 0 1 1
8 0 0 1 -1 0 0 0 0 1 1 0 0 0 0 -1 1 0 1 1
8 0 0 1 -1 0 0 0 0 -1 -1 0 0 0 0 1 -1 0 1 1
8 0 0 1 -1 0 0 0 0 -1 1 0 0 0 0 1 1 0 1 1
8 0 0 1 -1 0 0 0 0 1 -1 0 0 0 0 1 1 0 1 1
8 0 0 1 -1 0 0 0 0 1 1 0 0 0 0 1 -1 0 1 1
8 0 0 -1 1 0 0 0 0 -1 -1 0 0 0 0 -1 1 0 1 1
8 0 0 -1 1 0 0 0 0 -1 1 0 0 0 0 -1 -1 0 1 1
8 0 0 -1 1 0 0 0 0 1 -1 0 0 0 0 -1 -1 0 1 1
8 0 0 -1 1 0 0 0 0 1 1 0 0 0 0 -1 1 0 1 1
8 0 0 -1 1 0 0 0 0 -1 -1 0 0 0 0 1 -1 0 1 1
8 0 0 -1 1 0 0 0 0 -1 1 0 0 0 0 1 1 0 1 1
8 0 0 -1 1 0 0 0 0 1 -1 0 0 0 0 1 1 0 1 1
8 0 0 -1 1 0 0 0 0 1 1 0 0 0 0 1 -1 0 1 1
8 0 0 -1 -1 0 0 0 0 -1 -1 0 0 0 0 -1 -1 0 1 1
8 0 0 -1 -1 0 0 0 0 -1 1 0 0 0 0 -1 1 0 1 1
8 0 0 -1 -1 0 0 0 0 1 -1 0 0 0 0 -1 1 0 1 1
8 0 0 -1 -1 0 0 0 0 1 1 0 0 0 0 -1 -1 0 1 1
8 0 0 -1 -1 0 0 0 0 -1 -1 0 0 0 0 1 1 0 1 1
8 0 0 -1 -1 0 0 0 0 -1 1 0 0 0 0 1 -1 0 1 1
8 0 0 -1 -1 0 0 0 0 1 -1 0 0 0 0 1 -1 0 1 1
8 0 0 -1 -1 0 0 0 0 1 1 0 0 0 0 1 1 0 1 1
8 0 -1 0 0 1 0 0 1 0 -1 0 -1 0 0 0 -1 0 -1 -1
8 0 -1 0 0 1 0 0 1 0 1 0 -1 0 0 0 1 0 -1 -1
8 0 -1 0 0 1 0 0 1 0 -1 0 1 0 0 0 1 0 -1 -1
8 0 -1 0 0 1 0 0 1 0 1 0 1 0 0 0 -1 0 -1 -1
8 0 -1 0 0 -1 0 0 1 0 -1 0 -1 0 0 0 1 0 -1 -1
8 0 -1 0 0 -1 0 0 1 0 1 0 -1 0 0 0 -1 0 -1 -1
8 0 -1 0 0 -1 0 0 1 0 -1 0 1 0 0 0 -1 0 -1 -1
8 0 -1 0 0 -1 0 0 1 0 1 0 1 0 0 0 1 0 -1 -1
8 0 1 0 0 1 0 0 1 0 -1 0 -1 0 0 0 1 0 -1 -1
8 0 1 0 0 1 0 0 1 0 1 0 -1 0 0 0 -1 0 -1 -1
8 0 1 0 0 1 0 0 1 0 -1 0 1 0 0 0 -1 0 -1 -1
8 0 1 0 0 1 0 0 1 0 1 0 1 0 0 0 1 0 -1 -1
8 0 1 0 0 -1 0 0 1 0 -1 0 -1 0 0 0 -1 0 -1 -1
8 0 1 0 0 -1 0 0 1 0 1 0 -1 0 0 0 1 0 -1 -1
8 0 1 0 0 -1 0 0 1 0 -1 0 1 0 0 0 1 0 -1 -1
8 0 1 0 0 -1 0 0 1 0 1 0 1 0 0 0 -1 0 -1 -1
8 0 -1 0 0 1 0 0 1 0 -1 0 -1 0 0 0 -1 0 1 1
8 0 -1 0 0 1 0 0 1 0 1 0 -1 0 0 0 1 0 1 1
8 0 -1 0 0 1 0 0 1 0 -1 0 1 0 0 0 1 0 1 1
8 0 -1 0 0 1 0 0 1 0 1 0 1 0 0 0 -1 0 1 1
8 0 -1 0 0 -1 0 0 1 0 -1 0 -1 0 0 0 1 0 1 1
8 0 -1 0 0 -1 0 0 1 0 1 0 -1 0 0 0 -1 0 1 1
8 0 -1 0 0 -1 0 0 1 0 -1 0 1 0 0 0 -1 0 1 1
8 0 -1 0 0 -1 0 0 1 0 1 0 1 0 0 0 1 0 1 1
8 0 1 0 0 1 0 0 1 0 -1 0 -1 0 0 0 1 0 1 1
8 0 1 0 0 1 0 0 1 0 1 0 -1 0 0 0 -1 0 1 1
8 0 1 0 0 1 0 0 1 0 -1 0 1 0 0 0 -1 0 1 1
8 0 1 0 0 1 0 0 1 0 1 0 1 0 0 0 1 0 1 1
8 0 1 0 0 -1 0 0 1 0 -1 0 -1 0 0 0 -1 0 1 1
8 0 1 0 0 -1 0 0 1 0 1 0 -1 0 0 0 1 0 1 1
8 0 1 0 0 -1 0 0 1 0 -1 0 1 0 0 0 1 0 1 1
8 0 1 0 0 -1 0 0 1 0 1 0 1 0 0 0 -1 0 1 1
8 0 -1 0 0 1 0 0 -1 0 -1 0 -1 0 0 0 1 0 -1 -1
8 0 -1 0 0 1 0 0 -1 0 1 0 -1 0 0 0 -1 0 -1 -1
8 0 -1 0 0 1 0 0 -1 0 -1 0 1 0 0 0 -1 0 -1 -1
8 0 -1 0 0 1 0 0 -1 0 1 0 1 0 0 0 1 0 -1 -1
8 0 -1 0 0 -1 0 0 -1 0 -1 0 -1 0 0 0 -1 0 -1 -1
8 0 -1 0 0 -1 0 0 -1 0 1 0 -1 0 0 0 1 0 -1 -1
8 0 -1 0 0 -1 0 0 -1 0 -1 0 1 0 0 0 1 0 -1 -1
8 0 -1 0 0 -1 0 0 -1 0 1 0 1 0 0 0 -1 0 -1 -1
8 0 1 0 0 1 0 0 -1 0 -1 0 -1 0 0 0 -1 0 -1 -1
8 0 1 0 0 1 0 0 -1 0 1 0 -1 0 0 0 1 0 -1 -1
8 0 1 0 0 1 0 0 -1 0 -1 0 1 0 0 0 1 0 -1 -1
8 0 1 0 0 1 0 0 -1 0 1 0 1 0 0 0 -1 0 -1 -1
8 0 1 0 0 -1 0 0 -1 0 -1 0 -1 0 0 0 1 0 -1 -1
8 0 1 0 0 -1 0 0 -1 0 1 0 -1 0 0 0 -1 0 -1 -1
8 0 1 0 0 -1 0 0 -1 0 -1 0 1 0 0 0 -1 0 -1 -1
8 0 1 0 0 -1 0 0 -1 0 1 0 1 0 0 0 1 0 -1 -1
8 0 -1 0 0 1 0 0 -1 0 -1 0 -1 0 0 0 1 0 1 1
8 0 -1 0 0 1 0 0 -1 0 1 0 -1 0 0 0 -1 0 1 1
8 0 -1 0 0 1 0 0 -1 0 -1 0 1 0 0 0 -1 0 1 1
8 0 -1 0 0 1 0 0 -1 0 1 0 1 0 0 0 1 0 1 1
8 0 -1 0 0 -1 0 0 -1 0 -1 0 -1 0 0 0 -1 0 1 1
8 0 -1 0 0 -1 0 0 -1 0 1 0 -1 0 0 0 1 0 1 1
8 0 -1 0 0 -1 0 0 -1 0 -1 0 1 0 0 0 1 0 1 1
8 0 -1 0 0 -1 0 0 -1 0 1 0 1 0 0 0 -1 0 1 1
8 0 1 0 0 1 0 0 -1 0 -1 0 -1 0 0 0 -1 0 1 1
8 0 1 0 0 1 0 0 -1 0 1 0 -1 0 0 0 1 0 1 1
8 0 1 0 0 1 0 0 -1 0 -1 0 1 0 0 0 1 0 1 1
8 0 1 0 0 1 0 0 -1 0 1 0 1 0 0 0 -1 0 1 1
8 0 1 0 0 -1 0 0 -1 0 -1 0 -1 0 0 0 1 0 1 1
8 0 1 0 0 -1 0 0 -1 0 1 0 -1 0 0 0 -1 0 1 1
8 0 1 0 0 -1 0 0 -1 0 -1 0 1 0 0 0 -1 0 1 1
8 0 1 0 0 -1 0 0 -1 0 1 0 1 0 0 0 1 0 1 1
8 0 0 1 0 1 0 0 0 0 -1 -1 -1 -1 0 -1 1 0 0 0
8 0 0 1 0 1 0 0 0 0 1 -1 -1 -1 0 -1 -1 0 0 0
8 0 0 1 0 1 0 0 0 0 -1 -1 1 -1 0 -1 -1 0 0 0
8 0 0 1 0 1 0 0 0 0 1 -1 1 -1 0 -1 1 0 0 0
8 0 0 1 0 1 0 0 0 0 -1 -1 -1 -1 0 1 -1 0 0 0
8 0 0 1 0 1 0 0 0 0 1 -1 -1 -1 0 1 1 0 0 0
8 0 0 1 0 1 0 0 0 0 -1 -1 1 -1 0 1 1 0 0 0
8 0 0 1 0 1 0 0 0 0 1 -1 1 -1 0 1 -1 0 0 0
8 0 0 1 0 -1 0 0 0 0 -1 -1 -1 -1 0 -1 -1 0 0 0
8 0 0 1 0 -1 0 0 0 0 1 -1 -1 -1 0 -1 1 0 0 0
8 0 0 1 0 -1 0 0 0 0 -1 -1 1 -1 0 -1 1 0 0 0
8 0 0 1 0 -1 0 0 0 0 1 -1 1 -1 0 -1 -1 0 0 0
8 0 0 1 0 -1 0 0 0 0 -1 -1 -1 -1 0 1 1 0 0 0
8 0 0 1 0 -1 0 0 0 0 1 -1 -1 -1 0 1 -1 0 0 0
8 0 0 1 0 -1 0 0 0 0 -1 -1 1 -1 0 1 -1 0 0 0
8 0 0 1 0 -1 0 0 0 0 1 -1 1 -1 0 1 1 0 0 0
8 0 0 1 0 1 0 0 0 0 -1 1 -1 -1 0 -1 -1 0 0 0
8 0 0 1 0 1 0 0 0 0 1 1 -1 -1 0 -1 1 0 0 0
8 0 0 1 0 1 0 0 0 0 -1 1 1 -1 0 -1 1 0 0 0
8 0 0 1 0 1 0 0 0 0 1 1 1 -1 0 -1 -1 0 0 0
8 0 0 1 0 1 0 0 0 0 -1 1 -1 -1 0 1 1 0 0 0
8 0 0 1 0 1 0 0 0 0 1 1 -1 -1 0 1 -1 0 0 0
8 0 0 1 0 1 0 0 0 0 -1 1 1 -1 0 1 -1 0 0 0
8 0 0 1 0 1 0 0 0 0 1 1 1 -1 0 1 1 0 0 0
8 0 0 1 0 -1 0 0 0 0 -1 1 -1 -1 0 -1 1 0 0 0
8 0 0 1 0 -1 0 0 0 0 1 1 -1 -1 0 -1 -1 0 0 0
8 0 0 1 0 -1 0 0 0 0 -1 1 1 -1 0 -1 -1 0 0 0
8 0 0 1 0 -1 0 0 0 0 1 1 1 -1 0 -1 1 0 0 0
8 0 0 1 0 -1 0 0 0 0 -1 1 -1 -1 0 1 -1 0 0 0
8 0 0 1 0 -1 0 0 0 0 1 1 -1 -1 0 1 1 0 0 0
8 0 0 1 0 -1 0 0 0 0 -1 1 1 -1 0 1 1 0 0 0
8 0 0 1 0 -1 0 0 0 0 1 1 1 -1 0 1 -1 0 0 0
8 0 0 1 0 1 0 0 0 0 -1 -1 -1 1 0 -1 -1 0 0 0
8 0 0 1 0 1 0 0 0 0 1 -1 -1 1 0 -1 1 0 0 0
8 0 0 1 0 1 0 0 0 0 -1 -1 1 1 0 -1 1 0 0 0
8 0 0 1 0 1 0 0 0 0 1 -1 1 1 0 -1 -1 0 0 0
8 0 0 1 0 1 0 0 0 0 -1 -1 -1 1 0 1 1 0 0 0
8 0 0 1 0 1 0 0 0 0 1 -1 -1 1 0 1 -1 0 0 0
8 0 0 1 0 1 0 0 0 0 -1 -1 1 1 0 1 -1 0 0 0
8 0 0 1 0 1 0 0 0 0 1 -1 1 1 0 1 1 0 0 0
8 0 0 1 0 -1 0 0 0 0 -1 -1 -1 1 0 -1 1 0 0 0
8 0 0 1 0 -1 0 0 0 0 1 -1 -1 1 0 -1 -1 0 0 0
8 0 0 1 0 -1 0 0 0 0 -1 -1 1 1 0 -1 -1 0 0 0
8 0 0 1 0 -1 0 0 0 0 1 -1 1 1 0 -1 1 0 0 0
8 0 0 1 0 -1 0 0 0 0 -1 -1 -1 1 0 1 -1 0 0 0
8 0 0 1 0 -1 0 0 0 0 1 -1 -1 1 0 1 1 0 0 0
8 0 0 1 0 -1 0 0 0 0 -1 -1 1 1 0 1 1 0 0 0
8 0 0 1 0 -1 0 0 0 0 1 -1 1 1 0 1 -1 0 0 0
8 0 0 1 0 1 0 0 0 0 -1 1 -1 1 0 -1 1 0 0 0
8 0 0 1 0 1 0 0 0 0 1 1 -1 1 0 -1 -1 0 0 0
8 0 0 1 0 1 0 0 0 0 -1 1 1 1 0 -1 -1 0 0 0
8 0 0 1 0 1 0 0 0 0 1 1 1 1 0 -1 1 0 0 0
8 0 0 1 0 1 0 0 0 0 -1 1 -1 1 0 1 -1 0 0 0
8 0 0 1 0 1 0 0 0 0 1 1 -1 1 0 1 1 0 0 0
8 0 0 1 0 1 0 0 0 0 -1 1 1 1 0 1 1 0 0 0
8 0 0 1 0 1 0 0 0 0 1 1 1 1 0 1 -1 0 0 0
8 0 0 1 0 -1 0 0 0 0 -1 1 -1 1 0 -1 -1 0 0 0
8 0 0 1 0 -1 0 0 0 0 1 1 -1 1 0 -1 1 0 0 0
8 0 0 1 0 -1 0 0 0 0 -1 1 1 1 0 -1 1 0 0 0
8 0 0 1 0 -1 0 0 0 0 1 1 1 1 0 -1 -1 0 0 0
8 0 0 1 0 -1 0 0 0 0 -1 1 -1 1 0 1 1 0 0 0
8 0 0 1 0 -1 0 0 0 0 1 1 -1 1 0 1 -1 0 0 0
8 0 0 1 0 -1 0 0 0 0 -1 1 1 1 0 1 -1 0 0 0
8 0 0 1 0 -1 0 0 0 0 1 1 1 1 0 1 1 0 0 0
8 0 0 -1 0 1 0 0 0 0 -1 -1 -1 -1 0 -1 -1 0 0 0
8 0 0 -1 0 1 0 0 0 0 1 -1 -1 -1 0 -1 1 0 0 0
8 0 0 -1 0 1 0 0 0 0 -1 -1 1 -1 0 -1 1 0 0 0
8 0 0 -1 0 1 0 0 0 0 1 -1 1 -1 0 -1 -1 0 0 0
8 0 0 -1 0 1 0 0 0 0 -1 -1 -1 -1 0 1 1 0 0 0
8 0 0 -1 0 1 0 0 0 0 1 -1 -1 -1 0 1 -1 0 0 0
8 0 0 -1 0 1 0 0 0 0 -1 -1 1 -1 0 1 -1 0 0 0
8 0 0 -1 0 1 0 0 0 0 1 -1 1 -1 0 1 1 0 0 0
8 0 0 -1 0 -1 0 0 0 0 -1 -1 -1 -1 0 -1 1 0 0 0
8 0 0 -1 0 -1 0 0 0 0 1 -1 -1 -1 0 -1 -1 0 0 0
8 0 0 -1 0 -1 0 0 0 0 -1 -1 1 -1 0 -1 -1 0 0 0
8 0 0 -1 0 -1 0 0 0 0 1 -1 1 -1 0 -1 1 0 0 0
8 0 0 -1 0 -1 0 0 0 0 -1 -1 -1 -1 0 1 -1 0 0 0
8 0 0 -1 0 -1 0 0 0 0 1 -1 -1 -1 0 1 1 0 0 0
8 0 0 -1 0 -1 0 0 0 0 -1 -1 1 -1 0 1 1 0 0 0
8 0 0 -1 0 -1 0 0 0 0 1 -1 1 -1 0 1 -1 0 0 0
8 0 0 -1 0 1 0 0 0 0 -1 1 -1 -1 0 -1 1 0 0 0
8 0 0 -1 0 1 0 0 0 0 1 1 -1 -1 0 -1 -1 0 0 0
8 0 0 -1 0 1 0 0 0 0 -1 1 1 -1 0 -1 -1 0 0 0
8 0 0 -1 0 1 0 0 0 0 1 1 1 -1 0 -1 1 0 0 0
8 0 0 -1 0 1 0 0 0 0 -1 1 -1 -1 0 1 -1 0 0 0
8 0 0 -1 0 1 0 0 0 0 1 1 -1 -1 0 1 1 0 0 0
8 0 0 -1 0 1 0 0 0 0 -1 1 1 -1 0 1 1 0 0 0
8 0 0 -1 0 1 0 0 0 0 1 1 1 -1 0 1 -1 0 0 0
8 0 0 -1 0 -1 0 0 0 0 -1 1 -1 -1 0 -1 -1 0 0 0
8 0 0 -1 0 -1 0 0 0 0 1 1 -1 -1 0 -1 1 0 0 0
8 0 0 -1 0 -1 0 0 0 0 -1 1 1 -1 0 -1 1 0 0 0
8 0 0 -1 0 -1 0 0 0 0 1 1 1 -1 0 -1 -1 0 0 0
8 0 0 -1 0 -1 0 0 0 0 -1 1 -1 -1 0 1 1 0 0 0
8 0 0 -1 0 -1 0 0 0 0 1 1 -1 -1 0 1 -1 0 0 0
8 0 0 -1 0 -1 0 0 0 0 -1 1 1 -1 0 1 -1 0 0 0
8 0 0 -1 0 -1 0 0 0 0 1 1 1 -1 0 1 1 0 0 0
8 0 0 -1 0 1 0 0 0 0 -1 -1 -1 1 0 -1 1 0 0 0
8 0 0 -1 0 1 0 0 0 0 1 -1 -1 1 0 -1 -1 0 0 0
8 0 0 -1 0 1 0 0 0 0 -1 -1 1 1 0 -1 -1 0 0 0
8 0 0 -1 0 1 0 0 0 0 1 -1 1 1 0 -1 1 0 0 0
8 0 0 -1 0 1 0 0 0 0 -1 -1 -1 1 0 1 -1 0 0 0
8 0 0 -1 0 1 0 0 0 0 1 -1 -1 1 0 1 1 0 0 0
8 0 0 -1 0 1 0 0 0 0 -1 -1 1 1 0 1 1 0 0 0
8 0 0 -1 0 1 0 0 0 0 1 -1 1 1 0 1 -1 0 0 0
8 0 0 -1 0 -1 0 0 0 0 -1 -1 -1 1 0 -1 -1 0 0 0
8 0 0 -1 0 -1 0 0 0 0 1 -1 -1 1 0 -1 1 0 0 0
8 0 0 -1 0 -1 0 0 0 0 -1 -1 1 1 0 -1 1 0 0 0
8 0 0 -1 0 -1 0 0 0 0 1 -1 1 1 0 -1 -1 0 0 0
8 0 0 -1 0 -1 0 0 0 0 -1 -1 -1 1 0 1 1 0 0 0
8 0 0 -1 0 -1 0 0 0 0 1 -1 -1 1 0 1 -1 0 0 0
8 0 0 -1 0 -1 0 0 0 0 -1 -1 1 1 0 1 -1 0 0 0
8 0 0 -1 0 -1 0 0 0 0 1 -1 1 1 0 1 1 0 0 0
8 0 0 -1 0 1 0 0 0 0 -1 1 -1 1 0 -1 -1 0 0 0
8 0 0 -1 0 1 0 0 0 0 1 1 -1 1 0 -1 1 0 0 0
8 0 0 -1 0 1 0 0 0 0 -1 1 1 1 0 -1 1 0 0 0
8 0 0 -1 0 1 0 0 0 0 1 1 1 1 0 -1 -1 0 0 0
8 0 0 -1 0 1 0 0 0 0 -1 1 -1 1 0 1 1 0 0 0
8 0 0 -1 0 1 0 0 0 0 1 1 -1 1 0 1 -1 0 0 0
8 0 0 -1 0 1 0 0 0 0 -1 1 1 1 0 1 -1 0 0 0
8 0 0 -1 0 1 0 0 0 0 1 1 1 1 0 1 1 0 0 0
8 0 0 -1 0 -1 0 0 0 0 -1 1 -1 1 0 -1 1 0 0 0
8 0 0 -1 0 -1 0 0 0 0 1 1 -1 1 0 -1 -1 0 0 0
8 0 0 -1 0 -1 0 0 0 0 -1 1 1 1 0 -1 -1 0 0 0
8 0 0 -1 0 -1 0 0 0 0 1 1 1 1 0 -1 1 0 0 0
8 0 0 -1 0 -1 0 0 0 0 -1 1 -1 1 0 1 -1 0 0 0
8 0 0 -1 0 -1 0 0 0 0 1 1 -1 1 0 1 1 0 0 0
8 0 0 -1 0 -1 0 0 0 0 -1 1 1 1 0 1 1 0 0 0
8 0 0 -1 0 -1 0 0 0 0 1 1 1 1 0 1 -1 0 0 0
8 0 0 0 1 0 0 0 1 0 -1 0 -1 0 0 -1 -1 0 -1 1
8 0 0 0 1 0 0 0 1 0 1 0 -1 0 0 -1 1 0 -1 1
8 0 0 0 1 0 0 0 1 0 -1 0 1 0 0 -1 1 0 -1 1
8 0 0 0 1 0 0 0 1 0 1 0 1 0 0 -1 -1 0 -1 1
8 0 0 0 1 0 0 0 1 0 -1 0 -1 0 0 1 1 0 -1 1
8 0 0 0 1 0 0 0 1 0 1 0 -1 0 0 1 -1 0 -1 1
8 0 0 0 1 0 0 0 1 0 -1 0 1 0 0 1 -1 0 -1 1
8 0 0 0 1 0 0 0 1 0 1 0 1 0 0 1 1 0 -1 1
8 0 0 0 1 0 0 0 1 0 -1 0 -1 0 0 -1 -1 0 1 -1
8 0 0 0 1 0 0 0 1 0 1 0 -1 0 0 -1 1 0 1 -1
8 0 0 0 1 0 0 0 1 0 -1 0 1 0 0 -1 1 0 1 -1
8 0 0 0 1 0 0 0 1 0 1 0 1 0 0 -1 -1 0 1 -1
8 0 0 0 1 0 0 0 1 0 -1 0 -1 0 0 1 1 0 1 -1
8 0 0 0 1 0 0 0 1 0 1 0 -1 0 0 1 -1 0 1 -1
8 0 0 0 1 0 0 0 1 0 -1 0 1 0 0 1 -1 0 1 -1
8 0 0 0 1 0 0 0 1 0 1 0 1 0 0 1 1 0 1 -1
8 0 0 0 -1 0 0 0 1 0 -1 0 -1 0 0 -1 1 0 -1 1
8 0 0 0 -1 0 0 0 1 0 1 0 -1 0 0 -1 -1 0 -1 1
8 0 0 0 -1 0 0 0 1 0 -1 0 1 0 0 -1 -1 0 -1 1
8 0 0 0 -1 0 0 0 1 0 1 0 1 0 0 -1 1 0 -1 1
8 0 0 0 -1 0 0 0 1 0 -1 0 -1 0 0 1 -1 0 -1 1
8 0 0 0 -1 0 0 0 1 0 1 0 -1 0 0 1 1 0 -1 1
8 0 0 0 -1 0 0 0 1 0 -1 0 1 0 0 1 1 0 -1 1
8 0 0 0 -1 0 0 0 1 0 1 0 1 0 0 1 -1 0 -1 1
8 0 0 0 -1 0 0 0 1 0 -1 0 -1 0 0 -1 1 0 1 -1
8 0 0 0 -1 0 0 0 1 0 1 0 -1 0 0 -1 -1 0 1 -1
8 0 0 0 -1 0 0 0 1 0 -1 0 1 0 0 -1 -1 0 1 -1
8 0 0 0 -1 0 0 0 1 0 1 0 1 0 0 -1 1 0 1 -1
8 0 0 0 -1 0 0 0 1 0 -1 0 -1 0 0 1 -1 0 1 -1
8 0 0 0 -1 0 0 0 1 0 1 0 -1 0 0 1 1 0 1 -1
8 0 0 0 -1 0 0 0 1 0 -1 0 1 0 0 1 1 0 1 -1
8 0 0 0 -1 0 0 0 1 0 1 0 1 0 0 1 -1 0 1 -1
8 0 0 0 1 0 0 0 -1 0 -1 0 -1 0 0 -1 1 0 -1 1
8 0 0 0 1 0 0 0 -1 0 1 0 -1 0 0 -1 -1 0 -1 1
8 0 0 0 1 0 0 0 -1 0 -1 0 1 0 0 -1 -1 0 -1 1
8 0 0 0 1 0 0 0 -1 0 1 0 1 0 0 -1 1 0 -1 1
8 0 0 0 1 0 0 0 -1 0 -1 0 -1 0 0 1 -1 0 -1 1
8 0 0 0 1 0 0 0 -1 0 1 0 -1 0 0 1 1 0 -1 1
8 0 0 0 1 0 0 0 -1 0 -1 0 1 0 0 1 1 0 -1 1
8 0 0 0 1 0 0 0 -1 0 1 0 1 0 0 1 -1 0 -1 1
8 0 0 0 1 0 0 0 -1 0 -1 0 -1 0 0 -1 1 0 1 -1
8 0 0 0 1 0 0 0 -1 0 1 0 -1 0 0 -1 -1 0 1 -1
8 0 0 0 1 0 0 0 -1 0 -1 0 1 0 0 -1 -1 0 1 -1
8 0 0 0 1 0 0 0 -1 0 1 0 1 0 0 -1 1 0 1 -1
8 0 0 0 1 0 0 0 -1 0 -1 0 -1 0 0 1 -1 0 1 -1
8 0 0 0 1 0 0 0 -1 0 1 0 -1 0 0 1 1 0 1 -1
8 0 0 0 1 0 0 0 -1 0 -1 0 1 0 0 1 1 0 1 -1
8 0 0 0 1 0 0 0 -1 0 1 0 1 0 0 1 -1 0 1 -1
8 0 0 0 -1 0 0 0 -1 0 -1 0 -1 0 0 -1 -1 0 -1 1
8 0 0 0 -1 0 0 0 -1 0 1 0 -1 0 0 -1 1 0 -1 1
8 0 0 0 -1 0 0 0 -1 0 -1 0 1 0 0 -1 1 0 -1 1
8 0 0 0 -1 0 0 0 -1 0 1 0 1 0 0 -1 -1 0 -1 1
8 0 0 0 -1 0 0 0 -1 0 -1 0 -1 0 0 1 1 0 -1 1
8 0 0 0 -1 0 0 0 -1 0 1 0 -1 0 0 1 -1 0 -1 1
8 0 0 0 -1 0 0 0 -1 0 -1 0 1 0 0 1 -1 0 -1 1
8 0 0 0 -1 0 0 0 -1 0 1 0 1 0 0 1 1 0 -1 1
8 0 0 0 -1 0 0 0 -1 0 -1 0 -1 0 0 -1 -1 0 1 -1
8 0 0 0 -1 0 0 0 -1 0 1 0 -1 0 0 -1 1 0 1 -1
8 0 0 0 -1 0 0 0 -1 0 -1 0 1 0 0 -1 1 0 1 -1
8 0 0 0 -1 0 0 0 -1 0 1 0 1 0 0 -1 -1 0 1 -1
8 0 0 0 -1 0 0 0 -1 0 -1 0 -1 0 0 1 1 0 1 -1
8 0 0 0 -1 0 0 0 -1 0 1 0 -1 0 0 1 -1 0 1 -1
8 0 0 0 -1 0 0 0 -1 0 -1 0 1 0 0 1 -1 0 1 -1
8 0 0 0 -1 0 0 0 -1 0 1 0 1 0 0 1 1 0 1 -1
8 1 0 1 0 0 0 1 1 -1 -1 0 -1 0 0 0 1 0 0 0
8 1 0 1 0 0 0 1 1 -1 1 0 -1 0 0 0 -1 0 0 0
8 1 0 1 0 0 0 1 1 -1 -1 0 1 0 0 0 -1 0 0 0
8 1 0 1 0 0 0 1 1 -1 1 0 1 0 0 0 1 0 0 0
8 1 0 1 0 0 0 1 1 1 -1 0 -1 0 0 0 -1 0 0 0
8 1 0 1 0 0 0 1 1 1 1 0 -1 0 0 0 1 0 0 0
8 1 0 1 0 0 0 1 1 1 -1 0 1 0 0 0 1 0 0 0
8 1 0 1 0 0 0 1 1 1 1 0 1 0 0 0 -1 0 0 0
8 1 0 1 0 0 0 -1 1 -1 -1 0 -1 0 0 0 -1 0 0 0
8 1 0 1 0 0 0 -1 1 -1 1 0 -1 0 0 0 1 0 0 0
8 1 0 1 0 0 0 -1 1 -1 -1 0 1 0 0 0 1 0 0 0
8 1 0 1 0 0 0 -1 1 -1 1 0 1 0 0 0 -1 0 0 0
8 1 0 1 0 0 0 -1 1 1 -1 0 -1 0 0 0 1 0 0 0
8 1 0 1 0 0 0 -1 1 1 1 0 -1 0 0 0 -1 0 0 0
8 1 0 1 0 0 0 -1 1 1 -1 0 1 0 0 0 -1 0 0 0
8 1 0 1 0 0 0 -1 1 1 1 0 1 0 0 0 1 0 0 0
8 -1 0 1 0 0 0 1 1 -1 -1 0 -1 0 0 0 -1 0 0 0
8 -1 0 1 0 0 0 1 1 -1 1 0 -1 0 0 0 1 0 0 0
8 -1 0 1 0 0 0 1 1 -1 -1 0 1 0 0 0 1 0 0 0
8 -1 0 1 0 0 0 1 1 -1 1 0 1 0 0 0 -1 0 0 0
8 -1 0 1 0 0 0 1 1 1 -1 0 -1 0 0 0 1 0 0 0
8 -1 0 1 0 0 0 1 1 1 1 0 -1 0 0 0 -1 0 0 0
8 -1 0 1 0 0 0 1 1 1 -1 0 1 0 0 0 -1 0 0 0
8 -1 0 1 0 0 0 1 1 1 1 0 1 0 0 0 1 0 0 0
8 -1 0 1 0 0 0 -1 1 -1 -1 0 -1 0 0 0 1 0 0 0
8 -1 0 1 0 0 0 -1 1 -1 1 0 -1 0 0 0 -1 0 0 0
8 -1 0 1 0 0 0 -1 1 -1 -1 0 1 0 0 0 -1 0 0 0
8 -1 0 1 0 0 0 -1 1 -1 1 0 1 0 0 0 1 0 0 0
8 -1 0 1 0 0 0 -1 1 1 -1 0 -1 0 0 0 -1 0 0 0
8 -1 0 1 0 0 0 -1 1 1 1 0 -1 0 0 0 1 0 0 0
8 -1 0 1 0 0 0 -1 1 1 -1 0 1 0 0 0 1 0 0 0
8 -1 0 1 0 0 0 -1 1 1 1 0 1 0 0 0 -1 0 0 0
8 1 0 -1 0 0 0 1 1 -1 -1 0 -1 0 0 0 -1 0 0 0
8 1 0 -1 0 0 0 1 1 -1 1 0 -1 0 0 0 1 0 0 0
8 1 0 -1 0 0 0 1 1 -1 -1 0 1 0 0 0 1 0 0 0
8 1 0 -1 0 0 0 1 1 -1 1 0 1 0 0 0 -1 0 0 0
8 1 0 -1 0 0 0 1 1 1 -1 0 -1 0 0 0 1 0 0 0
8 1 0 -1 0 0 0 1 1 1 1 0 -1 0 0 0 -1 0 0 0
8 1 0 -1 0 0 0 1 1 1 -1 0 1 0 0 0 -1 0 0 0
8 1 0 -1 0 0 0 1 1 1 1 0 1 0 0 0 1 0 0 0
8 1 0 -1 0 0 0 -1 1 -1 -1 0 -1 0 0 0 1 0 0 0
8 1 0 -1 0 0 0 -1 1 -1 1 0 -1 0 0 0 -1 0 0 0
8 1 0 -1 0 0 0 -1 1 -1 -1 0 1 0 0 0 -1 0 0 0
8 1 0 -1 0 0 0 -1 1 -1 1 0 1 0 0 0 1 0 0 0
8 1 0 -1 0 0 0 -1 1 1 -1 0 -1 0 0 0 -1 0 0 0
8 1 0 -1 0 0 0 -1 1 1 1 0 -1 0 0 0 1 0 0 0
8 1 0 -1 0 0 0 -1 1 1 -1 0 1 0 0 0 1 0 0 0
8 1 0 -1 0 0 0 -1 1 1 1 0 1 0 0 0 -1 0 0 0
8 -1 0 -1 0 0 0 1 1 -1 -1 0 -1 0 0 0 1 0 0 0
8 -1 0 -1 0 0 0 1 1 -1 1 0 -1 0 0 0 -1 0 0 0
8 -1 0 -1 0 0 0 1 1 -1 -1 0 1 0 0 0 -1 0 0 0
8 -1 0 -1 0 0 0 1 1 -1 1 0 1 0 0 0 1 0 0 0
8 -1 0 -1 0 0 0 1 1 1 -1 0 -1 0 0 0 -1 0 0 0
8 -1 0 -1 0 0 0 1 1 1 1 0 -1 0 0 0 1 0 0 0
8 -1 0 -1 0 0 0 1 1 1 -1 0 1 0 0 0 1 0 0 0
8 -1 0 -1 0 0 0 1 1 1 1 0 1 0 0 0 -1 0 0 0
8 -1 0 -1 0 0 0 -1 1 -1 -1 0 -1 0 0 0 -1 0 0 0
8 -1 0 -1 0 0 0 -1 1 -1 1 0 -1 0 0 0 1 0 0 0
8 -1 0 -1 0 0 0 -1 1 -1 -1 0 1 0 0 0 1 0 0 0
8 -1 0 -1 0 0 0 -1 1 -1 1 0 1 0 0 0 -1 0 0 0
8 -1 0 -1 0 0 0 -1 1 1 -1 0 -1 0 0 0 1 0 0 0
8 -1 0 -1 0 0 0 -1 1 1 1 0 -1 0 0 0 -1 0 0 0
8 -1 0 -1 0 0 0 -1 1 1 -1 0 1 0 0 0 -1 0 0 0
8 -1 0 -1 0 0 0 -1 1 1 1 0 1 0 0 0 1 0 0 0
8 1 0 1 0 0 0 1 -1 -1 -1 0 -1 0 0 0 -1 0 0 0
8 1 0 1 0 0 0 1 -1 -1 1 0 -1 0 0 0 1 0 0 0
8 1 0 1 0 0 0 1 -1 -1 -1 0 1 0 0 0 1 0 0 0
8 1 0 1 0 0 0 1 -1 -1 1 0 1 0 0 0 -1 0 0 0
8 1 0 1 0 0 0 1 -1 1 -1 0 -1 0 0 0 1 0 0 0
8 1 0 1 0 0 0 1 -1 1 1 0 -1 0 0 0 -1 0 0 0
8 1 0 1 0 0 0 1 -1 1 -1 0 1 0 0 0 -1 0 0 0
8 1 0 1 0 0 0 1 -1 1 1 0 1 0 0 0 1 0 0 0
8 1 0 1 0 0 0 -1 -1 -1 -1 0 -1 0 0 0 1 0 0 0
8 1 0 1 0 0 0 -1 -1 -1 1 0 -1 0 0 0 -1 0 0 0
8 1 0 1 0 0 0 -1 -1 -1 -1 0 1 0 0 0 -1 0 0 0
8 1 0 1 0 0 0 -1 -1 -1 1 0 1 0 0 0 1 0 0 0
8 1 0 1 0 0 0 -1 -1 1 -1 0 -1 0 0 0 -1 0 0 0
8 1 0 1 0 0 0 -1 -1 1 1 0 -1 0 0 0 1 0 0 0
8 1 0 1 0 0 0 -1 -1 1 -1 0 1 0 0 0 1 0 0 0
8 1 0 1 0 0 0 -1 -1 1 1 0 1 0 0 0 -1 0 0 0
8 -1 0 1 0 0 0 1 -1 -1 -1 0 -1 0 0 0 1 0 0 0
8 -1 0 1 0 0 0 1 -1 -1 1 0 -1 0 0 0 -1 0 0 0
8 -1 0 1 0 0 0 1 -1 -1 -1 0 1 0 0 0 -1 0 0 0
8 -1 0 1 0 0 0 1 -1 -1 1 0 1 0 0 0 1 0 0 0
8 -1 0 1 0 0 0 1 -1 1 -1 0 -1 0 0 0 -1 0 0 0
8 -1 0 1 0 0 0 1 -1 1 1 0 -1 0 0 0 1 0 0 0
8 -1 0 1 0 0 0 1 -1 1 -1 0 1 0 0 0 1 0 0 0
8 -1 0 1 0 0 0 1 -1 1 1 0 1 0 0 0 -1 0 0 0
8 -1 0 1 0 0 0 -1 -1 -1 -1 0 -1 0 0 0 -1 0 0 0
8 -1 0 1 0 0 0 -1 -1 -1 1 0 -1 0 0 0 1 0 0 0
8 -1 0 1 0 0 0 -1 -1 -1 -1 0 1 0 0 0 1 0 0 0
8 -1 0 1 0 0 0 -1 -1 -1 1 0 1 0 0 0 -1 0 0 0
8 -1 0 1 0 0 0 -1 -1 1 -1 0 -1 0 0 0 1 0 0 0
8 -1 0 1 0 0 0 -1 -1 1 1 0 -1 0 0 0 -1 0 0 0
8 -1 0 1 0 0 0 -1 -1 1 -1 0 1 0 0 0 -1 0 0 0
8 -1 0 1 0 0 0 -1 -1 1 1 0 1 0 0 0 1 0 0 0
8 1 0 -1 0 0 0 1 -1 -1 -1 0 -1 0 0 0 1 0 0 0
8 1 0 -1 0 0 0 1 -1 -1 1 0 -1 0 0 0 -1 0 0 0
8 1 0 -1 0 0 0 1 -1 -1 -1 0 1 0 0 0 -1 0 0 0
8 1 0 -1 0 0 0 1 -1 -1 1 0 1 0 0 0 1 0 0 0
8 1 0 -1 0 0 0 1 -1 1 -1 0 -1 0 0 0 -1 0 0 0
8 1 0 -1 0 0 0 1 -1 1 1 0 -1 0 0 0 1 0 0 0
8 1 0 -1 0 0 0 1 -1 1 -1 0 1 0 0 0 1 0 0 0
8 1 0 -1 0 0 0 1 -1 1 1 0 1 0 0 0 -1 0 0 0
8 1 0 -1 0 0 0 -1 -1 -1 -1 0 -1 0 0 0 -1 0 0 0
8 1 0 -1 0 0 0 -1 -1 -1 1 0 -1 0 0 0 1 0 0 0
8 1 0 -1 0 0 0 -1 -1 -1 -1 0 1 0 0 0 1 0 0 0
8 1 0 -1 0 0 0 -1 -1 -1 1 0 1 0 0 0 -1 0 0 0
8 1 0 -1 0 0 0 -1 -1 1 -1 0 -1 0 0 0 1 0 0 0
8 1 0 -1 0 0 0 -1 -1 1 1 0 -1 0 0 0 -1 0 0 0
8 1 0 -1 0 0 0 -1 -1 1 -1 0 1 0 0 0 -1 0 0 0
8 1 0 -1 0 0 0 -1 -1 1 1 0 1 0 0 0 1 0 0 0
8 -1 0 -1 0 0 0 1 -1 -1 -1 0 -1 0 0 0 -1 0 0 0
8 -1 0 -1 0 0 0 1 -1 -1 1 0 -1 0 0 0 1 0 0 0
8 -1 0 -1 0 0 0 1 -1 -1 -1 0 1 0 0 0 1 0 0 0
8 -1 0 -1 0 0 0 1 -1 -1 1 0 1 0 0 0 -1 0 0 0
8 -1 0 -1 0 0 0 1 -1 1 -1 0 -1 0 0 0 1 0 0 0
8 -1 0 -1 0 0 0 1 -1 1 1 0 -1 0 0 0 -1 0 0 0
8 -1 0 -1 0 0 0 1 -1 1 -1 0 1 0 0 0 -1 0 0 0
8 -1 0 -1 0 0 0 1 -1 1 1 0 1 0 0 0 1 0 0 0
8 -1 0 -1 0 0 0 -1 -1 -1 -1 0 -1 0 0 0 1 0 0 0
8 -1 0 -1 0 0 0 -1 -1 -1 1 0 -1 0 0 0 -1 0 0 0
8 -1 0 -1 0 0 0 -1 -1 -1 -1 0 1 0 0 0 -1 0 0 0
8 -1 0 -1 0 0 0 -1 -1 -1 1 0 1 0 0 0 1 0 0 0
8 -1 0 -1 0 0 0 -1 -1 1 -1 0 -1 0 0 0 -1 0 0 0
8 -1 0 -1 0 0 0 -1 -1 1 1 0 -1 0 0 0 1 0 0 0
8 -1 0 -1 0 0 0 -1 -1 1 -1 0 1 0 0 0 1 0 0 0
8 -1 0 -1 0 0 0 -1 -1 1 1 0 1 0 0 0 -1 0 0 0
8 0 0 0 0 0 -1 0 0 -1 -1 0 -1 -1 0 0 -1 -1 -1 0
8 0 0 0 0 0 -1 0 0 -1 1 0 -1 -1 0 0 1 -1 -1 0
8 0 0 0 0 0 -1 0 0 -1 -1 0 1 -1 0 0 1 -1 -1 0
8 0 0 0 0 0 -1 0 0 -1 1 0 1 -1 0 0 -1 -1 -1 0
8 0 0 0 0 0 -1 0 0 1 -1 0 -1 -1 0 0 1 -1 -1 0
8 0 0 0 0 0 -1 0 0 1 1 0 -1 -1 0 0 -1 -1 -1 0
8 0 0 0 0 0 -1 0 0 1 -1 0 1 -1 0 0 -1 -1 -1 0
8 0 0 0 0 0 -1 0 0 1 1 0 1 -1 0 0 1 -1 -1 0
8 0 0 0 0 0 -1 0 0 -1 -1 0 -1 1 0 0 1 -1 -1 0
8 0 0 0 0 0 -1 0 0 -1 1 0 -1 1 0 0 -1 -1 -1 0
8 0 0 0 0 0 -1 0 0 -1 -1 0 1 1 0 0 -1 -1 -1 0
8 0 0 0 0 0 -1 0 0 -1 1 0 1 1 0 0 1 -1 -1 0
8 0 0 0 0 0 -1 0 0 1 -1 0 -1 1 0 0 -1 -1 -1 0
8 0 0 0 0 0 -1 0 0 1 1 0 -1 1 0 0 1 -1 -1 0
8 0 0 0 0 0 -1 0 0 1 -1 0 1 1 0 0 1 -1 -1 0
8 0 0 0 0 0 -1 0 0 1 1 0 1 1 0 0 -1 -1 -1 0
8 0 0 0 0 0 -1 0 0 -1 -1 0 -1 -1 0 0 -1 1 1 0
8 0 0 0 0 0 -1 0 0 -1 1 0 -1 -1 0 0 1 1 1 0
8 0 0 0 0 0 -1 0 0 -1 -1 0 1 -1 0 0 1 1 1 0
8 0 0 0 0 0 -1 0 0 -1 1 0 1 -1 0 0 -1 1 1 0
8 0 0 0 0 0 -1 0 0 1 -1 0 -1 -1 0 0 1 1 1 0
8 0 0 0 0 0 -1 0 0 1 1 0 -1 -1 0 0 -1 1 1 0
8 0 0 0 0 0 -1 0 0 1 -1 0 1 -1 0 0 -1 1 1 0
8 0 0 0 0 0 -1 0 0 1 1 0 1 -1 0 0 1 1 1 0
8 0 0 0 0 0 -1 0 0 -1 -1 0 -1 1 0 0 1 1 1 0
8 0 0 0 0 0 -1 0 0 -1 1 0 -1 1 0 0 -1 1 1 0
8 0 0 0 0 0 -1 0 0 -1 -1 0 1 1 0 0 -1 1 1 0
8 0 0 0 0 0 -1 0 0 -1 1 0 1 1 0 0 1 1 1 0
8 0 0 0 0 0 -1 0 0 1 -1 0 -1 1 0 0 -1 1 1 0
8 0 0 0 0 0 -1 0 0 1 1 0 -1 1 0 0 1 1 1 0
8 0 0 0 0 0 -1 0 0 1 -1 0 1 1 0 0 1 1 1 0
8 0 0 0 0 0 -1 0 0 1 1 0 1 1 0 0 -1 1 1 0
8 0 0 0 0 0 1 0 0 -1 -1 0 -1 -1 0 0 1 -1 -1 0
8 0 0 0 0 0 1 0 0 -1 1 0 -1 -1 0 0 -1 -1 -1 0
8 0 0 0 0 0 1 0 0 -1 -1 0 1 -1 0 0 -1 -1 -1 0
8 0 0 0 0 0 1 0 0 -1 1 0 1 -1 0 0 1 -1 -1 0
8 0 0 0 0 0 1 0 0 1 -1 0 -1 -1 0 0 -1 -1 -1 0
8 0 0 0 0 0 1 0 0 1 1 0 -1 -1 0 0 1 -1 -1 0
8 0 0 0 0 0 1 0 0 1 -1 0 1 -1 0 0 1 -1 -1 0
8 0 0 0 0 0 1 0 0 1 1 0 1 -1 0 0 -1 -1 -1 0
8 0 0 0 0 0 1 0 0 -1 -1 0 -1 1 0 0 -1 -1 -1 0
8 0 0 0 0 0 1 0 0 -1 1 0 -1 1 0 0 1 -1 -1 0
8 0 0 0 0 0 1 0 0 -1 -1 0 1 1 0 0 1 -1 -1 0
8 0 0 0 0 0 1 0 0 -1 1 0 1 1 0 0 -1 -1 -1 0
8 0 0 0 0 0 1 0 0 1 -1 0 -1 1 0 0 1 -1 -1 0
8 0 0 0 0 0 1 0 0 1 1 0 -1 1 0 0 -1 -1 -1 0
8 0 0 0 0 0 1 0 0 1 -1 0 1 1 0 0 -1 -1 -1 0
8 0 0 0 0 0 1 0 0 1 1 0 1 1 0 0 1 -1 -1 0
8 0 0 0 0 0 1 0 0 -1 -1 0 -1 -1 0 0 1 1 1 0
8 0 0 0 0 0 1 0 0 -1 1 0 -1 -1 0 0 -1 1 1 0
8 0 0 0 0 0 1 0 0 -1 -1 0 1 -1 0 0 -1 1 1 0
8 0 0 0 0 0 1 0 0 -1 1 0 1 -1 0 0 1 1 1 0
8 0 0 0 0 0 1 0 0 1 -1 0 -1 -1 0 0 -1 1 1 0
8 0 0 0 0 0 1 0 0 1 1 0 -1 -1 0 0 1 1 1 0
8 0 0 0 0 0 1 0 0 1 -1 0 1 -1 0 0 1 1 1 0
8 0 0 0 0 0 1 0 0 1 1 0 1 -1 0 0 -1 1 1 0
8 0 0 0 0 0 1 0 0 -1 -1 0 -1 1 0 0 -1 1 1 0
8 0 0 0 0 0 1 0 0 -1 1 0 -1 1 0 0 1 1 1 0
8 0 0 0 0 0 1 0 0 -1 -1 0 1 1 0 0 1 1 1 0
8 0 0 0 0 0 1 0 0 -1 1 0 1 1 0 0 -1 1 1 0
8 0 0 0 0 0 1 0 0 1 -1 0 -1 1 0 0 1 1 1 0
8 0 0 0 0 0 1 0 0 1 1 0 -1 1 0 0 -1 1 1 0
8 0 0 0 0 0 1 0 0 1 -1 0 1 1 0 0 -1 1 1 0
8 0 0 0 0 0 1 0 0 1 1 0 1 1 0 0 1 1 1 0
8 1 -1 0 1 0 0 0 0 0 0 -1 0 0 -1 0 -1 0 -1 -1
8 1 -1 0 1 0 0 0 0 0 0 -1 0 0 1 0 1 0 -1 -1
8 1 -1 0 -1 0 0 0 0 0 0 -1 0 0 -1 0 1 0 -1 -1
8 1 -1 0 -1 0 0 0 0 0 0 -1 0 0 1 0 -1 0 -1 -1
8 1 -1 0 1 0 0 0 0 0 0 1 0 0 -1 0 1 0 -1 -1
8 1 -1 0 1 0 0 0 0 0 0 1 0 0 1 0 -1 0 -1 -1
8 1 -1 0 -1 0 0 0 0 0 0 1 0 0 -1 0 -1 0 -1 -1
8 1 -1 0 -1 0 0 0 0 0 0 1 0 0 1 0 1 0 -1 -1
8 -1 -1 0 1 0 0 0 0 0 0 -1 0 0 -1 0 1 0 -1 -1
8 -1 -1 0 1 0 0 0 0 0 0 -1 0 0 1 0 -1 0 -1 -1
8 -1 -1 0 -1 0 0 0 0 0 0 -1 0 0 -1 0 -1 0 -1 -1
8 -1 -1 0 -1 0 0 0 0 0 0 -1 0 0 1 0 1 0 -1 -1
8 -1 -1 0 1 0 0 0 0 0 0 1 0 0 -1 0 -1 0 -1 -1
8 -1 -1 0 1 0 0 0 0 0 0 1 0 0 1 0 1 0 -1 -1
8 -1 -1 0 -1 0 0 0 0 0 0 1 0 0 -1 0 1 0 -1 -1
8 -1 -1 0 -1 0 0 0 0 0 0 1 0 0 1 0 -1 0 -1 -1
8 1 1 0 1 0 0 0 0 0 0 -1 0 0 -1 0 1 0 -1 -1
8 1 1 0 1 0 0 0 0 0 0 -1 0 0 1 0 -1 0 -1 -1
8 1 1 0 -1 0 0 0 0 0 0 -1 0 0 -1 0 -1 0 -1 -1
8 1 1 0 -1 0 0 0 0 0 0 -1 0 0 1 0 1 0 -1 -1
8 1 1 0 1 0 0 0 0 0 0 1 0 0 -1 0 -1 0 -1 -1
8 1 1 0 1 0 0 0 0 0 0 1 0 0 1 0 1 0 -1 -1
8 1 1 0 -1 0 0 0 0 0 0 1 0 0 -1 0 1 0 -1 -1
8 1 1 0 -1 0 0 0 0 0 0 1 0 0 1 0 -1 0 -1 -1
8 -1 1 0 1 0 0 0 0 0 0 -1 0 0 -1 0 -1 0 -1 -1
8 -1 1 0 1 0 0 0 0 0 0 -1 0 0 1 0 1 0 -1 -1
8 -1 1 0 -1 0 0 0 0 0 0 -1 0 0 -1 0 1 0 -1 -1
8 -1 1 0 -1 0 0 0 0 0 0 -1 0 0 1 0 -1 0 -1 -1
8 -1 1 0 1 0 0 0 0 0 0 1 0 0 -1 0 1 0 -1 -1
8 -1 1 0 1 0 0 0 0 0 0 1 0 0 1 0 -1 0 -1 -1
8 -1 1 0 -1 0 0 0 0 0 0 1 0 0 -1 0 -1 0 -1 -1
8 -1 1 0 -1 0 0 0 0 0 0 1 0 0 1 0 1 0 -1 -1
8 1 -1 0 1 0 0 0 0 0 0 -1 0 0 -1 0 -1 0 1 1
8 1 -1 0 1 0 0 0 0 0 0 -1 0 0 1 0 1 0 1 1
8 1 -1 0 -1 0 0 0 0 0 0 -1 0 0 -1 0 1 0 1 1
8 1 -1 0 -1 0 0 0 0 0 0 -1 0 0 1 0 -1 0 1 1
8 1 -1 0 1 0 0 0 0 0 0 1 0 0 -1 0 1 0 1 1
8 1 -1 0 1 0 0 0 0 0 0 1 0 0 1 0 -1 0 1 1
8 1 -1 0 -1 0 0 0 0 0 0 1 0 0 -1 0 -1 0 1 1
8 1 -1 0 -1 0 0 0 0 0 0 1 0 0 1 0 1 0 1 1
8 -1 -1 0 1 0 0 0 0 0 0 -1 0 0 -1 0 1 0 1 1
8 -1 -1 0 1 0 0 0 0 0 0 -1 0 0 1 0 -1 0 1 1
8 -1 -1 0 -1 0 0 0 0 0 0 -1 0 0 -1 0 -1 0 1 1
8 -1 -1 0 -1 0 0 0 0 0 0 -1 0 0 1 0 1 0 1 1
8 -1 -1 0 1 0 0 0 0 0 0 1 0 0 -1 0 -1 0 1 1
8 -1 -1 0 1 0 0 0 0 0 0 1 0 0 1 0 1 0 1 1
8 -1 -1 0 -1 0 0 0 0 0 0 1 0 0 -1 0 1 0 1 1
8 -1 -1 0 -1 0 0 0 0 0 0 1 0 0 1 0 -1 0 1 1
8 1 1 0 1 0 0 0 0 0 0 -1 0 0 -1 0 1 0 1 1
8 1 1 0 1 0 0 0 0 0 0 -1 0 0 1 0 -1 0 1 1
8 1 1 0 -1 0 0 0 0 0 0 -1 0 0 -1 0 -1 0 1 1
8 1 1 0 -1 0 0 0 0 0 0 -1 0 0 1 0 1 0 1 1
8 1 1 0 1 0 0 0 0 0 0 1 0 0 -1 0 -1 0 1 1
8 1 1 0 1 0 0 0 0 0 0 1 0 0 1 0 1 0 1 1
8 1 1 0 -1 0 0 0 0 0 0 1 0 0 -1 0 1 0 1 1
8 1 1 0 -1 0 0 0 0 0 0 1 0 0 1 0 -1 0 1 1
8 -1 1 0 1 0 0 0 0 0 0 -1 0 0 -1 0 -1 0 1 1
8 -1 1 0 1 0 0 0 0 0 0 -1 0 0 1 0 1 0 1 1
8 -1 1 0 -1 0 0 0 0 0 0 -1 0 0 -1 0 1 0 1 1
8 -1 1 0 -1 0 0 0 0 0 0 -1 0 0 1 0 -1 0 1 1
8 -1 1 0 1 0 0 0 0 0 0 1 0 0 -1 0 1 0 1 1
8 -1 1 0 1 0 0 0 0 0 0 1 0 0 1 0 -1 0 1 1
8 -1 1 0 -1 0 0 0 0 0 0 1 0 0 -1 0 -1 0 1 1
8 -1 1 0 -1 0 0 0 0 0 0 1 0 0 1 0 1 0 1 1
8 0 -1 0 0 1 -1 1 0 0 0 0 0 0 -1 0 -1 -1 1 0
8 0 -1 0 0 1 -1 1 0 0 0 0 0 0 1 0 1 -1 1 0
8 0 -1 0 0 -1 -1 1 0 0 0 0 0 0 -1 0 1 -1 1 0
8 0 -1 0 0 -1 -1 1 0 0 0 0 0 0 1 0 -1 -1 1 0
8 0 -1 0 0 1 -1 -1 0 0 0 0 0 0 -1 0 1 -1 1 0
8 0 -1 0 0 1 -1 -1 0 0 0 0 0 0 1 0 -1 -1 1 0
8 0 -1 0 0 -1 -1 -1 0 0 0 0 0 0 -1 0 -1 -1 1 0
8 0 -1 0 0 -1 -1 -1 0 0 0 0 0 0 1 0 1 -1 1 0
8 0 -1 0 0 1 -1 1 0 0 0 0 0 0 -1 0 -1 1 -1 0
8 0 -1 0 0 1 -1 1 0 0 0 0 0 0 1 0 1 1 -1 0
8 0 -1 0 0 -1 -1 1 0 0 0 0 0 0 -1 0 1 1 -1 0
8 0 -1 0 0 -1 -1 1 0 0 0 0 0 0 1 0 -1 1 -1 0
8 0 -1 0 0 1 -1 -1 0 0 0 0 0 0 -1 0 1 1 -1 0
8 0 -1 0 0 1 -1 -1 0 0 0 0 0 0 1 0 -1 1 -1 0
8 0 -1 0 0 -1 -1 -1 0 0 0 0 0 0 -1 0 -1 1 -1 0
8 0 -1 0 0 -1 -1 -1 0 0 0 0 0 0 1 0 1 1 -1 0
8 0 1 0 0 1 -1 1 0 0 0 0 0 0 -1 0 1 -1 1 0
8 0 1 0 0 1 -1 1 0 0 0 0 0 0 1 0 -1 -1 1 0
8 0 1 0 0 -1 -1 1 0 0 0 0 0 0 -1 0 -1 -1 1 0
8 0 1 0 0 -1 -1 1 0 0 0 0 0 0 1 0 1 -1 1 0
8 0 1 0 0 1 -1 -1 0 0 0 0 0 0 -1 0 -1 -1 1 0
8 0 1 0 0 1 -1 -1 0 0 0 0 0 0 1 0 1 -1 1 0
8 0 1 0 0 -1 -1 -1 0 0 0 0 0 0 -1 0 1 -1 1 0
8 0 1 0 0 -1 -1 -1 0 0 0 0 0 0 1 0 -1 -1 1 0
8 0 1 0 0 1 -1 1 0 0 0 0 0 0 -1 0 1 1 -1 0
8 0 1 0 0 1 -1 1 0 0 0 0 0 0 1 0 -1 1 -1 0
8 0 1 0 0 -1 -1 1 0 0 0 0 0 0 -1 0 -1 1 -1 0
8 0 1 0 0 -1 -1 1 0 0 0 0 0 0 1 0 1 1 -1 0
8 0 1 0 0 1 -1 -1 0 0 0 0 0 0 -1 0 -1 1 -1 0
8 0 1 0 0 1 -1 -1 0 0 0 0 0 0 1 0 1 1 -1 0
8 0 1 0 0 -1 -1 -1 0 0 0 0 0 0 -1 0 1 1 -1 0
8 0 1 0 0 -1 -1 -1 0 0 0 0 0 0 1 0 -1 1 -1 0
8 0 -1 0 0 1 1 1 0 0 0 0 0 0 -1 0 1 -1 1 0
8 0 -1 0 0 1 1 1 0 0 0 0 0 0 1 0 -1 -1 1 0
8 0 -1 0 0 -1 1 1 0 0 0 0 0 0 -1 0 -1 -1 1 0
8 0 -1 0 0 -1 1 1 0 0 0 0 0 0 1 0 1 -1 1 0
8 0 -1 0 0 1 1 -1 0 0 0 0 0 0 -1 0 -1 -1 1 0
8 0 -1 0 0 1 1 -1 0 0 0 0 0 0 1 0 1 -1 1 0
8 0 -1 0 0 -1 1 -1 0 0 0 0 0 0 -1 0 1 -1 1 0
8 0 -1 0 0 -1 1 -1 0 0 0 0 0 0 1 0 -1 -1 1 0
8 0 -1 0 0 1 1 1 0 0 0 0 0 0 -1 0 1 1 -1 0
8 0 -1 0 0 1 1 1 0 0 0 0 0 0 1 0 -1 1 -1 0
8 0 -1 0 0 -1 1 1 0 0 0 0 0 0 -1 0 -1 1 -1 0
8 0 -1 0 0 -1 1 1 0 0 0 0 0 0 1 0 1 1 -1 0
8 0 -1 0 0 1 1 -1 0 0 0 0 0 0 -1 0 -1 1 -1 0
8 0 -1 0 0 1 1 -1 0 0 0 0 0 0 1 0 1 1 -1 0
8 0 -1 0 0 -1 1 -1 0 0 0 0 0 0 -1 0 1 1 -1 0
8 0 -1 0 0 -1 1 -1 0 0 0 0 0 0 1 0 -1 1 -1 0
8 0 1 0 0 1 1 1 0 0 0 0 0 0 -1 0 -1 -1 1 0
8 0 1 0 0 1 1 1 0 0 0 0 0 0 1 0 1 -1 1 0
8 0 1 0 0 -1 1 1 0 0 0 0 0 0 -1 0 1 -1 1 0
8 0 1 0 0 -1 1 1 0 0 0 0 0 0 1 0 -1 -1 1 0
8 0 1 0 0 1 1 -1 0 0 0 0 0 0 -1 0 1 -1 1 0
8 0 1 0 0 1 1 -1 0 0 0 0 0 0 1 0 -1 -1 1 0
8 0 1 0 0 -1 1 -1 0 0 0 0 0 0 -1 0 -1 -1 1 0
8 0 1 0 0 -1 1 -1 0 0 0 0 0 0 1 0 1 -1 1 0
8 0 1 0 0 1 1 1 0 0 0 0 0 0 -1 0 -1 1 -1 0
8 0 1 0 0 1 1 1 0 0 0 0 0 0 1 0 1 1 -1 0
8 0 1 0 0 -1 1 1 0 0 0 0 0 0 -1 0 1 1 -1 0
8 0 1 0 0 -1 1 1 0 0 0 0 0 0 1 0 -1 1 -1 0
8 0 1 0 0 1 1 -1 0 0 0 0 0 0 -1 0 1 1 -1 0
8 0 1 0 0 1 1 -1 0 0 0 0 0 0 1 0 -1 1 -1 0
8 0 1 0 0 -1 1 -1 0 0 0 0 0 0 -1 0 -1 1 -1 0
8 0 1 0 0 -1 1 -1 0 0 0 0 0 0 1 0 1 1 -1 0
8 1 0 1 1 0 0 0 1 0 0 0 0 -1 -1 -1 1 0 0 0
8 1 0 1 1 0 0 0 1 0 0 0 0 -1 1 -1 -1 0 0 0
8 1 0 1 1 0 0 0 1 0 0 0 0 -1 -1 1 -1 0 0 0
8 1 0 1 1 0 0 0 1 0 0 0 0 -1 1 1 1 0 0 0
8 1 0 1 -1 0 0 0 1 0 0 0 0 -1 -1 -1 -1 0 0 0
8 1 0 1 -1 0 0 0 1 0 0 0 0 -1 1 -1 1 0 0 0
8 1 0 1 -1 0 0 0 1 0 0 0 0 -1 -1 1 1 0 0 0
8 1 0 1 -1 0 0 0 1 0 0 0 0 -1 1 1 -1 0 0 0
8 1 0 1 1 0 0 0 1 0 0 0 0 1 -1 -1 -1 0 0 0
8 1 0 1 1 0 0 0 1 0 0 0 0 1 1 -1 1 0 0 0
8 1 0 1 1 0 0 0 1 0 0 0 0 1 -1 1 1 0 0 0
8 1 0 1 1 0 0 0 1 0 0 0 0 1 1 1 -1 0 0 0
8 1 0 1 -1 0 0 0 1 0 0 0 0 1 -1 -1 1 0 0 0
8 1 0 1 -1 0 0 0 1 0 0 0 0 1 1 -1 -1 0 0 0
8 1 0 1 -1 0 0 0 1 0 0 0 0 1 -1 1 -1 0 0 0
8 1 0 1 -1 0 0 0 1 0 0 0 0 1 1 1 1 0 0 0
8 -1 0 1 1 0 0 0 1 0 0 0 0 -1 -1 -1 -1 0 0 0
8 -1 0 1 1 0 0 0 1 0 0 0 0 -1 1 -1 1 0 0 0
8 -1 0 1 1 0 0 0 1 0 0 0 0 -1 -1 1 1 0 0 0
8 -1 0 1 1 0 0 0 1 0 0 0 0 -1 1 1 -1 0 0 0
8 -1 0 1 -1 0 0 0 1 0 0 0 0 -1 -1 -1 1 0 0 0
8 -1 0 1 -1 0 0 0 1 0 0 0 0 -1 1 -1 -1 0 0 0
8 -1 0 1 -1 0 0 0 1 0 0 0 0 -1 -1 1 -1 0 0 0
8 -1 0 1 -1 0 0 0 1 0 0 0 0 -1 1 1 1 0 0 0
8 -1 0 1 1 0 0 0 1 0 0 0 0 1 -1 -1 1 0 0 0
8 -1 0 1 1 0 0 0 1 0 0 0 0 1 1 -1 -1 0 0 0
8 -1 0 1 1 0 0 0 1 0 0 0 0 1 -1 1 -1 0 0 0
8 -1 0 1 1 0 0 0 1 0 0 0 0 1 1 1 1 0 0 0
8 -1 0 1 -1 0 0 0 1 0 0 0 0 1 -1 -1 -1 0 0 0
8 -1 0 1 -1 0 0 0 1 0 0 0 0 1 1 -1 1 0 0 0
8 -1 0 1 -1 0 0 0 1 0 0 0 0 1 -1 1 1 0 0 0
8 -1 0 1 -1 0 0 0 1 0 0 0 0 1 1 1 -1 0 0 0
8 1 0 -1 1 0 0 0 1 0 0 0 0 -1 -1 -1 -1 0 0 0
8 1 0 -1 1 0 0 0 1 0 0 0 0 -1 1 -1 1 0 0 0
8 1 0 -1 1 0 0 0 1 0 0 0 0 -1 -1 1 1 0 0 0
8 1 0 -1 1 0 0 0 1 0 0 0 0 -1 1 1 -1 0 0 0
8 1 0 -1 -1 0 0 0 1 0 0 0 0 -1 -1 -1 1 0 0 0
8 1 0 -1 -1 0 0 0 1 0 0 0 0 -1 1 -1 -1 0 0 0
8 1 0 -1 -1 0 0 0 1 0 0 0 0 -1 -1 1 -1 0 0 0
8 1 0 -1 -1 0 0 0 1 0 0 0 0 -1 1 1 1 0 0 0
8 1 0 -1 1 0 0 0 1 0 0 0 0 1 -1 -1 1 0 0 0
8 1 0 -1 1 0 0 0 1 0 0 0 0 1 1 -1 -1 0 0 0
8 1 0 -1 1 0 0 0 1 0 0 0 0 1 -1 1 -1 0 0 0
8 1 0 -1 1 0 0 0 1 0 0 0 0 1 1 1 1 0 0 0
8 1 0 -1 -1 0 0 0 1 0 0 0 0 1 -1 -1 -1 0 0 0
8 1 0 -1 -1 0 0 0 1 0 0 0 0 1 1 -1 1 0 0 0
8 1 0 -1 -1 0 0 0 1 0 0 0 0 1 -1 1 1 0 0 0
8 1 0 -1 -1 0 0 0 1 0 0 0 0 1 1 1 -1 0 0 0
8 -1 0 -1 1 0 0 0 1 0 0 0 0 -1 -1 -1 1 0 0 0
8 -1 0 -1 1 0 0 0 1 0 0 0 0 -1 1 -1 -1 0 0 0
8 -1 0 -1 1 0 0 0 1 0 0 0 0 -1 -1 1 -1 0 0 0
8 -1 0 -1 1 0 0 0 1 0 0 0 0 -1 1 1 1 0 0 0
8 -1 0 -1 -1 0 0 0 1 0 0 0 0 -1 -1 -1 -1 0 0 0
8 -1 0 -1 -1 0 0 0 1 0 0 0 0 -1 1 -1 1 0 0 0
8 -1 0 -1 -1 0 0 0 1 0 0 0 0 -1 -1 1 1 0 0 0
8 -1 0 -1 -1 0 0 0 1 0 0 0 0 -1 1 1 -1 0 0 0
8 -1 0 -1 1 0 0 0 1 0 0 0 0 1 -1 -1 -1 0 0 0
8 -1 0 -1 1 0 0 0 1 0 0 0 0 1 1 -1 1 0 0 0
8 -1 0 -1 1 0 0 0 1 0 0 0 0 1 -1 1 1 0 0 0
8 -1 0 -1 1 0 0 0 1 0 0 0 0 1 1 1 -1 0 0 0
8 -1 0 -1 -1 0 0 0 1 0 0 0 0 1 -1 -1 1 0 0 0
8 -1 0 -1 -1 0 0 0 1 0 0 0 0 1 1 -1 -1 0 0 0
8 -1 0 -1 -1 0 0 0 1 0 0 0 0 1 -1 1 -1 0 0 0
8 -1 0 -1 -1 0 0 0 1 0 0 0 0 1 1 1 1 0 0 0
8 1 0 1 1 0 0 0 -1 0 0 0 0 -1 -1 -1 -1 0 0 0
8 1 0 1 1 0 0 0 -1 0 0 0 0 -1 1 -1 1 0 0 0
8 1 0 1 1 0 0 0 -1 0 0 0 0 -1 -1 1 1 0 0 0
8 1 0 1 1 0 0 0 -1 0 0 0 0 -1 1 1 -1 0 0 0
8 1 0 1 -1 0 0 0 -1 0 0 0 0 -1 -1 -1 1 0 0 0
8 1 0 1 -1 0 0 0 -1 0 0 0 0 -1 1 -1 -1 0 0 0
8 1 0 1 -1 0 0 0 -1 0 0 0 0 -1 -1 1 -1 0 0 0
8 1 0 1 -1 0 0 0 -1 0 0 0 0 -1 1 1 1 0 0 0
8 1 0 1 1 0 0 0 -1 0 0 0 0 1 -1 -1 1 0 0 0
8 1 0 1 1 0 0 0 -1 0 0 0 0 1 1 -1 -1 0 0 0
8 1 0 1 1 0 0 0 -1 0 0 0 0 1 -1 1 -1 0 0 0
8 1 0 1 1 0 0 0 -1 0 0 0 0 1 1 1 1 0 0 0
8 1 0 1 -1 0 0 0 -1 0 0 0 0 1 -1 -1 -1 0 0 0
8 1 0 1 -1 0 0 0 -1 0 0 0 0 1 1 -1 1 0 0 0
8 1 0 1 -1 0 0 0 -1 0 0 0 0 1 -1 1 1 0 0 0
8 1 0 1 -1 0 0 0 -1 0 0 0 0 1 1 1 -1 0 0 0
8 -1 0 1 1 0 0 0 -1 0 0 0 0 -1 -1 -1 1 0 0 0
8 -1 0 1 1 0 0 0 -1 0 0 0 0 -1 1 -1 -1 0 0 0
8 -1 0 1 1 0 0 0 -1 0 0 0 0 -1 -1 1 -1 0 0 0
8 -1 0 1 1 0 0 0 -1 0 0 0 0 -1 1 1 1 0 0 0
8 -1 0 1 -1 0 0 0 -1 0 0 0 0 -1 -1 -1 -1 0 0 0
8 -1 0 1 -1 0 0 0 -1 0 0 0 0 -1 1 -1 1 0 0 0
8 -1 0 1 -1 0 0 0 -1 0 0 0 0 -1 -1 1 1 0 0 0
8 -1 0 1 -1 0 0 0 -1 0 0 0 0 -1 1 1 -1 0 0 0
8 -1 0 1 1 0 0 0 -1 0 0 0 0 1 -1 -1 -1 0 0 0
8 -1 0 1 1 0 0 0 -1 0 0 0 0 1 1 -1 1 0 0 0
8 -1 0 1 1 0 0 0 -1 0 0 0 0 1 -1 1 1 0 0 0
8 -1 0 1 1 0 0 0 -1 0 0 0 0 1 1 1 -1 0 0 0
8 -1 0 1 -1 0 0 0 -1 0 0 0 0 1 -1 -1 1 0 0 0
8 -1 0 1 -1 0 0 0 -1 0 0 0 0 1 1 -1 -1 0 0 0
8 -1 0 1 -1 0 0 0 -1 0 0 0 0 1 -1 1 -1 0 0 0
8 -1 0 1 -1 0 0 0 -1 0 0 0 0 1 1 1 1 0 0 0
8 1 0 -1 1 0 0 0 -1 0 0 0 0 -1 -1 -1 1 0 0 0
8 1 0 -1 1 0 0 0 -1 0 0 0 0 -1 1 -1 -1 0 0 0
8 1 0 -1 1 0 0 0 -1 0 0 0 0 -1 -1 1 -1 0 0 0
8 1 0 -1 1 0 0 0 -1 0 0 0 0 -1 1 1 1 0 0 0
8 1 0 -1 -1 0 0 0 -1 0 0 0 0 -1 -1 -1 -1 0 0 0
8 1 0 -1 -1 0 0 0 -1 0 0 0 0 -1 1 -1 1 0 0 0
8 1 0 -1 -1 0 0 0 -1 0 0 0 0 -1 -1 1 1 0 0 0
8 1 0 -1 -1 0 0 0 -1 0 0 0 0 -1 1 1 -1 0 0 0
8 1 0 -1 1 0 0 0 -1 0 0 0 0 1 -1 -1 -1 0 0 0
8 1 0 -1 1 0 0 0 -1 0 0 0 0 1 1 -1 1 0 0 0
8 1 0 -1 1 0 0 0 -1 0 0 0 0 1 -1 1 1 0 0 0
8 1 0 -1 1 0 0 0 -1 0 0 0 0 1 1 1 -1 0 0 0
8 1 0 -1 -1 0 0 0 -1 0 0 0 0 1 -1 -1 1 0 0 0
8 1 0 -1 -1 0 0 0 -1 0 0 0 0 1 1 -1 -1 0 0 0
8 1 0 -1 -1 0 0 0 -1 0 0 0 0 1 -1 1 -1 0 0 0
8 1 0 -1 -1 0 0 0 -1 0 0 0 0 1 1 1 1 0 0 0
8 -1 0 -1 1 0 0 0 -1 0 0 0 0 -1 -1 -1 -1 0 0 0
8 -1 0 -1 1 0 0 0 -1 0 0 0 0 -1 1 -1 1 0 0 0
8 -1 0 -1 1 0 0 0 -1 0 0 0 0 -1 -1 1 1 0 0 0
8 -1 0 -1 1 0 0 0 -1 0 0 0 0 -1 1 1 -1 0 0 0
8 -1 0 -1 -1 0 0 0 -1 0 0 0 0 -1 -1 -1 1 0 0 0
8 -1 0 -1 -1 0 0 0 -1 0 0 0 0 -1 1 -1 -1 0 0 0
8 -1 0 -1 -1 0 0 0 -1 0 0 0 0 -1 -1 1 -1 0 0 0
8 -1 0 -1 -1 0 0 0 -1 0 0 0 0 -1 1 1 1 0 0 0
8 -1 0 -1 1 0 0 0 -1 0 0 0 0 1 -1 -1 1 0 0 0
8 -1 0 -1 1 0 0 0 -1 0 0 0 0 1 1 -1 -1 0 0 0
8 -1 0 -1 1 0 0 0 -1 0 0 0 0 1 -1 1 -1 0 0 0
8 -1 0 -1 1 0 0 0 -1 0 0 0 0 1 1 1 1 0 0 0
8 -1 0 -1 -1 0 0 0 -1 0 0 0 0 1 -1 -1 -1 0 0 0
8 -1 0 -1 -1 0 0 0 -1 0 0 0 0 1 1 -1 1 0 0 0
8 -1 0 -1 -1 0 0 0 -1 0 0 0 0 1 -1 1 1 0 0 0
8 -1 0 -1 -1 0 0 0 -1 0 0 0 0 1 1 1 -1 0 0 0
8 0 0 0 1 0 -1 1 0 0 0 0 0 0 -1 -1 -1 -1 -1 0
8 0 0 0 1 0 -1 1 0 0 0 0 0 0 1 -1 1 -1 -1 0
8 0 0 0 1 0 -1 1 0 0 0 0 0 0 -1 1 1 -1 -1 0
8 0 0 0 1 0 -1 1 0 0 0 0 0 0 1 1 -1 -1 -1 0
8 0 0 0 -1 0 -1 1 0 0 0 0 0 0 -1 -1 1 -1 -1 0
8 0 0 0 -1 0 -1 1 0 0 0 0 0 0 1 -1 -1 -1 -1 0
8 0 0 0 -1 0 -1 1 0 0 0 0 0 0 -1 1 -1 -1 -1 0
8 0 0 0 -1 0 -1 1 0 0 0 0 0 0 1 1 1 -1 -1 0
8 0 0 0 1 0 -1 -1 0 0 0 0 0 0 -1 -1 1 -1 -1 0
8 0 0 0 1 0 -1 -1 0 0 0 0 0 0 1 -1 -1 -1 -1 0
8 0 0 0 1 0 -1 -1 0 0 0 0 0 0 -1 1 -1 -1 -1 0
8 0 0 0 1 0 -1 -1 0 0 0 0 0 0 1 1 1 -1 -1 0
8 0 0 0 -1 0 -1 -1 0 0 0 0 0 0 -1 -1 -1 -1 -1 0
8 0 0 0 -1 0 -1 -1 0 0 0 0 0 0 1 -1 1 -1 -1 0
8 0 0 0 -1 0 -1 -1 0 0 0 0 0 0 -1 1 1 -1 -1 0
8 0 0 0 -1 0 -1 -1 0 0 0 0 0 0 1 1 -1 -1 -1 0
8 0 0 0 1 0 -1 1 0 0 0 0 0 0 -1 -1 -1 1 1 0
8 0 0 0 1 0 -1 1 0 0 0 0 0 0 1 -1 1 1 1 0
8 0 0 0 1 0 -1 1 0 0 0 0 0 0 -1 1 1 1 1 0
8 0 0 0 1 0 -1 1 0 0 0 0 0 0 1 1 -1 1 1 0
8 0 0 0 -1 0 -1 1 0 0 0 0 0 0 -1 -1 1 1 1 0
8 0 0 0 -1 0 -1 1 0 0 0 0 0 0 1 -1 -1 1 1 0
8 0 0 0 -1 0 -1 1 0 0 0 0 0 0 -1 1 -1 1 1 0
8 0 0 0 -1 0 -1 1 0 0 0 0 0 0 1 1 1 1 1 0
8 0 0 0 1 0 -1 -1 0 0 0 0 0 0 -1 -1 1 1 1 0
8 0 0 0 1 0 -1 -1 0 0 0 0 0 0 1 -1 -1 1 1 0
8 0 0 0 1 0 -1 -1 0 0 0 0 0 0 -1 1 -1 1 1 0
8 0 0 0 1 0 -1 -1 0 0 0 0 0 0 1 1 1 1 1 0
8 0 0 0 -1 0 -1 -1 0 0 0 0 0 0 -1 -1 -1 1 1 0
8 0 0 0 -1 0 -1 -1 0 0 0 0 0 0 1 -1 1 1 1 0
8 0 0 0 -1 0 -1 -1 0 0 0 0 0 0 -1 1 1 1 1 0
8 0 0 0 -1 0 -1 -1 0 0 0 0 0 0 1 1 -1 1 1 0
8 0 0 0 1 0 1 1 0 0 0 0 0 0 -1 -1 1 -1 -1 0
8 0 0 0 1 0 1 1 0 0 0 0 0 0 1 -1 -1 -1 -1 0
8 0 0 0 1 0 1 1 0 0 0 0 0 0 -1 1 -1 -1 -1 0
8 0 0 0 1 0 1 1 0 0 0 0 0 0 1 1 1 -1 -1 0
8 0 0 0 -1 0 1 1 0 0 0 0 0 0 -1 -1 -1 -1 -1 0
8 0 0 0 -1 0 1 1 0 0 0 0 0 0 1 -1 1 -1 -1 0
8 0 0 0 -1 0 1 1 0 0 0 0 0 0 -1 1 1 -1 -1 0
8 0 0 0 -1 0 1 1 0 0 0 0 0 0 1 1 -1 -1 -1 0
8 0 0 0 1 0 1 -1 0 0 0 0 0 0 -1 -1 -1 -1 -1 0
8 0 0 0 1 0 1 -1 0 0 0 0 0 0 1 -1 1 -1 -1 0
8 0 0 0 1 0 1 -1 0 0 0 0 0 0 -1 1 1 -1 -1 0
8 0 0 0 1 0 1 -1 0 0 0 0 0 0 1 1 -1 -1 -1 0
8 0 0 0 -1 0 1 -1 0 0 0 0 0 0 -1 -1 1 -1 -1 0
8 0 0 0 -1 0 1 -1 0 0 0 0 0 0 1 -1 -1 -1 -1 0
8 0 0 0 -1 0 1 -1 0 0 0 0 0 0 -1 1 -1 -1 -1 0
8 0 0 0 -1 0 1 -1 0 0 0 0 0 0 1 1 1 -1 -1 0
8 0 0 0 1 0 1 1 0 0 0 0 0 0 -1 -1 1 1 1 0
8 0 0 0 1 0 1 1 0 0 0 0 0 0 1 -1 -1 1 1 0
8 0 0 0 1 0 1 1 0 0 0 0 0 0 -1 1 -1 1 1 0
8 0 0 0 1 0 1 1 0 0 0 0 0 0 1 1 1 1 1 0
8 0 0 0 -1 0 1 1 0 0 0 0 0 0 -1 -1 -1 1 1 0
8 0 0 0 -1 0 1 1 0 0 0 0 0 0 1 -1 1 1 1 0
8 0 0 0 -1 0 1 1 0 0 0 0 0 0 -1 1 1 1 1 0
8 0 0 0 -1 0 1 1 0 0 0 0 0 0 1 1 -1 1 1 0
8 0 0 0 1 0 1 -1 0 0 0 0 0 0 -1 -1 -1 1 1 0
8 0 0 0 1 0 1 -1 0 0 0 0 0 0 1 -1 1 1 1 0
8 0 0 0 1 0 1 -1 0 0 0 0 0 0 -1 1 1 1 1 0
8 0 0 0 1 0 1 -1 0 0 0 0 0 0 1 1 -1 1 1 0
8 0 0 0 -1 0 1 -1 0 0 0 0 0 0 -1 -1 1 1 1 0
8 0 0 0 -1 0 1 -1 0 0 0 0 0 0 1 -1 -1 1 1 0
8 0 0 0 -1 0 1 -1 0 0 0 0 0 0 -1 1 -1 1 1 0
8 0 0 0 -1 0 1 -1 0 0 0 0 0 0 1 1 1 1 1 0
8 1 0 0 0 1 0 0 0 0 0 -1 0 0 -1 -1 -1 0 -1 1
8 1 0 0 0 1 0 0 0 0 0 -1 0 0 1 -1 1 0 -1 1
8 1 0 0 0 1 0 0 0 0 0 -1 0 0 -1 1 1 0 -1 1
8 1 0 0 0 1 0 0 0 0 0 -1 0 0 1 1 -1 0 -1 1
8 1 0 0 0 1 0 0 0 0 0 -1 0 0 -1 -1 -1 0 1 -1
8 1 0 0 0 1 0 0 0 0 0 -1 0 0 1 -1 1 0 1 -1
8 1 0 0 0 1 0 0 0 0 0 -1 0 0 -1 1 1 0 1 -1
8 1 0 0 0 1 0 0 0 0 0 -1 0 0 1 1 -1 0 1 -1
8 1 0 0 0 -1 0 0 0 0 0 -1 0 0 -1 -1 1 0 -1 1
8 1 0 0 0 -1 0 0 0 0 0 -1 0 0 1 -1 -1 0 -1 1
8 1 0 0 0 -1 0 0 0 0 0 -1 0 0 -1 1 -1 0 -1 1
8 1 0 0 0 -1 0 0 0 0 0 -1 0 0 1 1 1 0 -1 1
8 1 0 0 0 -1 0 0 0 0 0 -1 0 0 -1 -1 1 0 1 -1
8 1 0 0 0 -1 0 0 0 0 0 -1 0 0 1 -1 -1 0 1 -1
8 1 0 0 0 -1 0 0 0 0 0 -1 0 0 -1 1 -1 0 1 -1
8 1 0 0 0 -1 0 0 0 0 0 -1 0 0 1 1 1 0 1 -1
8 1 0 0 0 1 0 0 0 0 0 1 0 0 -1 -1 1 0 -1 1
8 1 0 0 0 1 0 0 0 0 0 1 0 0 1 -1 -1 0 -1 1
8 1 0 0 0 1 0 0 0 0 0 1 0 0 -1 1 -1 0 -1 1
8 1 0 0 0 1 0 0 0 0 0 1 0 0 1 1 1 0 -1 1
8 1 0 0 0 1 0 0 0 0 0 1 0 0 -1 -1 1 0 1 -1
8 1 0 0 0 1 0 0 0 0 0 1 0 0 1 -1 -1 0 1 -1
8 1 0 0 0 1 0 0 0 0 0 1 0 0 -1 1 -1 0 1 -1
8 1 0 0 0 1 0 0 0 0 0 1 0 0 1 1 1 0 1 -1
8 1 0 0 0 -1 0 0 0 0 0 1 0 0 -1 -1 -1 0 -1 1
8 1 0 0 0 -1 0 0 0 0 0 1 0 0 1 -1 1 0 -1 1
8 1 0 0 0 -1 0 0 0 0 0 1 0 0 -1 1 1 0 -1 1
8 1 0 0 0 -1 0 0 0 0 0 1 0 0 1 1 -1 0 -1 1
8 1 0 0 0 -1 0 0 0 0 0 1 0 0 -1 -1 -1 0 1 -1
8 1 0 0 0 -1 0 0 0 0 0 1 0 0 1 -1 1 0 1 -1
8 1 0 0 0 -1 0 0 0 0 0 1 0 0 -1 1 1 0 1 -1
8 1 0 0 0 -1 0 0 0 0 0 1 0 0 1 1 -1 0 1 -1
8 -1 0 0 0 1 0 0 0 0 0 -1 0 0 -1 -1 1 0 -1 1
8 -1 0 0 0 1 0 0 0 0 0 -1 0 0 1 -1 -1 0 -1 1
8 -1 0 0 0 1 0 0 0 0 0 -1 0 0 -1 1 -1 0 -1 1
8 -1 0 0 0 1 0 0 0 0 0 -1 0 0 1 1 1 0 -1 1
8 -1 0 0 0 1 0 0 0 0 0 -1 0 0 -1 -1 1 0 1 -1
8 -1 0 0 0 1 0 0 0 0 0 -1 0 0 1 -1 -1 0 1 -1
8 -1 0 0 0 1 0 0 0 0 0 -1 0 0 -1 1 -1 0 1 -1
8 -1 0 0 0 1 0 0 0 0 0 -1 0 0 1 1 1 0 1 -1
8 -1 0 0 0 -1 0 0 0 0 0 -1 0 0 -1 -1 -1 0 -1 1
8 -1 0 0 0 -1 0 0 0 0 0 -1 0 0 1 -1 1 0 -1 1
8 -1 0 0 0 -1 0 0 0 0 0 -1 0 0 -1 1 1 0 -1 1
8 -1 0 0 0 -1 0 0 0 0 0 -1 0 0 1 1 -1 0 -1 1
8 -1 0 0 0 -1 0 0 0 0 0 -1 0 0 -1 -1 -1 0 1 -1
8 -1 0 0 0 -1 0 0 0 0 0 -1 0 0 1 -1 1 0 1 -1
8 -1 0 0 0 -1 0 0 0 0 0 -1 0 0 -1 1 1 0 1 -1
8 -1 0 0 0 -1 0 0 0 0 0 -1 0 0 1 1 -1 0 1 -1
8 -1 0 0 0 1 0 0 0 0 0 1 0 0 -1 -1 -1 0 -1 1
8 -1 0 0 0 1 0 0 0 0 0 1 0 0 1 -1 1 0 -1 1
8 -1 0 0 0 1 0 0 0 0 0 1 0 0 -1 1 1 0 -1 1
8 -1 0 0 0 1 0 0 0 0 0 1 0 0 1 1 -1 0 -1 1
8 -1 0 0 0 1 0 0 0 0 0 1 0 0 -1 -1 -1 0 1 -1
8 -1 0 0 0 1 0 0 0 0 0 1 0 0 1 -1 1 0 1 -1
8 -1 0 0 0 1 0 0 0 0 0 1 0 0 -1 1 1 0 1 -1
8 -1 0 0 0 1 0 0 0 0 0 1 0 0 1 1 -1 0 1 -1
8 -1 0 0 0 -1 0 0 0 0 0 1 0 0 -1 -1 1 0 -1 1
8 -1 0 0 0 -1 0 0 0 0 0 1 0 0 1 -1 -1 0 -1 1
8 -1 0 0 0 -1 0 0 0 0 0 1 0 0 -1 1 -1 0 -1 1
8 -1 0 0 0 -1 0 0 0 0 0 1 0 0 1 1 1 0 -1 1
8 -1 0 0 0 -1 0 0 0 0 0 1 0 0 -1 -1 1 0 1 -1
8 -1 0 0 0 -1 0 0 0 0 0 1 0 0 1 -1 -1 0 1 -1
8 -1 0 0 0 -1 0 0 0 0 0 1 0 0 -1 1 -1 0 1 -1
8 -1 0 0 0 -1 0 0 0 0 0 1 0 0 1 1 1 0 1 -1
8 0 0 1 1 1 0 1 0 -1 0 -1 0 0 -1 0 1 0 0 0
8 0 0 1 1 1 0 1 0 -1 0 -1 0 0 1 0 -1 0 0 0
8 0 0 1 1 1 0 1 0 1 0 -1 0 0 -1 0 -1 0 0 0
8 0 0 1 1 1 0 1 0 1 0 -1 0 0 1 0 1 0 0 0
8 0 0 1 -1 1 0 1 0 -1 0 -1 0 0 -1 0 -1 0 0 0
8 0 0 1 -1 1 0 1 0 -1 0 -1 0 0 1 0 1 0 0 0
8 0 0 1 -1 1 0 1 0 1 0 -1 0 0 -1 0 1 0 0 0
8 0 0 1 -1 1 0 1 0 1 0 -1 0 0 1 0 -1 0 0 0
8 0 0 1 1 -1 0 1 0 -1 0 -1 0 0 -1 0 -1 0 0 0
8 0 0 1 1 -1 0 1 0 -1 0 -1 0 0 1 0 1 0 0 0
8 0 0 1 1 -1 0 1 0 1 0 -1 0 0 -1 0 1 0 0 0
8 0 0 1 1 -1 0 1 0 1 0 -1 0 0 1 0 -1 0 0 0
8 0 0 1 -1 -1 0 1 0 -1 0 -1 0 0 -1 0 1 0 0 0
8 0 0 1 -1 -1 0 1 0 -1 0 -1 0 0 1 0 -1 0 0 0
8 0 0 1 -1 -1 0 1 0 1 0 -1 0 0 -1 0 -1 0 0 0
8 0 0 1 -1 -1 0 1 0 1 0 -1 0 0 1 0 1 0 0 0
8 0 0 1 1 1 0 1 0 -1 0 1 0 0 -1 0 -1 0 0 0
8 0 0 1 1 1 0 1 0 -1 0 1 0 0 1 0 1 0 0 0
8 0 0 1 1 1 0 1 0 1 0 1 0 0 -1 0 1 0 0 0
8 0 0 1 1 1 0 1 0 1 0 1 0 0 1 0 -1 0 0 0
8 0 0 1 -1 1 0 1 0 -1 0 1 0 0 -1 0 1 0 0 0
8 0 0 1 -1 1 0 1 0 -1 0 1 0 0 1 0 -1 0 0 0
8 0 0 1 -1 1 0 1 0 1 0 1 0 0 -1 0 -1 0 0 0
8 0 0 1 -1 1 0 1 0 1 0 1 0 0 1 0 1 0 0 0
8 0 0 1 1 -1 0 1 0 -1 0 1 0 0 -1 0 1 0 0 0
8 0 0 1 1 -1 0 1 0 -1 0 1 0 0 1 0 -1 0 0 0
8 0 0 1 1 -1 0 1 0 1 0 1 0 0 -1 0 -1 0 0 0
8 0 0 1 1 -1 0 1 0 1 0 1 0 0 1 0 1 0 0 0
8 0 0 1 -1 -1 0 1 0 -1 0 1 0 0 -1 0 -1 0 0 0
8 0 0 1 -1 -1 0 1 0 -1 0 1 0 0 1 0 1 0 0 0
8 0 0 1 -1 -1 0 1 0 1 0 1 0 0 -1 0 1 0 0 0
8 0 0 1 -1 -1 0 1 0 1 0 1 0 0 1 0 -1 0 0 0
8 0 0 1 1 1 0 -1 0 -1 0 -1 0 0 -1 0 -1 0 0 0
8 0 0 1 1 1 0 -1 0 -1 0 -1 0 0 1 0 1 0 0 0
8 0 0 1 1 1 0 -1 0 1 0 -1 0 0 -1 0 1 0 0 0
8 0 0 1 1 1 0 -1 0 1 0 -1 0 0 1 0 -1 0 0 0
8 0 0 1 -1 1 0 -1 0 -1 0 -1 0 0 -1 0 1 0 0 0
8 0 0 1 -1 1 0 -1 0 -1 0 -1 0 0 1 0 -1 0 0 0
8 0 0 1 -1 1 0 -1 0 1 0 -1 0 0 -1 0 -1 0 0 0
8 0 0 1 -1 1 0 -1 0 1 0 -1 0 0 1 0 1 0 0 0
8 0 0 1 1 -1 0 -1 0 -1 0 -1 0 0 -1 0 1 0 0 0
8 0 0 1 1 -1 0 -1 0 -1 0 -1 0 0 1 0 -1 0 0 0
8 0 0 1 1 -1 0 -1 0 1 0 -1 0 0 -1 0 -1 0 0 0
8 0 0 1 1 -1 0 -1 0 1 0 -1 0 0 1 0 1 0 0 0
8 0 0 1 -1 -1 0 -1 0 -1 0 -1 0 0 -1 0 -1 0 0 0
8 0 0 1 -1 -1 0 -1 0 -1 0 -1 0 0 1 0 1 0 0 0
8 0 0 1 -1 -1 0 -1 0 1 0 -1 0 0 -1 0 1 0 0 0
8 0 0 1 -1 -1 0 -1 0 1 0 -1 0 0 1 0 -1 0 0 0
8 0 0 1 1 1 0 -1 0 -1 0 1 0 0 -1 0 1 0 0 0
8 0 0 1 1 1 0 -1 0 -1 0 1 0 0 1 0 -1 0 0 0
8 0 0 1 1 1 0 -1 0 1 0 1 0 0 -1 0 -1 0 0 0
8 0 0 1 1 1 0 -1 0 1 0 1 0 0 1 0 1 0 0 0
8 0 0 1 -1 1 0 -1 0 -1 0 1 0 0 -1 0 -1 0 0 0
8 0 0 1 -1 1 0 -1 0 -1 0 1 0 0 1 0 1 0 0 0
8 0 0 1 -1 1 0 -1 0 1 0 1 0 0 -1 0 1 0 0 0
8 0 0 1 -1 1 0 -1 0 1 0 1 0 0 1 0 -1 0 0 0
8 0 0 1 1 -1 0 -1 0 -1 0 1 0 0 -1 0 -1 0 0 0
8 0 0 1 1 -1 0 -1 0 -1 0 1 0 0 1 0 1 0 0 0
8 0 0 1 1 -1 0 -1 0 1 0 1 0 0 -1 0 1 0 0 0
8 0 0 1 1 -1 0 -1 0 1 0 1 0 0 1 0 -1 0 0 0
8 0 0 1 -1 -1 0 -1 0 -1 0 1 0 0 -1 0 1 0 0 0
8 0 0 1 -1 -1 0 -1 0 -1 0 1 0 0 1 0 -1 0 0 0
8 0 0 1 -1 -1 0 -1 0 1 0 1 0 0 -1 0 -1 0 0 0
8 0 0 1 -1 -1 0 -1 0 1 0 1 0 0 1 0 1 0 0 0
8 0 0 -1 1 1 0 1 0 -1 0 -1 0 0 -1 0 -1 0 0 0
8 0 0 -1 1 1 0 1 0 -1 0 -1 0 0 1 0 1 0 0 0
8 0 0 -1 1 1 0 1 0 1 0 -1 0 0 -1 0 1 0 0 0
8 0 0 -1 1 1 0 1 0 1 0 -1 0 0 1 0 -1 0 0 0
8 0 0 -1 -1 1 0 1 0 -1 0 -1 0 0 -1 0 1 0 0 0
8 0 0 -1 -1 1 0 1 0 -1 0 -1 0 0 1 0 -1 0 0 0
8 0 0 -1 -1 1 0 1 0 1 0 -1 0 0 -1 0 -1 0 0 0
8 0 0 -1 -1 1 0 1 0 1 0 -1 0 0 1 0 1 0 0 0
8 0 0 -1 1 -1 0 1 0 -1 0 -1 0 0 -1 0 1 0 0 0
8 0 0 -1 1 -1 0 1 0 -1 0 -1 0 0 1 0 -1 0 0 0
8 0 0 -1 1 -1 0 1 0 1 0 -1 0 0 -1 0 -1 0 0 0
8 0 0 -1 1 -1 0 1 0 1 0 -1 0 0 1 0 1 0 0 0
8 0 0 -1 -1 -1 0 1 0 -1 0 -1 0 0 -1 0 -1 0 0 0
8 0 0 -1 -1 -1 0 1 0 -1 0 -1 0 0 1 0 1 0 0 0
8 0 0 -1 -1 -1 0 1 0 1 0 -1 0 0 -1 0 1 0 0 0
8 0 0 -1 -1 -1 0 1 0 1 0 -1 0 0 1 0 -1 0 0 0
8 0 0 -1 1 1 0 1 0 -1 0 1 0 0 -1 0 1 0 0 0
8 0 0 -1 1 1 0 1 0 -1 0 1 0 0 1 0 -1 0 0 0
8 0 0 -1 1 1 0 1 0 1 0 1 0 0 -1 0 -1 0 0 0
8 0 0 -1 1 1 0 1 0 1 0 1 0 0 1 0 1 0 0 0
8 0 0 -1 -1 1 0 1 0 -1 0 1 0 0 -1 0 -1 0 0 0
8 0 0 -1 -1 1 0 1 0 -1 0 1 0 0 1 0 1 0 0 0
8 0 0 -1 -1 1 0 1 0 1 0 1 0 0 -1 0 1 0 0 0
8 0 0 -1 -1 1 0 1 0 1 0 1 0 0 1 0 -1 0 0 0
8 0 0 -1 1 -1 0 1 0 -1 0 1 0 0 -1 0 -1 0 0 0
8 0 0 -1 1 -1 0 1 0 -1 0 1 0 0 1 0 1 0 0 0
8 0 0 -1 1 -1 0 1 0 1 0 1 0 0 -1 0 1 0 0 0
8 0 0 -1 1 -1 0 1 0 1 0 1 0 0 1 0 -1 0 0 0
8 0 0 -1 -1 -1 0 1 0 -1 0 1 0 0 -1 0 1 0 0 0
8 0 0 -1 -1 -1 0 1 0 -1 0 1 0 0 1 0 -1 0 0 0
8 0 0 -1 -1 -1 0 1 0 1 0 1 0 0 -1 0 -1 0 0 0
8 0 0 -1 -1 -1 0 1 0 1 0 1 0 0 1 0 1 0 0 0
8 0 0 -1 1 1 0 -1 0 -1 0 -1 0 0 -1 0 1 0 0 0
8 0 0 -1 1 1 0 -1 0 -1 0 -1 0 0 1 0 -1 0 0 0
8 0 0 -1 1 1 0 -1 0 1 0 -1 0 0 -1 0 -1 0 0 0
8 0 0 -1 1 1 0 -1 0 1 0 -1 0 0 1 0 1 0 0 0
8 0 0 -1 -1 1 0 -1 0 -1 0 -1 0 0 -1 0 -1 0 0 0
8 0 0 -1 -1 1 0 -1 0 -1 0 -1 0 0 1 0 1 0 0 0
8 0 0 -1 -1 1 0 -1 0 1 0 -1 0 0 -1 0 1 0 0 0
8 0 0 -1 -1 1 0 -1 0 1 0 -1 0 0 1 0 -1 0 0 0
8 0 0 -1 1 -1 0 -1 0 -1 0 -1 0 0 -1 0 -1 0 0 0
8 0 0 -1 1 -1 0 -1 0 -1 0 -1 0 0 1 0 1 0 0 0
8 0 0 -1 1 -1 0 -1 0 1 0 -1 0 0 -1 0 1 0 0 0
8 0 0 -1 1 -1 0 -1 0 1 0 -1 0 0 1 0 -1 0 0 0
8 0 0 -1 -1 -1 0 -1 0 -1 0 -1 0 0 -1 0 1 0 0 0
8 0 0 -1 -1 -1 0 -1 0 -1 0 -1 0 0 1 0 -1 0 0 0
8 0 0 -1 -1 -1 0 -1 0 1 0 -1 0 0 -1 0 -1 0 0 0
8 0 0 -1 -1 -1 0 -1 0 1 0 -1 0 0 1 0 1 0 0 0
8 0 0 -1 1 1 0 -1 0 -1 0 1 0 0 -1 0 -1 0 0 0
8 0 0 -1 1 1 0 -1 0 -1 0 1 0 0 1 0 1 0 0 0
8 0 0 -1 1 1 0 -1 0 1 0 1 0 0 -1 0 1 0 0 0
8 0 0 -1 1 1 0 -1 0 1 0 1 0 0 1 0 -1 0 0 0
8 0 0 -1 -1 1 0 -1 0 -1 0 1 0 0 -1 0 1 0 0 0
8 0 0 -1 -1 1 0 -1 0 -1 0 1 0 0 1 0 -1 0 0 0
8 0 0 -1 -1 1 0 -1 0 1 0 1 0 0 -1 0 -1 0 0 0
8 0 0 -1 -1 1 0 -1 0 1 0 1 0 0 1 0 1 0 0 0
8 0 0 -1 1 -1 0 -1 0 -1 0 1 0 0 -1 0 1 0 0 0
8 0 0 -1 1 -1 0 -1 0 -1 0 1 0 0 1 0 -1 0 0 0
8 0 0 -1 1 -1 0 -1 0 1 0 1 0 0 -1 0 -1 0 0 0
8 0 0 -1 1 -1 0 -1 0 1 0 1 0 0 1 0 1 0 0 0
8 0 0 -1 -1 -1 0 -1 0 -1 0 1 0 0 -1 0 -1 0 0 0
8 0 0 -1 -1 -1 0 -1 0 -1 0 1 0 0 1 0 1 0 0 0
8 0 0 -1 -1 -1 0 -1 0 1 0 1 0 0 -1 0 1 0 0 0
8 0 0 -1 -1 -1 0 -1 0 1 0 1 0 0 1 0 -1 0 0 0
8 1 0 1 0 0 -1 0 0 -1 0 0 0 0 -1 0 -1 -1 0 -1
8 1 0 1 0 0 -1 0 0 -1 0 0 0 0 1 0 1 -1 0 -1
8 1 0 1 0 0 -1 0 0 1 0 0 0 0 -1 0 1 -1 0 -1
8 1 0 1 0 0 -1 0 0 1 0 0 0 0 1 0 -1 -1 0 -1
8 -1 0 1 0 0 -1 0 0 -1 0 0 0 0 -1 0 1 -1 0 -1
8 -1 0 1 0 0 -1 0 0 -1 0 0 0 0 1 0 -1 -1 0 -1
8 -1 0 1 0 0 -1 0 0 1 0 0 0 0 -1 0 -1 -1 0 -1
8 -1 0 1 0 0 -1 0 0 1 0 0 0 0 1 0 1 -1 0 -1
8 1 0 -1 0 0 -1 0 0 -1 0 0 0 0 -1 0 1 -1 0 -1
8 1 0 -1 0 0 -1 0 0 -1 0 0 0 0 1 0 -1 -1 0 -1
8 1 0 -1 0 0 -1 0 0 1 0 0 0 0 -1 0 -1 -1 0 -1
8 1 0 -1 0 0 -1 0 0 1 0 0 0 0 1 0 1 -1 0 -1
8 -1 0 -1 0 0 -1 0 0 -1 0 0 0 0 -1 0 -1 -1 0 -1
8 -1 0 -1 0 0 -1 0 0 -1 0 0 0 0 1 0 1 -1 0 -1
8 -1 0 -1 0 0 -1 0 0 1 0 0 0 0 -1 0 1 -1 0 -1
8 -1 0 -1 0 0 -1 0 0 1 0 0 0 0 1 0 -1 -1 0 -1
8 1 0 1 0 0 -1 0 0 -1 0 0 0 0 -1 0 -1 1 0 1
8 1 0 1 0 0 -1 0 0 -1 0 0 0 0 1 0 1 1 0 1
8 1 0 1 0 0 -1 0 0 1 0 0 0 0 -1 0 1 1 0 1
8 1 0 1 0 0 -1 0 0 1 0 0 0 0 1 0 -1 1 0 1
8 -1 0 1 0 0 -1 0 0 -1 0 0 0 0 -1 0 1 1 0 1
8 -1 0 1 0 0 -1 0 0 -1 0 0 0 0 1 0 -1 1 0 1
8 -1 0 1 0 0 -1 0 0 1 0 0 0 0 -1 0 -1 1 0 1
8 -1 0 1 0 0 -1 0 0 1 0 0 0 0 1 0 1 1 0 1
8 1 0 -1 0 0 -1 0 0 -1 0 0 0 0 -1 0 1 1 0 1
8 1 0 -1 0 0 -1 0 0 -1 0 0 0 0 1 0 -1 1 0 1
8 1 0 -1 0 0 -1 0 0 1 0 0 0 0 -1 0 -1 1 0 1
8 1 0 -1 0 0 -1 0 0 1 0 0 0 0 1 0 1 1 0 1
8 -1 0 -1 0 0 -1 0 0 -1 0 0 0 0 -1 0 -1 1 0 1
8 -1 0 -1 0 0 -1 0 0 -1 0 0 0 0 1 0 1 1 0 1
8 -1 0 -1 0 0 -1 0 0 1 0 0 0 0 -1 0 1 1 0 1
8 -1 0 -1 0 0 -1 0 0 1 0 0 0 0 1 0 -1 1 0 1
8 1 0 1 0 0 1 0 0 -1 0 0 0 0 -1 0 1 -1 0 -1
8 1 0 1 0 0 1 0 0 -1 0 0 0 0 1 0 -1 -1 0 -1
8 1 0 1 0 0 1 0 0 1 0 0 0 0 -1 0 -1 -1 0 -1
8 1 0 1 0 0 1 0 0 1 0 0 0 0 1 0 1 -1 0 -1
8 -1 0 1 0 0 1 0 0 -1 0 0 0 0 -1 0 -1 -1 0 -1
8 -1 0 1 0 0 1 0 0 -1 0 0 0 0 1 0 1 -1 0 -1
8 -1 0 1 0 0 1 0 0 1 0 0 0 0 -1 0 1 -1 0 -1
8 -1 0 1 0 0 1 0 0 1 0 0 0 0 1 0 -1 -1 0 -1
8 1 0 -1 0 0 1 0 0 -1 0 0 0 0 -1 0 -1 -1 0 -1
8 1 0 -1 0 0 1 0 0 -1 0 0 0 0 1 0 1 -1 0 -1
8 1 0 -1 0 0 1 0 0 1 0 0 0 0 -1 0 1 -1 0 -1
8 1 0 -1 0 0 1 0 0 1 0 0 0 0 1 0 -1 -1 0 -1
8 -1 0 -1 0 0 1 0 0 -1 0 0 0 0 -1 0 1 -1 0 -1
8 -1 0 -1 0 0 1 0 0 -1 0 0 0 0 1 0 -1 -1 0 -1
8 -1 0 -1 0 0 1 0 0 1 0 0 0 0 -1 0 -1 -1 0 -1
8 -1 0 -1 0 0 1 0 0 1 0 0 0 0 1 0 1 -1 0 -1
8 1 0 1 0 0 1 0 0 -1 0 0 0 0 -1 0 1 1 0 1
8 1 0 1 0 0 1 0 0 -1 0 0 0 0 1 0 -1 1 0 1
8 1 0 1 0 0 1 0 0 1 0 0 0 0 -1 0 -1 1 0 1
8 1 0 1 0 0 1 0 0 1 0 0 0 0 1 0 1 1 0 1
8 -1 0 1 0 0 1 0 0 -1 0 0 0 0 -1 0 -1 1 0 1
8 -1 0 1 0 0 1 0 0 -1 0 0 0 0 1 0 1 1 0 1
8 -1 0 1 0 0 1 0 0 1 0 0 0 0 -1 0 1 1 0 1
8 -1 0 1 0 0 1 0 0 1 0 0 0 0 1 0 -1 1 0 1
8 1 0 -1 0 0 1 0 0 -1 0 0 0 0 -1 0 -1 1 0 1
8 1 0 -1 0 0 1 0 0 -1 0 0 0 0 1 0 1 1 0 1
8 1 0 -1 0 0 1 0 0 1 0 0 0 0 -1 0 1 1 0 1
8 1 0 -1 0 0 1 0 0 1 0 0 0 0 1 0 -1 1 0 1
8 -1 0 -1 0 0 1 0 0 -1 0 0 0 0 -1 0 1 1 0 1
8 -1 0 -1 0 0 1 0 0 -1 0 0 0 0 1 0 -1 1 0 1
8 -1 0 -1 0 0 1 0 0 1 0 0 0 0 -1 0 -1 1 0 1
8 -1 0 -1 0 0 1 0 0 1 0 0 0 0 1 0 1 1 0 1
8 0 0 0 0 0 0 1 1 -1 0 0 0 -1 -1 0 -1 0 -1 1
8 0 0 0 0 0 0 1 1 -1 0 0 0 -1 1 0 1 0 -1 1
8 0 0 0 0 0 0 1 1 1 0 0 0 -1 -1 0 1 0 -1 1
8 0 0 0 0 0 0 1 1 1 0 0 0 -1 1 0 -1 0 -1 1
8 0 0 0 0 0 0 1 1 -1 0 0 0 -1 -1 0 -1 0 1 -1
8 0 0 0 0 0 0 1 1 -1 0 0 0 -1 1 0 1 0 1 -1
8 0 0 0 0 0 0 1 1 1 0 0 0 -1 -1 0 1 0 1 -1
8 0 0 0 0 0 0 1 1 1 0 0 0 -1 1 0 -1 0 1 -1
8 0 0 0 0 0 0 -1 1 -1 0 0 0 -1 -1 0 1 0 -1 1
8 0 0 0 0 0 0 -1 1 -1 0 0 0 -1 1 0 -1 0 -1 1
8 0 0 0 0 0 0 -1 1 1 0 0 0 -1 -1 0 -1 0 -1 1
8 0 0 0 0 0 0 -1 1 1 0 0 0 -1 1 0 1 0 -1 1
8 0 0 0 0 0 0 -1 1 -1 0 0 0 -1 -1 0 1 0 1 -1
8 0 0 0 0 0 0 -1 1 -1 0 0 0 -1 1 0 -1 0 1 -1
8 0 0 0 0 0 0 -1 1 1 0 0 0 -1 -1 0 -1 0 1 -1
8 0 0 0 0 0 0 -1 1 1 0 0 0 -1 1 0 1 0 1 -1
8 0 0 0 0 0 0 1 1 -1 0 0 0 1 -1 0 1 0 -1 1
8 0 0 0 0 0 0 1 1 -1 0 0 0 1 1 0 -1 0 -1 1
8 0 0 0 0 0 0 1 1 1 0 0 0 1 -1 0 -1 0 -1 1
8 0 0 0 0 0 0 1 1 1 0 0 0 1 1 0 1 0 -1 1
8 0 0 0 0 0 0 1 1 -1 0 0 0 1 -1 0 1 0 1 -1
8 0 0 0 0 0 0 1 1 -1 0 0 0 1 1 0 -1 0 1 -1
8 0 0 0 0 0 0 1 1 1 0 0 0 1 -1 0 -1 0 1 -1
8 0 0 0 0 0 0 1 1 1 0 0 0 1 1 0 1 0 1 -1
8 0 0 0 0 0 0 -1 1 -1 0 0 0 1 -1 0 -1 0 -1 1
8 0 0 0 0 0 0 -1 1 -1 0 0 0 1 1 0 1 0 -1 1
8 0 0 0 0 0 0 -1 1 1 0 0 0 1 -1 0 1 0 -1 1
8 0 0 0 0 0 0 -1 1 1 0 0 0 1 1 0 -1 0 -1 1
8 0 0 0 0 0 0 -1 1 -1 0 0 0 1 -1 0 -1 0 1 -1
8 0 0 0 0 0 0 -1 1 -1 0 0 0 1 1 0 1 0 1 -1
8 0 0 0 0 0 0 -1 1 1 0 0 0 1 -1 0 1 0 1 -1
8 0 0 0 0 0 0 -1 1 1 0 0 0 1 1 0 -1 0 1 -1
8 0 0 0 0 0 0 1 -1 -1 0 0 0 -1 -1 0 1 0 -1 1
8 0 0 0 0 0 0 1 -1 -1 0 0 0 -1 1 0 -1 0 -1 1
8 0 0 0 0 0 0 1 -1 1 0 0 0 -1 -1 0 -1 0 -1 1
8 0 0 0 0 0 0 1 -1 1 0 0 0 -1 1 0 1 0 -1 1
8 0 0 0 0 0 0 1 -1 -1 0 0 0 -1 -1 0 1 0 1 -1
8 0 0 0 0 0 0 1 -1 -1 0 0 0 -1 1 0 -1 0 1 -1
8 0 0 0 0 0 0 1 -1 1 0 0 0 -1 -1 0 -1 0 1 -1
8 0 0 0 0 0 0 1 -1 1 0 0 0 -1 1 0 1 0 1 -1
8 0 0 0 0 0 0 -1 -1 -1 0 0 0 -1 -1 0 -1 0 -1 1
8 0 0 0 0 0 0 -1 -1 -1 0 0 0 -1 1 0 1 0 -1 1
8 0 0 0 0 0 0 -1 -1 1 0 0 0 -1 -1 0 1 0 -1 1
8 0 0 0 0 0 0 -1 -1 1 0 0 0 -1 1 0 -1 0 -1 1
8 0 0 0 0 0 0 -1 -1 -1 0 0 0 -1 -1 0 -1 0 1 -1
8 0 0 0 0 0 0 -1 -1 -1 0 0 0 -1 1 0 1 0 1 -1
8 0 0 0 0 0 0 -1 -1 1 0 0 0 -1 -1 0 1 0 1 -1
8 0 0 0 0 0 0 -1 -1 1 0 0 0 -1 1 0 -1 0 1 -1
8 0 0 0 0 0 0 1 -1 -1 0 0 0 1 -1 0 -1 0 -1 1
8 0 0 0 0 0 0 1 -1 -1 0 0 0 1 1 0 1 0 -1 1
8 0 0 0 0 0 0 1 -1 1 0 0 0 1 -1 0 1 0 -1 1
8 0 0 0 0 0 0 1 -1 1 0 0 0 1 1 0 -1 0 -1 1
8 0 0 0 0 0 0 1 -1 -1 0 0 0 1 -1 0 -1 0 1 -1
8 0 0 0 0 0 0 1 -1 -1 0 0 0 1 1 0 1 0 1 -1
8 0 0 0 0 0 0 1 -1 1 0 0 0 1 -1 0 1 0 1 -1
8 0 0 0 0 0 0 1 -1 1 0 0 0 1 1 0 -1 0 1 -1
8 0 0 0 0 0 0 -1 -1 -1 0 0 0 1 -1 0 1 0 -1 1
8 0 0 0 0 0 0 -1 -1 -1 0 0 0 1 1 0 -1 0 -1 1
8 0 0 0 0 0 0 -1 -1 1 0 0 0 1 -1 0 -1 0 -1 1
8 0 0 0 0 0 0 -1 -1 1 0 0 0 1 1 0 1 0 -1 1
8 0 0 0 0 0 0 -1 -1 -1 0 0 0 1 -1 0 1 0 1 -1
8 0 0 0 0 0 0 -1 -1 -1 0 0 0 1 1 0 -1 0 1 -1
8 0 0 0 0 0 0 -1 -1 1 0 0 0 1 -1 0 -1 0 1 -1
8 0 0 0 0 0 0 -1 -1 1 0 0 0 1 1 0 1 0 1 -1
8 0 0 1 0 0 0 1 0 0 0 0 -1 -1 -1 0 -1 0 -1 -1
8 0 0 1 0 0 0 1 0 0 0 0 -1 -1 1 0 1 0 -1 -1
8 0 0 1 0 0 0 1 0 0 0 0 1 -1 -1 0 1 0 -1 -1
8 0 0 1 0 0 0 1 0 0 0 0 1 -1 1 0 -1 0 -1 -1
8 0 0 1 0 0 0 -1 0 0 0 0 -1 -1 -1 0 1 0 -1 -1
8 0 0 1 0 0 0 -1 0 0 0 0 -1 -1 1 0 -1 0 -1 -1
8 0 0 1 0 0 0 -1 0 0 0 0 1 -1 -1 0 -1 0 -1 -1
8 0 0 1 0 0 0 -1 0 0 0 0 1 -1 1 0 1 0 -1 -1
8 0 0 1 0 0 0 1 0 0 0 0 -1 1 -1 0 1 0 -1 -1
8 0 0 1 0 0 0 1 0 0 0 0 -1 1 1 0 -1 0 -1 -1
8 0 0 1 0 0 0 1 0 0 0 0 1 1 -1 0 -1 0 -1 -1
8 0 0 1 0 0 0 1 0 0 0 0 1 1 1 0 1 0 -1 -1
8 0 0 1 0 0 0 -1 0 0 0 0 -1 1 -1 0 -1 0 -1 -1
8 0 0 1 0 0 0 -1 0 0 0 0 -1 1 1 0 1 0 -1 -1
8 0 0 1 0 0 0 -1 0 0 0 0 1 1 -1 0 1 0 -1 -1
8 0 0 1 0 0 0 -1 0 0 0 0 1 1 1 0 -1 0 -1 -1
8 0 0 -1 0 0 0 1 0 0 0 0 -1 -1 -1 0 1 0 -1 -1
8 0 0 -1 0 0 0 1 0 0 0 0 -1 -1 1 0 -1 0 -1 -1
8 0 0 -1 0 0 0 1 0 0 0 0 1 -1 -1 0 -1 0 -1 -1
8 0 0 -1 0 0 0 1 0 0 0 0 1 -1 1 0 1 0 -1 -1
8 0 0 -1 0 0 0 -1 0 0 0 0 -1 -1 -1 0 -1 0 -1 -1
8 0 0 -1 0 0 0 -1 0 0 0 0 -1 -1 1 0 1 0 -1 -1
8 0 0 -1 0 0 0 -1 0 0 0 0 1 -1 -1 0 1 0 -1 -1
8 0 0 -1 0 0 0 -1 0 0 0 0 1 -1 1 0 -1 0 -1 -1
8 0 0 -1 0 0 0 1 0 0 0 0 -1 1 -1 0 -1 0 -1 -1
8 0 0 -1 0 0 0 1 0 0 0 0 -1 1 1 0 1 0 -1 -1
8 0 0 -1 0 0 0 1 0 0 0 0 1 1 -1 0 1 0 -1 -1
8 0 0 -1 0 0 0 1 0 0 0 0 1 1 1 0 -1 0 -1 -1
8 0 0 -1 0 0 0 -1 0 0 0 0 -1 1 -1 0 1 0 -1 -1
8 0 0 -1 0 0 0 -1 0 0 0 0 -1 1 1 0 -1 0 -1 -1
8 0 0 -1 0 0 0 -1 0 0 0 0 1 1 -1 0 -1 0 -1 -1
8 0 0 -1 0 0 0 -1 0 0 0 0 1 1 1 0 1 0 -1 -1
8 0 0 1 0 0 0 1 0 0 0 0 -1 -1 -1 0 -1 0 1 1
8 0 0 1 0 0 0 1 0 0 0 0 -1 -1 1 0 1 0 1 1
8 0 0 1 0 0 0 1 0 0 0 0 1 -1 -1 0 1 0 1 1
8 0 0 1 0 0 0 1 0 0 0 0 1 -1 1 0 -1 0 1 1
8 0 0 1 0 0 0 -1 0 0 0 0 -1 -1 -1 0 1 0 1 1
8 0 0 1 0 0 0 -1 0 0 0 0 -1 -1 1 0 -1 0 1 1
8 0 0 1 0 0 0 -1 0 0 0 0 1 -1 -1 0 -1 0 1 1
8 0 0 1 0 0 0 -1 0 0 0 0 1 -1 1 0 1 0 1 1
8 0 0 1 0 0 0 1 0 0 0 0 -1 1 -1 0 1 0 1 1
8 0 0 1 0 0 0 1 0 0 0 0 -1 1 1 0 -1 0 1 1
8 0 0 1 0 0 0 1 0 0 0 0 1 1 -1 0 -1 0 1 1
8 0 0 1 0 0 0 1 0 0 0 0 1 1 1 0 1 0 1 1
8 0 0 1 0 0 0 -1 0 0 0 0 -1 1 -1 0 -1 0 1 1
8 0 0 1 0 0 0 -1 0 0 0 0 -1 1 1 0 1 0 1 1
8 0 0 1 0 0 0 -1 0 0 0 0 1 1 -1 0 1 0 1 1
8 0 0 1 0 0 0 -1 0 0 0 0 1 1 1 0 -1 0 1 1
8 0 0 -1 0 0 0 1 0 0 0 0 -1 -1 -1 0 1 0 1 1
8 0 0 -1 0 0 0 1 0 0 0 0 -1 -1 1 0 -1 0 1 1
8 0 0 -1 0 0 0 1 0 0 0 0 1 -1 -1 0 -1 0 1 1
8 0 0 -1 0 0 0 1 0 0 0 0 1 -1 1 0 1 0 1 1
8 0 0 -1 0 0 0 -1 0 0 0 0 -1 -1 -1 0 -1 0 1 1
8 0 0 -1 0 0 0 -1 0 0 0 0 -1 -1 1 0 1 0 1 1
8 0 0 -1 0 0 0 -1 0 0 0 0 1 -1 -1 0 1 0 1 1
8 0 0 -1 0 0 0 -1 0 0 0 0 1 -1 1 0 -1 0 1 1
8 0 0 -1 0 0 0 1 0 0 0 0 -1 1 -1 0 -1 0 1 1
8 0 0 -1 0 0 0 1 0 0 0 0 -1 1 1 0 1 0 1 1
8 0 0 -1 0 0 0 1 0 0 0 0 1 1 -1 0 1 0 1 1
8 0 0 -1 0 0 0 1 0 0 0 0 1 1 1 0 -1 0 1 1
8 0 0 -1 0 0 0 -1 0 0 0 0 -1 1 -1 0 1 0 1 1
8 0 0 -1 0 0 0 -1 0 0 0 0 -1 1 1 0 -1 0 1 1
8 0 0 -1 0 0 0 -1 0 0 0 0 1 1 -1 0 -1 0 1 1
8 0 0 -1 0 0 0 -1 0 0 0 0 1 1 1 0 1 0 1 1
8 1 0 0 0 0 -1 0 1 0 0 0 -1 0 -1 0 -1 -1 0 1
8 1 0 0 0 0 -1 0 1 0 0 0 -1 0 1 0 1 -1 0 1
8 1 0 0 0 0 -1 0 1 0 0 0 1 0 -1 0 1 -1 0 1
8 1 0 0 0 0 -1 0 1 0 0 0 1 0 1 0 -1 -1 0 1
8 1 0 0 0 0 -1 0 1 0 0 0 -1 0 -1 0 -1 1 0 -1
8 1 0 0 0 0 -1 0 1 0 0 0 -1 0 1 0 1 1 0 -1
8 1 0 0 0 0 -1 0 1 0 0 0 1 0 -1 0 1 1 0 -1
8 1 0 0 0 0 -1 0 1 0 0 0 1 0 1 0 -1 1 0 -1
8 -1 0 0 0 0 -1 0 1 0 0 0 -1 0 -1 0 1 -1 0 1
8 -1 0 0 0 0 -1 0 1 0 0 0 -1 0 1 0 -1 -1 0 1
8 -1 0 0 0 0 -1 0 1 0 0 0 1 0 -1 0 -1 -1 0 1
8 -1 0 0 0 0 -1 0 1 0 0 0 1 0 1 0 1 -1 0 1
8 -1 0 0 0 0 -1 0 1 0 0 0 -1 0 -1 0 1 1 0 -1
8 -1 0 0 0 0 -1 0 1 0 0 0 -1 0 1 0 -1 1 0 -1
8 -1 0 0 0 0 -1 0 1 0 0 0 1 0 -1 0 -1 1 0 -1
8 -1 0 0 0 0 -1 0 1 0 0 0 1 0 1 0 1 1 0 -1
8 1 0 0 0 0 -1 0 -1 0 0 0 -1 0 -1 0 1 -1 0 1
8 1 0 0 0 0 -1 0 -1 0 0 0 -1 0 1 0 -1 -1 0 1
8 1 0 0 0 0 -1 0 -1 0 0 0 1 0 -1 0 -1 -1 0 1
8 1 0 0 0 0 -1 0 -1 0 0 0 1 0 1 0 1 -1 0 1
8 1 0 0 0 0 -1 0 -1 0 0 0 -1 0 -1 0 1 1 0 -1
8 1 0 0 0 0 -1 0 -1 0 0 0 -1 0 1 0 -1 1 0 -1
8 1 0 0 0 0 -1 0 -1 0 0 0 1 0 -1 0 -1 1 0 -1
8 1 0 0 0 0 -1 0 -1 0 0 0 1 0 1 0 1 1 0 -1
8 -1 0 0 0 0 -1 0 -1 0 0 0 -1 0 -1 0 -1 -1 0 1
8 -1 0 0 0 0 -1 0 -1 0 0 0 -1 0 1 0 1 -1 0 1
8 -1 0 0 0 0 -1 0 -1 0 0 0 1 0 -1 0 1 -1 0 1
8 -1 0 0 0 0 -1 0 -1 0 0 0 1 0 1 0 -1 -1 0 1
8 -1 0 0 0 0 -1 0 -1 0 0 0 -1 0 -1 0 -1 1 0 -1
8 -1 0 0 0 0 -1 0 -1 0 0 0 -1 0 1 0 1 1 0 -1
8 -1 0 0 0 0 -1 0 -1 0 0 0 1 0 -1 0 1 1 0 -1
8 -1 0 0 0 0 -1 0 -1 0 0 0 1 0 1 0 -1 1 0 -1
8 1 0 0 0 0 1 0 1 0 0 0 -1 0 -1 0 1 -1 0 1
8 1 0 0 0 0 1 0 1 0 0 0 -1 0 1 0 -1 -1 0 1
8 1 0 0 0 0 1 0 1 0 0 0 1 0 -1 0 -1 -1 0 1
8 1 0 0 0 0 1 0 1 0 0 0 1 0 1 0 1 -1 0 1
8 1 0 0 0 0 1 0 1 0 0 0 -1 0 -1 0 1 1 0 -1
8 1 0 0 0 0 1 0 1 0 0 0 -1 0 1 0 -1 1 0 -1
8 1 0 0 0 0 1 0 1 0 0 0 1 0 -1 0 -1 1 0 -1
8 1 0 0 0 0 1 0 1 0 0 0 1 0 1 0 1 1 0 -1
8 -1 0 0 0 0 1 0 1 0 0 0 -1 0 -1 0 -1 -1 0 1
8 -1 0 0 0 0 1 0 1 0 0 0 -1 0 1 0 1 -1 0 1
8 -1 0 0 0 0 1 0 1 0 0 0 1 0 -1 0 1 -1 0 1
8 -1 0 0 0 0 1 0 1 0 0 0 1 0 1 0 -1 -1 0 1
8 -1 0 0 0 0 1 0 1 0 0 0 -1 0 -1 0 -1 1 0 -1
8 -1 0 0 0 0 1 0 1 0 0 0 -1 0 1 0 1 1 0 -1
8 -1 0 0 0 0 1 0 1 0 0 0 1 0 -1 0 1 1 0 -1
8 -1 0 0 0 0 1 0 1 0 0 0 1 0 1 0 -1 1 0 -1
8 1 0 0 0 0 1 0 -1 0 0 0 -1 0 -1 0 -1 -1 0 1
8 1 0 0 0 0 1 0 -1 0 0 0 -1 0 1 0 1 -1 0 1
8 1 0 0 0 0 1 0 -1 0 0 0 1 0 -1 0 1 -1 0 1
8 1 0 0 0 0 1 0 -1 0 0 0 1 0 1 0 -1 -1 0 1
8 1 0 0 0 0 1 0 -1 0 0 0 -1 0 -1 0 -1 1 0 -1
8 1 0 0 0 0 1 0 -1 0 0 0 -1 0 1 0 1 1 0 -1
8 1 0 0 0 0 1 0 -1 0 0 0 1 0 -1 0 1 1 0 -1
8 1 0 0 0 0 1 0 -1 0 0 0 1 0 1 0 -1 1 0 -1
8 -1 0 0 0 0 1 0 -1 0 0 0 -1 0 -1 0 1 -1 0 1
8 -1 0 0 0 0 1 0 -1 0 0 0 -1 0 1 0 -1 -1 0 1
8 -1 0 0 0 0 1 0 -1 0 0 0 1 0 -1 0 -1 -1 0 1
8 -1 0 0 0 0 1 0 -1 0 0 0 1 0 1 0 1 -1 0 1
8 -1 0 0 0 0 1 0 -1 0 0 0 -1 0 -1 0 1 1 0 -1
8 -1 0 0 0 0 1 0 -1 0 0 0 -1 0 1 0 -1 1 0 -1
8 -1 0 0 0 0 1 0 -1 0 0 0 1 0 -1 0 -1 1 0 -1
8 -1 0 0 0 0 1 0 -1 0 0 0 1 0 1 0 1 1 0 -1
8 0 -1 0 0 0 0 1 1 0 0 -1 -1 0 -1 -1 1 0 0 0
8 0 -1 0 0 0 0 1 1 0 0 -1 -1 0 1 -1 -1 0 0 0
8 0 -1 0 0 0 0 1 1 0 0 -1 1 0 -1 -1 -1 0 0 0
8 0 -1 0 0 0 0 1 1 0 0 -1 1 0 1 -1 1 0 0 0
8 0 -1 0 0 0 0 1 1 0 0 -1 -1 0 -1 1 -1 0 0 0
8 0 -1 0 0 0 0 1 1 0 0 -1 -1 0 1 1 1 0 0 0
8 0 -1 0 0 0 0 1 1 0 0 -1 1 0 -1 1 1 0 0 0
8 0 -1 0 0 0 0 1 1 0 0 -1 1 0 1 1 -1 0 0 0
8 0 -1 0 0 0 0 1 1 0 0 1 -1 0 -1 -1 -1 0 0 0
8 0 -1 0 0 0 0 1 1 0 0 1 -1 0 1 -1 1 0 0 0
8 0 -1 0 0 0 0 1 1 0 0 1 1 0 -1 -1 1 0 0 0
8 0 -1 0 0 0 0 1 1 0 0 1 1 0 1 -1 -1 0 0 0
8 0 -1 0 0 0 0 1 1 0 0 1 -1 0 -1 1 1 0 0 0
8 0 -1 0 0 0 0 1 1 0 0 1 -1 0 1 1 -1 0 0 0
8 0 -1 0 0 0 0 1 1 0 0 1 1 0 -1 1 -1 0 0 0
8 0 -1 0 0 0 0 1 1 0 0 1 1 0 1 1 1 0 0 0
8 0 -1 0 0 0 0 -1 1 0 0 -1 -1 0 -1 -1 -1 0 0 0
8 0 -1 0 0 0 0 -1 1 0 0 -1 -1 0 1 -1 1 0 0 0
8 0 -1 0 0 0 0 -1 1 0 0 -1 1 0 -1 -1 1 0 0 0
8 0 -1 0 0 0 0 -1 1 0 0 -1 1 0 1 -1 -1 0 0 0
8 0 -1 0 0 0 0 -1 1 0 0 -1 -1 0 -1 1 1 0 0 0
8 0 -1 0 0 0 0 -1 1 0 0 -1 -1 0 1 1 -1 0 0 0
8 0 -1 0 0 0 0 -1 1 0 0 -1 1 0 -1 1 -1 0 0 0
8 0 -1 0 0 0 0 -1 1 0 0 -1 1 0 1 1 1 0 0 0
8 0 -1 0 0 0 0 -1 1 0 0 1 -1 0 -1 -1 1 0 0 0
8 0 -1 0 0 0 0 -1 1 0 0 1 -1 0 1 -1 -1 0 0 0
8 0 -1 0 0 0 0 -1 1 0 0 1 1 0 -1 -1 -1 0 0 0
8 0 -1 0 0 0 0 -1 1 0 0 1 1 0 1 -1 1 0 0 0
8 0 -1 0 0 0 0 -1 1 0 0 1 -1 0 -1 1 -1 0 0 0
8 0 -1 0 0 0 0 -1 1 0 0 1 -1 0 1 1 1 0 0 0
8 0 -1 0 0 0 0 -1 1 0 0 1 1 0 -1 1 1 0 0 0
8 0 -1 0 0 0 0 -1 1 0 0 1 1 0 1 1 -1 0 0 0
8 0 1 0 0 0 0 1 1 0 0 -1 -1 0 -1 -1 -1 0 0 0
8 0 1 0 0 0 0 1 1 0 0 -1 -1 0 1 -1 1 0 0 0
8 0 1 0 0 0 0 1 1 0 0 -1 1 0 -1 -1 1 0 0 0
8 0 1 0 0 0 0 1 1 0 0 -1 1 0 1 -1 -1 0 0 0
8 0 1 0 0 0 0 1 1 0 0 -1 -1 0 -1 1 1 0 0 0
8 0 1 0 0 0 0 1 1 0 0 -1 -1 0 1 1 -1 0 0 0
8 0 1 0 0 0 0 1 1 0 0 -1 1 0 -1 1 -1 0 0 0
8 0 1 0 0 0 0 1 1 0 0 -1 1 0 1 1 1 0 0 0
8 0 1 0 0 0 0 1 1 0 0 1 -1 0 -1 -1 1 0 0 0
8 0 1 0 0 0 0 1 1 0 0 1 -1 0 1 -1 -1 0 0 0
8 0 1 0 0 0 0 1 1 0 0 1 1 0 -1 -1 -1 0 0 0
8 0 1 0 0 0 0 1 1 0 0 1 1 0 1 -1 1 0 0 0
8 0 1 0 0 0 0 1 1 0 0 1 -1 0 -1 1 -1 0 0 0
8 0 1 0 0 0 0 1 1 0 0 1 -1 0 1 1 1 0 0 0
8 0 1 0 0 0 0 1 1 0 0 1 1 0 -1 1 1 0 0 0
8 0 1 0 0 0 0 1 1 0 0 1 1 0 1 1 -1 0 0 0
8 0 1 0 0 0 0 -1 1 0 0 -1 -1 0 -1 -1 1 0 0 0
8 0 1 0 0 0 0 -1 1 0 0 -1 -1 0 1 -1 -1 0 0 0
8 0 1 0 0 0 0 -1 1 0 0 -1 1 0 -1 -1 -1 0 0 0
8 0 1 0 0 0 0 -1 1 0 0 -1 1 0 1 -1 1 0 0 0
8 0 1 0 0 0 0 -1 1 0 0 -1 -1 0 -1 1 -1 0 0 0
8 0 1 0 0 0 0 -1 1 0 0 -1 -1 0 1 1 1 0 0 0
8 0 1 0 0 0 0 -1 1 0 0 -1 1 0 -1 1 1 0 0 0
8 0 1 0 0 0 0 -1 1 0 0 -1 1 0 1 1 -1 0 0 0
8 0 1 0 0 0 0 -1 1 0 0 1 -1 0 -1 -1 -1 0 0 0
8 0 1 0 0 0 0 -1 1 0 0 1 -1 0 1 -1 1 0 0 0
8 0 1 0 0 0 0 -1 1 0 0 1 1 0 -1 -1 1 0 0 0
8 0 1 0 0 0 0 -1 1 0 0 1 1 0 1 -1 -1 0 0 0
8 0 1 0 0 0 0 -1 1 0 0 1 -1 0 -1 1 1 0 0 0
8 0 1 0 0 0 0 -1 1 0 0 1 -1 0 1 1 -1 0 0 0
8 0 1 0 0 0 0 -1 1 0 0 1 1 0 -1 1 -1 0 0 0
8 0 1 0 0 0 0 -1 1 0 0 1 1 0 1 1 1 0 0 0
8 0 -1 0 0 0 0 1 -1 0 0 -1 -1 0 -1 -1 -1 0 0 0
8 0 -1 0 0 0 0 1 -1 0 0 -1 -1 0 1 -1 1 0 0 0
8 0 -1 0 0 0 0 1 -1 0 0 -1 1 0 -1 -1 1 0 0 0
8 0 -1 0 0 0 0 1 -1 0 0 -1 1 0 1 -1 -1 0 0 0
8 0 -1 0 0 0 0 1 -1 0 0 -1 -1 0 -1 1 1 0 0 0
8 0 -1 0 0 0 0 1 -1 0 0 -1 -1 0 1 1 -1 0 0 0
8 0 -1 0 0 0 0 1 -1 0 0 -1 1 0 -1 1 -1 0 0 0
8 0 -1 0 0 0 0 1 -1 0 0 -1 1 0 1 1 1 0 0 0
8 0 -1 0 0 0 0 1 -1 0 0 1 -1 0 -1 -1 1 0 0 0
8 0 -1 0 0 0 0 1 -1 0 0 1 -1 0 1 -1 -1 0 0 0
8 0 -1 0 0 0 0 1 -1 0 0 1 1 0 -1 -1 -1 0 0 0
8 0 -1 0 0 0 0 1 -1 0 0 1 1 0 1 -1 1 0 0 0
8 0 -1 0 0 0 0 1 -1 0 0 1 -1 0 -1 1 -1 0 0 0
8 0 -1 0 0 0 0 1 -1 0 0 1 -1 0 1 1 1 0 0 0
8 0 -1 0 0 0 0 1 -1 0 0 1 1 0 -1 1 1 0 0 0
8 0 -1 0 0 0 0 1 -1 0 0 1 1 0 1 1 -1 0 0 0
8 0 -1 0 0 0 0 -1 -1 0 0 -1 -1 0 -1 -1 1 0 0 0
8 0 -1 0 0 0 0 -1 -1 0 0 -1 -1 0 1 -1 -1 0 0 0
8 0 -1 0 0 0 0 -1 -1 0 0 -1 1 0 -1 -1 -1 0 0 0
8 0 -1 0 0 0 0 -1 -1 0 0 -1 1 0 1 -1 1 0 0 0
8 0 -1 0 0 0 0 -1 -1 0 0 -1 -1 0 -1 1 -1 0 0 0
8 0 -1 0 0 0 0 -1 -1 0 0 -1 -1 0 1 1 1 0 0 0
8 0 -1 0 0 0 0 -1 -1 0 0 -1 1 0 -1 1 1 0 0 0
8 0 -1 0 0 0 0 -1 -1 0 0 -1 1 0 1 1 -1 0 0 0
8 0 -1 0 0 0 0 -1 -1 0 0 1 -1 0 -1 -1 -1 0 0 0
8 0 -1 0 0 0 0 -1 -1 0 0 1 -1 0 1 -1 1 0 0 0
8 0 -1 0 0 0 0 -1 -1 0 0 1 1 0 -1 -1 1 0 0 0
8 0 -1 0 0 0 0 -1 -1 0 0 1 1 0 1 -1 -1 0 0 0
8 0 -1 0 0 0 0 -1 -1 0 0 1 -1 0 -1 1 1 0 0 0
8 0 -1 0 0 0 0 -1 -1 0 0 1 -1 0 1 1 -1 0 0 0
8 0 -1 0 0 0 0 -1 -1 0 0 1 1 0 -1 1 -1 0 0 0
8 0 -1 0 0 0 0 -1 -1 0 0 1 1 0 1 1 1 0 0 0
8 0 1 0 0 0 0 1 -1 0 0 -1 -1 0 -1 -1 1 0 0 0
8 0 1 0 0 0 0 1 -1 0 0 -1 -1 0 1 -1 -1 0 0 0
8 0 1 0 0 0 0 1 -1 0 0 -1 1 0 -1 -1 -1 0 0 0
8 0 1 0 0 0 0 1 -1 0 0 -1 1 0 1 -1 1 0 0 0
8 0 1 0 0 0 0 1 -1 0 0 -1 -1 0 -1 1 -1 0 0 0
8 0 1 0 0 0 0 1 -1 0 0 -1 -1 0 1 1 1 0 0 0
8 0 1 0 0 0 0 1 -1 0 0 -1 1 0 -1 1 1 0 0 0
8 0 1 0 0 0 0 1 -1 0 0 -1 1 0 1 1 -1 0 0 0
8 0 1 0 0 0 0 1 -1 0 0 1 -1 0 -1 -1 -1 0 0 0
8 0 1 0 0 0 0 1 -1 0 0 1 -1 0 1 -1 1 0 0 0
8 0 1 0 0 0 0 1 -1 0 0 1 1 0 -1 -1 1 0 0 0
8 0 1 0 0 0 0 1 -1 0 0 1 1 0 1 -1 -1 0 0 0
8 0 1 0 0 0 0 1 -1 0 0 1 -1 0 -1 1 1 0 0 0
8 0 1 0 0 0 0 1 -1 0 0 1 -1 0 1 1 -1 0 0 0
8 0 1 0 0 0 0 1 -1 0 0 1 1 0 -1 1 -1 0 0 0
8 0 1 0 0 0 0 1 -1 0 0 1 1 0 1 1 1 0 0 0
8 0 1 0 0 0 0 -1 -1 0 0 -1 -1 0 -1 -1 -1 0 0 0
8 0 1 0 0 0 0 -1 -1 0 0 -1 -1 0 1 -1 1 0 0 0
8 0 1 0 0 0 0 -1 -1 0 0 -1 1 0 -1 -1 1 0 0 0
8 0 1 0 0 0 0 -1 -1 0 0 -1 1 0 1 -1 -1 0 0 0
8 0 1 0 0 0 0 -1 -1 0 0 -1 -1 0 -1 1 1 0 0 0
8 0 1 0 0 0 0 -1 -1 0 0 -1 -1 0 1 1 -1 0 0 0
8 0 1 0 0 0 0 -1 -1 0 0 -1 1 0 -1 1 -1 0 0 0
8 0 1 0 0 0 0 -1 -1 0 0 -1 1 0 1 1 1 0 0 0
8 0 1 0 0 0 0 -1 -1 0 0 1 -1 0 -1 -1 1 0 0 0
8 0 1 0 0 0 0 -1 -1 0 0 1 -1 0 1 -1 -1 0 0 0
8 0 1 0 0 0 0 -1 -1 0 0 1 1 0 -1 -1 -1 0 0 0
8 0 1 0 0 0 0 -1 -1 0 0 1 1 0 1 -1 1 0 0 0
8 0 1 0 0 0 0 -1 -1 0 0 1 -1 0 -1 1 -1 0 0 0
8 0 1 0 0 0 0 -1 -1 0 0 1 -1 0 1 1 1 0 0 0
8 0 1 0 0 0 0 -1 -1 0 0 1 1 0 -1 1 1 0 0 0
8 0 1 0 0 0 0 -1 -1 0 0 1 1 0 1 1 -1 0 0 0
8 1 -1 0 0 1 0 0 0 -1 0 0 -1 -1 -1 0 1 0 0 0
8 1 -1 0 0 1 0 0 0 -1 0 0 -1 -1 1 0 -1 0 0 0
8 1 -1 0 0 1 0 0 0 -1 0 0 1 -1 -1 0 -1 0 0 0
8 1 -1 0 0 1 0 0 0 -1 0 0 1 -1 1 0 1 0 0 0
8 1 -1 0 0 1 0 0 0 1 0 0 -1 -1 -1 0 -1 0 0 0
8 1 -1 0 0 1 0 0 0 1 0 0 -1 -1 1 0 1 0 0 0
8 1 -1 0 0 1 0 0 0 1 0 0 1 -1 -1 0 1 0 0 0
8 1 -1 0 0 1 0 0 0 1 0 0 1 -1 1 0 -1 0 0 0
8 1 -1 0 0 -1 0 0 0 -1 0 0 -1 -1 -1 0 -1 0 0 0
8 1 -1 0 0 -1 0 0 0 -1 0 0 -1 -1 1 0 1 0 0 0
8 1 -1 0 0 -1 0 0 0 -1 0 0 1 -1 -1 0 1 0 0 0
8 1 -1 0 0 -1 0 0 0 -1 0 0 1 -1 1 0 -1 0 0 0
8 1 -1 0 0 -1 0 0 0 1 0 0 -1 -1 -1 0 1 0 0 0
8 1 -1 0 0 -1 0 0 0 1 0 0 -1 -1 1 0 -1 0 0 0
8 1 -1 0 0 -1 0 0 0 1 0 0 1 -1 -1 0 -1 0 0 0
8 1 -1 0 0 -1 0 0 0 1 0 0 1 -1 1 0 1 0 0 0
8 1 -1 0 0 1 0 0 0 -1 0 0 -1 1 -1 0 -1 0 0 0
8 1 -1 0 0 1 0 0 0 -1 0 0 -1 1 1 0 1 0 0 0
8 1 -1 0 0 1 0 0 0 -1 0 0 1 1 -1 0 1 0 0 0
8 1 -1 0 0 1 0 0 0 -1 0 0 1 1 1 0 -1 0 0 0
8 1 -1 0 0 1 0 0 0 1 0 0 -1 1 -1 0 1 0 0 0
8 1 -1 0 0 1 0 0 0 1 0 0 -1 1 1 0 -1 0 0 0
8 1 -1 0 0 1 0 0 0 1 0 0 1 1 -1 0 -1 0 0 0
8 1 -1 0 0 1 0 0 0 1 0 0 1 1 1 0 1 0 0 0
8 1 -1 0 0 -1 0 0 0 -1 0 0 -1 1 -1 0 1 0 0 0
8 1 -1 0 0 -1 0 0 0 -1 0 0 -1 1 1 0 -1 0 0 0
8 1 -1 0 0 -1 0 0 0 -1 0 0 1 1 -1 0 -1 0 0 0
8 1 -1 0 0 -1 0 0 0 -1 0 0 1 1 1 0 1 0 0 0
8 1 -1 0 0 -1 0 0 0 1 0 0 -1 1 -1 0 -1 0 0 0
8 1 -1 0 0 -1 0 0 0 1 0 0 -1 1 1 0 1 0 0 0
8 1 -1 0 0 -1 0 0 0 1 0 0 1 1 -1 0 1 0 0 0
8 1 -1 0 0 -1 0 0 0 1 0 0 1 1 1 0 -1 0 0 0
8 -1 -1 0 0 1 0 0 0 -1 0 0 -1 -1 -1 0 -1 0 0 0
8 -1 -1 0 0 1 0 0 0 -1 0 0 -1 -1 1 0 1 0 0 0
8 -1 -1 0 0 1 0 0 0 -1 0 0 1 -1 -1 0 1 0 0 0
8 -1 -1 0 0 1 0 0 0 -1 0 0 1 -1 1 0 -1 0 0 0
8 -1 -1 0 0 1 0 0 0 1 0 0 -1 -1 -1 0 1 0 0 0
8 -1 -1 0 0 1 0 0 0 1 0 0 -1 -1 1 0 -1 0 0 0
8 -1 -1 0 0 1 0 0 0 1 0 0 1 -1 -1 0 -1 0 0 0
8 -1 -1 0 0 1 0 0 0 1 0 0 1 -1 1 0 1 0 0 0
8 -1 -1 0 0 -1 0 0 0 -1 0 0 -1 -1 -1 0 1 0 0 0
8 -1 -1 0 0 -1 0 0 0 -1 0 0 -1 -1 1 0 -1 0 0 0
8 -1 -1 0 0 -1 0 0 0 -1 0 0 1 -1 -1 0 -1 0 0 0
8 -1 -1 0 0 -1 0 0 0 -1 0 0 1 -1 1 0 1 0 0 0
8 -1 -1 0 0 -1 0 0 0 1 0 0 -1 -1 -1 0 -1 0 0 0
8 -1 -1 0 0 -1 0 0 0 1 0 0 -1 -1 1 0 1 0 0 0
8 -1 -1 0 0 -1 0 0 0 1 0 0 1 -1 -1 0 1 0 0 0
8 -1 -1 0 0 -1 0 0 0 1 0 0 1 -1 1 0 -1 0 0 0
8 -1 -1 0 0 1 0 0 0 -1 0 0 -1 1 -1 0 1 0 0 0
8 -1 -1 0 0 1 0 0 0 -1 0 0 -1 1 1 0 -1 0 0 0
8 -1 -1 0 0 1 0 0 0 -1 0 0 1 1 -1 0 -1 0 0 0
8 -1 -1 0 0 1 0 0 0 -1 0 0 1 1 1 0 1 0 0 0
8 -1 -1 0 0 1 0 0 0 1 0 0 -1 1 -1 0 -1 0 0 0
8 -1 -1 0 0 1 0 0 0 1 0 0 -1 1 1 0 1 0 0 0
8 -1 -1 0 0 1 0 0 0 1 0 0 1 1 -1 0 1 0 0 0
8 -1 -1 0 0 1 0 0 0 1 0 0 1 1 1 0 -1 0 0 0
8 -1 -1 0 0 -1 0 0 0 -1 0 0 -1 1 -1 0 -1 0 0 0
8 -1 -1 0 0 -1 0 0 0 -1 0 0 -1 1 1 0 1 0 0 0
8 -1 -1 0 0 -1 0 0 0 -1 0 0 1 1 -1 0 1 0 0 0
8 -1 -1 0 0 -1 0 0 0 -1 0 0 1 1 1 0 -1 0 0 0
8 -1 -1 0 0 -1 0 0 0 1 0 0 -1 1 -1 0 1 0 0 0
8 -1 -1 0 0 -1 0 0 0 1 0 0 -1 1 1 0 -1 0 0 0
8 -1 -1 0 0 -1 0 0 0 1 0 0 1 1 -1 0 -1 0 0 0
8 -1 -1 0 0 -1 0 0 0 1 0 0 1 1 1 0 1 0 0 0
8 1 1 0 0 1 0 0 0 -1 0 0 -1 -1 -1 0 -1 0 0 0
8 1 1 0 0 1 0 0 0 -1 0 0 -1 -1 1 0 1 0 0 0
8 1 1 0 0 1 0 0 0 -1 0 0 1 -1 -1 0 1 0 0 0
8 1 1 0 0 1 0 0 0 -1 0 0 1 -1 1 0 -1 0 0 0
8 1 1 0 0 1 0 0 0 1 0 0 -1 -1 -1 0 1 0 0 0
8 1 1 0 0 1 0 0 0 1 0 0 -1 -1 1 0 -1 0 0 0
8 1 1 0 0 1 0 0 0 1 0 0 1 -1 -1 0 -1 0 0 0
8 1 1 0 0 1 0 0 0 1 0 0 1 -1 1 0 1 0 0 0
8 1 1 0 0 -1 0 0 0 -1 0 0 -1 -1 -1 0 1 0 0 0
8 1 1 0 0 -1 0 0 0 -1 0 0 -1 -1 1 0 -1 0 0 0
8 1 1 0 0 -1 0 0 0 -1 0 0 1 -1 -1 0 -1 0 0 0
8 1 1 0 0 -1 0 0 0 -1 0 0 1 -1 1 0 1 0 0 0
8 1 1 0 0 -1 0 0 0 1 0 0 -1 -1 -1 0 -1 0 0 0
8 1 1 0 0 -1 0 0 0 1 0 0 -1 -1 1 0 1 0 0 0
8 1 1 0 0 -1 0 0 0 1 0 0 1 -1 -1 0 1 0 0 0
8 1 1 0 0 -1 0 0 0 1 0 0 1 -1 1 0 -1 0 0 0
8 1 1 0 0 1 0 0 0 -1 0 0 -1 1 -1 0 1 0 0 0
8 1 1 0 0 1 0 0 0 -1 0 0 -1 1 1 0 -1 0 0 0
8 1 1 0 0 1 0 0 0 -1 0 0 1 1 -1 0 -1 0 0 0
8 1 1 0 0 1 0 0 0 -1 0 0 1 1 1 0 1 0 0 0
8 1 1 0 0 1 0 0 0 1 0 0 -1 1 -1 0 -1 0 0 0
8 1 1 0 0 1 0 0 0 1 0 0 -1 1 1 0 1 0 0 0
8 1 1 0 0 1 0 0 0 1 0 0 1 1 -1 0 1 0 0 0
8 1 1 0 0 1 0 0 0 1 0 0 1 1 1 0 -1 0 0 0
8 1 1 0 0 -1 0 0 0 -1 0 0 -1 1 -1 0 -1 0 0 0
8 1 1 0 0 -1 0 0 0 -1 0 0 -1 1 1 0 1 0 0 0
8 1 1 0 0 -1 0 0 0 -1 0 0 1 1 -1 0 1 0 0 0
8 1 1 0 0 -1 0 0 0 -1 0 0 1 1 1 0 -1 0 0 0
8 1 1 0 0 -1 0 0 0 1 0 0 -1 1 -1 0 1 0 0 0
8 1 1 0 0 -1 0 0 0 1 0 0 -1 1 1 0 -1 0 0 0
8 1 1 0 0 -1 0 0 0 1 0 0 1 1 -1 0 -1 0 0 0
8 1 1 0 0 -1 0 0 0 1 0 0 1 1 1 0 1 0 0 0
8 -1 1 0 0 1 0 0 0 -1 0 0 -1 -1 -1 0 1 0 0 0
8 -1 1 0 0 1 0 0 0 -1 0 0 -1 -1 1 0 -1 0 0 0
8 -1 1 0 0 1 0 0 0 -1 0 0 1 -1 -1 0 -1 0 0 0
8 -1 1 0 0 1 0 0 0 -1 0 0 1 -1 1 0 1 0 0 0
8 -1 1 0 0 1 0 0 0 1 0 0 -1 -1 -1 0 -1 0 0 0
8 -1 1 0 0 1 0 0 0 1 0 0 -1 -1 1 0 1 0 0 0
8 -1 1 0 0 1 0 0 0 1 0 0 1 -1 -1 0 1 0 0 0
8 -1 1 0 0 1 0 0 0 1 0 0 1 -1 1 0 -1 0 0 0
8 -1 1 0 0 -1 0 0 0 -1 0 0 -1 -1 -1 0 -1 0 0 0
8 -1 1 0 0 -1 0 0 0 -1 0 0 -1 -1 1 0 1 0 0 0
8 -1 1 0 0 -1 0 0 0 -1 0 0 1 -1 -1 0 1 0 0 0
8 -1 1 0 0 -1 0 0 0 -1 0 0 1 -1 1 0 -1 0 0 0
8 -1 1 0 0 -1 0 0 0 1 0 0 -1 -1 -1 0 1 0 0 0
8 -1 1 0 0 -1 0 0 0 1 0 0 -1 -1 1 0 -1 0 0 0
8 -1 1 0 0 -1 0 0 0 1 0 0 1 -1 -1 0 -1 0 0 0
8 -1 1 0 0 -1 0 0 0 1 0 0 1 -1 1 0 1 0 0 0
8 -1 1 0 0 1 0 0 0 -1 0 0 -1 1 -1 0 -1 0 0 0
8 -1 1 0 0 1 0 0 0 -1 0 0 -1 1 1 0 1 0 0 0
8 -1 1 0 0 1 0 0 0 -1 0 0 1 1 -1 0 1 0 0 0
8 -1 1 0 0 1 0 0 0 -1 0 0 1 1 1 0 -1 0 0 0
8 -1 1 0 0 1 0 0 0 1 0 0 -1 1 -1 0 1 0 0 0
8 -1 1 0 0 1 0 0 0 1 0 0 -1 1 1 0 -1 0 0 0
8 -1 1 0 0 1 0 0 0 1 0 0 1 1 -1 0 -1 0 0 0
8 -1 1 0 0 1 0 0 0 1 0 0 1 1 1 0 1 0 0 0
8 -1 1 0 0 -1 0 0 0 -1 0 0 -1 1 -1 0 1 0 0 0
8 -1 1 0 0 -1 0 0 0 -1 0 0 -1 1 1 0 -1 0 0 0
8 -1 1 0 0 -1 0 0 0 -1 0 0 1 1 -1 0 -1 0 0 0
8 -1 1 0 0 -1 0 0 0 -1 0 0 1 1 1 0 1 0 0 0
8 -1 1 0 0 -1 0 0 0 1 0 0 -1 1 -1 0 -1 0 0 0
8 -1 1 0 0 -1 0 0 0 1 0 0 -1 1 1 0 1 0 0 0
8 -1 1 0 0 -1 0 0 0 1 0 0 1 1 -1 0 1 0 0 0
8 -1 1 0 0 -1 0 0 0 1 0 0 1 1 1 0 -1 0 0 0
8 1 0 0 0 0 -1 1 0 0 -1 -1 0 -1 -1 0 1 0 0 0
8 1 0 0 0 0 -1 1 0 0 -1 -1 0 -1 1 0 -1 0 0 0
8 1 0 0 0 0 -1 1 0 0 1 -1 0 -1 -1 0 -1 0 0 0
8 1 0 0 0 0 -1 1 0 0 1 -1 0 -1 1 0 1 0 0 0
8 1 0 0 0 0 -1 1 0 0 -1 1 0 -1 -1 0 -1 0 0 0
8 1 0 0 0 0 -1 1 0 0 -1 1 0 -1 1 0 1 0 0 0
8 1 0 0 0 0 -1 1 0 0 1 1 0 -1 -1 0 1 0 0 0
8 1 0 0 0 0 -1 1 0 0 1 1 0 -1 1 0 -1 0 0 0
8 1 0 0 0 0 -1 -1 0 0 -1 -1 0 -1 -1 0 -1 0 0 0
8 1 0 0 0 0 -1 -1 0 0 -1 -1 0 -1 1 0 1 0 0 0
8 1 0 0 0 0 -1 -1 0 0 1 -1 0 -1 -1 0 1 0 0 0
8 1 0 0 0 0 -1 -1 0 0 1 -1 0 -1 1 0 -1 0 0 0
8 1 0 0 0 0 -1 -1 0 0 -1 1 0 -1 -1 0 1 0 0 0
8 1 0 0 0 0 -1 -1 0 0 -1 1 0 -1 1 0 -1 0 0 0
8 1 0 0 0 0 -1 -1 0 0 1 1 0 -1 -1 0 -1 0 0 0
8 1 0 0 0 0 -1 -1 0 0 1 1 0 -1 1 0 1 0 0 0
8 1 0 0 0 0 -1 1 0 0 -1 -1 0 1 -1 0 -1 0 0 0
8 1 0 0 0 0 -1 1 0 0 -1 -1 0 1 1 0 1 0 0 0
8 1 0 0 0 0 -1 1 0 0 1 -1 0 1 -1 0 1 0 0 0
8 1 0 0 0 0 -1 1 0 0 1 -1 0 1 1 0 -1 0 0 0
8 1 0 0 0 0 -1 1 0 0 -1 1 0 1 -1 0 1 0 0 0
8 1 0 0 0 0 -1 1 0 0 -1 1 0 1 1 0 -1 0 0 0
8 1 0 0 0 0 -1 1 0 0 1 1 0 1 -1 0 -1 0 0 0
8 1 0 0 0 0 -1 1 0 0 1 1 0 1 1 0 1 0 0 0
8 1 0 0 0 0 -1 -1 0 0 -1 -1 0 1 -1 0 1 0 0 0
8 1 0 0 0 0 -1 -1 0 0 -1 -1 0 1 1 0 -1 0 0 0
8 1 0 0 0 0 -1 -1 0 0 1 -1 0 1 -1 0 -1 0 0 0
8 1 0 0 0 0 -1 -1 0 0 1 -1 0 1 1 0 1 0 0 0
8 1 0 0 0 0 -1 -1 0 0 -1 1 0 1 -1 0 -1 0 0 0
8 1 0 0 0 0 -1 -1 0 0 -1 1 0 1 1 0 1 0 0 0
8 1 0 0 0 0 -1 -1 0 0 1 1 0 1 -1 0 1 0 0 0
8 1 0 0 0 0 -1 -1 0 0 1 1 0 1 1 0 -1 0 0 0
8 -1 0 0 0 0 -1 1 0 0 -1 -1 0 -1 -1 0 -1 0 0 0
8 -1 0 0 0 0 -1 1 0 0 -1 -1 0 -1 1 0 1 0 0 0
8 -1 0 0 0 0 -1 1 0 0 1 -1 0 -1 -1 0 1 0 0 0
8 -1 0 0 0 0 -1 1 0 0 1 -1 0 -1 1 0 -1 0 0 0
8 -1 0 0 0 0 -1 1 0 0 -1 1 0 -1 -1 0 1 0 0 0
8 -1 0 0 0 0 -1 1 0 0 -1 1 0 -1 1 0 -1 0 0 0
8 -1 0 0 0 0 -1 1 0 0 1 1 0 -1 -1 0 -1 0 0 0
8 -1 0 0 0 0 -1 1 0 0 1 1 0 -1 1 0 1 0 0 0
8 -1 0 0 0 0 -1 -1 0 0 -1 -1 0 -1 -1 0 1 0 0 0
8 -1 0 0 0 0 -1 -1 0 0 -1 -1 0 -1 1 0 -1 0 0 0
8 -1 0 0 0 0 -1 -1 0 0 1 -1 0 -1 -1 0 -1 0 0 0
8 -1 0 0 0 0 -1 -1 0 0 1 -1 0 -1 1 0 1 0 0 0
8 -1 0 0 0 0 -1 -1 0 0 -1 1 0 -1 -1 0 -1 0 0 0
8 -1 0 0 0 0 -1 -1 0 0 -1 1 0 -1 1 0 1 0 0 0
8 -1 0 0 0 0 -1 -1 0 0 1 1 0 -1 -1 0 1 0 0 0
8 -1 0 0 0 0 -1 -1 0 0 1 1 0 -1 1 0 -1 0 0 0
8 -1 0 0 0 0 -1 1 0 0 -1 -1 0 1 -1 0 1 0 0 0
8 -1 0 0 0 0 -1 1 0 0 -1 -1 0 1 1 0 -1 0 0 0
8 -1 0 0 0 0 -1 1 0 0 1 -1 0 1 -1 0 -1 0 0 0
8 -1 0 0 0 0 -1 1 0 0 1 -1 0 1 1 0 1 0 0 0
8 -1 0 0 0 0 -1 1 0 0 -1 1 0 1 -1 0 -1 0 0 0
8 -1 0 0 0 0 -1 1 0 0 -1 1 0 1 1 0 1 0 0 0
8 -1 0 0 0 0 -1 1 0 0 1 1 0 1 -1 0 1 0 0 0
8 -1 0 0 0 0 -1 1 0 0 1 1 0 1 1 0 -1 0 0 0
8 -1 0 0 0 0 -1 -1 0 0 -1 -1 0 1 -1 0 -1 0 0 0
8 -1 0 0 0 0 -1 -1 0 0 -1 -1 0 1 1 0 1 0 0 0
8 -1 0 0 0 0 -1 -1 0 0 1 -1 0 1 -1 0 1 0 0 0
8 -1 0 0 0 0 -1 -1 0 0 1 -1 0 1 1 0 -1 0 0 0
8 -1 0 0 0 0 -1 -1 0 0 -1 1 0 1 -1 0 1 0 0 0
8 -1 0 0 0 0 -1 -1 0 0 -1 1 0 1 1 0 -1 0 0 0
8 -1 0 0 0 0 -1 -1 0 0 1 1 0 1 -1 0 -1 0 0 0
8 -1 0 0 0 0 -1 -1 0 0 1 1 0 1 1 0 1 0 0 0
8 1 0 0 0 0 1 1 0 0 -1 -1 0 -1 -1 0 -1 0 0 0
8 1 0 0 0 0 1 1 0 0 -1 -1 0 -1 1 0 1 0 0 0
8 1 0 0 0 0 1 1 0 0 1 -1 0 -1 -1 0 1 0 0 0
8 1 0 0 0 0 1 1 0 0 1 -1 0 -1 1 0 -1 0 0 0
8 1 0 0 0 0 1 1 0 0 -1 1 0 -1 -1 0 1 0 0 0
8 1 0 0 0 0 1 1 0 0 -1 1 0 -1 1 0 -1 0 0 0
8 1 0 0 0 0 1 1 0 0 1 1 0 -1 -1 0 -1 0 0 0
8 1 0 0 0 0 1 1 0 0 1 1 0 -1 1 0 1 0 0 0
8 1 0 0 0 0 1 -1 0 0 -1 -1 0 -1 -1 0 1 0 0 0
8 1 0 0 0 0 1 -1 0 0 -1 -1 0 -1 1 0 -1 0 0 0
8 1 0 0 0 0 1 -1 0 0 1 -1 0 -1 -1 0 -1 0 0 0
8 1 0 0 0 0 1 -1 0 0 1 -1 0 -1 1 0 1 0 0 0
8 1 0 0 0 0 1 -1 0 0 -1 1 0 -1 -1 0 -1 0 0 0
8 1 0 0 0 0 1 -1 0 0 -1 1 0 -1 1 0 1 0 0 0
8 1 0 0 0 0 1 -1 0 0 1 1 0 -1 -1 0 1 0 0 0
8 1 0 0 0 0 1 -1 0 0 1 1 0 -1 1 0 -1 0 0 0
8 1 0 0 0 0 1 1 0 0 -1 -1 0 1 -1 0 1 0 0 0
8 1 0 0 0 0 1 1 0 0 -1 -1 0 1 1 0 -1 0 0 0
8 1 0 0 0 0 1 1 0 0 1 -1 0 1 -1 0 -1 0 0 0
8 1 0 0 0 0 1 1 0 0 1 -1 0 1 1 0 1 0 0 0
8 1 0 0 0 0 1 1 0 0 -1 1 0 1 -1 0 -1 0 0 0
8 1 0 0 0 0 1 1 0 0 -1 1 0 1 1 0 1 0 0 0
8 1 0 0 0 0 1 1 0 0 1 1 0 1 -1 0 1 0 0 0
8 1 0 0 0 0 1 1 0 0 1 1 0 1 1 0 -1 0 0 0
8 1 0 0 0 0 1 -1 0 0 -1 -1 0 1 -1 0 -1 0 0 0
8 1 0 0 0 0 1 -1 0 0 -1 -1 0 1 1 0 1 0 0 0
8 1 0 0 0 0 1 -1 0 0 1 -1 0 1 -1 0 1 0 0 0
8 1 0 0 0 0 1 -1 0 0 1 -1 0 1 1 0 -1 0 0 0
8 1 0 0 0 0 1 -1 0 0 -1 1 0 1 -1 0 1 0 0 0
8 1 0 0 0 0 1 -1 0 0 -1 1 0 1 1 0 -1 0 0 0
8 1 0 0 0 0 1 -1 0 0 1 1 0 1 -1 0 -1 0 0 0
8 1 0 0 0 0 1 -1 0 0 1 1 0 1 1 0 1 0 0 0
8 -1 0 0 0 0 1 1 0 0 -1 -1 0 -1 -1 0 1 0 0 0
8 -1 0 0 0 0 1 1 0 0 -1 -1 0 -1 1 0 -1 0 0 0
8 -1 0 0 0 0 1 1 0 0 1 -1 0 -1 -1 0 -1 0 0 0
8 -1 0 0 0 0 1 1 0 0 1 -1 0 -1 1 0 1 0 0 0
8 -1 0 0 0 0 1 1 0 0 -1 1 0 -1 -1 0 -1 0 0 0
8 -1 0 0 0 0 1 1 0 0 -1 1 0 -1 1 0 1 0 0 0
8 -1 0 0 0 0 1 1 0 0 1 1 0 -1 -1 0 1 0 0 0
8 -1 0 0 0 0 1 1 0 0 1 1 0 -1 1 0 -1 0 0 0
8 -1 0 0 0 0 1 -1 0 0 -1 -1 0 -1 -1 0 -1 0 0 0
8 -1 0 0 0 0 1 -1 0 0 -1 -1 0 -1 1 0 1 0 0 0
8 -1 0 0 0 0 1 -1 0 0 1 -1 0 -1 -1 0 1 0 0 0
8 -1 0 0 0 0 1 -1 0 0 1 -1 0 -1 1 0 -1 0 0 0
8 -1 0 0 0 0 1 -1 0 0 -1 1 0 -1 -1 0 1 0 0 0
8 -1 0 0 0 0 1 -1 0 0 -1 1 0 -1 1 0 -1 0 0 0
8 -1 0 0 0 0 1 -1 0 0 1 1 0 -1 -1 0 -1 0 0 0
8 -1 0 0 0 0 1 -1 0 0 1 1 0 -1 1 0 1 0 0 0
8 -1 0 0 0 0 1 1 0 0 -1 -1 0 1 -1 0 -1 0 0 0
8 -1 0 0 0 0 1 1 0 0 -1 -1 0 1 1 0 1 0 0 0
8 -1 0 0 0 0 1 1 0 0 1 -1 0 1 -1 0 1 0 0 0
8 -1 0 0 0 0 1 1 0 0 1 -1 0 1 1 0 -1 0 0 0
8 -1 0 0 0 0 1 1 0 0 -1 1 0 1 -1 0 1 0 0 0
8 -1 0 0 0 0 1 1 0 0 -1 1 0 1 1 0 -1 0 0 0
8 -1 0 0 0 0 1 1 0 0 1 1 0 1 -1 0 -1 0 0 0
8 -1 0 0 0 0 1 1 0 0 1 1 0 1 1 0 1 0 0 0
8 -1 0 0 0 0 1 -1 0 0 -1 -1 0 1 -1 0 1 0 0 0
8 -1 0 0 0 0 1 -1 0 0 -1 -1 0 1 1 0 -1 0 0 0
8 -1 0 0 0 0 1 -1 0 0 1 -1 0 1 -1 0 -1 0 0 0
8 -1 0 0 0 0 1 -1 0 0 1 -1 0 1 1 0 1 0 0 0
8 -1 0 0 0 0 1 -1 0 0 -1 1 0 1 -1 0 -1 0 0 0
8 -1 0 0 0 0 1 -1 0 0 -1 1 0 1 1 0 1 0 0 0
8 -1 0 0 0 0 1 -1 0 0 1 1 0 1 -1 0 1 0 0 0
8 -1 0 0 0 0 1 -1 0 0 1 1 0 1 1 0 -1 0 0 0
8 0 0 0 1 1 0 0 0 0 -1 0 0 -1 -1 0 -1 -1 0 -1
8 0 0 0 1 1 0 0 0 0 -1 0 0 -1 1 0 1 -1 0 -1
8 0 0 0 1 1 0 0 0 0 1 0 0 -1 -1 0 1 -1 0 -1
8 0 0 0 1 1 0 0 0 0 1 0 0 -1 1 0 -1 -1 0 -1
8 0 0 0 -1 1 0 0 0 0 -1 0 0 -1 -1 0 1 -1 0 -1
8 0 0 0 -1 1 0 0 0 0 -1 0 0 -1 1 0 -1 -1 0 -1
8 0 0 0 -1 1 0 0 0 0 1 0 0 -1 -1 0 -1 -1 0 -1
8 0 0 0 -1 1 0 0 0 0 1 0 0 -1 1 0 1 -1 0 -1
8 0 0 0 1 -1 0 0 0 0 -1 0 0 -1 -1 0 1 -1 0 -1
8 0 0 0 1 -1 0 0 0 0 -1 0 0 -1 1 0 -1 -1 0 -1
8 0 0 0 1 -1 0 0 0 0 1 0 0 -1 -1 0 -1 -1 0 -1
8 0 0 0 1 -1 0 0 0 0 1 0 0 -1 1 0 1 -1 0 -1
8 0 0 0 -1 -1 0 0 0 0 -1 0 0 -1 -1 0 -1 -1 0 -1
8 0 0 0 -1 -1 0 0 0 0 -1 0 0 -1 1 0 1 -1 0 -1
8 0 0 0 -1 -1 0 0 0 0 1 0 0 -1 -1 0 1 -1 0 -1
8 0 0 0 -1 -1 0 0 0 0 1 0 0 -1 1 0 -1 -1 0 -1
8 0 0 0 1 1 0 0 0 0 -1 0 0 1 -1 0 1 -1 0 -1
8 0 0 0 1 1 0 0 0 0 -1 0 0 1 1 0 -1 -1 0 -1
8 0 0 0 1 1 0 0 0 0 1 0 0 1 -1 0 -1 -1 0 -1
8 0 0 0 1 1 0 0 0 0 1 0 0 1 1 0 1 -1 0 -1
8 0 0 0 -1 1 0 0 0 0 -1 0 0 1 -1 0 -1 -1 0 -1
8 0 0 0 -1 1 0 0 0 0 -1 0 0 1 1 0 1 -1 0 -1
8 0 0 0 -1 1 0 0 0 0 1 0 0 1 -1 0 1 -1 0 -1
8 0 0 0 -1 1 0 0 0 0 1 0 0 1 1 0 -1 -1 0 -1
8 0 0 0 1 -1 0 0 0 0 -1 0 0 1 -1 0 -1 -1 0 -1
8 0 0 0 1 -1 0 0 0 0 -1 0 0 1 1 0 1 -1 0 -1
8 0 0 0 1 -1 0 0 0 0 1 0 0 1 -1 0 1 -1 0 -1
8 0 0 0 1 -1 0 0 0 0 1 0 0 1 1 0 -1 -1 0 -1
8 0 0 0 -1 -1 0 0 0 0 -1 0 0 1 -1 0 1 -1 0 -1
8 0 0 0 -1 -1 0 0 0 0 -1 0 0 1 1 0 -1 -1 0 -1
8 0 0 0 -1 -1 0 0 0 0 1 0 0 1 -1 0 -1 -1 0 -1
8 0 0 0 -1 -1 0 0 0 0 1 0 0 1 1 0 1 -1 0 -1
8 0 0 0 1 1 0 0 0 0 -1 0 0 -1 -1 0 -1 1 0 1
8 0 0 0 1 1 0 0 0 0 -1 0 0 -1 1 0 1 1 0 1
8 0 0 0 1 1 0 0 0 0 1 0 0 -1 -1 0 1 1 0 1
8 0 0 0 1 1 0 0 0 0 1 0 0 -1 1 0 -1 1 0 1
8 0 0 0 -1 1 0 0 0 0 -1 0 0 -1 -1 0 1 1 0 1
8 0 0 0 -1 1 0 0 0 0 -1 0 0 -1 1 0 -1 1 0 1
8 0 0 0 -1 1 0 0 0 0 1 0 0 -1 -1 0 -1 1 0 1
8 0 0 0 -1 1 0 0 0 0 1 0 0 -1 1 0 1 1 0 1
8 0 0 0 1 -1 0 0 0 0 -1 0 0 -1 -1 0 1 1 0 1
8 0 0 0 1 -1 0 0 0 0 -1 0 0 -1 1 0 -1 1 0 1
8 0 0 0 1 -1 0 0 0 0 1 0 0 -1 -1 0 -1 1 0 1
8 0 0 0 1 -1 0 0 0 0 1 0 0 -1 1 0 1 1 0 1
8 0 0 0 -1 -1 0 0 0 0 -1 0 0 -1 -1 0 -1 1 0 1
8 0 0 0 -1 -1 0 0 0 0 -1 0 0 -1 1 0 1 1 0 1
8 0 0 0 -1 -1 0 0 0 0 1 0 0 -1 -1 0 1 1 0 1
8 0 0 0 -1 -1 0 0 0 0 1 0 0 -1 1 0 -1 1 0 1
8 0 0 0 1 1 0 0 0 0 -1 0 0 1 -1 0 1 1 0 1
8 0 0 0 1 1 0 0 0 0 -1 0 0 1 1 0 -1 1 0 1
8 0 0 0 1 1 0 0 0 0 1 0 0 1 -1 0 -1 1 0 1
8 0 0 0 1 1 0 0 0 0 1 0 0 1 1 0 1 1 0 1
8 0 0 0 -1 1 0 0 0 0 -1 0 0 1 -1 0 -1 1 0 1
8 0 0 0 -1 1 0 0 0 0 -1 0 0 1 1 0 1 1 0 1
8 0 0 0 -1 1 0 0 0 0 1 0 0 1 -1 0 1 1 0 1
8 0 0 0 -1 1 0 0 0 0 1 0 0 1 1 0 -1 1 0 1
8 0 0 0 1 -1 0 0 0 0 -1 0 0 1 -1 0 -1 1 0 1
8 0 0 0 1 -1 0 0 0 0 -1 0 0 1 1 0 1 1 0 1
8 0 0 0 1 -1 0 0 0 0 1 0 0 1 -1 0 1 1 0 1
8 0 0 0 1 -1 0 0 0 0 1 0 0 1 1 0 -1 1 0 1
8 0 0 0 -1 -1 0 0 0 0 -1 0 0 1 -1 0 1 1 0 1
8 0 0 0 -1 -1 0 0 0 0 -1 0 0 1 1 0 -1 1 0 1
8 0 0 0 -1 -1 0 0 0 0 1 0 0 1 -1 0 -1 1 0 1
8 0 0 0 -1 -1 0 0 0 0 1 0 0 1 1 0 1 1 0 1
8 0 0 1 0 0 0 0 1 0 -1 -1 0 0 -1 0 -1 -1 -1 0
8 0 0 1 0 0 0 0 1 0 -1 -1 0 0 1 0 1 -1 -1 0
8 0 0 1 0 0 0 0 1 0 1 -1 0 0 -1 0 1 -1 -1 0
8 0 0 1 0 0 0 0 1 0 1 -1 0 0 1 0 -1 -1 -1 0
8 0 0 1 0 0 0 0 1 0 -1 1 0 0 -1 0 1 -1 -1 0
8 0 0 1 0 0 0 0 1 0 -1 1 0 0 1 0 -1 -1 -1 0
8 0 0 1 0 0 0 0 1 0 1 1 0 0 -1 0 -1 -1 -1 0
8 0 0 1 0 0 0 0 1 0 1 1 0 0 1 0 1 -1 -1 0
8 0 0 -1 0 0 0 0 1 0 -1 -1 0 0 -1 0 1 -1 -1 0
8 0 0 -1 0 0 0 0 1 0 -1 -1 0 0 1 0 -1 -1 -1 0
8 0 0 -1 0 0 0 0 1 0 1 -1 0 0 -1 0 -1 -1 -1 0
8 0 0 -1 0 0 0 0 1 0 1 -1 0 0 1 0 1 -1 -1 0
8 0 0 -1 0 0 0 0 1 0 -1 1 0 0 -1 0 -1 -1 -1 0
8 0 0 -1 0 0 0 0 1 0 -1 1 0 0 1 0 1 -1 -1 0
8 0 0 -1 0 0 0 0 1 0 1 1 0 0 -1 0 1 -1 -1 0
8 0 0 -1 0 0 0 0 1 0 1 1 0 0 1 0 -1 -1 -1 0
8 0 0 1 0 0 0 0 1 0 -1 -1 0 0 -1 0 -1 1 1 0
8 0 0 1 0 0 0 0 1 0 -1 -1 0 0 1 0 1 1 1 0
8 0 0 1 0 0 0 0 1 0 1 -1 0 0 -1 0 1 1 1 0
8 0 0 1 0 0 0 0 1 0 1 -1 0 0 1 0 -1 1 1 0
8 0 0 1 0 0 0 0 1 0 -1 1 0 0 -1 0 1 1 1 0
8 0 0 1 0 0 0 0 1 0 -1 1 0 0 1 0 -1 1 1 0
8 0 0 1 0 0 0 0 1 0 1 1 0 0 -1 0 -1 1 1 0
8 0 0 1 0 0 0 0 1 0 1 1 0 0 1 0 1 1 1 0
8 0 0 -1 0 0 0 0 1 0 -1 -1 0 0 -1 0 1 1 1 0
8 0 0 -1 0 0 0 0 1 0 -1 -1 0 0 1 0 -1 1 1 0
8 0 0 -1 0 0 0 0 1 0 1 -1 0 0 -1 0 -1 1 1 0
8 0 0 -1 0 0 0 0 1 0 1 -1 0 0 1 0 1 1 1 0
8 0 0 -1 0 0 0 0 1 0 -1 1 0 0 -1 0 -1 1 1 0
8 0 0 -1 0 0 0 0 1 0 -1 1 0 0 1 0 1 1 1 0
8 0 0 -1 0 0 0 0 1 0 1 1 0 0 -1 0 1 1 1 0
8 0 0 -1 0 0 0 0 1 0 1 1 0 0 1 0 -1 1 1 0
8 0 0 1 0 0 0 0 -1 0 -1 -1 0 0 -1 0 1 -1 -1 0
8 0 0 1 0 0 0 0 -1 0 -1 -1 0 0 1 0 -1 -1 -1 0
8 0 0 1 0 0 0 0 -1 0 1 -1 0 0 -1 0 -1 -1 -1 0
8 0 0 1 0 0 0 0 -1 0 1 -1 0 0 1 0 1 -1 -1 0
8 0 0 1 0 0 0 0 -1 0 -1 1 0 0 -1 0 -1 -1 -1 0
8 0 0 1 0 0 0 0 -1 0 -1 1 0 0 1 0 1 -1 -1 0
8 0 0 1 0 0 0 0 -1 0 1 1 0 0 -1 0 1 -1 -1 0
8 0 0 1 0 0 0 0 -1 0 1 1 0 0 1 0 -1 -1 -1 0
8 0 0 -1 0 0 0 0 -1 0 -1 -1 0 0 -1 0 -1 -1 -1 0
8 0 0 -1 0 0 0 0 -1 0 -1 -1 0 0 1 0 1 -1 -1 0
8 0 0 -1 0 0 0 0 -1 0 1 -1 0 0 -1 0 1 -1 -1 0
8 0 0 -1 0 0 0 0 -1 0 1 -1 0 0 1 0 -1 -1 -1 0
8 0 0 -1 0 0 0 0 -1 0 -1 1 0 0 -1 0 1 -1 -1 0
8 0 0 -1 0 0 0 0 -1 0 -1 1 0 0 1 0 -1 -1 -1 0
8 0 0 -1 0 0 0 0 -1 0 1 1 0 0 -1 0 -1 -1 -1 0
8 0 0 -1 0 0 0 0 -1 0 1 1 0 0 1 0 1 -1 -1 0
8 0 0 1 0 0 0 0 -1 0 -1 -1 0 0 -1 0 1 1 1 0
8 0 0 1 0 0 0 0 -1 0 -1 -1 0 0 1 0 -1 1 1 0
8 0 0 1 0 0 0 0 -1 0 1 -1 0 0 -1 0 -1 1 1 0
8 0 0 1 0 0 0 0 -1 0 1 -1 0 0 1 0 1 1 1 0
8 0 0 1 0 0 0 0 -1 0 -1 1 0 0 -1 0 -1 1 1 0
8 0 0 1 0 0 0 0 -1 0 -1 1 0 0 1 0 1 1 1 0
8 0 0 1 0 0 0 0 -1 0 1 1 0 0 -1 0 1 1 1 0
8 0 0 1 0 0 0 0 -1 0 1 1 0 0 1 0 -1 1 1 0
8 0 0 -1 0 0 0 0 -1 0 -1 -1 0 0 -1 0 -1 1 1 0
8 0 0 -1 0 0 0 0 -1 0 -1 -1 0 0 1 0 1 1 1 0
8 0 0 -1 0 0 0 0 -1 0 1 -1 0 0 -1 0 1 1 1 0
8 0 0 -1 0 0 0 0 -1 0 1 -1 0 0 1 0 -1 1 1 0
8 0 0 -1 0 0 0 0 -1 0 -1 1 0 0 -1 0 1 1 1 0
8 0 0 -1 0 0 0 0 -1 0 -1 1 0 0 1 0 -1 1 1 0
8 0 0 -1 0 0 0 0 -1 0 1 1 0 0 -1 0 -1 1 1 0
8 0 0 -1 0 0 0 0 -1 0 1 1 0 0 1 0 1 1 1 0
8 0 -1 0 0 0 0 0 0 0 -1 0 0 -1 -1 -1 -1 -1 0 1
8 0 -1 0 0 0 0 0 0 0 -1 0 0 -1 1 -1 1 -1 0 1
8 0 -1 0 0 0 0 0 0 0 1 0 0 -1 -1 -1 1 -1 0 1
8 0 -1 0 0 0 0 0 0 0 1 0 0 -1 1 -1 -1 -1 0 1
8 0 -1 0 0 0 0 0 0 0 -1 0 0 -1 -1 1 1 -1 0 1
8 0 -1 0 0 0 0 0 0 0 -1 0 0 -1 1 1 -1 -1 0 1
8 0 -1 0 0 0 0 0 0 0 1 0 0 -1 -1 1 -1 -1 0 1
8 0 -1 0 0 0 0 0 0 0 1 0 0 -1 1 1 1 -1 0 1
8 0 -1 0 0 0 0 0 0 0 -1 0 0 -1 -1 -1 -1 1 0 -1
8 0 -1 0 0 0 0 0 0 0 -1 0 0 -1 1 -1 1 1 0 -1
8 0 -1 0 0 0 0 0 0 0 1 0 0 -1 -1 -1 1 1 0 -1
8 0 -1 0 0 0 0 0 0 0 1 0 0 -1 1 -1 -1 1 0 -1
8 0 -1 0 0 0 0 0 0 0 -1 0 0 -1 -1 1 1 1 0 -1
8 0 -1 0 0 0 0 0 0 0 -1 0 0 -1 1 1 -1 1 0 -1
8 0 -1 0 0 0 0 0 0 0 1 0 0 -1 -1 1 -1 1 0 -1
8 0 -1 0 0 0 0 0 0 0 1 0 0 -1 1 1 1 1 0 -1
8 0 -1 0 0 0 0 0 0 0 -1 0 0 1 -1 -1 1 -1 0 1
8 0 -1 0 0 0 0 0 0 0 -1 0 0 1 1 -1 -1 -1 0 1
8 0 -1 0 0 0 0 0 0 0 1 0 0 1 -1 -1 -1 -1 0 1
8 0 -1 0 0 0 0 0 0 0 1 0 0 1 1 -1 1 -1 0 1
8 0 -1 0 0 0 0 0 0 0 -1 0 0 1 -1 1 -1 -1 0 1
8 0 -1 0 0 0 0 0 0 0 -1 0 0 1 1 1 1 -1 0 1
8 0 -1 0 0 0 0 0 0 0 1 0 0 1 -1 1 1 -1 0 1
8 0 -1 0 0 0 0 0 0 0 1 0 0 1 1 1 -1 -1 0 1
8 0 -1 0 0 0 0 0 0 0 -1 0 0 1 -1 -1 1 1 0 -1
8 0 -1 0 0 0 0 0 0 0 -1 0 0 1 1 -1 -1 1 0 -1
8 0 -1 0 0 0 0 0 0 0 1 0 0 1 -1 -1 -1 1 0 -1
8 0 -1 0 0 0 0 0 0 0 1 0 0 1 1 -1 1 1 0 -1
8 0 -1 0 0 0 0 0 0 0 -1 0 0 1 -1 1 -1 1 0 -1
8 0 -1 0 0 0 0 0 0 0 -1 0 0 1 1 1 1 1 0 -1
8 0 -1 0 0 0 0 0 0 0 1 0 0 1 -1 1 1 1 0 -1
8 0 -1 0 0 0 0 0 0 0 1 0 0 1 1 1 -1 1 0 -1
8 0 1 0 0 0 0 0 0 0 -1 0 0 -1 -1 -1 1 -1 0 1
8 0 1 0 0 0 0 0 0 0 -1 0 0 -1 1 -1 -1 -1 0 1
8 0 1 0 0 0 0 0 0 0 1 0 0 -1 -1 -1 -1 -1 0 1
8 0 1 0 0 0 0 0 0 0 1 0 0 -1 1 -1 1 -1 0 1
8 0 1 0 0 0 0 0 0 0 -1 0 0 -1 -1 1 -1 -1 0 1
8 0 1 0 0 0 0 0 0 0 -1 0 0 -1 1 1 1 -1 0 1
8 0 1 0 0 0 0 0 0 0 1 0 0 -1 -1 1 1 -1 0 1
8 0 1 0 0 0 0 0 0 0 1 0 0 -1 1 1 -1 -1 0 1
8 0 1 0 0 0 0 0 0 0 -1 0 0 -1 -1 -1 1 1 0 -1
8 0 1 0 0 0 0 0 0 0 -1 0 0 -1 1 -1 -1 1 0 -1
8 0 1 0 0 0 0 0 0 0 1 0 0 -1 -1 -1 -1 1 0 -1
8 0 1 0 0 0 0 0 0 0 1 0 0 -1 1 -1 1 1 0 -1
8 0 1 0 0 0 0 0 0 0 -1 0 0 -1 -1 1 -1 1 0 -1
8 0 1 0 0 0 0 0 0 0 -1 0 0 -1 1 1 1 1 0 -1
8 0 1 0 0 0 0 0 0 0 1 0 0 -1 -1 1 1 1 0 -1
8 0 1 0 0 0 0 0 0 0 1 0 0 -1 1 1 -1 1 0 -1
8 0 1 0 0 0 0 0 0 0 -1 0 0 1 -1 -1 -1 -1 0 1
8 0 1 0 0 0 0 0 0 0 -1 0 0 1 1 -1 1 -1 0 1
8 0 1 0 0 0 0 0 0 0 1 0 0 1 -1 -1 1 -1 0 1
8 0 1 0 0 0 0 0 0 0 1 0 0 1 1 -1 -1 -1 0 1
8 0 1 0 0 0 0 0 0 0 -1 0 0 1 -1 1 1 -1 0 1
8 0 1 0 0 0 0 0 0 0 -1 0 0 1 1 1 -1 -1 0 1
8 0 1 0 0 0 0 0 0 0 1 0 0 1 -1 1 -1 -1 0 1
8 0 1 0 0 0 0 0 0 0 1 0 0 1 1 1 1 -1 0 1
8 0 1 0 0 0 0 0 0 0 -1 0 0 1 -1 -1 -1 1 0 -1
8 0 1 0 0 0 0 0 0 0 -1 0 0 1 1 -1 1 1 0 -1
8 0 1 0 0 0 0 0 0 0 1 0 0 1 -1 -1 1 1 0 -1
8 0 1 0 0 0 0 0 0 0 1 0 0 1 1 -1 -1 1 0 -1
8 0 1 0 0 0 0 0 0 0 -1 0 0 1 -1 1 1 1 0 -1
8 0 1 0 0 0 0 0 0 0 -1 0 0 1 1 1 -1 1 0 -1
8 0 1 0 0 0 0 0 0 0 1 0 0 1 -1 1 -1 1 0 -1
8 0 1 0 0 0 0 0 0 0 1 0 0 1 1 1 1 1 0 -1
8 0 0 0 0 1 -1 0 1 -1 -1 0 0 0 -1 -1 1 0 0 0
8 0 0 0 0 1 -1 0 1 -1 -1 0 0 0 1 -1 -1 0 0 0
8 0 0 0 0 1 -1 0 1 -1 1 0 0 0 -1 -1 -1 0 0 0
8 0 0 0 0 1 -1 0 1 -1 1 0 0 0 1 -1 1 0 0 0
8 0 0 0 0 1 -1 0 1 1 -1 0 0 0 -1 -1 -1 0 0 0
8 0 0 0 0 1 -1 0 1 1 -1 0 0 0 1 -1 1 0 0 0
8 0 0 0 0 1 -1 0 1 1 1 0 0 0 -1 -1 1 0 0 0
8 0 0 0 0 1 -1 0 1 1 1 0 0 0 1 -1 -1 0 0 0
8 0 0 0 0 1 -1 0 1 -1 -1 0 0 0 -1 1 -1 0 0 0
8 0 0 0 0 1 -1 0 1 -1 -1 0 0 0 1 1 1 0 0 0
8 0 0 0 0 1 -1 0 1 -1 1 0 0 0 -1 1 1 0 0 0
8 0 0 0 0 1 -1 0 1 -1 1 0 0 0 1 1 -1 0 0 0
8 0 0 0 0 1 -1 0 1 1 -1 0 0 0 -1 1 1 0 0 0
8 0 0 0 0 1 -1 0 1 1 -1 0 0 0 1 1 -1 0 0 0
8 0 0 0 0 1 -1 0 1 1 1 0 0 0 -1 1 -1 0 0 0
8 0 0 0 0 1 -1 0 1 1 1 0 0 0 1 1 1 0 0 0
8 0 0 0 0 -1 -1 0 1 -1 -1 0 0 0 -1 -1 -1 0 0 0
8 0 0 0 0 -1 -1 0 1 -1 -1 0 0 0 1 -1 1 0 0 0
8 0 0 0 0 -1 -1 0 1 -1 1 0 0 0 -1 -1 1 0 0 0
8 0 0 0 0 -1 -1 0 1 -1 1 0 0 0 1 -1 -1 0 0 0
8 0 0 0 0 -1 -1 0 1 1 -1 0 0 0 -1 -1 1 0 0 0
8 0 0 0 0 -1 -1 0 1 1 -1 0 0 0 1 -1 -1 0 0 0
8 0 0 0 0 -1 -1 0 1 1 1 0 0 0 -1 -1 -1 0 0 0
8 0 0 0 0 -1 -1 0 1 1 1 0 0 0 1 -1 1 0 0 0
8 0 0 0 0 -1 -1 0 1 -1 -1 0 0 0 -1 1 1 0 0 0
8 0 0 0 0 -1 -1 0 1 -1 -1 0 0 0 1 1 -1 0 0 0
8 0 0 0 0 -1 -1 0 1 -1 1 0 0 0 -1 1 -1 0 0 0
8 0 0 0 0 -1 -1 0 1 -1 1 0 0 0 1 1 1 0 0 0
8 0 0 0 0 -1 -1 0 1 1 -1 0 0 0 -1 1 -1 0 0 0
8 0 0 0 0 -1 -1 0 1 1 -1 0 0 0 1 1 1 0 0 0
8 0 0 0 0 -1 -1 0 1 1 1 0 0 0 -1 1 1 0 0 0
8 0 0 0 0 -1 -1 0 1 1 1 0 0 0 1 1 -1 0 0 0
8 0 0 0 0 1 -1 0 -1 -1 -1 0 0 0 -1 -1 -1 0 0 0
8 0 0 0 0 1 -1 0 -1 -1 -1 0 0 0 1 -1 1 0 0 0
8 0 0 0 0 1 -1 0 -1 -1 1 0 0 0 -1 -1 1 0 0 0
8 0 0 0 0 1 -1 0 -1 -1 1 0 0 0 1 -1 -1 0 0 0
8 0 0 0 0 1 -1 0 -1 1 -1 0 0 0 -1 -1 1 0 0 0
8 0 0 0 0 1 -1 0 -1 1 -1 0 0 0 1 -1 -1 0 0 0
8 0 0 0 0 1 -1 0 -1 1 1 0 0 0 -1 -1 -1 0 0 0
8 0 0 0 0 1 -1 0 -1 1 1 0 0 0 1 -1 1 0 0 0
8 0 0 0 0 1 -1 0 -1 -1 -1 0 0 0 -1 1 1 0 0 0
8 0 0 0 0 1 -1 0 -1 -1 -1 0 0 0 1 1 -1 0 0 0
8 0 0 0 0 1 -1 0 -1 -1 1 0 0 0 -1 1 -1 0 0 0
8 0 0 0 0 1 -1 0 -1 -1 1 0 0 0 1 1 1 0 0 0
8 0 0 0 0 1 -1 0 -1 1 -1 0 0 0 -1 1 -1 0 0 0
8 0 0 0 0 1 -1 0 -1 1 -1 0 0 0 1 1 1 0 0 0
8 0 0 0 0 1 -1 0 -1 1 1 0 0 0 -1 1 1 0 0 0
8 0 0 0 0 1 -1 0 -1 1 1 0 0 0 1 1 -1 0 0 0
8 0 0 0 0 -1 -1 0 -1 -1 -1 0 0 0 -1 -1 1 0 0 0
8 0 0 0 0 -1 -1 0 -1 -1 -1 0 0 0 1 -1 -1 0 0 0
8 0 0 0 0 -1 -1 0 -1 -1 1 0 0 0 -1 -1 -1 0 0 0
8 0 0 0 0 -1 -1 0 -1 -1 1 0 0 0 1 -1 1 0 0 0
8 0 0 0 0 -1 -1 0 -1 1 -1 0 0 0 -1 -1 -1 0 0 0
8 0 0 0 0 -1 -1 0 -1 1 -1 0 0 0 1 -1 1 0 0 0
8 0 0 0 0 -1 -1 0 -1 1 1 0 0 0 -1 -1 1 0 0 0
8 0 0 0 0 -1 -1 0 -1 1 1 0 0 0 1 -1 -1 0 0 0
8 0 0 0 0 -1 -1 0 -1 -1 -1 0 0 0 -1 1 -1 0 0 0
8 0 0 0 0 -1 -1 0 -1 -1 -1 0 0 0 1 1 1 0 0 0
8 0 0 0 0 -1 -1 0 -1 -1 1 0 0 0 -1 1 1 0 0 0
8 0 0 0 0 -1 -1 0 -1 -1 1 0 0 0 1 1 -1 0 0 0
8 0 0 0 0 -1 -1 0 -1 1 -1 0 0 0 -1 1 1 0 0 0
8 0 0 0 0 -1 -1 0 -1 1 -1 0 0 0 1 1 -1 0 0 0
8 0 0 0 0 -1 -1 0 -1 1 1 0 0 0 -1 1 -1 0 0 0
8 0 0 0 0 -1 -1 0 -1 1 1 0 0 0 1 1 1 0 0 0
8 0 0 0 0 1 1 0 1 -1 -1 0 0 0 -1 -1 -1 0 0 0
8 0 0 0 0 1 1 0 1 -1 -1 0 0 0 1 -1 1 0 0 0
8 0 0 0 0 1 1 0 1 -1 1 0 0 0 -1 -1 1 0 0 0
8 0 0 0 0 1 1 0 1 -1 1 0 0 0 1 -1 -1 0 0 0
8 0 0 0 0 1 1 0 1 1 -1 0 0 0 -1 -1 1 0 0 0
8 0 0 0 0 1 1 0 1 1 -1 0 0 0 1 -1 -1 0 0 0
8 0 0 0 0 1 1 0 1 1 1 0 0 0 -1 -1 -1 0 0 0
8 0 0 0 0 1 1 0 1 1 1 0 0 0 1 -1 1 0 0 0
8 0 0 0 0 1 1 0 1 -1 -1 0 0 0 -1 1 1 0 0 0
8 0 0 0 0 1 1 0 1 -1 -1 0 0 0 1 1 -1 0 0 0
8 0 0 0 0 1 1 0 1 -1 1 0 0 0 -1 1 -1 0 0 0
8 0 0 0 0 1 1 0 1 -1 1 0 0 0 1 1 1 0 0 0
8 0 0 0 0 1 1 0 1 1 -1 0 0 0 -1 1 -1 0 0 0
8 0 0 0 0 1 1 0 1 1 -1 0 0 0 1 1 1 0 0 0
8 0 0 0 0 1 1 0 1 1 1 0 0 0 -1 1 1 0 0 0
8 0 0 0 0 1 1 0 1 1 1 0 0 0 1 1 -1 0 0 0
8 0 0 0 0 -1 1 0 1 -1 -1 0 0 0 -1 -1 1 0 0 0
8 0 0 0 0 -1 1 0 1 -1 -1 0 0 0 1 -1 -1 0 0 0
8 0 0 0 0 -1 1 0 1 -1 1 0 0 0 -1 -1 -1 0 0 0
8 0 0 0 0 -1 1 0 1 -1 1 0 0 0 1 -1 1 0 0 0
8 0 0 0 0 -1 1 0 1 1 -1 0 0 0 -1 -1 -1 0 0 0
8 0 0 0 0 -1 1 0 1 1 -1 0 0 0 1 -1 1 0 0 0
8 0 0 0 0 -1 1 0 1 1 1 0 0 0 -1 -1 1 0 0 0
8 0 0 0 0 -1 1 0 1 1 1 0 0 0 1 -1 -1 0 0 0
8 0 0 0 0 -1 1 0 1 -1 -1 0 0 0 -1 1 -1 0 0 0
8 0 0 0 0 -1 1 0 1 -1 -1 0 0 0 1 1 1 0 0 0
8 0 0 0 0 -1 1 0 1 -1 1 0 0 0 -1 1 1 0 0 0
8 0 0 0 0 -1 1 0 1 -1 1 0 0 0 1 1 -1 0 0 0
8 0 0 0 0 -1 1 0 1 1 -1 0 0 0 -1 1 1 0 0 0
8 0 0 0 0 -1 1 0 1 1 -1 0 0 0 1 1 -1 0 0 0
8 0 0 0 0 -1 1 0 1 1 1 0 0 0 -1 1 -1 0 0 0
8 0 0 0 0 -1 1 0 1 1 1 0 0 0 1 1 1 0 0 0
8 0 0 0 0 1 1 0 -1 -1 -1 0 0 0 -1 -1 1 0 0 0
8 0 0 0 0 1 1 0 -1 -1 -1 0 0 0 1 -1 -1 0 0 0
8 0 0 0 0 1 1 0 -1 -1 1 0 0 0 -1 -1 -1 0 0 0
8 0 0 0 0 1 1 0 -1 -1 1 0 0 0 1 -1 1 0 0 0
8 0 0 0 0 1 1 0 -1 1 -1 0 0 0 -1 -1 -1 0 0 0
8 0 0 0 0 1 1 0 -1 1 -1 0 0 0 1 -1 1 0 0 0
8 0 0 0 0 1 1 0 -1 1 1 0 0 0 -1 -1 1 0 0 0
8 0 0 0 0 1 1 0 -1 1 1 0 0 0 1 -1 -1 0 0 0
8 0 0 0 0 1 1 0 -1 -1 -1 0 0 0 -1 1 -1 0 0 0
8 0 0 0 0 1 1 0 -1 -1 -1 0 0 0 1 1 1 0 0 0
8 0 0 0 0 1 1 0 -1 -1 1 0 0 0 -1 1 1 0 0 0
8 0 0 0 0 1 1 0 -1 -1 1 0 0 0 1 1 -1 0 0 0
8 0 0 0 0 1 1 0 -1 1 -1 0 0 0 -1 1 1 0 0 0
8 0 0 0 0 1 1 0 -1 1 -1 0 0 0 1 1 -1 0 0 0
8 0 0 0 0 1 1 0 -1 1 1 0 0 0 -1 1 -1 0 0 0
8 0 0 0 0 1 1 0 -1 1 1 0 0 0 1 1 1 0 0 0
8 0 0 0 0 -1 1 0 -1 -1 -1 0 0 0 -1 -1 -1 0 0 0
8 0 0 0 0 -1 1 0 -1 -1 -1 0 0 0 1 -1 1 0 0 0
8 0 0 0 0 -1 1 0 -1 -1 1 0 0 0 -1 -1 1 0 0 0
8 0 0 0 0 -1 1 0 -1 -1 1 0 0 0 1 -1 -1 0 0 0
8 0 0 0 0 -1 1 0 -1 1 -1 0 0 0 -1 -1 1 0 0 0
8 0 0 0 0 -1 1 0 -1 1 -1 0 0 0 1 -1 -1 0 0 0
8 0 0 0 0 -1 1 0 -1 1 1 0 0 0 -1 -1 -1 0 0 0
8 0 0 0 0 -1 1 0 -1 1 1 0 0 0 1 -1 1 0 0 0
8 0 0 0 0 -1 1 0 -1 -1 -1 0 0 0 -1 1 1 0 0 0
8 0 0 0 0 -1 1 0 -1 -1 -1 0 0 0 1 1 -1 0 0 0
8 0 0 0 0 -1 1 0 -1 -1 1 0 0 0 -1 1 -1 0 0 0
8 0 0 0 0 -1 1 0 -1 -1 1 0 0 0 1 1 1 0 0 0
8 0 0 0 0 -1 1 0 -1 1 -1 0 0 0 -1 1 -1 0 0 0
8 0 0 0 0 -1 1 0 -1 1 -1 0 0 0 1 1 1 0 0 0
8 0 0 0 0 -1 1 0 -1 1 1 0 0 0 -1 1 1 0 0 0
8 0 0 0 0 -1 1 0 -1 1 1 0 0 0 1 1 -1 0 0 0
8 0 -1 1 1 0 -1 0 0 0 -1 0 -1 0 -1 0 1 0 0 0
8 0 -1 1 1 0 -1 0 0 0 -1 0 -1 0 1 0 -1 0 0 0
8 0 -1 1 1 0 -1 0 0 0 1 0 -1 0 -1 0 -1 0 0 0
8 0 -1 1 1 0 -1 0 0 0 1 0 -1 0 1 0 1 0 0 0
8 0 -1 1 1 0 -1 0 0 0 -1 0 1 0 -1 0 -1 0 0 0
8 0 -1 1 1 0 -1 0 0 0 -1 0 1 0 1 0 1 0 0 0
8 0 -1 1 1 0 -1 0 0 0 1 0 1 0 -1 0 1 0 0 0
8 0 -1 1 1 0 -1 0 0 0 1 0 1 0 1 0 -1 0 0 0
8 0 -1 1 -1 0 -1 0 0 0 -1 0 -1 0 -1 0 -1 0 0 0
8 0 -1 1 -1 0 -1 0 0 0 -1 0 -1 0 1 0 1 0 0 0
8 0 -1 1 -1 0 -1 0 0 0 1 0 -1 0 -1 0 1 0 0 0
8 0 -1 1 -1 0 -1 0 0 0 1 0 -1 0 1 0 -1 0 0 0
8 0 -1 1 -1 0 -1 0 0 0 -1 0 1 0 -1 0 1 0 0 0
8 0 -1 1 -1 0 -1 0 0 0 -1 0 1 0 1 0 -1 0 0 0
8 0 -1 1 -1 0 -1 0 0 0 1 0 1 0 -1 0 -1 0 0 0
8 0 -1 1 -1 0 -1 0 0 0 1 0 1 0 1 0 1 0 0 0
8 0 1 1 1 0 -1 0 0 0 -1 0 -1 0 -1 0 -1 0 0 0
8 0 1 1 1 0 -1 0 0 0 -1 0 -1 0 1 0 1 0 0 0
8 0 1 1 1 0 -1 0 0 0 1 0 -1 0 -1 0 1 0 0 0
8 0 1 1 1 0 -1 0 0 0 1 0 -1 0 1 0 -1 0 0 0
8 0 1 1 1 0 -1 0 0 0 -1 0 1 0 -1 0 1 0 0 0
8 0 1 1 1 0 -1 0 0 0 -1 0 1 0 1 0 -1 0 0 0
8 0 1 1 1 0 -1 0 0 0 1 0 1 0 -1 0 -1 0 0 0
8 0 1 1 1 0 -1 0 0 0 1 0 1 0 1 0 1 0 0 0
8 0 1 1 -1 0 -1 0 0 0 -1 0 -1 0 -1 0 1 0 0 0
8 0 1 1 -1 0 -1 0 0 0 -1 0 -1 0 1 0 -1 0 0 0
8 0 1 1 -1 0 -1 0 0 0 1 0 -1 0 -1 0 -1 0 0 0
8 0 1 1 -1 0 -1 0 0 0 1 0 -1 0 1 0 1 0 0 0
8 0 1 1 -1 0 -1 0 0 0 -1 0 1 0 -1 0 -1 0 0 0
8 0 1 1 -1 0 -1 0 0 0 -1 0 1 0 1 0 1 0 0 0
8 0 1 1 -1 0 -1 0 0 0 1 0 1 0 -1 0 1 0 0 0
8 0 1 1 -1 0 -1 0 0 0 1 0 1 0 1 0 -1 0 0 0
8 0 -1 -1 1 0 -1 0 0 0 -1 0 -1 0 -1 0 -1 0 0 0
8 0 -1 -1 1 0 -1 0 0 0 -1 0 -1 0 1 0 1 0 0 0
8 0 -1 -1 1 0 -1 0 0 0 1 0 -1 0 -1 0 1 0 0 0
8 0 -1 -1 1 0 -1 0 0 0 1 0 -1 0 1 0 -1 0 0 0
8 0 -1 -1 1 0 -1 0 0 0 -1 0 1 0 -1 0 1 0 0 0
8 0 -1 -1 1 0 -1 0 0 0 -1 0 1 0 1 0 -1 0 0 0
8 0 -1 -1 1 0 -1 0 0 0 1 0 1 0 -1 0 -1 0 0 0
8 0 -1 -1 1 0 -1 0 0 0 1 0 1 0 1 0 1 0 0 0
8 0 -1 -1 -1 0 -1 0 0 0 -1 0 -1 0 -1 0 1 0 0 0
8 0 -1 -1 -1 0 -1 0 0 0 -1 0 -1 0 1 0 -1 0 0 0
8 0 -1 -1 -1 0 -1 0 0 0 1 0 -1 0 -1 0 -1 0 0 0
8 0 -1 -1 -1 0 -1 0 0 0 1 0 -1 0 1 0 1 0 0 0
8 0 -1 -1 -1 0 -1 0 0 0 -1 0 1 0 -1 0 -1 0 0 0
8 0 -1 -1 -1 0 -1 0 0 0 -1 0 1 0 1 0 1 0 0 0
8 0 -1 -1 -1 0 -1 0 0 0 1 0 1 0 -1 0 1 0 0 0
8 0 -1 -1 -1 0 -1 0 0 0 1 0 1 0 1 0 -1 0 0 0
8 0 1 -1 1 0 -1 0 0 0 -1 0 -1 0 -1 0 1 0 0 0
8 0 1 -1 1 0 -1 0 0 0 -1 0 -1 0 1 0 -1 0 0 0
8 0 1 -1 1 0 -1 0 0 0 1 0 -1 0 -1 0 -1 0 0 0
8 0 1 -1 1 0 -1 0 0 0 1 0 -1 0 1 0 1 0 0 0
8 0 1 -1 1 0 -1 0 0 0 -1 0 1 0 -1 0 -1 0 0 0
8 0 1 -1 1 0 -1 0 0 0 -1 0 1 0 1 0 1 0 0 0
8 0 1 -1 1 0 -1 0 0 0 1 0 1 0 -1 0 1 0 0 0
8 0 1 -1 1 0 -1 0 0 0 1 0 1 0 1 0 -1 0 0 0
8 0 1 -1 -1 0 -1 0 0 0 -1 0 -1 0 -1 0 -1 0 0 0
8 0 1 -1 -1 0 -1 0 0 0 -1 0 -1 0 1 0 1 0 0 0
8 0 1 -1 -1 0 -1 0 0 0 1 0 -1 0 -1 0 1 0 0 0
8 0 1 -1 -1 0 -1 0 0 0 1 0 -1 0 1 0 -1 0 0 0
8 0 1 -1 -1 0 -1 0 0 0 -1 0 1 0 -1 0 1 0 0 0
8 0 1 -1 -1 0 -1 0 0 0 -1 0 1 0 1 0 -1 0 0 0
8 0 1 -1 -1 0 -1 0 0 0 1 0 1 0 -1 0 -1 0 0 0
8 0 1 -1 -1 0 -1 0 0 0 1 0 1 0 1 0 1 0 0 0
8 0 -1 1 1 0 1 0 0 0 -1 0 -1 0 -1 0 -1 0 0 0
8 0 -1 1 1 0 1 0 0 0 -1 0 -1 0 1 0 1 0 0 0
8 0 -1 1 1 0 1 0 0 0 1 0 -1 0 -1 0 1 0 0 0
8 0 -1 1 1 0 1 0 0 0 1 0 -1 0 1 0 -1 0 0 0
8 0 -1 1 1 0 1 0 0 0 -1 0 1 0 -1 0 1 0 0 0
8 0 -1 1 1 0 1 0 0 0 -1 0 1 0 1 0 -1 0 0 0
8 0 -1 1 1 0 1 0 0 0 1 0 1 0 -1 0 -1 0 0 0
8 0 -1 1 1 0 1 0 0 0 1 0 1 0 1 0 1 0 0 0
8 0 -1 1 -1 0 1 0 0 0 -1 0 -1 0 -1 0 1 0 0 0
8 0 -1 1 -1 0 1 0 0 0 -1 0 -1 0 1 0 -1 0 0 0
8 0 -1 1 -1 0 1 0 0 0 1 0 -1 0 -1 0 -1 0 0 0
8 0 -1 1 -1 0 1 0 0 0 1 0 -1 0 1 0 1 0 0 0
8 0 -1 1 -1 0 1 0 0 0 -1 0 1 0 -1 0 -1 0 0 0
8 0 -1 1 -1 0 1 0 0 0 -1 0 1 0 1 0 1 0 0 0
8 0 -1 1 -1 0 1 0 0 0 1 0 1 0 -1 0 1 0 0 0
8 0 -1 1 -1 0 1 0 0 0 1 0 1 0 1 0 -1 0 0 0
8 0 1 1 1 0 1 0 0 0 -1 0 -1 0 -1 0 1 0 0 0
8 0 1 1 1 0 1 0 0 0 -1 0 -1 0 1 0 -1 0 0 0
8 0 1 1 1 0 1 0 0 0 1 0 -1 0 -1 0 -1 0 0 0
8 0 1 1 1 0 1 0 0 0 1 0 -1 0 1 0 1 0 0 0
8 0 1 1 1 0 1 0 0 0 -1 0 1 0 -1 0 -1 0 0 0
8 0 1 1 1 0 1 0 0 0 -1 0 1 0 1 0 1 0 0 0
8 0 1 1 1 0 1 0 0 0 1 0 1 0 -1 0 1 0 0 0
8 0 1 1 1 0 1 0 0 0 1 0 1 0 1 0 -1 0 0 0
8 0 1 1 -1 0 1 0 0 0 -1 0 -1 0 -1 0 -1 0 0 0
8 0 1 1 -1 0 1 0 0 0 -1 0 -1 0 1 0 1 0 0 0
8 0 1 1 -1 0 1 0 0 0 1 0 -1 0 -1 0 1 0 0 0
8 0 1 1 -1 0 1 0 0 0 1 0 -1 0 1 0 -1 0 0 0
8 0 1 1 -1 0 1 0 0 0 -1 0 1 0 -1 0 1 0 0 0
8 0 1 1 -1 0 1 0 0 0 -1 0 1 0 1 0 -1 0 0 0
8 0 1 1 -1 0 1 0 0 0 1 0 1 0 -1 0 -1 0 0 0
8 0 1 1 -1 0 1 0 0 0 1 0 1 0 1 0 1 0 0 0
8 0 -1 -1 1 0 1 0 0 0 -1 0 -1 0 -1 0 1 0 0 0
8 0 -1 -1 1 0 1 0 0 0 -1 0 -1 0 1 0 -1 0 0 0
8 0 -1 -1 1 0 1 0 0 0 1 0 -1 0 -1 0 -1 0 0 0
8 0 -1 -1 1 0 1 0 0 0 1 0 -1 0 1 0 1 0 0 0
8 0 -1 -1 1 0 1 0 0 0 -1 0 1 0 -1 0 -1 0 0 0
8 0 -1 -1 1 0 1 0 0 0 -1 0 1 0 1 0 1 0 0 0
8 0 -1 -1 1 0 1 0 0 0 1 0 1 0 -1 0 1 0 0 0
8 0 -1 -1 1 0 1 0 0 0 1 0 1 0 1 0 -1 0 0 0
8 0 -1 -1 -1 0 1 0 0 0 -1 0 -1 0 -1 0 -1 0 0 0
8 0 -1 -1 -1 0 1 0 0 0 -1 0 -1 0 1 0 1 0 0 0
8 0 -1 -1 -1 0 1 0 0 0 1 0 -1 0 -1 0 1 0 0 0
8 0 -1 -1 -1 0 1 0 0 0 1 0 -1 0 1 0 -1 0 0 0
8 0 -1 -1 -1 0 1 0 0 0 -1 0 1 0 -1 0 1 0 0 0
8 0 -1 -1 -1 0 1 0 0 0 -1 0 1 0 1 0 -1 0 0 0
8 0 -1 -1 -1 0 1 0 0 0 1 0 1 0 -1 0 -1 0 0 0
8 0 -1 -1 -1 0 1 0 0 0 1 0 1 0 1 0 1 0 0 0
8 0 1 -1 1 0 1 0 0 0 -1 0 -1 0 -1 0 -1 0 0 0
8 0 1 -1 1 0 1 0 0 0 -1 0 -1 0 1 0 1 0 0 0
8 0 1 -1 1 0 1 0 0 0 1 0 -1 0 -1 0 1 0 0 0
8 0 1 -1 1 0 1 0 0 0 1 0 -1 0 1 0 -1 0 0 0
8 0 1 -1 1 0 1 0 0 0 -1 0 1 0 -1 0 1 0 0 0
8 0 1 -1 1 0 1 0 0 0 -1 0 1 0 1 0 -1 0 0 0
8 0 1 -1 1 0 1 0 0 0 1 0 1 0 -1 0 -1 0 0 0
8 0 1 -1 1 0 1 0 0 0 1 0 1 0 1 0 1 0 0 0
8 0 1 -1 -1 0 1 0 0 0 -1 0 -1 0 -1 0 1 0 0 0
8 0 1 -1 -1 0 1 0 0 0 -1 0 -1 0 1 0 -1 0 0 0
8 0 1 -1 -1 0 1 0 0 0 1 0 -1 0 -1 0 -1 0 0 0
8 0 1 -1 -1 0 1 0 0 0 1 0 -1 0 1 0 1 0 0 0
8 0 1 -1 -1 0 1 0 0 0 -1 0 1 0 -1 0 -1 0 0 0
8 0 1 -1 -1 0 1 0 0 0 -1 0 1 0 1 0 1 0 0 0
8 0 1 -1 -1 0 1 0 0 0 1 0 1 0 -1 0 1 0 0 0
8 0 1 -1 -1 0 1 0 0 0 1 0 1 0 1 0 -1 0 0 0
8 0 0 0 0 0 0 0 0 -1 -1 -1 -1 0 -1 0 -1 -1 1 0
8 0 0 0 0 0 0 0 0 -1 -1 -1 -1 0 1 0 1 -1 1 0
8 0 0 0 0 0 0 0 0 -1 1 -1 -1 0 -1 0 1 -1 1 0
8 0 0 0 0 0 0 0 0 -1 1 -1 -1 0 1 0 -1 -1 1 0
8 0 0 0 0 0 0 0 0 -1 -1 -1 1 0 -1 0 1 -1 1 0
8 0 0 0 0 0 0 0 0 -1 -1 -1 1 0 1 0 -1 -1 1 0
8 0 0 0 0 0 0 0 0 -1 1 -1 1 0 -1 0 -1 -1 1 0
8 0 0 0 0 0 0 0 0 -1 1 -1 1 0 1 0 1 -1 1 0
8 0 0 0 0 0 0 0 0 1 -1 -1 -1 0 -1 0 1 -1 1 0
8 0 0 0 0 0 0 0 0 1 -1 -1 -1 0 1 0 -1 -1 1 0
8 0 0 0 0 0 0 0 0 1 1 -1 -1 0 -1 0 -1 -1 1 0
8 0 0 0 0 0 0 0 0 1 1 -1 -1 0 1 0 1 -1 1 0
8 0 0 0 0 0 0 0 0 1 -1 -1 1 0 -1 0 -1 -1 1 0
8 0 0 0 0 0 0 0 0 1 -1 -1 1 0 1 0 1 -1 1 0
8 0 0 0 0 0 0 0 0 1 1 -1 1 0 -1 0 1 -1 1 0
8 0 0 0 0 0 0 0 0 1 1 -1 1 0 1 0 -1 -1 1 0
8 0 0 0 0 0 0 0 0 -1 -1 1 -1 0 -1 0 1 -1 1 0
8 0 0 0 0 0 0 0 0 -1 -1 1 -1 0 1 0 -1 -1 1 0
8 0 0 0 0 0 0 0 0 -1 1 1 -1 0 -1 0 -1 -1 1 0
8 0 0 0 0 0 0 0 0 -1 1 1 -1 0 1 0 1 -1 1 0
8 0 0 0 0 0 0 0 0 -1 -1 1 1 0 -1 0 -1 -1 1 0
8 0 0 0 0 0 0 0 0 -1 -1 1 1 0 1 0 1 -1 1 0
8 0 0 0 0 0 0 0 0 -1 1 1 1 0 -1 0 1 -1 1 0
8 0 0 0 0 0 0 0 0 -1 1 1 1 0 1 0 -1 -1 1 0
8 0 0 0 0 0 0 0 0 1 -1 1 -1 0 -1 0 -1 -1 1 0
8 0 0 0 0 0 0 0 0 1 -1 1 -1 0 1 0 1 -1 1 0
8 0 0 0 0 0 0 0 0 1 1 1 -1 0 -1 0 1 -1 1 0
8 0 0 0 0 0 0 0 0 1 1 1 -1 0 1 0 -1 -1 1 0
8 0 0 0 0 0 0 0 0 1 -1 1 1 0 -1 0 1 -1 1 0
8 0 0 0 0 0 0 0 0 1 -1 1 1 0 1 0 -1 -1 1 0
8 0 0 0 0 0 0 0 0 1 1 1 1 0 -1 0 -1 -1 1 0
8 0 0 0 0 0 0 0 0 1 1 1 1 0 1 0 1 -1 1 0
8 0 0 0 0 0 0 0 0 -1 -1 -1 -1 0 -1 0 -1 1 -1 0
8 0 0 0 0 0 0 0 0 -1 -1 -1 -1 0 1 0 1 1 -1 0
8 0 0 0 0 0 0 0 0 -1 1 -1 -1 0 -1 0 1 1 -1 0
8 0 0 0 0 0 0 0 0 -1 1 -1 -1 0 1 0 -1 1 -1 0
8 0 0 0 0 0 0 0 0 -1 -1 -1 1 0 -1 0 1 1 -1 0
8 0 0 0 0 0 0 0 0 -1 -1 -1 1 0 1 0 -1 1 -1 0
8 0 0 0 0 0 0 0 0 -1 1 -1 1 0 -1 0 -1 1 -1 0
8 0 0 0 0 0 0 0 0 -1 1 -1 1 0 1 0 1 1 -1 0
8 0 0 0 0 0 0 0 0 1 -1 -1 -1 0 -1 0 1 1 -1 0
8 0 0 0 0 0 0 0 0 1 -1 -1 -1 0 1 0 -1 1 -1 0
8 0 0 0 0 0 0 0 0 1 1 -1 -1 0 -1 0 -1 1 -1 0
8 0 0 0 0 0 0 0 0 1 1 -1 -1 0 1 0 1 1 -1 0
8 0 0 0 0 0 0 0 0 1 -1 -1 1 0 -1 0 -1 1 -1 0
8 0 0 0 0 0 0 0 0 1 -1 -1 1 0 1 0 1 1 -1 0
8 0 0 0 0 0 0 0 0 1 1 -1 1 0 -1 0 1 1 -1 0
8 0 0 0 0 0 0 0 0 1 1 -1 1 0 1 0 -1 1 -1 0
8 0 0 0 0 0 0 0 0 -1 -1 1 -1 0 -1 0 1 1 -1 0
8 0 0 0 0 0 0 0 0 -1 -1 1 -1 0 1 0 -1 1 -1 0
8 0 0 0 0 0 0 0 0 -1 1 1 -1 0 -1 0 -1 1 -1 0
8 0 0 0 0 0 0 0 0 -1 1 1 -1 0 1 0 1 1 -1 0
8 0 0 0 0 0 0 0 0 -1 -1 1 1 0 -1 0 -1 1 -1 0
8 0 0 0 0 0 0 0 0 -1 -1 1 1 0 1 0 1 1 -1 0
8 0 0 0 0 0 0 0 0 -1 1 1 1 0 -1 0 1 1 -1 0
8 0 0 0 0 0 0 0 0 -1 1 1 1 0 1 0 -1 1 -1 0
8 0 0 0 0 0 0 0 0 1 -1 1 -1 0 -1 0 -1 1 -1 0
8 0 0 0 0 0 0 0 0 1 -1 1 -1 0 1 0 1 1 -1 0
8 0 0 0 0 0 0 0 0 1 1 1 -1 0 -1 0 1 1 -1 0
8 0 0 0 0 0 0 0 0 1 1 1 -1 0 1 0 -1 1 -1 0
8 0 0 0 0 0 0 0 0 1 -1 1 1 0 -1 0 1 1 -1 0
8 0 0 0 0 0 0 0 0 1 -1 1 1 0 1 0 -1 1 -1 0
8 0 0 0 0 0 0 0 0 1 1 1 1 0 -1 0 -1 1 -1 0
8 0 0 0 0 0 0 0 0 1 1 1 1 0 1 0 1 1 -1 0
8 0 -1 0 -1 -1 0 0 0 0 0 0 0 0 0 1 0 2 0 0
8 0 1 0 -1 1 0 0 0 0 0 0 0 0 0 1 0 2 0 0
8 0 1 0 1 -1 0 0 0 0 0 0 0 0 0 1 0 2 0 0
8 0 -1 0 1 1 0 0 0 0 0 0 0 0 0 1 0 2 0 0
8 0 1 0 -1 -1 0 0 0 0 0 0 0 0 0 -1 0 2 0 0
8 0 -1 0 -1 1 0 0 0 0 0 0 0 0 0 -1 0 2 0 0
8 0 -1 0 1 -1 0 0 0 0 0 0 0 0 0 -1 0 2 0 0
8 0 1 0 1 1 0 0 0 0 0 0 0 0 0 -1 0 2 0 0
63978448 1638 1638 -1638 -1638 -1638 1638 1638 -1638 1638 1638 -1638 1638 -1638 1638 1638 1638 -4588 0 0
63978448 -1638 -1638 -1638 -1638 1638 -1638 -1638 -1638 1638 1638 -1638 1638 1638 1638 1638 1638 -4588 0 0
63978448 1638 -1638 1638 1638 -1638 -1638 1638 1638 1638 1638 -1638 1638 1638 1638 1638 1638 -4588 0 0
63978448 -1638 1638 1638 1638 1638 1638 -1638 1638 1638 1638 -1638 1638 -1638 1638 1638 1638 -4588 0 0
63978448 -1638 1638 1638 -1638 -1638 -1638 -1638 -1638 -1638 1638 1638 1638 -1638 1638 1638 1638 -4588 0 0
63978448 1638 -1638 1638 -1638 1638 1638 1638 -1638 -1638 1638 1638 1638 1638 1638 1638 1638 -4588 0 0
63978448 -1638 -1638 -1638 1638 -1638 1638 -1638 1638 -1638 1638 1638 1638 1638 1638 1638 1638 -4588 0 0
63978448 1638 1638 -1638 1638 1638 -1638 1638 1638 -1638 1638 1638 1638 -1638 1638 1638 1638 -4588 0 0
63978448 1638 -1638 1638 -1638 -1638 -1638 1638 -1638 1638 1638 1638 -1638 -1638 1638 -1638 1638 -4588 0 0
63978448 -1638 1638 1638 -1638 1638 1638 -1638 -1638 1638 1638 1638 -1638 1638 1638 -1638 1638 -4588 0 0
63978448 1638 1638 -1638 1638 -1638 1638 1638 1638 1638 1638 1638 -1638 1638 1638 -1638 1638 -4588 0 0
63978448 -1638 -1638 -1638 1638 1638 -1638 -1638 1638 1638 1638 1638 -1638 -1638 1638 -1638 1638 -4588 0 0
63978448 -1638 -1638 -1638 -1638 -1638 1638 -1638 -1638 -1638 1638 -1638 -1638 -1638 1638 -1638 1638 -4588 0 0
63978448 1638 1638 -1638 -1638 1638 -1638 1638 -1638 -1638 1638 -1638 -1638 1638 1638 -1638 1638 -4588 0 0
63978448 -1638 1638 1638 1638 -1638 -1638 -1638 1638 -1638 1638 -1638 -1638 1638 1638 -1638 1638 -4588 0 0
63978448 1638 -1638 1638 1638 1638 1638 1638 1638 -1638 1638 -1638 -1638 -1638 1638 -1638 1638 -4588 0 0
63978448 -1638 1638 1638 -1638 -1638 1638 1638 1638 1638 -1638 1638 1638 1638 1638 1638 1638 -4588 0 0
63978448 1638 -1638 1638 -1638 1638 -1638 -1638 1638 1638 -1638 1638 1638 -1638 1638 1638 1638 -4588 0 0
63978448 -1638 -1638 -1638 1638 -1638 -1638 1638 -1638 1638 -1638 1638 1638 -1638 1638 1638 1638 -4588 0 0
63978448 1638 1638 -1638 1638 1638 1638 -1638 -1638 1638 -1638 1638 1638 1638 1638 1638 1638 -4588 0 0
63978448 1638 1638 -1638 -1638 -1638 -1638 -1638 1638 -1638 -1638 -1638 1638 1638 1638 1638 1638 -4588 0 0
63978448 -1638 -1638 -1638 -1638 1638 1638 1638 1638 -1638 -1638 -1638 1638 -1638 1638 1638 1638 -4588 0 0
63978448 1638 -1638 1638 1638 -1638 1638 -1638 -1638 -1638 -1638 -1638 1638 -1638 1638 1638 1638 -4588 0 0
63978448 -1638 1638 1638 1638 1638 -1638 1638 -1638 -1638 -1638 -1638 1638 1638 1638 1638 1638 -4588 0 0
63978448 -1638 -1638 -1638 -1638 -1638 -1638 1638 1638 1638 -1638 -1638 -1638 1638 1638 -1638 1638 -4588 0 0
63978448 1638 1638 -1638 -1638 1638 1638 -1638 1638 1638 -1638 -1638 -1638 -1638 1638 -1638 1638 -4588 0 0
63978448 -1638 1638 1638 1638 -1638 1638 1638 -1638 1638 -1638 -1638 -1638 -1638 1638 -1638 1638 -4588 0 0
63978448 1638 -1638 1638 1638 1638 -1638 -1638 -1638 1638 -1638 -1638 -1638 1638 1638 -1638 1638 -4588 0 0
63978448 1638 -1638 1638 -1638 -1638 1638 -1638 1638 -1638 -1638 1638 -1638 1638 1638 -1638 1638 -4588 0 0
63978448 -1638 1638 1638 -1638 1638 -1638 1638 1638 -1638 -1638 1638 -1638 -1638 1638 -1638 1638 -4588 0 0
63978448 1638 1638 -1638 1638 -1638 -1638 -1638 -1638 -1638 -1638 1638 -1638 -1638 1638 -1638 1638 -4588 0 0
63978448 -1638 -1638 -1638 1638 1638 1638 1638 -1638 -1638 -1638 1638 -1638 1638 1638 -1638 1638 -4588 0 0
63978448 -1638 -1638 1638 -1638 -1638 -1638 -1638 1638 1638 1638 1638 1638 1638 -1638 -1638 1638 -4588 0 0
63978448 1638 1638 1638 -1638 1638 1638 1638 1638 1638 1638 1638 1638 -1638 -1638 -1638 1638 -4588 0 0
63978448 -1638 1638 -1638 1638 -1638 1638 -1638 -1638 1638 1638 1638 1638 -1638 -1638 -1638 1638 -4588 0 0
63978448 1638 -1638 -1638 1638 1638 -1638 1638 -1638 1638 1638 1638 1638 1638 -1638 -1638 1638 -4588 0 0
63978448 1638 -1638 -1638 -1638 -1638 1638 1638 1638 -1638 1638 -1638 1638 1638 -1638 -1638 1638 -4588 0 0
63978448 -1638 1638 -1638 -1638 1638 -1638 -1638 1638 -1638 1638 -1638 1638 -1638 -1638 -1638 1638 -4588 0 0
63978448 1638 1638 1638 1638 -1638 -1638 1638 -1638 -1638 1638 -1638 1638 -1638 -1638 -1638 1638 -4588 0 0
63978448 -1638 -1638 1638 1638 1638 1638 -1638 -1638 -1638 1638 -1638 1638 1638 -1638 -1638 1638 -4588 0 0
63978448 -1638 1638 -1638 -1638 -1638 1638 -1638 1638 1638 1638 -1638 -1638 1638 -1638 1638 1638 -4588 0 0
63978448 1638 -1638 -1638 -1638 1638 -1638 1638 1638 1638 1638 -1638 -1638 -1638 -1638 1638 1638 -4588 0 0
63978448 -1638 -1638 1638 1638 -1638 -1638 -1638 -1638 1638 1638 -1638 -1638 -1638 -1638 1638 1638 -4588 0 0
63978448 1638 1638 1638 1638 1638 1638 1638 -1638 1638 1638 -1638 -1638 1638 -1638 1638 1638 -4588 0 0
63978448 1638 1638 1638 -1638 -1638 -1638 1638 1638 -1638 1638 1638 -1638 1638 -1638 1638 1638 -4588 0 0
63978448 -1638 -1638 1638 -1638 1638 1638 -1638 1638 -1638 1638 1638 -1638 -1638 -1638 1638 1638 -4588 0 0
63978448 1638 -1638 -1638 1638 -1638 1638 1638 -1638 -1638 1638 1638 -1638 -1638 -1638 1638 1638 -4588 0 0
63978448 -1638 1638 -1638 1638 1638 -1638 -1638 -1638 -1638 1638 1638 -1638 1638 -1638 1638 1638 -4588 0 0
63978448 1638 -1638 -1638 -1638 -1638 -1638 -1638 -1638 1638 -1638 -1638 1638 -1638 -1638 -1638 1638 -4588 0 0
63978448 -1638 1638 -1638 -1638 1638 1638 1638 -1638 1638 -1638 -1638 1638 1638 -1638 -1638 1638 -4588 0 0
63978448 1638 1638 1638 1638 -1638 1638 -1638 1638 1638 -1638 -1638 1638 1638 -1638 -1638 1638 -4588 0 0
63978448 -1638 -1638 1638 1638 1638 -1638 1638 1638 1638 -1638 -1638 1638 -1638 -1638 -1638 1638 -4588 0 0
63978448 -1638 -1638 1638 -1638 -1638 1638 1638 -1638 -1638 -1638 1638 1638 -1638 -1638 -1638 1638 -4588 0 0
63978448 1638 1638 1638 -1638 1638 -1638 -1638 -1638 -1638 -1638 1638 1638 1638 -1638 -1638 1638 -4588 0 0
63978448 -1638 1638 -1638 1638 -1638 -1638 1638 1638 -1638 -1638 1638 1638 1638 -1638 -1638 1638 -4588 0 0
63978448 1638 -1638 -1638 1638 1638 1638 -1638 1638 -1638 -1638 1638 1638 -1638 -1638 -1638 1638 -4588 0 0
63978448 1638 1638 1638 -1638 -1638 1638 -1638 -1638 1638 -1638 1638 -1638 -1638 -1638 1638 1638 -4588 0 0
63978448 -1638 -1638 1638 -1638 1638 -1638 1638 -1638 1638 -1638 1638 -1638 1638 -1638 1638 1638 -4588 0 0
63978448 1638 -1638 -1638 1638 -1638 -1638 -1638 1638 1638 -1638 1638 -1638 1638 -1638 1638 1638 -4588 0 0
63978448 -1638 1638 -1638 1638 1638 1638 1638 1638 1638 -1638 1638 -1638 -1638 -1638 1638 1638 -4588 0 0
63978448 -1638 1638 -1638 -1638 -1638 -1638 1638 -1638 -1638 -1638 -1638 -1638 -1638 -1638 1638 1638 -4588 0 0
63978448 1638 -1638 -1638 -1638 1638 1638 -1638 -1638 -1638 -1638 -1638 -1638 1638 -1638 1638 1638 -4588 0 0
63978448 -1638 -1638 1638 1638 -1638 1638 1638 1638 -1638 -1638 -1638 -1638 1638 -1638 1638 1638 -4588 0 0
63978448 1638 1638 1638 1638 1638 -1638 -1638 1638 -1638 -1638 -1638 -1638 -1638 -1638 1638 1638 -4588 0 0
63978448 -1638 -1638 -1638 -1638 -1638 1638 1638 -1638 1638 1638 1638 1638 1638 1638 -1638 -1638 -4588 0 0
63978448 1638 1638 -1638 -1638 1638 -1638 -1638 -1638 1638 1638 1638 1638 -1638 1638 -1638 -1638 -4588 0 0
63978448 -1638 1638 1638 1638 -1638 -1638 1638 1638 1638 1638 1638 1638 -1638 1638 -1638 -1638 -4588 0 0
63978448 1638 -1638 1638 1638 1638 1638 -1638 1638 1638 1638 1638 1638 1638 1638 -1638 -1638 -4588 0 0
63978448 1638 -1638 1638 -1638 -1638 -1638 -1638 -1638 -1638 1638 -1638 1638 1638 1638 -1638 -1638 -4588 0 0
63978448 -1638 1638 1638 -1638 1638 1638 1638 -1638 -1638 1638 -1638 1638 -1638 1638 -1638 -1638 -4588 0 0
63978448 1638 1638 -1638 1638 -1638 1638 -1638 1638 -1638 1638 -1638 1638 -1638 1638 -1638 -1638 -4588 0 0
63978448 -1638 -1638 -1638 1638 1638 -1638 1638 1638 -1638 1638 -1638 1638 1638 1638 -1638 -1638 -4588 0 0
63978448 -1638 1638 1638 -1638 -1638 -1638 1638 -1638 1638 1638 -1638 -1638 1638 1638 1638 -1638 -4588 0 0
63978448 1638 -1638 1638 -1638 1638 1638 -1638 -1638 1638 1638 -1638 -1638 -1638 1638 1638 -1638 -4588 0 0
63978448 -1638 -1638 -1638 1638 -1638 1638 1638 1638 1638 1638 -1638 -1638 -1638 1638 1638 -1638 -4588 0 0
63978448 1638 1638 -1638 1638 1638 -1638 -1638 1638 1638 1638 -1638 -1638 1638 1638 1638 -1638 -4588 0 0
63978448 1638 1638 -1638 -1638 -1638 1638 -1638 -1638 -1638 1638 1638 -1638 1638 1638 1638 -1638 -4588 0 0
63978448 -1638 -1638 -1638 -1638 1638 -1638 1638 -1638 -1638 1638 1638 -1638 -1638 1638 1638 -1638 -4588 0 0
63978448 1638 -1638 1638 1638 -1638 -1638 -1638 1638 -1638 1638 1638 -1638 -1638 1638 1638 -1638 -4588 0 0
63978448 -1638 1638 1638 1638 1638 1638 1638 1638 -1638 1638 1638 -1638 1638 1638 1638 -1638 -4588 0 0
63978448 1638 -1638 1638 -1638 -1638 1638 1638 1638 1638 -1638 -1638 1638 -1638 1638 -1638 -1638 -4588 0 0
63978448 -1638 1638 1638 -1638 1638 -1638 -1638 1638 1638 -1638 -1638 1638 1638 1638 -1638 -1638 -4588 0 0
63978448 1638 1638 -1638 1638 -1638 -1638 1638 -1638 1638 -1638 -1638 1638 1638 1638 -1638 -1638 -4588 0 0
63978448 -1638 -1638 -1638 1638 1638 1638 -1638 -1638 1638 -1638 -1638 1638 -1638 1638 -1638 -1638 -4588 0 0
63978448 -1638 -1638 -1638 -1638 -1638 -1638 -1638 1638 -1638 -1638 1638 1638 -1638 1638 -1638 -1638 -4588 0 0
63978448 1638 1638 -1638 -1638 1638 1638 1638 1638 -1638 -1638 1638 1638 1638 1638 -1638 -1638 -4588 0 0
63978448 -1638 1638 1638 1638 -1638 1638 -1638 -1638 -1638 -1638 1638 1638 1638 1638 -1638 -1638 -4588 0 0
63978448 1638 -1638 1638 1638 1638 -1638 1638 -1638 -1638 -1638 1638 1638 -1638 1638 -1638 -1638 -4588 0 0
63978448 1638 1638 -1638 -1638 -1638 -1638 1638 1638 1638 -1638 1638 -1638 -1638 1638 1638 -1638 -4588 0 0
63978448 -1638 -1638 -1638 -1638 1638 1638 -1638 1638 1638 -1638 1638 -1638 1638 1638 1638 -1638 -4588 0 0
63978448 1638 -1638 1638 1638 -1638 1638 1638 -1638 1638 -1638 1638 -1638 1638 1638 1638 -1638 -4588 0 0
63978448 -1638 1638 1638 1638 1638 -1638 -1638 -1638 1638 -1638 1638 -1638 -1638 1638 1638 -1638 -4588 0 0
63978448 -1638 1638 1638 -1638 -1638 1638 -1638 1638 -1638 -1638 -1638 -1638 -1638 1638 1638 -1638 -4588 0 0
63978448 1638 -1638 1638 -1638 1638 -1638 1638 1638 -1638 -1638 -1638 -1638 1638 1638 1638 -1638 -4588 0 0
63978448 -1638 -1638 -1638 1638 -1638 -1638 -1638 -1638 -1638 -1638 -1638 -1638 1638 1638 1638 -1638 -4588 0 0
63978448 1638 1638 -1638 1638 1638 1638 1638 -1638 -1638 -1638 -1638 -1638 -1638 1638 1638 -1638 -4588 0 0
63978448 1638 1638 1638 -1638 -1638 -1638 -1638 1638 1638 1638 -1638 1638 -1638 -1638 1638 -1638 -4588 0 0
63978448 -1638 -1638 1638 -1638 1638 1638 1638 1638 1638 1638 -1638 1638 1638 -1638 1638 -1638 -4588 0 0
63978448 1638 -1638 -1638 1638 -1638 1638 -1638 -1638 1638 1638 -1638 1638 1638 -1638 1638 -1638 -4588 0 0
63978448 -1638 1638 -1638 1638 1638 -1638 1638 -1638 1638 1638 -1638 1638 -1638 -1638 1638 -1638 -4588 0 0
63978448 -1638 1638 -1638 -1638 -1638 1638 1638 1638 -1638 1638 1638 1638 -1638 -1638 1638 -1638 -4588 0 0
63978448 1638 -1638 -1638 -1638 1638 -1638 -1638 1638 -1638 1638 1638 1638 1638 -1638 1638 -1638 -4588 0 0
63978448 -1638 -1638 1638 1638 -1638 -1638 1638 -1638 -1638 1638 1638 1638 1638 -1638 1638 -1638 -4588 0 0
63978448 1638 1638 1638 1638 1638 1638 -1638 -1638 -1638 1638 1638 1638 -1638 -1638 1638 -1638 -4588 0 0
63978448 1638 -1638 -1638 -1638 -1638 1638 -1638 1638 1638 1638 1638 -1638 -1638 -1638 -1638 -1638 -4588 0 0
63978448 -1638 1638 -1638 -1638 1638 -1638 1638 1638 1638 1638 1638 -1638 1638 -1638 -1638 -1638 -4588 0 0
63978448 1638 1638 1638 1638 -1638 -1638 -1638 -1638 1638 1638 1638 -1638 1638 -1638 -1638 -1638 -4588 0 0
63978448 -1638 -1638 1638 1638 1638 1638 1638 -1638 1638 1638 1638 -1638 -1638 -1638 -1638 -1638 -4588 0 0
63978448 -1638 -1638 1638 -1638 -1638 -1638 1638 1638 -1638 1638 -1638 -1638 -1638 -1638 -1638 -1638 -4588 0 0
63978448 1638 1638 1638 -1638 1638 1638 -1638 1638 -1638 1638 -1638 -1638 1638 -1638 -1638 -1638 -4588 0 0
63978448 -1638 1638 -1638 1638 -1638 1638 1638 -1638 -1638 1638 -1638 -1638 1638 -1638 -1638 -1638 -4588 0 0
63978448 1638 -1638 -1638 1638 1638 -1638 -1638 -1638 -1638 1638 -1638 -1638 -1638 -1638 -1638 -1638 -4588 0 0
63978448 -1638 1638 -1638 -1638 -1638 -1638 -1638 -1638 1638 -1638 1638 1638 1638 -1638 1638 -1638 -4588 0 0
63978448 1638 -1638 -1638 -1638 1638 1638 1638 -1638 1638 -1638 1638 1638 -1638 -1638 1638 -1638 -4588 0 0
63978448 -1638 -1638 1638 1638 -1638 1638 -1638 1638 1638 -1638 1638 1638 -1638 -1638 1638 -1638 -4588 0 0
63978448 1638 1638 1638 1638 1638 -1638 1638 1638 1638 -1638 1638 1638 1638 -1638 1638 -1638 -4588 0 0
63978448 1638 1638 1638 -1638 -1638 1638 1638 -1638 -1638 -1638 -1638 1638 1638 -1638 1638 -1638 -4588 0 0
63978448 -1638 -1638 1638 -1638 1638 -1638 -1638 -1638 -1638 -1638 -1638 1638 -1638 -1638 1638 -1638 -4588 0 0
63978448 1638 -1638 -1638 1638 -1638 -1638 1638 1638 -1638 -1638 -1638 1638 -1638 -1638 1638 -1638 -4588 0 0
63978448 -1638 1638 -1638 1638 1638 1638 -1638 1638 -1638 -1638 -1638 1638 1638 -1638 1638 -1638 -4588 0 0
63978448 -1638 -1638 1638 -1638 -1638 1638 -1638 -1638 1638 -1638 -1638 -1638 1638 -1638 -1638 -1638 -4588 0 0
63978448 1638 1638 1638 -1638 1638 -1638 1638 -1638 1638 -1638 -1638 -1638 -1638 -1638 -1638 -1638 -4588 0 0
63978448 -1638 1638 -1638 1638 -1638 -1638 -1638 1638 1638 -1638 -1638 -1638 -1638 -1638 -1638 -1638 -4588 0 0
63978448 1638 -1638 -1638 1638 1638 1638 1638 1638 1638 -1638 -1638 -1638 1638 -1638 -1638 -1638 -4588 0 0
63978448 1638 -1638 -1638 -1638 -1638 -1638 1638 -1638 -1638 -1638 1638 -1638 1638 -1638 -1638 -1638 -4588 0 0
63978448 -1638 1638 -1638 -1638 1638 1638 -1638 -1638 -1638 -1638 1638 -1638 -1638 -1638 -1638 -1638 -4588 0 0
63978448 1638 1638 1638 1638 -1638 1638 1638 1638 -1638 -1638 1638 -1638 -1638 -1638 -1638 -1638 -4588 0 0
63978448 -1638 -1638 1638 1638 1638 -1638 -1638 1638 -1638 -1638 1638 -1638 1638 -1638 -1638 -1638 -4588 0 0
63984885 -1633 1633 1633 -1633 -1633 -1633 -1633 1633 1633 1633 -1633 1633 1633 1633 1633 1633 -102 -4616 1
63984885 1633 -1633 1633 -1633 1633 1633 1633 1633 1633 1633 -1633 1633 -1633 1633 1633 1633 -102 -4616 1
63984885 -1633 -1633 -1633 1633 -1633 1633 -1633 -1633 1633 1633 -1633 1633 -1633 1633 1633 1633 -102 -4616 1
63984885 1633 1633 -1633 1633 1633 -1633 1633 -1633 1633 1633 -1633 1633 1633 1633 1633 1633 -102 -4616 1
63984885 1633 1633 -1633 -1633 -1633 1633 1633 1633 -1633 1633 1633 1633 1633 1633 1633 1633 -102 -4616 1
63984885 -1633 -1633 -1633 -1633 1633 -1633 -1633 1633 -1633 1633 1633 1633 -1633 1633 1633 1633 -102 -4616 1
63984885 1633 -1633 1633 1633 -1633 -1633 1633 -1633 -1633 1633 1633 1633 -1633 1633 1633 1633 -102 -4616 1
63984885 -1633 1633 1633 1633 1633 1633 -1633 -1633 -1633 1633 1633 1633 1633 1633 1633 1633 -102 -4616 1
63984885 -1633 -1633 -1633 -1633 -1633 1633 -1633 1633 1633 1633 1633 -1633 1633 1633 -1633 1633 -102 -4616 1
63984885 1633 1633 -1633 -1633 1633 -1633 1633 1633 1633 1633 1633 -1633 -1633 1633 -1633 1633 -102 -4616 1
63984885 -1633 1633 1633 1633 -1633 -1633 -1633 -1633 1633 1633 1633 -1633 -1633 1633 -1633 1633 -102 -4616 1
63984885 1633 -1633 1633 1633 1633 1633 1633 -1633 1633 1633 1633 -1633 1633 1633 -1633 1633 -102 -4616 1
63984885 1633 -1633 1633 -1633 -1633 -1633 1633 1633 -1633 1633 -1633 -1633 1633 1633 -1633 1633 -102 -4616 1
63984885 -1633 1633 1633 -1633 1633 1633 -1633 1633 -1633 1633 -1633 -1633 -1633 1633 -1633 1633 -102 -4616 1
63984885 1633 1633 -1633 1633 -1633 1633 1633 -1633 -1633 1633 -1633 -1633 -1633 1633 -1633 1633 -102 -4616 1
63984885 -1633 -1633 -1633 1633 1633 -1633 -1633 -1633 -1633 1633 -1633 -1633 1633 1633 -1633 1633 -102 -4616 1
63984885 1633 1633 -1633 -1633 -1633 -1633 -1633 -1633 1633 -1633 1633 1633 -1633 1633 1633 1633 -102 -4616 1
63984885 -1633 -1633 -1633 -1633 1633 1633 1633 -1633 1633 -1633 1633 1633 1633 1633 1633 1633 -102 -4616 1
63984885 1633 -1633 1633 1633 -1633 1633 -1633 1633 1633 -1633 1633 1633 1633 1633 1633 1633 -102 -4616 1
63984885 -1633 1633 1633 1633 1633 -1633 1633 1633 1633 -1633 1633 1633 -1633 1633 1633 1633 -102 -4616 1
63984885 -1633 1633 1633 -1633 -1633 1633 1633 -1633 -1633 -1633 -1633 1633 -1633 1633 1633 1633 -102 -4616 1
63984885 1633 -1633 1633 -1633 1633 -1633 -1633 -1633 -1633 -1633 -1633 1633 1633 1633 1633 1633 -102 -4616 1
63984885 -1633 -1633 -1633 1633 -1633 -1633 1633 1633 -1633 -1633 -1633 1633 1633 1633 1633 1633 -102 -4616 1
63984885 1633 1633 -1633 1633 1633 1633 -1633 1633 -1633 -1633 -1633 1633 -1633 1633 1633 1633 -102 -4616 1
63984885 1633 -1633 1633 -1633 -1633 1633 -1633 -1633 1633 -1633 -1633 -1633 -1633 1633 -1633 1633 -102 -4616 1
63984885 -1633 1633 1633 -1633 1633 -1633 1633 -1633 1633 -1633 -1633 -1633 1633 1633 -1633 1633 -102 -4616 1
63984885 1633 1633 -1633 1633 -1633 -1633 -1633 1633 1633 -1633 -1633 -1633 1633 1633 -1633 1633 -102 -4616 1
63984885 -1633 -1633 -1633 1633 1633 1633 1633 1633 1633 -1633 -1633 -1633 -1633 1633 -1633 1633 -102 -4616 1
63984885 -1633 -1633 -1633 -1633 -1633 -1633 1633 -1633 -1633 -1633 1633 -1633 -1633 1633 -1633 1633 -102 -4616 1
63984885 1633 1633 -1633 -1633 1633 1633 -1633 -1633 -1633 -1633 1633 -1633 1633 1633 -1633 1633 -102 -4616 1
63984885 -1633 1633 1633 1633 -1633 1633 1633 1633 -1633 -1633 1633 -1633 1633 1633 -1633 1633 -102 -4616 1
63984885 1633 -1633 1633 1633 1633 -1633 -1633 1633 -1633 -1633 1633 -1633 -1633 1633 -1633 1633 -102 -4616 1
63984885 1633 -1633 -1633 -1633 -1633 1633 1633 -1633 1633 1633 1633 1633 -1633 -1633 -1633 1633 -102 -4616 1
63984885 -1633 1633 -1633 -1633 1633 -1633 -1633 -1633 1633 1633 1633 1633 1633 -1633 -1633 1633 -102 -4616 1
63984885 1633 1633 1633 1633 -1633 -1633 1633 1633 1633 1633 1633 1633 1633 -1633 -1633 1633 -102 -4616 1
63984885 -1633 -1633 1633 1633 1633 1633 -1633 1633 1633 1633 1633 1633 -1633 -1633 -1633 1633 -102 -4616 1
63984885 -1633 -1633 1633 -1633 -1633 -1633 -1633 -1633 -1633 1633 -1633 1633 -1633 -1633 -1633 1633 -102 -4616 1
63984885 1633 1633 1633 -1633 1633 1633 1633 -1633 -1633 1633 -1633 1633 1633 -1633 -1633 1633 -102 -4616 1
63984885 -1633 1633 -1633 1633 -1633 1633 -1633 1633 -1633 1633 -1633 1633 1633 -1633 -1633 1633 -102 -4616 1
63984885 1633 -1633 -1633 1633 1633 -1633 1633 1633 -1633 1633 -1633 1633 -1633 -1633 -1633 1633 -102 -4616 1
63984885 1633 1633 1633 -1633 -1633 -1633 1633 -1633 1633 1633 -1633 -1633 -1633 -1633 1633 1633 -102 -4616 1
63984885 -1633 -1633 1633 -1633 1633 1633 -1633 -1633 1633 1633 -1633 -1633 1633 -1633 1633 1633 -102 -4616 1
63984885 1633 -1633 -1633 1633 -1633 1633 1633 1633 1633 1633 -1633 -1633 1633 -1633 1633 1633 -102 -4616 1
63984885 -1633 1633 -1633 1633 1633 -1633 -1633 1633 1633 1633 -1633 -1633 -1633 -1633 1633 1633 -102 -4616 1
63984885 -1633 1633 -1633 -1633 -1633 1633 -1633 -1633 -1633 1633 1633 -1633 -1633 -1633 1633 1633 -102 -4616 1
63984885 1633 -1633 -1633 -1633 1633 -1633 1633 -1633 -1633 1633 1633 -1633 1633 -1633 1633 1633 -102 -4616 1
63984885 -1633 -1633 1633 1633 -1633 -1633 -1633 1633 -1633 1633 1633 -1633 1633 -1633 1633 1633 -102 -4616 1
63984885 1633 1633 1633 1633 1633 1633 1633 1633 -1633 1633 1633 -1633 -1633 -1633 1633 1633 -102 -4616 1
63984885 -1633 -1633 1633 -1633 -1633 1633 1633 1633 1633 -1633 -1633 1633 1633 -1633 -1633 1633 -102 -4616 1
63984885 1633 1633 1633 -1633 1633 -1633 -1633 1633 1633 -1633 -1633 1633 -1633 -1633 -1633 1633 -102 -4616 1
63984885 -1633 1633 -1633 1633 -1633 -1633 1633 -1633 1633 -1633 -1633 1633 -1633 -1633 -1633 1633 -102 -4616 1
63984885 1633 -1633 -1633 1633 1633 1633 -1633 -1633 1633 -1633 -1633 1633 1633 -1633 -1633 1633 -102 -4616 1
63984885 1633 -1633 -1633 -1633 -1633 -1633 -1633 1633 -1633 -1633 1633 1633 1633 -1633 -1633 1633 -102 -4616 1
63984885 -1633 1633 -1633 -1633 1633 1633 1633 1633 -1633 -1633 1633 1633 -1633 -1633 -1633 1633 -102 -4616 1
63984885 1633 1633 1633 1633 -1633 1633 -1633 -1633 -1633 -1633 1633 1633 -1633 -1633 -1633 1633 -102 -4616 1
63984885 -1633 -1633 1633 1633 1633 -1633 1633 -1633 -1633 -1633 1633 1633 1633 -1633 -1633 1633 -102 -4616 1
63984885 -1633 1633 -1633 -1633 -1633 -1633 1633 1633 1633 -1633 1633 -1633 1633 -1633 1633 1633 -102 -4616 1
63984885 1633 -1633 -1633 -1633 1633 1633 -1633 1633 1633 -1633 1633 -1633 -1633 -1633 1633 1633 -102 -4616 1
63984885 -1633 -1633 1633 1633 -1633 1633 1633 -1633 1633 -1633 1633 -1633 -1633 -1633 1633 1633 -102 -4616 1
63984885 1633 1633 1633 1633 1633 -1633 -1633 -1633 1633 -1633 1633 -1633 1633 -1633 1633 1633 -102 -4616 1
63984885 1633 1633 1633 -1633 -1633 1633 -1633 1633 -1633 -1633 -1633 -1633 1633 -1633 1633 1633 -102 -4616 1
63984885 -1633 -1633 1633 -1633 1633 -1633 1633 1633 -1633 -1633 -1633 -1633 -1633 -1633 1633 1633 -102 -4616 1
63984885 1633 -1633 -1633 1633 -1633 -1633 -1633 -1633 -1633 -1633 -1633 -1633 -1633 -1633 1633 1633 -102 -4616 1
63984885 -1633 1633 -1633 1633 1633 1633 1633 -1633 -1633 -1633 -1633 -1633 1633 -1633 1633 1633 -102 -4616 1
63984885 1633 -1633 1633 -1633 -1633 -1633 -1633 1633 1633 1633 1633 1633 -1633 1633 -1633 -1633 -102 -4616 1
63984885 -1633 1633 1633 -1633 1633 1633 1633 1633 1633 1633 1633 1633 1633 1633 -1633 -1633 -102 -4616 1
63984885 1633 1633 -1633 1633 -1633 1633 -1633 -1633 1633 1633 1633 1633 1633 1633 -1633 -1633 -102 -4616 1
63984885 -1633 -1633 -1633 1633 1633 -1633 1633 -1633 1633 1633 1633 1633 -1633 1633 -1633 -1633 -102 -4616 1
63984885 -1633 -1633 -1633 -1633 -1633 1633 1633 1633 -1633 1633 -1633 1633 -1633 1633 -1633 -1633 -102 -4616 1
63984885 1633 1633 -1633 -1633 1633 -1633 -1633 1633 -1633 1633 -1633 1633 1633 1633 -1633 -1633 -102 -4616 1
63984885 -1633 1633 1633 1633 -1633 -1633 1633 -1633 -1633 1633 -1633 1633 1633 1633 -1633 -1633 -102 -4616 1
63984885 1633 -1633 1633 1633 1633 1633 -1633 -1633 -1633 1633 -1633 1633 -1633 1633 -1633 -1633 -102 -4616 1
63984885 1633 1633 -1633 -1633 -1633 1633 -1633 1633 1633 1633 -1633 -1633 -1633 1633 1633 -1633 -102 -4616 1
63984885 -1633 -1633 -1633 -1633 1633 -1633 1633 1633 1633 1633 -1633 -1633 1633 1633 1633 -1633 -102 -4616 1
63984885 1633 -1633 1633 1633 -1633 -1633 -1633 -1633 1633 1633 -1633 -1633 1633 1633 1633 -1633 -102 -4616 1
63984885 -1633 1633 1633 1633 1633 1633 1633 -1633 1633 1633 -1633 -1633 -1633 1633 1633 -1633 -102 -4616 1
63984885 -1633 1633 1633 -1633 -1633 -1633 1633 1633 -1633 1633 1633 -1633 -1633 1633 1633 -1633 -102 -4616 1
63984885 1633 -1633 1633 -1633 1633 1633 -1633 1633 -1633 1633 1633 -1633 1633 1633 1633 -1633 -102 -4616 1
63984885 -1633 -1633 -1633 1633 -1633 1633 1633 -1633 -1633 1633 1633 -1633 1633 1633 1633 -1633 -102 -4616 1
63984885 1633 1633 -1633 1633 1633 -1633 -1633 -1633 -1633 1633 1633 -1633 -1633 1633 1633 -1633 -102 -4616 1
63984885 -1633 -1633 -1633 -1633 -1633 -1633 -1633 -1633 1633 -1633 -1633 1633 1633 1633 -1633 -1633 -102 -4616 1
63984885 1633 1633 -1633 -1633 1633 1633 1633 -1633 1633 -1633 -1633 1633 -1633 1633 -1633 -1633 -102 -4616 1
63984885 -1633 1633 1633 1633 -1633 1633 -1633 1633 1633 -1633 -1633 1633 -1633 1633 -1633 -1633 -102 -4616 1
63984885 1633 -1633 1633 1633 1633 -1633 1633 1633 1633 -1633 -1633 1633 1633 1633 -1633 -1633 -102 -4616 1
63984885 1633 -1633 1633 -1633 -1633 1633 1633 -1633 -1633 -1633 1633 1633 1633 1633 -1633 -1633 -102 -4616 1
63984885 -1633 1633 1633 -1633 1633 -1633 -1633 -1633 -1633 -1633 1633 1633 -1633 1633 -1633 -1633 -102 -4616 1
63984885 1633 1633 -1633 1633 -1633 -1633 1633 1633 -1633 -1633 1633 1633 -1633 1633 -1633 -1633 -102 -4616 1
63984885 -1633 -1633 -1633 1633 1633 1633 -1633 1633 -1633 -1633 1633 1633 1633 1633 -1633 -1633 -102 -4616 1
63984885 -1633 1633 1633 -1633 -1633 1633 -1633 -1633 1633 -1633 1633 -1633 1633 1633 1633 -1633 -102 -4616 1
63984885 1633 -1633 1633 -1633 1633 -1633 1633 -1633 1633 -1633 1633 -1633 -1633 1633 1633 -1633 -102 -4616 1
63984885 -1633 -1633 -1633 1633 -1633 -1633 -1633 1633 1633 -1633 1633 -1633 -1633 1633 1633 -1633 -102 -4616 1
63984885 1633 1633 -1633 1633 1633 1633 1633 1633 1633 -1633 1633 -1633 1633 1633 1633 -1633 -102 -4616 1
63984885 1633 1633 -1633 -1633 -1633 -1633 1633 -1633 -1633 -1633 -1633 -1633 1633 1633 1633 -1633 -102 -4616 1
63984885 -1633 -1633 -1633 -1633 1633 1633 -1633 -1633 -1633 -1633 -1633 -1633 -1633 1633 1633 -1633 -102 -4616 1
63984885 1633 -1633 1633 1633 -1633 1633 1633 1633 -1633 -1633 -1633 -1633 -1633 1633 1633 -1633 -102 -4616 1
63984885 -1633 1633 1633 1633 1633 -1633 -1633 1633 -1633 -1633 -1633 -1633 1633 1633 1633 -1633 -102 -4616 1
63984885 -1633 1633 -1633 -1633 -1633 1633 1633 -1633 1633 1633 -1633 1633 1633 -1633 1633 -1633 -102 -4616 1
63984885 1633 -1633 -1633 -1633 1633 -1633 -1633 -1633 1633 1633 -1633 1633 -1633 -1633 1633 -1633 -102 -4616 1
63984885 -1633 -1633 1633 1633 -1633 -1633 1633 1633 1633 1633 -1633 1633 -1633 -1633 1633 -1633 -102 -4616 1
63984885 1633 1633 1633 1633 1633 1633 -1633 1633 1633 1633 -1633 1633 1633 -1633 1633 -1633 -102 -4616 1
63984885 1633 1633 1633 -1633 -1633 -1633 -1633 -1633 -1633 1633 1633 1633 1633 -1633 1633 -1633 -102 -4616 1
63984885 -1633 -1633 1633 -1633 1633 1633 1633 -1633 -1633 1633 1633 1633 -1633 -1633 1633 -1633 -102 -4616 1
63984885 1633 -1633 -1633 1633 -1633 1633 -1633 1633 -1633 1633 1633 1633 -1633 -1633 1633 -1633 -102 -4616 1
63984885 -1633 1633 -1633 1633 1633 -1633 1633 1633 -1633 1633 1633 1633 1633 -1633 1633 -1633 -102 -4616 1
63984885 -1633 -1633 1633 -1633 -1633 -1633 1633 -1633 1633 1633 1633 -1633 1633 -1633 -1633 -1633 -102 -4616 1
63984885 1633 1633 1633 -1633 1633 1633 -1633 -1633 1633 1633 1633 -1633 -1633 -1633 -1633 -1633 -102 -4616 1
63984885 -1633 1633 -1633 1633 -1633 1633 1633 1633 1633 1633 1633 -1633 -1633 -1633 -1633 -1633 -102 -4616 1
63984885 1633 -1633 -1633 1633 1633 -1633 -1633 1633 1633 1633 1633 -1633 1633 -1633 -1633 -1633 -102 -4616 1
63984885 1633 -1633 -1633 -1633 -1633 1633 -1633 -1633 -1633 1633 -1633 -1633 1633 -1633 -1633 -1633 -102 -4616 1
63984885 -1633 1633 -1633 -1633 1633 -1633 1633 -1633 -1633 1633 -1633 -1633 -1633 -1633 -1633 -1633 -102 -4616 1
63984885 1633 1633 1633 1633 -1633 -1633 -1633 1633 -1633 1633 -1633 -1633 -1633 -1633 -1633 -1633 -102 -4616 1
63984885 -1633 -1633 1633 1633 1633 1633 1633 1633 -1633 1633 -1633 -1633 1633 -1633 -1633 -1633 -102 -4616 1
63984885 1633 1633 1633 -1633 -1633 1633 1633 1633 1633 -1633 1633 1633 -1633 -1633 1633 -1633 -102 -4616 1
63984885 -1633 -1633 1633 -1633 1633 -1633 -1633 1633 1633 -1633 1633 1633 1633 -1633 1633 -1633 -102 -4616 1
63984885 1633 -1633 -1633 1633 -1633 -1633 1633 -1633 1633 -1633 1633 1633 1633 -1633 1633 -1633 -102 -4616 1
63984885 -1633 1633 -1633 1633 1633 1633 -1633 -1633 1633 -1633 1633 1633 -1633 -1633 1633 -1633 -102 -4616 1
63984885 -1633 1633 -1633 -1633 -1633 -1633 -1633 1633 -1633 -1633 -1633 1633 -1633 -1633 1633 -1633 -102 -4616 1
63984885 1633 -1633 -1633 -1633 1633 1633 1633 1633 -1633 -1633 -1633 1633 1633 -1633 1633 -1633 -102 -4616 1
63984885 -1633 -1633 1633 1633 -1633 1633 -1633 -1633 -1633 -1633 -1633 1633 1633 -1633 1633 -1633 -102 -4616 1
63984885 1633 1633 1633 1633 1633 -1633 1633 -1633 -1633 -1633 -1633 1633 -1633 -1633 1633 -1633 -102 -4616 1
63984885 1633 -1633 -1633 -1633 -1633 -1633 1633 1633 1633 -1633 -1633 -1633 -1633 -1633 -1633 -1633 -102 -4616 1
63984885 -1633 1633 -1633 -1633 1633 1633 -1633 1633 1633 -1633 -1633 -1633 1633 -1633 -1633 -1633 -102 -4616 1
63984885 1633 1633 1633 1633 -1633 1633 1633 -1633 1633 -1633 -1633 -1633 1633 -1633 -1633 -1633 -102 -4616 1
63984885 -1633 -1633 1633 1633 1633 -1633 -1633 -1633 1633 -1633 -1633 -1633 -1633 -1633 -1633 -1633 -102 -4616 1
63984885 -1633 -1633 1633 -1633 -1633 1633 -1633 1633 -1633 -1633 1633 -1633 -1633 -1633 -1633 -1633 -102 -4616 1
63984885 1633 1633 1633 -1633 1633 -1633 1633 1633 -1633 -1633 1633 -1633 1633 -1633 -1633 -1633 -102 -4616 1
63984885 -1633 1633 -1633 1633 -1633 -1633 -1633 -1633 -1633 -1633 1633 -1633 1633 -1633 -1633 -1633 -102 -4616 1
63984885 1633 -1633 -1633 1633 1633 1633 1633 -1633 -1633 -1633 1633 -1633 -1633 -1633 -1633 -1633 -102 -4616 1
63997753 1633 1633 1633 -1633 -1633 -1633 1633 1635 1633 1633 1633 1635 -1633 1633 1633 1633 -101 0 4616
63997753 -1633 -1633 1633 -1633 1633 1633 -1633 1635 1633 1633 1633 1635 1633 1633 1633 1633 -101 0 4616
63997753 1633 -1633 -1633 1633 -1633 1633 1633 -1635 1633 1633 1633 1635 1633 1633 1633 1633 -101 0 4616
63997753 -1633 1633 -1633 1633 1633 -1633 -1633 -1635 1633 1633 1633 1635 -1633 1633 1633 1633 -101 0 4616
63997753 -1633 1633 -1633 -1633 -1633 1633 -1633 1635 -1633 1633 -1633 1635 -1633 1633 1633 1633 -101 0 4616
63997753 1633 -1633 -1633 -1633 1633 -1633 1633 1635 -1633 1633 -1633 1635 1633 1633 1633 1633 -101 0 4616
63997753 -1633 -1633 1633 1633 -1633 -1633 -1633 -1635 -1633 1633 -1633 1635 1633 1633 1633 1633 -101 0 4616
63997753 1633 1633 1633 1633 1633 1633 1633 -1635 -1633 1633 -1633 1635 -1633 1633 1633 1633 -101 0 4616
63997753 1633 -1633 -1633 -1633 -1633 1633 1633 1635 1633 1633 -1633 -1635 -1633 1633 -1633 1633 -101 0 4616
63997753 -1633 1633 -1633 -1633 1633 -1633 -1633 1635 1633 1633 -1633 -1635 1633 1633 -1633 1633 -101 0 4616
63997753 1633 1633 1633 1633 -1633 -1633 1633 -1635 1633 1633 -1633 -1635 1633 1633 -1633 1633 -101 0 4616
63997753 -1633 -1633 1633 1633 1633 1633 -1633 -1635 1633 1633 -1633 -1635 -1633 1633 -1633 1633 -101 0 4616
63997753 -1633 -1633 1633 -1633 -1633 -1633 -1633 1635 -1633 1633 1633 -1635 -1633 1633 -1633 1633 -101 0 4616
63997753 1633 1633 1633 -1633 1633 1633 1633 1635 -1633 1633 1633 -1635 1633 1633 -1633 1633 -101 0 4616
63997753 -1633 1633 -1633 1633 -1633 1633 -1633 -1635 -1633 1633 1633 -1635 1633 1633 -1633 1633 -101 0 4616
63997753 1633 -1633 -1633 1633 1633 -1633 1633 -1635 -1633 1633 1633 -1635 -1633 1633 -1633 1633 -101 0 4616
63997753 -1633 1633 -1633 -1633 -1633 -1633 1633 -1635 1633 -1633 -1633 1635 1633 1633 1633 1633 -101 0 4616
63997753 1633 -1633 -1633 -1633 1633 1633 -1633 -1635 1633 -1633 -1633 1635 -1633 1633 1633 1633 -101 0 4616
63997753 -1633 -1633 1633 1633 -1633 1633 1633 1635 1633 -1633 -1633 1635 -1633 1633 1633 1633 -101 0 4616
63997753 1633 1633 1633 1633 1633 -1633 -1633 1635 1633 -1633 -1633 1635 1633 1633 1633 1633 -101 0 4616
63997753 1633 1633 1633 -1633 -1633 1633 -1633 -1635 -1633 -1633 1633 1635 1633 1633 1633 1633 -101 0 4616
63997753 -1633 -1633 1633 -1633 1633 -1633 1633 -1635 -1633 -1633 1633 1635 -1633 1633 1633 1633 -101 0 4616
63997753 1633 -1633 -1633 1633 -1633 -1633 -1633 1635 -1633 -1633 1633 1635 -1633 1633 1633 1633 -101 0 4616
63997753 -1633 1633 -1633 1633 1633 1633 1633 1635 -1633 -1633 1633 1635 1633 1633 1633 1633 -101 0 4616
63997753 -1633 -1633 1633 -1633 -1633 1633 1633 -1635 1633 -1633 1633 -1635 1633 1633 -1633 1633 -101 0 4616
63997753 1633 1633 1633 -1633 1633 -1633 -1633 -1635 1633 -1633 1633 -1635 -1633 1633 -1633 1633 -101 0 4616
63997753 -1633 1633 -1633 1633 -1633 -1633 1633 1635 1633 -1633 1633 -1635 -1633 1633 -1633 1633 -101 0 4616
63997753 1633 -1633 -1633 1633 1633 1633 -1633 1635 1633 -1633 1633 -1635 1633 1633 -1633 1633 -101 0 4616
63997753 1633 -1633 -1633 -1633 -1633 -1633 -1633 -1635 -1633 -1633 -1633 -1635 1633 1633 -1633 1633 -101 0 4616
63997753 -1633 1633 -1633 -1633 1633 1633 1633 -1635 -1633 -1633 -1633 -1635 -1633 1633 -1633 1633 -101 0 4616
63997753 1633 1633 1633 1633 -1633 1633 -1633 1635 -1633 -1633 -1633 -1635 -1633 1633 -1633 1633 -101 0 4616
63997753 -1633 -1633 1633 1633 1633 -1633 1633 1635 -1633 -1633 -1633 -1635 1633 1633 -1633 1633 -101 0 4616
63997753 -1633 -1633 -1633 -1633 -1633 1633 -1633 -1635 1633 1633 -1633 1635 1633 -1633 -1633 1633 -101 0 4616
63997753 1633 1633 -1633 -1633 1633 -1633 1633 -1635 1633 1633 -1633 1635 -1633 -1633 -1633 1633 -101 0 4616
63997753 -1633 1633 1633 1633 -1633 -1633 -1633 1635 1633 1633 -1633 1635 -1633 -1633 -1633 1633 -101 0 4616
63997753 1633 -1633 1633 1633 1633 1633 1633 1635 1633 1633 -1633 1635 1633 -1633 -1633 1633 -101 0 4616
63997753 1633 -1633 1633 -1633 -1633 -1633 1633 -1635 -1633 1633 1633 1635 1633 -1633 -1633 1633 -101 0 4616
63997753 -1633 1633 1633 -1633 1633 1633 -1633 -1635 -1633 1633 1633 1635 -1633 -1633 -1633 1633 -101 0 4616
63997753 1633 1633 -1633 1633 -1633 1633 1633 1635 -1633 1633 1633 1635 -1633 -1633 -1633 1633 -101 0 4616
63997753 -1633 -1633 -1633 1633 1633 -1633 -1633 1635 -1633 1633 1633 1635 1633 -1633 -1633 1633 -101 0 4616
63997753 -1633 1633 1633 -1633 -1633 -1633 -1633 -1635 1633 1633 1633 -1635 1633 -1633 1633 1633 -101 0 4616
63997753 1633 -1633 1633 -1633 1633 1633 1633 -1635 1633 1633 1633 -1635 -1633 -1633 1633 1633 -101 0 4616
63997753 -1633 -1633 -1633 1633 -1633 1633 -1633 1635 1633 1633 1633 -1635 -1633 -1633 1633 1633 -101 0 4616
63997753 1633 1633 -1633 1633 1633 -1633 1633 1635 1633 1633 1633 -1635 1633 -1633 1633 1633 -101 0 4616
63997753 1633 1633 -1633 -1633 -1633 1633 1633 -1635 -1633 1633 -1633 -1635 1633 -1633 1633 1633 -101 0 4616
63997753 -1633 -1633 -1633 -1633 1633 -1633 -1633 -1635 -1633 1633 -1633 -1635 -1633 -1633 1633 1633 -101 0 4616
63997753 1633 -1633 1633 1633 -1633 -1633 1633 1635 -1633 1633 -1633 -1635 -1633 -1633 1633 1633 -101 0 4616
63997753 -1633 1633 1633 1633 1633 1633 -1633 1635 -1633 1633 -1633 -1635 1633 -1633 1633 1633 -101 0 4616
63997753 1633 -1633 1633 -1633 -1633 1633 -1633 1635 1633 -1633 1633 1635 -1633 -1633 -1633 1633 -101 0 4616
63997753 -1633 1633 1633 -1633 1633 -1633 1633 1635 1633 -1633 1633 1635 1633 -1633 -1633 1633 -101 0 4616
63997753 1633 1633 -1633 1633 -1633 -1633 -1633 -1635 1633 -1633 1633 1635 1633 -1633 -1633 1633 -101 0 4616
63997753 -1633 -1633 -1633 1633 1633 1633 1633 -1635 1633 -1633 1633 1635 -1633 -1633 -1633 1633 -101 0 4616
63997753 -1633 -1633 -1633 -1633 -1633 -1633 1633 1635 -1633 -1633 -1633 1635 -1633 -1633 -1633 1633 -101 0 4616
63997753 1633 1633 -1633 -1633 1633 1633 -1633 1635 -1633 -1633 -1633 1635 1633 -1633 -1633 1633 -101 0 4616
63997753 -1633 1633 1633 1633 -1633 1633 1633 -1635 -1633 -1633 -1633 1635 1633 -1633 -1633 1633 -101 0 4616
63997753 1633 -1633 1633 1633 1633 -1633 -1633 -1635 -1633 -1633 -1633 1635 -1633 -1633 -1633 1633 -101 0 4616
63997753 1633 1633 -1633 -1633 -1633 -1633 -1633 1635 1633 -1633 -1633 -1635 -1633 -1633 1633 1633 -101 0 4616
63997753 -1633 -1633 -1633 -1633 1633 1633 1633 1635 1633 -1633 -1633 -1635 1633 -1633 1633 1633 -101 0 4616
63997753 1633 -1633 1633 1633 -1633 1633 -1633 -1635 1633 -1633 -1633 -1635 1633 -1633 1633 1633 -101 0 4616
63997753 -1633 1633 1633 1633 1633 -1633 1633 -1635 1633 -1633 -1633 -1635 -1633 -1633 1633 1633 -101 0 4616
63997753 -1633 1633 1633 -1633 -1633 1633 1633 1635 -1633 -1633 1633 -1635 -1633 -1633 1633 1633 -101 0 4616
63997753 1633 -1633 1633 -1633 1633 -1633 -1633 1635 -1633 -1633 1633 -1635 1633 -1633 1633 1633 -101 0 4616
63997753 -1633 -1633 -1633 1633 -1633 -1633 1633 -1635 -1633 -1633 1633 -1635 1633 -1633 1633 1633 -101 0 4616
63997753 1633 1633 -1633 1633 1633 1633 -1633 -1635 -1633 -1633 1633 -1635 -1633 -1633 1633 1633 -101 0 4616
63997753 -1633 -1633 1633 -1633 -1633 -1633 1633 1635 1633 1633 -1633 1635 1633 1633 -1633 -1633 -101 0 4616
63997753 1633 1633 1633 -1633 1633 1633 -1633 1635 1633 1633 -1633 1635 -1633 1633 -1633 -1633 -101 0 4616
63997753 -1633 1633 -1633 1633 -1633 1633 1633 -1635 1633 1633 -1633 1635 -1633 1633 -1633 -1633 -101 0 4616
63997753 1633 -1633 -1633 1633 1633 -1633 -1633 -1635 1633 1633 -1633 1635 1633 1633 -1633 -1633 -101 0 4616
63997753 1633 -1633 -1633 -1633 -1633 1633 -1633 1635 -1633 1633 1633 1635 1633 1633 -1633 -1633 -101 0 4616
63997753 -1633 1633 -1633 -1633 1633 -1633 1633 1635 -1633 1633 1633 1635 -1633 1633 -1633 -1633 -101 0 4616
63997753 1633 1633 1633 1633 -1633 -1633 -1633 -1635 -1633 1633 1633 1635 -1633 1633 -1633 -1633 -101 0 4616
63997753 -1633 -1633 1633 1633 1633 1633 1633 -1635 -1633 1633 1633 1635 1633 1633 -1633 -1633 -101 0 4616
63997753 -1633 1633 -1633 -1633 -1633 1633 1633 1635 1633 1633 1633 -1635 1633 1633 1633 -1633 -101 0 4616
63997753 1633 -1633 -1633 -1633 1633 -1633 -1633 1635 1633 1633 1633 -1635 -1633 1633 1633 -1633 -101 0 4616
63997753 -1633 -1633 1633 1633 -1633 -1633 1633 -1635 1633 1633 1633 -1635 -1633 1633 1633 -1633 -101 0 4616
63997753 1633 1633 1633 1633 1633 1633 -1633 -1635 1633 1633 1633 -1635 1633 1633 1633 -1633 -101 0 4616
63997753 1633 1633 1633 -1633 -1633 -1633 -1633 1635 -1633 1633 -1633 -1635 1633 1633 1633 -1633 -101 0 4616
63997753 -1633 -1633 1633 -1633 1633 1633 1633 1635 -1633 1633 -1633 -1635 -1633 1633 1633 -1633 -101 0 4616
63997753 1633 -1633 -1633 1633 -1633 1633 -1633 -1635 -1633 1633 -1633 -1635 -1633 1633 1633 -1633 -101 0 4616
63997753 -1633 1633 -1633 1633 1633 -1633 1633 -1635 -1633 1633 -1633 -1635 1633 1633 1633 -1633 -101 0 4616
63997753 1633 -1633 -1633 -1633 -1633 -1633 1633 -1635 1633 -1633 1633 1635 -1633 1633 -1633 -1633 -101 0 4616
63997753 -1633 1633 -1633 -1633 1633 1633 -1633 -1635 1633 -1633 1633 1635 1633 1633 -1633 -1633 -101 0 4616
63997753 1633 1633 1633 1633 -1633 1633 1633 1635 1633 -1633 1633 1635 1633 1633 -1633 -1633 -101 0 4616
63997753 -1633 -1633 1633 1633 1633 -1633 -1633 1635 1633 -1633 1633 1635 -1633 1633 -1633 -1633 -101 0 4616
63997753 -1633 -1633 1633 -1633 -1633 1633 -1633 -1635 -1633 -1633 -1633 1635 -1633 1633 -1633 -1633 -101 0 4616
63997753 1633 1633 1633 -1633 1633 -1633 1633 -1635 -1633 -1633 -1633 1635 1633 1633 -1633 -1633 -101 0 4616
63997753 -1633 1633 -1633 1633 -1633 -1633 -1633 1635 -1633 -1633 -1633 1635 1633 1633 -1633 -1633 -101 0 4616
63997753 1633 -1633 -1633 1633 1633 1633 1633 1635 -1633 -1633 -1633 1635 -1633 1633 -1633 -1633 -101 0 4616
63997753 1633 1633 1633 -1633 -1633 1633 1633 -1635 1633 -1633 -1633 -1635 -1633 1633 1633 -1633 -101 0 4616
63997753 -1633 -1633 1633 -1633 1633 -1633 -1633 -1635 1633 -1633 -1633 -1635 1633 1633 1633 -1633 -101 0 4616
63997753 1633 -1633 -1633 1633 -1633 -1633 1633 1635 1633 -1633 -1633 -1635 1633 1633 1633 -1633 -101 0 4616
63997753 -1633 1633 -1633 1633 1633 1633 -1633 1635 1633 -1633 -1633 -1635 -1633 1633 1633 -1633 -101 0 4616
63997753 -1633 1633 -1633 -1633 -1633 -1633 -1633 -1635 -1633 -1633 1633 -1635 -1633 1633 1633 -1633 -101 0 4616
63997753 1633 -1633 -1633 -1633 1633 1633 1633 -1635 -1633 -1633 1633 -1635 1633 1633 1633 -1633 -101 0 4616
63997753 -1633 -1633 1633 1633 -1633 1633 -1633 1635 -1633 -1633 1633 -1635 1633 1633 1633 -1633 -101 0 4616
63997753 1633 1633 1633 1633 1633 -1633 1633 1635 -1633 -1633 1633 -1635 -1633 1633 1633 -1633 -101 0 4616
63997753 1633 1633 -1633 -1633 -1633 1633 -1633 -1635 1633 1633 1633 1635 -1633 -1633 1633 -1633 -101 0 4616
63997753 -1633 -1633 -1633 -1633 1633 -1633 1633 -1635 1633 1633 1633 1635 1633 -1633 1633 -1633 -101 0 4616
63997753 1633 -1633 1633 1633 -1633 -1633 -1633 1635 1633 1633 1633 1635 1633 -1633 1633 -1633 -101 0 4616
63997753 -1633 1633 1633 1633 1633 1633 1633 1635 1633 1633 1633 1635 -1633 -1633 1633 -1633 -101 0 4616
63997753 -1633 1633 1633 -1633 -1633 -1633 1633 -1635 -1633 1633 -1633 1635 -1633 -1633 1633 -1633 -101 0 4616
63997753 1633 -1633 1633 -1633 1633 1633 -1633 -1635 -1633 1633 -1633 1635 1633 -1633 1633 -1633 -101 0 4616
63997753 -1633 -1633 -1633 1633 -1633 1633 1633 1635 -1633 1633 -1633 1635 1633 -1633 1633 -1633 -101 0 4616
63997753 1633 1633 -1633 1633 1633 -1633 -1633 1635 -1633 1633 -1633 1635 -1633 -1633 1633 -1633 -101 0 4616
63997753 1633 -1633 1633 -1633 -1633 -1633 -1633 -1635 1633 1633 -1633 -1635 -1633 -1633 -1633 -1633 -101 0 4616
63997753 -1633 1633 1633 -1633 1633 1633 1633 -1635 1633 1633 -1633 -1635 1633 -1633 -1633 -1633 -101 0 4616
63997753 1633 1633 -1633 1633 -1633 1633 -1633 1635 1633 1633 -1633 -1635 1633 -1633 -1633 -1633 -101 0 4616
63997753 -1633 -1633 -1633 1633 1633 -1633 1633 1635 1633 1633 -1633 -1635 -1633 -1633 -1633 -1633 -101 0 4616
63997753 -1633 -1633 -1633 -1633 -1633 1633 1633 -1635 -1633 1633 1633 -1635 -1633 -1633 -1633 -1633 -101 0 4616
63997753 1633 1633 -1633 -1633 1633 -1633 -1633 -1635 -1633 1633 1633 -1635 1633 -1633 -1633 -1633 -101 0 4616
63997753 -1633 1633 1633 1633 -1633 -1633 1633 1635 -1633 1633 1633 -1635 1633 -1633 -1633 -1633 -101 0 4616
63997753 1633 -1633 1633 1633 1633 1633 -1633 1635 -1633 1633 1633 -1635 -1633 -1633 -1633 -1633 -101 0 4616
63997753 -1633 1633 1633 -1633 -1633 1633 -1633 1635 1633 -1633 -1633 1635 1633 -1633 1633 -1633 -101 0 4616
63997753 1633 -1633 1633 -1633 1633 -1633 1633 1635 1633 -1633 -1633 1635 -1633 -1633 1633 -1633 -101 0 4616
63997753 -1633 -1633 -1633 1633 -1633 -1633 -1633 -1635 1633 -1633 -1633 1635 -1633 -1633 1633 -1633 -101 0 4616
63997753 1633 1633 -1633 1633 1633 1633 1633 -1635 1633 -1633 -1633 1635 1633 -1633 1633 -1633 -101 0 4616
63997753 1633 1633 -1633 -1633 -1633 -1633 1633 1635 -1633 -1633 1633 1635 1633 -1633 1633 -1633 -101 0 4616
63997753 -1633 -1633 -1633 -1633 1633 1633 -1633 1635 -1633 -1633 1633 1635 -1633 -1633 1633 -1633 -101 0 4616
63997753 1633 -1633 1633 1633 -1633 1633 1633 -1635 -1633 -1633 1633 1635 -1633 -1633 1633 -1633 -101 0 4616
63997753 -1633 1633 1633 1633 1633 -1633 -1633 -1635 -1633 -1633 1633 1635 1633 -1633 1633 -1633 -101 0 4616
63997753 -1633 -1633 -1633 -1633 -1633 -1633 -1633 1635 1633 -1633 1633 -1635 1633 -1633 -1633 -1633 -101 0 4616
63997753 1633 1633 -1633 -1633 1633 1633 1633 1635 1633 -1633 1633 -1635 -1633 -1633 -1633 -1633 -101 0 4616
63997753 -1633 1633 1633 1633 -1633 1633 -1633 -1635 1633 -1633 1633 -1635 -1633 -1633 -1633 -1633 -101 0 4616
63997753 1633 -1633 1633 1633 1633 -1633 1633 -1635 1633 -1633 1633 -1635 1633 -1633 -1633 -1633 -101 0 4616
63997753 1633 -1633 1633 -1633 -1633 1633 1633 1635 -1633 -1633 -1633 -1635 1633 -1633 -1633 -1633 -101 0 4616
63997753 -1633 1633 1633 -1633 1633 -1633 -1633 1635 -1633 -1633 -1633 -1635 -1633 -1633 -1633 -1633 -101 0 4616
63997753 1633 1633 -1633 1633 -1633 -1633 1633 -1635 -1633 -1633 -1633 -1635 -1633 -1633 -1633 -1633 -101 0 4616
63997753 -1633 -1633 -1633 1633 1633 1633 -1633 -1635 -1633 -1633 -1633 -1635 1633 -1633 -1633 -1633 -101 0 4616
63984480 -1633 -1633 -1633 -1633 -1633 -1633 -1633 -1633 1633 1633 1633 1633 -1633 1633 -1633 1633 -100 0 -4616
63984480 1633 1633 -1633 -1633 1633 1633 1633 -1633 1633 1633 1633 1633 1633 1633 -1633 1633 -100 0 -4616
63984480 -1633 1633 1633 1633 -1633 1633 -1633 1633 1633 1633 1633 1633 1633 1633 -1633 1633 -100 0 -4616
63984480 1633 -1633 1633 1633 1633 -1633 1633 1633 1633 1633 1633 1633 -1633 1633 -1633 1633 -100 0 -4616
63984480 1633 -1633 1633 -1633 -1633 1633 1633 -1633 -1633 1633 -1633 1633 -1633 1633 -1633 1633 -100 0 -4616
63984480 -1633 1633 1633 -1633 1633 -1633 -1633 -1633 -1633 1633 -1633 1633 1633 1633 -1633 1633 -100 0 -4616
63984480 1633 1633 -1633 1633 -1633 -1633 1633 1633 -1633 1633 -1633 1633 1633 1633 -1633 1633 -100 0 -4616
63984480 -1633 -1633 -1633 1633 1633 1633 -1633 1633 -1633 1633 -1633 1633 -1633 1633 -1633 1633 -100 0 -4616
63984480 -1633 1633 1633 -1633 -1633 1633 -1633 -1633 1633 1633 -1633 -1633 -1633 1633 1633 1633 -100 0 -4616
63984480 1633 -1633 1633 -1633 1633 -1633 1633 -1633 1633 1633 -1633 -1633 1633 1633 1633 1633 -100 0 -4616
63984480 -1633 -1633 -1633 1633 -1633 -1633 -1633 1633 1633 1633 -1633 -1633 1633 1633 1633 1633 -100 0 -4616
63984480 1633 1633 -1633 1633 1633 1633 1633 1633 1633 1633 -1633 -1633 -1633 1633 1633 1633 -100 0 -4616
63984480 1633 1633 -1633 -1633 -1633 -1633 1633 -1633 -1633 1633 1633 -1633 -1633 1633 1633 1633 -100 0 -4616
63984480 -1633 -1633 -1633 -1633 1633 1633 -1633 -1633 -1633 1633 1633 -1633 1633 1633 1633 1633 -100 0 -4616
63984480 1633 -1633 1633 1633 -1633 1633 1633 1633 -1633 1633 1633 -1633 1633 1633 1633 1633 -100 0 -4616
63984480 -1633 1633 1633 1633 1633 -1633 -1633 1633 -1633 1633 1633 -1633 -1633 1633 1633 1633 -100 0 -4616
63984480 1633 -1633 1633 -1633 -1633 -1633 -1633 1633 1633 -1633 -1633 1633 1633 1633 -1633 1633 -100 0 -4616
63984480 -1633 1633 1633 -1633 1633 1633 1633 1633 1633 -1633 -1633 1633 -1633 1633 -1633 1633 -100 0 -4616
63984480 1633 1633 -1633 1633 -1633 1633 -1633 -1633 1633 -1633 -1633 1633 -1633 1633 -1633 1633 -100 0 -4616
63984480 -1633 -1633 -1633 1633 1633 -1633 1633 -1633 1633 -1633 -1633 1633 1633 1633 -1633 1633 -100 0 -4616
63984480 -1633 -1633 -1633 -1633 -1633 1633 1633 1633 -1633 -1633 1633 1633 1633 1633 -1633 1633 -100 0 -4616
63984480 1633 1633 -1633 -1633 1633 -1633 -1633 1633 -1633 -1633 1633 1633 -1633 1633 -1633 1633 -100 0 -4616
63984480 -1633 1633 1633 1633 -1633 -1633 1633 -1633 -1633 -1633 1633 1633 -1633 1633 -1633 1633 -100 0 -4616
63984480 1633 -1633 1633 1633 1633 1633 -1633 -1633 -1633 -1633 1633 1633 1633 1633 -1633 1633 -100 0 -4616
63984480 1633 1633 -1633 -1633 -1633 1633 -1633 1633 1633 -1633 1633 -1633 1633 1633 1633 1633 -100 0 -4616
63984480 -1633 -1633 -1633 -1633 1633 -1633 1633 1633 1633 -1633 1633 -1633 -1633 1633 1633 1633 -100 0 -4616
63984480 1633 -1633 1633 1633 -1633 -1633 -1633 -1633 1633 -1633 1633 -1633 -1633 1633 1633 1633 -100 0 -4616
63984480 -1633 1633 1633 1633 1633 1633 1633 -1633 1633 -1633 1633 -1633 1633 1633 1633 1633 -100 0 -4616
63984480 -1633 1633 1633 -1633 -1633 -1633 1633 1633 -1633 -1633 -1633 -1633 1633 1633 1633 1633 -100 0 -4616
63984480 1633 -1633 1633 -1633 1633 1633 -1633 1633 -1633 -1633 -1633 -1633 -1633 1633 1633 1633 -100 0 -4616
63984480 -1633 -1633 -1633 1633 -1633 1633 1633 -1633 -1633 -1633 -1633 -1633 -1633 1633 1633 1633 -100 0 -4616
63984480 1633 1633 -1633 1633 1633 -1633 -1633 -1633 -1633 -1633 -1633 -1633 1633 1633 1633 1633 -100 0 -4616
63984480 1633 1633 1633 -1633 -1633 1633 1633 1633 1633 1633 -1633 1633 1633 -1633 1633 1633 -100 0 -4616
63984480 -1633 -1633 1633 -1633 1633 -1633 -1633 1633 1633 1633 -1633 1633 -1633 -1633 1633 1633 -100 0 -4616
63984480 1633 -1633 -1633 1633 -1633 -1633 1633 -1633 1633 1633 -1633 1633 -1633 -1633 1633 1633 -100 0 -4616
63984480 -1633 1633 -1633 1633 1633 1633 -1633 -1633 1633 1633 -1633 1633 1633 -1633 1633 1633 -100 0 -4616
63984480 -1633 1633 -1633 -1633 -1633 -1633 -1633 1633 -1633 1633 1633 1633 1633 -1633 1633 1633 -100 0 -4616
63984480 1633 -1633 -1633 -1633 1633 1633 1633 1633 -1633 1633 1633 1633 -1633 -1633 1633 1633 -100 0 -4616
63984480 -1633 -1633 1633 1633 -1633 1633 -1633 -1633 -1633 1633 1633 1633 -1633 -1633 1633 1633 -100 0 -4616
63984480 1633 1633 1633 1633 1633 -1633 1633 -1633 -1633 1633 1633 1633 1633 -1633 1633 1633 -100 0 -4616
63984480 1633 -1633 -1633 -1633 -1633 -1633 1633 1633 1633 1633 1633 -1633 1633 -1633 -1633 1633 -100 0 -4616
63984480 -1633 1633 -1633 -1633 1633 1633 -1633 1633 1633 1633 1633 -1633 -1633 -1633 -1633 1633 -100 0 -4616
63984480 1633 1633 1633 1633 -1633 1633 1633 -1633 1633 1633 1633 -1633 -1633 -1633 -1633 1633 -100 0 -4616
63984480 -1633 -1633 1633 1633 1633 -1633 -1633 -1633 1633 1633 1633 -1633 1633 -1633 -1633 1633 -100 0 -4616
63984480 -1633 -1633 1633 -1633 -1633 1633 -1633 1633 -1633 1633 -1633 -1633 1633 -1633 -1633 1633 -100 0 -4616
63984480 1633 1633 1633 -1633 1633 -1633 1633 1633 -1633 1633 -1633 -1633 -1633 -1633 -1633 1633 -100 0 -4616
63984480 -1633 1633 -1633 1633 -1633 -1633 -1633 -1633 -1633 1633 -1633 -1633 -1633 -1633 -1633 1633 -100 0 -4616
63984480 1633 -1633 -1633 1633 1633 1633 1633 -1633 -1633 1633 -1633 -1633 1633 -1633 -1633 1633 -100 0 -4616
63984480 -1633 1633 -1633 -1633 -1633 1633 1633 -1633 1633 -1633 1633 1633 -1633 -1633 1633 1633 -100 0 -4616
63984480 1633 -1633 -1633 -1633 1633 -1633 -1633 -1633 1633 -1633 1633 1633 1633 -1633 1633 1633 -100 0 -4616
63984480 -1633 -1633 1633 1633 -1633 -1633 1633 1633 1633 -1633 1633 1633 1633 -1633 1633 1633 -100 0 -4616
63984480 1633 1633 1633 1633 1633 1633 -1633 1633 1633 -1633 1633 1633 -1633 -1633 1633 1633 -100 0 -4616
63984480 1633 1633 1633 -1633 -1633 -1633 -1633 -1633 -1633 -1633 -1633 1633 -1633 -1633 1633 1633 -100 0 -4616
63984480 -1633 -1633 1633 -1633 1633 1633 1633 -1633 -1633 -1633 -1633 1633 1633 -1633 1633 1633 -100 0 -4616
63984480 1633 -1633 -1633 1633 -1633 1633 -1633 1633 -1633 -1633 -1633 1633 1633 -1633 1633 1633 -100 0 -4616
63984480 -1633 1633 -1633 1633 1633 -1633 1633 1633 -1633 -1633 -1633 1633 -1633 -1633 1633 1633 -100 0 -4616
63984480 -1633 -1633 1633 -1633 -1633 -1633 1633 -1633 1633 -1633 -1633 -1633 -1633 -1633 -1633 1633 -100 0 -4616
63984480 1633 1633 1633 -1633 1633 1633 -1633 -1633 1633 -1633 -1633 -1633 1633 -1633 -1633 1633 -100 0 -4616
63984480 -1633 1633 -1633 1633 -1633 1633 1633 1633 1633 -1633 -1633 -1633 1633 -1633 -1633 1633 -100 0 -4616
63984480 1633 -1633 -1633 1633 1633 -1633 -1633 1633 1633 -1633 -1633 -1633 -1633 -1633 -1633 1633 -100 0 -4616
63984480 1633 -1633 -1633 -1633 -1633 1633 -1633 -1633 -1633 -1633 1633 -1633 -1633 -1633 -1633 1633 -100 0 -4616
63984480 -1633 1633 -1633 -1633 1633 -1633 1633 -1633 -1633 -1633 1633 -1633 1633 -1633 -1633 1633 -100 0 -4616
63984480 1633 1633 1633 1633 -1633 -1633 -1633 1633 -1633 -1633 1633 -1633 1633 -1633 -1633 1633 -100 0 -4616
63984480 -1633 -1633 1633 1633 1633 1633 1633 1633 -1633 -1633 1633 -1633 -1633 -1633 -1633 1633 -100 0 -4616
63984480 1633 1633 -1633 -1633 -1633 -1633 -1633 -1633 1633 1633 -1633 1633 1633 1633 1633 -1633 -100 0 -4616
63984480 -1633 -1633 -1633 -1633 1633 1633 1633 -1633 1633 1633 -1633 1633 -1633 1633 1633 -1633 -100 0 -4616
63984480 1633 -1633 1633 1633 -1633 1633 -1633 1633 1633 1633 -1633 1633 -1633 1633 1633 -1633 -100 0 -4616
63984480 -1633 1633 1633 1633 1633 -1633 1633 1633 1633 1633 -1633 1633 1633 1633 1633 -1633 -100 0 -4616
63984480 -1633 1633 1633 -1633 -1633 1633 1633 -1633 -1633 1633 1633 1633 1633 1633 1633 -1633 -100 0 -4616
63984480 1633 -1633 1633 -1633 1633 -1633 -1633 -1633 -1633 1633 1633 1633 -1633 1633 1633 -1633 -100 0 -4616
63984480 -1633 -1633 -1633 1633 -1633 -1633 1633 1633 -1633 1633 1633 1633 -1633 1633 1633 -1633 -100 0 -4616
63984480 1633 1633 -1633 1633 1633 1633 -1633 1633 -1633 1633 1633 1633 1633 1633 1633 -1633 -100 0 -4616
63984480 1633 -1633 1633 -1633 -1633 1633 -1633 -1633 1633 1633 1633 -1633 1633 1633 -1633 -1633 -100 0 -4616
63984480 -1633 1633 1633 -1633 1633 -1633 1633 -1633 1633 1633 1633 -1633 -1633 1633 -1633 -1633 -100 0 -4616
63984480 1633 1633 -1633 1633 -1633 -1633 -1633 1633 1633 1633 1633 -1633 -1633 1633 -1633 -1633 -100 0 -4616
63984480 -1633 -1633 -1633 1633 1633 1633 1633 1633 1633 1633 1633 -1633 1633 1633 -1633 -1633 -100 0 -4616
63984480 -1633 -1633 -1633 -1633 -1633 -1633 1633 -1633 -1633 1633 -1633 -1633 1633 1633 -1633 -1633 -100 0 -4616
63984480 1633 1633 -1633 -1633 1633 1633 -1633 -1633 -1633 1633 -1633 -1633 -1633 1633 -1633 -1633 -100 0 -4616
63984480 -1633 1633 1633 1633 -1633 1633 1633 1633 -1633 1633 -1633 -1633 -1633 1633 -1633 -1633 -100 0 -4616
63984480 1633 -1633 1633 1633 1633 -1633 -1633 1633 -1633 1633 -1633 -1633 1633 1633 -1633 -1633 -100 0 -4616
63984480 -1633 1633 1633 -1633 -1633 -1633 -1633 1633 1633 -1633 1633 1633 -1633 1633 1633 -1633 -100 0 -4616
63984480 1633 -1633 1633 -1633 1633 1633 1633 1633 1633 -1633 1633 1633 1633 1633 1633 -1633 -100 0 -4616
63984480 -1633 -1633 -1633 1633 -1633 1633 -1633 -1633 1633 -1633 1633 1633 1633 1633 1633 -1633 -100 0 -4616
63984480 1633 1633 -1633 1633 1633 -1633 1633 -1633 1633 -1633 1633 1633 -1633 1633 1633 -1633 -100 0 -4616
63984480 1633 1633 -1633 -1633 -1633 1633 1633 1633 -1633 -1633 -1633 1633 -1633 1633 1633 -1633 -100 0 -4616
63984480 -1633 -1633 -1633 -1633 1633 -1633 -1633 1633 -1633 -1633 -1633 1633 1633 1633 1633 -1633 -100 0 -4616
63984480 1633 -1633 1633 1633 -1633 -1633 1633 -1633 -1633 -1633 -1633 1633 1633 1633 1633 -1633 -100 0 -4616
63984480 -1633 1633 1633 1633 1633 1633 -1633 -1633 -1633 -1633 -1633 1633 -1633 1633 1633 -1633 -100 0 -4616
63984480 -1633 -1633 -1633 -1633 -1633 1633 -1633 1633 1633 -1633 -1633 -1633 -1633 1633 -1633 -1633 -100 0 -4616
63984480 1633 1633 -1633 -1633 1633 -1633 1633 1633 1633 -1633 -1633 -1633 1633 1633 -1633 -1633 -100 0 -4616
63984480 -1633 1633 1633 1633 -1633 -1633 -1633 -1633 1633 -1633 -1633 -1633 1633 1633 -1633 -1633 -100 0 -4616
63984480 1633 -1633 1633 1633 1633 1633 1633 -1633 1633 -1633 -1633 -1633 -1633 1633 -1633 -1633 -100 0 -4616
63984480 1633 -1633 1633 -1633 -1633 -1633 1633 1633 -1633 -1633 1633 -1633 -1633 1633 -1633 -1633 -100 0 -4616
63984480 -1633 1633 1633 -1633 1633 1633 -1633 1633 -1633 -1633 1633 -1633 1633 1633 -1633 -1633 -100 0 -4616
63984480 1633 1633 -1633 1633 -1633 1633 1633 -1633 -1633 -1633 1633 -1633 1633 1633 -1633 -1633 -100 0 -4616
63984480 -1633 -1633 -1633 1633 1633 -1633 -1633 -1633 -1633 -1633 1633 -1633 -1633 1633 -1633 -1633 -100 0 -4616
63984480 -1633 -1633 1633 -1633 -1633 1633 1633 1633 1633 1633 1633 1633 -1633 -1633 -1633 -1633 -100 0 -4616
63984480 1633 1633 1633 -1633 1633 -1633 -1633 1633 1633 1633 1633 1633 1633 -1633 -1633 -1633 -100 0 -4616
63984480 -1633 1633 -1633 1633 -1633 -1633 1633 -1633 1633 1633 1633 1633 1633 -1633 -1633 -1633 -100 0 -4616
63984480 1633 -1633 -1633 1633 1633 1633 -1633 -1633 1633 1633 1633 1633 -1633 -1633 -1633 -1633 -100 0 -4616
63984480 1633 -1633 -1633 -1633 -1633 -1633 -1633 1633 -1633 1633 -1633 1633 -1633 -1633 -1633 -1633 -100 0 -4616
63984480 -1633 1633 -1633 -1633 1633 1633 1633 1633 -1633 1633 -1633 1633 1633 -1633 -1633 -1633 -100 0 -4616
63984480 1633 1633 1633 1633 -1633 1633 -1633 -1633 -1633 1633 -1633 1633 1633 -1633 -1633 -1633 -100 0 -4616
63984480 -1633 -1633 1633 1633 1633 -1633 1633 -1633 -1633 1633 -1633 1633 -1633 -1633 -1633 -1633 -100 0 -4616
63984480 -1633 1633 -1633 -1633 -1633 -1633 1633 1633 1633 1633 -1633 -1633 -1633 -1633 1633 -1633 -100 0 -4616
63984480 1633 -1633 -1633 -1633 1633 1633 -1633 1633 1633 1633 -1633 -1633 1633 -1633 1633 -1633 -100 0 -4616
63984480 -1633 -1633 1633 1633 -1633 1633 1633 -1633 1633 1633 -1633 -1633 1633 -1633 1633 -1633 -100 0 -4616
63984480 1633 1633 1633 1633 1633 -1633 -1633 -1633 1633 1633 -1633 -1633 -1633 -1633 1633 -1633 -100 0 -4616
63984480 1633 1633 1633 -1633 -1633 1633 -1633 1633 -1633 1633 1633 -1633 -1633 -1633 1633 -1633 -100 0 -4616
63984480 -1633 -1633 1633 -1633 1633 -1633 1633 1633 -1633 1633 1633 -1633 1633 -1633 1633 -1633 -100 0 -4616
63984480 1633 -1633 -1633 1633 -1633 -1633 -1633 -1633 -1633 1633 1633 -1633 1633 -1633 1633 -1633 -100 0 -4616
63984480 -1633 1633 -1633 1633 1633 1633 1633 -1633 -1633 1633 1633 -1633 -1633 -1633 1633 -1633 -100 0 -4616
63984480 1633 -1633 -1633 -1633 -1633 1633 1633 -1633 1633 -1633 -1633 1633 1633 -1633 -1633 -1633 -100 0 -4616
63984480 -1633 1633 -1633 -1633 1633 -1633 -1633 -1633 1633 -1633 -1633 1633 -1633 -1633 -1633 -1633 -100 0 -4616
63984480 1633 1633 1633 1633 -1633 -1633 1633 1633 1633 -1633 -1633 1633 -1633 -1633 -1633 -1633 -100 0 -4616
63984480 -1633 -1633 1633 1633 1633 1633 -1633 1633 1633 -1633 -1633 1633 1633 -1633 -1633 -1633 -100 0 -4616
63984480 -1633 -1633 1633 -1633 -1633 -1633 -1633 -1633 -1633 -1633 1633 1633 1633 -1633 -1633 -1633 -100 0 -4616
63984480 1633 1633 1633 -1633 1633 1633 1633 -1633 -1633 -1633 1633 1633 -1633 -1633 -1633 -1633 -100 0 -4616
63984480 -1633 1633 -1633 1633 -1633 1633 -1633 1633 -1633 -1633 1633 1633 -1633 -1633 -1633 -1633 -100 0 -4616
63984480 1633 -1633 -1633 1633 1633 -1633 1633 1633 -1633 -1633 1633 1633 1633 -1633 -1633 -1633 -100 0 -4616
63984480 1633 1633 1633 -1633 -1633 -1633 1633 -1633 1633 -1633 1633 -1633 1633 -1633 1633 -1633 -100 0 -4616
63984480 -1633 -1633 1633 -1633 1633 1633 -1633 -1633 1633 -1633 1633 -1633 -1633 -1633 1633 -1633 -100 0 -4616
63984480 1633 -1633 -1633 1633 -1633 1633 1633 1633 1633 -1633 1633 -1633 -1633 -1633 1633 -1633 -100 0 -4616
63984480 -1633 1633 -1633 1633 1633 -1633 -1633 1633 1633 -1633 1633 -1633 1633 -1633 1633 -1633 -100 0 -4616
63984480 -1633 1633 -1633 -1633 -1633 1633 -1633 -1633 -1633 -1633 -1633 -1633 1633 -1633 1633 -1633 -100 0 -4616
63984480 1633 -1633 -1633 -1633 1633 -1633 1633 -1633 -1633 -1633 -1633 -1633 -1633 -1633 1633 -1633 -100 0 -4616
63984480 -1633 -1633 1633 1633 -1633 -1633 -1633 1633 -1633 -1633 -1633 -1633 -1633 -1633 1633 -1633 -100 0 -4616
63984480 1633 1633 1633 1633 1633 1633 1633 1633 -1633 -1633 -1633 -1633 1633 -1633 1633 -1633 -100 0 -4616
63984885 1633 -1633 -1633 -1633 -1633 -1633 1633 -1633 1633 1633 -1633 1633 1633 1633 -1633 1633 -102 4616 1
63984885 -1633 1633 -1633 -1633 1633 1633 -1633 -1633 1633 1633 -1633 1633 -1633 1633 -1633 1633 -102 4616 1
63984885 1633 1633 1633 1633 -1633 1633 1633 1633 1633 1633 -1633 1633 -1633 1633 -1633 1633 -102 4616 1
63984885 -1633 -1633 1633 1633 1633 -1633 -1633 1633 1633 1633 -1633 1633 1633 1633 -1633 1633 -102 4616 1
63984885 -1633 -1633 1633 -1633 -1633 1633 -1633 -1633 -1633 1633 1633 1633 1633 1633 -1633 1633 -102 4616 1
63984885 1633 1633 1633 -1633 1633 -1633 1633 -1633 -1633 1633 1633 1633 -1633 1633 -1633 1633 -102 4616 1
63984885 -1633 1633 -1633 1633 -1633 -1633 -1633 1633 -1633 1633 1633 1633 -1633 1633 -1633 1633 -102 4616 1
63984885 1633 -1633 -1633 1633 1633 1633 1633 1633 -1633 1633 1633 1633 1633 1633 -1633 1633 -102 4616 1
63984885 1633 1633 1633 -1633 -1633 1633 1633 -1633 1633 1633 1633 -1633 1633 1633 1633 1633 -102 4616 1
63984885 -1633 -1633 1633 -1633 1633 -1633 -1633 -1633 1633 1633 1633 -1633 -1633 1633 1633 1633 -102 4616 1
63984885 1633 -1633 -1633 1633 -1633 -1633 1633 1633 1633 1633 1633 -1633 -1633 1633 1633 1633 -102 4616 1
63984885 -1633 1633 -1633 1633 1633 1633 -1633 1633 1633 1633 1633 -1633 1633 1633 1633 1633 -102 4616 1
63984885 -1633 1633 -1633 -1633 -1633 -1633 -1633 -1633 -1633 1633 -1633 -1633 1633 1633 1633 1633 -102 4616 1
63984885 1633 -1633 -1633 -1633 1633 1633 1633 -1633 -1633 1633 -1633 -1633 -1633 1633 1633 1633 -102 4616 1
63984885 -1633 -1633 1633 1633 -1633 1633 -1633 1633 -1633 1633 -1633 -1633 -1633 1633 1633 1633 -102 4616 1
63984885 1633 1633 1633 1633 1633 -1633 1633 1633 -1633 1633 -1633 -1633 1633 1633 1633 1633 -102 4616 1
63984885 -1633 -1633 1633 -1633 -1633 -1633 1633 1633 1633 -1633 1633 1633 -1633 1633 -1633 1633 -102 4616 1
63984885 1633 1633 1633 -1633 1633 1633 -1633 1633 1633 -1633 1633 1633 1633 1633 -1633 1633 -102 4616 1
63984885 -1633 1633 -1633 1633 -1633 1633 1633 -1633 1633 -1633 1633 1633 1633 1633 -1633 1633 -102 4616 1
63984885 1633 -1633 -1633 1633 1633 -1633 -1633 -1633 1633 -1633 1633 1633 -1633 1633 -1633 1633 -102 4616 1
63984885 1633 -1633 -1633 -1633 -1633 1633 -1633 1633 -1633 -1633 -1633 1633 -1633 1633 -1633 1633 -102 4616 1
63984885 -1633 1633 -1633 -1633 1633 -1633 1633 1633 -1633 -1633 -1633 1633 1633 1633 -1633 1633 -102 4616 1
63984885 1633 1633 1633 1633 -1633 -1633 -1633 -1633 -1633 -1633 -1633 1633 1633 1633 -1633 1633 -102 4616 1
63984885 -1633 -1633 1633 1633 1633 1633 1633 -1633 -1633 -1633 -1633 1633 -1633 1633 -1633 1633 -102 4616 1
63984885 -1633 1633 -1633 -1633 -1633 1633 1633 1633 1633 -1633 -1633 -1633 -1633 1633 1633 1633 -102 4616 1
63984885 1633 -1633 -1633 -1633 1633 -1633 -1633 1633 1633 -1633 -1633 -1633 1633 1633 1633 1633 -102 4616 1
63984885 -1633 -1633 1633 1633 -1633 -1633 1633 -1633 1633 -1633 -1633 -1633 1633 1633 1633 1633 -102 4616 1
63984885 1633 1633 1633 1633 1633 1633 -1633 -1633 1633 -1633 -1633 -1633 -1633 1633 1633 1633 -102 4616 1
63984885 1633 1633 1633 -1633 -1633 -1633 -1633 1633 -1633 -1633 1633 -1633 -1633 1633 1633 1633 -102 4616 1
63984885 -1633 -1633 1633 -1633 1633 1633 1633 1633 -1633 -1633 1633 -1633 1633 1633 1633 1633 -102 4616 1
63984885 1633 -1633 -1633 1633 -1633 1633 -1633 -1633 -1633 -1633 1633 -1633 1633 1633 1633 1633 -102 4616 1
63984885 -1633 1633 -1633 1633 1633 -1633 1633 -1633 -1633 -1633 1633 -1633 -1633 1633 1633 1633 -102 4616 1
63984885 -1633 1633 1633 -1633 -1633 1633 -1633 1633 1633 1633 1633 1633 -1633 -1633 1633 1633 -102 4616 1
63984885 1633 -1633 1633 -1633 1633 -1633 1633 1633 1633 1633 1633 1633 1633 -1633 1633 1633 -102 4616 1
63984885 -1633 -1633 -1633 1633 -1633 -1633 -1633 -1633 1633 1633 1633 1633 1633 -1633 1633 1633 -102 4616 1
63984885 1633 1633 -1633 1633 1633 1633 1633 -1633 1633 1633 1633 1633 -1633 -1633 1633 1633 -102 4616 1
63984885 1633 1633 -1633 -1633 -1633 -1633 1633 1633 -1633 1633 -1633 1633 -1633 -1633 1633 1633 -102 4616 1
63984885 -1633 -1633 -1633 -1633 1633 1633 -1633 1633 -1633 1633 -1633 1633 1633 -1633 1633 1633 -102 4616 1
63984885 1633 -1633 1633 1633 -1633 1633 1633 -1633 -1633 1633 -1633 1633 1633 -1633 1633 1633 -102 4616 1
63984885 -1633 1633 1633 1633 1633 -1633 -1633 -1633 -1633 1633 -1633 1633 -1633 -1633 1633 1633 -102 4616 1
63984885 -1633 -1633 -1633 -1633 -1633 -1633 -1633 1633 1633 1633 -1633 -1633 -1633 -1633 -1633 1633 -102 4616 1
63984885 1633 1633 -1633 -1633 1633 1633 1633 1633 1633 1633 -1633 -1633 1633 -1633 -1633 1633 -102 4616 1
63984885 -1633 1633 1633 1633 -1633 1633 -1633 -1633 1633 1633 -1633 -1633 1633 -1633 -1633 1633 -102 4616 1
63984885 1633 -1633 1633 1633 1633 -1633 1633 -1633 1633 1633 -1633 -1633 -1633 -1633 -1633 1633 -102 4616 1
63984885 1633 -1633 1633 -1633 -1633 1633 1633 1633 -1633 1633 1633 -1633 -1633 -1633 -1633 1633 -102 4616 1
63984885 -1633 1633 1633 -1633 1633 -1633 -1633 1633 -1633 1633 1633 -1633 1633 -1633 -1633 1633 -102 4616 1
63984885 1633 1633 -1633 1633 -1633 -1633 1633 -1633 -1633 1633 1633 -1633 1633 -1633 -1633 1633 -102 4616 1
63984885 -1633 -1633 -1633 1633 1633 1633 -1633 -1633 -1633 1633 1633 -1633 -1633 -1633 -1633 1633 -102 4616 1
63984885 1633 1633 -1633 -1633 -1633 1633 -1633 -1633 1633 -1633 -1633 1633 1633 -1633 1633 1633 -102 4616 1
63984885 -1633 -1633 -1633 -1633 1633 -1633 1633 -1633 1633 -1633 -1633 1633 -1633 -1633 1633 1633 -102 4616 1
63984885 1633 -1633 1633 1633 -1633 -1633 -1633 1633 1633 -1633 -1633 1633 -1633 -1633 1633 1633 -102 4616 1
63984885 -1633 1633 1633 1633 1633 1633 1633 1633 1633 -1633 -1633 1633 1633 -1633 1633 1633 -102 4616 1
63984885 -1633 1633 1633 -1633 -1633 -1633 1633 -1633 -1633 -1633 1633 1633 1633 -1633 1633 1633 -102 4616 1
63984885 1633 -1633 1633 -1633 1633 1633 -1633 -1633 -1633 -1633 1633 1633 -1633 -1633 1633 1633 -102 4616 1
63984885 -1633 -1633 -1633 1633 -1633 1633 1633 1633 -1633 -1633 1633 1633 -1633 -1633 1633 1633 -102 4616 1
63984885 1633 1633 -1633 1633 1633 -1633 -1633 1633 -1633 -1633 1633 1633 1633 -1633 1633 1633 -102 4616 1
63984885 1633 -1633 1633 -1633 -1633 -1633 -1633 -1633 1633 -1633 1633 -1633 1633 -1633 -1633 1633 -102 4616 1
63984885 -1633 1633 1633 -1633 1633 1633 1633 -1633 1633 -1633 1633 -1633 -1633 -1633 -1633 1633 -102 4616 1
63984885 1633 1633 -1633 1633 -1633 1633 -1633 1633 1633 -1633 1633 -1633 -1633 -1633 -1633 1633 -102 4616 1
63984885 -1633 -1633 -1633 1633 1633 -1633 1633 1633 1633 -1633 1633 -1633 1633 -1633 -1633 1633 -102 4616 1
63984885 -1633 -1633 -1633 -1633 -1633 1633 1633 -1633 -1633 -1633 -1633 -1633 1633 -1633 -1633 1633 -102 4616 1
63984885 1633 1633 -1633 -1633 1633 -1633 -1633 -1633 -1633 -1633 -1633 -1633 -1633 -1633 -1633 1633 -102 4616 1
63984885 -1633 1633 1633 1633 -1633 -1633 1633 1633 -1633 -1633 -1633 -1633 -1633 -1633 -1633 1633 -102 4616 1
63984885 1633 -1633 1633 1633 1633 1633 -1633 1633 -1633 -1633 -1633 -1633 1633 -1633 -1633 1633 -102 4616 1
63984885 -1633 1633 -1633 -1633 -1633 -1633 1633 -1633 1633 1633 1633 1633 -1633 1633 1633 -1633 -102 4616 1
63984885 1633 -1633 -1633 -1633 1633 1633 -1633 -1633 1633 1633 1633 1633 1633 1633 1633 -1633 -102 4616 1
63984885 -1633 -1633 1633 1633 -1633 1633 1633 1633 1633 1633 1633 1633 1633 1633 1633 -1633 -102 4616 1
63984885 1633 1633 1633 1633 1633 -1633 -1633 1633 1633 1633 1633 1633 -1633 1633 1633 -1633 -102 4616 1
63984885 1633 1633 1633 -1633 -1633 1633 -1633 -1633 -1633 1633 -1633 1633 -1633 1633 1633 -1633 -102 4616 1
63984885 -1633 -1633 1633 -1633 1633 -1633 1633 -1633 -1633 1633 -1633 1633 1633 1633 1633 -1633 -102 4616 1
63984885 1633 -1633 -1633 1633 -1633 -1633 -1633 1633 -1633 1633 -1633 1633 1633 1633 1633 -1633 -102 4616 1
63984885 -1633 1633 -1633 1633 1633 1633 1633 1633 -1633 1633 -1633 1633 -1633 1633 1633 -1633 -102 4616 1
63984885 -1633 -1633 1633 -1633 -1633 1633 1633 -1633 1633 1633 -1633 -1633 -1633 1633 -1633 -1633 -102 4616 1
63984885 1633 1633 1633 -1633 1633 -1633 -1633 -1633 1633 1633 -1633 -1633 1633 1633 -1633 -1633 -102 4616 1
63984885 -1633 1633 -1633 1633 -1633 -1633 1633 1633 1633 1633 -1633 -1633 1633 1633 -1633 -1633 -102 4616 1
63984885 1633 -1633 -1633 1633 1633 1633 -1633 1633 1633 1633 -1633 -1633 -1633 1633 -1633 -1633 -102 4616 1
63984885 1633 -1633 -1633 -1633 -1633 -1633 -1633 -1633 -1633 1633 1633 -1633 -1633 1633 -1633 -1633 -102 4616 1
63984885 -1633 1633 -1633 -1633 1633 1633 1633 -1633 -1633 1633 1633 -1633 1633 1633 -1633 -1633 -102 4616 1
63984885 1633 1633 1633 1633 -1633 1633 -1633 1633 -1633 1633 1633 -1633 1633 1633 -1633 -1633 -102 4616 1
63984885 -1633 -1633 1633 1633 1633 -1633 1633 1633 -1633 1633 1633 -1633 -1633 1633 -1633 -1633 -102 4616 1
63984885 1633 1633 1633 -1633 -1633 -1633 1633 1633 1633 -1633 -1633 1633 1633 1633 1633 -1633 -102 4616 1
63984885 -1633 -1633 1633 -1633 1633 1633 -1633 1633 1633 -1633 -1633 1633 -1633 1633 1633 -1633 -102 4616 1
63984885 1633 -1633 -1633 1633 -1633 1633 1633 -1633 1633 -1633 -1633 1633 -1633 1633 1633 -1633 -102 4616 1
63984885 -1633 1633 -1633 1633 1633 -1633 -1633 -1633 1633 -1633 -1633 1633 1633 1633 1633 -1633 -102 4616 1
63984885 -1633 1633 -1633 -1633 -1633 1633 -1633 1633 -1633 -1633 1633 1633 1633 1633 1633 -1633 -102 4616 1
63984885 1633 -1633 -1633 -1633 1633 -1633 1633 1633 -1633 -1633 1633 1633 -1633 1633 1633 -1633 -102 4616 1
63984885 -1633 -1633 1633 1633 -1633 -1633 -1633 -1633 -1633 -1633 1633 1633 -1633 1633 1633 -1633 -102 4616 1
63984885 1633 1633 1633 1633 1633 1633 1633 -1633 -1633 -1633 1633 1633 1633 1633 1633 -1633 -102 4616 1
63984885 1633 -1633 -1633 -1633 -1633 1633 1633 1633 1633 -1633 1633 -1633 1633 1633 -1633 -1633 -102 4616 1
63984885 -1633 1633 -1633 -1633 1633 -1633 -1633 1633 1633 -1633 1633 -1633 -1633 1633 -1633 -1633 -102 4616 1
63984885 1633 1633 1633 1633 -1633 -1633 1633 -1633 1633 -1633 1633 -1633 -1633 1633 -1633 -1633 -102 4616 1
63984885 -1633 -1633 1633 1633 1633 1633 -1633 -1633 1633 -1633 1633 -1633 1633 1633 -1633 -1633 -102 4616 1
63984885 -1633 -1633 1633 -1633 -1633 -1633 -1633 1633 -1633 -1633 -1633 -1633 1633 1633 -1633 -1633 -102 4616 1
63984885 1633 1633 1633 -1633 1633 1633 1633 1633 -1633 -1633 -1633 -1633 -1633 1633 -1633 -1633 -102 4616 1
63984885 -1633 1633 -1633 1633 -1633 1633 -1633 -1633 -1633 -1633 -1633 -1633 -1633 1633 -1633 -1633 -102 4616 1
63984885 1633 -1633 -1633 1633 1633 -1633 1633 -1633 -1633 -1633 -1633 -1633 1633 1633 -1633 -1633 -102 4616 1
63984885 1633 -1633 1633 -1633 -1633 1633 -1633 1633 1633 1633 -1633 1633 1633 -1633 -1633 -1633 -102 4616 1
63984885 -1633 1633 1633 -1633 1633 -1633 1633 1633 1633 1633 -1633 1633 -1633 -1633 -1633 -1633 -102 4616 1
63984885 1633 1633 -1633 1633 -1633 -1633 -1633 -1633 1633 1633 -1633 1633 -1633 -1633 -1633 -1633 -102 4616 1
63984885 -1633 -1633 -1633 1633 1633 1633 1633 -1633 1633 1633 -1633 1633 1633 -1633 -1633 -1633 -102 4616 1
63984885 -1633 -1633 -1633 -1633 -1633 -1633 1633 1633 -1633 1633 1633 1633 1633 -1633 -1633 -1633 -102 4616 1
63984885 1633 1633 -1633 -1633 1633 1633 -1633 1633 -1633 1633 1633 1633 -1633 -1633 -1633 -1633 -102 4616 1
63984885 -1633 1633 1633 1633 -1633 1633 1633 -1633 -1633 1633 1633 1633 -1633 -1633 -1633 -1633 -102 4616 1
63984885 1633 -1633 1633 1633 1633 -1633 -1633 -1633 -1633 1633 1633 1633 1633 -1633 -1633 -1633 -102 4616 1
63984885 1633 1633 -1633 -1633 -1633 -1633 -1633 1633 1633 1633 1633 -1633 1633 -1633 1633 -1633 -102 4616 1
63984885 -1633 -1633 -1633 -1633 1633 1633 1633 1633 1633 1633 1633 -1633 -1633 -1633 1633 -1633 -102 4616 1
63984885 1633 -1633 1633 1633 -1633 1633 -1633 -1633 1633 1633 1633 -1633 -1633 -1633 1633 -1633 -102 4616 1
63984885 -1633 1633 1633 1633 1633 -1633 1633 -1633 1633 1633 1633 -1633 1633 -1633 1633 -1633 -102 4616 1
63984885 -1633 1633 1633 -1633 -1633 1633 1633 1633 -1633 1633 -1633 -1633 1633 -1633 1633 -1633 -102 4616 1
63984885 1633 -1633 1633 -1633 1633 -1633 -1633 1633 -1633 1633 -1633 -1633 -1633 -1633 1633 -1633 -102 4616 1
63984885 -1633 -1633 -1633 1633 -1633 -1633 1633 -1633 -1633 1633 -1633 -1633 -1633 -1633 1633 -1633 -102 4616 1
63984885 1633 1633 -1633 1633 1633 1633 -1633 -1633 -1633 1633 -1633 -1633 1633 -1633 1633 -1633 -102 4616 1
63984885 -1633 -1633 -1633 -1633 -1633 1633 -1633 -1633 1633 -1633 1633 1633 -1633 -1633 -1633 -1633 -102 4616 1
63984885 1633 1633 -1633 -1633 1633 -1633 1633 -1633 1633 -1633 1633 1633 1633 -1633 -1633 -1633 -102 4616 1
63984885 -1633 1633 1633 1633 -1633 -1633 -1633 1633 1633 -1633 1633 1633 1633 -1633 -1633 -1633 -102 4616 1
63984885 1633 -1633 1633 1633 1633 1633 1633 1633 1633 -1633 1633 1633 -1633 -1633 -1633 -1633 -102 4616 1
63984885 1633 -1633 1633 -1633 -1633 -1633 1633 -1633 -1633 -1633 -1633 1633 -1633 -1633 -1633 -1633 -102 4616 1
63984885 -1633 1633 1633 -1633 1633 1633 -1633 -1633 -1633 -1633 -1633 1633 1633 -1633 -1633 -1633 -102 4616 1
63984885 1633 1633 -1633 1633 -1633 1633 1633 1633 -1633 -1633 -1633 1633 1633 -1633 -1633 -1633 -102 4616 1
63984885 -1633 -1633 -1633 1633 1633 -1633 -1633 1633 -1633 -1633 -1633 1633 -1633 -1633 -1633 -1633 -102 4616 1
63984885 -1633 1633 1633 -1633 -1633 -1633 -1633 -1633 1633 -1633 -1633 -1633 -1633 -1633 1633 -1633 -102 4616 1
63984885 1633 -1633 1633 -1633 1633 1633 1633 -1633 1633 -1633 -1633 -1633 1633 -1633 1633 -1633 -102 4616 1
63984885 -1633 -1633 -1633 1633 -1633 1633 -1633 1633 1633 -1633 -1633 -1633 1633 -1633 1633 -1633 -102 4616 1
63984885 1633 1633 -1633 1633 1633 -1633 1633 1633 1633 -1633 -1633 -1633 -1633 -1633 1633 -1633 -102 4616 1
63984885 1633 1633 -1633 -1633 -1633 1633 1633 -1633 -1633 -1633 1633 -1633 -1633 -1633 1633 -1633 -102 4616 1
63984885 -1633 -1633 -1633 -1633 1633 -1633 -1633 -1633 -1633 -1633 1633 -1633 1633 -1633 1633 -1633 -102 4616 1
63984885 1633 -1633 1633 1633 -1633 -1633 1633 1633 -1633 -1633 1633 -1633 1633 -1633 1633 -1633 -102 4616 1
63984885 -1633 1633 1633 1633 1633 1633 -1633 1633 -1633 -1633 1633 -1633 -1633 -1633 1633 -1633 -102 4616 1
64002793 -1777 -1453 1777 -1453 -1453 1777 -1777 1777 1777 1777 -1777 1777 -1777 1777 -1453 1777 4203 0 0
64002793 1777 1453 1777 -1453 1453 -1777 1777 1777 1777 1777 -1777 1777 1777 1777 -1453 1777 4203 0 0
64002793 -1777 1453 -1777 1453 -1453 -1777 -1777 -1777 1777 1777 -1777 1777 1777 1777 -1453 1777 4203 0 0
64002793 1777 -1453 -1777 1453 1453 1777 1777 -1777 1777 1777 -1777 1777 -1777 1777 -1453 1777 4203 0 0
64002793 1777 -1453 -1777 -1453 -1453 -1777 1777 1777 -1777 1777 1777 1777 -1777 1777 -1453 1777 4203 0 0
64002793 -1777 1453 -1777 -1453 1453 1777 -1777 1777 -1777 1777 1777 1777 1777 1777 -1453 1777 4203 0 0
64002793 1777 1453 1777 1453 -1453 1777 1777 -1777 -1777 1777 1777 1777 1777 1777 -1453 1777 4203 0 0
64002793 -1777 -1453 1777 1453 1453 -1777 -1777 -1777 -1777 1777 1777 1777 -1777 1777 -1453 1777 4203 0 0
64002793 -1777 1453 -1777 -1453 -1453 -1777 -1777 1777 1777 1777 1777 -1777 -1777 1777 1453 1777 4203 0 0
64002793 1777 -1453 -1777 -1453 1453 1777 1777 1777 1777 1777 1777 -1777 1777 1777 1453 1777 4203 0 0
64002793 -1777 -1453 1777 1453 -1453 1777 -1777 -1777 1777 1777 1777 -1777 1777 1777 1453 1777 4203 0 0
64002793 1777 1453 1777 1453 1453 -1777 1777 -1777 1777 1777 1777 -1777 -1777 1777 1453 1777 4203 0 0
64002793 1777 1453 1777 -1453 -1453 1777 1777 1777 -1777 1777 -1777 -1777 -1777 1777 1453 1777 4203 0 0
64002793 -1777 -1453 1777 -1453 1453 -1777 -1777 1777 -1777 1777 -1777 -1777 1777 1777 1453 1777 4203 0 0
64002793 1777 -1453 -1777 1453 -1453 -1777 1777 -1777 -1777 1777 -1777 -1777 1777 1777 1453 1777 4203 0 0
64002793 -1777 1453 -1777 1453 1453 1777 -1777 -1777 -1777 1777 -1777 -1777 -1777 1777 1453 1777 4203 0 0
64002793 1777 -1453 -1777 -1453 -1453 1777 -1777 -1777 1777 -1777 1777 1777 1777 1777 -1453 1777 4203 0 0
64002793 -1777 1453 -1777 -1453 1453 -1777 1777 -1777 1777 -1777 1777 1777 -1777 1777 -1453 1777 4203 0 0
64002793 1777 1453 1777 1453 -1453 -1777 -1777 1777 1777 -1777 1777 1777 -1777 1777 -1453 1777 4203 0 0
64002793 -1777 -1453 1777 1453 1453 1777 1777 1777 1777 -1777 1777 1777 1777 1777 -1453 1777 4203 0 0
64002793 -1777 -1453 1777 -1453 -1453 -1777 1777 -1777 -1777 -1777 -1777 1777 1777 1777 -1453 1777 4203 0 0
64002793 1777 1453 1777 -1453 1453 1777 -1777 -1777 -1777 -1777 -1777 1777 -1777 1777 -1453 1777 4203 0 0
64002793 -1777 1453 -1777 1453 -1453 1777 1777 1777 -1777 -1777 -1777 1777 -1777 1777 -1453 1777 4203 0 0
64002793 1777 -1453 -1777 1453 1453 -1777 -1777 1777 -1777 -1777 -1777 1777 1777 1777 -1453 1777 4203 0 0
64002793 1777 1453 1777 -1453 -1453 -1777 -1777 -1777 1777 -1777 -1777 -1777 1777 1777 1453 1777 4203 0 0
64002793 -1777 -1453 1777 -1453 1453 1777 1777 -1777 1777 -1777 -1777 -1777 -1777 1777 1453 1777 4203 0 0
64002793 1777 -1453 -1777 1453 -1453 1777 -1777 1777 1777 -1777 -1777 -1777 -1777 1777 1453 1777 4203 0 0
64002793 -1777 1453 -1777 1453 1453 -1777 1777 1777 1777 -1777 -1777 -1777 1777 1777 1453 1777 4203 0 0
64002793 -1777 1453 -1777 -1453 -1453 1777 1777 -1777 -1777 -1777 1777 -1777 1777 1777 1453 1777 4203 0 0
64002793 1777 -1453 -1777 -1453 1453 -1777 -1777 -1777 -1777 -1777 1777 -1777 -1777 1777 1453 1777 4203 0 0
64002793 -1777 -1453 1777 1453 -1453 -1777 1777 1777 -1777 -1777 1777 -1777 -1777 1777 1453 1777 4203 0 0
64002793 1777 1453 1777 1453 1453 1777 -1777 1777 -1777 -1777 1777 -1777 1777 1777 1453 1777 4203 0 0
64002793 1777 1453 -1777 -1453 -1453 -1777 1777 -1777 1777 1777 1777 1777 1777 -1777 1453 1777 4203 0 0
64002793 -1777 -1453 -1777 -1453 1453 1777 -1777 -1777 1777 1777 1777 1777 -1777 -1777 1453 1777 4203 0 0
64002793 1777 -1453 1777 1453 -1453 1777 1777 1777 1777 1777 1777 1777 -1777 -1777 1453 1777 4203 0 0
64002793 -1777 1453 1777 1453 1453 -1777 -1777 1777 1777 1777 1777 1777 1777 -1777 1453 1777 4203 0 0
64002793 -1777 1453 1777 -1453 -1453 1777 -1777 -1777 -1777 1777 -1777 1777 1777 -1777 1453 1777 4203 0 0
64002793 1777 -1453 1777 -1453 1453 -1777 1777 -1777 -1777 1777 -1777 1777 -1777 -1777 1453 1777 4203 0 0
64002793 -1777 -1453 -1777 1453 -1453 -1777 -1777 1777 -1777 1777 -1777 1777 -1777 -1777 1453 1777 4203 0 0
64002793 1777 1453 -1777 1453 1453 1777 1777 1777 -1777 1777 -1777 1777 1777 -1777 1453 1777 4203 0 0
64002793 1777 -1453 1777 -1453 -1453 1777 1777 -1777 1777 1777 -1777 -1777 1777 -1777 -1453 1777 4203 0 0
64002793 -1777 1453 1777 -1453 1453 -1777 -1777 -1777 1777 1777 -1777 -1777 -1777 -1777 -1453 1777 4203 0 0
64002793 1777 1453 -1777 1453 -1453 -1777 1777 1777 1777 1777 -1777 -1777 -1777 -1777 -1453 1777 4203 0 0
64002793 -1777 -1453 -1777 1453 1453 1777 -1777 1777 1777 1777 -1777 -1777 1777 -1777 -1453 1777 4203 0 0
64002793 -1777 -1453 -1777 -1453 -1453 -1777 -1777 -1777 -1777 1777 1777 -1777 1777 -1777 -1453 1777 4203 0 0
64002793 1777 1453 -1777 -1453 1453 1777 1777 -1777 -1777 1777 1777 -1777 -1777 -1777 -1453 1777 4203 0 0
64002793 -1777 1453 1777 1453 -1453 1777 -1777 1777 -1777 1777 1777 -1777 -1777 -1777 -1453 1777 4203 0 0
64002793 1777 -1453 1777 1453 1453 -1777 1777 1777 -1777 1777 1777 -1777 1777 -1777 -1453 1777 4203 0 0
64002793 -1777 1453 1777 -1453 -1453 -1777 1777 1777 1777 -1777 -1777 1777 -1777 -1777 1453 1777 4203 0 0
64002793 1777 -1453 1777 -1453 1453 1777 -1777 1777 1777 -1777 -1777 1777 1777 -1777 1453 1777 4203 0 0
64002793 -1777 -1453 -1777 1453 -1453 1777 1777 -1777 1777 -1777 -1777 1777 1777 -1777 1453 1777 4203 0 0
64002793 1777 1453 -1777 1453 1453 -1777 -1777 -1777 1777 -1777 -1777 1777 -1777 -1777 1453 1777 4203 0 0
64002793 1777 1453 -1777 -1453 -1453 1777 -1777 1777 -1777 -1777 1777 1777 -1777 -1777 1453 1777 4203 0 0
64002793 -1777 -1453 -1777 -1453 1453 -1777 1777 1777 -1777 -1777 1777 1777 1777 -1777 1453 1777 4203 0 0
64002793 1777 -1453 1777 1453 -1453 -1777 -1777 -1777 -1777 -1777 1777 1777 1777 -1777 1453 1777 4203 0 0
64002793 -1777 1453 1777 1453 1453 1777 1777 -1777 -1777 -1777 1777 1777 -1777 -1777 1453 1777 4203 0 0
64002793 -1777 -1453 -1777 -1453 -1453 1777 1777 1777 1777 -1777 1777 -1777 -1777 -1777 -1453 1777 4203 0 0
64002793 1777 1453 -1777 -1453 1453 -1777 -1777 1777 1777 -1777 1777 -1777 1777 -1777 -1453 1777 4203 0 0
64002793 -1777 1453 1777 1453 -1453 -1777 1777 -1777 1777 -1777 1777 -1777 1777 -1777 -1453 1777 4203 0 0
64002793 1777 -1453 1777 1453 1453 1777 -1777 -1777 1777 -1777 1777 -1777 -1777 -1777 -1453 1777 4203 0 0
64002793 1777 -1453 1777 -1453 -1453 -1777 -1777 1777 -1777 -1777 -1777 -1777 -1777 -1777 -1453 1777 4203 0 0
64002793 -1777 1453 1777 -1453 1453 1777 1777 1777 -1777 -1777 -1777 -1777 1777 -1777 -1453 1777 4203 0 0
64002793 1777 1453 -1777 1453 -1453 1777 -1777 -1777 -1777 -1777 -1777 -1777 1777 -1777 -1453 1777 4203 0 0
64002793 -1777 -1453 -1777 1453 1453 -1777 1777 -1777 -1777 -1777 -1777 -1777 -1777 -1777 -1453 1777 4203 0 0
64002793 1777 1453 1777 -1453 -1453 1777 -1777 1777 1777 1777 1777 1777 1777 1777 1453 -1777 4203 0 0
64002793 -1777 -1453 1777 -1453 1453 -1777 1777 1777 1777 1777 1777 1777 -1777 1777 1453 -1777 4203 0 0
64002793 1777 -1453 -1777 1453 -1453 -1777 -1777 -1777 1777 1777 1777 1777 -1777 1777 1453 -1777 4203 0 0
64002793 -1777 1453 -1777 1453 1453 1777 1777 -1777 1777 1777 1777 1777 1777 1777 1453 -1777 4203 0 0
64002793 -1777 1453 -1777 -1453 -1453 -1777 1777 1777 -1777 1777 -1777 1777 1777 1777 1453 -1777 4203 0 0
64002793 1777 -1453 -1777 -1453 1453 1777 -1777 1777 -1777 1777 -1777 1777 -1777 1777 1453 -1777 4203 0 0
64002793 -1777 -1453 1777 1453 -1453 1777 1777 -1777 -1777 1777 -1777 1777 -1777 1777 1453 -1777 4203 0 0
64002793 1777 1453 1777 1453 1453 -1777 -1777 -1777 -1777 1777 -1777 1777 1777 1777 1453 -1777 4203 0 0
64002793 1777 -1453 -1777 -1453 -1453 -1777 -1777 1777 1777 1777 -1777 -1777 1777 1777 -1453 -1777 4203 0 0
64002793 -1777 1453 -1777 -1453 1453 1777 1777 1777 1777 1777 -1777 -1777 -1777 1777 -1453 -1777 4203 0 0
64002793 1777 1453 1777 1453 -1453 1777 -1777 -1777 1777 1777 -1777 -1777 -1777 1777 -1453 -1777 4203 0 0
64002793 -1777 -1453 1777 1453 1453 -1777 1777 -1777 1777 1777 -1777 -1777 1777 1777 -1453 -1777 4203 0 0
64002793 -1777 -1453 1777 -1453 -1453 1777 1777 1777 -1777 1777 1777 -1777 1777 1777 -1453 -1777 4203 0 0
64002793 1777 1453 1777 -1453 1453 -1777 -1777 1777 -1777 1777 1777 -1777 -1777 1777 -1453 -1777 4203 0 0
64002793 -1777 1453 -1777 1453 -1453 -1777 1777 -1777 -1777 1777 1777 -1777 -1777 1777 -1453 -1777 4203 0 0
64002793 1777 -1453 -1777 1453 1453 1777 -1777 -1777 -1777 1777 1777 -1777 1777 1777 -1453 -1777 4203 0 0
64002793 -1777 1453 -1777 -1453 -1453 1777 -1777 -1777 1777 -1777 -1777 1777 -1777 1777 1453 -1777 4203 0 0
64002793 1777 -1453 -1777 -1453 1453 -1777 1777 -1777 1777 -1777 -1777 1777 1777 1777 1453 -1777 4203 0 0
64002793 -1777 -1453 1777 1453 -1453 -1777 -1777 1777 1777 -1777 -1777 1777 1777 1777 1453 -1777 4203 0 0
64002793 1777 1453 1777 1453 1453 1777 1777 1777 1777 -1777 -1777 1777 -1777 1777 1453 -1777 4203 0 0
64002793 1777 1453 1777 -1453 -1453 -1777 1777 -1777 -1777 -1777 1777 1777 -1777 1777 1453 -1777 4203 0 0
64002793 -1777 -1453 1777 -1453 1453 1777 -1777 -1777 -1777 -1777 1777 1777 1777 1777 1453 -1777 4203 0 0
64002793 1777 -1453 -1777 1453 -1453 1777 1777 1777 -1777 -1777 1777 1777 1777 1777 1453 -1777 4203 0 0
64002793 -1777 1453 -1777 1453 1453 -1777 -1777 1777 -1777 -1777 1777 1777 -1777 1777 1453 -1777 4203 0 0
64002793 -1777 -1453 1777 -1453 -1453 -1777 -1777 -1777 1777 -1777 1777 -1777 -1777 1777 -1453 -1777 4203 0 0
64002793 1777 1453 1777 -1453 1453 1777 1777 -1777 1777 -1777 1777 -1777 1777 1777 -1453 -1777 4203 0 0
64002793 -1777 1453 -1777 1453 -1453 1777 -1777 1777 1777 -1777 1777 -1777 1777 1777 -1453 -1777 4203 0 0
64002793 1777 -1453 -1777 1453 1453 -1777 1777 1777 1777 -1777 1777 -1777 -1777 1777 -1453 -1777 4203 0 0
64002793 1777 -1453 -1777 -1453 -1453 1777 1777 -1777 -1777 -1777 -1777 -1777 -1777 1777 -1453 -1777 4203 0 0
64002793 -1777 1453 -1777 -1453 1453 -1777 -1777 -1777 -1777 -1777 -1777 -1777 1777 1777 -1453 -1777 4203 0 0
64002793 1777 1453 1777 1453 -1453 -1777 1777 1777 -1777 -1777 -1777 -1777 1777 1777 -1453 -1777 4203 0 0
64002793 -1777 -1453 1777 1453 1453 1777 -1777 1777 -1777 -1777 -1777 -1777 -1777 1777 -1453 -1777 4203 0 0
64002793 -1777 -1453 -1777 -1453 -1453 -1777 1777 -1777 1777 1777 -1777 1777 -1777 -1777 -1453 -1777 4203 0 0
64002793 1777 1453 -1777 -1453 1453 1777 -1777 -1777 1777 1777 -1777 1777 1777 -1777 -1453 -1777 4203 0 0
64002793 -1777 1453 1777 1453 -1453 1777 1777 1777 1777 1777 -1777 1777 1777 -1777 -1453 -1777 4203 0 0
64002793 1777 -1453 1777 1453 1453 -1777 -1777 1777 1777 1777 -1777 1777 -1777 -1777 -1453 -1777 4203 0 0
64002793 1777 -1453 1777 -1453 -1453 1777 -1777 -1777 -1777 1777 1777 1777 -1777 -1777 -1453 -1777 4203 0 0
64002793 -1777 1453 1777 -1453 1453 -1777 1777 -1777 -1777 1777 1777 1777 1777 -1777 -1453 -1777 4203 0 0
64002793 1777 1453 -1777 1453 -1453 -1777 -1777 1777 -1777 1777 1777 1777 1777 -1777 -1453 -1777 4203 0 0
64002793 -1777 -1453 -1777 1453 1453 1777 1777 1777 -1777 1777 1777 1777 -1777 -1777 -1453 -1777 4203 0 0
64002793 -1777 1453 1777 -1453 -1453 1777 1777 -1777 1777 1777 1777 -1777 -1777 -1777 1453 -1777 4203 0 0
64002793 1777 -1453 1777 -1453 1453 -1777 -1777 -1777 1777 1777 1777 -1777 1777 -1777 1453 -1777 4203 0 0
64002793 -1777 -1453 -1777 1453 -1453 -1777 1777 1777 1777 1777 1777 -1777 1777 -1777 1453 -1777 4203 0 0
64002793 1777 1453 -1777 1453 1453 1777 -1777 1777 1777 1777 1777 -1777 -1777 -1777 1453 -1777 4203 0 0
64002793 1777 1453 -1777 -1453 -1453 -1777 -1777 -1777 -1777 1777 -1777 -1777 -1777 -1777 1453 -1777 4203 0 0
64002793 -1777 -1453 -1777 -1453 1453 1777 1777 -1777 -1777 1777 -1777 -1777 1777 -1777 1453 -1777 4203 0 0
64002793 1777 -1453 1777 1453 -1453 1777 -1777 1777 -1777 1777 -1777 -1777 1777 -1777 1453 -1777 4203 0 0
64002793 -1777 1453 1777 1453 1453 -1777 1777 1777 -1777 1777 -1777 -1777 -1777 -1777 1453 -1777 4203 0 0
64002793 1777 -1453 1777 -1453 -1453 -1777 1777 1777 1777 -1777 1777 1777 1777 -1777 -1453 -1777 4203 0 0
64002793 -1777 1453 1777 -1453 1453 1777 -1777 1777 1777 -1777 1777 1777 -1777 -1777 -1453 -1777 4203 0 0
64002793 1777 1453 -1777 1453 -1453 1777 1777 -1777 1777 -1777 1777 1777 -1777 -1777 -1453 -1777 4203 0 0
64002793 -1777 -1453 -1777 1453 1453 -1777 -1777 -1777 1777 -1777 1777 1777 1777 -1777 -1453 -1777 4203 0 0
64002793 -1777 -1453 -1777 -1453 -1453 1777 -1777 1777 -1777 -1777 -1777 1777 1777 -1777 -1453 -1777 4203 0 0
64002793 1777 1453 -1777 -1453 1453 -1777 1777 1777 -1777 -1777 -1777 1777 -1777 -1777 -1453 -1777 4203 0 0
64002793 -1777 1453 1777 1453 -1453 -1777 -1777 -1777 -1777 -1777 -1777 1777 -1777 -1777 -1453 -1777 4203 0 0
64002793 1777 -1453 1777 1453 1453 1777 1777 -1777 -1777 -1777 -1777 1777 1777 -1777 -1453 -1777 4203 0 0
64002793 1777 1453 -1777 -1453 -1453 1777 1777 1777 1777 -1777 -1777 -1777 1777 -1777 1453 -1777 4203 0 0
64002793 -1777 -1453 -1777 -1453 1453 -1777 -1777 1777 1777 -1777 -1777 -1777 -1777 -1777 1453 -1777 4203 0 0
64002793 1777 -1453 1777 1453 -1453 -1777 1777 -1777 1777 -1777 -1777 -1777 -1777 -1777 1453 -1777 4203 0 0
64002793 -1777 1453 1777 1453 1453 1777 -1777 -1777 1777 -1777 -1777 -1777 1777 -1777 1453 -1777 4203 0 0
64002793 -1777 1453 1777 -1453 -1453 -1777 -1777 1777 -1777 -1777 1777 -1777 1777 -1777 1453 -1777 4203 0 0
64002793 1777 -1453 1777 -1453 1453 1777 1777 1777 -1777 -1777 1777 -1777 -1777 -1777 1453 -1777 4203 0 0
64002793 -1777 -1453 -1777 1453 -1453 1777 -1777 -1777 -1777 -1777 1777 -1777 -1777 -1777 1453 -1777 4203 0 0
64002793 1777 1453 -1777 1453 1453 -1777 1777 -1777 -1777 -1777 1777 -1777 1777 -1777 1453 -1777 4203 0 0
63986448 -1881 -1881 1881 -1881 -1881 1881 1881 -1881 1881 1881 1881 1881 -1881 1881 1881 1881 -1568 -1568 -1568
63986448 1881 1881 1881 -1881 1881 -1881 -1881 -1881 1881 1881 1881 1881 1881 1881 1881 1881 -1568 -1568 -1568
63986448 -1881 1881 -1881 1881 -1881 -1881 1881 1881 1881 1881 1881 1881 1881 1881 1881 1881 -1568 -1568 -1568
63986448 1881 -1881 -1881 1881 1881 1881 -1881 1881 1881 1881 1881 1881 -1881 1881 1881 1881 -1568 -1568 -1568
63986448 1881 -1881 -1881 -1881 -1881 -1881 -1881 -1881 -1881 1881 -1881 1881 -1881 1881 1881 1881 -1568 -1568 -1568
63986448 -1881 1881 -1881 -1881 1881 1881 1881 -1881 -1881 1881 -1881 1881 1881 1881 1881 1881 -1568 -1568 -1568
63986448 1881 1881 1881 1881 -1881 1881 -1881 1881 -1881 1881 -1881 1881 1881 1881 1881 1881 -1568 -1568 -1568
63986448 -1881 -1881 1881 1881 1881 -1881 1881 1881 -1881 1881 -1881 1881 -1881 1881 1881 1881 -1568 -1568 -1568
63986448 -1881 1881 -1881 -1881 -1881 -1881 1881 -1881 1881 1881 -1881 -1881 -1881 1881 -1881 1881 -1568 -1568 -1568
63986448 1881 -1881 -1881 -1881 1881 1881 -1881 -1881 1881 1881 -1881 -1881 1881 1881 -1881 1881 -1568 -1568 -1568
63986448 -1881 -1881 1881 1881 -1881 1881 1881 1881 1881 1881 -1881 -1881 1881 1881 -1881 1881 -1568 -1568 -1568
63986448 1881 1881 1881 1881 1881 -1881 -1881 1881 1881 1881 -1881 -1881 -1881 1881 -1881 1881 -1568 -1568 -1568
63986448 1881 1881 1881 -1881 -1881 1881 -1881 -1881 -1881 1881 1881 -1881 -1881 1881 -1881 1881 -1568 -1568 -1568
63986448 -1881 -1881 1881 -1881 1881 -1881 1881 -1881 -1881 1881 1881 -1881 1881 1881 -1881 1881 -1568 -1568 -1568
63986448 1881 -1881 -1881 1881 -1881 -1881 -1881 1881 -1881 1881 1881 -1881 1881 1881 -1881 1881 -1568 -1568 -1568
63986448 -1881 1881 -1881 1881 1881 1881 1881 1881 -1881 1881 1881 -1881 -1881 1881 -1881 1881 -1568 -1568 -1568
63986448 1881 -1881 -1881 -1881 -1881 1881 1881 1881 1881 -1881 -1881 1881 1881 1881 1881 1881 -1568 -1568 -1568
63986448 -1881 1881 -1881 -1881 1881 -1881 -1881 1881 1881 -1881 -1881 1881 -1881 1881 1881 1881 -1568 -1568 -1568
63986448 1881 1881 1881 1881 -1881 -1881 1881 -1881 1881 -1881 -1881 1881 -1881 1881 1881 1881 -1568 -1568 -1568
63986448 -1881 -1881 1881 1881 1881 1881 -1881 -1881 1881 -1881 -1881 1881 1881 1881 1881 1881 -1568 -1568 -1568
63986448 -1881 -1881 1881 -1881 -1881 -1881 -1881 1881 -1881 -1881 1881 1881 1881 1881 1881 1881 -1568 -1568 -1568
63986448 1881 1881 1881 -1881 1881 1881 1881 1881 -1881 -1881 1881 1881 -1881 1881 1881 1881 -1568 -1568 -1568
63986448 -1881 1881 -1881 1881 -1881 1881 -1881 -1881 -1881 -1881 1881 1881 -1881 1881 1881 1881 -1568 -1568 -1568
63986448 1881 -1881 -1881 1881 1881 -1881 1881 -1881 -1881 -1881 1881 1881 1881 1881 1881 1881 -1568 -1568 -1568
63986448 1881 1881 1881 -1881 -1881 -1881 1881 1881 1881 -1881 1881 -1881 1881 1881 -1881 1881 -1568 -1568 -1568
63986448 -1881 -1881 1881 -1881 1881 1881 -1881 1881 1881 -1881 1881 -1881 -1881 1881 -1881 1881 -1568 -1568 -1568
63986448 1881 -1881 -1881 1881 -1881 1881 1881 -1881 1881 -1881 1881 -1881 -1881 1881 -1881 1881 -1568 -1568 -1568
63986448 -1881 1881 -1881 1881 1881 -1881 -1881 -1881 1881 -1881 1881 -1881 1881 1881 -1881 1881 -1568 -1568 -1568
63986448 -1881 1881 -1881 -1881 -1881 1881 -1881 1881 -1881 -1881 -1881 -1881 1881 1881 -1881 1881 -1568 -1568 -1568
63986448 1881 -1881 -1881 -1881 1881 -1881 1881 1881 -1881 -1881 -1881 -1881 -1881 1881 -1881 1881 -1568 -1568 -1568
63986448 -1881 -1881 1881 1881 -1881 -1881 -1881 -1881 -1881 -1881 -1881 -1881 -1881 1881 -1881 1881 -1568 -1568 -1568
63986448 1881 1881 1881 1881 1881 1881 1881 -1881 -1881 -1881 -1881 -1881 1881 1881 -1881 1881 -1568 -1568 -1568
63986448 1881 1881 -1881 -1881 -1881 -1881 -1881 1881 1881 1881 -1881 1881 1881 -1881 -1881 1881 -1568 -1568 -1568
63986448 -1881 -1881 -1881 -1881 1881 1881 1881 1881 1881 1881 -1881 1881 -1881 -1881 -1881 1881 -1568 -1568 -1568
63986448 1881 -1881 1881 1881 -1881 1881 -1881 -1881 1881 1881 -1881 1881 -1881 -1881 -1881 1881 -1568 -1568 -1568
63986448 -1881 1881 1881 1881 1881 -1881 1881 -1881 1881 1881 -1881 1881 1881 -1881 -1881 1881 -1568 -1568 -1568
63986448 -1881 1881 1881 -1881 -1881 1881 1881 1881 -1881 1881 1881 1881 1881 -1881 -1881 1881 -1568 -1568 -1568
63986448 1881 -1881 1881 -1881 1881 -1881 -1881 1881 -1881 1881 1881 1881 -1881 -1881 -1881 1881 -1568 -1568 -1568
63986448 -1881 -1881 -1881 1881 -1881 -1881 1881 -1881 -1881 1881 1881 1881 -1881 -1881 -1881 1881 -1568 -1568 -1568
63986448 1881 1881 -1881 1881 1881 1881 -1881 -1881 -1881 1881 1881 1881 1881 -1881 -1881 1881 -1568 -1568 -1568
63986448 1881 -1881 1881 -1881 -1881 1881 -1881 1881 1881 1881 1881 -1881 1881 -1881 1881 1881 -1568 -1568 -1568
63986448 -1881 1881 1881 -1881 1881 -1881 1881 1881 1881 1881 1881 -1881 -1881 -1881 1881 1881 -1568 -1568 -1568
63986448 1881 1881 -1881 1881 -1881 -1881 -1881 -1881 1881 1881 1881 -1881 -1881 -1881 1881 1881 -1568 -1568 -1568
63986448 -1881 -1881 -1881 1881 1881 1881 1881 -1881 1881 1881 1881 -1881 1881 -1881 1881 1881 -1568 -1568 -1568
63986448 -1881 -1881 -1881 -1881 -1881 -1881 1881 1881 -1881 1881 -1881 -1881 1881 -1881 1881 1881 -1568 -1568 -1568
63986448 1881 1881 -1881 -1881 1881 1881 -1881 1881 -1881 1881 -1881 -1881 -1881 -1881 1881 1881 -1568 -1568 -1568
63986448 -1881 1881 1881 1881 -1881 1881 1881 -1881 -1881 1881 -1881 -1881 -1881 -1881 1881 1881 -1568 -1568 -1568
63986448 1881 -1881 1881 1881 1881 -1881 -1881 -1881 -1881 1881 -1881 -1881 1881 -1881 1881 1881 -1568 -1568 -1568
63986448 -1881 1881 1881 -1881 -1881 -1881 -1881 -1881 1881 -1881 1881 1881 -1881 -1881 -1881 1881 -1568 -1568 -1568
63986448 1881 -1881 1881 -1881 1881 1881 1881 -1881 1881 -1881 1881 1881 1881 -1881 -1881 1881 -1568 -1568 -1568
63986448 -1881 -1881 -1881 1881 -1881 1881 -1881 1881 1881 -1881 1881 1881 1881 -1881 -1881 1881 -1568 -1568 -1568
63986448 1881 1881 -1881 1881 1881 -1881 1881 1881 1881 -1881 1881 1881 -1881 -1881 -1881 1881 -1568 -1568 -1568
63986448 1881 1881 -1881 -1881 -1881 1881 1881 -1881 -1881 -1881 -1881 1881 -1881 -1881 -1881 1881 -1568 -1568 -1568
63986448 -1881 -1881 -1881 -1881 1881 -1881 -1881 -1881 -1881 -1881 -1881 1881 1881 -1881 -1881 1881 -1568 -1568 -1568
63986448 1881 -1881 1881 1881 -1881 -1881 1881 1881 -1881 -1881 -1881 1881 1881 -1881 -1881 1881 -1568 -1568 -1568
63986448 -1881 1881 1881 1881 1881 1881 -1881 1881 -1881 -1881 -1881 1881 -1881 -1881 -1881 1881 -1568 -1568 -1568
63986448 -1881 -1881 -1881 -1881 -1881 1881 -1881 -1881 1881 -1881 -1881 -1881 -1881 -1881 1881 1881 -1568 -1568 -1568
63986448 1881 1881 -1881 -1881 1881 -1881 1881 -1881 1881 -1881 -1881 -1881 1881 -1881 1881 1881 -1568 -1568 -1568
63986448 -1881 1881 1881 1881 -1881 -1881 -1881 1881 1881 -1881 -1881 -1881 1881 -1881 1881 1881 -1568 -1568 -1568
63986448 1881 -1881 1881 1881 1881 1881 1881 1881 1881 -1881 -1881 -1881 -1881 -1881 1881 1881 -1568 -1568 -1568
63986448 1881 -1881 1881 -1881 -1881 -1881 1881 -1881 -1881 -1881 1881 -1881 -1881 -1881 1881 1881 -1568 -1568 -1568
63986448 -1881 1881 1881 -1881 1881 1881 -1881 -1881 -1881 -1881 1881 -1881 1881 -1881 1881 1881 -1568 -1568 -1568
63986448 1881 1881 -1881 1881 -1881 1881 1881 1881 -1881 -1881 1881 -1881 1881 -1881 1881 1881 -1568 -1568 -1568
63986448 -1881 -1881 -1881 1881 1881 -1881 -1881 1881 -1881 -1881 1881 -1881 -1881 -1881 1881 1881 -1568 -1568 -1568
63986448 1881 1881 1881 -1881 -1881 1881 1881 -1881 1881 1881 -1881 1881 1881 1881 -1881 -1881 -1568 -1568 -1568
63986448 -1881 -1881 1881 -1881 1881 -1881 -1881 -1881 1881 1881 -1881 1881 -1881 1881 -1881 -1881 -1568 -1568 -1568
63986448 1881 -1881 -1881 1881 -1881 -1881 1881 1881 1881 1881 -1881 1881 -1881 1881 -1881 -1881 -1568 -1568 -1568
63986448 -1881 1881 -1881 1881 1881 1881 -1881 1881 1881 1881 -1881 1881 1881 1881 -1881 -1881 -1568 -1568 -1568
63986448 -1881 1881 -1881 -1881 -1881 -1881 -1881 -1881 -1881 1881 1881 1881 1881 1881 -1881 -1881 -1568 -1568 -1568
63986448 1881 -1881 -1881 -1881 1881 1881 1881 -1881 -1881 1881 1881 1881 -1881 1881 -1881 -1881 -1568 -1568 -1568
63986448 -1881 -1881 1881 1881 -1881 1881 -1881 1881 -1881 1881 1881 1881 -1881 1881 -1881 -1881 -1568 -1568 -1568
63986448 1881 1881 1881 1881 1881 -1881 1881 1881 -1881 1881 1881 1881 1881 1881 -1881 -1881 -1568 -1568 -1568
63986448 1881 -1881 -1881 -1881 -1881 -1881 1881 -1881 1881 1881 1881 -1881 1881 1881 1881 -1881 -1568 -1568 -1568
63986448 -1881 1881 -1881 -1881 1881 1881 -1881 -1881 1881 1881 1881 -1881 -1881 1881 1881 -1881 -1568 -1568 -1568
63986448 1881 1881 1881 1881 -1881 1881 1881 1881 1881 1881 1881 -1881 -1881 1881 1881 -1881 -1568 -1568 -1568
63986448 -1881 -1881 1881 1881 1881 -1881 -1881 1881 1881 1881 1881 -1881 1881 1881 1881 -1881 -1568 -1568 -1568
63986448 -1881 -1881 1881 -1881 -1881 1881 -1881 -1881 -1881 1881 -1881 -1881 1881 1881 1881 -1881 -1568 -1568 -1568
63986448 1881 1881 1881 -1881 1881 -1881 1881 -1881 -1881 1881 -1881 -1881 -1881 1881 1881 -1881 -1568 -1568 -1568
63986448 -1881 1881 -1881 1881 -1881 -1881 -1881 1881 -1881 1881 -1881 -1881 -1881 1881 1881 -1881 -1568 -1568 -1568
63986448 1881 -1881 -1881 1881 1881 1881 1881 1881 -1881 1881 -1881 -1881 1881 1881 1881 -1881 -1568 -1568 -1568
63986448 -1881 1881 -1881 -1881 -1881 1881 1881 1881 1881 -1881 1881 1881 -1881 1881 -1881 -1881 -1568 -1568 -1568
63986448 1881 -1881 -1881 -1881 1881 -1881 -1881 1881 1881 -1881 1881 1881 1881 1881 -1881 -1881 -1568 -1568 -1568
63986448 -1881 -1881 1881 1881 -1881 -1881 1881 -1881 1881 -1881 1881 1881 1881 1881 -1881 -1881 -1568 -1568 -1568
63986448 1881 1881 1881 1881 1881 1881 -1881 -1881 1881 -1881 1881 1881 -1881 1881 -1881 -1881 -1568 -1568 -1568
63986448 1881 1881 1881 -1881 -1881 -1881 -1881 1881 -1881 -1881 -1881 1881 -1881 1881 -1881 -1881 -1568 -1568 -1568
63986448 -1881 -1881 1881 -1881 1881 1881 1881 1881 -1881 -1881 -1881 1881 1881 1881 -1881 -1881 -1568 -1568 -1568
63986448 1881 -1881 -1881 1881 -1881 1881 -1881 -1881 -1881 -1881 -1881 1881 1881 1881 -1881 -1881 -1568 -1568 -1568
63986448 -1881 1881 -1881 1881 1881 -1881 1881 -1881 -1881 -1881 -1881 1881 -1881 1881 -1881 -1881 -1568 -1568 -1568
63986448 -1881 -1881 1881 -1881 -1881 -1881 1881 1881 1881 -1881 -1881 -1881 -1881 1881 1881 -1881 -1568 -1568 -1568
63986448 1881 1881 1881 -1881 1881 1881 -1881 1881 1881 -1881 -1881 -1881 1881 1881 1881 -1881 -1568 -1568 -1568
63986448 -1881 1881 -1881 1881 -1881 1881 1881 -1881 1881 -1881 -1881 -1881 1881 1881 1881 -1881 -1568 -1568 -1568
63986448 1881 -1881 -1881 1881 1881 -1881 -1881 -1881 1881 -1881 -1881 -1881 -1881 1881 1881 -1881 -1568 -1568 -1568
63986448 1881 -1881 -1881 -1881 -1881 1881 -1881 1881 -1881 -1881 1881 -1881 -1881 1881 1881 -1881 -1568 -1568 -1568
63986448 -1881 1881 -1881 -1881 1881 -1881 1881 1881 -1881 -1881 1881 -1881 1881 1881 1881 -1881 -1568 -1568 -1568
63986448 1881 1881 1881 1881 -1881 -1881 -1881 -1881 -1881 -1881 1881 -1881 1881 1881 1881 -1881 -1568 -1568 -1568
63986448 -1881 -1881 1881 1881 1881 1881 1881 -1881 -1881 -1881 1881 -1881 -1881 1881 1881 -1881 -1568 -1568 -1568
63986448 -1881 -1881 -1881 -1881 -1881 -1881 -1881 1881 1881 1881 1881 1881 -1881 -1881 1881 -1881 -1568 -1568 -1568
63986448 1881 1881 -1881 -1881 1881 1881 1881 1881 1881 1881 1881 1881 1881 -1881 1881 -1881 -1568 -1568 -1568
63986448 -1881 1881 1881 1881 -1881 1881 -1881 -1881 1881 1881 1881 1881 1881 -1881 1881 -1881 -1568 -1568 -1568
63986448 1881 -1881 1881 1881 1881 -1881 1881 -1881 1881 1881 1881 1881 -1881 -1881 1881 -1881 -1568 -1568 -1568
63986448 1881 -1881 1881 -1881 -1881 1881 1881 1881 -1881 1881 -1881 1881 -1881 -1881 1881 -1881 -1568 -1568 -1568
63986448 -1881 1881 1881 -1881 1881 -1881 -1881 1881 -1881 1881 -1881 1881 1881 -1881 1881 -1881 -1568 -1568 -1568
63986448 1881 1881 -1881 1881 -1881 -1881 1881 -1881 -1881 1881 -1881 1881 1881 -1881 1881 -1881 -1568 -1568 -1568
63986448 -1881 -1881 -1881 1881 1881 1881 -1881 -1881 -1881 1881 -1881 1881 -1881 -1881 1881 -1881 -1568 -1568 -1568
63986448 -1881 1881 1881 -1881 -1881 1881 -1881 1881 1881 1881 -1881 -1881 -1881 -1881 -1881 -1881 -1568 -1568 -1568
63986448 1881 -1881 1881 -1881 1881 -1881 1881 1881 1881 1881 -1881 -1881 1881 -1881 -1881 -1881 -1568 -1568 -1568
63986448 -1881 -1881 -1881 1881 -1881 -1881 -1881 -1881 1881 1881 -1881 -1881 1881 -1881 -1881 -1881 -1568 -1568 -1568
63986448 1881 1881 -1881 1881 1881 1881 1881 -1881 1881 1881 -1881 -1881 -1881 -1881 -1881 -1881 -1568 -1568 -1568
63986448 1881 1881 -1881 -1881 -1881 -1881 1881 1881 -1881 1881 1881 -1881 -1881 -1881 -1881 -1881 -1568 -1568 -1568
63986448 -1881 -1881 -1881 -1881 1881 1881 -1881 1881 -1881 1881 1881 -1881 1881 -1881 -1881 -1881 -1568 -1568 -1568
63986448 1881 -1881 1881 1881 -1881 1881 1881 -1881 -1881 1881 1881 -1881 1881 -1881 -1881 -1881 -1568 -1568 -1568
63986448 -1881 1881 1881 1881 1881 -1881 -1881 -1881 -1881 1881 1881 -1881 -1881 -1881 -1881 -1881 -1568 -1568 -1568
63986448 1881 -1881 1881 -1881 -1881 -1881 -1881 -1881 1881 -1881 -1881 1881 1881 -1881 1881 -1881 -1568 -1568 -1568
63986448 -1881 1881 1881 -1881 1881 1881 1881 -1881 1881 -1881 -1881 1881 -1881 -1881 1881 -1881 -1568 -1568 -1568
63986448 1881 1881 -1881 1881 -1881 1881 -1881 1881 1881 -1881 -1881 1881 -1881 -1881 1881 -1881 -1568 -1568 -1568
63986448 -1881 -1881 -1881 1881 1881 -1881 1881 1881 1881 -1881 -1881 1881 1881 -1881 1881 -1881 -1568 -1568 -1568
63986448 -1881 -1881 -1881 -1881 -1881 1881 1881 -1881 -1881 -1881 1881 1881 1881 -1881 1881 -1881 -1568 -1568 -1568
63986448 1881 1881 -1881 -1881 1881 -1881 -1881 -1881 -1881 -1881 1881 1881 -1881 -1881 1881 -1881 -1568 -1568 -1568
63986448 -1881 1881 1881 1881 -1881 -1881 1881 1881 -1881 -1881 1881 1881 -1881 -1881 1881 -1881 -1568 -1568 -1568
63986448 1881 -1881 1881 1881 1881 1881 -1881 1881 -1881 -1881 1881 1881 1881 -1881 1881 -1881 -1568 -1568 -1568
63986448 1881 1881 -1881 -1881 -1881 1881 -1881 -1881 1881 -1881 1881 -1881 1881 -1881 -1881 -1881 -1568 -1568 -1568
63986448 -1881 -1881 -1881 -1881 1881 -1881 1881 -1881 1881 -1881 1881 -1881 -1881 -1881 -1881 -1881 -1568 -1568 -1568
63986448 1881 -1881 1881 1881 -1881 -1881 -1881 1881 1881 -1881 1881 -1881 -1881 -1881 -1881 -1881 -1568 -1568 -1568
63986448 -1881 1881 1881 1881 1881 1881 1881 1881 1881 -1881 1881 -1881 1881 -1881 -1881 -1881 -1568 -1568 -1568
63986448 -1881 1881 1881 -1881 -1881 -1881 1881 -1881 -1881 -1881 -1881 -1881 1881 -1881 -1881 -1881 -1568 -1568 -1568
63986448 1881 -1881 1881 -1881 1881 1881 -1881 -1881 -1881 -1881 -1881 -1881 -1881 -1881 -1881 -1881 -1568 -1568 -1568
63986448 -1881 -1881 -1881 1881 -1881 1881 1881 1881 -1881 -1881 -1881 -1881 -1881 -1881 -1881 -1881 -1568 -1568 -1568
63986448 1881 1881 -1881 1881 1881 -1881 -1881 1881 -1881 -1881 -1881 -1881 1881 -1881 -1881 -1881 -1568 -1568 -1568
63986448 1881 -1881 1881 -1881 -1881 1881 -1881 -1881 1881 1881 -1881 1881 1881 1881 1881 1881 -1568 1568 1568
63986448 -1881 1881 1881 -1881 1881 -1881 1881 -1881 1881 1881 -1881 1881 -1881 1881 1881 1881 -1568 1568 1568
63986448 1881 1881 -1881 1881 -1881 -1881 -1881 1881 1881 1881 -1881 1881 -1881 1881 1881 1881 -1568 1568 1568
63986448 -1881 -1881 -1881 1881 1881 1881 1881 1881 1881 1881 -1881 1881 1881 1881 1881 1881 -1568 1568 1568
63986448 -1881 -1881 -1881 -1881 -1881 -1881 1881 -1881 -1881 1881 1881 1881 1881 1881 1881 1881 -1568 1568 1568
63986448 1881 1881 -1881 -1881 1881 1881 -1881 -1881 -1881 1881 1881 1881 -1881 1881 1881 1881 -1568 1568 1568
63986448 -1881 1881 1881 1881 -1881 1881 1881 1881 -1881 1881 1881 1881 -1881 1881 1881 1881 -1568 1568 1568
63986448 1881 -1881 1881 1881 1881 -1881 -1881 1881 -1881 1881 1881 1881 1881 1881 1881 1881 -1568 1568 1568
63986448 1881 1881 -1881 -1881 -1881 -1881 -1881 -1881 1881 1881 1881 -1881 1881 1881 -1881 1881 -1568 1568 1568
63986448 -1881 -1881 -1881 -1881 1881 1881 1881 -1881 1881 1881 1881 -1881 -1881 1881 -1881 1881 -1568 1568 1568
63986448 1881 -1881 1881 1881 -1881 1881 -1881 1881 1881 1881 1881 -1881 -1881 1881 -1881 1881 -1568 1568 1568
63986448 -1881 1881 1881 1881 1881 -1881 1881 1881 1881 1881 1881 -1881 1881 1881 -1881 1881 -1568 1568 1568
63986448 -1881 1881 1881 -1881 -1881 1881 1881 -1881 -1881 1881 -1881 -1881 1881 1881 -1881 1881 -1568 1568 1568
63986448 1881 -1881 1881 -1881 1881 -1881 -1881 -1881 -1881 1881 -1881 -1881 -1881 1881 -1881 1881 -1568 1568 1568
63986448 -1881 -1881 -1881 1881 -1881 -1881 1881 1881 -1881 1881 -1881 -1881 -1881 1881 -1881 1881 -1568 1568 1568
63986448 1881 1881 -1881 1881 1881 1881 -1881 1881 -1881 1881 -1881 -1881 1881 1881 -1881 1881 -1568 1568 1568
63986448 -1881 -1881 -1881 -1881 -1881 1881 -1881 1881 1881 -1881 1881 1881 -1881 1881 1881 1881 -1568 1568 1568
63986448 1881 1881 -1881 -1881 1881 -1881 1881 1881 1881 -1881 1881 1881 1881 1881 1881 1881 -1568 1568 1568
63986448 -1881 1881 1881 1881 -1881 -1881 -1881 -1881 1881 -1881 1881 1881 1881 1881 1881 1881 -1568 1568 1568
63986448 1881 -1881 1881 1881 1881 1881 1881 -1881 1881 -1881 1881 1881 -1881 1881 1881 1881 -1568 1568 1568
63986448 1881 -1881 1881 -1881 -1881 -1881 1881 1881 -1881 -1881 -1881 1881 -1881 1881 1881 1881 -1568 1568 1568
63986448 -1881 1881 1881 -1881 1881 1881 -1881 1881 -1881 -1881 -1881 1881 1881 1881 1881 1881 -1568 1568 1568
63986448 1881 1881 -1881 1881 -1881 1881 1881 -1881 -1881 -1881 -1881 1881 1881 1881 1881 1881 -1568 1568 1568
63986448 -1881 -1881 -1881 1881 1881 -1881 -1881 -1881 -1881 -1881 -1881 1881 -1881 1881 1881 1881 -1568 1568 1568
63986448 -1881 1881 1881 -1881 -1881 -1881 -1881 1881 1881 -1881 -1881 -1881 -1881 1881 -1881 1881 -1568 1568 1568
63986448 1881 -1881 1881 -1881 1881 1881 1881 1881 1881 -1881 -1881 -1881 1881 1881 -1881 1881 -1568 1568 1568
63986448 -1881 -1881 -1881 1881 -1881 1881 -1881 -1881 1881 -1881 -1881 -1881 1881 1881 -1881 1881 -1568 1568 1568
63986448 1881 1881 -1881 1881 1881 -1881 1881 -1881 1881 -1881 -1881 -1881 -1881 1881 -1881 1881 -1568 1568 1568
63986448 1881 1881 -1881 -1881 -1881 1881 1881 1881 -1881 -1881 1881 -1881 -1881 1881 -1881 1881 -1568 1568 1568
63986448 -1881 -1881 -1881 -1881 1881 -1881 -1881 1881 -1881 -1881 1881 -1881 1881 1881 -1881 1881 -1568 1568 1568
63986448 1881 -1881 1881 1881 -1881 -1881 1881 -1881 -1881 -1881 1881 -1881 1881 1881 -1881 1881 -1568 1568 1568
63986448 -1881 1881 1881 1881 1881 1881 -1881 -1881 -1881 -1881 1881 -1881 -1881 1881 -1881 1881 -1568 1568 1568
63986448 -1881 1881 -1881 -1881 -1881 -1881 1881 1881 1881 1881 1881 1881 -1881 -1881 -1881 1881 -1568 1568 1568
63986448 1881 -1881 -1881 -1881 1881 1881 -1881 1881 1881 1881 1881 1881 1881 -1881 -1881 1881 -1568 1568 1568
63986448 -1881 -1881 1881 1881 -1881 1881 1881 -1881 1881 1881 1881 1881 1881 -1881 -1881 1881 -1568 1568 1568
63986448 1881 1881 1881 1881 1881 -1881 -1881 -1881 1881 1881 1881 1881 -1881 -1881 -1881 1881 -1568 1568 1568
63986448 1881 1881 1881 -1881 -1881 1881 -1881 1881 -1881 1881 -1881 1881 -1881 -1881 -1881 1881 -1568 1568 1568
63986448 -1881 -1881 1881 -1881 1881 -1881 1881 1881 -1881 1881 -1881 1881 1881 -1881 -1881 1881 -1568 1568 1568
63986448 1881 -1881 -1881 1881 -1881 -1881 -1881 -1881 -1881 1881 -1881 1881 1881 -1881 -1881 1881 -1568 1568 1568
63986448 -1881 1881 -1881 1881 1881 1881 1881 -1881 -1881 1881 -1881 1881 -1881 -1881 -1881 1881 -1568 1568 1568
63986448 -1881 -1881 1881 -1881 -1881 1881 1881 1881 1881 1881 -1881 -1881 -1881 -1881 1881 1881 -1568 1568 1568
63986448 1881 1881 1881 -1881 1881 -1881 -1881 1881 1881 1881 -1881 -1881 1881 -1881 1881 1881 -1568 1568 1568
63986448 -1881 1881 -1881 1881 -1881 -1881 1881 -1881 1881 1881 -1881 -1881 1881 -1881 1881 1881 -1568 1568 1568
63986448 1881 -1881 -1881 1881 1881 1881 -1881 -1881 1881 1881 -1881 -1881 -1881 -1881 1881 1881 -1568 1568 1568
63986448 1881 -1881 -1881 -1881 -1881 -1881 -1881 1881 -1881 1881 1881 -1881 -1881 -1881 1881 1881 -1568 1568 1568
63986448 -1881 1881 -1881 -1881 1881 1881 1881 1881 -1881 1881 1881 -1881 1881 -1881 1881 1881 -1568 1568 1568
63986448 1881 1881 1881 1881 -1881 1881 -1881 -1881 -1881 1881 1881 -1881 1881 -1881 1881 1881 -1568 1568 1568
63986448 -1881 -1881 1881 1881 1881 -1881 1881 -1881 -1881 1881 1881 -1881 -1881 -1881 1881 1881 -1568 1568 1568
63986448 1881 1881 1881 -1881 -1881 -1881 1881 -1881 1881 -1881 -1881 1881 1881 -1881 -1881 1881 -1568 1568 1568
63986448 -1881 -1881 1881 -1881 1881 1881 -1881 -1881 1881 -1881 -1881 1881 -1881 -1881 -1881 1881 -1568 1568 1568
63986448 1881 -1881 -1881 1881 -1881 1881 1881 1881 1881 -1881 -1881 1881 -1881 -1881 -1881 1881 -1568 1568 1568
63986448 -1881 1881 -1881 1881 1881 -1881 -1881 1881 1881 -1881 -1881 1881 1881 -1881 -1881 1881 -1568 1568 1568
63986448 -1881 1881 -1881 -1881 -1881 1881 -1881 -1881 -1881 -1881 1881 1881 1881 -1881 -1881 1881 -1568 1568 1568
63986448 1881 -1881 -1881 -1881 1881 -1881 1881 -1881 -1881 -1881 1881 1881 -1881 -1881 -1881 1881 -1568 1568 1568
63986448 -1881 -1881 1881 1881 -1881 -1881 -1881 1881 -1881 -1881 1881 1881 -1881 -1881 -1881 1881 -1568 1568 1568
63986448 1881 1881 1881 1881 1881 1881 1881 1881 -1881 -1881 1881 1881 1881 -1881 -1881 1881 -1568 1568 1568
63986448 1881 -1881 -1881 -1881 -1881 1881 1881 -1881 1881 -1881 1881 -1881 1881 -1881 1881 1881 -1568 1568 1568
63986448 -1881 1881 -1881 -1881 1881 -1881 -1881 -1881 1881 -1881 1881 -1881 -1881 -1881 1881 1881 -1568 1568 1568
63986448 1881 1881 1881 1881 -1881 -1881 1881 1881 1881 -1881 1881 -1881 -1881 -1881 1881 1881 -1568 1568 1568
63986448 -1881 -1881 1881 1881 1881 1881 -1881 1881 1881 -1881 1881 -1881 1881 -1881 1881 1881 -1568 1568 1568
63986448 -1881 -1881 1881 -1881 -1881 -1881 -1881 -1881 -1881 -1881 -1881 -1881 1881 -1881 1881 1881 -1568 1568 1568
63986448 1881 1881 1881 -1881 1881 1881 1881 -1881 -1881 -1881 -1881 -1881 -1881 -1881 1881 1881 -1568 1568 1568
63986448 -1881 1881 -1881 1881 -1881 1881 -1881 1881 -1881 -1881 -1881 -1881 -1881 -1881 1881 1881 -1568 1568 1568
63986448 1881 -1881 -1881 1881 1881 -1881 1881 1881 -1881 -1881 -1881 -1881 1881 -1881 1881 1881 -1568 1568 1568
63986448 -1881 1881 1881 -1881 -1881 1881 -1881 -1881 1881 1881 1881 1881 -1881 1881 -1881 -1881 -1568 1568 1568
63986448 1881 -1881 1881 -1881 1881 -1881 1881 -1881 1881 1881 1881 1881 1881 1881 -1881 -1881 -1568 1568 1568
63986448 -1881 -1881 -1881 1881 -1881 -1881 -1881 1881 1881 1881 1881 1881 1881 1881 -1881 -1881 -1568 1568 1568
63986448 1881 1881 -1881 1881 1881 1881 1881 1881 1881 1881 1881 1881 -1881 1881 -1881 -1881 -1568 1568 1568
63986448 1881 1881 -1881 -1881 -1881 -1881 1881 -1881 -1881 1881 -1881 1881 -1881 1881 -1881 -1881 -1568 1568 1568
63986448 -1881 -1881 -1881 -1881 1881 1881 -1881 -1881 -1881 1881 -1881 1881 1881 1881 -1881 -1881 -1568 1568 1568
63986448 1881 -1881 1881 1881 -1881 1881 1881 1881 -1881 1881 -1881 1881 1881 1881 -1881 -1881 -1568 1568 1568
63986448 -1881 1881 1881 1881 1881 -1881 -1881 1881 -1881 1881 -1881 1881 -1881 1881 -1881 -1881 -1568 1568 1568
63986448 -1881 -1881 -1881 -1881 -1881 -1881 -1881 -1881 1881 1881 -1881 -1881 -1881 1881 1881 -1881 -1568 1568 1568
63986448 1881 1881 -1881 -1881 1881 1881 1881 -1881 1881 1881 -1881 -1881 1881 1881 1881 -1881 -1568 1568 1568
63986448 -1881 1881 1881 1881 -1881 1881 -1881 1881 1881 1881 -1881 -1881 1881 1881 1881 -1881 -1568 1568 1568
63986448 1881 -1881 1881 1881 1881 -1881 1881 1881 1881 1881 -1881 -1881 -1881 1881 1881 -1881 -1568 1568 1568
63986448 1881 -1881 1881 -1881 -1881 1881 1881 -1881 -1881 1881 1881 -1881 -1881 1881 1881 -1881 -1568 1568 1568
63986448 -1881 1881 1881 -1881 1881 -1881 -1881 -1881 -1881 1881 1881 -1881 1881 1881 1881 -1881 -1568 1568 1568
63986448 1881 1881 -1881 1881 -1881 -1881 1881 1881 -1881 1881 1881 -1881 1881 1881 1881 -1881 -1568 1568 1568
63986448 -1881 -1881 -1881 1881 1881 1881 -1881 1881 -1881 1881 1881 -1881 -1881 1881 1881 -1881 -1568 1568 1568
63986448 1881 1881 -1881 -1881 -1881 1881 -1881 1881 1881 -1881 -1881 1881 1881 1881 -1881 -1881 -1568 1568 1568
63986448 -1881 -1881 -1881 -1881 1881 -1881 1881 1881 1881 -1881 -1881 1881 -1881 1881 -1881 -1881 -1568 1568 1568
63986448 1881 -1881 1881 1881 -1881 -1881 -1881 -1881 1881 -1881 -1881 1881 -1881 1881 -1881 -1881 -1568 1568 1568
63986448 -1881 1881 1881 1881 1881 1881 1881 -1881 1881 -1881 -1881 1881 1881 1881 -1881 -1881 -1568 1568 1568
63986448 -1881 1881 1881 -1881 -1881 -1881 1881 1881 -1881 -1881 1881 1881 1881 1881 -1881 -1881 -1568 1568 1568
63986448 1881 -1881 1881 -1881 1881 1881 -1881 1881 -1881 -1881 1881 1881 -1881 1881 -1881 -1881 -1568 1568 1568
63986448 -1881 -1881 -1881 1881 -1881 1881 1881 -1881 -1881 -1881 1881 1881 -1881 1881 -1881 -1881 -1568 1568 1568
63986448 1881 1881 -1881 1881 1881 -1881 -1881 -1881 -1881 -1881 1881 1881 1881 1881 -1881 -1881 -1568 1568 1568
63986448 1881 -1881 1881 -1881 -1881 -1881 -1881 1881 1881 -1881 1881 -1881 1881 1881 1881 -1881 -1568 1568 1568
63986448 -1881 1881 1881 -1881 1881 1881 1881 1881 1881 -1881 1881 -1881 -1881 1881 1881 -1881 -1568 1568 1568
63986448 1881 1881 -1881 1881 -1881 1881 -1881 -1881 1881 -1881 1881 -1881 -1881 1881 1881 -1881 -1568 1568 1568
63986448 -1881 -1881 -1881 1881 1881 -1881 1881 -1881 1881 -1881 1881 -1881 1881 1881 1881 -1881 -1568 1568 1568
63986448 -1881 -1881 -1881 -1881 -1881 1881 1881 1881 -1881 -1881 -1881 -1881 1881 1881 1881 -1881 -1568 1568 1568
63986448 1881 1881 -1881 -1881 1881 -1881 -1881 1881 -1881 -1881 -1881 -1881 -1881 1881 1881 -1881 -1568 1568 1568
63986448 -1881 1881 1881 1881 -1881 -1881 1881 -1881 -1881 -1881 -1881 -1881 -1881 1881 1881 -1881 -1568 1568 1568
63986448 1881 -1881 1881 1881 1881 1881 -1881 -1881 -1881 -1881 -1881 -1881 1881 1881 1881 -1881 -1568 1568 1568
63986448 1881 -1881 -1881 -1881 -1881 -1881 1881 1881 1881 1881 -1881 1881 1881 -1881 1881 -1881 -1568 1568 1568
63986448 -1881 1881 -1881 -1881 1881 1881 -1881 1881 1881 1881 -1881 1881 -1881 -1881 1881 -1881 -1568 1568 1568
63986448 1881 1881 1881 1881 -1881 1881 1881 -1881 1881 1881 -1881 1881 -1881 -1881 1881 -1881 -1568 1568 1568
63986448 -1881 -1881 1881 1881 1881 -1881 -1881 -1881 1881 1881 -1881 1881 1881 -1881 1881 -1881 -1568 1568 1568
63986448 -1881 -1881 1881 -1881 -1881 1881 -1881 1881 -1881 1881 1881 1881 1881 -1881 1881 -1881 -1568 1568 1568
63986448 1881 1881 1881 -1881 1881 -1881 1881 1881 -1881 1881 1881 1881 -1881 -1881 1881 -1881 -1568 1568 1568
63986448 -1881 1881 -1881 1881 -1881 -1881 -1881 -1881 -1881 1881 1881 1881 -1881 -1881 1881 -1881 -1568 1568 1568
63986448 1881 -1881 -1881 1881 1881 1881 1881 -1881 -1881 1881 1881 1881 1881 -1881 1881 -1881 -1568 1568 1568
63986448 1881 1881 1881 -1881 -1881 1881 1881 1881 1881 1881 1881 -1881 1881 -1881 -1881 -1881 -1568 1568 1568
63986448 -1881 -1881 1881 -1881 1881 -1881 -1881 1881 1881 1881 1881 -1881 -1881 -1881 -1881 -1881 -1568 1568 1568
63986448 1881 -1881 -1881 1881 -1881 -1881 1881 -1881 1881 1881 1881 -1881 -1881 -1881 -1881 -1881 -1568 1568 1568
63986448 -1881 1881 -1881 1881 1881 1881 -1881 -1881 1881 1881 1881 -1881 1881 -1881 -1881 -1881 -1568 1568 1568
63986448 -1881 1881 -1881 -1881 -1881 -1881 -1881 1881 -1881 1881 -1881 -1881 1881 -1881 -1881 -1881 -1568 1568 1568
63986448 1881 -1881 -1881 -1881 1881 1881 1881 1881 -1881 1881 -1881 -1881 -1881 -1881 -1881 -1881 -1568 1568 1568
63986448 -1881 -1881 1881 1881 -1881 1881 -1881 -1881 -1881 1881 -1881 -1881 -1881 -1881 -1881 -1881 -1568 1568 1568
63986448 1881 1881 1881 1881 1881 -1881 1881 -1881 -1881 1881 -1881 -1881 1881 -1881 -1881 -1881 -1568 1568 1568
63986448 -1881 -1881 1881 -1881 -1881 -1881 1881 -1881 1881 -1881 1881 1881 -1881 -1881 1881 -1881 -1568 1568 1568
63986448 1881 1881 1881 -1881 1881 1881 -1881 -1881 1881 -1881 1881 1881 1881 -1881 1881 -1881 -1568 1568 1568
63986448 -1881 1881 -1881 1881 -1881 1881 1881 1881 1881 -1881 1881 1881 1881 -1881 1881 -1881 -1568 1568 1568
63986448 1881 -1881 -1881 1881 1881 -1881 -1881 1881 1881 -1881 1881 1881 -1881 -1881 1881 -1881 -1568 1568 1568
63986448 1881 -1881 -1881 -1881 -1881 1881 -1881 -1881 -1881 -1881 -1881 1881 -1881 -1881 1881 -1881 -1568 1568 1568
63986448 -1881 1881 -1881 -1881 1881 -1881 1881 -1881 -1881 -1881 -1881 1881 1881 -1881 1881 -1881 -1568 1568 1568
63986448 1881 1881 1881 1881 -1881 -1881 -1881 1881 -1881 -1881 -1881 1881 1881 -1881 1881 -1881 -1568 1568 1568
63986448 -1881 -1881 1881 1881 1881 1881 1881 1881 -1881 -1881 -1881 1881 -1881 -1881 1881 -1881 -1568 1568 1568
63986448 -1881 1881 -1881 -1881 -1881 1881 1881 -1881 1881 -1881 -1881 -1881 -1881 -1881 -1881 -1881 -1568 1568 1568
63986448 1881 -1881 -1881 -1881 1881 -1881 -1881 -1881 1881 -1881 -1881 -1881 1881 -1881 -1881 -1881 -1568 1568 1568
63986448 -1881 -1881 1881 1881 -1881 -1881 1881 1881 1881 -1881 -1881 -1881 1881 -1881 -1881 -1881 -1568 1568 1568
63986448 1881 1881 1881 1881 1881 1881 -1881 1881 1881 -1881 -1881 -1881 -1881 -1881 -1881 -1881 -1568 1568 1568
63986448 1881 1881 1881 -1881 -1881 -1881 -1881 -1881 -1881 -1881 1881 -1881 -1881 -1881 -1881 -1881 -1568 1568 1568
63986448 -1881 -1881 1881 -1881 1881 1881 1881 -1881 -1881 -1881 1881 -1881 1881 -1881 -1881 -1881 -1568 1568 1568
63986448 1881 -1881 -1881 1881 -1881 1881 -1881 1881 -1881 -1881 1881 -1881 1881 -1881 -1881 -1881 -1568 1568 1568
63986448 -1881 1881 -1881 1881 1881 -1881 1881 1881 -1881 -1881 1881 -1881 -1881 -1881 -1881 -1881 -1568 1568 1568
63989451 -1858 -1885 -1885 -1858 -1858 -1856 1885 1856 1885 1858 -1885 1856 -1856 1885 1885 1885 1593 -1649 1649
63989451 1858 1885 -1885 -1858 1858 1856 -1885 1856 1885 1858 -1885 1856 1856 1885 1885 1885 1593 -1649 1649
63989451 -1858 1885 1885 1858 -1858 1856 1885 -1856 1885 1858 -1885 1856 1856 1885 1885 1885 1593 -1649 1649
63989451 1858 -1885 1885 1858 1858 -1856 -1885 -1856 1885 1858 -1885 1856 -1856 1885 1885 1885 1593 -1649 1649
63989451 1858 -1885 1885 -1858 -1858 1856 -1885 1856 -1885 1858 1885 1856 -1856 1885 1885 1885 1593 -1649 1649
63989451 -1858 1885 1885 -1858 1858 -1856 1885 1856 -1885 1858 1885 1856 1856 1885 1885 1885 1593 -1649 1649
63989451 1858 1885 -1885 1858 -1858 -1856 -1885 -1856 -1885 1858 1885 1856 1856 1885 1885 1885 1593 -1649 1649
63989451 -1858 -1885 -1885 1858 1858 1856 1885 -1856 -1885 1858 1885 1856 -1856 1885 1885 1885 1593 -1649 1649
63989451 -1858 1885 1885 -1858 -1858 1856 1885 1856 1885 1858 1885 -1856 -1856 1885 -1885 1885 1593 -1649 1649
63989451 1858 -1885 1885 -1858 1858 -1856 -1885 1856 1885 1858 1885 -1856 1856 1885 -1885 1885 1593 -1649 1649
63989451 -1858 -1885 -1885 1858 -1858 -1856 1885 -1856 1885 1858 1885 -1856 1856 1885 -1885 1885 1593 -1649 1649
63989451 1858 1885 -1885 1858 1858 1856 -1885 -1856 1885 1858 1885 -1856 -1856 1885 -1885 1885 1593 -1649 1649
63989451 1858 1885 -1885 -1858 -1858 -1856 -1885 1856 -1885 1858 -1885 -1856 -1856 1885 -1885 1885 1593 -1649 1649
63989451 -1858 -1885 -1885 -1858 1858 1856 1885 1856 -1885 1858 -1885 -1856 1856 1885 -1885 1885 1593 -1649 1649
63989451 1858 -1885 1885 1858 -1858 1856 -1885 -1856 -1885 1858 -1885 -1856 1856 1885 -1885 1885 1593 -1649 1649
63989451 -1858 1885 1885 1858 1858 -1856 1885 -1856 -1885 1858 -1885 -1856 -1856 1885 -1885 1885 1593 -1649 1649
63989451 1858 -1885 1885 -1858 -1858 -1856 1885 -1856 1885 -1858 1885 1856 1856 1885 1885 1885 1593 -1649 1649
63989451 -1858 1885 1885 -1858 1858 1856 -1885 -1856 1885 -1858 1885 1856 -1856 1885 1885 1885 1593 -1649 1649
63989451 1858 1885 -1885 1858 -1858 1856 1885 1856 1885 -1858 1885 1856 -1856 1885 1885 1885 1593 -1649 1649
63989451 -1858 -1885 -1885 1858 1858 -1856 -1885 1856 1885 -1858 1885 1856 1856 1885 1885 1885 1593 -1649 1649
63989451 -1858 -1885 -1885 -1858 -1858 1856 -1885 -1856 -1885 -1858 -1885 1856 1856 1885 1885 1885 1593 -1649 1649
63989451 1858 1885 -1885 -1858 1858 -1856 1885 -1856 -1885 -1858 -1885 1856 -1856 1885 1885 1885 1593 -1649 1649
63989451 -1858 1885 1885 1858 -1858 -1856 -1885 1856 -1885 -1858 -1885 1856 -1856 1885 1885 1885 1593 -1649 1649
63989451 1858 -1885 1885 1858 1858 1856 1885 1856 -1885 -1858 -1885 1856 1856 1885 1885 1885 1593 -1649 1649
63989451 1858 1885 -1885 -1858 -1858 1856 1885 -1856 1885 -1858 -1885 -1856 1856 1885 -1885 1885 1593 -1649 1649
63989451 -1858 -1885 -1885 -1858 1858 -1856 -1885 -1856 1885 -1858 -1885 -1856 -1856 1885 -1885 1885 1593 -1649 1649
63989451 1858 -1885 1885 1858 -1858 -1856 1885 1856 1885 -1858 -1885 -1856 -1856 1885 -1885 1885 1593 -1649 1649
63989451 -1858 1885 1885 1858 1858 1856 -1885 1856 1885 -1858 -1885 -1856 1856 1885 -1885 1885 1593 -1649 1649
63989451 -1858 1885 1885 -1858 -1858 -1856 -1885 -1856 -1885 -1858 1885 -1856 1856 1885 -1885 1885 1593 -1649 1649
63989451 1858 -1885 1885 -1858 1858 1856 1885 -1856 -1885 -1858 1885 -1856 -1856 1885 -1885 1885 1593 -1649 1649
63989451 -1858 -1885 -1885 1858 -1858 1856 -1885 1856 -1885 -1858 1885 -1856 -1856 1885 -1885 1885 1593 -1649 1649
63989451 1858 1885 -1885 1858 1858 -1856 1885 1856 -1885 -1858 1885 -1856 1856 1885 -1885 1885 1593 -1649 1649
63989451 1858 1885 1885 -1858 -1858 1856 -1885 -1856 1885 1858 1885 1856 1856 -1885 -1885 1885 1593 -1649 1649
63989451 -1858 -1885 1885 -1858 1858 -1856 1885 -1856 1885 1858 1885 1856 -1856 -1885 -1885 1885 1593 -1649 1649
63989451 1858 -1885 -1885 1858 -1858 -1856 -1885 1856 1885 1858 1885 1856 -1856 -1885 -1885 1885 1593 -1649 1649
63989451 -1858 1885 -1885 1858 1858 1856 1885 1856 1885 1858 1885 1856 1856 -1885 -1885 1885 1593 -1649 1649
63989451 -1858 1885 -1885 -1858 -1858 -1856 1885 -1856 -1885 1858 -1885 1856 1856 -1885 -1885 1885 1593 -1649 1649
63989451 1858 -1885 -1885 -1858 1858 1856 -1885 -1856 -1885 1858 -1885 1856 -1856 -1885 -1885 1885 1593 -1649 1649
63989451 -1858 -1885 1885 1858 -1858 1856 1885 1856 -1885 1858 -1885 1856 -1856 -1885 -1885 1885 1593 -1649 1649
63989451 1858 1885 1885 1858 1858 -1856 -1885 1856 -1885 1858 -1885 1856 1856 -1885 -1885 1885 1593 -1649 1649
63989451 1858 -1885 -1885 -1858 -1858 -1856 -1885 -1856 1885 1858 -1885 -1856 1856 -1885 1885 1885 1593 -1649 1649
63989451 -1858 1885 -1885 -1858 1858 1856 1885 -1856 1885 1858 -1885 -1856 -1856 -1885 1885 1885 1593 -1649 1649
63989451 1858 1885 1885 1858 -1858 1856 -1885 1856 1885 1858 -1885 -1856 -1856 -1885 1885 1885 1593 -1649 1649
63989451 -1858 -1885 1885 1858 1858 -1856 1885 1856 1885 1858 -1885 -1856 1856 -1885 1885 1885 1593 -1649 1649
63989451 -1858 -1885 1885 -1858 -1858 1856 1885 -1856 -1885 1858 1885 -1856 1856 -1885 1885 1885 1593 -1649 1649
63989451 1858 1885 1885 -1858 1858 -1856 -1885 -1856 -1885 1858 1885 -1856 -1856 -1885 1885 1885 1593 -1649 1649
63989451 -1858 1885 -1885 1858 -1858 -1856 1885 1856 -1885 1858 1885 -1856 -1856 -1885 1885 1885 1593 -1649 1649
63989451 1858 -1885 -1885 1858 1858 1856 -1885 1856 -1885 1858 1885 -1856 1856 -1885 1885 1885 1593 -1649 1649
63989451 -1858 1885 -1885 -1858 -1858 1856 -1885 1856 1885 -1858 -1885 1856 -1856 -1885 -1885 1885 1593 -1649 1649
63989451 1858 -1885 -1885 -1858 1858 -1856 1885 1856 1885 -1858 -1885 1856 1856 -1885 -1885 1885 1593 -1649 1649
63989451 -1858 -1885 1885 1858 -1858 -1856 -1885 -1856 1885 -1858 -1885 1856 1856 -1885 -1885 1885 1593 -1649 1649
63989451 1858 1885 1885 1858 1858 1856 1885 -1856 1885 -1858 -1885 1856 -1856 -1885 -1885 1885 1593 -1649 1649
63989451 1858 1885 1885 -1858 -1858 -1856 1885 1856 -1885 -1858 1885 1856 -1856 -1885 -1885 1885 1593 -1649 1649
63989451 -1858 -1885 1885 -1858 1858 1856 -1885 1856 -1885 -1858 1885 1856 1856 -1885 -1885 1885 1593 -1649 1649
63989451 1858 -1885 -1885 1858 -1858 1856 1885 -1856 -1885 -1858 1885 1856 1856 -1885 -1885 1885 1593 -1649 1649
63989451 -1858 1885 -1885 1858 1858 -1856 -1885 -1856 -1885 -1858 1885 1856 -1856 -1885 -1885 1885 1593 -1649 1649
63989451 -1858 -1885 1885 -1858 -1858 -1856 -1885 1856 1885 -1858 1885 -1856 -1856 -1885 1885 1885 1593 -1649 1649
63989451 1858 1885 1885 -1858 1858 1856 1885 1856 1885 -1858 1885 -1856 1856 -1885 1885 1885 1593 -1649 1649
63989451 -1858 1885 -1885 1858 -1858 1856 -1885 -1856 1885 -1858 1885 -1856 1856 -1885 1885 1885 1593 -1649 1649
63989451 1858 -1885 -1885 1858 1858 -1856 1885 -1856 1885 -1858 1885 -1856 -1856 -1885 1885 1885 1593 -1649 1649
63989451 1858 -1885 -1885 -1858 -1858 1856 1885 1856 -1885 -1858 -1885 -1856 -1856 -1885 1885 1885 1593 -1649 1649
63989451 -1858 1885 -1885 -1858 1858 -1856 -1885 1856 -1885 -1858 -1885 -1856 1856 -1885 1885 1885 1593 -1649 1649
63989451 1858 1885 1885 1858 -1858 -1856 1885 -1856 -1885 -1858 -1885 -1856 1856 -1885 1885 1885 1593 -1649 1649
63989451 -1858 -1885 1885 1858 1858 1856 -1885 -1856 -1885 -1858 -1885 -1856 -1856 -1885 1885 1885 1593 -1649 1649
63989451 1858 1885 -1885 -1858 -1858 -1856 1885 1856 1885 1858 1885 1856 1856 1885 -1885 -1885 1593 -1649 1649
63989451 -1858 -1885 -1885 -1858 1858 1856 -1885 1856 1885 1858 1885 1856 -1856 1885 -1885 -1885 1593 -1649 1649
63989451 1858 -1885 1885 1858 -1858 1856 1885 -1856 1885 1858 1885 1856 -1856 1885 -1885 -1885 1593 -1649 1649
63989451 -1858 1885 1885 1858 1858 -1856 -1885 -1856 1885 1858 1885 1856 1856 1885 -1885 -1885 1593 -1649 1649
63989451 -1858 1885 1885 -1858 -1858 1856 -1885 1856 -1885 1858 -1885 1856 1856 1885 -1885 -1885 1593 -1649 1649
63989451 1858 -1885 1885 -1858 1858 -1856 1885 1856 -1885 1858 -1885 1856 -1856 1885 -1885 -1885 1593 -1649 1649
63989451 -1858 -1885 -1885 1858 -1858 -1856 -1885 -1856 -1885 1858 -1885 1856 -1856 1885 -1885 -1885 1593 -1649 1649
63989451 1858 1885 -1885 1858 1858 1856 1885 -1856 -1885 1858 -1885 1856 1856 1885 -1885 -1885 1593 -1649 1649
63989451 1858 -1885 1885 -1858 -1858 1856 1885 1856 1885 1858 -1885 -1856 1856 1885 1885 -1885 1593 -1649 1649
63989451 -1858 1885 1885 -1858 1858 -1856 -1885 1856 1885 1858 -1885 -1856 -1856 1885 1885 -1885 1593 -1649 1649
63989451 1858 1885 -1885 1858 -1858 -1856 1885 -1856 1885 1858 -1885 -1856 -1856 1885 1885 -1885 1593 -1649 1649
63989451 -1858 -1885 -1885 1858 1858 1856 -1885 -1856 1885 1858 -1885 -1856 1856 1885 1885 -1885 1593 -1649 1649
63989451 -1858 -1885 -1885 -1858 -1858 -1856 -1885 1856 -1885 1858 1885 -1856 1856 1885 1885 -1885 1593 -1649 1649
63989451 1858 1885 -1885 -1858 1858 1856 1885 1856 -1885 1858 1885 -1856 -1856 1885 1885 -1885 1593 -1649 1649
63989451 -1858 1885 1885 1858 -1858 1856 -1885 -1856 -1885 1858 1885 -1856 -1856 1885 1885 -1885 1593 -1649 1649
63989451 1858 -1885 1885 1858 1858 -1856 1885 -1856 -1885 1858 1885 -1856 1856 1885 1885 -1885 1593 -1649 1649
63989451 -1858 1885 1885 -1858 -1858 -1856 1885 -1856 1885 -1858 -1885 1856 -1856 1885 -1885 -1885 1593 -1649 1649
63989451 1858 -1885 1885 -1858 1858 1856 -1885 -1856 1885 -1858 -1885 1856 1856 1885 -1885 -1885 1593 -1649 1649
63989451 -1858 -1885 -1885 1858 -1858 1856 1885 1856 1885 -1858 -1885 1856 1856 1885 -1885 -1885 1593 -1649 1649
63989451 1858 1885 -1885 1858 1858 -1856 -1885 1856 1885 -1858 -1885 1856 -1856 1885 -1885 -1885 1593 -1649 1649
63989451 1858 1885 -1885 -1858 -1858 1856 -1885 -1856 -1885 -1858 1885 1856 -1856 1885 -1885 -1885 1593 -1649 1649
63989451 -1858 -1885 -1885 -1858 1858 -1856 1885 -1856 -1885 -1858 1885 1856 1856 1885 -1885 -1885 1593 -1649 1649
63989451 1858 -1885 1885 1858 -1858 -1856 -1885 1856 -1885 -1858 1885 1856 1856 1885 -1885 -1885 1593 -1649 1649
63989451 -1858 1885 1885 1858 1858 1856 1885 1856 -1885 -1858 1885 1856 -1856 1885 -1885 -1885 1593 -1649 1649
63989451 -1858 -1885 -1885 -1858 -1858 1856 1885 -1856 1885 -1858 1885 -1856 -1856 1885 1885 -1885 1593 -1649 1649
63989451 1858 1885 -1885 -1858 1858 -1856 -1885 -1856 1885 -1858 1885 -1856 1856 1885 1885 -1885 1593 -1649 1649
63989451 -1858 1885 1885 1858 -1858 -1856 1885 1856 1885 -1858 1885 -1856 1856 1885 1885 -1885 1593 -1649 1649
63989451 1858 -1885 1885 1858 1858 1856 -1885 1856 1885 -1858 1885 -1856 -1856 1885 1885 -1885 1593 -1649 1649
63989451 1858 -1885 1885 -1858 -1858 -1856 -1885 -1856 -1885 -1858 -1885 -1856 -1856 1885 1885 -1885 1593 -1649 1649
63989451 -1858 1885 1885 -1858 1858 1856 1885 -1856 -1885 -1858 -1885 -1856 1856 1885 1885 -1885 1593 -1649 1649
63989451 1858 1885 -1885 1858 -1858 1856 -1885 1856 -1885 -1858 -1885 -1856 1856 1885 1885 -1885 1593 -1649 1649
63989451 -1858 -1885 -1885 1858 1858 -1856 1885 1856 -1885 -1858 -1885 -1856 -1856 1885 1885 -1885 1593 -1649 1649
63989451 -1858 -1885 1885 -1858 -1858 1856 -1885 -1856 1885 1858 -1885 1856 -1856 -1885 1885 -1885 1593 -1649 1649
63989451 1858 1885 1885 -1858 1858 -1856 1885 -1856 1885 1858 -1885 1856 1856 -1885 1885 -1885 1593 -1649 1649
63989451 -1858 1885 -1885 1858 -1858 -1856 -1885 1856 1885 1858 -1885 1856 1856 -1885 1885 -1885 1593 -1649 1649
63989451 1858 -1885 -1885 1858 1858 1856 1885 1856 1885 1858 -1885 1856 -1856 -1885 1885 -1885 1593 -1649 1649
63989451 1858 -1885 -1885 -1858 -1858 -1856 1885 -1856 -1885 1858 1885 1856 -1856 -1885 1885 -1885 1593 -1649 1649
63989451 -1858 1885 -1885 -1858 1858 1856 -1885 -1856 -1885 1858 1885 1856 1856 -1885 1885 -1885 1593 -1649 1649
63989451 1858 1885 1885 1858 -1858 1856 1885 1856 -1885 1858 1885 1856 1856 -1885 1885 -1885 1593 -1649 1649
63989451 -1858 -1885 1885 1858 1858 -1856 -1885 1856 -1885 1858 1885 1856 -1856 -1885 1885 -1885 1593 -1649 1649
63989451 -1858 1885 -1885 -1858 -1858 -1856 -1885 -1856 1885 1858 1885 -1856 -1856 -1885 -1885 -1885 1593 -1649 1649
63989451 1858 -1885 -1885 -1858 1858 1856 1885 -1856 1885 1858 1885 -1856 1856 -1885 -1885 -1885 1593 -1649 1649
63989451 -1858 -1885 1885 1858 -1858 1856 -1885 1856 1885 1858 1885 -1856 1856 -1885 -1885 -1885 1593 -1649 1649
63989451 1858 1885 1885 1858 1858 -1856 1885 1856 1885 1858 1885 -1856 -1856 -1885 -1885 -1885 1593 -1649 1649
63989451 1858 1885 1885 -1858 -1858 1856 1885 -1856 -1885 1858 -1885 -1856 -1856 -1885 -1885 -1885 1593 -1649 1649
63989451 -1858 -1885 1885 -1858 1858 -1856 -1885 -1856 -1885 1858 -1885 -1856 1856 -1885 -1885 -1885 1593 -1649 1649
63989451 1858 -1885 -1885 1858 -1858 -1856 1885 1856 -1885 1858 -1885 -1856 1856 -1885 -1885 -1885 1593 -1649 1649
63989451 -1858 1885 -1885 1858 1858 1856 -1885 1856 -1885 1858 -1885 -1856 -1856 -1885 -1885 -1885 1593 -1649 1649
63989451 1858 -1885 -1885 -1858 -1858 1856 -1885 1856 1885 -1858 1885 1856 1856 -1885 1885 -1885 1593 -1649 1649
63989451 -1858 1885 -1885 -1858 1858 -1856 1885 1856 1885 -1858 1885 1856 -1856 -1885 1885 -1885 1593 -1649 1649
63989451 1858 1885 1885 1858 -1858 -1856 -1885 -1856 1885 -1858 1885 1856 -1856 -1885 1885 -1885 1593 -1649 1649
63989451 -1858 -1885 1885 1858 1858 1856 1885 -1856 1885 -1858 1885 1856 1856 -1885 1885 -1885 1593 -1649 1649
63989451 -1858 -1885 1885 -1858 -1858 -1856 1885 1856 -1885 -1858 -1885 1856 1856 -1885 1885 -1885 1593 -1649 1649
63989451 1858 1885 1885 -1858 1858 1856 -1885 1856 -1885 -1858 -1885 1856 -1856 -1885 1885 -1885 1593 -1649 1649
63989451 -1858 1885 -1885 1858 -1858 1856 1885 -1856 -1885 -1858 -1885 1856 -1856 -1885 1885 -1885 1593 -1649 1649
63989451 1858 -1885 -1885 1858 1858 -1856 -1885 -1856 -1885 -1858 -1885 1856 1856 -1885 1885 -1885 1593 -1649 1649
63989451 1858 1885 1885 -1858 -1858 -1856 -1885 1856 1885 -1858 -1885 -1856 1856 -1885 -1885 -1885 1593 -1649 1649
63989451 -1858 -1885 1885 -1858 1858 1856 1885 1856 1885 -1858 -1885 -1856 -1856 -1885 -1885 -1885 1593 -1649 1649
63989451 1858 -1885 -1885 1858 -1858 1856 -1885 -1856 1885 -1858 -1885 -1856 -1856 -1885 -1885 -1885 1593 -1649 1649
63989451 -1858 1885 -1885 1858 1858 -1856 1885 -1856 1885 -1858 -1885 -1856 1856 -1885 -1885 -1885 1593 -1649 1649
63989451 -1858 1885 -1885 -1858 -1858 1856 1885 1856 -1885 -1858 1885 -1856 1856 -1885 -1885 -1885 1593 -1649 1649
63989451 1858 -1885 -1885 -1858 1858 -1856 -1885 1856 -1885 -1858 1885 -1856 -1856 -1885 -1885 -1885 1593 -1649 1649
63989451 -1858 -1885 1885 1858 -1858 -1856 1885 -1856 -1885 -1858 1885 -1856 -1856 -1885 -1885 -1885 1593 -1649 1649
63989451 1858 1885 1885 1858 1858 1856 -1885 -1856 -1885 -1858 1885 -1856 1856 -1885 -1885 -1885 1593 -1649 1649
63986448 1881 -1881 -1881 -1881 -1881 -1881 -1881 1881 1881 1881 1881 1881 1881 1881 1881 1881 -1568 -1568 1568
63986448 -1881 1881 -1881 -1881 1881 1881 1881 1881 1881 1881 1881 1881 -1881 1881 1881 1881 -1568 -1568 1568
63986448 1881 1881 1881 1881 -1881 1881 -1881 -1881 1881 1881 1881 1881 -1881 1881 1881 1881 -1568 -1568 1568
63986448 -1881 -1881 1881 1881 1881 -1881 1881 -1881 1881 1881 1881 1881 1881 1881 1881 1881 -1568 -1568 1568
63986448 -1881 -1881 1881 -1881 -1881 1881 1881 1881 -1881 1881 -1881 1881 1881 1881 1881 1881 -1568 -1568 1568
63986448 1881 1881 1881 -1881 1881 -1881 -1881 1881 -1881 1881 -1881 1881 -1881 1881 1881 1881 -1568 -1568 1568
63986448 -1881 1881 -1881 1881 -1881 -1881 1881 -1881 -1881 1881 -1881 1881 -1881 1881 1881 1881 -1568 -1568 1568
63986448 1881 -1881 -1881 1881 1881 1881 -1881 -1881 -1881 1881 -1881 1881 1881 1881 1881 1881 -1568 -1568 1568
63986448 1881 1881 1881 -1881 -1881 1881 -1881 1881 1881 1881 -1881 -1881 1881 1881 -1881 1881 -1568 -1568 1568
63986448 -1881 -1881 1881 -1881 1881 -1881 1881 1881 1881 1881 -1881 -1881 -1881 1881 -1881 1881 -1568 -1568 1568
63986448 1881 -1881 -1881 1881 -1881 -1881 -1881 -1881 1881 1881 -1881 -1881 -1881 1881 -1881 1881 -1568 -1568 1568
63986448 -1881 1881 -1881 1881 1881 1881 1881 -1881 1881 1881 -1881 -1881 1881 1881 -1881 1881 -1568 -1568 1568
63986448 -1881 1881 -1881 -1881 -1881 -1881 1881 1881 -1881 1881 1881 -1881 1881 1881 -1881 1881 -1568 -1568 1568
63986448 1881 -1881 -1881 -1881 1881 1881 -1881 1881 -1881 1881 1881 -1881 -1881 1881 -1881 1881 -1568 -1568 1568
63986448 -1881 -1881 1881 1881 -1881 1881 1881 -1881 -1881 1881 1881 -1881 -1881 1881 -1881 1881 -1568 -1568 1568
63986448 1881 1881 1881 1881 1881 -1881 -1881 -1881 -1881 1881 1881 -1881 1881 1881 -1881 1881 -1568 -1568 1568
63986448 -1881 -1881 1881 -1881 -1881 -1881 -1881 -1881 1881 -1881 -1881 1881 -1881 1881 1881 1881 -1568 -1568 1568
63986448 1881 1881 1881 -1881 1881 1881 1881 -1881 1881 -1881 -1881 1881 1881 1881 1881 1881 -1568 -1568 1568
63986448 -1881 1881 -1881 1881 -1881 1881 -1881 1881 1881 -1881 -1881 1881 1881 1881 1881 1881 -1568 -1568 1568
63986448 1881 -1881 -1881 1881 1881 -1881 1881 1881 1881 -1881 -1881 1881 -1881 1881 1881 1881 -1568 -1568 1568
63986448 1881 -1881 -1881 -1881 -1881 1881 1881 -1881 -1881 -1881 1881 1881 -1881 1881 1881 1881 -1568 -1568 1568
63986448 -1881 1881 -1881 -1881 1881 -1881 -1881 -1881 -1881 -1881 1881 1881 1881 1881 1881 1881 -1568 -1568 1568
63986448 1881 1881 1881 1881 -1881 -1881 1881 1881 -1881 -1881 1881 1881 1881 1881 1881 1881 -1568 -1568 1568
63986448 -1881 -1881 1881 1881 1881 1881 -1881 1881 -1881 -1881 1881 1881 -1881 1881 1881 1881 -1568 -1568 1568
63986448 -1881 1881 -1881 -1881 -1881 1881 -1881 -1881 1881 -1881 1881 -1881 -1881 1881 -1881 1881 -1568 -1568 1568
63986448 1881 -1881 -1881 -1881 1881 -1881 1881 -1881 1881 -1881 1881 -1881 1881 1881 -1881 1881 -1568 -1568 1568
63986448 -1881 -1881 1881 1881 -1881 -1881 -1881 1881 1881 -1881 1881 -1881 1881 1881 -1881 1881 -1568 -1568 1568
63986448 1881 1881 1881 1881 1881 1881 1881 1881 1881 -1881 1881 -1881 -1881 1881 -1881 1881 -1568 -1568 1568
63986448 1881 1881 1881 -1881 -1881 -1881 1881 -1881 -1881 -1881 -1881 -1881 -1881 1881 -1881 1881 -1568 -1568 1568
63986448 -1881 -1881 1881 -1881 1881 1881 -1881 -1881 -1881 -1881 -1881 -1881 1881 1881 -1881 1881 -1568 -1568 1568
63986448 1881 -1881 -1881 1881 -1881 1881 1881 1881 -1881 -1881 -1881 -1881 1881 1881 -1881 1881 -1568 -1568 1568
63986448 -1881 1881 -1881 1881 1881 -1881 -1881 1881 -1881 -1881 -1881 -1881 -1881 1881 -1881 1881 -1568 -1568 1568
63986448 -1881 1881 1881 -1881 -1881 1881 1881 -1881 1881 1881 -1881 1881 -1881 -1881 -1881 1881 -1568 -1568 1568
63986448 1881 -1881 1881 -1881 1881 -1881 -1881 -1881 1881 1881 -1881 1881 1881 -1881 -1881 1881 -1568 -1568 1568
63986448 -1881 -1881 -1881 1881 -1881 -1881 1881 1881 1881 1881 -1881 1881 1881 -1881 -1881 1881 -1568 -1568 1568
63986448 1881 1881 -1881 1881 1881 1881 -1881 1881 1881 1881 -1881 1881 -1881 -1881 -1881 1881 -1568 -1568 1568
63986448 1881 1881 -1881 -1881 -1881 -1881 -1881 -1881 -1881 1881 1881 1881 -1881 -1881 -1881 1881 -1568 -1568 1568
63986448 -1881 -1881 -1881 -1881 1881 1881 1881 -1881 -1881 1881 1881 1881 1881 -1881 -1881 1881 -1568 -1568 1568
63986448 1881 -1881 1881 1881 -1881 1881 -1881 1881 -1881 1881 1881 1881 1881 -1881 -1881 1881 -1568 -1568 1568
63986448 -1881 1881 1881 1881 1881 -1881 1881 1881 -1881 1881 1881 1881 -1881 -1881 -1881 1881 -1568 -1568 1568
63986448 -1881 -1881 -1881 -1881 -1881 -1881 1881 -1881 1881 1881 1881 -1881 -1881 -1881 1881 1881 -1568 -1568 1568
63986448 1881 1881 -1881 -1881 1881 1881 -1881 -1881 1881 1881 1881 -1881 1881 -1881 1881 1881 -1568 -1568 1568
63986448 -1881 1881 1881 1881 -1881 1881 1881 1881 1881 1881 1881 -1881 1881 -1881 1881 1881 -1568 -1568 1568
63986448 1881 -1881 1881 1881 1881 -1881 -1881 1881 1881 1881 1881 -1881 -1881 -1881 1881 1881 -1568 -1568 1568
63986448 1881 -1881 1881 -1881 -1881 1881 -1881 -1881 -1881 1881 -1881 -1881 -1881 -1881 1881 1881 -1568 -1568 1568
63986448 -1881 1881 1881 -1881 1881 -1881 1881 -1881 -1881 1881 -1881 -1881 1881 -1881 1881 1881 -1568 -1568 1568
63986448 1881 1881 -1881 1881 -1881 -1881 -1881 1881 -1881 1881 -1881 -1881 1881 -1881 1881 1881 -1568 -1568 1568
63986448 -1881 -1881 -1881 1881 1881 1881 1881 1881 -1881 1881 -1881 -1881 -1881 -1881 1881 1881 -1568 -1568 1568
63986448 1881 1881 -1881 -1881 -1881 1881 1881 1881 1881 -1881 1881 1881 1881 -1881 -1881 1881 -1568 -1568 1568
63986448 -1881 -1881 -1881 -1881 1881 -1881 -1881 1881 1881 -1881 1881 1881 -1881 -1881 -1881 1881 -1568 -1568 1568
63986448 1881 -1881 1881 1881 -1881 -1881 1881 -1881 1881 -1881 1881 1881 -1881 -1881 -1881 1881 -1568 -1568 1568
63986448 -1881 1881 1881 1881 1881 1881 -1881 -1881 1881 -1881 1881 1881 1881 -1881 -1881 1881 -1568 -1568 1568
63986448 -1881 1881 1881 -1881 -1881 -1881 -1881 1881 -1881 -1881 -1881 1881 1881 -1881 -1881 1881 -1568 -1568 1568
63986448 1881 -1881 1881 -1881 1881 1881 1881 1881 -1881 -1881 -1881 1881 -1881 -1881 -1881 1881 -1568 -1568 1568
63986448 -1881 -1881 -1881 1881 -1881 1881 -1881 -1881 -1881 -1881 -1881 1881 -1881 -1881 -1881 1881 -1568 -1568 1568
63986448 1881 1881 -1881 1881 1881 -1881 1881 -1881 -1881 -1881 -1881 1881 1881 -1881 -1881 1881 -1568 -1568 1568
63986448 1881 -1881 1881 -1881 -1881 -1881 1881 1881 1881 -1881 -1881 -1881 1881 -1881 1881 1881 -1568 -1568 1568
63986448 -1881 1881 1881 -1881 1881 1881 -1881 1881 1881 -1881 -1881 -1881 -1881 -1881 1881 1881 -1568 -1568 1568
63986448 1881 1881 -1881 1881 -1881 1881 1881 -1881 1881 -1881 -1881 -1881 -1881 -1881 1881 1881 -1568 -1568 1568
63986448 -1881 -1881 -1881 1881 1881 -1881 -1881 -1881 1881 -1881 -1881 -1881 1881 -1881 1881 1881 -1568 -1568 1568
63986448 -1881 -1881 -1881 -1881 -1881 1881 -1881 1881 -1881 -1881 1881 -1881 1881 -1881 1881 1881 -1568 -1568 1568
63986448 1881 1881 -1881 -1881 1881 -1881 1881 1881 -1881 -1881 1881 -1881 -1881 -1881 1881 1881 -1568 -1568 1568
63986448 -1881 1881 1881 1881 -1881 -1881 -1881 -1881 -1881 -1881 1881 -1881 -1881 -1881 1881 1881 -1568 -1568 1568
63986448 1881 -1881 1881 1881 1881 1881 1881 -1881 -1881 -1881 1881 -1881 1881 -1881 1881 1881 -1568 -1568 1568
63986448 -1881 1881 -1881 -1881 -1881 -1881 -1881 1881 1881 1881 -1881 1881 -1881 1881 -1881 -1881 -1568 -1568 1568
63986448 1881 -1881 -1881 -1881 1881 1881 1881 1881 1881 1881 -1881 1881 1881 1881 -1881 -1881 -1568 -1568 1568
63986448 -1881 -1881 1881 1881 -1881 1881 -1881 -1881 1881 1881 -1881 1881 1881 1881 -1881 -1881 -1568 -1568 1568
63986448 1881 1881 1881 1881 1881 -1881 1881 -1881 1881 1881 -1881 1881 -1881 1881 -1881 -1881 -1568 -1568 1568
63986448 1881 1881 1881 -1881 -1881 1881 1881 1881 -1881 1881 1881 1881 -1881 1881 -1881 -1881 -1568 -1568 1568
63986448 -1881 -1881 1881 -1881 1881 -1881 -1881 1881 -1881 1881 1881 1881 1881 1881 -1881 -1881 -1568 -1568 1568
63986448 1881 -1881 -1881 1881 -1881 -1881 1881 -1881 -1881 1881 1881 1881 1881 1881 -1881 -1881 -1568 -1568 1568
63986448 -1881 1881 -1881 1881 1881 1881 -1881 -1881 -1881 1881 1881 1881 -1881 1881 -1881 -1881 -1568 -1568 1568
63986448 -1881 -1881 1881 -1881 -1881 1881 -1881 1881 1881 1881 1881 -1881 -1881 1881 1881 -1881 -1568 -1568 1568
63986448 1881 1881 1881 -1881 1881 -1881 1881 1881 1881 1881 1881 -1881 1881 1881 1881 -1881 -1568 -1568 1568
63986448 -1881 1881 -1881 1881 -1881 -1881 -1881 -1881 1881 1881 1881 -1881 1881 1881 1881 -1881 -1568 -1568 1568
63986448 1881 -1881 -1881 1881 1881 1881 1881 -1881 1881 1881 1881 -1881 -1881 1881 1881 -1881 -1568 -1568 1568
63986448 1881 -1881 -1881 -1881 -1881 -1881 1881 1881 -1881 1881 -1881 -1881 -1881 1881 1881 -1881 -1568 -1568 1568
63986448 -1881 1881 -1881 -1881 1881 1881 -1881 1881 -1881 1881 -1881 -1881 1881 1881 1881 -1881 -1568 -1568 1568
63986448 1881 1881 1881 1881 -1881 1881 1881 -1881 -1881 1881 -1881 -1881 1881 1881 1881 -1881 -1568 -1568 1568
63986448 -1881 -1881 1881 1881 1881 -1881 -1881 -1881 -1881 1881 -1881 -1881 -1881 1881 1881 -1881 -1568 -1568 1568
63986448 1881 1881 1881 -1881 -1881 -1881 -1881 -1881 1881 -1881 1881 1881 1881 1881 -1881 -1881 -1568 -1568 1568
63986448 -1881 -1881 1881 -1881 1881 1881 1881 -1881 1881 -1881 1881 1881 -1881 1881 -1881 -1881 -1568 -1568 1568
63986448 1881 -1881 -1881 1881 -1881 1881 -1881 1881 1881 -1881 1881 1881 -1881 1881 -1881 -1881 -1568 -1568 1568
63986448 -1881 1881 -1881 1881 1881 -1881 1881 1881 1881 -1881 1881 1881 1881 1881 -1881 -1881 -1568 -1568 1568
63986448 -1881 1881 -1881 -1881 -1881 1881 1881 -1881 -1881 -1881 -1881 1881 1881 1881 -1881 -1881 -1568 -1568 1568
63986448 1881 -1881 -1881 -1881 1881 -1881 -1881 -1881 -1881 -1881 -1881 1881 -1881 1881 -1881 -1881 -1568 -1568 1568
63986448 -1881 -1881 1881 1881 -1881 -1881 1881 1881 -1881 -1881 -1881 1881 -1881 1881 -1881 -1881 -1568 -1568 1568
63986448 1881 1881 1881 1881 1881 1881 -1881 1881 -1881 -1881 -1881 1881 1881 1881 -1881 -1881 -1568 -1568 1568
63986448 1881 -1881 -1881 -1881 -1881 1881 -1881 -1881 1881 -1881 -1881 -1881 1881 1881 1881 -1881 -1568 -1568 1568
63986448 -1881 1881 -1881 -1881 1881 -1881 1881 -1881 1881 -1881 -1881 -1881 -1881 1881 1881 -1881 -1568 -1568 1568
63986448 1881 1881 1881 1881 -1881 -1881 -1881 1881 1881 -1881 -1881 -1881 -1881 1881 1881 -1881 -1568 -1568 1568
63986448 -1881 -1881 1881 1881 1881 1881 1881 1881 1881 -1881 -1881 -1881 1881 1881 1881 -1881 -1568 -1568 1568
63986448 -1881 -1881 1881 -1881 -1881 -1881 1881 -1881 -1881 -1881 1881 -1881 1881 1881 1881 -1881 -1568 -1568 1568
63986448 1881 1881 1881 -1881 1881 1881 -1881 -1881 -1881 -1881 1881 -1881 -1881 1881 1881 -1881 -1568 -1568 1568
63986448 -1881 1881 -1881 1881 -1881 1881 1881 1881 -1881 -1881 1881 -1881 -1881 1881 1881 -1881 -1568 -1568 1568
63986448 1881 -1881 -1881 1881 1881 -1881 -1881 1881 -1881 -1881 1881 -1881 1881 1881 1881 -1881 -1568 -1568 1568
63986448 1881 -1881 1881 -1881 -1881 1881 1881 -1881 1881 1881 1881 1881 1881 -1881 1881 -1881 -1568 -1568 1568
63986448 -1881 1881 1881 -1881 1881 -1881 -1881 -1881 1881 1881 1881 1881 -1881 -1881 1881 -1881 -1568 -1568 1568
63986448 1881 1881 -1881 1881 -1881 -1881 1881 1881 1881 1881 1881 1881 -1881 -1881 1881 -1881 -1568 -1568 1568
63986448 -1881 -1881 -1881 1881 1881 1881 -1881 1881 1881 1881 1881 1881 1881 -1881 1881 -1881 -1568 -1568 1568
63986448 -1881 -1881 -1881 -1881 -1881 -1881 -1881 -1881 -1881 1881 -1881 1881 1881 -1881 1881 -1881 -1568 -1568 1568
63986448 1881 1881 -1881 -1881 1881 1881 1881 -1881 -1881 1881 -1881 1881 -1881 -1881 1881 -1881 -1568 -1568 1568
63986448 -1881 1881 1881 1881 -1881 1881 -1881 1881 -1881 1881 -1881 1881 -1881 -1881 1881 -1881 -1568 -1568 1568
63986448 1881 -1881 1881 1881 1881 -1881 1881 1881 -1881 1881 -1881 1881 1881 -1881 1881 -1881 -1568 -1568 1568
63986448 1881 1881 -1881 -1881 -1881 -1881 1881 -1881 1881 1881 -1881 -1881 1881 -1881 -1881 -1881 -1568 -1568 1568
63986448 -1881 -1881 -1881 -1881 1881 1881 -1881 -1881 1881 1881 -1881 -1881 -1881 -1881 -1881 -1881 -1568 -1568 1568
63986448 1881 -1881 1881 1881 -1881 1881 1881 1881 1881 1881 -1881 -1881 -1881 -1881 -1881 -1881 -1568 -1568 1568
63986448 -1881 1881 1881 1881 1881 -1881 -1881 1881 1881 1881 -1881 -1881 1881 -1881 -1881 -1881 -1568 -1568 1568
63986448 -1881 1881 1881 -1881 -1881 1881 -1881 -1881 -1881 1881 1881 -1881 1881 -1881 -1881 -1881 -1568 -1568 1568
63986448 1881 -1881 1881 -1881 1881 -1881 1881 -1881 -1881 1881 1881 -1881 -1881 -1881 -1881 -1881 -1568 -1568 1568
63986448 -1881 -1881 -1881 1881 -1881 -1881 -1881 1881 -1881 1881 1881 -1881 -1881 -1881 -1881 -1881 -1568 -1568 1568
63986448 1881 1881 -1881 1881 1881 1881 1881 1881 -1881 1881 1881 -1881 1881 -1881 -1881 -1881 -1568 -1568 1568
63986448 -1881 -1881 -1881 -1881 -1881 1881 1881 1881 1881 -1881 -1881 1881 -1881 -1881 1881 -1881 -1568 -1568 1568
63986448 1881 1881 -1881 -1881 1881 -1881 -1881 1881 1881 -1881 -1881 1881 1881 -1881 1881 -1881 -1568 -1568 1568
63986448 -1881 1881 1881 1881 -1881 -1881 1881 -1881 1881 -1881 -1881 1881 1881 -1881 1881 -1881 -1568 -1568 1568
63986448 1881 -1881 1881 1881 1881 1881 -1881 -1881 1881 -1881 -1881 1881 -1881 -1881 1881 -1881 -1568 -1568 1568
63986448 1881 -1881 1881 -1881 -1881 -1881 -1881 1881 -1881 -1881 1881 1881 -1881 -1881 1881 -1881 -1568 -1568 1568
63986448 -1881 1881 1881 -1881 1881 1881 1881 1881 -1881 -1881 1881 1881 1881 -1881 1881 -1881 -1568 -1568 1568
63986448 1881 1881 -1881 1881 -1881 1881 -1881 -1881 -1881 -1881 1881 1881 1881 -1881 1881 -1881 -1568 -1568 1568
63986448 -1881 -1881 -1881 1881 1881 -1881 1881 -1881 -1881 -1881 1881 1881 -1881 -1881 1881 -1881 -1568 -1568 1568
63986448 -1881 1881 1881 -1881 -1881 -1881 1881 1881 1881 -1881 1881 -1881 -1881 -1881 -1881 -1881 -1568 -1568 1568
63986448 1881 -1881 1881 -1881 1881 1881 -1881 1881 1881 -1881 1881 -1881 1881 -1881 -1881 -1881 -1568 -1568 1568
63986448 -1881 -1881 -1881 1881 -1881 1881 1881 -1881 1881 -1881 1881 -1881 1881 -1881 -1881 -1881 -1568 -1568 1568
63986448 1881 1881 -1881 1881 1881 -1881 -1881 -1881 1881 -1881 1881 -1881 -1881 -1881 -1881 -1881 -1568 -1568 1568
63986448 1881 1881 -1881 -1881 -1881 1881 -1881 1881 -1881 -1881 -1881 -1881 -1881 -1881 -1881 -1881 -1568 -1568 1568
63986448 -1881 -1881 -1881 -1881 1881 -1881 1881 1881 -1881 -1881 -1881 -1881 1881 -1881 -1881 -1881 -1568 -1568 1568
63986448 1881 -1881 1881 1881 -1881 -1881 -1881 -1881 -1881 -1881 -1881 -1881 1881 -1881 -1881 -1881 -1568 -1568 1568
63986448 -1881 1881 1881 1881 1881 1881 1881 -1881 -1881 -1881 -1881 -1881 -1881 -1881 -1881 -1881 -1568 -1568 1568
64000074 -1885 1858 1884 -1885 -1885 -1857 1859 -1857 1884 1885 1884 1857 1857 1884 -1858 1859 1592 1650 -1650
64000074 1885 -1858 1884 -1885 1885 1857 -1859 -1857 1884 1885 1884 1857 -1857 1884 -1858 1859 1592 1650 -1650
64000074 -1885 -1858 -1884 1885 -1885 1857 1859 1857 1884 1885 1884 1857 -1857 1884 -1858 1859 1592 1650 -1650
64000074 1885 1858 -1884 1885 1885 -1857 -1859 1857 1884 1885 1884 1857 1857 1884 -1858 1859 1592 1650 -1650
64000074 1885 1858 -1884 -1885 -1885 1857 -1859 -1857 -1884 1885 -1884 1857 1857 1884 -1858 1859 1592 1650 -1650
64000074 -1885 -1858 -1884 -1885 1885 -1857 1859 -1857 -1884 1885 -1884 1857 -1857 1884 -1858 1859 1592 1650 -1650
64000074 1885 -1858 1884 1885 -1885 -1857 -1859 1857 -1884 1885 -1884 1857 -1857 1884 -1858 1859 1592 1650 -1650
64000074 -1885 1858 1884 1885 1885 1857 1859 1857 -1884 1885 -1884 1857 1857 1884 -1858 1859 1592 1650 -1650
64000074 -1885 -1858 -1884 -1885 -1885 1857 1859 -1857 1884 1885 -1884 -1857 1857 1884 1858 1859 1592 1650 -1650
64000074 1885 1858 -1884 -1885 1885 -1857 -1859 -1857 1884 1885 -1884 -1857 -1857 1884 1858 1859 1592 1650 -1650
64000074 -1885 1858 1884 1885 -1885 -1857 1859 1857 1884 1885 -1884 -1857 -1857 1884 1858 1859 1592 1650 -1650
64000074 1885 -1858 1884 1885 1885 1857 -1859 1857 1884 1885 -1884 -1857 1857 1884 1858 1859 1592 1650 -1650
64000074 1885 -1858 1884 -1885 -1885 -1857 -1859 -1857 -1884 1885 1884 -1857 1857 1884 1858 1859 1592 1650 -1650
64000074 -1885 1858 1884 -1885 1885 1857 1859 -1857 -1884 1885 1884 -1857 -1857 1884 1858 1859 1592 1650 -1650
64000074 1885 1858 -1884 1885 -1885 1857 -1859 1857 -1884 1885 1884 -1857 -1857 1884 1858 1859 1592 1650 -1650
64000074 -1885 -1858 -1884 1885 1885 -1857 1859 1857 -1884 1885 1884 -1857 1857 1884 1858 1859 1592 1650 -1650
64000074 1885 1858 -1884 -1885 -1885 -1857 1859 1857 1884 -1885 -1884 1857 -1857 1884 -1858 1859 1592 1650 -1650
64000074 -1885 -1858 -1884 -1885 1885 1857 -1859 1857 1884 -1885 -1884 1857 1857 1884 -1858 1859 1592 1650 -1650
64000074 1885 -1858 1884 1885 -1885 1857 1859 -1857 1884 -1885 -1884 1857 1857 1884 -1858 1859 1592 1650 -1650
64000074 -1885 1858 1884 1885 1885 -1857 -1859 -1857 1884 -1885 -1884 1857 -1857 1884 -1858 1859 1592 1650 -1650
64000074 -1885 1858 1884 -1885 -1885 1857 -1859 1857 -1884 -1885 1884 1857 -1857 1884 -1858 1859 1592 1650 -1650
64000074 1885 -1858 1884 -1885 1885 -1857 1859 1857 -1884 -1885 1884 1857 1857 1884 -1858 1859 1592 1650 -1650
64000074 -1885 -1858 -1884 1885 -1885 -1857 -1859 -1857 -1884 -1885 1884 1857 1857 1884 -1858 1859 1592 1650 -1650
64000074 1885 1858 -1884 1885 1885 1857 1859 -1857 -1884 -1885 1884 1857 -1857 1884 -1858 1859 1592 1650 -1650
64000074 1885 -1858 1884 -1885 -1885 1857 1859 1857 1884 -1885 1884 -1857 -1857 1884 1858 1859 1592 1650 -1650
64000074 -1885 1858 1884 -1885 1885 -1857 -1859 1857 1884 -1885 1884 -1857 1857 1884 1858 1859 1592 1650 -1650
64000074 1885 1858 -1884 1885 -1885 -1857 1859 -1857 1884 -1885 1884 -1857 1857 1884 1858 1859 1592 1650 -1650
64000074 -1885 -1858 -1884 1885 1885 1857 -1859 -1857 1884 -1885 1884 -1857 -1857 1884 1858 1859 1592 1650 -1650
64000074 -1885 -1858 -1884 -1885 -1885 -1857 -1859 1857 -1884 -1885 -1884 -1857 -1857 1884 1858 1859 1592 1650 -1650
64000074 1885 1858 -1884 -1885 1885 1857 1859 1857 -1884 -1885 -1884 -1857 1857 1884 1858 1859 1592 1650 -1650
64000074 -1885 1858 1884 1885 -1885 1857 -1859 -1857 -1884 -1885 -1884 -1857 1857 1884 1858 1859 1592 1650 -1650
64000074 1885 -1858 1884 1885 1885 -1857 1859 -1857 -1884 -1885 -1884 -1857 -1857 1884 1858 1859 1592 1650 -1650
64000074 1885 -1858 -1884 -1885 -1885 1857 -1859 1857 1884 1885 -1884 1857 -1857 -1884 1858 1859 1592 1650 -1650
64000074 -1885 1858 -1884 -1885 1885 -1857 1859 1857 1884 1885 -1884 1857 1857 -1884 1858 1859 1592 1650 -1650
64000074 1885 1858 1884 1885 -1885 -1857 -1859 -1857 1884 1885 -1884 1857 1857 -1884 1858 1859 1592 1650 -1650
64000074 -1885 -1858 1884 1885 1885 1857 1859 -1857 1884 1885 -1884 1857 -1857 -1884 1858 1859 1592 1650 -1650
64000074 -1885 -1858 1884 -1885 -1885 -1857 1859 1857 -1884 1885 1884 1857 -1857 -1884 1858 1859 1592 1650 -1650
64000074 1885 1858 1884 -1885 1885 1857 -1859 1857 -1884 1885 1884 1857 1857 -1884 1858 1859 1592 1650 -1650
64000074 -1885 1858 -1884 1885 -1885 1857 1859 -1857 -1884 1885 1884 1857 1857 -1884 1858 1859 1592 1650 -1650
64000074 1885 -1858 -1884 1885 1885 -1857 -1859 -1857 -1884 1885 1884 1857 -1857 -1884 1858 1859 1592 1650 -1650
64000074 1885 1858 1884 -1885 -1885 -1857 -1859 1857 1884 1885 1884 -1857 -1857 -1884 -1858 1859 1592 1650 -1650
64000074 -1885 -1858 1884 -1885 1885 1857 1859 1857 1884 1885 1884 -1857 1857 -1884 -1858 1859 1592 1650 -1650
64000074 1885 -1858 -1884 1885 -1885 1857 -1859 -1857 1884 1885 1884 -1857 1857 -1884 -1858 1859 1592 1650 -1650
64000074 -1885 1858 -1884 1885 1885 -1857 1859 -1857 1884 1885 1884 -1857 -1857 -1884 -1858 1859 1592 1650 -1650
64000074 -1885 1858 -1884 -1885 -1885 1857 1859 1857 -1884 1885 -1884 -1857 -1857 -1884 -1858 1859 1592 1650 -1650
64000074 1885 -1858 -1884 -1885 1885 -1857 -1859 1857 -1884 1885 -1884 -1857 1857 -1884 -1858 1859 1592 1650 -1650
64000074 -1885 -1858 1884 1885 -1885 -1857 1859 -1857 -1884 1885 -1884 -1857 1857 -1884 -1858 1859 1592 1650 -1650
64000074 1885 1858 1884 1885 1885 1857 -1859 -1857 -1884 1885 -1884 -1857 -1857 -1884 -1858 1859 1592 1650 -1650
64000074 -1885 -1858 1884 -1885 -1885 1857 -1859 -1857 1884 -1885 1884 1857 1857 -1884 1858 1859 1592 1650 -1650
64000074 1885 1858 1884 -1885 1885 -1857 1859 -1857 1884 -1885 1884 1857 -1857 -1884 1858 1859 1592 1650 -1650
64000074 -1885 1858 -1884 1885 -1885 -1857 -1859 1857 1884 -1885 1884 1857 -1857 -1884 1858 1859 1592 1650 -1650
64000074 1885 -1858 -1884 1885 1885 1857 1859 1857 1884 -1885 1884 1857 1857 -1884 1858 1859 1592 1650 -1650
64000074 1885 -1858 -1884 -1885 -1885 -1857 1859 -1857 -1884 -1885 -1884 1857 1857 -1884 1858 1859 1592 1650 -1650
64000074 -1885 1858 -1884 -1885 1885 1857 -1859 -1857 -1884 -1885 -1884 1857 -1857 -1884 1858 1859 1592 1650 -1650
64000074 1885 1858 1884 1885 -1885 1857 1859 1857 -1884 -1885 -1884 1857 -1857 -1884 1858 1859 1592 1650 -1650
64000074 -1885 -1858 1884 1885 1885 -1857 -1859 1857 -1884 -1885 -1884 1857 1857 -1884 1858 1859 1592 1650 -1650
64000074 -1885 1858 -1884 -1885 -1885 -1857 -1859 -1857 1884 -1885 -1884 -1857 1857 -1884 -1858 1859 1592 1650 -1650
64000074 1885 -1858 -1884 -1885 1885 1857 1859 -1857 1884 -1885 -1884 -1857 -1857 -1884 -1858 1859 1592 1650 -1650
64000074 -1885 -1858 1884 1885 -1885 1857 -1859 1857 1884 -1885 -1884 -1857 -1857 -1884 -1858 1859 1592 1650 -1650
64000074 1885 1858 1884 1885 1885 -1857 1859 1857 1884 -1885 -1884 -1857 1857 -1884 -1858 1859 1592 1650 -1650
64000074 1885 1858 1884 -1885 -1885 1857 1859 -1857 -1884 -1885 1884 -1857 1857 -1884 -1858 1859 1592 1650 -1650
64000074 -1885 -1858 1884 -1885 1885 -1857 -1859 -1857 -1884 -1885 1884 -1857 -1857 -1884 -1858 1859 1592 1650 -1650
64000074 1885 -1858 -1884 1885 -1885 -1857 1859 1857 -1884 -1885 1884 -1857 -1857 -1884 -1858 1859 1592 1650 -1650
64000074 -1885 1858 -1884 1885 1885 1857 -1859 1857 -1884 -1885 1884 -1857 1857 -1884 -1858 1859 1592 1650 -1650
64000074 1885 -1858 1884 -1885 -1885 -1857 1859 -1857 1884 1885 -1884 1857 -1857 1884 1858 -1859 1592 1650 -1650
64000074 -1885 1858 1884 -1885 1885 1857 -1859 -1857 1884 1885 -1884 1857 1857 1884 1858 -1859 1592 1650 -1650
64000074 1885 1858 -1884 1885 -1885 1857 1859 1857 1884 1885 -1884 1857 1857 1884 1858 -1859 1592 1650 -1650
64000074 -1885 -1858 -1884 1885 1885 -1857 -1859 1857 1884 1885 -1884 1857 -1857 1884 1858 -1859 1592 1650 -1650
64000074 -1885 -1858 -1884 -1885 -1885 1857 -1859 -1857 -1884 1885 1884 1857 -1857 1884 1858 -1859 1592 1650 -1650
64000074 1885 1858 -1884 -1885 1885 -1857 1859 -1857 -1884 1885 1884 1857 1857 1884 1858 -1859 1592 1650 -1650
64000074 -1885 1858 1884 1885 -1885 -1857 -1859 1857 -1884 1885 1884 1857 1857 1884 1858 -1859 1592 1650 -1650
64000074 1885 -1858 1884 1885 1885 1857 1859 1857 -1884 1885 1884 1857 -1857 1884 1858 -1859 1592 1650 -1650
64000074 1885 1858 -1884 -1885 -1885 1857 1859 -1857 1884 1885 1884 -1857 -1857 1884 -1858 -1859 1592 1650 -1650
64000074 -1885 -1858 -1884 -1885 1885 -1857 -1859 -1857 1884 1885 1884 -1857 1857 1884 -1858 -1859 1592 1650 -1650
64000074 1885 -1858 1884 1885 -1885 -1857 1859 1857 1884 1885 1884 -1857 1857 1884 -1858 -1859 1592 1650 -1650
64000074 -1885 1858 1884 1885 1885 1857 -1859 1857 1884 1885 1884 -1857 -1857 1884 -1858 -1859 1592 1650 -1650
64000074 -1885 1858 1884 -1885 -1885 -1857 -1859 -1857 -1884 1885 -1884 -1857 -1857 1884 -1858 -1859 1592 1650 -1650
64000074 1885 -1858 1884 -1885 1885 1857 1859 -1857 -1884 1885 -1884 -1857 1857 1884 -1858 -1859 1592 1650 -1650
64000074 -1885 -1858 -1884 1885 -1885 1857 -1859 1857 -1884 1885 -1884 -1857 1857 1884 -1858 -1859 1592 1650 -1650
64000074 1885 1858 -1884 1885 1885 -1857 1859 1857 -1884 1885 -1884 -1857 -1857 1884 -1858 -1859 1592 1650 -1650
64000074 -1885 -1858 -1884 -1885 -1885 -1857 1859 1857 1884 -1885 1884 1857 1857 1884 1858 -1859 1592 1650 -1650
64000074 1885 1858 -1884 -1885 1885 1857 -1859 1857 1884 -1885 1884 1857 -1857 1884 1858 -1859 1592 1650 -1650
64000074 -1885 1858 1884 1885 -1885 1857 1859 -1857 1884 -1885 1884 1857 -1857 1884 1858 -1859 1592 1650 -1650
64000074 1885 -1858 1884 1885 1885 -1857 -1859 -1857 1884 -1885 1884 1857 1857 1884 1858 -1859 1592 1650 -1650
64000074 1885 -1858 1884 -1885 -1885 1857 -1859 1857 -1884 -1885 -1884 1857 1857 1884 1858 -1859 1592 1650 -1650
64000074 -1885 1858 1884 -1885 1885 -1857 1859 1857 -1884 -1885 -1884 1857 -1857 1884 1858 -1859 1592 1650 -1650
64000074 1885 1858 -1884 1885 -1885 -1857 -1859 -1857 -1884 -1885 -1884 1857 -1857 1884 1858 -1859 1592 1650 -1650
64000074 -1885 -1858 -1884 1885 1885 1857 1859 -1857 -1884 -1885 -1884 1857 1857 1884 1858 -1859 1592 1650 -1650
64000074 -1885 1858 1884 -1885 -1885 1857 1859 1857 1884 -1885 -1884 -1857 1857 1884 -1858 -1859 1592 1650 -1650
64000074 1885 -1858 1884 -1885 1885 -1857 -1859 1857 1884 -1885 -1884 -1857 -1857 1884 -1858 -1859 1592 1650 -1650
64000074 -1885 -1858 -1884 1885 -1885 -1857 1859 -1857 1884 -1885 -1884 -1857 -1857 1884 -1858 -1859 1592 1650 -1650
64000074 1885 1858 -1884 1885 1885 1857 -1859 -1857 1884 -1885 -1884 -1857 1857 1884 -1858 -1859 1592 1650 -1650
64000074 1885 1858 -1884 -1885 -1885 -1857 -1859 1857 -1884 -1885 1884 -1857 1857 1884 -1858 -1859 1592 1650 -1650
64000074 -1885 -1858 -1884 -1885 1885 1857 1859 1857 -1884 -1885 1884 -1857 -1857 1884 -1858 -1859 1592 1650 -1650
64000074 1885 -1858 1884 1885 -1885 1857 -1859 -1857 -1884 -1885 1884 -1857 -1857 1884 -1858 -1859 1592 1650 -1650
64000074 -1885 1858 1884 1885 1885 -1857 1859 -1857 -1884 -1885 1884 -1857 1857 1884 -1858 -1859 1592 1650 -1650
64000074 -1885 1858 -1884 -1885 -1885 1857 -1859 1857 1884 1885 1884 1857 1857 -1884 -1858 -1859 1592 1650 -1650
64000074 1885 -1858 -1884 -1885 1885 -1857 1859 1857 1884 1885 1884 1857 -1857 -1884 -1858 -1859 1592 1650 -1650
64000074 -1885 -1858 1884 1885 -1885 -1857 -1859 -1857 1884 1885 1884 1857 -1857 -1884 -1858 -1859 1592 1650 -1650
64000074 1885 1858 1884 1885 1885 1857 1859 -1857 1884 1885 1884 1857 1857 -1884 -1858 -1859 1592 1650 -1650
64000074 1885 1858 1884 -1885 -1885 -1857 1859 1857 -1884 1885 -1884 1857 1857 -1884 -1858 -1859 1592 1650 -1650
64000074 -1885 -1858 1884 -1885 1885 1857 -1859 1857 -1884 1885 -1884 1857 -1857 -1884 -1858 -1859 1592 1650 -1650
64000074 1885 -1858 -1884 1885 -1885 1857 1859 -1857 -1884 1885 -1884 1857 -1857 -1884 -1858 -1859 1592 1650 -1650
64000074 -1885 1858 -1884 1885 1885 -1857 -1859 -1857 -1884 1885 -1884 1857 1857 -1884 -1858 -1859 1592 1650 -1650
64000074 -1885 -1858 1884 -1885 -1885 -1857 -1859 1857 1884 1885 -1884 -1857 1857 -1884 1858 -1859 1592 1650 -1650
64000074 1885 1858 1884 -1885 1885 1857 1859 1857 1884 1885 -1884 -1857 -1857 -1884 1858 -1859 1592 1650 -1650
64000074 -1885 1858 -1884 1885 -1885 1857 -1859 -1857 1884 1885 -1884 -1857 -1857 -1884 1858 -1859 1592 1650 -1650
64000074 1885 -1858 -1884 1885 1885 -1857 1859 -1857 1884 1885 -1884 -1857 1857 -1884 1858 -1859 1592 1650 -1650
64000074 1885 -1858 -1884 -1885 -1885 1857 1859 1857 -1884 1885 1884 -1857 1857 -1884 1858 -1859 1592 1650 -1650
64000074 -1885 1858 -1884 -1885 1885 -1857 -1859 1857 -1884 1885 1884 -1857 -1857 -1884 1858 -1859 1592 1650 -1650
64000074 1885 1858 1884 1885 -1885 -1857 1859 -1857 -1884 1885 1884 -1857 -1857 -1884 1858 -1859 1592 1650 -1650
64000074 -1885 -1858 1884 1885 1885 1857 -1859 -1857 -1884 1885 1884 -1857 1857 -1884 1858 -1859 1592 1650 -1650
64000074 1885 1858 1884 -1885 -1885 1857 -1859 -1857 1884 -1885 -1884 1857 -1857 -1884 -1858 -1859 1592 1650 -1650
64000074 -1885 -1858 1884 -1885 1885 -1857 1859 -1857 1884 -1885 -1884 1857 1857 -1884 -1858 -1859 1592 1650 -1650
64000074 1885 -1858 -1884 1885 -1885 -1857 -1859 1857 1884 -1885 -1884 1857 1857 -1884 -1858 -1859 1592 1650 -1650
64000074 -1885 1858 -1884 1885 1885 1857 1859 1857 1884 -1885 -1884 1857 -1857 -1884 -1858 -1859 1592 1650 -1650
64000074 -1885 1858 -1884 -1885 -1885 -1857 1859 -1857 -1884 -1885 1884 1857 -1857 -1884 -1858 -1859 1592 1650 -1650
64000074 1885 -1858 -1884 -1885 1885 1857 -1859 -1857 -1884 -1885 1884 1857 1857 -1884 -1858 -1859 1592 1650 -1650
64000074 -1885 -1858 1884 1885 -1885 1857 1859 1857 -1884 -1885 1884 1857 1857 -1884 -1858 -1859 1592 1650 -1650
64000074 1885 1858 1884 1885 1885 -1857 -1859 1857 -1884 -1885 1884 1857 -1857 -1884 -1858 -1859 1592 1650 -1650
64000074 1885 -1858 -1884 -1885 -1885 -1857 -1859 -1857 1884 -1885 1884 -1857 -1857 -1884 1858 -1859 1592 1650 -1650
64000074 -1885 1858 -1884 -1885 1885 1857 1859 -1857 1884 -1885 1884 -1857 1857 -1884 1858 -1859 1592 1650 -1650
64000074 1885 1858 1884 1885 -1885 1857 -1859 1857 1884 -1885 1884 -1857 1857 -1884 1858 -1859 1592 1650 -1650
64000074 -1885 -1858 1884 1885 1885 -1857 1859 1857 1884 -1885 1884 -1857 -1857 -1884 1858 -1859 1592 1650 -1650
64000074 -1885 -1858 1884 -1885 -1885 1857 1859 -1857 -1884 -1885 -1884 -1857 -1857 -1884 1858 -1859 1592 1650 -1650
64000074 1885 1858 1884 -1885 1885 -1857 -1859 -1857 -1884 -1885 -1884 -1857 1857 -1884 1858 -1859 1592 1650 -1650
64000074 -1885 1858 -1884 1885 -1885 -1857 1859 1857 -1884 -1885 -1884 -1857 1857 -1884 1858 -1859 1592 1650 -1650
64000074 1885 -1858 -1884 1885 1885 1857 -1859 1857 -1884 -1885 -1884 -1857 -1857 -1884 1858 -1859 1592 1650 -1650
63986448 1881 1881 1881 -1881 -1881 -1881 -1881 -1881 1881 1881 -1881 1881 -1881 1881 -1881 1881 -1568 1568 -1568
63986448 -1881 -1881 1881 -1881 1881 1881 1881 -1881 1881 1881 -1881 1881 1881 1881 -1881 1881 -1568 1568 -1568
63986448 1881 -1881 -1881 1881 -1881 1881 -1881 1881 1881 1881 -1881 1881 1881 1881 -1881 1881 -1568 1568 -1568
63986448 -1881 1881 -1881 1881 1881 -1881 1881 1881 1881 1881 -1881 1881 -1881 1881 -1881 1881 -1568 1568 -1568
63986448 -1881 1881 -1881 -1881 -1881 1881 1881 -1881 -1881 1881 1881 1881 -1881 1881 -1881 1881 -1568 1568 -1568
63986448 1881 -1881 -1881 -1881 1881 -1881 -1881 -1881 -1881 1881 1881 1881 1881 1881 -1881 1881 -1568 1568 -1568
63986448 -1881 -1881 1881 1881 -1881 -1881 1881 1881 -1881 1881 1881 1881 1881 1881 -1881 1881 -1568 1568 -1568
63986448 1881 1881 1881 1881 1881 1881 -1881 1881 -1881 1881 1881 1881 -1881 1881 -1881 1881 -1568 1568 -1568
63986448 1881 -1881 -1881 -1881 -1881 1881 -1881 -1881 1881 1881 1881 -1881 -1881 1881 1881 1881 -1568 1568 -1568
63986448 -1881 1881 -1881 -1881 1881 -1881 1881 -1881 1881 1881 1881 -1881 1881 1881 1881 1881 -1568 1568 -1568
63986448 1881 1881 1881 1881 -1881 -1881 -1881 1881 1881 1881 1881 -1881 1881 1881 1881 1881 -1568 1568 -1568
63986448 -1881 -1881 1881 1881 1881 1881 1881 1881 1881 1881 1881 -1881 -1881 1881 1881 1881 -1568 1568 -1568
63986448 -1881 -1881 1881 -1881 -1881 -1881 1881 -1881 -1881 1881 -1881 -1881 -1881 1881 1881 1881 -1568 1568 -1568
63986448 1881 1881 1881 -1881 1881 1881 -1881 -1881 -1881 1881 -1881 -1881 1881 1881 1881 1881 -1568 1568 -1568
63986448 -1881 1881 -1881 1881 -1881 1881 1881 1881 -1881 1881 -1881 -1881 1881 1881 1881 1881 -1568 1568 -1568
63986448 1881 -1881 -1881 1881 1881 -1881 -1881 1881 -1881 1881 -1881 -1881 -1881 1881 1881 1881 -1568 1568 -1568
63986448 -1881 1881 -1881 -1881 -1881 -1881 -1881 1881 1881 -1881 1881 1881 1881 1881 -1881 1881 -1568 1568 -1568
63986448 1881 -1881 -1881 -1881 1881 1881 1881 1881 1881 -1881 1881 1881 -1881 1881 -1881 1881 -1568 1568 -1568
63986448 -1881 -1881 1881 1881 -1881 1881 -1881 -1881 1881 -1881 1881 1881 -1881 1881 -1881 1881 -1568 1568 -1568
63986448 1881 1881 1881 1881 1881 -1881 1881 -1881 1881 -1881 1881 1881 1881 1881 -1881 1881 -1568 1568 -1568
63986448 1881 1881 1881 -1881 -1881 1881 1881 1881 -1881 -1881 -1881 1881 1881 1881 -1881 1881 -1568 1568 -1568
63986448 -1881 -1881 1881 -1881 1881 -1881 -1881 1881 -1881 -1881 -1881 1881 -1881 1881 -1881 1881 -1568 1568 -1568
63986448 1881 -1881 -1881 1881 -1881 -1881 1881 -1881 -1881 -1881 -1881 1881 -1881 1881 -1881 1881 -1568 1568 -1568
63986448 -1881 1881 -1881 1881 1881 1881 -1881 -1881 -1881 -1881 -1881 1881 1881 1881 -1881 1881 -1568 1568 -1568
63986448 -1881 -1881 1881 -1881 -1881 1881 -1881 1881 1881 -1881 -1881 -1881 1881 1881 1881 1881 -1568 1568 -1568
63986448 1881 1881 1881 -1881 1881 -1881 1881 1881 1881 -1881 -1881 -1881 -1881 1881 1881 1881 -1568 1568 -1568
63986448 -1881 1881 -1881 1881 -1881 -1881 -1881 -1881 1881 -1881 -1881 -1881 -1881 1881 1881 1881 -1568 1568 -1568
63986448 1881 -1881 -1881 1881 1881 1881 1881 -1881 1881 -1881 -1881 -1881 1881 1881 1881 1881 -1568 1568 -1568
63986448 1881 -1881 -1881 -1881 -1881 -1881 1881 1881 -1881 -1881 1881 -1881 1881 1881 1881 1881 -1568 1568 -1568
63986448 -1881 1881 -1881 -1881 1881 1881 -1881 1881 -1881 -1881 1881 -1881 -1881 1881 1881 1881 -1568 1568 -1568
63986448 1881 1881 1881 1881 -1881 1881 1881 -1881 -1881 -1881 1881 -1881 -1881 1881 1881 1881 -1568 1568 -1568
63986448 -1881 -1881 1881 1881 1881 -1881 -1881 -1881 -1881 -1881 1881 -1881 1881 1881 1881 1881 -1568 1568 -1568
63986448 -1881 -1881 -1881 -1881 -1881 1881 1881 1881 1881 1881 1881 1881 1881 -1881 1881 1881 -1568 1568 -1568
63986448 1881 1881 -1881 -1881 1881 -1881 -1881 1881 1881 1881 1881 1881 -1881 -1881 1881 1881 -1568 1568 -1568
63986448 -1881 1881 1881 1881 -1881 -1881 1881 -1881 1881 1881 1881 1881 -1881 -1881 1881 1881 -1568 1568 -1568
63986448 1881 -1881 1881 1881 1881 1881 -1881 -1881 1881 1881 1881 1881 1881 -1881 1881 1881 -1568 1568 -1568
63986448 1881 -1881 1881 -1881 -1881 -1881 -1881 1881 -1881 1881 -1881 1881 1881 -1881 1881 1881 -1568 1568 -1568
63986448 -1881 1881 1881 -1881 1881 1881 1881 1881 -1881 1881 -1881 1881 -1881 -1881 1881 1881 -1568 1568 -1568
63986448 1881 1881 -1881 1881 -1881 1881 -1881 -1881 -1881 1881 -1881 1881 -1881 -1881 1881 1881 -1568 1568 -1568
63986448 -1881 -1881 -1881 1881 1881 -1881 1881 -1881 -1881 1881 -1881 1881 1881 -1881 1881 1881 -1568 1568 -1568
63986448 -1881 1881 1881 -1881 -1881 -1881 1881 1881 1881 1881 -1881 -1881 1881 -1881 -1881 1881 -1568 1568 -1568
63986448 1881 -1881 1881 -1881 1881 1881 -1881 1881 1881 1881 -1881 -1881 -1881 -1881 -1881 1881 -1568 1568 -1568
63986448 -1881 -1881 -1881 1881 -1881 1881 1881 -1881 1881 1881 -1881 -1881 -1881 -1881 -1881 1881 -1568 1568 -1568
63986448 1881 1881 -1881 1881 1881 -1881 -1881 -1881 1881 1881 -1881 -1881 1881 -1881 -1881 1881 -1568 1568 -1568
63986448 1881 1881 -1881 -1881 -1881 1881 -1881 1881 -1881 1881 1881 -1881 1881 -1881 -1881 1881 -1568 1568 -1568
63986448 -1881 -1881 -1881 -1881 1881 -1881 1881 1881 -1881 1881 1881 -1881 -1881 -1881 -1881 1881 -1568 1568 -1568
63986448 1881 -1881 1881 1881 -1881 -1881 -1881 -1881 -1881 1881 1881 -1881 -1881 -1881 -1881 1881 -1568 1568 -1568
63986448 -1881 1881 1881 1881 1881 1881 1881 -1881 -1881 1881 1881 -1881 1881 -1881 -1881 1881 -1568 1568 -1568
63986448 1881 -1881 1881 -1881 -1881 1881 1881 -1881 1881 -1881 -1881 1881 -1881 -1881 1881 1881 -1568 1568 -1568
63986448 -1881 1881 1881 -1881 1881 -1881 -1881 -1881 1881 -1881 -1881 1881 1881 -1881 1881 1881 -1568 1568 -1568
63986448 1881 1881 -1881 1881 -1881 -1881 1881 1881 1881 -1881 -1881 1881 1881 -1881 1881 1881 -1568 1568 -1568
63986448 -1881 -1881 -1881 1881 1881 1881 -1881 1881 1881 -1881 -1881 1881 -1881 -1881 1881 1881 -1568 1568 -1568
63986448 -1881 -1881 -1881 -1881 -1881 -1881 -1881 -1881 -1881 -1881 1881 1881 -1881 -1881 1881 1881 -1568 1568 -1568
63986448 1881 1881 -1881 -1881 1881 1881 1881 -1881 -1881 -1881 1881 1881 1881 -1881 1881 1881 -1568 1568 -1568
63986448 -1881 1881 1881 1881 -1881 1881 -1881 1881 -1881 -1881 1881 1881 1881 -1881 1881 1881 -1568 1568 -1568
63986448 1881 -1881 1881 1881 1881 -1881 1881 1881 -1881 -1881 1881 1881 -1881 -1881 1881 1881 -1568 1568 -1568
63986448 1881 1881 -1881 -1881 -1881 -1881 1881 -1881 1881 -1881 1881 -1881 -1881 -1881 -1881 1881 -1568 1568 -1568
63986448 -1881 -1881 -1881 -1881 1881 1881 -1881 -1881 1881 -1881 1881 -1881 1881 -1881 -1881 1881 -1568 1568 -1568
63986448 1881 -1881 1881 1881 -1881 1881 1881 1881 1881 -1881 1881 -1881 1881 -1881 -1881 1881 -1568 1568 -1568
63986448 -1881 1881 1881 1881 1881 -1881 -1881 1881 1881 -1881 1881 -1881 -1881 -1881 -1881 1881 -1568 1568 -1568
63986448 -1881 1881 1881 -1881 -1881 1881 -1881 -1881 -1881 -1881 -1881 -1881 -1881 -1881 -1881 1881 -1568 1568 -1568
63986448 1881 -1881 1881 -1881 1881 -1881 1881 -1881 -1881 -1881 -1881 -1881 1881 -1881 -1881 1881 -1568 1568 -1568
63986448 -1881 -1881 -1881 1881 -1881 -1881 -1881 1881 -1881 -1881 -1881 -1881 1881 -1881 -1881 1881 -1568 1568 -1568
63986448 1881 1881 -1881 1881 1881 1881 1881 1881 -1881 -1881 -1881 -1881 -1881 -1881 -1881 1881 -1568 1568 -1568
63986448 -1881 -1881 1881 -1881 -1881 -1881 -1881 -1881 1881 1881 1881 1881 1881 1881 1881 -1881 -1568 1568 -1568
63986448 1881 1881 1881 -1881 1881 1881 1881 -1881 1881 1881 1881 1881 -1881 1881 1881 -1881 -1568 1568 -1568
63986448 -1881 1881 -1881 1881 -1881 1881 -1881 1881 1881 1881 1881 1881 -1881 1881 1881 -1881 -1568 1568 -1568
63986448 1881 -1881 -1881 1881 1881 -1881 1881 1881 1881 1881 1881 1881 1881 1881 1881 -1881 -1568 1568 -1568
63986448 1881 -1881 -1881 -1881 -1881 1881 1881 -1881 -1881 1881 -1881 1881 1881 1881 1881 -1881 -1568 1568 -1568
63986448 -1881 1881 -1881 -1881 1881 -1881 -1881 -1881 -1881 1881 -1881 1881 -1881 1881 1881 -1881 -1568 1568 -1568
63986448 1881 1881 1881 1881 -1881 -1881 1881 1881 -1881 1881 -1881 1881 -1881 1881 1881 -1881 -1568 1568 -1568
63986448 -1881 -1881 1881 1881 1881 1881 -1881 1881 -1881 1881 -1881 1881 1881 1881 1881 -1881 -1568 1568 -1568
63986448 -1881 1881 -1881 -1881 -1881 1881 -1881 -1881 1881 1881 -1881 -1881 1881 1881 -1881 -1881 -1568 1568 -1568
63986448 1881 -1881 -1881 -1881 1881 -1881 1881 -1881 1881 1881 -1881 -1881 -1881 1881 -1881 -1881 -1568 1568 -1568
63986448 -1881 -1881 1881 1881 -1881 -1881 -1881 1881 1881 1881 -1881 -1881 -1881 1881 -1881 -1881 -1568 1568 -1568
63986448 1881 1881 1881 1881 1881 1881 1881 1881 1881 1881 -1881 -1881 1881 1881 -1881 -1881 -1568 1568 -1568
63986448 1881 1881 1881 -1881 -1881 -1881 1881 -1881 -1881 1881 1881 -1881 1881 1881 -1881 -1881 -1568 1568 -1568
63986448 -1881 -1881 1881 -1881 1881 1881 -1881 -1881 -1881 1881 1881 -1881 -1881 1881 -1881 -1881 -1568 1568 -1568
63986448 1881 -1881 -1881 1881 -1881 1881 1881 1881 -1881 1881 1881 -1881 -1881 1881 -1881 -1881 -1568 1568 -1568
63986448 -1881 1881 -1881 1881 1881 -1881 -1881 1881 -1881 1881 1881 -1881 1881 1881 -1881 -1881 -1568 1568 -1568
63986448 1881 -1881 -1881 -1881 -1881 -1881 -1881 1881 1881 -1881 -1881 1881 -1881 1881 1881 -1881 -1568 1568 -1568
63986448 -1881 1881 -1881 -1881 1881 1881 1881 1881 1881 -1881 -1881 1881 1881 1881 1881 -1881 -1568 1568 -1568
63986448 1881 1881 1881 1881 -1881 1881 -1881 -1881 1881 -1881 -1881 1881 1881 1881 1881 -1881 -1568 1568 -1568
63986448 -1881 -1881 1881 1881 1881 -1881 1881 -1881 1881 -1881 -1881 1881 -1881 1881 1881 -1881 -1568 1568 -1568
63986448 -1881 -1881 1881 -1881 -1881 1881 1881 1881 -1881 -1881 1881 1881 -1881 1881 1881 -1881 -1568 1568 -1568
63986448 1881 1881 1881 -1881 1881 -1881 -1881 1881 -1881 -1881 1881 1881 1881 1881 1881 -1881 -1568 1568 -1568
63986448 -1881 1881 -1881 1881 -1881 -1881 1881 -1881 -1881 -1881 1881 1881 1881 1881 1881 -1881 -1568 1568 -1568
63986448 1881 -1881 -1881 1881 1881 1881 -1881 -1881 -1881 -1881 1881 1881 -1881 1881 1881 -1881 -1568 1568 -1568
63986448 1881 1881 1881 -1881 -1881 1881 -1881 1881 1881 -1881 1881 -1881 -1881 1881 -1881 -1881 -1568 1568 -1568
63986448 -1881 -1881 1881 -1881 1881 -1881 1881 1881 1881 -1881 1881 -1881 1881 1881 -1881 -1881 -1568 1568 -1568
63986448 1881 -1881 -1881 1881 -1881 -1881 -1881 -1881 1881 -1881 1881 -1881 1881 1881 -1881 -1881 -1568 1568 -1568
63986448 -1881 1881 -1881 1881 1881 1881 1881 -1881 1881 -1881 1881 -1881 -1881 1881 -1881 -1881 -1568 1568 -1568
63986448 -1881 1881 -1881 -1881 -1881 -1881 1881 1881 -1881 -1881 -1881 -1881 -1881 1881 -1881 -1881 -1568 1568 -1568
63986448 1881 -1881 -1881 -1881 1881 1881 -1881 1881 -1881 -1881 -1881 -1881 1881 1881 -1881 -1881 -1568 1568 -1568
63986448 -1881 -1881 1881 1881 -1881 1881 1881 -1881 -1881 -1881 -1881 -1881 1881 1881 -1881 -1881 -1568 1568 -1568
63986448 1881 1881 1881 1881 1881 -1881 -1881 -1881 -1881 -1881 -1881 -1881 -1881 1881 -1881 -1881 -1568 1568 -1568
63986448 1881 1881 -1881 -1881 -1881 1881 1881 1881 1881 1881 -1881 1881 -1881 -1881 -1881 -1881 -1568 1568 -1568
63986448 -1881 -1881 -1881 -1881 1881 -1881 -1881 1881 1881 1881 -1881 1881 1881 -1881 -1881 -1881 -1568 1568 -1568
63986448 1881 -1881 1881 1881 -1881 -1881 1881 -1881 1881 1881 -1881 1881 1881 -1881 -1881 -1881 -1568 1568 -1568
63986448 -1881 1881 1881 1881 1881 1881 -1881 -1881 1881 1881 -1881 1881 -1881 -1881 -1881 -1881 -1568 1568 -1568
63986448 -1881 1881 1881 -1881 -1881 -1881 -1881 1881 -1881 1881 1881 1881 -1881 -1881 -1881 -1881 -1568 1568 -1568
63986448 1881 -1881 1881 -1881 1881 1881 1881 1881 -1881 1881 1881 1881 1881 -1881 -1881 -1881 -1568 1568 -1568
63986448 -1881 -1881 -1881 1881 -1881 1881 -1881 -1881 -1881 1881 1881 1881 1881 -1881 -1881 -1881 -1568 1568 -1568
63986448 1881 1881 -1881 1881 1881 -1881 1881 -1881 -1881 1881 1881 1881 -1881 -1881 -1881 -1881 -1568 1568 -1568
63986448 1881 -1881 1881 -1881 -1881 -1881 1881 1881 1881 1881 1881 -1881 -1881 -1881 1881 -1881 -1568 1568 -1568
63986448 -1881 1881 1881 -1881 1881 1881 -1881 1881 1881 1881 1881 -1881 1881 -1881 1881 -1881 -1568 1568 -1568
63986448 1881 1881 -1881 1881 -1881 1881 1881 -1881 1881 1881 1881 -1881 1881 -1881 1881 -1881 -1568 1568 -1568
63986448 -1881 -1881 -1881 1881 1881 -1881 -1881 -1881 1881 1881 1881 -1881 -1881 -1881 1881 -1881 -1568 1568 -1568
63986448 -1881 -1881 -1881 -1881 -1881 1881 -1881 1881 -1881 1881 -1881 -1881 -1881 -1881 1881 -1881 -1568 1568 -1568
63986448 1881 1881 -1881 -1881 1881 -1881 1881 1881 -1881 1881 -1881 -1881 1881 -1881 1881 -1881 -1568 1568 -1568
63986448 -1881 1881 1881 1881 -1881 -1881 -1881 -1881 -1881 1881 -1881 -1881 1881 -1881 1881 -1881 -1568 1568 -1568
63986448 1881 -1881 1881 1881 1881 1881 1881 -1881 -1881 1881 -1881 -1881 -1881 -1881 1881 -1881 -1568 1568 -1568
63986448 -1881 1881 1881 -1881 -1881 1881 1881 -1881 1881 -1881 1881 1881 1881 -1881 -1881 -1881 -1568 1568 -1568
63986448 1881 -1881 1881 -1881 1881 -1881 -1881 -1881 1881 -1881 1881 1881 -1881 -1881 -1881 -1881 -1568 1568 -1568
63986448 -1881 -1881 -1881 1881 -1881 -1881 1881 1881 1881 -1881 1881 1881 -1881 -1881 -1881 -1881 -1568 1568 -1568
63986448 1881 1881 -1881 1881 1881 1881 -1881 1881 1881 -1881 1881 1881 1881 -1881 -1881 -1881 -1568 1568 -1568
63986448 1881 1881 -1881 -1881 -1881 -1881 -1881 -1881 -1881 -1881 -1881 1881 1881 -1881 -1881 -1881 -1568 1568 -1568
63986448 -1881 -1881 -1881 -1881 1881 1881 1881 -1881 -1881 -1881 -1881 1881 -1881 -1881 -1881 -1881 -1568 1568 -1568
63986448 1881 -1881 1881 1881 -1881 1881 -1881 1881 -1881 -1881 -1881 1881 -1881 -1881 -1881 -1881 -1568 1568 -1568
63986448 -1881 1881 1881 1881 1881 -1881 1881 1881 -1881 -1881 -1881 1881 1881 -1881 -1881 -1881 -1568 1568 -1568
63986448 -1881 -1881 -1881 -1881 -1881 -1881 1881 -1881 1881 -1881 -1881 -1881 1881 -1881 1881 -1881 -1568 1568 -1568
63986448 1881 1881 -1881 -1881 1881 1881 -1881 -1881 1881 -1881 -1881 -1881 -1881 -1881 1881 -1881 -1568 1568 -1568
63986448 -1881 1881 1881 1881 -1881 1881 1881 1881 1881 -1881 -1881 -1881 -1881 -1881 1881 -1881 -1568 1568 -1568
63986448 1881 -1881 1881 1881 1881 -1881 -1881 1881 1881 -1881 -1881 -1881 1881 -1881 1881 -1881 -1568 1568 -1568
63986448 1881 -1881 1881 -1881 -1881 1881 -1881 -1881 -1881 -1881 1881 -1881 1881 -1881 1881 -1881 -1568 1568 -1568
63986448 -1881 1881 1881 -1881 1881 -1881 1881 -1881 -1881 -1881 1881 -1881 -1881 -1881 1881 -1881 -1568 1568 -1568
63986448 1881 1881 -1881 1881 -1881 -1881 -1881 1881 -1881 -1881 1881 -1881 -1881 -1881 1881 -1881 -1568 1568 -1568
63986448 -1881 -1881 -1881 1881 1881 1881 1881 1881 -1881 -1881 1881 -1881 1881 -1881 1881 -1881 -1568 1568 -1568
63996253 -1859 1859 -1884 -1884 -1884 1884 1885 1857 1884 1859 -1857 1857 1884 1857 -1858 1885 1592 -1650 -1650
63996253 1859 -1859 -1884 -1884 1884 -1884 -1885 1857 1884 1859 -1857 1857 -1884 1857 -1858 1885 1592 -1650 -1650
63996253 -1859 -1859 1884 1884 -1884 -1884 1885 -1857 1884 1859 -1857 1857 -1884 1857 -1858 1885 1592 -1650 -1650
63996253 1859 1859 1884 1884 1884 1884 -1885 -1857 1884 1859 -1857 1857 1884 1857 -1858 1885 1592 -1650 -1650
63996253 1859 1859 1884 -1884 -1884 -1884 -1885 1857 -1884 1859 1857 1857 1884 1857 -1858 1885 1592 -1650 -1650
63996253 -1859 -1859 1884 -1884 1884 1884 1885 1857 -1884 1859 1857 1857 -1884 1857 -1858 1885 1592 -1650 -1650
63996253 1859 -1859 -1884 1884 -1884 1884 -1885 -1857 -1884 1859 1857 1857 -1884 1857 -1858 1885 1592 -1650 -1650
63996253 -1859 1859 -1884 1884 1884 -1884 1885 -1857 -1884 1859 1857 1857 1884 1857 -1858 1885 1592 -1650 -1650
63996253 -1859 -1859 1884 -1884 -1884 -1884 1885 1857 1884 1859 1857 -1857 1884 1857 1858 1885 1592 -1650 -1650
63996253 1859 1859 1884 -1884 1884 1884 -1885 1857 1884 1859 1857 -1857 -1884 1857 1858 1885 1592 -1650 -1650
63996253 -1859 1859 -1884 1884 -1884 1884 1885 -1857 1884 1859 1857 -1857 -1884 1857 1858 1885 1592 -1650 -1650
63996253 1859 -1859 -1884 1884 1884 -1884 -1885 -1857 1884 1859 1857 -1857 1884 1857 1858 1885 1592 -1650 -1650
63996253 1859 -1859 -1884 -1884 -1884 1884 -1885 1857 -1884 1859 -1857 -1857 1884 1857 1858 1885 1592 -1650 -1650
63996253 -1859 1859 -1884 -1884 1884 -1884 1885 1857 -1884 1859 -1857 -1857 -1884 1857 1858 1885 1592 -1650 -1650
63996253 1859 1859 1884 1884 -1884 -1884 -1885 -1857 -1884 1859 -1857 -1857 -1884 1857 1858 1885 1592 -1650 -1650
63996253 -1859 -1859 1884 1884 1884 1884 1885 -1857 -1884 1859 -1857 -1857 1884 1857 1858 1885 1592 -1650 -1650
63996253 1859 1859 1884 -1884 -1884 1884 1885 -1857 1884 -1859 1857 1857 -1884 1857 -1858 1885 1592 -1650 -1650
63996253 -1859 -1859 1884 -1884 1884 -1884 -1885 -1857 1884 -1859 1857 1857 1884 1857 -1858 1885 1592 -1650 -1650
63996253 1859 -1859 -1884 1884 -1884 -1884 1885 1857 1884 -1859 1857 1857 1884 1857 -1858 1885 1592 -1650 -1650
63996253 -1859 1859 -1884 1884 1884 1884 -1885 1857 1884 -1859 1857 1857 -1884 1857 -1858 1885 1592 -1650 -1650
63996253 -1859 1859 -1884 -1884 -1884 -1884 -1885 -1857 -1884 -1859 -1857 1857 -1884 1857 -1858 1885 1592 -1650 -1650
63996253 1859 -1859 -1884 -1884 1884 1884 1885 -1857 -1884 -1859 -1857 1857 1884 1857 -1858 1885 1592 -1650 -1650
63996253 -1859 -1859 1884 1884 -1884 1884 -1885 1857 -1884 -1859 -1857 1857 1884 1857 -1858 1885 1592 -1650 -1650
63996253 1859 1859 1884 1884 1884 -1884 1885 1857 -1884 -1859 -1857 1857 -1884 1857 -1858 1885 1592 -1650 -1650
63996253 1859 -1859 -1884 -1884 -1884 -1884 1885 -1857 1884 -1859 -1857 -1857 -1884 1857 1858 1885 1592 -1650 -1650
63996253 -1859 1859 -1884 -1884 1884 1884 -1885 -1857 1884 -1859 -1857 -1857 1884 1857 1858 1885 1592 -1650 -1650
63996253 1859 1859 1884 1884 -1884 1884 1885 1857 1884 -1859 -1857 -1857 1884 1857 1858 1885 1592 -1650 -1650
63996253 -1859 -1859 1884 1884 1884 -1884 -1885 1857 1884 -1859 -1857 -1857 -1884 1857 1858 1885 1592 -1650 -1650
63996253 -1859 -1859 1884 -1884 -1884 1884 -1885 -1857 -1884 -1859 1857 -1857 -1884 1857 1858 1885 1592 -1650 -1650
63996253 1859 1859 1884 -1884 1884 -1884 1885 -1857 -1884 -1859 1857 -1857 1884 1857 1858 1885 1592 -1650 -1650
63996253 -1859 1859 -1884 1884 -1884 -1884 -1885 1857 -1884 -1859 1857 -1857 1884 1857 1858 1885 1592 -1650 -1650
63996253 1859 -1859 -1884 1884 1884 1884 1885 1857 -1884 -1859 1857 -1857 -1884 1857 1858 1885 1592 -1650 -1650
63996253 1859 -1859 1884 -1884 -1884 -1884 -1885 -1857 1884 1859 1857 1857 -1884 -1857 1858 1885 1592 -1650 -1650
63996253 -1859 1859 1884 -1884 1884 1884 1885 -1857 1884 1859 1857 1857 1884 -1857 1858 1885 1592 -1650 -1650
63996253 1859 1859 -1884 1884 -1884 1884 -1885 1857 1884 1859 1857 1857 1884 -1857 1858 1885 1592 -1650 -1650
63996253 -1859 -1859 -1884 1884 1884 -1884 1885 1857 1884 1859 1857 1857 -1884 -1857 1858 1885 1592 -1650 -1650
63996253 -1859 -1859 -1884 -1884 -1884 1884 1885 -1857 -1884 1859 -1857 1857 -1884 -1857 1858 1885 1592 -1650 -1650
63996253 1859 1859 -1884 -1884 1884 -1884 -1885 -1857 -1884 1859 -1857 1857 1884 -1857 1858 1885 1592 -1650 -1650
63996253 -1859 1859 1884 1884 -1884 -1884 1885 1857 -1884 1859 -1857 1857 1884 -1857 1858 1885 1592 -1650 -1650
63996253 1859 -1859 1884 1884 1884 1884 -1885 1857 -1884 1859 -1857 1857 -1884 -1857 1858 1885 1592 -1650 -1650
63996253 1859 1859 -1884 -1884 -1884 1884 -1885 -1857 1884 1859 -1857 -1857 -1884 -1857 -1858 1885 1592 -1650 -1650
63996253 -1859 -1859 -1884 -1884 1884 -1884 1885 -1857 1884 1859 -1857 -1857 1884 -1857 -1858 1885 1592 -1650 -1650
63996253 1859 -1859 1884 1884 -1884 -1884 -1885 1857 1884 1859 -1857 -1857 1884 -1857 -1858 1885 1592 -1650 -1650
63996253 -1859 1859 1884 1884 1884 1884 1885 1857 1884 1859 -1857 -1857 -1884 -1857 -1858 1885 1592 -1650 -1650
63996253 -1859 1859 1884 -1884 -1884 -1884 1885 -1857 -1884 1859 1857 -1857 -1884 -1857 -1858 1885 1592 -1650 -1650
63996253 1859 -1859 1884 -1884 1884 1884 -1885 -1857 -1884 1859 1857 -1857 1884 -1857 -1858 1885 1592 -1650 -1650
63996253 -1859 -1859 -1884 1884 -1884 1884 1885 1857 -1884 1859 1857 -1857 1884 -1857 -1858 1885 1592 -1650 -1650
63996253 1859 1859 -1884 1884 1884 -1884 -1885 1857 -1884 1859 1857 -1857 -1884 -1857 -1858 1885 1592 -1650 -1650
63996253 -1859 -1859 -1884 -1884 -1884 -1884 -1885 1857 1884 -1859 -1857 1857 1884 -1857 1858 1885 1592 -1650 -1650
63996253 1859 1859 -1884 -1884 1884 1884 1885 1857 1884 -1859 -1857 1857 -1884 -1857 1858 1885 1592 -1650 -1650
63996253 -1859 1859 1884 1884 -1884 1884 -1885 -1857 1884 -1859 -1857 1857 -1884 -1857 1858 1885 1592 -1650 -1650
63996253 1859 -1859 1884 1884 1884 -1884 1885 -1857 1884 -1859 -1857 1857 1884 -1857 1858 1885 1592 -1650 -1650
63996253 1859 -1859 1884 -1884 -1884 1884 1885 1857 -1884 -1859 1857 1857 1884 -1857 1858 1885 1592 -1650 -1650
63996253 -1859 1859 1884 -1884 1884 -1884 -1885 1857 -1884 -1859 1857 1857 -1884 -1857 1858 1885 1592 -1650 -1650
63996253 1859 1859 -1884 1884 -1884 -1884 1885 -1857 -1884 -1859 1857 1857 -1884 -1857 1858 1885 1592 -1650 -1650
63996253 -1859 -1859 -1884 1884 1884 1884 -1885 -1857 -1884 -1859 1857 1857 1884 -1857 1858 1885 1592 -1650 -1650
63996253 -1859 1859 1884 -1884 -1884 1884 -1885 1857 1884 -1859 1857 -1857 1884 -1857 -1858 1885 1592 -1650 -1650
63996253 1859 -1859 1884 -1884 1884 -1884 1885 1857 1884 -1859 1857 -1857 -1884 -1857 -1858 1885 1592 -1650 -1650
63996253 -1859 -1859 -1884 1884 -1884 -1884 -1885 -1857 1884 -1859 1857 -1857 -1884 -1857 -1858 1885 1592 -1650 -1650
63996253 1859 1859 -1884 1884 1884 1884 1885 -1857 1884 -1859 1857 -1857 1884 -1857 -1858 1885 1592 -1650 -1650
63996253 1859 1859 -1884 -1884 -1884 -1884 1885 1857 -1884 -1859 -1857 -1857 1884 -1857 -1858 1885 1592 -1650 -1650
63996253 -1859 -1859 -1884 -1884 1884 1884 -1885 1857 -1884 -1859 -1857 -1857 -1884 -1857 -1858 1885 1592 -1650 -1650
63996253 1859 -1859 1884 1884 -1884 1884 1885 -1857 -1884 -1859 -1857 -1857 -1884 -1857 -1858 1885 1592 -1650 -1650
63996253 -1859 1859 1884 1884 1884 -1884 -1885 -1857 -1884 -1859 -1857 -1857 1884 -1857 -1858 1885 1592 -1650 -1650
63996253 1859 -1859 -1884 -1884 -1884 1884 1885 1857 1884 1859 1857 1857 -1884 1857 1858 -1885 1592 -1650 -1650
63996253 -1859 1859 -1884 -1884 1884 -1884 -1885 1857 1884 1859 1857 1857 1884 1857 1858 -1885 1592 -1650 -1650
63996253 1859 1859 1884 1884 -1884 -1884 1885 -1857 1884 1859 1857 1857 1884 1857 1858 -1885 1592 -1650 -1650
63996253 -1859 -1859 1884 1884 1884 1884 -1885 -1857 1884 1859 1857 1857 -1884 1857 1858 -1885 1592 -1650 -1650
63996253 -1859 -1859 1884 -1884 -1884 -1884 -1885 1857 -1884 1859 -1857 1857 -1884 1857 1858 -1885 1592 -1650 -1650
63996253 1859 1859 1884 -1884 1884 1884 1885 1857 -1884 1859 -1857 1857 1884 1857 1858 -1885 1592 -1650 -1650
63996253 -1859 1859 -1884 1884 -1884 1884 -1885 -1857 -1884 1859 -1857 1857 1884 1857 1858 -1885 1592 -1650 -1650
63996253 1859 -1859 -1884 1884 1884 -1884 1885 -1857 -1884 1859 -1857 1857 -1884 1857 1858 -1885 1592 -1650 -1650
63996253 1859 1859 1884 -1884 -1884 -1884 1885 1857 1884 1859 -1857 -1857 -1884 1857 -1858 -1885 1592 -1650 -1650
63996253 -1859 -1859 1884 -1884 1884 1884 -1885 1857 1884 1859 -1857 -1857 1884 1857 -1858 -1885 1592 -1650 -1650
63996253 1859 -1859 -1884 1884 -1884 1884 1885 -1857 1884 1859 -1857 -1857 1884 1857 -1858 -1885 1592 -1650 -1650
63996253 -1859 1859 -1884 1884 1884 -1884 -1885 -1857 1884 1859 -1857 -1857 -1884 1857 -1858 -1885 1592 -1650 -1650
63996253 -1859 1859 -1884 -1884 -1884 1884 -1885 1857 -1884 1859 1857 -1857 -1884 1857 -1858 -1885 1592 -1650 -1650
63996253 1859 -1859 -1884 -1884 1884 -1884 1885 1857 -1884 1859 1857 -1857 1884 1857 -1858 -1885 1592 -1650 -1650
63996253 -1859 -1859 1884 1884 -1884 -1884 -1885 -1857 -1884 1859 1857 -1857 1884 1857 -1858 -1885 1592 -1650 -1650
63996253 1859 1859 1884 1884 1884 1884 1885 -1857 -1884 1859 1857 -1857 -1884 1857 -1858 -1885 1592 -1650 -1650
63996253 -1859 -1859 1884 -1884 -1884 1884 1885 -1857 1884 -1859 -1857 1857 1884 1857 1858 -1885 1592 -1650 -1650
63996253 1859 1859 1884 -1884 1884 -1884 -1885 -1857 1884 -1859 -1857 1857 -1884 1857 1858 -1885 1592 -1650 -1650
63996253 -1859 1859 -1884 1884 -1884 -1884 1885 1857 1884 -1859 -1857 1857 -1884 1857 1858 -1885 1592 -1650 -1650
63996253 1859 -1859 -1884 1884 1884 1884 -1885 1857 1884 -1859 -1857 1857 1884 1857 1858 -1885 1592 -1650 -1650
63996253 1859 -1859 -1884 -1884 -1884 -1884 -1885 -1857 -1884 -1859 1857 1857 1884 1857 1858 -1885 1592 -1650 -1650
63996253 -1859 1859 -1884 -1884 1884 1884 1885 -1857 -1884 -1859 1857 1857 -1884 1857 1858 -1885 1592 -1650 -1650
63996253 1859 1859 1884 1884 -1884 1884 -1885 1857 -1884 -1859 1857 1857 -1884 1857 1858 -1885 1592 -1650 -1650
63996253 -1859 -1859 1884 1884 1884 -1884 1885 1857 -1884 -1859 1857 1857 1884 1857 1858 -1885 1592 -1650 -1650
63996253 -1859 1859 -1884 -1884 -1884 -1884 1885 -1857 1884 -1859 1857 -1857 1884 1857 -1858 -1885 1592 -1650 -1650
63996253 1859 -1859 -1884 -1884 1884 1884 -1885 -1857 1884 -1859 1857 -1857 -1884 1857 -1858 -1885 1592 -1650 -1650
63996253 -1859 -1859 1884 1884 -1884 1884 1885 1857 1884 -1859 1857 -1857 -1884 1857 -1858 -1885 1592 -1650 -1650
63996253 1859 1859 1884 1884 1884 -1884 -1885 1857 1884 -1859 1857 -1857 1884 1857 -1858 -1885 1592 -1650 -1650
63996253 1859 1859 1884 -1884 -1884 1884 -1885 -1857 -1884 -1859 -1857 -1857 1884 1857 -1858 -1885 1592 -1650 -1650
63996253 -1859 -1859 1884 -1884 1884 -1884 1885 -1857 -1884 -1859 -1857 -1857 -1884 1857 -1858 -1885 1592 -1650 -1650
63996253 1859 -1859 -1884 1884 -1884 -1884 -1885 1857 -1884 -1859 -1857 -1857 -1884 1857 -1858 -1885 1592 -1650 -1650
63996253 -1859 1859 -1884 1884 1884 1884 1885 1857 -1884 -1859 -1857 -1857 1884 1857 -1858 -1885 1592 -1650 -1650
63996253 -1859 1859 1884 -1884 -1884 -1884 -1885 -1857 1884 1859 -1857 1857 1884 -1857 -1858 -1885 1592 -1650 -1650
63996253 1859 -1859 1884 -1884 1884 1884 1885 -1857 1884 1859 -1857 1857 -1884 -1857 -1858 -1885 1592 -1650 -1650
63996253 -1859 -1859 -1884 1884 -1884 1884 -1885 1857 1884 1859 -1857 1857 -1884 -1857 -1858 -1885 1592 -1650 -1650
63996253 1859 1859 -1884 1884 1884 -1884 1885 1857 1884 1859 -1857 1857 1884 -1857 -1858 -1885 1592 -1650 -1650
63996253 1859 1859 -1884 -1884 -1884 1884 1885 -1857 -1884 1859 1857 1857 1884 -1857 -1858 -1885 1592 -1650 -1650
63996253 -1859 -1859 -1884 -1884 1884 -1884 -1885 -1857 -1884 1859 1857 1857 -1884 -1857 -1858 -1885 1592 -1650 -1650
63996253 1859 -1859 1884 1884 -1884 -1884 1885 1857 -1884 1859 1857 1857 -1884 -1857 -1858 -1885 1592 -1650 -1650
63996253 -1859 1859 1884 1884 1884 1884 -1885 1857 -1884 1859 1857 1857 1884 -1857 -1858 -1885 1592 -1650 -1650
63996253 -1859 -1859 -1884 -1884 -1884 1884 -1885 -1857 1884 1859 1857 -1857 1884 -1857 1858 -1885 1592 -1650 -1650
63996253 1859 1859 -1884 -1884 1884 -1884 1885 -1857 1884 1859 1857 -1857 -1884 -1857 1858 -1885 1592 -1650 -1650
63996253 -1859 1859 1884 1884 -1884 -1884 -1885 1857 1884 1859 1857 -1857 -1884 -1857 1858 -1885 1592 -1650 -1650
63996253 1859 -1859 1884 1884 1884 1884 1885 1857 1884 1859 1857 -1857 1884 -1857 1858 -1885 1592 -1650 -1650
63996253 1859 -1859 1884 -1884 -1884 -1884 1885 -1857 -1884 1859 -1857 -1857 1884 -1857 1858 -1885 1592 -1650 -1650
63996253 -1859 1859 1884 -1884 1884 1884 -1885 -1857 -1884 1859 -1857 -1857 -1884 -1857 1858 -1885 1592 -1650 -1650
63996253 1859 1859 -1884 1884 -1884 1884 1885 1857 -1884 1859 -1857 -1857 -1884 -1857 1858 -1885 1592 -1650 -1650
63996253 -1859 -1859 -1884 1884 1884 -1884 -1885 1857 -1884 1859 -1857 -1857 1884 -1857 1858 -1885 1592 -1650 -1650
63996253 1859 1859 -1884 -1884 -1884 -1884 -1885 1857 1884 -1859 1857 1857 -1884 -1857 -1858 -1885 1592 -1650 -1650
63996253 -1859 -1859 -1884 -1884 1884 1884 1885 1857 1884 -1859 1857 1857 1884 -1857 -1858 -1885 1592 -1650 -1650
63996253 1859 -1859 1884 1884 -1884 1884 -1885 -1857 1884 -1859 1857 1857 1884 -1857 -1858 -1885 1592 -1650 -1650
63996253 -1859 1859 1884 1884 1884 -1884 1885 -1857 1884 -1859 1857 1857 -1884 -1857 -1858 -1885 1592 -1650 -1650
63996253 -1859 1859 1884 -1884 -1884 1884 1885 1857 -1884 -1859 -1857 1857 -1884 -1857 -1858 -1885 1592 -1650 -1650
63996253 1859 -1859 1884 -1884 1884 -1884 -1885 1857 -1884 -1859 -1857 1857 1884 -1857 -1858 -1885 1592 -1650 -1650
63996253 -1859 -1859 -1884 1884 -1884 -1884 1885 -1857 -1884 -1859 -1857 1857 1884 -1857 -1858 -1885 1592 -1650 -1650
63996253 1859 1859 -1884 1884 1884 1884 -1885 -1857 -1884 -1859 -1857 1857 -1884 -1857 -1858 -1885 1592 -1650 -1650
63996253 1859 -1859 1884 -1884 -1884 1884 -1885 1857 1884 -1859 -1857 -1857 -1884 -1857 1858 -1885 1592 -1650 -1650
63996253 -1859 1859 1884 -1884 1884 -1884 1885 1857 1884 -1859 -1857 -1857 1884 -1857 1858 -1885 1592 -1650 -1650
63996253 1859 1859 -1884 1884 -1884 -1884 -1885 -1857 1884 -1859 -1857 -1857 1884 -1857 1858 -1885 1592 -1650 -1650
63996253 -1859 -1859 -1884 1884 1884 1884 1885 -1857 1884 -1859 -1857 -1857 -1884 -1857 1858 -1885 1592 -1650 -1650
63996253 -1859 -1859 -1884 -1884 -1884 -1884 1885 1857 -1884 -1859 1857 -1857 -1884 -1857 1858 -1885 1592 -1650 -1650
63996253 1859 1859 -1884 -1884 1884 1884 -1885 1857 -1884 -1859 1857 -1857 1884 -1857 1858 -1885 1592 -1650 -1650
63996253 -1859 1859 1884 1884 -1884 1884 1885 -1857 -1884 -1859 1857 -1857 1884 -1857 1858 -1885 1592 -1650 -1650
63996253 1859 -1859 1884 1884 1884 -1884 -1885 -1857 -1884 -1859 1857 -1857 -1884 -1857 1858 -1885 1592 -1650 -1650
63989451 1885 1885 -1885 -1858 -1858 1885 -1858 1856 1885 1885 1856 1856 -1885 1856 -1885 1858 1593 1649 1649
63989451 -1885 -1885 -1885 -1858 1858 -1885 1858 1856 1885 1885 1856 1856 1885 1856 -1885 1858 1593 1649 1649
63989451 1885 -1885 1885 1858 -1858 -1885 -1858 -1856 1885 1885 1856 1856 1885 1856 -1885 1858 1593 1649 1649
63989451 -1885 1885 1885 1858 1858 1885 1858 -1856 1885 1885 1856 1856 -1885 1856 -1885 1858 1593 1649 1649
63989451 -1885 1885 1885 -1858 -1858 -1885 1858 1856 -1885 1885 -1856 1856 -1885 1856 -1885 1858 1593 1649 1649
63989451 1885 -1885 1885 -1858 1858 1885 -1858 1856 -1885 1885 -1856 1856 1885 1856 -1885 1858 1593 1649 1649
63989451 -1885 -1885 -1885 1858 -1858 1885 1858 -1856 -1885 1885 -1856 1856 1885 1856 -1885 1858 1593 1649 1649
63989451 1885 1885 -1885 1858 1858 -1885 -1858 -1856 -1885 1885 -1856 1856 -1885 1856 -1885 1858 1593 1649 1649
63989451 1885 -1885 1885 -1858 -1858 -1885 -1858 1856 1885 1885 -1856 -1856 -1885 1856 1885 1858 1593 1649 1649
63989451 -1885 1885 1885 -1858 1858 1885 1858 1856 1885 1885 -1856 -1856 1885 1856 1885 1858 1593 1649 1649
63989451 1885 1885 -1885 1858 -1858 1885 -1858 -1856 1885 1885 -1856 -1856 1885 1856 1885 1858 1593 1649 1649
63989451 -1885 -1885 -1885 1858 1858 -1885 1858 -1856 1885 1885 -1856 -1856 -1885 1856 1885 1858 1593 1649 1649
63989451 -1885 -1885 -1885 -1858 -1858 1885 1858 1856 -1885 1885 1856 -1856 -1885 1856 1885 1858 1593 1649 1649
63989451 1885 1885 -1885 -1858 1858 -1885 -1858 1856 -1885 1885 1856 -1856 1885 1856 1885 1858 1593 1649 1649
63989451 -1885 1885 1885 1858 -1858 -1885 1858 -1856 -1885 1885 1856 -1856 1885 1856 1885 1858 1593 1649 1649
63989451 1885 -1885 1885 1858 1858 1885 -1858 -1856 -1885 1885 1856 -1856 -1885 1856 1885 1858 1593 1649 1649
63989451 -1885 1885 1885 -1858 -1858 1885 -1858 -1856 1885 -1885 -1856 1856 1885 1856 -1885 1858 1593 1649 1649
63989451 1885 -1885 1885 -1858 1858 -1885 1858 -1856 1885 -1885 -1856 1856 -1885 1856 -1885 1858 1593 1649 1649
63989451 -1885 -1885 -1885 1858 -1858 -1885 -1858 1856 1885 -1885 -1856 1856 -1885 1856 -1885 1858 1593 1649 1649
63989451 1885 1885 -1885 1858 1858 1885 1858 1856 1885 -1885 -1856 1856 1885 1856 -1885 1858 1593 1649 1649
63989451 1885 1885 -1885 -1858 -1858 -1885 1858 -1856 -1885 -1885 1856 1856 1885 1856 -1885 1858 1593 1649 1649
63989451 -1885 -1885 -1885 -1858 1858 1885 -1858 -1856 -1885 -1885 1856 1856 -1885 1856 -1885 1858 1593 1649 1649
63989451 1885 -1885 1885 1858 -1858 1885 1858 1856 -1885 -1885 1856 1856 -1885 1856 -1885 1858 1593 1649 1649
63989451 -1885 1885 1885 1858 1858 -1885 -1858 1856 -1885 -1885 1856 1856 1885 1856 -1885 1858 1593 1649 1649
63989451 -1885 -1885 -1885 -1858 -1858 -1885 -1858 -1856 1885 -1885 1856 -1856 1885 1856 1885 1858 1593 1649 1649
63989451 1885 1885 -1885 -1858 1858 1885 1858 -1856 1885 -1885 1856 -1856 -1885 1856 1885 1858 1593 1649 1649
63989451 -1885 1885 1885 1858 -1858 1885 -1858 1856 1885 -1885 1856 -1856 -1885 1856 1885 1858 1593 1649 1649
63989451 1885 -1885 1885 1858 1858 -1885 1858 1856 1885 -1885 1856 -1856 1885 1856 1885 1858 1593 1649 1649
63989451 1885 -1885 1885 -1858 -1858 1885 1858 -1856 -1885 -1885 -1856 -1856 1885 1856 1885 1858 1593 1649 1649
63989451 -1885 1885 1885 -1858 1858 -1885 -1858 -1856 -1885 -1885 -1856 -1856 -1885 1856 1885 1858 1593 1649 1649
63989451 1885 1885 -1885 1858 -1858 -1885 1858 1856 -1885 -1885 -1856 -1856 -1885 1856 1885 1858 1593 1649 1649
63989451 -1885 -1885 -1885 1858 1858 1885 -1858 1856 -1885 -1885 -1856 -1856 1885 1856 1885 1858 1593 1649 1649
63989451 -1885 -1885 1885 -1858 -1858 -1885 1858 -1856 1885 1885 -1856 1856 1885 -1856 1885 1858 1593 1649 1649
63989451 1885 1885 1885 -1858 1858 1885 -1858 -1856 1885 1885 -1856 1856 -1885 -1856 1885 1858 1593 1649 1649
63989451 -1885 1885 -1885 1858 -1858 1885 1858 1856 1885 1885 -1856 1856 -1885 -1856 1885 1858 1593 1649 1649
63989451 1885 -1885 -1885 1858 1858 -1885 -1858 1856 1885 1885 -1856 1856 1885 -1856 1885 1858 1593 1649 1649
63989451 1885 -1885 -1885 -1858 -1858 1885 -1858 -1856 -1885 1885 1856 1856 1885 -1856 1885 1858 1593 1649 1649
63989451 -1885 1885 -1885 -1858 1858 -1885 1858 -1856 -1885 1885 1856 1856 -1885 -1856 1885 1858 1593 1649 1649
63989451 1885 1885 1885 1858 -1858 -1885 -1858 1856 -1885 1885 1856 1856 -1885 -1856 1885 1858 1593 1649 1649
63989451 -1885 -1885 1885 1858 1858 1885 1858 1856 -1885 1885 1856 1856 1885 -1856 1885 1858 1593 1649 1649
63989451 -1885 1885 -1885 -1858 -1858 1885 1858 -1856 1885 1885 1856 -1856 1885 -1856 -1885 1858 1593 1649 1649
63989451 1885 -1885 -1885 -1858 1858 -1885 -1858 -1856 1885 1885 1856 -1856 -1885 -1856 -1885 1858 1593 1649 1649
63989451 -1885 -1885 1885 1858 -1858 -1885 1858 1856 1885 1885 1856 -1856 -1885 -1856 -1885 1858 1593 1649 1649
63989451 1885 1885 1885 1858 1858 1885 -1858 1856 1885 1885 1856 -1856 1885 -1856 -1885 1858 1593 1649 1649
63989451 1885 1885 1885 -1858 -1858 -1885 -1858 -1856 -1885 1885 -1856 -1856 1885 -1856 -1885 1858 1593 1649 1649
63989451 -1885 -1885 1885 -1858 1858 1885 1858 -1856 -1885 1885 -1856 -1856 -1885 -1856 -1885 1858 1593 1649 1649
63989451 1885 -1885 -1885 1858 -1858 1885 -1858 1856 -1885 1885 -1856 -1856 -1885 -1856 -1885 1858 1593 1649 1649
63989451 -1885 1885 -1885 1858 1858 -1885 1858 1856 -1885 1885 -1856 -1856 1885 -1856 -1885 1858 1593 1649 1649
63989451 1885 -1885 -1885 -1858 -1858 -1885 1858 1856 1885 -1885 1856 1856 -1885 -1856 1885 1858 1593 1649 1649
63989451 -1885 1885 -1885 -1858 1858 1885 -1858 1856 1885 -1885 1856 1856 1885 -1856 1885 1858 1593 1649 1649
63989451 1885 1885 1885 1858 -1858 1885 1858 -1856 1885 -1885 1856 1856 1885 -1856 1885 1858 1593 1649 1649
63989451 -1885 -1885 1885 1858 1858 -1885 -1858 -1856 1885 -1885 1856 1856 -1885 -1856 1885 1858 1593 1649 1649
63989451 -1885 -1885 1885 -1858 -1858 1885 -1858 1856 -1885 -1885 -1856 1856 -1885 -1856 1885 1858 1593 1649 1649
63989451 1885 1885 1885 -1858 1858 -1885 1858 1856 -1885 -1885 -1856 1856 1885 -1856 1885 1858 1593 1649 1649
63989451 -1885 1885 -1885 1858 -1858 -1885 -1858 -1856 -1885 -1885 -1856 1856 1885 -1856 1885 1858 1593 1649 1649
63989451 1885 -1885 -1885 1858 1858 1885 1858 -1856 -1885 -1885 -1856 1856 -1885 -1856 1885 1858 1593 1649 1649
63989451 1885 1885 1885 -1858 -1858 1885 1858 1856 1885 -1885 -1856 -1856 -1885 -1856 -1885 1858 1593 1649 1649
63989451 -1885 -1885 1885 -1858 1858 -1885 -1858 1856 1885 -1885 -1856 -1856 1885 -1856 -1885 1858 1593 1649 1649
63989451 1885 -1885 -1885 1858 -1858 -1885 1858 -1856 1885 -1885 -1856 -1856 1885 -1856 -1885 1858 1593 1649 1649
63989451 -1885 1885 -1885 1858 1858 1885 -1858 -1856 1885 -1885 -1856 -1856 -1885 -1856 -1885 1858 1593 1649 1649
63989451 -1885 1885 -1885 -1858 -1858 -1885 -1858 1856 -1885 -1885 1856 -1856 -1885 -1856 -1885 1858 1593 1649 1649
63989451 1885 -1885 -1885 -1858 1858 1885 1858 1856 -1885 -1885 1856 -1856 1885 -1856 -1885 1858 1593 1649 1649
63989451 -1885 -1885 1885 1858 -1858 1885 -1858 -1856 -1885 -1885 1856 -1856 1885 -1856 -1885 1858 1593 1649 1649
63989451 1885 1885 1885 1858 1858 -1885 1858 -1856 -1885 -1885 1856 -1856 -1885 -1856 -1885 1858 1593 1649 1649
63989451 -1885 -1885 -1885 -1858 -1858 1885 -1858 1856 1885 1885 -1856 1856 1885 1856 1885 -1858 1593 1649 1649
63989451 1885 1885 -1885 -1858 1858 -1885 1858 1856 1885 1885 -1856 1856 -1885 1856 1885 -1858 1593 1649 1649
63989451 -1885 1885 1885 1858 -1858 -1885 -1858 -1856 1885 1885 -1856 1856 -1885 1856 1885 -1858 1593 1649 1649
63989451 1885 -1885 1885 1858 1858 1885 1858 -1856 1885 1885 -1856 1856 1885 1856 1885 -1858 1593 1649 1649
63989451 1885 -1885 1885 -1858 -1858 -1885 1858 1856 -1885 1885 1856 1856 1885 1856 1885 -1858 1593 1649 1649
63989451 -1885 1885 1885 -1858 1858 1885 -1858 1856 -1885 1885 1856 1856 -1885 1856 1885 -1858 1593 1649 1649
63989451 1885 1885 -1885 1858 -1858 1885 1858 -1856 -1885 1885 1856 1856 -1885 1856 1885 -1858 1593 1649 1649
63989451 -1885 -1885 -1885 1858 1858 -1885 -1858 -1856 -1885 1885 1856 1856 1885 1856 1885 -1858 1593 1649 1649
63989451 -1885 1885 1885 -1858 -1858 -1885 -1858 1856 1885 1885 1856 -1856 1885 1856 -1885 -1858 1593 1649 1649
63989451 1885 -1885 1885 -1858 1858 1885 1858 1856 1885 1885 1856 -1856 -1885 1856 -1885 -1858 1593 1649 1649
63989451 -1885 -1885 -1885 1858 -1858 1885 -1858 -1856 1885 1885 1856 -1856 -1885 1856 -1885 -1858 1593 1649 1649
63989451 1885 1885 -1885 1858 1858 -1885 1858 -1856 1885 1885 1856 -1856 1885 1856 -1885 -1858 1593 1649 1649
63989451 1885 1885 -1885 -1858 -1858 1885 1858 1856 -1885 1885 -1856 -1856 1885 1856 -1885 -1858 1593 1649 1649
63989451 -1885 -1885 -1885 -1858 1858 -1885 -1858 1856 -1885 1885 -1856 -1856 -1885 1856 -1885 -1858 1593 1649 1649
63989451 1885 -1885 1885 1858 -1858 -1885 1858 -1856 -1885 1885 -1856 -1856 -1885 1856 -1885 -1858 1593 1649 1649
63989451 -1885 1885 1885 1858 1858 1885 -1858 -1856 -1885 1885 -1856 -1856 1885 1856 -1885 -1858 1593 1649 1649
63989451 1885 -1885 1885 -1858 -1858 1885 -1858 -1856 1885 -1885 1856 1856 -1885 1856 1885 -1858 1593 1649 1649
63989451 -1885 1885 1885 -1858 1858 -1885 1858 -1856 1885 -1885 1856 1856 1885 1856 1885 -1858 1593 1649 1649
63989451 1885 1885 -1885 1858 -1858 -1885 -1858 1856 1885 -1885 1856 1856 1885 1856 1885 -1858 1593 1649 1649
63989451 -1885 -1885 -1885 1858 1858 1885 1858 1856 1885 -1885 1856 1856 -1885 1856 1885 -1858 1593 1649 1649
63989451 -1885 -1885 -1885 -1858 -1858 -1885 1858 -1856 -1885 -1885 -1856 1856 -1885 1856 1885 -1858 1593 1649 1649
63989451 1885 1885 -1885 -1858 1858 1885 -1858 -1856 -1885 -1885 -1856 1856 1885 1856 1885 -1858 1593 1649 1649
63989451 -1885 1885 1885 1858 -1858 1885 1858 1856 -1885 -1885 -1856 1856 1885 1856 1885 -1858 1593 1649 1649
63989451 1885 -1885 1885 1858 1858 -1885 -1858 1856 -1885 -1885 -1856 1856 -1885 1856 1885 -1858 1593 1649 1649
63989451 1885 1885 -1885 -1858 -1858 -1885 -1858 -1856 1885 -1885 -1856 -1856 -1885 1856 -1885 -1858 1593 1649 1649
63989451 -1885 -1885 -1885 -1858 1858 1885 1858 -1856 1885 -1885 -1856 -1856 1885 1856 -1885 -1858 1593 1649 1649
63989451 1885 -1885 1885 1858 -1858 1885 -1858 1856 1885 -1885 -1856 -1856 1885 1856 -1885 -1858 1593 1649 1649
63989451 -1885 1885 1885 1858 1858 -1885 1858 1856 1885 -1885 -1856 -1856 -1885 1856 -1885 -1858 1593 1649 1649
63989451 -1885 1885 1885 -1858 -1858 1885 1858 -1856 -1885 -1885 1856 -1856 -1885 1856 -1885 -1858 1593 1649 1649
63989451 1885 -1885 1885 -1858 1858 -1885 -1858 -1856 -1885 -1885 1856 -1856 1885 1856 -1885 -1858 1593 1649 1649
63989451 -1885 -1885 -1885 1858 -1858 -1885 1858 1856 -1885 -1885 1856 -1856 1885 1856 -1885 -1858 1593 1649 1649
63989451 1885 1885 -1885 1858 1858 1885 -1858 1856 -1885 -1885 1856 -1856 -1885 1856 -1885 -1858 1593 1649 1649
63989451 1885 1885 1885 -1858 -1858 -1885 1858 -1856 1885 1885 1856 1856 -1885 -1856 -1885 -1858 1593 1649 1649
63989451 -1885 -1885 1885 -1858 1858 1885 -1858 -1856 1885 1885 1856 1856 1885 -1856 -1885 -1858 1593 1649 1649
63989451 1885 -1885 -1885 1858 -1858 1885 1858 1856 1885 1885 1856 1856 1885 -1856 -1885 -1858 1593 1649 1649
63989451 -1885 1885 -1885 1858 1858 -1885 -1858 1856 1885 1885 1856 1856 -1885 -1856 -1885 -1858 1593 1649 1649
63989451 -1885 1885 -1885 -1858 -1858 1885 -1858 -1856 -1885 1885 -1856 1856 -1885 -1856 -1885 -1858 1593 1649 1649
63989451 1885 -1885 -1885 -1858 1858 -1885 1858 -1856 -1885 1885 -1856 1856 1885 -1856 -1885 -1858 1593 1649 1649
63989451 -1885 -1885 1885 1858 -1858 -1885 -1858 1856 -1885 1885 -1856 1856 1885 -1856 -1885 -1858 1593 1649 1649
63989451 1885 1885 1885 1858 1858 1885 1858 1856 -1885 1885 -1856 1856 -1885 -1856 -1885 -1858 1593 1649 1649
63989451 1885 -1885 -1885 -1858 -1858 1885 1858 -1856 1885 1885 -1856 -1856 -1885 -1856 1885 -1858 1593 1649 1649
63989451 -1885 1885 -1885 -1858 1858 -1885 -1858 -1856 1885 1885 -1856 -1856 1885 -1856 1885 -1858 1593 1649 1649
63989451 1885 1885 1885 1858 -1858 -1885 1858 1856 1885 1885 -1856 -1856 1885 -1856 1885 -1858 1593 1649 1649
63989451 -1885 -1885 1885 1858 1858 1885 -1858 1856 1885 1885 -1856 -1856 -1885 -1856 1885 -1858 1593 1649 1649
63989451 -1885 -1885 1885 -1858 -1858 -1885 -1858 -1856 -1885 1885 1856 -1856 -1885 -1856 1885 -1858 1593 1649 1649
63989451 1885 1885 1885 -1858 1858 1885 1858 -1856 -1885 1885 1856 -1856 1885 -1856 1885 -1858 1593 1649 1649
63989451 -1885 1885 -1885 1858 -1858 1885 -1858 1856 -1885 1885 1856 -1856 1885 -1856 1885 -1858 1593 1649 1649
63989451 1885 -1885 -1885 1858 1858 -1885 1858 1856 -1885 1885 1856 -1856 -1885 -1856 1885 -1858 1593 1649 1649
63989451 -1885 1885 -1885 -1858 -1858 -1885 1858 1856 1885 -1885 -1856 1856 1885 -1856 -1885 -1858 1593 1649 1649
63989451 1885 -1885 -1885 -1858 1858 1885 -1858 1856 1885 -1885 -1856 1856 -1885 -1856 -1885 -1858 1593 1649 1649
63989451 -1885 -1885 1885 1858 -1858 1885 1858 -1856 1885 -1885 -1856 1856 -1885 -1856 -1885 -1858 1593 1649 1649
63989451 1885 1885 1885 1858 1858 -1885 -1858 -1856 1885 -1885 -1856 1856 1885 -1856 -1885 -1858 1593 1649 1649
63989451 1885 1885 1885 -1858 -1858 1885 -1858 1856 -1885 -1885 1856 1856 1885 -1856 -1885 -1858 1593 1649 1649
63989451 -1885 -1885 1885 -1858 1858 -1885 1858 1856 -1885 -1885 1856 1856 -1885 -1856 -1885 -1858 1593 1649 1649
63989451 1885 -1885 -1885 1858 -1858 -1885 -1858 -1856 -1885 -1885 1856 1856 -1885 -1856 -1885 -1858 1593 1649 1649
63989451 -1885 1885 -1885 1858 1858 1885 1858 -1856 -1885 -1885 1856 1856 1885 -1856 -1885 -1858 1593 1649 1649
63989451 -1885 -1885 1885 -1858 -1858 1885 1858 1856 1885 -1885 1856 -1856 1885 -1856 1885 -1858 1593 1649 1649
63989451 1885 1885 1885 -1858 1858 -1885 -1858 1856 1885 -1885 1856 -1856 -1885 -1856 1885 -1858 1593 1649 1649
63989451 -1885 1885 -1885 1858 -1858 -1885 1858 -1856 1885 -1885 1856 -1856 -1885 -1856 1885 -1858 1593 1649 1649
63989451 1885 -1885 -1885 1858 1858 1885 -1858 -1856 1885 -1885 1856 -1856 1885 -1856 1885 -1858 1593 1649 1649
63989451 1885 -1885 -1885 -1858 -1858 -1885 -1858 1856 -1885 -1885 -1856 -1856 1885 -1856 1885 -1858 1593 1649 1649
63989451 -1885 1885 -1885 -1858 1858 1885 1858 1856 -1885 -1885 -1856 -1856 -1885 -1856 1885 -1858 1593 1649 1649
63989451 1885 1885 1885 1858 -1858 1885 -1858 -1856 -1885 -1885 -1856 -1856 -1885 -1856 1885 -1858 1593 1649 1649
63989451 -1885 -1885 1885 1858 1858 -1885 1858 -1856 -1885 -1885 -1856 -1856 1885 -1856 1885 -1858 1593 1649 1649
