# 12268 integer rays in dimension 19; each ray is normalized separately. Construction: constructions/D19-12268.txt.
# Each row: squared norm, followed by 19 integer coordinates (10476 base rays, then 1792 additions).
24200 0 0 0 0 0 0 0 0 0 0 0 0 0 0 0 0 0 -110 -110
24200 0 0 0 0 0 0 0 0 0 0 0 0 0 0 0 0 0 110 110
24200 0 0 0 0 0 0 0 0 0 0 0 0 0 0 0 0 -110 0 -110
24200 0 0 0 0 0 0 0 0 0 0 0 0 0 0 0 0 110 0 110
24200 0 0 0 0 0 0 0 0 0 0 0 0 0 0 0 0 -110 -110 0
24200 0 0 0 0 0 0 0 0 0 0 0 0 0 0 0 0 110 110 0
24200 -110 -110 0 0 0 0 0 0 0 0 0 0 0 0 0 0 0 0 0
24200 -110 110 0 0 0 0 0 0 0 0 0 0 0 0 0 0 0 0 0
24200 110 -110 0 0 0 0 0 0 0 0 0 0 0 0 0 0 0 0 0
24200 110 110 0 0 0 0 0 0 0 0 0 0 0 0 0 0 0 0 0
24200 -110 0 -110 0 0 0 0 0 0 0 0 0 0 0 0 0 0 0 0
24200 -110 0 110 0 0 0 0 0 0 0 0 0 0 0 0 0 0 0 0
24200 110 0 -110 0 0 0 0 0 0 0 0 0 0 0 0 0 0 0 0
24200 110 0 110 0 0 0 0 0 0 0 0 0 0 0 0 0 0 0 0
24200 -110 0 0 -110 0 0 0 0 0 0 0 0 0 0 0 0 0 0 0
24200 -110 0 0 110 0 0 0 0 0 0 0 0 0 0 0 0 0 0 0
24200 110 0 0 -110 0 0 0 0 0 0 0 0 0 0 0 0 0 0 0
24200 110 0 0 110 0 0 0 0 0 0 0 0 0 0 0 0 0 0 0
24200 -110 0 0 0 -110 0 0 0 0 0 0 0 0 0 0 0 0 0 0
24200 -110 0 0 0 110 0 0 0 0 0 0 0 0 0 0 0 0 0 0
24200 110 0 0 0 -110 0 0 0 0 0 0 0 0 0 0 0 0 0 0
24200 110 0 0 0 110 0 0 0 0 0 0 0 0 0 0 0 0 0 0
24200 -110 0 0 0 0 -110 0 0 0 0 0 0 0 0 0 0 0 0 0
24200 -110 0 0 0 0 110 0 0 0 0 0 0 0 0 0 0 0 0 0
24200 110 0 0 0 0 -110 0 0 0 0 0 0 0 0 0 0 0 0 0
24200 110 0 0 0 0 110 0 0 0 0 0 0 0 0 0 0 0 0 0
24200 -110 0 0 0 0 0 -110 0 0 0 0 0 0 0 0 0 0 0 0
24200 -110 0 0 0 0 0 110 0 0 0 0 0 0 0 0 0 0 0 0
24200 110 0 0 0 0 0 -110 0 0 0 0 0 0 0 0 0 0 0 0
24200 110 0 0 0 0 0 110 0 0 0 0 0 0 0 0 0 0 0 0
24200 -110 0 0 0 0 0 0 -110 0 0 0 0 0 0 0 0 0 0 0
24200 -110 0 0 0 0 0 0 110 0 0 0 0 0 0 0 0 0 0 0
24200 110 0 0 0 0 0 0 -110 0 0 0 0 0 0 0 0 0 0 0
24200 110 0 0 0 0 0 0 110 0 0 0 0 0 0 0 0 0 0 0
24200 -110 0 0 0 0 0 0 0 -110 0 0 0 0 0 0 0 0 0 0
24200 -110 0 0 0 0 0 0 0 110 0 0 0 0 0 0 0 0 0 0
24200 110 0 0 0 0 0 0 0 -110 0 0 0 0 0 0 0 0 0 0
24200 110 0 0 0 0 0 0 0 110 0 0 0 0 0 0 0 0 0 0
24200 -110 0 0 0 0 0 0 0 0 -110 0 0 0 0 0 0 0 0 0
24200 -110 0 0 0 0 0 0 0 0 110 0 0 0 0 0 0 0 0 0
24200 110 0 0 0 0 0 0 0 0 -110 0 0 0 0 0 0 0 0 0
24200 110 0 0 0 0 0 0 0 0 110 0 0 0 0 0 0 0 0 0
24200 -110 0 0 0 0 0 0 0 0 0 -110 0 0 0 0 0 0 0 0
24200 -110 0 0 0 0 0 0 0 0 0 110 0 0 0 0 0 0 0 0
24200 110 0 0 0 0 0 0 0 0 0 -110 0 0 0 0 0 0 0 0
24200 110 0 0 0 0 0 0 0 0 0 110 0 0 0 0 0 0 0 0
24200 -110 0 0 0 0 0 0 0 0 0 0 -110 0 0 0 0 0 0 0
24200 -110 0 0 0 0 0 0 0 0 0 0 110 0 0 0 0 0 0 0
24200 110 0 0 0 0 0 0 0 0 0 0 -110 0 0 0 0 0 0 0
24200 110 0 0 0 0 0 0 0 0 0 0 110 0 0 0 0 0 0 0
24200 -110 0 0 0 0 0 0 0 0 0 0 0 -110 0 0 0 0 0 0
24200 -110 0 0 0 0 0 0 0 0 0 0 0 110 0 0 0 0 0 0
24200 110 0 0 0 0 0 0 0 0 0 0 0 -110 0 0 0 0 0 0
24200 110 0 0 0 0 0 0 0 0 0 0 0 110 0 0 0 0 0 0
24200 -110 0 0 0 0 0 0 0 0 0 0 0 0 -110 0 0 0 0 0
24200 -110 0 0 0 0 0 0 0 0 0 0 0 0 110 0 0 0 0 0
24200 110 0 0 0 0 0 0 0 0 0 0 0 0 -110 0 0 0 0 0
24200 110 0 0 0 0 0 0 0 0 0 0 0 0 110 0 0 0 0 0
24200 -110 0 0 0 0 0 0 0 0 0 0 0 0 0 -110 0 0 0 0
24200 -110 0 0 0 0 0 0 0 0 0 0 0 0 0 110 0 0 0 0
24200 110 0 0 0 0 0 0 0 0 0 0 0 0 0 -110 0 0 0 0
24200 110 0 0 0 0 0 0 0 0 0 0 0 0 0 110 0 0 0 0
24200 -110 0 0 0 0 0 0 0 0 0 0 0 0 0 0 -110 0 0 0
24200 -110 0 0 0 0 0 0 0 0 0 0 0 0 0 0 110 0 0 0
24200 110 0 0 0 0 0 0 0 0 0 0 0 0 0 0 -110 0 0 0
24200 110 0 0 0 0 0 0 0 0 0 0 0 0 0 0 110 0 0 0
24200 0 -110 -110 0 0 0 0 0 0 0 0 0 0 0 0 0 0 0 0
24200 0 -110 110 0 0 0 0 0 0 0 0 0 0 0 0 0 0 0 0
24200 0 110 -110 0 0 0 0 0 0 0 0 0 0 0 0 0 0 0 0
24200 0 110 110 0 0 0 0 0 0 0 0 0 0 0 0 0 0 0 0
24200 0 -110 0 -110 0 0 0 0 0 0 0 0 0 0 0 0 0 0 0
24200 0 -110 0 110 0 0 0 0 0 0 0 0 0 0 0 0 0 0 0
24200 0 110 0 -110 0 0 0 0 0 0 0 0 0 0 0 0 0 0 0
24200 0 110 0 110 0 0 0 0 0 0 0 0 0 0 0 0 0 0 0
24200 0 -110 0 0 -110 0 0 0 0 0 0 0 0 0 0 0 0 0 0
24200 0 -110 0 0 110 0 0 0 0 0 0 0 0 0 0 0 0 0 0
24200 0 110 0 0 -110 0 0 0 0 0 0 0 0 0 0 0 0 0 0
24200 0 110 0 0 110 0 0 0 0 0 0 0 0 0 0 0 0 0 0
24200 0 -110 0 0 0 -110 0 0 0 0 0 0 0 0 0 0 0 0 0
24200 0 -110 0 0 0 110 0 0 0 0 0 0 0 0 0 0 0 0 0
24200 0 110 0 0 0 -110 0 0 0 0 0 0 0 0 0 0 0 0 0
24200 0 110 0 0 0 110 0 0 0 0 0 0 0 0 0 0 0 0 0
24200 0 -110 0 0 0 0 -110 0 0 0 0 0 0 0 0 0 0 0 0
24200 0 -110 0 0 0 0 110 0 0 0 0 0 0 0 0 0 0 0 0
24200 0 110 0 0 0 0 -110 0 0 0 0 0 0 0 0 0 0 0 0
24200 0 110 0 0 0 0 110 0 0 0 0 0 0 0 0 0 0 0 0
24200 0 -110 0 0 0 0 0 -110 0 0 0 0 0 0 0 0 0 0 0
24200 0 -110 0 0 0 0 0 110 0 0 0 0 0 0 0 0 0 0 0
24200 0 110 0 0 0 0 0 -110 0 0 0 0 0 0 0 0 0 0 0
24200 0 110 0 0 0 0 0 110 0 0 0 0 0 0 0 0 0 0 0
24200 0 -110 0 0 0 0 0 0 -110 0 0 0 0 0 0 0 0 0 0
24200 0 -110 0 0 0 0 0 0 110 0 0 0 0 0 0 0 0 0 0
24200 0 110 0 0 0 0 0 0 -110 0 0 0 0 0 0 0 0 0 0
24200 0 110 0 0 0 0 0 0 110 0 0 0 0 0 0 0 0 0 0
24200 0 -110 0 0 0 0 0 0 0 -110 0 0 0 0 0 0 0 0 0
24200 0 -110 0 0 0 0 0 0 0 110 0 0 0 0 0 0 0 0 0
24200 0 110 0 0 0 0 0 0 0 -110 0 0 0 0 0 0 0 0 0
24200 0 110 0 0 0 0 0 0 0 110 0 0 0 0 0 0 0 0 0
24200 0 -110 0 0 0 0 0 0 0 0 -110 0 0 0 0 0 0 0 0
24200 0 -110 0 0 0 0 0 0 0 0 110 0 0 0 0 0 0 0 0
24200 0 110 0 0 0 0 0 0 0 0 -110 0 0 0 0 0 0 0 0
24200 0 110 0 0 0 0 0 0 0 0 110 0 0 0 0 0 0 0 0
24200 0 -110 0 0 0 0 0 0 0 0 0 -110 0 0 0 0 0 0 0
24200 0 -110 0 0 0 0 0 0 0 0 0 110 0 0 0 0 0 0 0
24200 0 110 0 0 0 0 0 0 0 0 0 -110 0 0 0 0 0 0 0
24200 0 110 0 0 0 0 0 0 0 0 0 110 0 0 0 0 0 0 0
24200 0 -110 0 0 0 0 0 0 0 0 0 0 -110 0 0 0 0 0 0
24200 0 -110 0 0 0 0 0 0 0 0 0 0 110 0 0 0 0 0 0
24200 0 110 0 0 0 0 0 0 0 0 0 0 -110 0 0 0 0 0 0
24200 0 110 0 0 0 0 0 0 0 0 0 0 110 0 0 0 0 0 0
24200 0 -110 0 0 0 0 0 0 0 0 0 0 0 -110 0 0 0 0 0
24200 0 -110 0 0 0 0 0 0 0 0 0 0 0 110 0 0 0 0 0
24200 0 110 0 0 0 0 0 0 0 0 0 0 0 -110 0 0 0 0 0
24200 0 110 0 0 0 0 0 0 0 0 0 0 0 110 0 0 0 0 0
24200 0 -110 0 0 0 0 0 0 0 0 0 0 0 0 -110 0 0 0 0
24200 0 -110 0 0 0 0 0 0 0 0 0 0 0 0 110 0 0 0 0
24200 0 110 0 0 0 0 0 0 0 0 0 0 0 0 -110 0 0 0 0
24200 0 110 0 0 0 0 0 0 0 0 0 0 0 0 110 0 0 0 0
24200 0 -110 0 0 0 0 0 0 0 0 0 0 0 0 0 -110 0 0 0
24200 0 -110 0 0 0 0 0 0 0 0 0 0 0 0 0 110 0 0 0
24200 0 110 0 0 0 0 0 0 0 0 0 0 0 0 0 -110 0 0 0
24200 0 110 0 0 0 0 0 0 0 0 0 0 0 0 0 110 0 0 0
24200 0 0 0 0 0 0 0 0 0 0 0 0 0 0 0 0 -110 110 0
24200 0 0 0 0 0 0 0 0 0 0 0 0 0 0 0 0 110 -110 0
24200 0 0 0 0 0 0 0 0 0 0 0 0 0 0 0 0 -110 0 110
24200 0 0 0 0 0 0 0 0 0 0 0 0 0 0 0 0 110 0 -110
24200 0 0 -110 -110 0 0 0 0 0 0 0 0 0 0 0 0 0 0 0
24200 0 0 -110 110 0 0 0 0 0 0 0 0 0 0 0 0 0 0 0
24200 0 0 110 -110 0 0 0 0 0 0 0 0 0 0 0 0 0 0 0
24200 0 0 110 110 0 0 0 0 0 0 0 0 0 0 0 0 0 0 0
24200 0 0 -110 0 -110 0 0 0 0 0 0 0 0 0 0 0 0 0 0
24200 0 0 -110 0 110 0 0 0 0 0 0 0 0 0 0 0 0 0 0
24200 0 0 110 0 -110 0 0 0 0 0 0 0 0 0 0 0 0 0 0
24200 0 0 110 0 110 0 0 0 0 0 0 0 0 0 0 0 0 0 0
24200 0 0 -110 0 0 -110 0 0 0 0 0 0 0 0 0 0 0 0 0
24200 0 0 -110 0 0 110 0 0 0 0 0 0 0 0 0 0 0 0 0
24200 0 0 110 0 0 -110 0 0 0 0 0 0 0 0 0 0 0 0 0
24200 0 0 110 0 0 110 0 0 0 0 0 0 0 0 0 0 0 0 0
24200 0 0 -110 0 0 0 -110 0 0 0 0 0 0 0 0 0 0 0 0
24200 0 0 -110 0 0 0 110 0 0 0 0 0 0 0 0 0 0 0 0
24200 0 0 110 0 0 0 -110 0 0 0 0 0 0 0 0 0 0 0 0
24200 0 0 110 0 0 0 110 0 0 0 0 0 0 0 0 0 0 0 0
24200 0 0 -110 0 0 0 0 -110 0 0 0 0 0 0 0 0 0 0 0
24200 0 0 -110 0 0 0 0 110 0 0 0 0 0 0 0 0 0 0 0
24200 0 0 110 0 0 0 0 -110 0 0 0 0 0 0 0 0 0 0 0
24200 0 0 110 0 0 0 0 110 0 0 0 0 0 0 0 0 0 0 0
24200 0 0 -110 0 0 0 0 0 -110 0 0 0 0 0 0 0 0 0 0
24200 0 0 -110 0 0 0 0 0 110 0 0 0 0 0 0 0 0 0 0
24200 0 0 110 0 0 0 0 0 -110 0 0 0 0 0 0 0 0 0 0
24200 0 0 110 0 0 0 0 0 110 0 0 0 0 0 0 0 0 0 0
24200 0 0 -110 0 0 0 0 0 0 -110 0 0 0 0 0 0 0 0 0
24200 0 0 -110 0 0 0 0 0 0 110 0 0 0 0 0 0 0 0 0
24200 0 0 110 0 0 0 0 0 0 -110 0 0 0 0 0 0 0 0 0
24200 0 0 110 0 0 0 0 0 0 110 0 0 0 0 0 0 0 0 0
24200 0 0 -110 0 0 0 0 0 0 0 -110 0 0 0 0 0 0 0 0
24200 0 0 -110 0 0 0 0 0 0 0 110 0 0 0 0 0 0 0 0
24200 0 0 110 0 0 0 0 0 0 0 -110 0 0 0 0 0 0 0 0
24200 0 0 110 0 0 0 0 0 0 0 110 0 0 0 0 0 0 0 0
24200 0 0 -110 0 0 0 0 0 0 0 0 -110 0 0 0 0 0 0 0
24200 0 0 -110 0 0 0 0 0 0 0 0 110 0 0 0 0 0 0 0
24200 0 0 110 0 0 0 0 0 0 0 0 -110 0 0 0 0 0 0 0
24200 0 0 110 0 0 0 0 0 0 0 0 110 0 0 0 0 0 0 0
24200 0 0 -110 0 0 0 0 0 0 0 0 0 -110 0 0 0 0 0 0
24200 0 0 -110 0 0 0 0 0 0 0 0 0 110 0 0 0 0 0 0
24200 0 0 110 0 0 0 0 0 0 0 0 0 -110 0 0 0 0 0 0
24200 0 0 110 0 0 0 0 0 0 0 0 0 110 0 0 0 0 0 0
24200 0 0 -110 0 0 0 0 0 0 0 0 0 0 -110 0 0 0 0 0
24200 0 0 -110 0 0 0 0 0 0 0 0 0 0 110 0 0 0 0 0
24200 0 0 110 0 0 0 0 0 0 0 0 0 0 -110 0 0 0 0 0
24200 0 0 110 0 0 0 0 0 0 0 0 0 0 110 0 0 0 0 0
24200 0 0 -110 0 0 0 0 0 0 0 0 0 0 0 -110 0 0 0 0
24200 0 0 -110 0 0 0 0 0 0 0 0 0 0 0 110 0 0 0 0
24200 0 0 110 0 0 0 0 0 0 0 0 0 0 0 -110 0 0 0 0
24200 0 0 110 0 0 0 0 0 0 0 0 0 0 0 110 0 0 0 0
24200 0 0 -110 0 0 0 0 0 0 0 0 0 0 0 0 -110 0 0 0
24200 0 0 -110 0 0 0 0 0 0 0 0 0 0 0 0 110 0 0 0
24200 0 0 110 0 0 0 0 0 0 0 0 0 0 0 0 -110 0 0 0
24200 0 0 110 0 0 0 0 0 0 0 0 0 0 0 0 110 0 0 0
24200 0 0 0 -110 -110 0 0 0 0 0 0 0 0 0 0 0 0 0 0
24200 0 0 0 -110 110 0 0 0 0 0 0 0 0 0 0 0 0 0 0
24200 0 0 0 110 -110 0 0 0 0 0 0 0 0 0 0 0 0 0 0
24200 0 0 0 110 110 0 0 0 0 0 0 0 0 0 0 0 0 0 0
24200 0 0 0 -110 0 -110 0 0 0 0 0 0 0 0 0 0 0 0 0
24200 0 0 0 -110 0 110 0 0 0 0 0 0 0 0 0 0 0 0 0
24200 0 0 0 110 0 -110 0 0 0 0 0 0 0 0 0 0 0 0 0
24200 0 0 0 110 0 110 0 0 0 0 0 0 0 0 0 0 0 0 0
24200 0 0 0 -110 0 0 -110 0 0 0 0 0 0 0 0 0 0 0 0
24200 0 0 0 -110 0 0 110 0 0 0 0 0 0 0 0 0 0 0 0
24200 0 0 0 110 0 0 -110 0 0 0 0 0 0 0 0 0 0 0 0
24200 0 0 0 110 0 0 110 0 0 0 0 0 0 0 0 0 0 0 0
24200 0 0 0 -110 0 0 0 -110 0 0 0 0 0 0 0 0 0 0 0
24200 0 0 0 -110 0 0 0 110 0 0 0 0 0 0 0 0 0 0 0
24200 0 0 0 110 0 0 0 -110 0 0 0 0 0 0 0 0 0 0 0
24200 0 0 0 110 0 0 0 110 0 0 0 0 0 0 0 0 0 0 0
24200 0 0 0 -110 0 0 0 0 -110 0 0 0 0 0 0 0 0 0 0
24200 0 0 0 -110 0 0 0 0 110 0 0 0 0 0 0 0 0 0 0
24200 0 0 0 110 0 0 0 0 -110 0 0 0 0 0 0 0 0 0 0
24200 0 0 0 110 0 0 0 0 110 0 0 0 0 0 0 0 0 0 0
24200 0 0 0 -110 0 0 0 0 0 -110 0 0 0 0 0 0 0 0 0
24200 0 0 0 -110 0 0 0 0 0 110 0 0 0 0 0 0 0 0 0
24200 0 0 0 110 0 0 0 0 0 -110 0 0 0 0 0 0 0 0 0
24200 0 0 0 110 0 0 0 0 0 110 0 0 0 0 0 0 0 0 0
24200 0 0 0 -110 0 0 0 0 0 0 -110 0 0 0 0 0 0 0 0
24200 0 0 0 -110 0 0 0 0 0 0 110 0 0 0 0 0 0 0 0
24200 0 0 0 110 0 0 0 0 0 0 -110 0 0 0 0 0 0 0 0
24200 0 0 0 110 0 0 0 0 0 0 110 0 0 0 0 0 0 0 0
24200 0 0 0 -110 0 0 0 0 0 0 0 -110 0 0 0 0 0 0 0
24200 0 0 0 -110 0 0 0 0 0 0 0 110 0 0 0 0 0 0 0
24200 0 0 0 110 0 0 0 0 0 0 0 -110 0 0 0 0 0 0 0
24200 0 0 0 110 0 0 0 0 0 0 0 110 0 0 0 0 0 0 0
24200 0 0 0 -110 0 0 0 0 0 0 0 0 -110 0 0 0 0 0 0
24200 0 0 0 -110 0 0 0 0 0 0 0 0 110 0 0 0 0 0 0
24200 0 0 0 110 0 0 0 0 0 0 0 0 -110 0 0 0 0 0 0
24200 0 0 0 110 0 0 0 0 0 0 0 0 110 0 0 0 0 0 0
24200 0 0 0 -110 0 0 0 0 0 0 0 0 0 -110 0 0 0 0 0
24200 0 0 0 -110 0 0 0 0 0 0 0 0 0 110 0 0 0 0 0
24200 0 0 0 110 0 0 0 0 0 0 0 0 0 -110 0 0 0 0 0
24200 0 0 0 110 0 0 0 0 0 0 0 0 0 110 0 0 0 0 0
24200 0 0 0 -110 0 0 0 0 0 0 0 0 0 0 -110 0 0 0 0
24200 0 0 0 -110 0 0 0 0 0 0 0 0 0 0 110 0 0 0 0
24200 0 0 0 110 0 0 0 0 0 0 0 0 0 0 -110 0 0 0 0
24200 0 0 0 110 0 0 0 0 0 0 0 0 0 0 110 0 0 0 0
24200 0 0 0 -110 0 0 0 0 0 0 0 0 0 0 0 -110 0 0 0
24200 0 0 0 -110 0 0 0 0 0 0 0 0 0 0 0 110 0 0 0
24200 0 0 0 110 0 0 0 0 0 0 0 0 0 0 0 -110 0 0 0
24200 0 0 0 110 0 0 0 0 0 0 0 0 0 0 0 110 0 0 0
24200 0 0 0 0 0 0 0 0 0 0 0 0 0 0 0 0 0 -110 110
24200 0 0 0 0 0 0 0 0 0 0 0 0 0 0 0 0 0 110 -110
24200 0 0 0 0 -110 -110 0 0 0 0 0 0 0 0 0 0 0 0 0
24200 0 0 0 0 -110 110 0 0 0 0 0 0 0 0 0 0 0 0 0
24200 0 0 0 0 110 -110 0 0 0 0 0 0 0 0 0 0 0 0 0
24200 0 0 0 0 110 110 0 0 0 0 0 0 0 0 0 0 0 0 0
24200 0 0 0 0 -110 0 -110 0 0 0 0 0 0 0 0 0 0 0 0
24200 0 0 0 0 -110 0 110 0 0 0 0 0 0 0 0 0 0 0 0
24200 0 0 0 0 110 0 -110 0 0 0 0 0 0 0 0 0 0 0 0
24200 0 0 0 0 110 0 110 0 0 0 0 0 0 0 0 0 0 0 0
24200 0 0 0 0 -110 0 0 -110 0 0 0 0 0 0 0 0 0 0 0
24200 0 0 0 0 -110 0 0 110 0 0 0 0 0 0 0 0 0 0 0
24200 0 0 0 0 110 0 0 -110 0 0 0 0 0 0 0 0 0 0 0
24200 0 0 0 0 110 0 0 110 0 0 0 0 0 0 0 0 0 0 0
24200 0 0 0 0 -110 0 0 0 -110 0 0 0 0 0 0 0 0 0 0
24200 0 0 0 0 -110 0 0 0 110 0 0 0 0 0 0 0 0 0 0
24200 0 0 0 0 110 0 0 0 -110 0 0 0 0 0 0 0 0 0 0
24200 0 0 0 0 110 0 0 0 110 0 0 0 0 0 0 0 0 0 0
24200 0 0 0 0 -110 0 0 0 0 -110 0 0 0 0 0 0 0 0 0
24200 0 0 0 0 -110 0 0 0 0 110 0 0 0 0 0 0 0 0 0
24200 0 0 0 0 110 0 0 0 0 -110 0 0 0 0 0 0 0 0 0
24200 0 0 0 0 110 0 0 0 0 110 0 0 0 0 0 0 0 0 0
24200 0 0 0 0 -110 0 0 0 0 0 -110 0 0 0 0 0 0 0 0
24200 0 0 0 0 -110 0 0 0 0 0 110 0 0 0 0 0 0 0 0
24200 0 0 0 0 110 0 0 0 0 0 -110 0 0 0 0 0 0 0 0
24200 0 0 0 0 110 0 0 0 0 0 110 0 0 0 0 0 0 0 0
24200 0 0 0 0 -110 0 0 0 0 0 0 -110 0 0 0 0 0 0 0
24200 0 0 0 0 -110 0 0 0 0 0 0 110 0 0 0 0 0 0 0
24200 0 0 0 0 110 0 0 0 0 0 0 -110 0 0 0 0 0 0 0
24200 0 0 0 0 110 0 0 0 0 0 0 110 0 0 0 0 0 0 0
24200 0 0 0 0 -110 0 0 0 0 0 0 0 -110 0 0 0 0 0 0
24200 0 0 0 0 -110 0 0 0 0 0 0 0 110 0 0 0 0 0 0
24200 0 0 0 0 110 0 0 0 0 0 0 0 -110 0 0 0 0 0 0
24200 0 0 0 0 110 0 0 0 0 0 0 0 110 0 0 0 0 0 0
24200 0 0 0 0 -110 0 0 0 0 0 0 0 0 -110 0 0 0 0 0
24200 0 0 0 0 -110 0 0 0 0 0 0 0 0 110 0 0 0 0 0
24200 0 0 0 0 110 0 0 0 0 0 0 0 0 -110 0 0 0 0 0
24200 0 0 0 0 110 0 0 0 0 0 0 0 0 110 0 0 0 0 0
24200 0 0 0 0 -110 0 0 0 0 0 0 0 0 0 -110 0 0 0 0
24200 0 0 0 0 -110 0 0 0 0 0 0 0 0 0 110 0 0 0 0
24200 0 0 0 0 110 0 0 0 0 0 0 0 0 0 -110 0 0 0 0
24200 0 0 0 0 110 0 0 0 0 0 0 0 0 0 110 0 0 0 0
24200 0 0 0 0 -110 0 0 0 0 0 0 0 0 0 0 -110 0 0 0
24200 0 0 0 0 -110 0 0 0 0 0 0 0 0 0 0 110 0 0 0
24200 0 0 0 0 110 0 0 0 0 0 0 0 0 0 0 -110 0 0 0
24200 0 0 0 0 110 0 0 0 0 0 0 0 0 0 0 110 0 0 0
24200 0 0 0 0 0 -110 -110 0 0 0 0 0 0 0 0 0 0 0 0
24200 0 0 0 0 0 -110 110 0 0 0 0 0 0 0 0 0 0 0 0
24200 0 0 0 0 0 110 -110 0 0 0 0 0 0 0 0 0 0 0 0
24200 0 0 0 0 0 110 110 0 0 0 0 0 0 0 0 0 0 0 0
24200 0 0 0 0 0 -110 0 -110 0 0 0 0 0 0 0 0 0 0 0
24200 0 0 0 0 0 -110 0 110 0 0 0 0 0 0 0 0 0 0 0
24200 0 0 0 0 0 110 0 -110 0 0 0 0 0 0 0 0 0 0 0
24200 0 0 0 0 0 110 0 110 0 0 0 0 0 0 0 0 0 0 0
24200 0 0 0 0 0 -110 0 0 -110 0 0 0 0 0 0 0 0 0 0
24200 0 0 0 0 0 -110 0 0 110 0 0 0 0 0 0 0 0 0 0
24200 0 0 0 0 0 110 0 0 -110 0 0 0 0 0 0 0 0 0 0
24200 0 0 0 0 0 110 0 0 110 0 0 0 0 0 0 0 0 0 0
24200 0 0 0 0 0 -110 0 0 0 -110 0 0 0 0 0 0 0 0 0
24200 0 0 0 0 0 -110 0 0 0 110 0 0 0 0 0 0 0 0 0
24200 0 0 0 0 0 110 0 0 0 -110 0 0 0 0 0 0 0 0 0
24200 0 0 0 0 0 110 0 0 0 110 0 0 0 0 0 0 0 0 0
24200 0 0 0 0 0 -110 0 0 0 0 -110 0 0 0 0 0 0 0 0
24200 0 0 0 0 0 -110 0 0 0 0 110 0 0 0 0 0 0 0 0
24200 0 0 0 0 0 110 0 0 0 0 -110 0 0 0 0 0 0 0 0
24200 0 0 0 0 0 110 0 0 0 0 110 0 0 0 0 0 0 0 0
24200 0 0 0 0 0 -110 0 0 0 0 0 -110 0 0 0 0 0 0 0
24200 0 0 0 0 0 -110 0 0 0 0 0 110 0 0 0 0 0 0 0
24200 0 0 0 0 0 110 0 0 0 0 0 -110 0 0 0 0 0 0 0
24200 0 0 0 0 0 110 0 0 0 0 0 110 0 0 0 0 0 0 0
24200 0 0 0 0 0 -110 0 0 0 0 0 0 -110 0 0 0 0 0 0
24200 0 0 0 0 0 -110 0 0 0 0 0 0 110 0 0 0 0 0 0
24200 0 0 0 0 0 110 0 0 0 0 0 0 -110 0 0 0 0 0 0
24200 0 0 0 0 0 110 0 0 0 0 0 0 110 0 0 0 0 0 0
24200 0 0 0 0 0 -110 0 0 0 0 0 0 0 -110 0 0 0 0 0
24200 0 0 0 0 0 -110 0 0 0 0 0 0 0 110 0 0 0 0 0
24200 0 0 0 0 0 110 0 0 0 0 0 0 0 -110 0 0 0 0 0
24200 0 0 0 0 0 110 0 0 0 0 0 0 0 110 0 0 0 0 0
24200 0 0 0 0 0 -110 0 0 0 0 0 0 0 0 -110 0 0 0 0
24200 0 0 0 0 0 -110 0 0 0 0 0 0 0 0 110 0 0 0 0
24200 0 0 0 0 0 110 0 0 0 0 0 0 0 0 -110 0 0 0 0
24200 0 0 0 0 0 110 0 0 0 0 0 0 0 0 110 0 0 0 0
24200 0 0 0 0 0 -110 0 0 0 0 0 0 0 0 0 -110 0 0 0
24200 0 0 0 0 0 -110 0 0 0 0 0 0 0 0 0 110 0 0 0
24200 0 0 0 0 0 110 0 0 0 0 0 0 0 0 0 -110 0 0 0
24200 0 0 0 0 0 110 0 0 0 0 0 0 0 0 0 110 0 0 0
24200 0 0 0 0 0 0 -110 -110 0 0 0 0 0 0 0 0 0 0 0
24200 0 0 0 0 0 0 -110 110 0 0 0 0 0 0 0 0 0 0 0
24200 0 0 0 0 0 0 110 -110 0 0 0 0 0 0 0 0 0 0 0
24200 0 0 0 0 0 0 110 110 0 0 0 0 0 0 0 0 0 0 0
24200 0 0 0 0 0 0 -110 0 -110 0 0 0 0 0 0 0 0 0 0
24200 0 0 0 0 0 0 -110 0 110 0 0 0 0 0 0 0 0 0 0
24200 0 0 0 0 0 0 110 0 -110 0 0 0 0 0 0 0 0 0 0
24200 0 0 0 0 0 0 110 0 110 0 0 0 0 0 0 0 0 0 0
24200 0 0 0 0 0 0 -110 0 0 -110 0 0 0 0 0 0 0 0 0
24200 0 0 0 0 0 0 -110 0 0 110 0 0 0 0 0 0 0 0 0
24200 0 0 0 0 0 0 110 0 0 -110 0 0 0 0 0 0 0 0 0
24200 0 0 0 0 0 0 110 0 0 110 0 0 0 0 0 0 0 0 0
24200 0 0 0 0 0 0 -110 0 0 0 -110 0 0 0 0 0 0 0 0
24200 0 0 0 0 0 0 -110 0 0 0 110 0 0 0 0 0 0 0 0
24200 0 0 0 0 0 0 110 0 0 0 -110 0 0 0 0 0 0 0 0
24200 0 0 0 0 0 0 110 0 0 0 110 0 0 0 0 0 0 0 0
24200 0 0 0 0 0 0 -110 0 0 0 0 -110 0 0 0 0 0 0 0
24200 0 0 0 0 0 0 -110 0 0 0 0 110 0 0 0 0 0 0 0
24200 0 0 0 0 0 0 110 0 0 0 0 -110 0 0 0 0 0 0 0
24200 0 0 0 0 0 0 110 0 0 0 0 110 0 0 0 0 0 0 0
24200 0 0 0 0 0 0 -110 0 0 0 0 0 -110 0 0 0 0 0 0
24200 0 0 0 0 0 0 -110 0 0 0 0 0 110 0 0 0 0 0 0
24200 0 0 0 0 0 0 110 0 0 0 0 0 -110 0 0 0 0 0 0
24200 0 0 0 0 0 0 110 0 0 0 0 0 110 0 0 0 0 0 0
24200 0 0 0 0 0 0 -110 0 0 0 0 0 0 -110 0 0 0 0 0
24200 0 0 0 0 0 0 -110 0 0 0 0 0 0 110 0 0 0 0 0
24200 0 0 0 0 0 0 110 0 0 0 0 0 0 -110 0 0 0 0 0
24200 0 0 0 0 0 0 110 0 0 0 0 0 0 110 0 0 0 0 0
24200 0 0 0 0 0 0 -110 0 0 0 0 0 0 0 -110 0 0 0 0
24200 0 0 0 0 0 0 -110 0 0 0 0 0 0 0 110 0 0 0 0
24200 0 0 0 0 0 0 110 0 0 0 0 0 0 0 -110 0 0 0 0
24200 0 0 0 0 0 0 110 0 0 0 0 0 0 0 110 0 0 0 0
24200 0 0 0 0 0 0 -110 0 0 0 0 0 0 0 0 -110 0 0 0
24200 0 0 0 0 0 0 -110 0 0 0 0 0 0 0 0 110 0 0 0
24200 0 0 0 0 0 0 110 0 0 0 0 0 0 0 0 -110 0 0 0
24200 0 0 0 0 0 0 110 0 0 0 0 0 0 0 0 110 0 0 0
24200 0 0 0 0 0 0 0 -110 -110 0 0 0 0 0 0 0 0 0 0
24200 0 0 0 0 0 0 0 -110 110 0 0 0 0 0 0 0 0 0 0
24200 0 0 0 0 0 0 0 110 -110 0 0 0 0 0 0 0 0 0 0
24200 0 0 0 0 0 0 0 110 110 0 0 0 0 0 0 0 0 0 0
24200 0 0 0 0 0 0 0 -110 0 -110 0 0 0 0 0 0 0 0 0
24200 0 0 0 0 0 0 0 -110 0 110 0 0 0 0 0 0 0 0 0
24200 0 0 0 0 0 0 0 110 0 -110 0 0 0 0 0 0 0 0 0
24200 0 0 0 0 0 0 0 110 0 110 0 0 0 0 0 0 0 0 0
24200 0 0 0 0 0 0 0 -110 0 0 -110 0 0 0 0 0 0 0 0
24200 0 0 0 0 0 0 0 -110 0 0 110 0 0 0 0 0 0 0 0
24200 0 0 0 0 0 0 0 110 0 0 -110 0 0 0 0 0 0 0 0
24200 0 0 0 0 0 0 0 110 0 0 110 0 0 0 0 0 0 0 0
24200 0 0 0 0 0 0 0 -110 0 0 0 -110 0 0 0 0 0 0 0
24200 0 0 0 0 0 0 0 -110 0 0 0 110 0 0 0 0 0 0 0
24200 0 0 0 0 0 0 0 110 0 0 0 -110 0 0 0 0 0 0 0
24200 0 0 0 0 0 0 0 110 0 0 0 110 0 0 0 0 0 0 0
24200 0 0 0 0 0 0 0 -110 0 0 0 0 -110 0 0 0 0 0 0
24200 0 0 0 0 0 0 0 -110 0 0 0 0 110 0 0 0 0 0 0
24200 0 0 0 0 0 0 0 110 0 0 0 0 -110 0 0 0 0 0 0
24200 0 0 0 0 0 0 0 110 0 0 0 0 110 0 0 0 0 0 0
24200 0 0 0 0 0 0 0 -110 0 0 0 0 0 -110 0 0 0 0 0
24200 0 0 0 0 0 0 0 -110 0 0 0 0 0 110 0 0 0 0 0
24200 0 0 0 0 0 0 0 110 0 0 0 0 0 -110 0 0 0 0 0
24200 0 0 0 0 0 0 0 110 0 0 0 0 0 110 0 0 0 0 0
24200 0 0 0 0 0 0 0 -110 0 0 0 0 0 0 -110 0 0 0 0
24200 0 0 0 0 0 0 0 -110 0 0 0 0 0 0 110 0 0 0 0
24200 0 0 0 0 0 0 0 110 0 0 0 0 0 0 -110 0 0 0 0
24200 0 0 0 0 0 0 0 110 0 0 0 0 0 0 110 0 0 0 0
24200 0 0 0 0 0 0 0 -110 0 0 0 0 0 0 0 -110 0 0 0
24200 0 0 0 0 0 0 0 -110 0 0 0 0 0 0 0 110 0 0 0
24200 0 0 0 0 0 0 0 110 0 0 0 0 0 0 0 -110 0 0 0
24200 0 0 0 0 0 0 0 110 0 0 0 0 0 0 0 110 0 0 0
24200 0 0 0 0 0 0 0 0 -110 -110 0 0 0 0 0 0 0 0 0
24200 0 0 0 0 0 0 0 0 -110 110 0 0 0 0 0 0 0 0 0
24200 0 0 0 0 0 0 0 0 110 -110 0 0 0 0 0 0 0 0 0
24200 0 0 0 0 0 0 0 0 110 110 0 0 0 0 0 0 0 0 0
24200 0 0 0 0 0 0 0 0 -110 0 -110 0 0 0 0 0 0 0 0
24200 0 0 0 0 0 0 0 0 -110 0 110 0 0 0 0 0 0 0 0
24200 0 0 0 0 0 0 0 0 110 0 -110 0 0 0 0 0 0 0 0
24200 0 0 0 0 0 0 0 0 110 0 110 0 0 0 0 0 0 0 0
24200 0 0 0 0 0 0 0 0 -110 0 0 -110 0 0 0 0 0 0 0
24200 0 0 0 0 0 0 0 0 -110 0 0 110 0 0 0 0 0 0 0
24200 0 0 0 0 0 0 0 0 110 0 0 -110 0 0 0 0 0 0 0
24200 0 0 0 0 0 0 0 0 110 0 0 110 0 0 0 0 0 0 0
24200 0 0 0 0 0 0 0 0 -110 0 0 0 -110 0 0 0 0 0 0
24200 0 0 0 0 0 0 0 0 -110 0 0 0 110 0 0 0 0 0 0
24200 0 0 0 0 0 0 0 0 110 0 0 0 -110 0 0 0 0 0 0
24200 0 0 0 0 0 0 0 0 110 0 0 0 110 0 0 0 0 0 0
24200 0 0 0 0 0 0 0 0 -110 0 0 0 0 -110 0 0 0 0 0
24200 0 0 0 0 0 0 0 0 -110 0 0 0 0 110 0 0 0 0 0
24200 0 0 0 0 0 0 0 0 110 0 0 0 0 -110 0 0 0 0 0
24200 0 0 0 0 0 0 0 0 110 0 0 0 0 110 0 0 0 0 0
24200 0 0 0 0 0 0 0 0 -110 0 0 0 0 0 -110 0 0 0 0
24200 0 0 0 0 0 0 0 0 -110 0 0 0 0 0 110 0 0 0 0
24200 0 0 0 0 0 0 0 0 110 0 0 0 0 0 -110 0 0 0 0
24200 0 0 0 0 0 0 0 0 110 0 0 0 0 0 110 0 0 0 0
24200 0 0 0 0 0 0 0 0 -110 0 0 0 0 0 0 -110 0 0 0
24200 0 0 0 0 0 0 0 0 -110 0 0 0 0 0 0 110 0 0 0
24200 0 0 0 0 0 0 0 0 110 0 0 0 0 0 0 -110 0 0 0
24200 0 0 0 0 0 0 0 0 110 0 0 0 0 0 0 110 0 0 0
24200 0 0 0 0 0 0 0 0 0 -110 -110 0 0 0 0 0 0 0 0
24200 0 0 0 0 0 0 0 0 0 -110 110 0 0 0 0 0 0 0 0
24200 0 0 0 0 0 0 0 0 0 110 -110 0 0 0 0 0 0 0 0
24200 0 0 0 0 0 0 0 0 0 110 110 0 0 0 0 0 0 0 0
24200 0 0 0 0 0 0 0 0 0 -110 0 -110 0 0 0 0 0 0 0
24200 0 0 0 0 0 0 0 0 0 -110 0 110 0 0 0 0 0 0 0
24200 0 0 0 0 0 0 0 0 0 110 0 -110 0 0 0 0 0 0 0
24200 0 0 0 0 0 0 0 0 0 110 0 110 0 0 0 0 0 0 0
24200 0 0 0 0 0 0 0 0 0 -110 0 0 -110 0 0 0 0 0 0
24200 0 0 0 0 0 0 0 0 0 -110 0 0 110 0 0 0 0 0 0
24200 0 0 0 0 0 0 0 0 0 110 0 0 -110 0 0 0 0 0 0
24200 0 0 0 0 0 0 0 0 0 110 0 0 110 0 0 0 0 0 0
24200 0 0 0 0 0 0 0 0 0 -110 0 0 0 -110 0 0 0 0 0
24200 0 0 0 0 0 0 0 0 0 -110 0 0 0 110 0 0 0 0 0
24200 0 0 0 0 0 0 0 0 0 110 0 0 0 -110 0 0 0 0 0
24200 0 0 0 0 0 0 0 0 0 110 0 0 0 110 0 0 0 0 0
24200 0 0 0 0 0 0 0 0 0 -110 0 0 0 0 -110 0 0 0 0
24200 0 0 0 0 0 0 0 0 0 -110 0 0 0 0 110 0 0 0 0
24200 0 0 0 0 0 0 0 0 0 110 0 0 0 0 -110 0 0 0 0
24200 0 0 0 0 0 0 0 0 0 110 0 0 0 0 110 0 0 0 0
24200 0 0 0 0 0 0 0 0 0 -110 0 0 0 0 0 -110 0 0 0
24200 0 0 0 0 0 0 0 0 0 -110 0 0 0 0 0 110 0 0 0
24200 0 0 0 0 0 0 0 0 0 110 0 0 0 0 0 -110 0 0 0
24200 0 0 0 0 0 0 0 0 0 110 0 0 0 0 0 110 0 0 0
24200 0 0 0 0 0 0 0 0 0 0 -110 -110 0 0 0 0 0 0 0
24200 0 0 0 0 0 0 0 0 0 0 -110 110 0 0 0 0 0 0 0
24200 0 0 0 0 0 0 0 0 0 0 110 -110 0 0 0 0 0 0 0
24200 0 0 0 0 0 0 0 0 0 0 110 110 0 0 0 0 0 0 0
24200 0 0 0 0 0 0 0 0 0 0 -110 0 -110 0 0 0 0 0 0
24200 0 0 0 0 0 0 0 0 0 0 -110 0 110 0 0 0 0 0 0
24200 0 0 0 0 0 0 0 0 0 0 110 0 -110 0 0 0 0 0 0
24200 0 0 0 0 0 0 0 0 0 0 110 0 110 0 0 0 0 0 0
24200 0 0 0 0 0 0 0 0 0 0 -110 0 0 -110 0 0 0 0 0
24200 0 0 0 0 0 0 0 0 0 0 -110 0 0 110 0 0 0 0 0
24200 0 0 0 0 0 0 0 0 0 0 110 0 0 -110 0 0 0 0 0
24200 0 0 0 0 0 0 0 0 0 0 110 0 0 110 0 0 0 0 0
24200 0 0 0 0 0 0 0 0 0 0 -110 0 0 0 -110 0 0 0 0
24200 0 0 0 0 0 0 0 0 0 0 -110 0 0 0 110 0 0 0 0
24200 0 0 0 0 0 0 0 0 0 0 110 0 0 0 -110 0 0 0 0
24200 0 0 0 0 0 0 0 0 0 0 110 0 0 0 110 0 0 0 0
24200 0 0 0 0 0 0 0 0 0 0 -110 0 0 0 0 -110 0 0 0
24200 0 0 0 0 0 0 0 0 0 0 -110 0 0 0 0 110 0 0 0
24200 0 0 0 0 0 0 0 0 0 0 110 0 0 0 0 -110 0 0 0
24200 0 0 0 0 0 0 0 0 0 0 110 0 0 0 0 110 0 0 0
24200 0 0 0 0 0 0 0 0 0 0 0 -110 -110 0 0 0 0 0 0
24200 0 0 0 0 0 0 0 0 0 0 0 -110 110 0 0 0 0 0 0
24200 0 0 0 0 0 0 0 0 0 0 0 110 -110 0 0 0 0 0 0
24200 0 0 0 0 0 0 0 0 0 0 0 110 110 0 0 0 0 0 0
24200 0 0 0 0 0 0 0 0 0 0 0 -110 0 -110 0 0 0 0 0
24200 0 0 0 0 0 0 0 0 0 0 0 -110 0 110 0 0 0 0 0
24200 0 0 0 0 0 0 0 0 0 0 0 110 0 -110 0 0 0 0 0
24200 0 0 0 0 0 0 0 0 0 0 0 110 0 110 0 0 0 0 0
24200 0 0 0 0 0 0 0 0 0 0 0 -110 0 0 -110 0 0 0 0
24200 0 0 0 0 0 0 0 0 0 0 0 -110 0 0 110 0 0 0 0
24200 0 0 0 0 0 0 0 0 0 0 0 110 0 0 -110 0 0 0 0
24200 0 0 0 0 0 0 0 0 0 0 0 110 0 0 110 0 0 0 0
24200 0 0 0 0 0 0 0 0 0 0 0 -110 0 0 0 -110 0 0 0
24200 0 0 0 0 0 0 0 0 0 0 0 -110 0 0 0 110 0 0 0
24200 0 0 0 0 0 0 0 0 0 0 0 110 0 0 0 -110 0 0 0
24200 0 0 0 0 0 0 0 0 0 0 0 110 0 0 0 110 0 0 0
24200 0 0 0 0 0 0 0 0 0 0 0 0 -110 -110 0 0 0 0 0
24200 0 0 0 0 0 0 0 0 0 0 0 0 -110 110 0 0 0 0 0
24200 0 0 0 0 0 0 0 0 0 0 0 0 110 -110 0 0 0 0 0
24200 0 0 0 0 0 0 0 0 0 0 0 0 110 110 0 0 0 0 0
24200 0 0 0 0 0 0 0 0 0 0 0 0 -110 0 -110 0 0 0 0
24200 0 0 0 0 0 0 0 0 0 0 0 0 -110 0 110 0 0 0 0
24200 0 0 0 0 0 0 0 0 0 0 0 0 110 0 -110 0 0 0 0
24200 0 0 0 0 0 0 0 0 0 0 0 0 110 0 110 0 0 0 0
24200 0 0 0 0 0 0 0 0 0 0 0 0 -110 0 0 -110 0 0 0
24200 0 0 0 0 0 0 0 0 0 0 0 0 -110 0 0 110 0 0 0
24200 0 0 0 0 0 0 0 0 0 0 0 0 110 0 0 -110 0 0 0
24200 0 0 0 0 0 0 0 0 0 0 0 0 110 0 0 110 0 0 0
24200 0 0 0 0 0 0 0 0 0 0 0 0 0 -110 -110 0 0 0 0
24200 0 0 0 0 0 0 0 0 0 0 0 0 0 -110 110 0 0 0 0
24200 0 0 0 0 0 0 0 0 0 0 0 0 0 110 -110 0 0 0 0
24200 0 0 0 0 0 0 0 0 0 0 0 0 0 110 110 0 0 0 0
24200 0 0 0 0 0 0 0 0 0 0 0 0 0 -110 0 -110 0 0 0
24200 0 0 0 0 0 0 0 0 0 0 0 0 0 -110 0 110 0 0 0
24200 0 0 0 0 0 0 0 0 0 0 0 0 0 110 0 -110 0 0 0
24200 0 0 0 0 0 0 0 0 0 0 0 0 0 110 0 110 0 0 0
24200 0 0 0 0 0 0 0 0 0 0 0 0 0 0 -110 -110 0 0 0
24200 0 0 0 0 0 0 0 0 0 0 0 0 0 0 -110 110 0 0 0
24200 0 0 0 0 0 0 0 0 0 0 0 0 0 0 110 -110 0 0 0
24200 0 0 0 0 0 0 0 0 0 0 0 0 0 0 110 110 0 0 0
24200 55 55 55 0 55 0 55 0 55 0 0 0 0 0 0 0 0 -55 -55
24200 -55 -55 55 0 55 0 55 0 55 0 0 0 0 0 0 0 0 -55 -55
24200 55 55 55 0 55 0 55 0 55 0 0 0 0 0 0 0 0 55 55
24200 -55 -55 55 0 55 0 55 0 55 0 0 0 0 0 0 0 0 55 55
24200 -55 55 -55 0 55 0 55 0 55 0 0 0 0 0 0 0 0 -55 -55
24200 55 -55 -55 0 55 0 55 0 55 0 0 0 0 0 0 0 0 -55 -55
24200 -55 55 -55 0 55 0 55 0 55 0 0 0 0 0 0 0 0 55 55
24200 55 -55 -55 0 55 0 55 0 55 0 0 0 0 0 0 0 0 55 55
24200 -55 55 55 0 -55 0 55 0 55 0 0 0 0 0 0 0 0 -55 -55
24200 55 -55 55 0 -55 0 55 0 55 0 0 0 0 0 0 0 0 -55 -55
24200 -55 55 55 0 -55 0 55 0 55 0 0 0 0 0 0 0 0 55 55
24200 55 -55 55 0 -55 0 55 0 55 0 0 0 0 0 0 0 0 55 55
24200 55 55 -55 0 -55 0 55 0 55 0 0 0 0 0 0 0 0 -55 -55
24200 -55 -55 -55 0 -55 0 55 0 55 0 0 0 0 0 0 0 0 -55 -55
24200 55 55 -55 0 -55 0 55 0 55 0 0 0 0 0 0 0 0 55 55
24200 -55 -55 -55 0 -55 0 55 0 55 0 0 0 0 0 0 0 0 55 55
24200 -55 55 55 0 55 0 -55 0 55 0 0 0 0 0 0 0 0 -55 -55
24200 55 -55 55 0 55 0 -55 0 55 0 0 0 0 0 0 0 0 -55 -55
24200 -55 55 55 0 55 0 -55 0 55 0 0 0 0 0 0 0 0 55 55
24200 55 -55 55 0 55 0 -55 0 55 0 0 0 0 0 0 0 0 55 55
24200 55 55 -55 0 55 0 -55 0 55 0 0 0 0 0 0 0 0 -55 -55
24200 -55 -55 -55 0 55 0 -55 0 55 0 0 0 0 0 0 0 0 -55 -55
24200 55 55 -55 0 55 0 -55 0 55 0 0 0 0 0 0 0 0 55 55
24200 -55 -55 -55 0 55 0 -55 0 55 0 0 0 0 0 0 0 0 55 55
24200 55 55 55 0 -55 0 -55 0 55 0 0 0 0 0 0 0 0 -55 -55
24200 -55 -55 55 0 -55 0 -55 0 55 0 0 0 0 0 0 0 0 -55 -55
24200 55 55 55 0 -55 0 -55 0 55 0 0 0 0 0 0 0 0 55 55
24200 -55 -55 55 0 -55 0 -55 0 55 0 0 0 0 0 0 0 0 55 55
24200 -55 55 -55 0 -55 0 -55 0 55 0 0 0 0 0 0 0 0 -55 -55
24200 55 -55 -55 0 -55 0 -55 0 55 0 0 0 0 0 0 0 0 -55 -55
24200 -55 55 -55 0 -55 0 -55 0 55 0 0 0 0 0 0 0 0 55 55
24200 55 -55 -55 0 -55 0 -55 0 55 0 0 0 0 0 0 0 0 55 55
24200 -55 55 55 0 55 0 55 0 -55 0 0 0 0 0 0 0 0 -55 -55
24200 55 -55 55 0 55 0 55 0 -55 0 0 0 0 0 0 0 0 -55 -55
24200 -55 55 55 0 55 0 55 0 -55 0 0 0 0 0 0 0 0 55 55
24200 55 -55 55 0 55 0 55 0 -55 0 0 0 0 0 0 0 0 55 55
24200 55 55 -55 0 55 0 55 0 -55 0 0 0 0 0 0 0 0 -55 -55
24200 -55 -55 -55 0 55 0 55 0 -55 0 0 0 0 0 0 0 0 -55 -55
24200 55 55 -55 0 55 0 55 0 -55 0 0 0 0 0 0 0 0 55 55
24200 -55 -55 -55 0 55 0 55 0 -55 0 0 0 0 0 0 0 0 55 55
24200 55 55 55 0 -55 0 55 0 -55 0 0 0 0 0 0 0 0 -55 -55
24200 -55 -55 55 0 -55 0 55 0 -55 0 0 0 0 0 0 0 0 -55 -55
24200 55 55 55 0 -55 0 55 0 -55 0 0 0 0 0 0 0 0 55 55
24200 -55 -55 55 0 -55 0 55 0 -55 0 0 0 0 0 0 0 0 55 55
24200 -55 55 -55 0 -55 0 55 0 -55 0 0 0 0 0 0 0 0 -55 -55
24200 55 -55 -55 0 -55 0 55 0 -55 0 0 0 0 0 0 0 0 -55 -55
24200 -55 55 -55 0 -55 0 55 0 -55 0 0 0 0 0 0 0 0 55 55
24200 55 -55 -55 0 -55 0 55 0 -55 0 0 0 0 0 0 0 0 55 55
24200 55 55 55 0 55 0 -55 0 -55 0 0 0 0 0 0 0 0 -55 -55
24200 -55 -55 55 0 55 0 -55 0 -55 0 0 0 0 0 0 0 0 -55 -55
24200 55 55 55 0 55 0 -55 0 -55 0 0 0 0 0 0 0 0 55 55
24200 -55 -55 55 0 55 0 -55 0 -55 0 0 0 0 0 0 0 0 55 55
24200 -55 55 -55 0 55 0 -55 0 -55 0 0 0 0 0 0 0 0 -55 -55
24200 55 -55 -55 0 55 0 -55 0 -55 0 0 0 0 0 0 0 0 -55 -55
24200 -55 55 -55 0 55 0 -55 0 -55 0 0 0 0 0 0 0 0 55 55
24200 55 -55 -55 0 55 0 -55 0 -55 0 0 0 0 0 0 0 0 55 55
24200 -55 55 55 0 -55 0 -55 0 -55 0 0 0 0 0 0 0 0 -55 -55
24200 55 -55 55 0 -55 0 -55 0 -55 0 0 0 0 0 0 0 0 -55 -55
24200 -55 55 55 0 -55 0 -55 0 -55 0 0 0 0 0 0 0 0 55 55
24200 55 -55 55 0 -55 0 -55 0 -55 0 0 0 0 0 0 0 0 55 55
24200 55 55 -55 0 -55 0 -55 0 -55 0 0 0 0 0 0 0 0 -55 -55
24200 -55 -55 -55 0 -55 0 -55 0 -55 0 0 0 0 0 0 0 0 -55 -55
24200 55 55 -55 0 -55 0 -55 0 -55 0 0 0 0 0 0 0 0 55 55
24200 -55 -55 -55 0 -55 0 -55 0 -55 0 0 0 0 0 0 0 0 55 55
24200 55 55 55 55 0 0 0 55 0 55 0 0 0 0 0 0 -55 0 55
24200 -55 -55 55 55 0 0 0 55 0 55 0 0 0 0 0 0 -55 0 55
24200 -55 55 -55 55 0 0 0 55 0 55 0 0 0 0 0 0 -55 0 55
24200 55 -55 -55 55 0 0 0 55 0 55 0 0 0 0 0 0 -55 0 55
24200 -55 55 55 -55 0 0 0 55 0 55 0 0 0 0 0 0 -55 0 55
24200 55 -55 55 -55 0 0 0 55 0 55 0 0 0 0 0 0 -55 0 55
24200 55 55 -55 -55 0 0 0 55 0 55 0 0 0 0 0 0 -55 0 55
24200 -55 -55 -55 -55 0 0 0 55 0 55 0 0 0 0 0 0 -55 0 55
24200 55 55 55 55 0 0 0 55 0 55 0 0 0 0 0 0 55 0 -55
24200 -55 -55 55 55 0 0 0 55 0 55 0 0 0 0 0 0 55 0 -55
24200 -55 55 -55 55 0 0 0 55 0 55 0 0 0 0 0 0 55 0 -55
24200 55 -55 -55 55 0 0 0 55 0 55 0 0 0 0 0 0 55 0 -55
24200 -55 55 55 -55 0 0 0 55 0 55 0 0 0 0 0 0 55 0 -55
24200 55 -55 55 -55 0 0 0 55 0 55 0 0 0 0 0 0 55 0 -55
24200 55 55 -55 -55 0 0 0 55 0 55 0 0 0 0 0 0 55 0 -55
24200 -55 -55 -55 -55 0 0 0 55 0 55 0 0 0 0 0 0 55 0 -55
24200 -55 55 55 55 0 0 0 -55 0 55 0 0 0 0 0 0 -55 0 55
24200 55 -55 55 55 0 0 0 -55 0 55 0 0 0 0 0 0 -55 0 55
24200 55 55 -55 55 0 0 0 -55 0 55 0 0 0 0 0 0 -55 0 55
24200 -55 -55 -55 55 0 0 0 -55 0 55 0 0 0 0 0 0 -55 0 55
24200 55 55 55 -55 0 0 0 -55 0 55 0 0 0 0 0 0 -55 0 55
24200 -55 -55 55 -55 0 0 0 -55 0 55 0 0 0 0 0 0 -55 0 55
24200 -55 55 -55 -55 0 0 0 -55 0 55 0 0 0 0 0 0 -55 0 55
24200 55 -55 -55 -55 0 0 0 -55 0 55 0 0 0 0 0 0 -55 0 55
24200 -55 55 55 55 0 0 0 -55 0 55 0 0 0 0 0 0 55 0 -55
24200 55 -55 55 55 0 0 0 -55 0 55 0 0 0 0 0 0 55 0 -55
24200 55 55 -55 55 0 0 0 -55 0 55 0 0 0 0 0 0 55 0 -55
24200 -55 -55 -55 55 0 0 0 -55 0 55 0 0 0 0 0 0 55 0 -55
24200 55 55 55 -55 0 0 0 -55 0 55 0 0 0 0 0 0 55 0 -55
24200 -55 -55 55 -55 0 0 0 -55 0 55 0 0 0 0 0 0 55 0 -55
24200 -55 55 -55 -55 0 0 0 -55 0 55 0 0 0 0 0 0 55 0 -55
24200 55 -55 -55 -55 0 0 0 -55 0 55 0 0 0 0 0 0 55 0 -55
24200 -55 55 55 55 0 0 0 55 0 -55 0 0 0 0 0 0 -55 0 55
24200 55 -55 55 55 0 0 0 55 0 -55 0 0 0 0 0 0 -55 0 55
24200 55 55 -55 55 0 0 0 55 0 -55 0 0 0 0 0 0 -55 0 55
24200 -55 -55 -55 55 0 0 0 55 0 -55 0 0 0 0 0 0 -55 0 55
24200 55 55 55 -55 0 0 0 55 0 -55 0 0 0 0 0 0 -55 0 55
24200 -55 -55 55 -55 0 0 0 55 0 -55 0 0 0 0 0 0 -55 0 55
24200 -55 55 -55 -55 0 0 0 55 0 -55 0 0 0 0 0 0 -55 0 55
24200 55 -55 -55 -55 0 0 0 55 0 -55 0 0 0 0 0 0 -55 0 55
24200 -55 55 55 55 0 0 0 55 0 -55 0 0 0 0 0 0 55 0 -55
24200 55 -55 55 55 0 0 0 55 0 -55 0 0 0 0 0 0 55 0 -55
24200 55 55 -55 55 0 0 0 55 0 -55 0 0 0 0 0 0 55 0 -55
24200 -55 -55 -55 55 0 0 0 55 0 -55 0 0 0 0 0 0 55 0 -55
24200 55 55 55 -55 0 0 0 55 0 -55 0 0 0 0 0 0 55 0 -55
24200 -55 -55 55 -55 0 0 0 55 0 -55 0 0 0 0 0 0 55 0 -55
24200 -55 55 -55 -55 0 0 0 55 0 -55 0 0 0 0 0 0 55 0 -55
24200 55 -55 -55 -55 0 0 0 55 0 -55 0 0 0 0 0 0 55 0 -55
24200 55 55 55 55 0 0 0 -55 0 -55 0 0 0 0 0 0 -55 0 55
24200 -55 -55 55 55 0 0 0 -55 0 -55 0 0 0 0 0 0 -55 0 55
24200 -55 55 -55 55 0 0 0 -55 0 -55 0 0 0 0 0 0 -55 0 55
24200 55 -55 -55 55 0 0 0 -55 0 -55 0 0 0 0 0 0 -55 0 55
24200 -55 55 55 -55 0 0 0 -55 0 -55 0 0 0 0 0 0 -55 0 55
24200 55 -55 55 -55 0 0 0 -55 0 -55 0 0 0 0 0 0 -55 0 55
24200 55 55 -55 -55 0 0 0 -55 0 -55 0 0 0 0 0 0 -55 0 55
24200 -55 -55 -55 -55 0 0 0 -55 0 -55 0 0 0 0 0 0 -55 0 55
24200 55 55 55 55 0 0 0 -55 0 -55 0 0 0 0 0 0 55 0 -55
24200 -55 -55 55 55 0 0 0 -55 0 -55 0 0 0 0 0 0 55 0 -55
24200 -55 55 -55 55 0 0 0 -55 0 -55 0 0 0 0 0 0 55 0 -55
24200 55 -55 -55 55 0 0 0 -55 0 -55 0 0 0 0 0 0 55 0 -55
24200 -55 55 55 -55 0 0 0 -55 0 -55 0 0 0 0 0 0 55 0 -55
24200 55 -55 55 -55 0 0 0 -55 0 -55 0 0 0 0 0 0 55 0 -55
24200 55 55 -55 -55 0 0 0 -55 0 -55 0 0 0 0 0 0 55 0 -55
24200 -55 -55 -55 -55 0 0 0 -55 0 -55 0 0 0 0 0 0 55 0 -55
24200 0 0 0 55 55 0 55 55 55 55 0 0 0 0 0 0 -55 -55 0
24200 0 0 0 -55 -55 0 55 55 55 55 0 0 0 0 0 0 -55 -55 0
24200 0 0 0 55 55 0 55 55 55 55 0 0 0 0 0 0 55 55 0
24200 0 0 0 -55 -55 0 55 55 55 55 0 0 0 0 0 0 55 55 0
24200 0 0 0 -55 55 0 -55 55 55 55 0 0 0 0 0 0 -55 -55 0
24200 0 0 0 55 -55 0 -55 55 55 55 0 0 0 0 0 0 -55 -55 0
24200 0 0 0 -55 55 0 -55 55 55 55 0 0 0 0 0 0 55 55 0
24200 0 0 0 55 -55 0 -55 55 55 55 0 0 0 0 0 0 55 55 0
24200 0 0 0 -55 55 0 55 -55 55 55 0 0 0 0 0 0 -55 -55 0
24200 0 0 0 55 -55 0 55 -55 55 55 0 0 0 0 0 0 -55 -55 0
24200 0 0 0 -55 55 0 55 -55 55 55 0 0 0 0 0 0 55 55 0
24200 0 0 0 55 -55 0 55 -55 55 55 0 0 0 0 0 0 55 55 0
24200 0 0 0 55 55 0 -55 -55 55 55 0 0 0 0 0 0 -55 -55 0
24200 0 0 0 -55 -55 0 -55 -55 55 55 0 0 0 0 0 0 -55 -55 0
24200 0 0 0 55 55 0 -55 -55 55 55 0 0 0 0 0 0 55 55 0
24200 0 0 0 -55 -55 0 -55 -55 55 55 0 0 0 0 0 0 55 55 0
24200 0 0 0 -55 55 0 55 55 -55 55 0 0 0 0 0 0 -55 -55 0
24200 0 0 0 55 -55 0 55 55 -55 55 0 0 0 0 0 0 -55 -55 0
24200 0 0 0 -55 55 0 55 55 -55 55 0 0 0 0 0 0 55 55 0
24200 0 0 0 55 -55 0 55 55 -55 55 0 0 0 0 0 0 55 55 0
24200 0 0 0 55 55 0 -55 55 -55 55 0 0 0 0 0 0 -55 -55 0
24200 0 0 0 -55 -55 0 -55 55 -55 55 0 0 0 0 0 0 -55 -55 0
24200 0 0 0 55 55 0 -55 55 -55 55 0 0 0 0 0 0 55 55 0
24200 0 0 0 -55 -55 0 -55 55 -55 55 0 0 0 0 0 0 55 55 0
24200 0 0 0 55 55 0 55 -55 -55 55 0 0 0 0 0 0 -55 -55 0
24200 0 0 0 -55 -55 0 55 -55 -55 55 0 0 0 0 0 0 -55 -55 0
24200 0 0 0 55 55 0 55 -55 -55 55 0 0 0 0 0 0 55 55 0
24200 0 0 0 -55 -55 0 55 -55 -55 55 0 0 0 0 0 0 55 55 0
24200 0 0 0 -55 55 0 -55 -55 -55 55 0 0 0 0 0 0 -55 -55 0
24200 0 0 0 55 -55 0 -55 -55 -55 55 0 0 0 0 0 0 -55 -55 0
24200 0 0 0 -55 55 0 -55 -55 -55 55 0 0 0 0 0 0 55 55 0
24200 0 0 0 55 -55 0 -55 -55 -55 55 0 0 0 0 0 0 55 55 0
24200 0 0 0 -55 55 0 55 55 55 -55 0 0 0 0 0 0 -55 -55 0
24200 0 0 0 55 -55 0 55 55 55 -55 0 0 0 0 0 0 -55 -55 0
24200 0 0 0 -55 55 0 55 55 55 -55 0 0 0 0 0 0 55 55 0
24200 0 0 0 55 -55 0 55 55 55 -55 0 0 0 0 0 0 55 55 0
24200 0 0 0 55 55 0 -55 55 55 -55 0 0 0 0 0 0 -55 -55 0
24200 0 0 0 -55 -55 0 -55 55 55 -55 0 0 0 0 0 0 -55 -55 0
24200 0 0 0 55 55 0 -55 55 55 -55 0 0 0 0 0 0 55 55 0
24200 0 0 0 -55 -55 0 -55 55 55 -55 0 0 0 0 0 0 55 55 0
24200 0 0 0 55 55 0 55 -55 55 -55 0 0 0 0 0 0 -55 -55 0
24200 0 0 0 -55 -55 0 55 -55 55 -55 0 0 0 0 0 0 -55 -55 0
24200 0 0 0 55 55 0 55 -55 55 -55 0 0 0 0 0 0 55 55 0
24200 0 0 0 -55 -55 0 55 -55 55 -55 0 0 0 0 0 0 55 55 0
24200 0 0 0 -55 55 0 -55 -55 55 -55 0 0 0 0 0 0 -55 -55 0
24200 0 0 0 55 -55 0 -55 -55 55 -55 0 0 0 0 0 0 -55 -55 0
24200 0 0 0 -55 55 0 -55 -55 55 -55 0 0 0 0 0 0 55 55 0
24200 0 0 0 55 -55 0 -55 -55 55 -55 0 0 0 0 0 0 55 55 0
24200 0 0 0 55 55 0 55 55 -55 -55 0 0 0 0 0 0 -55 -55 0
24200 0 0 0 -55 -55 0 55 55 -55 -55 0 0 0 0 0 0 -55 -55 0
24200 0 0 0 55 55 0 55 55 -55 -55 0 0 0 0 0 0 55 55 0
24200 0 0 0 -55 -55 0 55 55 -55 -55 0 0 0 0 0 0 55 55 0
24200 0 0 0 -55 55 0 -55 55 -55 -55 0 0 0 0 0 0 -55 -55 0
24200 0 0 0 55 -55 0 -55 55 -55 -55 0 0 0 0 0 0 -55 -55 0
24200 0 0 0 -55 55 0 -55 55 -55 -55 0 0 0 0 0 0 55 55 0
24200 0 0 0 55 -55 0 -55 55 -55 -55 0 0 0 0 0 0 55 55 0
24200 0 0 0 -55 55 0 55 -55 -55 -55 0 0 0 0 0 0 -55 -55 0
24200 0 0 0 55 -55 0 55 -55 -55 -55 0 0 0 0 0 0 -55 -55 0
24200 0 0 0 -55 55 0 55 -55 -55 -55 0 0 0 0 0 0 55 55 0
24200 0 0 0 55 -55 0 55 -55 -55 -55 0 0 0 0 0 0 55 55 0
24200 0 0 0 55 55 0 -55 -55 -55 -55 0 0 0 0 0 0 -55 -55 0
24200 0 0 0 -55 -55 0 -55 -55 -55 -55 0 0 0 0 0 0 -55 -55 0
24200 0 0 0 55 55 0 -55 -55 -55 -55 0 0 0 0 0 0 55 55 0
24200 0 0 0 -55 -55 0 -55 -55 -55 -55 0 0 0 0 0 0 55 55 0
24200 55 0 0 55 55 55 55 0 0 0 55 0 0 0 0 0 -55 0 -55
24200 -55 0 0 -55 55 55 55 0 0 0 55 0 0 0 0 0 -55 0 -55
24200 55 0 0 55 55 55 55 0 0 0 55 0 0 0 0 0 55 0 55
24200 -55 0 0 -55 55 55 55 0 0 0 55 0 0 0 0 0 55 0 55
24200 -55 0 0 55 -55 55 55 0 0 0 55 0 0 0 0 0 -55 0 -55
24200 55 0 0 -55 -55 55 55 0 0 0 55 0 0 0 0 0 -55 0 -55
24200 -55 0 0 55 -55 55 55 0 0 0 55 0 0 0 0 0 55 0 55
24200 55 0 0 -55 -55 55 55 0 0 0 55 0 0 0 0 0 55 0 55
24200 -55 0 0 55 55 -55 55 0 0 0 55 0 0 0 0 0 -55 0 -55
24200 55 0 0 -55 55 -55 55 0 0 0 55 0 0 0 0 0 -55 0 -55
24200 -55 0 0 55 55 -55 55 0 0 0 55 0 0 0 0 0 55 0 55
24200 55 0 0 -55 55 -55 55 0 0 0 55 0 0 0 0 0 55 0 55
24200 55 0 0 55 -55 -55 55 0 0 0 55 0 0 0 0 0 -55 0 -55
24200 -55 0 0 -55 -55 -55 55 0 0 0 55 0 0 0 0 0 -55 0 -55
24200 55 0 0 55 -55 -55 55 0 0 0 55 0 0 0 0 0 55 0 55
24200 -55 0 0 -55 -55 -55 55 0 0 0 55 0 0 0 0 0 55 0 55
24200 -55 0 0 55 55 55 -55 0 0 0 55 0 0 0 0 0 -55 0 -55
24200 55 0 0 -55 55 55 -55 0 0 0 55 0 0 0 0 0 -55 0 -55
24200 -55 0 0 55 55 55 -55 0 0 0 55 0 0 0 0 0 55 0 55
24200 55 0 0 -55 55 55 -55 0 0 0 55 0 0 0 0 0 55 0 55
24200 55 0 0 55 -55 55 -55 0 0 0 55 0 0 0 0 0 -55 0 -55
24200 -55 0 0 -55 -55 55 -55 0 0 0 55 0 0 0 0 0 -55 0 -55
24200 55 0 0 55 -55 55 -55 0 0 0 55 0 0 0 0 0 55 0 55
24200 -55 0 0 -55 -55 55 -55 0 0 0 55 0 0 0 0 0 55 0 55
24200 55 0 0 55 55 -55 -55 0 0 0 55 0 0 0 0 0 -55 0 -55
24200 -55 0 0 -55 55 -55 -55 0 0 0 55 0 0 0 0 0 -55 0 -55
24200 55 0 0 55 55 -55 -55 0 0 0 55 0 0 0 0 0 55 0 55
24200 -55 0 0 -55 55 -55 -55 0 0 0 55 0 0 0 0 0 55 0 55
24200 -55 0 0 55 -55 -55 -55 0 0 0 55 0 0 0 0 0 -55 0 -55
24200 55 0 0 -55 -55 -55 -55 0 0 0 55 0 0 0 0 0 -55 0 -55
24200 -55 0 0 55 -55 -55 -55 0 0 0 55 0 0 0 0 0 55 0 55
24200 55 0 0 -55 -55 -55 -55 0 0 0 55 0 0 0 0 0 55 0 55
24200 -55 0 0 55 55 55 55 0 0 0 -55 0 0 0 0 0 -55 0 -55
24200 55 0 0 -55 55 55 55 0 0 0 -55 0 0 0 0 0 -55 0 -55
24200 -55 0 0 55 55 55 55 0 0 0 -55 0 0 0 0 0 55 0 55
24200 55 0 0 -55 55 55 55 0 0 0 -55 0 0 0 0 0 55 0 55
24200 55 0 0 55 -55 55 55 0 0 0 -55 0 0 0 0 0 -55 0 -55
24200 -55 0 0 -55 -55 55 55 0 0 0 -55 0 0 0 0 0 -55 0 -55
24200 55 0 0 55 -55 55 55 0 0 0 -55 0 0 0 0 0 55 0 55
24200 -55 0 0 -55 -55 55 55 0 0 0 -55 0 0 0 0 0 55 0 55
24200 55 0 0 55 55 -55 55 0 0 0 -55 0 0 0 0 0 -55 0 -55
24200 -55 0 0 -55 55 -55 55 0 0 0 -55 0 0 0 0 0 -55 0 -55
24200 55 0 0 55 55 -55 55 0 0 0 -55 0 0 0 0 0 55 0 55
24200 -55 0 0 -55 55 -55 55 0 0 0 -55 0 0 0 0 0 55 0 55
24200 -55 0 0 55 -55 -55 55 0 0 0 -55 0 0 0 0 0 -55 0 -55
24200 55 0 0 -55 -55 -55 55 0 0 0 -55 0 0 0 0 0 -55 0 -55
24200 -55 0 0 55 -55 -55 55 0 0 0 -55 0 0 0 0 0 55 0 55
24200 55 0 0 -55 -55 -55 55 0 0 0 -55 0 0 0 0 0 55 0 55
24200 55 0 0 55 55 55 -55 0 0 0 -55 0 0 0 0 0 -55 0 -55
24200 -55 0 0 -55 55 55 -55 0 0 0 -55 0 0 0 0 0 -55 0 -55
24200 55 0 0 55 55 55 -55 0 0 0 -55 0 0 0 0 0 55 0 55
24200 -55 0 0 -55 55 55 -55 0 0 0 -55 0 0 0 0 0 55 0 55
24200 -55 0 0 55 -55 55 -55 0 0 0 -55 0 0 0 0 0 -55 0 -55
24200 55 0 0 -55 -55 55 -55 0 0 0 -55 0 0 0 0 0 -55 0 -55
24200 -55 0 0 55 -55 55 -55 0 0 0 -55 0 0 0 0 0 55 0 55
24200 55 0 0 -55 -55 55 -55 0 0 0 -55 0 0 0 0 0 55 0 55
24200 -55 0 0 55 55 -55 -55 0 0 0 -55 0 0 0 0 0 -55 0 -55
24200 55 0 0 -55 55 -55 -55 0 0 0 -55 0 0 0 0 0 -55 0 -55
24200 -55 0 0 55 55 -55 -55 0 0 0 -55 0 0 0 0 0 55 0 55
24200 55 0 0 -55 55 -55 -55 0 0 0 -55 0 0 0 0 0 55 0 55
24200 55 0 0 55 -55 -55 -55 0 0 0 -55 0 0 0 0 0 -55 0 -55
24200 -55 0 0 -55 -55 -55 -55 0 0 0 -55 0 0 0 0 0 -55 0 -55
24200 55 0 0 55 -55 -55 -55 0 0 0 -55 0 0 0 0 0 55 0 55
24200 -55 0 0 -55 -55 -55 -55 0 0 0 -55 0 0 0 0 0 55 0 55
24200 0 55 55 55 0 55 0 0 55 0 55 0 0 0 0 0 -55 55 0
24200 0 -55 -55 55 0 55 0 0 55 0 55 0 0 0 0 0 -55 55 0
24200 0 -55 55 -55 0 55 0 0 55 0 55 0 0 0 0 0 -55 55 0
24200 0 55 -55 -55 0 55 0 0 55 0 55 0 0 0 0 0 -55 55 0
24200 0 55 55 55 0 55 0 0 55 0 55 0 0 0 0 0 55 -55 0
24200 0 -55 -55 55 0 55 0 0 55 0 55 0 0 0 0 0 55 -55 0
24200 0 -55 55 -55 0 55 0 0 55 0 55 0 0 0 0 0 55 -55 0
24200 0 55 -55 -55 0 55 0 0 55 0 55 0 0 0 0 0 55 -55 0
24200 0 -55 55 55 0 -55 0 0 55 0 55 0 0 0 0 0 -55 55 0
24200 0 55 -55 55 0 -55 0 0 55 0 55 0 0 0 0 0 -55 55 0
24200 0 55 55 -55 0 -55 0 0 55 0 55 0 0 0 0 0 -55 55 0
24200 0 -55 -55 -55 0 -55 0 0 55 0 55 0 0 0 0 0 -55 55 0
24200 0 -55 55 55 0 -55 0 0 55 0 55 0 0 0 0 0 55 -55 0
24200 0 55 -55 55 0 -55 0 0 55 0 55 0 0 0 0 0 55 -55 0
24200 0 55 55 -55 0 -55 0 0 55 0 55 0 0 0 0 0 55 -55 0
24200 0 -55 -55 -55 0 -55 0 0 55 0 55 0 0 0 0 0 55 -55 0
24200 0 -55 55 55 0 55 0 0 -55 0 55 0 0 0 0 0 -55 55 0
24200 0 55 -55 55 0 55 0 0 -55 0 55 0 0 0 0 0 -55 55 0
24200 0 55 55 -55 0 55 0 0 -55 0 55 0 0 0 0 0 -55 55 0
24200 0 -55 -55 -55 0 55 0 0 -55 0 55 0 0 0 0 0 -55 55 0
24200 0 -55 55 55 0 55 0 0 -55 0 55 0 0 0 0 0 55 -55 0
24200 0 55 -55 55 0 55 0 0 -55 0 55 0 0 0 0 0 55 -55 0
24200 0 55 55 -55 0 55 0 0 -55 0 55 0 0 0 0 0 55 -55 0
24200 0 -55 -55 -55 0 55 0 0 -55 0 55 0 0 0 0 0 55 -55 0
24200 0 55 55 55 0 -55 0 0 -55 0 55 0 0 0 0 0 -55 55 0
24200 0 -55 -55 55 0 -55 0 0 -55 0 55 0 0 0 0 0 -55 55 0
24200 0 -55 55 -55 0 -55 0 0 -55 0 55 0 0 0 0 0 -55 55 0
24200 0 55 -55 -55 0 -55 0 0 -55 0 55 0 0 0 0 0 -55 55 0
24200 0 55 55 55 0 -55 0 0 -55 0 55 0 0 0 0 0 55 -55 0
24200 0 -55 -55 55 0 -55 0 0 -55 0 55 0 0 0 0 0 55 -55 0
24200 0 -55 55 -55 0 -55 0 0 -55 0 55 0 0 0 0 0 55 -55 0
24200 0 55 -55 -55 0 -55 0 0 -55 0 55 0 0 0 0 0 55 -55 0
24200 0 -55 55 55 0 55 0 0 55 0 -55 0 0 0 0 0 -55 55 0
24200 0 55 -55 55 0 55 0 0 55 0 -55 0 0 0 0 0 -55 55 0
24200 0 55 55 -55 0 55 0 0 55 0 -55 0 0 0 0 0 -55 55 0
24200 0 -55 -55 -55 0 55 0 0 55 0 -55 0 0 0 0 0 -55 55 0
24200 0 -55 55 55 0 55 0 0 55 0 -55 0 0 0 0 0 55 -55 0
24200 0 55 -55 55 0 55 0 0 55 0 -55 0 0 0 0 0 55 -55 0
24200 0 55 55 -55 0 55 0 0 55 0 -55 0 0 0 0 0 55 -55 0
24200 0 -55 -55 -55 0 55 0 0 55 0 -55 0 0 0 0 0 55 -55 0
24200 0 55 55 55 0 -55 0 0 55 0 -55 0 0 0 0 0 -55 55 0
24200 0 -55 -55 55 0 -55 0 0 55 0 -55 0 0 0 0 0 -55 55 0
24200 0 -55 55 -55 0 -55 0 0 55 0 -55 0 0 0 0 0 -55 55 0
24200 0 55 -55 -55 0 -55 0 0 55 0 -55 0 0 0 0 0 -55 55 0
24200 0 55 55 55 0 -55 0 0 55 0 -55 0 0 0 0 0 55 -55 0
24200 0 -55 -55 55 0 -55 0 0 55 0 -55 0 0 0 0 0 55 -55 0
24200 0 -55 55 -55 0 -55 0 0 55 0 -55 0 0 0 0 0 55 -55 0
24200 0 55 -55 -55 0 -55 0 0 55 0 -55 0 0 0 0 0 55 -55 0
24200 0 55 55 55 0 55 0 0 -55 0 -55 0 0 0 0 0 -55 55 0
24200 0 -55 -55 55 0 55 0 0 -55 0 -55 0 0 0 0 0 -55 55 0
24200 0 -55 55 -55 0 55 0 0 -55 0 -55 0 0 0 0 0 -55 55 0
24200 0 55 -55 -55 0 55 0 0 -55 0 -55 0 0 0 0 0 -55 55 0
24200 0 55 55 55 0 55 0 0 -55 0 -55 0 0 0 0 0 55 -55 0
24200 0 -55 -55 55 0 55 0 0 -55 0 -55 0 0 0 0 0 55 -55 0
24200 0 -55 55 -55 0 55 0 0 -55 0 -55 0 0 0 0 0 55 -55 0
24200 0 55 -55 -55 0 55 0 0 -55 0 -55 0 0 0 0 0 55 -55 0
24200 0 -55 55 55 0 -55 0 0 -55 0 -55 0 0 0 0 0 -55 55 0
24200 0 55 -55 55 0 -55 0 0 -55 0 -55 0 0 0 0 0 -55 55 0
24200 0 55 55 -55 0 -55 0 0 -55 0 -55 0 0 0 0 0 -55 55 0
24200 0 -55 -55 -55 0 -55 0 0 -55 0 -55 0 0 0 0 0 -55 55 0
24200 0 -55 55 55 0 -55 0 0 -55 0 -55 0 0 0 0 0 55 -55 0
24200 0 55 -55 55 0 -55 0 0 -55 0 -55 0 0 0 0 0 55 -55 0
24200 0 55 55 -55 0 -55 0 0 -55 0 -55 0 0 0 0 0 55 -55 0
24200 0 -55 -55 -55 0 -55 0 0 -55 0 -55 0 0 0 0 0 55 -55 0
24200 55 0 0 0 0 55 0 55 55 55 55 0 0 0 0 0 0 -55 55
24200 55 0 0 0 0 55 0 55 55 55 55 0 0 0 0 0 0 55 -55
24200 -55 0 0 0 0 -55 0 55 55 55 55 0 0 0 0 0 0 -55 55
24200 -55 0 0 0 0 -55 0 55 55 55 55 0 0 0 0 0 0 55 -55
24200 -55 0 0 0 0 55 0 -55 55 55 55 0 0 0 0 0 0 -55 55
24200 -55 0 0 0 0 55 0 -55 55 55 55 0 0 0 0 0 0 55 -55
24200 55 0 0 0 0 -55 0 -55 55 55 55 0 0 0 0 0 0 -55 55
24200 55 0 0 0 0 -55 0 -55 55 55 55 0 0 0 0 0 0 55 -55
24200 -55 0 0 0 0 55 0 55 -55 55 55 0 0 0 0 0 0 -55 55
24200 -55 0 0 0 0 55 0 55 -55 55 55 0 0 0 0 0 0 55 -55
24200 55 0 0 0 0 -55 0 55 -55 55 55 0 0 0 0 0 0 -55 55
24200 55 0 0 0 0 -55 0 55 -55 55 55 0 0 0 0 0 0 55 -55
24200 55 0 0 0 0 55 0 -55 -55 55 55 0 0 0 0 0 0 -55 55
24200 55 0 0 0 0 55 0 -55 -55 55 55 0 0 0 0 0 0 55 -55
24200 -55 0 0 0 0 -55 0 -55 -55 55 55 0 0 0 0 0 0 -55 55
24200 -55 0 0 0 0 -55 0 -55 -55 55 55 0 0 0 0 0 0 55 -55
24200 -55 0 0 0 0 55 0 55 55 -55 55 0 0 0 0 0 0 -55 55
24200 -55 0 0 0 0 55 0 55 55 -55 55 0 0 0 0 0 0 55 -55
24200 55 0 0 0 0 -55 0 55 55 -55 55 0 0 0 0 0 0 -55 55
24200 55 0 0 0 0 -55 0 55 55 -55 55 0 0 0 0 0 0 55 -55
24200 55 0 0 0 0 55 0 -55 55 -55 55 0 0 0 0 0 0 -55 55
24200 55 0 0 0 0 55 0 -55 55 -55 55 0 0 0 0 0 0 55 -55
24200 -55 0 0 0 0 -55 0 -55 55 -55 55 0 0 0 0 0 0 -55 55
24200 -55 0 0 0 0 -55 0 -55 55 -55 55 0 0 0 0 0 0 55 -55
24200 55 0 0 0 0 55 0 55 -55 -55 55 0 0 0 0 0 0 -55 55
24200 55 0 0 0 0 55 0 55 -55 -55 55 0 0 0 0 0 0 55 -55
24200 -55 0 0 0 0 -55 0 55 -55 -55 55 0 0 0 0 0 0 -55 55
24200 -55 0 0 0 0 -55 0 55 -55 -55 55 0 0 0 0 0 0 55 -55
24200 -55 0 0 0 0 55 0 -55 -55 -55 55 0 0 0 0 0 0 -55 55
24200 -55 0 0 0 0 55 0 -55 -55 -55 55 0 0 0 0 0 0 55 -55
24200 55 0 0 0 0 -55 0 -55 -55 -55 55 0 0 0 0 0 0 -55 55
24200 55 0 0 0 0 -55 0 -55 -55 -55 55 0 0 0 0 0 0 55 -55
24200 -55 0 0 0 0 55 0 55 55 55 -55 0 0 0 0 0 0 -55 55
24200 -55 0 0 0 0 55 0 55 55 55 -55 0 0 0 0 0 0 55 -55
24200 55 0 0 0 0 -55 0 55 55 55 -55 0 0 0 0 0 0 -55 55
24200 55 0 0 0 0 -55 0 55 55 55 -55 0 0 0 0 0 0 55 -55
24200 55 0 0 0 0 55 0 -55 55 55 -55 0 0 0 0 0 0 -55 55
24200 55 0 0 0 0 55 0 -55 55 55 -55 0 0 0 0 0 0 55 -55
24200 -55 0 0 0 0 -55 0 -55 55 55 -55 0 0 0 0 0 0 -55 55
24200 -55 0 0 0 0 -55 0 -55 55 55 -55 0 0 0 0 0 0 55 -55
24200 55 0 0 0 0 55 0 55 -55 55 -55 0 0 0 0 0 0 -55 55
24200 55 0 0 0 0 55 0 55 -55 55 -55 0 0 0 0 0 0 55 -55
24200 -55 0 0 0 0 -55 0 55 -55 55 -55 0 0 0 0 0 0 -55 55
24200 -55 0 0 0 0 -55 0 55 -55 55 -55 0 0 0 0 0 0 55 -55
24200 -55 0 0 0 0 55 0 -55 -55 55 -55 0 0 0 0 0 0 -55 55
24200 -55 0 0 0 0 55 0 -55 -55 55 -55 0 0 0 0 0 0 55 -55
24200 55 0 0 0 0 -55 0 -55 -55 55 -55 0 0 0 0 0 0 -55 55
24200 55 0 0 0 0 -55 0 -55 -55 55 -55 0 0 0 0 0 0 55 -55
24200 55 0 0 0 0 55 0 55 55 -55 -55 0 0 0 0 0 0 -55 55
24200 55 0 0 0 0 55 0 55 55 -55 -55 0 0 0 0 0 0 55 -55
24200 -55 0 0 0 0 -55 0 55 55 -55 -55 0 0 0 0 0 0 -55 55
24200 -55 0 0 0 0 -55 0 55 55 -55 -55 0 0 0 0 0 0 55 -55
24200 -55 0 0 0 0 55 0 -55 55 -55 -55 0 0 0 0 0 0 -55 55
24200 -55 0 0 0 0 55 0 -55 55 -55 -55 0 0 0 0 0 0 55 -55
24200 55 0 0 0 0 -55 0 -55 55 -55 -55 0 0 0 0 0 0 -55 55
24200 55 0 0 0 0 -55 0 -55 55 -55 -55 0 0 0 0 0 0 55 -55
24200 -55 0 0 0 0 55 0 55 -55 -55 -55 0 0 0 0 0 0 -55 55
24200 -55 0 0 0 0 55 0 55 -55 -55 -55 0 0 0 0 0 0 55 -55
24200 55 0 0 0 0 -55 0 55 -55 -55 -55 0 0 0 0 0 0 -55 55
24200 55 0 0 0 0 -55 0 55 -55 -55 -55 0 0 0 0 0 0 55 -55
24200 55 0 0 0 0 55 0 -55 -55 -55 -55 0 0 0 0 0 0 -55 55
24200 55 0 0 0 0 55 0 -55 -55 -55 -55 0 0 0 0 0 0 55 -55
24200 -55 0 0 0 0 -55 0 -55 -55 -55 -55 0 0 0 0 0 0 -55 55
24200 -55 0 0 0 0 -55 0 -55 -55 -55 -55 0 0 0 0 0 0 55 -55
24200 55 55 0 0 55 0 55 55 0 0 0 55 0 0 0 0 0 -55 55
24200 -55 -55 0 0 55 0 55 55 0 0 0 55 0 0 0 0 0 -55 55
24200 -55 55 0 0 -55 0 55 55 0 0 0 55 0 0 0 0 0 -55 55
24200 55 -55 0 0 -55 0 55 55 0 0 0 55 0 0 0 0 0 -55 55
24200 55 55 0 0 55 0 55 55 0 0 0 55 0 0 0 0 0 55 -55
24200 -55 -55 0 0 55 0 55 55 0 0 0 55 0 0 0 0 0 55 -55
24200 -55 55 0 0 -55 0 55 55 0 0 0 55 0 0 0 0 0 55 -55
24200 55 -55 0 0 -55 0 55 55 0 0 0 55 0 0 0 0 0 55 -55
24200 -55 55 0 0 55 0 -55 55 0 0 0 55 0 0 0 0 0 -55 55
24200 55 -55 0 0 55 0 -55 55 0 0 0 55 0 0 0 0 0 -55 55
24200 55 55 0 0 -55 0 -55 55 0 0 0 55 0 0 0 0 0 -55 55
24200 -55 -55 0 0 -55 0 -55 55 0 0 0 55 0 0 0 0 0 -55 55
24200 -55 55 0 0 55 0 -55 55 0 0 0 55 0 0 0 0 0 55 -55
24200 55 -55 0 0 55 0 -55 55 0 0 0 55 0 0 0 0 0 55 -55
24200 55 55 0 0 -55 0 -55 55 0 0 0 55 0 0 0 0 0 55 -55
24200 -55 -55 0 0 -55 0 -55 55 0 0 0 55 0 0 0 0 0 55 -55
24200 -55 55 0 0 55 0 55 -55 0 0 0 55 0 0 0 0 0 -55 55
24200 55 -55 0 0 55 0 55 -55 0 0 0 55 0 0 0 0 0 -55 55
24200 55 55 0 0 -55 0 55 -55 0 0 0 55 0 0 0 0 0 -55 55
24200 -55 -55 0 0 -55 0 55 -55 0 0 0 55 0 0 0 0 0 -55 55
24200 -55 55 0 0 55 0 55 -55 0 0 0 55 0 0 0 0 0 55 -55
24200 55 -55 0 0 55 0 55 -55 0 0 0 55 0 0 0 0 0 55 -55
24200 55 55 0 0 -55 0 55 -55 0 0 0 55 0 0 0 0 0 55 -55
24200 -55 -55 0 0 -55 0 55 -55 0 0 0 55 0 0 0 0 0 55 -55
24200 55 55 0 0 55 0 -55 -55 0 0 0 55 0 0 0 0 0 -55 55
24200 -55 -55 0 0 55 0 -55 -55 0 0 0 55 0 0 0 0 0 -55 55
24200 -55 55 0 0 -55 0 -55 -55 0 0 0 55 0 0 0 0 0 -55 55
24200 55 -55 0 0 -55 0 -55 -55 0 0 0 55 0 0 0 0 0 -55 55
24200 55 55 0 0 55 0 -55 -55 0 0 0 55 0 0 0 0 0 55 -55
24200 -55 -55 0 0 55 0 -55 -55 0 0 0 55 0 0 0 0 0 55 -55
24200 -55 55 0 0 -55 0 -55 -55 0 0 0 55 0 0 0 0 0 55 -55
24200 55 -55 0 0 -55 0 -55 -55 0 0 0 55 0 0 0 0 0 55 -55
24200 -55 55 0 0 55 0 55 55 0 0 0 -55 0 0 0 0 0 -55 55
24200 55 -55 0 0 55 0 55 55 0 0 0 -55 0 0 0 0 0 -55 55
24200 55 55 0 0 -55 0 55 55 0 0 0 -55 0 0 0 0 0 -55 55
24200 -55 -55 0 0 -55 0 55 55 0 0 0 -55 0 0 0 0 0 -55 55
24200 -55 55 0 0 55 0 55 55 0 0 0 -55 0 0 0 0 0 55 -55
24200 55 -55 0 0 55 0 55 55 0 0 0 -55 0 0 0 0 0 55 -55
24200 55 55 0 0 -55 0 55 55 0 0 0 -55 0 0 0 0 0 55 -55
24200 -55 -55 0 0 -55 0 55 55 0 0 0 -55 0 0 0 0 0 55 -55
24200 55 55 0 0 55 0 -55 55 0 0 0 -55 0 0 0 0 0 -55 55
24200 -55 -55 0 0 55 0 -55 55 0 0 0 -55 0 0 0 0 0 -55 55
24200 -55 55 0 0 -55 0 -55 55 0 0 0 -55 0 0 0 0 0 -55 55
24200 55 -55 0 0 -55 0 -55 55 0 0 0 -55 0 0 0 0 0 -55 55
24200 55 55 0 0 55 0 -55 55 0 0 0 -55 0 0 0 0 0 55 -55
24200 -55 -55 0 0 55 0 -55 55 0 0 0 -55 0 0 0 0 0 55 -55
24200 -55 55 0 0 -55 0 -55 55 0 0 0 -55 0 0 0 0 0 55 -55
24200 55 -55 0 0 -55 0 -55 55 0 0 0 -55 0 0 0 0 0 55 -55
24200 55 55 0 0 55 0 55 -55 0 0 0 -55 0 0 0 0 0 -55 55
24200 -55 -55 0 0 55 0 55 -55 0 0 0 -55 0 0 0 0 0 -55 55
24200 -55 55 0 0 -55 0 55 -55 0 0 0 -55 0 0 0 0 0 -55 55
24200 55 -55 0 0 -55 0 55 -55 0 0 0 -55 0 0 0 0 0 -55 55
24200 55 55 0 0 55 0 55 -55 0 0 0 -55 0 0 0 0 0 55 -55
24200 -55 -55 0 0 55 0 55 -55 0 0 0 -55 0 0 0 0 0 55 -55
24200 -55 55 0 0 -55 0 55 -55 0 0 0 -55 0 0 0 0 0 55 -55
24200 55 -55 0 0 -55 0 55 -55 0 0 0 -55 0 0 0 0 0 55 -55
24200 -55 55 0 0 55 0 -55 -55 0 0 0 -55 0 0 0 0 0 -55 55
24200 55 -55 0 0 55 0 -55 -55 0 0 0 -55 0 0 0 0 0 -55 55
24200 55 55 0 0 -55 0 -55 -55 0 0 0 -55 0 0 0 0 0 -55 55
24200 -55 -55 0 0 -55 0 -55 -55 0 0 0 -55 0 0 0 0 0 -55 55
24200 -55 55 0 0 55 0 -55 -55 0 0 0 -55 0 0 0 0 0 55 -55
24200 55 -55 0 0 55 0 -55 -55 0 0 0 -55 0 0 0 0 0 55 -55
24200 55 55 0 0 -55 0 -55 -55 0 0 0 -55 0 0 0 0 0 55 -55
24200 -55 -55 0 0 -55 0 -55 -55 0 0 0 -55 0 0 0 0 0 55 -55
24200 0 0 55 55 55 0 55 0 0 55 0 55 0 0 0 0 -55 55 0
24200 0 0 -55 -55 55 0 55 0 0 55 0 55 0 0 0 0 -55 55 0
24200 0 0 55 55 55 0 55 0 0 55 0 55 0 0 0 0 55 -55 0
24200 0 0 -55 -55 55 0 55 0 0 55 0 55 0 0 0 0 55 -55 0
24200 0 0 -55 55 -55 0 55 0 0 55 0 55 0 0 0 0 -55 55 0
24200 0 0 55 -55 -55 0 55 0 0 55 0 55 0 0 0 0 -55 55 0
24200 0 0 -55 55 -55 0 55 0 0 55 0 55 0 0 0 0 55 -55 0
24200 0 0 55 -55 -55 0 55 0 0 55 0 55 0 0 0 0 55 -55 0
24200 0 0 -55 55 55 0 -55 0 0 55 0 55 0 0 0 0 -55 55 0
24200 0 0 55 -55 55 0 -55 0 0 55 0 55 0 0 0 0 -55 55 0
24200 0 0 -55 55 55 0 -55 0 0 55 0 55 0 0 0 0 55 -55 0
24200 0 0 55 -55 55 0 -55 0 0 55 0 55 0 0 0 0 55 -55 0
24200 0 0 55 55 -55 0 -55 0 0 55 0 55 0 0 0 0 -55 55 0
24200 0 0 -55 -55 -55 0 -55 0 0 55 0 55 0 0 0 0 -55 55 0
24200 0 0 55 55 -55 0 -55 0 0 55 0 55 0 0 0 0 55 -55 0
24200 0 0 -55 -55 -55 0 -55 0 0 55 0 55 0 0 0 0 55 -55 0
24200 0 0 -55 55 55 0 55 0 0 -55 0 55 0 0 0 0 -55 55 0
24200 0 0 55 -55 55 0 55 0 0 -55 0 55 0 0 0 0 -55 55 0
24200 0 0 -55 55 55 0 55 0 0 -55 0 55 0 0 0 0 55 -55 0
24200 0 0 55 -55 55 0 55 0 0 -55 0 55 0 0 0 0 55 -55 0
24200 0 0 55 55 -55 0 55 0 0 -55 0 55 0 0 0 0 -55 55 0
24200 0 0 -55 -55 -55 0 55 0 0 -55 0 55 0 0 0 0 -55 55 0
24200 0 0 55 55 -55 0 55 0 0 -55 0 55 0 0 0 0 55 -55 0
24200 0 0 -55 -55 -55 0 55 0 0 -55 0 55 0 0 0 0 55 -55 0
24200 0 0 55 55 55 0 -55 0 0 -55 0 55 0 0 0 0 -55 55 0
24200 0 0 -55 -55 55 0 -55 0 0 -55 0 55 0 0 0 0 -55 55 0
24200 0 0 55 55 55 0 -55 0 0 -55 0 55 0 0 0 0 55 -55 0
24200 0 0 -55 -55 55 0 -55 0 0 -55 0 55 0 0 0 0 55 -55 0
24200 0 0 -55 55 -55 0 -55 0 0 -55 0 55 0 0 0 0 -55 55 0
24200 0 0 55 -55 -55 0 -55 0 0 -55 0 55 0 0 0 0 -55 55 0
24200 0 0 -55 55 -55 0 -55 0 0 -55 0 55 0 0 0 0 55 -55 0
24200 0 0 55 -55 -55 0 -55 0 0 -55 0 55 0 0 0 0 55 -55 0
24200 0 0 -55 55 55 0 55 0 0 55 0 -55 0 0 0 0 -55 55 0
24200 0 0 55 -55 55 0 55 0 0 55 0 -55 0 0 0 0 -55 55 0
24200 0 0 -55 55 55 0 55 0 0 55 0 -55 0 0 0 0 55 -55 0
24200 0 0 55 -55 55 0 55 0 0 55 0 -55 0 0 0 0 55 -55 0
24200 0 0 55 55 -55 0 55 0 0 55 0 -55 0 0 0 0 -55 55 0
24200 0 0 -55 -55 -55 0 55 0 0 55 0 -55 0 0 0 0 -55 55 0
24200 0 0 55 55 -55 0 55 0 0 55 0 -55 0 0 0 0 55 -55 0
24200 0 0 -55 -55 -55 0 55 0 0 55 0 -55 0 0 0 0 55 -55 0
24200 0 0 55 55 55 0 -55 0 0 55 0 -55 0 0 0 0 -55 55 0
24200 0 0 -55 -55 55 0 -55 0 0 55 0 -55 0 0 0 0 -55 55 0
24200 0 0 55 55 55 0 -55 0 0 55 0 -55 0 0 0 0 55 -55 0
24200 0 0 -55 -55 55 0 -55 0 0 55 0 -55 0 0 0 0 55 -55 0
24200 0 0 -55 55 -55 0 -55 0 0 55 0 -55 0 0 0 0 -55 55 0
24200 0 0 55 -55 -55 0 -55 0 0 55 0 -55 0 0 0 0 -55 55 0
24200 0 0 -55 55 -55 0 -55 0 0 55 0 -55 0 0 0 0 55 -55 0
24200 0 0 55 -55 -55 0 -55 0 0 55 0 -55 0 0 0 0 55 -55 0
24200 0 0 55 55 55 0 55 0 0 -55 0 -55 0 0 0 0 -55 55 0
24200 0 0 -55 -55 55 0 55 0 0 -55 0 -55 0 0 0 0 -55 55 0
24200 0 0 55 55 55 0 55 0 0 -55 0 -55 0 0 0 0 55 -55 0
24200 0 0 -55 -55 55 0 55 0 0 -55 0 -55 0 0 0 0 55 -55 0
24200 0 0 -55 55 -55 0 55 0 0 -55 0 -55 0 0 0 0 -55 55 0
24200 0 0 55 -55 -55 0 55 0 0 -55 0 -55 0 0 0 0 -55 55 0
24200 0 0 -55 55 -55 0 55 0 0 -55 0 -55 0 0 0 0 55 -55 0
24200 0 0 55 -55 -55 0 55 0 0 -55 0 -55 0 0 0 0 55 -55 0
24200 0 0 -55 55 55 0 -55 0 0 -55 0 -55 0 0 0 0 -55 55 0
24200 0 0 55 -55 55 0 -55 0 0 -55 0 -55 0 0 0 0 -55 55 0
24200 0 0 -55 55 55 0 -55 0 0 -55 0 -55 0 0 0 0 55 -55 0
24200 0 0 55 -55 55 0 -55 0 0 -55 0 -55 0 0 0 0 55 -55 0
24200 0 0 55 55 -55 0 -55 0 0 -55 0 -55 0 0 0 0 -55 55 0
24200 0 0 -55 -55 -55 0 -55 0 0 -55 0 -55 0 0 0 0 -55 55 0
24200 0 0 55 55 -55 0 -55 0 0 -55 0 -55 0 0 0 0 55 -55 0
24200 0 0 -55 -55 -55 0 -55 0 0 -55 0 -55 0 0 0 0 55 -55 0
24200 55 55 0 55 0 0 0 0 55 55 0 55 0 0 0 0 -55 0 -55
24200 -55 -55 0 55 0 0 0 0 55 55 0 55 0 0 0 0 -55 0 -55
24200 -55 55 0 -55 0 0 0 0 55 55 0 55 0 0 0 0 -55 0 -55
24200 55 -55 0 -55 0 0 0 0 55 55 0 55 0 0 0 0 -55 0 -55
24200 55 55 0 55 0 0 0 0 55 55 0 55 0 0 0 0 55 0 55
24200 -55 -55 0 55 0 0 0 0 55 55 0 55 0 0 0 0 55 0 55
24200 -55 55 0 -55 0 0 0 0 55 55 0 55 0 0 0 0 55 0 55
24200 55 -55 0 -55 0 0 0 0 55 55 0 55 0 0 0 0 55 0 55
24200 -55 55 0 55 0 0 0 0 -55 55 0 55 0 0 0 0 -55 0 -55
24200 55 -55 0 55 0 0 0 0 -55 55 0 55 0 0 0 0 -55 0 -55
24200 55 55 0 -55 0 0 0 0 -55 55 0 55 0 0 0 0 -55 0 -55
24200 -55 -55 0 -55 0 0 0 0 -55 55 0 55 0 0 0 0 -55 0 -55
24200 -55 55 0 55 0 0 0 0 -55 55 0 55 0 0 0 0 55 0 55
24200 55 -55 0 55 0 0 0 0 -55 55 0 55 0 0 0 0 55 0 55
24200 55 55 0 -55 0 0 0 0 -55 55 0 55 0 0 0 0 55 0 55
24200 -55 -55 0 -55 0 0 0 0 -55 55 0 55 0 0 0 0 55 0 55
24200 -55 55 0 55 0 0 0 0 55 -55 0 55 0 0 0 0 -55 0 -55
24200 55 -55 0 55 0 0 0 0 55 -55 0 55 0 0 0 0 -55 0 -55
24200 55 55 0 -55 0 0 0 0 55 -55 0 55 0 0 0 0 -55 0 -55
24200 -55 -55 0 -55 0 0 0 0 55 -55 0 55 0 0 0 0 -55 0 -55
24200 -55 55 0 55 0 0 0 0 55 -55 0 55 0 0 0 0 55 0 55
24200 55 -55 0 55 0 0 0 0 55 -55 0 55 0 0 0 0 55 0 55
24200 55 55 0 -55 0 0 0 0 55 -55 0 55 0 0 0 0 55 0 55
24200 -55 -55 0 -55 0 0 0 0 55 -55 0 55 0 0 0 0 55 0 55
24200 55 55 0 55 0 0 0 0 -55 -55 0 55 0 0 0 0 -55 0 -55
24200 -55 -55 0 55 0 0 0 0 -55 -55 0 55 0 0 0 0 -55 0 -55
24200 -55 55 0 -55 0 0 0 0 -55 -55 0 55 0 0 0 0 -55 0 -55
24200 55 -55 0 -55 0 0 0 0 -55 -55 0 55 0 0 0 0 -55 0 -55
24200 55 55 0 55 0 0 0 0 -55 -55 0 55 0 0 0 0 55 0 55
24200 -55 -55 0 55 0 0 0 0 -55 -55 0 55 0 0 0 0 55 0 55
24200 -55 55 0 -55 0 0 0 0 -55 -55 0 55 0 0 0 0 55 0 55
24200 55 -55 0 -55 0 0 0 0 -55 -55 0 55 0 0 0 0 55 0 55
24200 -55 55 0 55 0 0 0 0 55 55 0 -55 0 0 0 0 -55 0 -55
24200 55 -55 0 55 0 0 0 0 55 55 0 -55 0 0 0 0 -55 0 -55
24200 55 55 0 -55 0 0 0 0 55 55 0 -55 0 0 0 0 -55 0 -55
24200 -55 -55 0 -55 0 0 0 0 55 55 0 -55 0 0 0 0 -55 0 -55
24200 -55 55 0 55 0 0 0 0 55 55 0 -55 0 0 0 0 55 0 55
24200 55 -55 0 55 0 0 0 0 55 55 0 -55 0 0 0 0 55 0 55
24200 55 55 0 -55 0 0 0 0 55 55 0 -55 0 0 0 0 55 0 55
24200 -55 -55 0 -55 0 0 0 0 55 55 0 -55 0 0 0 0 55 0 55
24200 55 55 0 55 0 0 0 0 -55 55 0 -55 0 0 0 0 -55 0 -55
24200 -55 -55 0 55 0 0 0 0 -55 55 0 -55 0 0 0 0 -55 0 -55
24200 -55 55 0 -55 0 0 0 0 -55 55 0 -55 0 0 0 0 -55 0 -55
24200 55 -55 0 -55 0 0 0 0 -55 55 0 -55 0 0 0 0 -55 0 -55
24200 55 55 0 55 0 0 0 0 -55 55 0 -55 0 0 0 0 55 0 55
24200 -55 -55 0 55 0 0 0 0 -55 55 0 -55 0 0 0 0 55 0 55
24200 -55 55 0 -55 0 0 0 0 -55 55 0 -55 0 0 0 0 55 0 55
24200 55 -55 0 -55 0 0 0 0 -55 55 0 -55 0 0 0 0 55 0 55
24200 55 55 0 55 0 0 0 0 55 -55 0 -55 0 0 0 0 -55 0 -55
24200 -55 -55 0 55 0 0 0 0 55 -55 0 -55 0 0 0 0 -55 0 -55
24200 -55 55 0 -55 0 0 0 0 55 -55 0 -55 0 0 0 0 -55 0 -55
24200 55 -55 0 -55 0 0 0 0 55 -55 0 -55 0 0 0 0 -55 0 -55
24200 55 55 0 55 0 0 0 0 55 -55 0 -55 0 0 0 0 55 0 55
24200 -55 -55 0 55 0 0 0 0 55 -55 0 -55 0 0 0 0 55 0 55
24200 -55 55 0 -55 0 0 0 0 55 -55 0 -55 0 0 0 0 55 0 55
24200 55 -55 0 -55 0 0 0 0 55 -55 0 -55 0 0 0 0 55 0 55
24200 -55 55 0 55 0 0 0 0 -55 -55 0 -55 0 0 0 0 -55 0 -55
24200 55 -55 0 55 0 0 0 0 -55 -55 0 -55 0 0 0 0 -55 0 -55
24200 55 55 0 -55 0 0 0 0 -55 -55 0 -55 0 0 0 0 -55 0 -55
24200 -55 -55 0 -55 0 0 0 0 -55 -55 0 -55 0 0 0 0 -55 0 -55
24200 -55 55 0 55 0 0 0 0 -55 -55 0 -55 0 0 0 0 55 0 55
24200 55 -55 0 55 0 0 0 0 -55 -55 0 -55 0 0 0 0 55 0 55
24200 55 55 0 -55 0 0 0 0 -55 -55 0 -55 0 0 0 0 55 0 55
24200 -55 -55 0 -55 0 0 0 0 -55 -55 0 -55 0 0 0 0 55 0 55
24200 0 55 0 55 0 55 0 55 0 0 55 55 0 0 0 0 -55 -55 0
24200 0 -55 0 -55 0 55 0 55 0 0 55 55 0 0 0 0 -55 -55 0
24200 0 55 0 55 0 55 0 55 0 0 55 55 0 0 0 0 55 55 0
24200 0 -55 0 -55 0 55 0 55 0 0 55 55 0 0 0 0 55 55 0
24200 0 -55 0 55 0 -55 0 55 0 0 55 55 0 0 0 0 -55 -55 0
24200 0 55 0 -55 0 -55 0 55 0 0 55 55 0 0 0 0 -55 -55 0
24200 0 -55 0 55 0 -55 0 55 0 0 55 55 0 0 0 0 55 55 0
24200 0 55 0 -55 0 -55 0 55 0 0 55 55 0 0 0 0 55 55 0
24200 0 -55 0 55 0 55 0 -55 0 0 55 55 0 0 0 0 -55 -55 0
24200 0 55 0 -55 0 55 0 -55 0 0 55 55 0 0 0 0 -55 -55 0
24200 0 -55 0 55 0 55 0 -55 0 0 55 55 0 0 0 0 55 55 0
24200 0 55 0 -55 0 55 0 -55 0 0 55 55 0 0 0 0 55 55 0
24200 0 55 0 55 0 -55 0 -55 0 0 55 55 0 0 0 0 -55 -55 0
24200 0 -55 0 -55 0 -55 0 -55 0 0 55 55 0 0 0 0 -55 -55 0
24200 0 55 0 55 0 -55 0 -55 0 0 55 55 0 0 0 0 55 55 0
24200 0 -55 0 -55 0 -55 0 -55 0 0 55 55 0 0 0 0 55 55 0
24200 0 -55 0 55 0 55 0 55 0 0 -55 55 0 0 0 0 -55 -55 0
24200 0 55 0 -55 0 55 0 55 0 0 -55 55 0 0 0 0 -55 -55 0
24200 0 -55 0 55 0 55 0 55 0 0 -55 55 0 0 0 0 55 55 0
24200 0 55 0 -55 0 55 0 55 0 0 -55 55 0 0 0 0 55 55 0
24200 0 55 0 55 0 -55 0 55 0 0 -55 55 0 0 0 0 -55 -55 0
24200 0 -55 0 -55 0 -55 0 55 0 0 -55 55 0 0 0 0 -55 -55 0
24200 0 55 0 55 0 -55 0 55 0 0 -55 55 0 0 0 0 55 55 0
24200 0 -55 0 -55 0 -55 0 55 0 0 -55 55 0 0 0 0 55 55 0
24200 0 55 0 55 0 55 0 -55 0 0 -55 55 0 0 0 0 -55 -55 0
24200 0 -55 0 -55 0 55 0 -55 0 0 -55 55 0 0 0 0 -55 -55 0
24200 0 55 0 55 0 55 0 -55 0 0 -55 55 0 0 0 0 55 55 0
24200 0 -55 0 -55 0 55 0 -55 0 0 -55 55 0 0 0 0 55 55 0
24200 0 -55 0 55 0 -55 0 -55 0 0 -55 55 0 0 0 0 -55 -55 0
24200 0 55 0 -55 0 -55 0 -55 0 0 -55 55 0 0 0 0 -55 -55 0
24200 0 -55 0 55 0 -55 0 -55 0 0 -55 55 0 0 0 0 55 55 0
24200 0 55 0 -55 0 -55 0 -55 0 0 -55 55 0 0 0 0 55 55 0
24200 0 -55 0 55 0 55 0 55 0 0 55 -55 0 0 0 0 -55 -55 0
24200 0 55 0 -55 0 55 0 55 0 0 55 -55 0 0 0 0 -55 -55 0
24200 0 -55 0 55 0 55 0 55 0 0 55 -55 0 0 0 0 55 55 0
24200 0 55 0 -55 0 55 0 55 0 0 55 -55 0 0 0 0 55 55 0
24200 0 55 0 55 0 -55 0 55 0 0 55 -55 0 0 0 0 -55 -55 0
24200 0 -55 0 -55 0 -55 0 55 0 0 55 -55 0 0 0 0 -55 -55 0
24200 0 55 0 55 0 -55 0 55 0 0 55 -55 0 0 0 0 55 55 0
24200 0 -55 0 -55 0 -55 0 55 0 0 55 -55 0 0 0 0 55 55 0
24200 0 55 0 55 0 55 0 -55 0 0 55 -55 0 0 0 0 -55 -55 0
24200 0 -55 0 -55 0 55 0 -55 0 0 55 -55 0 0 0 0 -55 -55 0
24200 0 55 0 55 0 55 0 -55 0 0 55 -55 0 0 0 0 55 55 0
24200 0 -55 0 -55 0 55 0 -55 0 0 55 -55 0 0 0 0 55 55 0
24200 0 -55 0 55 0 -55 0 -55 0 0 55 -55 0 0 0 0 -55 -55 0
24200 0 55 0 -55 0 -55 0 -55 0 0 55 -55 0 0 0 0 -55 -55 0
24200 0 -55 0 55 0 -55 0 -55 0 0 55 -55 0 0 0 0 55 55 0
24200 0 55 0 -55 0 -55 0 -55 0 0 55 -55 0 0 0 0 55 55 0
24200 0 55 0 55 0 55 0 55 0 0 -55 -55 0 0 0 0 -55 -55 0
24200 0 -55 0 -55 0 55 0 55 0 0 -55 -55 0 0 0 0 -55 -55 0
24200 0 55 0 55 0 55 0 55 0 0 -55 -55 0 0 0 0 55 55 0
24200 0 -55 0 -55 0 55 0 55 0 0 -55 -55 0 0 0 0 55 55 0
24200 0 -55 0 55 0 -55 0 55 0 0 -55 -55 0 0 0 0 -55 -55 0
24200 0 55 0 -55 0 -55 0 55 0 0 -55 -55 0 0 0 0 -55 -55 0
24200 0 -55 0 55 0 -55 0 55 0 0 -55 -55 0 0 0 0 55 55 0
24200 0 55 0 -55 0 -55 0 55 0 0 -55 -55 0 0 0 0 55 55 0
24200 0 -55 0 55 0 55 0 -55 0 0 -55 -55 0 0 0 0 -55 -55 0
24200 0 55 0 -55 0 55 0 -55 0 0 -55 -55 0 0 0 0 -55 -55 0
24200 0 -55 0 55 0 55 0 -55 0 0 -55 -55 0 0 0 0 55 55 0
24200 0 55 0 -55 0 55 0 -55 0 0 -55 -55 0 0 0 0 55 55 0
24200 0 55 0 55 0 -55 0 -55 0 0 -55 -55 0 0 0 0 -55 -55 0
24200 0 -55 0 -55 0 -55 0 -55 0 0 -55 -55 0 0 0 0 -55 -55 0
24200 0 55 0 55 0 -55 0 -55 0 0 -55 -55 0 0 0 0 55 55 0
24200 0 -55 0 -55 0 -55 0 -55 0 0 -55 -55 0 0 0 0 55 55 0
24200 55 0 55 0 0 55 0 0 0 55 55 55 0 0 0 0 0 -55 -55
24200 55 0 55 0 0 55 0 0 0 55 55 55 0 0 0 0 0 55 55
24200 -55 0 -55 0 0 55 0 0 0 55 55 55 0 0 0 0 0 -55 -55
24200 -55 0 -55 0 0 55 0 0 0 55 55 55 0 0 0 0 0 55 55
24200 -55 0 55 0 0 -55 0 0 0 55 55 55 0 0 0 0 0 -55 -55
24200 -55 0 55 0 0 -55 0 0 0 55 55 55 0 0 0 0 0 55 55
24200 55 0 -55 0 0 -55 0 0 0 55 55 55 0 0 0 0 0 -55 -55
24200 55 0 -55 0 0 -55 0 0 0 55 55 55 0 0 0 0 0 55 55
24200 -55 0 55 0 0 55 0 0 0 -55 55 55 0 0 0 0 0 -55 -55
24200 -55 0 55 0 0 55 0 0 0 -55 55 55 0 0 0 0 0 55 55
24200 55 0 -55 0 0 55 0 0 0 -55 55 55 0 0 0 0 0 -55 -55
24200 55 0 -55 0 0 55 0 0 0 -55 55 55 0 0 0 0 0 55 55
24200 55 0 55 0 0 -55 0 0 0 -55 55 55 0 0 0 0 0 -55 -55
24200 55 0 55 0 0 -55 0 0 0 -55 55 55 0 0 0 0 0 55 55
24200 -55 0 -55 0 0 -55 0 0 0 -55 55 55 0 0 0 0 0 -55 -55
24200 -55 0 -55 0 0 -55 0 0 0 -55 55 55 0 0 0 0 0 55 55
24200 -55 0 55 0 0 55 0 0 0 55 -55 55 0 0 0 0 0 -55 -55
24200 -55 0 55 0 0 55 0 0 0 55 -55 55 0 0 0 0 0 55 55
24200 55 0 -55 0 0 55 0 0 0 55 -55 55 0 0 0 0 0 -55 -55
24200 55 0 -55 0 0 55 0 0 0 55 -55 55 0 0 0 0 0 55 55
24200 55 0 55 0 0 -55 0 0 0 55 -55 55 0 0 0 0 0 -55 -55
24200 55 0 55 0 0 -55 0 0 0 55 -55 55 0 0 0 0 0 55 55
24200 -55 0 -55 0 0 -55 0 0 0 55 -55 55 0 0 0 0 0 -55 -55
24200 -55 0 -55 0 0 -55 0 0 0 55 -55 55 0 0 0 0 0 55 55
24200 55 0 55 0 0 55 0 0 0 -55 -55 55 0 0 0 0 0 -55 -55
24200 55 0 55 0 0 55 0 0 0 -55 -55 55 0 0 0 0 0 55 55
24200 -55 0 -55 0 0 55 0 0 0 -55 -55 55 0 0 0 0 0 -55 -55
24200 -55 0 -55 0 0 55 0 0 0 -55 -55 55 0 0 0 0 0 55 55
24200 -55 0 55 0 0 -55 0 0 0 -55 -55 55 0 0 0 0 0 -55 -55
24200 -55 0 55 0 0 -55 0 0 0 -55 -55 55 0 0 0 0 0 55 55
24200 55 0 -55 0 0 -55 0 0 0 -55 -55 55 0 0 0 0 0 -55 -55
24200 55 0 -55 0 0 -55 0 0 0 -55 -55 55 0 0 0 0 0 55 55
24200 -55 0 55 0 0 55 0 0 0 55 55 -55 0 0 0 0 0 -55 -55
24200 -55 0 55 0 0 55 0 0 0 55 55 -55 0 0 0 0 0 55 55
24200 55 0 -55 0 0 55 0 0 0 55 55 -55 0 0 0 0 0 -55 -55
24200 55 0 -55 0 0 55 0 0 0 55 55 -55 0 0 0 0 0 55 55
24200 55 0 55 0 0 -55 0 0 0 55 55 -55 0 0 0 0 0 -55 -55
24200 55 0 55 0 0 -55 0 0 0 55 55 -55 0 0 0 0 0 55 55
24200 -55 0 -55 0 0 -55 0 0 0 55 55 -55 0 0 0 0 0 -55 -55
24200 -55 0 -55 0 0 -55 0 0 0 55 55 -55 0 0 0 0 0 55 55
24200 55 0 55 0 0 55 0 0 0 -55 55 -55 0 0 0 0 0 -55 -55
24200 55 0 55 0 0 55 0 0 0 -55 55 -55 0 0 0 0 0 55 55
24200 -55 0 -55 0 0 55 0 0 0 -55 55 -55 0 0 0 0 0 -55 -55
24200 -55 0 -55 0 0 55 0 0 0 -55 55 -55 0 0 0 0 0 55 55
24200 -55 0 55 0 0 -55 0 0 0 -55 55 -55 0 0 0 0 0 -55 -55
24200 -55 0 55 0 0 -55 0 0 0 -55 55 -55 0 0 0 0 0 55 55
24200 55 0 -55 0 0 -55 0 0 0 -55 55 -55 0 0 0 0 0 -55 -55
24200 55 0 -55 0 0 -55 0 0 0 -55 55 -55 0 0 0 0 0 55 55
24200 55 0 55 0 0 55 0 0 0 55 -55 -55 0 0 0 0 0 -55 -55
24200 55 0 55 0 0 55 0 0 0 55 -55 -55 0 0 0 0 0 55 55
24200 -55 0 -55 0 0 55 0 0 0 55 -55 -55 0 0 0 0 0 -55 -55
24200 -55 0 -55 0 0 55 0 0 0 55 -55 -55 0 0 0 0 0 55 55
24200 -55 0 55 0 0 -55 0 0 0 55 -55 -55 0 0 0 0 0 -55 -55
24200 -55 0 55 0 0 -55 0 0 0 55 -55 -55 0 0 0 0 0 55 55
24200 55 0 -55 0 0 -55 0 0 0 55 -55 -55 0 0 0 0 0 -55 -55
24200 55 0 -55 0 0 -55 0 0 0 55 -55 -55 0 0 0 0 0 55 55
24200 -55 0 55 0 0 55 0 0 0 -55 -55 -55 0 0 0 0 0 -55 -55
24200 -55 0 55 0 0 55 0 0 0 -55 -55 -55 0 0 0 0 0 55 55
24200 55 0 -55 0 0 55 0 0 0 -55 -55 -55 0 0 0 0 0 -55 -55
24200 55 0 -55 0 0 55 0 0 0 -55 -55 -55 0 0 0 0 0 55 55
24200 55 0 55 0 0 -55 0 0 0 -55 -55 -55 0 0 0 0 0 -55 -55
24200 55 0 55 0 0 -55 0 0 0 -55 -55 -55 0 0 0 0 0 55 55
24200 -55 0 -55 0 0 -55 0 0 0 -55 -55 -55 0 0 0 0 0 -55 -55
24200 -55 0 -55 0 0 -55 0 0 0 -55 -55 -55 0 0 0 0 0 55 55
24200 0 -55 0 0 55 55 55 0 55 55 55 55 0 0 0 0 0 0 0
24200 0 55 0 0 -55 55 55 0 55 55 55 55 0 0 0 0 0 0 0
24200 0 55 0 0 55 -55 55 0 55 55 55 55 0 0 0 0 0 0 0
24200 0 -55 0 0 -55 -55 55 0 55 55 55 55 0 0 0 0 0 0 0
24200 0 55 0 0 55 55 -55 0 55 55 55 55 0 0 0 0 0 0 0
24200 0 -55 0 0 -55 55 -55 0 55 55 55 55 0 0 0 0 0 0 0
24200 0 -55 0 0 55 -55 -55 0 55 55 55 55 0 0 0 0 0 0 0
24200 0 55 0 0 -55 -55 -55 0 55 55 55 55 0 0 0 0 0 0 0
24200 0 55 0 0 55 55 55 0 -55 55 55 55 0 0 0 0 0 0 0
24200 0 -55 0 0 -55 55 55 0 -55 55 55 55 0 0 0 0 0 0 0
24200 0 -55 0 0 55 -55 55 0 -55 55 55 55 0 0 0 0 0 0 0
24200 0 55 0 0 -55 -55 55 0 -55 55 55 55 0 0 0 0 0 0 0
24200 0 -55 0 0 55 55 -55 0 -55 55 55 55 0 0 0 0 0 0 0
24200 0 55 0 0 -55 55 -55 0 -55 55 55 55 0 0 0 0 0 0 0
24200 0 55 0 0 55 -55 -55 0 -55 55 55 55 0 0 0 0 0 0 0
24200 0 -55 0 0 -55 -55 -55 0 -55 55 55 55 0 0 0 0 0 0 0
24200 0 55 0 0 55 55 55 0 55 -55 55 55 0 0 0 0 0 0 0
24200 0 -55 0 0 -55 55 55 0 55 -55 55 55 0 0 0 0 0 0 0
24200 0 -55 0 0 55 -55 55 0 55 -55 55 55 0 0 0 0 0 0 0
24200 0 55 0 0 -55 -55 55 0 55 -55 55 55 0 0 0 0 0 0 0
24200 0 -55 0 0 55 55 -55 0 55 -55 55 55 0 0 0 0 0 0 0
24200 0 55 0 0 -55 55 -55 0 55 -55 55 55 0 0 0 0 0 0 0
24200 0 55 0 0 55 -55 -55 0 55 -55 55 55 0 0 0 0 0 0 0
24200 0 -55 0 0 -55 -55 -55 0 55 -55 55 55 0 0 0 0 0 0 0
24200 0 -55 0 0 55 55 55 0 -55 -55 55 55 0 0 0 0 0 0 0
24200 0 55 0 0 -55 55 55 0 -55 -55 55 55 0 0 0 0 0 0 0
24200 0 55 0 0 55 -55 55 0 -55 -55 55 55 0 0 0 0 0 0 0
24200 0 -55 0 0 -55 -55 55 0 -55 -55 55 55 0 0 0 0 0 0 0
24200 0 55 0 0 55 55 -55 0 -55 -55 55 55 0 0 0 0 0 0 0
24200 0 -55 0 0 -55 55 -55 0 -55 -55 55 55 0 0 0 0 0 0 0
24200 0 -55 0 0 55 -55 -55 0 -55 -55 55 55 0 0 0 0 0 0 0
24200 0 55 0 0 -55 -55 -55 0 -55 -55 55 55 0 0 0 0 0 0 0
24200 0 55 0 0 55 55 55 0 55 55 -55 55 0 0 0 0 0 0 0
24200 0 -55 0 0 -55 55 55 0 55 55 -55 55 0 0 0 0 0 0 0
24200 0 -55 0 0 55 -55 55 0 55 55 -55 55 0 0 0 0 0 0 0
24200 0 55 0 0 -55 -55 55 0 55 55 -55 55 0 0 0 0 0 0 0
24200 0 -55 0 0 55 55 -55 0 55 55 -55 55 0 0 0 0 0 0 0
24200 0 55 0 0 -55 55 -55 0 55 55 -55 55 0 0 0 0 0 0 0
24200 0 55 0 0 55 -55 -55 0 55 55 -55 55 0 0 0 0 0 0 0
24200 0 -55 0 0 -55 -55 -55 0 55 55 -55 55 0 0 0 0 0 0 0
24200 0 -55 0 0 55 55 55 0 -55 55 -55 55 0 0 0 0 0 0 0
24200 0 55 0 0 -55 55 55 0 -55 55 -55 55 0 0 0 0 0 0 0
24200 0 55 0 0 55 -55 55 0 -55 55 -55 55 0 0 0 0 0 0 0
24200 0 -55 0 0 -55 -55 55 0 -55 55 -55 55 0 0 0 0 0 0 0
24200 0 55 0 0 55 55 -55 0 -55 55 -55 55 0 0 0 0 0 0 0
24200 0 -55 0 0 -55 55 -55 0 -55 55 -55 55 0 0 0 0 0 0 0
24200 0 -55 0 0 55 -55 -55 0 -55 55 -55 55 0 0 0 0 0 0 0
24200 0 55 0 0 -55 -55 -55 0 -55 55 -55 55 0 0 0 0 0 0 0
24200 0 -55 0 0 55 55 55 0 55 -55 -55 55 0 0 0 0 0 0 0
24200 0 55 0 0 -55 55 55 0 55 -55 -55 55 0 0 0 0 0 0 0
24200 0 55 0 0 55 -55 55 0 55 -55 -55 55 0 0 0 0 0 0 0
24200 0 -55 0 0 -55 -55 55 0 55 -55 -55 55 0 0 0 0 0 0 0
24200 0 55 0 0 55 55 -55 0 55 -55 -55 55 0 0 0 0 0 0 0
24200 0 -55 0 0 -55 55 -55 0 55 -55 -55 55 0 0 0 0 0 0 0
24200 0 -55 0 0 55 -55 -55 0 55 -55 -55 55 0 0 0 0 0 0 0
24200 0 55 0 0 -55 -55 -55 0 55 -55 -55 55 0 0 0 0 0 0 0
24200 0 55 0 0 55 55 55 0 -55 -55 -55 55 0 0 0 0 0 0 0
24200 0 -55 0 0 -55 55 55 0 -55 -55 -55 55 0 0 0 0 0 0 0
24200 0 -55 0 0 55 -55 55 0 -55 -55 -55 55 0 0 0 0 0 0 0
24200 0 55 0 0 -55 -55 55 0 -55 -55 -55 55 0 0 0 0 0 0 0
24200 0 -55 0 0 55 55 -55 0 -55 -55 -55 55 0 0 0 0 0 0 0
24200 0 55 0 0 -55 55 -55 0 -55 -55 -55 55 0 0 0 0 0 0 0
24200 0 55 0 0 55 -55 -55 0 -55 -55 -55 55 0 0 0 0 0 0 0
24200 0 -55 0 0 -55 -55 -55 0 -55 -55 -55 55 0 0 0 0 0 0 0
24200 0 55 0 0 55 55 55 0 55 55 55 -55 0 0 0 0 0 0 0
24200 0 -55 0 0 -55 55 55 0 55 55 55 -55 0 0 0 0 0 0 0
24200 0 -55 0 0 55 -55 55 0 55 55 55 -55 0 0 0 0 0 0 0
24200 0 55 0 0 -55 -55 55 0 55 55 55 -55 0 0 0 0 0 0 0
24200 0 -55 0 0 55 55 -55 0 55 55 55 -55 0 0 0 0 0 0 0
24200 0 55 0 0 -55 55 -55 0 55 55 55 -55 0 0 0 0 0 0 0
24200 0 55 0 0 55 -55 -55 0 55 55 55 -55 0 0 0 0 0 0 0
24200 0 -55 0 0 -55 -55 -55 0 55 55 55 -55 0 0 0 0 0 0 0
24200 0 -55 0 0 55 55 55 0 -55 55 55 -55 0 0 0 0 0 0 0
24200 0 55 0 0 -55 55 55 0 -55 55 55 -55 0 0 0 0 0 0 0
24200 0 55 0 0 55 -55 55 0 -55 55 55 -55 0 0 0 0 0 0 0
24200 0 -55 0 0 -55 -55 55 0 -55 55 55 -55 0 0 0 0 0 0 0
24200 0 55 0 0 55 55 -55 0 -55 55 55 -55 0 0 0 0 0 0 0
24200 0 -55 0 0 -55 55 -55 0 -55 55 55 -55 0 0 0 0 0 0 0
24200 0 -55 0 0 55 -55 -55 0 -55 55 55 -55 0 0 0 0 0 0 0
24200 0 55 0 0 -55 -55 -55 0 -55 55 55 -55 0 0 0 0 0 0 0
24200 0 -55 0 0 55 55 55 0 55 -55 55 -55 0 0 0 0 0 0 0
24200 0 55 0 0 -55 55 55 0 55 -55 55 -55 0 0 0 0 0 0 0
24200 0 55 0 0 55 -55 55 0 55 -55 55 -55 0 0 0 0 0 0 0
24200 0 -55 0 0 -55 -55 55 0 55 -55 55 -55 0 0 0 0 0 0 0
24200 0 55 0 0 55 55 -55 0 55 -55 55 -55 0 0 0 0 0 0 0
24200 0 -55 0 0 -55 55 -55 0 55 -55 55 -55 0 0 0 0 0 0 0
24200 0 -55 0 0 55 -55 -55 0 55 -55 55 -55 0 0 0 0 0 0 0
24200 0 55 0 0 -55 -55 -55 0 55 -55 55 -55 0 0 0 0 0 0 0
24200 0 55 0 0 55 55 55 0 -55 -55 55 -55 0 0 0 0 0 0 0
24200 0 -55 0 0 -55 55 55 0 -55 -55 55 -55 0 0 0 0 0 0 0
24200 0 -55 0 0 55 -55 55 0 -55 -55 55 -55 0 0 0 0 0 0 0
24200 0 55 0 0 -55 -55 55 0 -55 -55 55 -55 0 0 0 0 0 0 0
24200 0 -55 0 0 55 55 -55 0 -55 -55 55 -55 0 0 0 0 0 0 0
24200 0 55 0 0 -55 55 -55 0 -55 -55 55 -55 0 0 0 0 0 0 0
24200 0 55 0 0 55 -55 -55 0 -55 -55 55 -55 0 0 0 0 0 0 0
24200 0 -55 0 0 -55 -55 -55 0 -55 -55 55 -55 0 0 0 0 0 0 0
24200 0 -55 0 0 55 55 55 0 55 55 -55 -55 0 0 0 0 0 0 0
24200 0 55 0 0 -55 55 55 0 55 55 -55 -55 0 0 0 0 0 0 0
24200 0 55 0 0 55 -55 55 0 55 55 -55 -55 0 0 0 0 0 0 0
24200 0 -55 0 0 -55 -55 55 0 55 55 -55 -55 0 0 0 0 0 0 0
24200 0 55 0 0 55 55 -55 0 55 55 -55 -55 0 0 0 0 0 0 0
24200 0 -55 0 0 -55 55 -55 0 55 55 -55 -55 0 0 0 0 0 0 0
24200 0 -55 0 0 55 -55 -55 0 55 55 -55 -55 0 0 0 0 0 0 0
24200 0 55 0 0 -55 -55 -55 0 55 55 -55 -55 0 0 0 0 0 0 0
24200 0 55 0 0 55 55 55 0 -55 55 -55 -55 0 0 0 0 0 0 0
24200 0 -55 0 0 -55 55 55 0 -55 55 -55 -55 0 0 0 0 0 0 0
24200 0 -55 0 0 55 -55 55 0 -55 55 -55 -55 0 0 0 0 0 0 0
24200 0 55 0 0 -55 -55 55 0 -55 55 -55 -55 0 0 0 0 0 0 0
24200 0 -55 0 0 55 55 -55 0 -55 55 -55 -55 0 0 0 0 0 0 0
24200 0 55 0 0 -55 55 -55 0 -55 55 -55 -55 0 0 0 0 0 0 0
24200 0 55 0 0 55 -55 -55 0 -55 55 -55 -55 0 0 0 0 0 0 0
24200 0 -55 0 0 -55 -55 -55 0 -55 55 -55 -55 0 0 0 0 0 0 0
24200 0 55 0 0 55 55 55 0 55 -55 -55 -55 0 0 0 0 0 0 0
24200 0 -55 0 0 -55 55 55 0 55 -55 -55 -55 0 0 0 0 0 0 0
24200 0 -55 0 0 55 -55 55 0 55 -55 -55 -55 0 0 0 0 0 0 0
24200 0 55 0 0 -55 -55 55 0 55 -55 -55 -55 0 0 0 0 0 0 0
24200 0 -55 0 0 55 55 -55 0 55 -55 -55 -55 0 0 0 0 0 0 0
24200 0 55 0 0 -55 55 -55 0 55 -55 -55 -55 0 0 0 0 0 0 0
24200 0 55 0 0 55 -55 -55 0 55 -55 -55 -55 0 0 0 0 0 0 0
24200 0 -55 0 0 -55 -55 -55 0 55 -55 -55 -55 0 0 0 0 0 0 0
24200 0 -55 0 0 55 55 55 0 -55 -55 -55 -55 0 0 0 0 0 0 0
24200 0 55 0 0 -55 55 55 0 -55 -55 -55 -55 0 0 0 0 0 0 0
24200 0 55 0 0 55 -55 55 0 -55 -55 -55 -55 0 0 0 0 0 0 0
24200 0 -55 0 0 -55 -55 55 0 -55 -55 -55 -55 0 0 0 0 0 0 0
24200 0 55 0 0 55 55 -55 0 -55 -55 -55 -55 0 0 0 0 0 0 0
24200 0 -55 0 0 -55 55 -55 0 -55 -55 -55 -55 0 0 0 0 0 0 0
24200 0 -55 0 0 55 -55 -55 0 -55 -55 -55 -55 0 0 0 0 0 0 0
24200 0 55 0 0 -55 -55 -55 0 -55 -55 -55 -55 0 0 0 0 0 0 0
24200 55 0 55 0 0 55 55 55 0 0 0 0 55 0 0 0 -55 -55 0
24200 -55 0 -55 0 0 55 55 55 0 0 0 0 55 0 0 0 -55 -55 0
24200 55 0 55 0 0 55 55 55 0 0 0 0 55 0 0 0 55 55 0
24200 -55 0 -55 0 0 55 55 55 0 0 0 0 55 0 0 0 55 55 0
24200 -55 0 55 0 0 -55 55 55 0 0 0 0 55 0 0 0 -55 -55 0
24200 55 0 -55 0 0 -55 55 55 0 0 0 0 55 0 0 0 -55 -55 0
24200 -55 0 55 0 0 -55 55 55 0 0 0 0 55 0 0 0 55 55 0
24200 55 0 -55 0 0 -55 55 55 0 0 0 0 55 0 0 0 55 55 0
24200 -55 0 55 0 0 55 -55 55 0 0 0 0 55 0 0 0 -55 -55 0
24200 55 0 -55 0 0 55 -55 55 0 0 0 0 55 0 0 0 -55 -55 0
24200 -55 0 55 0 0 55 -55 55 0 0 0 0 55 0 0 0 55 55 0
24200 55 0 -55 0 0 55 -55 55 0 0 0 0 55 0 0 0 55 55 0
24200 55 0 55 0 0 -55 -55 55 0 0 0 0 55 0 0 0 -55 -55 0
24200 -55 0 -55 0 0 -55 -55 55 0 0 0 0 55 0 0 0 -55 -55 0
24200 55 0 55 0 0 -55 -55 55 0 0 0 0 55 0 0 0 55 55 0
24200 -55 0 -55 0 0 -55 -55 55 0 0 0 0 55 0 0 0 55 55 0
24200 -55 0 55 0 0 55 55 -55 0 0 0 0 55 0 0 0 -55 -55 0
24200 55 0 -55 0 0 55 55 -55 0 0 0 0 55 0 0 0 -55 -55 0
24200 -55 0 55 0 0 55 55 -55 0 0 0 0 55 0 0 0 55 55 0
24200 55 0 -55 0 0 55 55 -55 0 0 0 0 55 0 0 0 55 55 0
24200 55 0 55 0 0 -55 55 -55 0 0 0 0 55 0 0 0 -55 -55 0
24200 -55 0 -55 0 0 -55 55 -55 0 0 0 0 55 0 0 0 -55 -55 0
24200 55 0 55 0 0 -55 55 -55 0 0 0 0 55 0 0 0 55 55 0
24200 -55 0 -55 0 0 -55 55 -55 0 0 0 0 55 0 0 0 55 55 0
24200 55 0 55 0 0 55 -55 -55 0 0 0 0 55 0 0 0 -55 -55 0
24200 -55 0 -55 0 0 55 -55 -55 0 0 0 0 55 0 0 0 -55 -55 0
24200 55 0 55 0 0 55 -55 -55 0 0 0 0 55 0 0 0 55 55 0
24200 -55 0 -55 0 0 55 -55 -55 0 0 0 0 55 0 0 0 55 55 0
24200 -55 0 55 0 0 -55 -55 -55 0 0 0 0 55 0 0 0 -55 -55 0
24200 55 0 -55 0 0 -55 -55 -55 0 0 0 0 55 0 0 0 -55 -55 0
24200 -55 0 55 0 0 -55 -55 -55 0 0 0 0 55 0 0 0 55 55 0
24200 55 0 -55 0 0 -55 -55 -55 0 0 0 0 55 0 0 0 55 55 0
24200 -55 0 55 0 0 55 55 55 0 0 0 0 -55 0 0 0 -55 -55 0
24200 55 0 -55 0 0 55 55 55 0 0 0 0 -55 0 0 0 -55 -55 0
24200 -55 0 55 0 0 55 55 55 0 0 0 0 -55 0 0 0 55 55 0
24200 55 0 -55 0 0 55 55 55 0 0 0 0 -55 0 0 0 55 55 0
24200 55 0 55 0 0 -55 55 55 0 0 0 0 -55 0 0 0 -55 -55 0
24200 -55 0 -55 0 0 -55 55 55 0 0 0 0 -55 0 0 0 -55 -55 0
24200 55 0 55 0 0 -55 55 55 0 0 0 0 -55 0 0 0 55 55 0
24200 -55 0 -55 0 0 -55 55 55 0 0 0 0 -55 0 0 0 55 55 0
24200 55 0 55 0 0 55 -55 55 0 0 0 0 -55 0 0 0 -55 -55 0
24200 -55 0 -55 0 0 55 -55 55 0 0 0 0 -55 0 0 0 -55 -55 0
24200 55 0 55 0 0 55 -55 55 0 0 0 0 -55 0 0 0 55 55 0
24200 -55 0 -55 0 0 55 -55 55 0 0 0 0 -55 0 0 0 55 55 0
24200 -55 0 55 0 0 -55 -55 55 0 0 0 0 -55 0 0 0 -55 -55 0
24200 55 0 -55 0 0 -55 -55 55 0 0 0 0 -55 0 0 0 -55 -55 0
24200 -55 0 55 0 0 -55 -55 55 0 0 0 0 -55 0 0 0 55 55 0
24200 55 0 -55 0 0 -55 -55 55 0 0 0 0 -55 0 0 0 55 55 0
24200 55 0 55 0 0 55 55 -55 0 0 0 0 -55 0 0 0 -55 -55 0
24200 -55 0 -55 0 0 55 55 -55 0 0 0 0 -55 0 0 0 -55 -55 0
24200 55 0 55 0 0 55 55 -55 0 0 0 0 -55 0 0 0 55 55 0
24200 -55 0 -55 0 0 55 55 -55 0 0 0 0 -55 0 0 0 55 55 0
24200 -55 0 55 0 0 -55 55 -55 0 0 0 0 -55 0 0 0 -55 -55 0
24200 55 0 -55 0 0 -55 55 -55 0 0 0 0 -55 0 0 0 -55 -55 0
24200 -55 0 55 0 0 -55 55 -55 0 0 0 0 -55 0 0 0 55 55 0
24200 55 0 -55 0 0 -55 55 -55 0 0 0 0 -55 0 0 0 55 55 0
24200 -55 0 55 0 0 55 -55 -55 0 0 0 0 -55 0 0 0 -55 -55 0
24200 55 0 -55 0 0 55 -55 -55 0 0 0 0 -55 0 0 0 -55 -55 0
24200 -55 0 55 0 0 55 -55 -55 0 0 0 0 -55 0 0 0 55 55 0
24200 55 0 -55 0 0 55 -55 -55 0 0 0 0 -55 0 0 0 55 55 0
24200 55 0 55 0 0 -55 -55 -55 0 0 0 0 -55 0 0 0 -55 -55 0
24200 -55 0 -55 0 0 -55 -55 -55 0 0 0 0 -55 0 0 0 -55 -55 0
24200 55 0 55 0 0 -55 -55 -55 0 0 0 0 -55 0 0 0 55 55 0
24200 -55 0 -55 0 0 -55 -55 -55 0 0 0 0 -55 0 0 0 55 55 0
24200 0 55 0 0 55 55 0 55 55 0 0 0 55 0 0 0 -55 0 55
24200 0 -55 0 0 -55 55 0 55 55 0 0 0 55 0 0 0 -55 0 55
24200 0 55 0 0 55 55 0 55 55 0 0 0 55 0 0 0 55 0 -55
24200 0 -55 0 0 -55 55 0 55 55 0 0 0 55 0 0 0 55 0 -55
24200 0 -55 0 0 55 -55 0 55 55 0 0 0 55 0 0 0 -55 0 55
24200 0 55 0 0 -55 -55 0 55 55 0 0 0 55 0 0 0 -55 0 55
24200 0 -55 0 0 55 -55 0 55 55 0 0 0 55 0 0 0 55 0 -55
24200 0 55 0 0 -55 -55 0 55 55 0 0 0 55 0 0 0 55 0 -55
24200 0 -55 0 0 55 55 0 -55 55 0 0 0 55 0 0 0 -55 0 55
24200 0 55 0 0 -55 55 0 -55 55 0 0 0 55 0 0 0 -55 0 55
24200 0 -55 0 0 55 55 0 -55 55 0 0 0 55 0 0 0 55 0 -55
24200 0 55 0 0 -55 55 0 -55 55 0 0 0 55 0 0 0 55 0 -55
24200 0 55 0 0 55 -55 0 -55 55 0 0 0 55 0 0 0 -55 0 55
24200 0 -55 0 0 -55 -55 0 -55 55 0 0 0 55 0 0 0 -55 0 55
24200 0 55 0 0 55 -55 0 -55 55 0 0 0 55 0 0 0 55 0 -55
24200 0 -55 0 0 -55 -55 0 -55 55 0 0 0 55 0 0 0 55 0 -55
24200 0 -55 0 0 55 55 0 55 -55 0 0 0 55 0 0 0 -55 0 55
24200 0 55 0 0 -55 55 0 55 -55 0 0 0 55 0 0 0 -55 0 55
24200 0 -55 0 0 55 55 0 55 -55 0 0 0 55 0 0 0 55 0 -55
24200 0 55 0 0 -55 55 0 55 -55 0 0 0 55 0 0 0 55 0 -55
24200 0 55 0 0 55 -55 0 55 -55 0 0 0 55 0 0 0 -55 0 55
24200 0 -55 0 0 -55 -55 0 55 -55 0 0 0 55 0 0 0 -55 0 55
24200 0 55 0 0 55 -55 0 55 -55 0 0 0 55 0 0 0 55 0 -55
24200 0 -55 0 0 -55 -55 0 55 -55 0 0 0 55 0 0 0 55 0 -55
24200 0 55 0 0 55 55 0 -55 -55 0 0 0 55 0 0 0 -55 0 55
24200 0 -55 0 0 -55 55 0 -55 -55 0 0 0 55 0 0 0 -55 0 55
24200 0 55 0 0 55 55 0 -55 -55 0 0 0 55 0 0 0 55 0 -55
24200 0 -55 0 0 -55 55 0 -55 -55 0 0 0 55 0 0 0 55 0 -55
24200 0 -55 0 0 55 -55 0 -55 -55 0 0 0 55 0 0 0 -55 0 55
24200 0 55 0 0 -55 -55 0 -55 -55 0 0 0 55 0 0 0 -55 0 55
24200 0 -55 0 0 55 -55 0 -55 -55 0 0 0 55 0 0 0 55 0 -55
24200 0 55 0 0 -55 -55 0 -55 -55 0 0 0 55 0 0 0 55 0 -55
24200 0 -55 0 0 55 55 0 55 55 0 0 0 -55 0 0 0 -55 0 55
24200 0 55 0 0 -55 55 0 55 55 0 0 0 -55 0 0 0 -55 0 55
24200 0 -55 0 0 55 55 0 55 55 0 0 0 -55 0 0 0 55 0 -55
24200 0 55 0 0 -55 55 0 55 55 0 0 0 -55 0 0 0 55 0 -55
24200 0 55 0 0 55 -55 0 55 55 0 0 0 -55 0 0 0 -55 0 55
24200 0 -55 0 0 -55 -55 0 55 55 0 0 0 -55 0 0 0 -55 0 55
24200 0 55 0 0 55 -55 0 55 55 0 0 0 -55 0 0 0 55 0 -55
24200 0 -55 0 0 -55 -55 0 55 55 0 0 0 -55 0 0 0 55 0 -55
24200 0 55 0 0 55 55 0 -55 55 0 0 0 -55 0 0 0 -55 0 55
24200 0 -55 0 0 -55 55 0 -55 55 0 0 0 -55 0 0 0 -55 0 55
24200 0 55 0 0 55 55 0 -55 55 0 0 0 -55 0 0 0 55 0 -55
24200 0 -55 0 0 -55 55 0 -55 55 0 0 0 -55 0 0 0 55 0 -55
24200 0 -55 0 0 55 -55 0 -55 55 0 0 0 -55 0 0 0 -55 0 55
24200 0 55 0 0 -55 -55 0 -55 55 0 0 0 -55 0 0 0 -55 0 55
24200 0 -55 0 0 55 -55 0 -55 55 0 0 0 -55 0 0 0 55 0 -55
24200 0 55 0 0 -55 -55 0 -55 55 0 0 0 -55 0 0 0 55 0 -55
24200 0 55 0 0 55 55 0 55 -55 0 0 0 -55 0 0 0 -55 0 55
24200 0 -55 0 0 -55 55 0 55 -55 0 0 0 -55 0 0 0 -55 0 55
24200 0 55 0 0 55 55 0 55 -55 0 0 0 -55 0 0 0 55 0 -55
24200 0 -55 0 0 -55 55 0 55 -55 0 0 0 -55 0 0 0 55 0 -55
24200 0 -55 0 0 55 -55 0 55 -55 0 0 0 -55 0 0 0 -55 0 55
24200 0 55 0 0 -55 -55 0 55 -55 0 0 0 -55 0 0 0 -55 0 55
24200 0 -55 0 0 55 -55 0 55 -55 0 0 0 -55 0 0 0 55 0 -55
24200 0 55 0 0 -55 -55 0 55 -55 0 0 0 -55 0 0 0 55 0 -55
24200 0 -55 0 0 55 55 0 -55 -55 0 0 0 -55 0 0 0 -55 0 55
24200 0 55 0 0 -55 55 0 -55 -55 0 0 0 -55 0 0 0 -55 0 55
24200 0 -55 0 0 55 55 0 -55 -55 0 0 0 -55 0 0 0 55 0 -55
24200 0 55 0 0 -55 55 0 -55 -55 0 0 0 -55 0 0 0 55 0 -55
24200 0 55 0 0 55 -55 0 -55 -55 0 0 0 -55 0 0 0 -55 0 55
24200 0 -55 0 0 -55 -55 0 -55 -55 0 0 0 -55 0 0 0 -55 0 55
24200 0 55 0 0 55 -55 0 -55 -55 0 0 0 -55 0 0 0 55 0 -55
24200 0 -55 0 0 -55 -55 0 -55 -55 0 0 0 -55 0 0 0 55 0 -55
24200 0 55 0 55 0 55 55 0 0 55 0 0 55 0 0 0 0 -55 -55
24200 0 55 0 55 0 55 55 0 0 55 0 0 55 0 0 0 0 55 55
24200 0 -55 0 -55 0 55 55 0 0 55 0 0 55 0 0 0 0 -55 -55
24200 0 -55 0 -55 0 55 55 0 0 55 0 0 55 0 0 0 0 55 55
24200 0 -55 0 55 0 -55 55 0 0 55 0 0 55 0 0 0 0 -55 -55
24200 0 -55 0 55 0 -55 55 0 0 55 0 0 55 0 0 0 0 55 55
24200 0 55 0 -55 0 -55 55 0 0 55 0 0 55 0 0 0 0 -55 -55
24200 0 55 0 -55 0 -55 55 0 0 55 0 0 55 0 0 0 0 55 55
24200 0 -55 0 55 0 55 -55 0 0 55 0 0 55 0 0 0 0 -55 -55
24200 0 -55 0 55 0 55 -55 0 0 55 0 0 55 0 0 0 0 55 55
24200 0 55 0 -55 0 55 -55 0 0 55 0 0 55 0 0 0 0 -55 -55
24200 0 55 0 -55 0 55 -55 0 0 55 0 0 55 0 0 0 0 55 55
24200 0 55 0 55 0 -55 -55 0 0 55 0 0 55 0 0 0 0 -55 -55
24200 0 55 0 55 0 -55 -55 0 0 55 0 0 55 0 0 0 0 55 55
24200 0 -55 0 -55 0 -55 -55 0 0 55 0 0 55 0 0 0 0 -55 -55
24200 0 -55 0 -55 0 -55 -55 0 0 55 0 0 55 0 0 0 0 55 55
24200 0 -55 0 55 0 55 55 0 0 -55 0 0 55 0 0 0 0 -55 -55
24200 0 -55 0 55 0 55 55 0 0 -55 0 0 55 0 0 0 0 55 55
24200 0 55 0 -55 0 55 55 0 0 -55 0 0 55 0 0 0 0 -55 -55
24200 0 55 0 -55 0 55 55 0 0 -55 0 0 55 0 0 0 0 55 55
24200 0 55 0 55 0 -55 55 0 0 -55 0 0 55 0 0 0 0 -55 -55
24200 0 55 0 55 0 -55 55 0 0 -55 0 0 55 0 0 0 0 55 55
24200 0 -55 0 -55 0 -55 55 0 0 -55 0 0 55 0 0 0 0 -55 -55
24200 0 -55 0 -55 0 -55 55 0 0 -55 0 0 55 0 0 0 0 55 55
24200 0 55 0 55 0 55 -55 0 0 -55 0 0 55 0 0 0 0 -55 -55
24200 0 55 0 55 0 55 -55 0 0 -55 0 0 55 0 0 0 0 55 55
24200 0 -55 0 -55 0 55 -55 0 0 -55 0 0 55 0 0 0 0 -55 -55
24200 0 -55 0 -55 0 55 -55 0 0 -55 0 0 55 0 0 0 0 55 55
24200 0 -55 0 55 0 -55 -55 0 0 -55 0 0 55 0 0 0 0 -55 -55
24200 0 -55 0 55 0 -55 -55 0 0 -55 0 0 55 0 0 0 0 55 55
24200 0 55 0 -55 0 -55 -55 0 0 -55 0 0 55 0 0 0 0 -55 -55
24200 0 55 0 -55 0 -55 -55 0 0 -55 0 0 55 0 0 0 0 55 55
24200 0 -55 0 55 0 55 55 0 0 55 0 0 -55 0 0 0 0 -55 -55
24200 0 -55 0 55 0 55 55 0 0 55 0 0 -55 0 0 0 0 55 55
24200 0 55 0 -55 0 55 55 0 0 55 0 0 -55 0 0 0 0 -55 -55
24200 0 55 0 -55 0 55 55 0 0 55 0 0 -55 0 0 0 0 55 55
24200 0 55 0 55 0 -55 55 0 0 55 0 0 -55 0 0 0 0 -55 -55
24200 0 55 0 55 0 -55 55 0 0 55 0 0 -55 0 0 0 0 55 55
24200 0 -55 0 -55 0 -55 55 0 0 55 0 0 -55 0 0 0 0 -55 -55
24200 0 -55 0 -55 0 -55 55 0 0 55 0 0 -55 0 0 0 0 55 55
24200 0 55 0 55 0 55 -55 0 0 55 0 0 -55 0 0 0 0 -55 -55
24200 0 55 0 55 0 55 -55 0 0 55 0 0 -55 0 0 0 0 55 55
24200 0 -55 0 -55 0 55 -55 0 0 55 0 0 -55 0 0 0 0 -55 -55
24200 0 -55 0 -55 0 55 -55 0 0 55 0 0 -55 0 0 0 0 55 55
24200 0 -55 0 55 0 -55 -55 0 0 55 0 0 -55 0 0 0 0 -55 -55
24200 0 -55 0 55 0 -55 -55 0 0 55 0 0 -55 0 0 0 0 55 55
24200 0 55 0 -55 0 -55 -55 0 0 55 0 0 -55 0 0 0 0 -55 -55
24200 0 55 0 -55 0 -55 -55 0 0 55 0 0 -55 0 0 0 0 55 55
24200 0 55 0 55 0 55 55 0 0 -55 0 0 -55 0 0 0 0 -55 -55
24200 0 55 0 55 0 55 55 0 0 -55 0 0 -55 0 0 0 0 55 55
24200 0 -55 0 -55 0 55 55 0 0 -55 0 0 -55 0 0 0 0 -55 -55
24200 0 -55 0 -55 0 55 55 0 0 -55 0 0 -55 0 0 0 0 55 55
24200 0 -55 0 55 0 -55 55 0 0 -55 0 0 -55 0 0 0 0 -55 -55
24200 0 -55 0 55 0 -55 55 0 0 -55 0 0 -55 0 0 0 0 55 55
24200 0 55 0 -55 0 -55 55 0 0 -55 0 0 -55 0 0 0 0 -55 -55
24200 0 55 0 -55 0 -55 55 0 0 -55 0 0 -55 0 0 0 0 55 55
24200 0 -55 0 55 0 55 -55 0 0 -55 0 0 -55 0 0 0 0 -55 -55
24200 0 -55 0 55 0 55 -55 0 0 -55 0 0 -55 0 0 0 0 55 55
24200 0 55 0 -55 0 55 -55 0 0 -55 0 0 -55 0 0 0 0 -55 -55
24200 0 55 0 -55 0 55 -55 0 0 -55 0 0 -55 0 0 0 0 55 55
24200 0 55 0 55 0 -55 -55 0 0 -55 0 0 -55 0 0 0 0 -55 -55
24200 0 55 0 55 0 -55 -55 0 0 -55 0 0 -55 0 0 0 0 55 55
24200 0 -55 0 -55 0 -55 -55 0 0 -55 0 0 -55 0 0 0 0 -55 -55
24200 0 -55 0 -55 0 -55 -55 0 0 -55 0 0 -55 0 0 0 0 55 55
24200 -55 0 55 55 55 55 0 0 55 55 0 0 55 0 0 0 0 0 0
24200 55 0 -55 55 55 55 0 0 55 55 0 0 55 0 0 0 0 0 0
24200 55 0 55 -55 55 55 0 0 55 55 0 0 55 0 0 0 0 0 0
24200 -55 0 -55 -55 55 55 0 0 55 55 0 0 55 0 0 0 0 0 0
24200 55 0 55 55 -55 55 0 0 55 55 0 0 55 0 0 0 0 0 0
24200 -55 0 -55 55 -55 55 0 0 55 55 0 0 55 0 0 0 0 0 0
24200 -55 0 55 -55 -55 55 0 0 55 55 0 0 55 0 0 0 0 0 0
24200 55 0 -55 -55 -55 55 0 0 55 55 0 0 55 0 0 0 0 0 0
24200 55 0 55 55 55 -55 0 0 55 55 0 0 55 0 0 0 0 0 0
24200 -55 0 -55 55 55 -55 0 0 55 55 0 0 55 0 0 0 0 0 0
24200 -55 0 55 -55 55 -55 0 0 55 55 0 0 55 0 0 0 0 0 0
24200 55 0 -55 -55 55 -55 0 0 55 55 0 0 55 0 0 0 0 0 0
24200 -55 0 55 55 -55 -55 0 0 55 55 0 0 55 0 0 0 0 0 0
24200 55 0 -55 55 -55 -55 0 0 55 55 0 0 55 0 0 0 0 0 0
24200 55 0 55 -55 -55 -55 0 0 55 55 0 0 55 0 0 0 0 0 0
24200 -55 0 -55 -55 -55 -55 0 0 55 55 0 0 55 0 0 0 0 0 0
24200 55 0 55 55 55 55 0 0 -55 55 0 0 55 0 0 0 0 0 0
24200 -55 0 -55 55 55 55 0 0 -55 55 0 0 55 0 0 0 0 0 0
24200 -55 0 55 -55 55 55 0 0 -55 55 0 0 55 0 0 0 0 0 0
24200 55 0 -55 -55 55 55 0 0 -55 55 0 0 55 0 0 0 0 0 0
24200 -55 0 55 55 -55 55 0 0 -55 55 0 0 55 0 0 0 0 0 0
24200 55 0 -55 55 -55 55 0 0 -55 55 0 0 55 0 0 0 0 0 0
24200 55 0 55 -55 -55 55 0 0 -55 55 0 0 55 0 0 0 0 0 0
24200 -55 0 -55 -55 -55 55 0 0 -55 55 0 0 55 0 0 0 0 0 0
24200 -55 0 55 55 55 -55 0 0 -55 55 0 0 55 0 0 0 0 0 0
24200 55 0 -55 55 55 -55 0 0 -55 55 0 0 55 0 0 0 0 0 0
24200 55 0 55 -55 55 -55 0 0 -55 55 0 0 55 0 0 0 0 0 0
24200 -55 0 -55 -55 55 -55 0 0 -55 55 0 0 55 0 0 0 0 0 0
24200 55 0 55 55 -55 -55 0 0 -55 55 0 0 55 0 0 0 0 0 0
24200 -55 0 -55 55 -55 -55 0 0 -55 55 0 0 55 0 0 0 0 0 0
24200 -55 0 55 -55 -55 -55 0 0 -55 55 0 0 55 0 0 0 0 0 0
24200 55 0 -55 -55 -55 -55 0 0 -55 55 0 0 55 0 0 0 0 0 0
24200 55 0 55 55 55 55 0 0 55 -55 0 0 55 0 0 0 0 0 0
24200 -55 0 -55 55 55 55 0 0 55 -55 0 0 55 0 0 0 0 0 0
24200 -55 0 55 -55 55 55 0 0 55 -55 0 0 55 0 0 0 0 0 0
24200 55 0 -55 -55 55 55 0 0 55 -55 0 0 55 0 0 0 0 0 0
24200 -55 0 55 55 -55 55 0 0 55 -55 0 0 55 0 0 0 0 0 0
24200 55 0 -55 55 -55 55 0 0 55 -55 0 0 55 0 0 0 0 0 0
24200 55 0 55 -55 -55 55 0 0 55 -55 0 0 55 0 0 0 0 0 0
24200 -55 0 -55 -55 -55 55 0 0 55 -55 0 0 55 0 0 0 0 0 0
24200 -55 0 55 55 55 -55 0 0 55 -55 0 0 55 0 0 0 0 0 0
24200 55 0 -55 55 55 -55 0 0 55 -55 0 0 55 0 0 0 0 0 0
24200 55 0 55 -55 55 -55 0 0 55 -55 0 0 55 0 0 0 0 0 0
24200 -55 0 -55 -55 55 -55 0 0 55 -55 0 0 55 0 0 0 0 0 0
24200 55 0 55 55 -55 -55 0 0 55 -55 0 0 55 0 0 0 0 0 0
24200 -55 0 -55 55 -55 -55 0 0 55 -55 0 0 55 0 0 0 0 0 0
24200 -55 0 55 -55 -55 -55 0 0 55 -55 0 0 55 0 0 0 0 0 0
24200 55 0 -55 -55 -55 -55 0 0 55 -55 0 0 55 0 0 0 0 0 0
24200 -55 0 55 55 55 55 0 0 -55 -55 0 0 55 0 0 0 0 0 0
24200 55 0 -55 55 55 55 0 0 -55 -55 0 0 55 0 0 0 0 0 0
24200 55 0 55 -55 55 55 0 0 -55 -55 0 0 55 0 0 0 0 0 0
24200 -55 0 -55 -55 55 55 0 0 -55 -55 0 0 55 0 0 0 0 0 0
24200 55 0 55 55 -55 55 0 0 -55 -55 0 0 55 0 0 0 0 0 0
24200 -55 0 -55 55 -55 55 0 0 -55 -55 0 0 55 0 0 0 0 0 0
24200 -55 0 55 -55 -55 55 0 0 -55 -55 0 0 55 0 0 0 0 0 0
24200 55 0 -55 -55 -55 55 0 0 -55 -55 0 0 55 0 0 0 0 0 0
24200 55 0 55 55 55 -55 0 0 -55 -55 0 0 55 0 0 0 0 0 0
24200 -55 0 -55 55 55 -55 0 0 -55 -55 0 0 55 0 0 0 0 0 0
24200 -55 0 55 -55 55 -55 0 0 -55 -55 0 0 55 0 0 0 0 0 0
24200 55 0 -55 -55 55 -55 0 0 -55 -55 0 0 55 0 0 0 0 0 0
24200 -55 0 55 55 -55 -55 0 0 -55 -55 0 0 55 0 0 0 0 0 0
24200 55 0 -55 55 -55 -55 0 0 -55 -55 0 0 55 0 0 0 0 0 0
24200 55 0 55 -55 -55 -55 0 0 -55 -55 0 0 55 0 0 0 0 0 0
24200 -55 0 -55 -55 -55 -55 0 0 -55 -55 0 0 55 0 0 0 0 0 0
24200 55 0 55 55 55 55 0 0 55 55 0 0 -55 0 0 0 0 0 0
24200 -55 0 -55 55 55 55 0 0 55 55 0 0 -55 0 0 0 0 0 0
24200 -55 0 55 -55 55 55 0 0 55 55 0 0 -55 0 0 0 0 0 0
24200 55 0 -55 -55 55 55 0 0 55 55 0 0 -55 0 0 0 0 0 0
24200 -55 0 55 55 -55 55 0 0 55 55 0 0 -55 0 0 0 0 0 0
24200 55 0 -55 55 -55 55 0 0 55 55 0 0 -55 0 0 0 0 0 0
24200 55 0 55 -55 -55 55 0 0 55 55 0 0 -55 0 0 0 0 0 0
24200 -55 0 -55 -55 -55 55 0 0 55 55 0 0 -55 0 0 0 0 0 0
24200 -55 0 55 55 55 -55 0 0 55 55 0 0 -55 0 0 0 0 0 0
24200 55 0 -55 55 55 -55 0 0 55 55 0 0 -55 0 0 0 0 0 0
24200 55 0 55 -55 55 -55 0 0 55 55 0 0 -55 0 0 0 0 0 0
24200 -55 0 -55 -55 55 -55 0 0 55 55 0 0 -55 0 0 0 0 0 0
24200 55 0 55 55 -55 -55 0 0 55 55 0 0 -55 0 0 0 0 0 0
24200 -55 0 -55 55 -55 -55 0 0 55 55 0 0 -55 0 0 0 0 0 0
24200 -55 0 55 -55 -55 -55 0 0 55 55 0 0 -55 0 0 0 0 0 0
24200 55 0 -55 -55 -55 -55 0 0 55 55 0 0 -55 0 0 0 0 0 0
24200 -55 0 55 55 55 55 0 0 -55 55 0 0 -55 0 0 0 0 0 0
24200 55 0 -55 55 55 55 0 0 -55 55 0 0 -55 0 0 0 0 0 0
24200 55 0 55 -55 55 55 0 0 -55 55 0 0 -55 0 0 0 0 0 0
24200 -55 0 -55 -55 55 55 0 0 -55 55 0 0 -55 0 0 0 0 0 0
24200 55 0 55 55 -55 55 0 0 -55 55 0 0 -55 0 0 0 0 0 0
24200 -55 0 -55 55 -55 55 0 0 -55 55 0 0 -55 0 0 0 0 0 0
24200 -55 0 55 -55 -55 55 0 0 -55 55 0 0 -55 0 0 0 0 0 0
24200 55 0 -55 -55 -55 55 0 0 -55 55 0 0 -55 0 0 0 0 0 0
24200 55 0 55 55 55 -55 0 0 -55 55 0 0 -55 0 0 0 0 0 0
24200 -55 0 -55 55 55 -55 0 0 -55 55 0 0 -55 0 0 0 0 0 0
24200 -55 0 55 -55 55 -55 0 0 -55 55 0 0 -55 0 0 0 0 0 0
24200 55 0 -55 -55 55 -55 0 0 -55 55 0 0 -55 0 0 0 0 0 0
24200 -55 0 55 55 -55 -55 0 0 -55 55 0 0 -55 0 0 0 0 0 0
24200 55 0 -55 55 -55 -55 0 0 -55 55 0 0 -55 0 0 0 0 0 0
24200 55 0 55 -55 -55 -55 0 0 -55 55 0 0 -55 0 0 0 0 0 0
24200 -55 0 -55 -55 -55 -55 0 0 -55 55 0 0 -55 0 0 0 0 0 0
24200 -55 0 55 55 55 55 0 0 55 -55 0 0 -55 0 0 0 0 0 0
24200 55 0 -55 55 55 55 0 0 55 -55 0 0 -55 0 0 0 0 0 0
24200 55 0 55 -55 55 55 0 0 55 -55 0 0 -55 0 0 0 0 0 0
24200 -55 0 -55 -55 55 55 0 0 55 -55 0 0 -55 0 0 0 0 0 0
24200 55 0 55 55 -55 55 0 0 55 -55 0 0 -55 0 0 0 0 0 0
24200 -55 0 -55 55 -55 55 0 0 55 -55 0 0 -55 0 0 0 0 0 0
24200 -55 0 55 -55 -55 55 0 0 55 -55 0 0 -55 0 0 0 0 0 0
24200 55 0 -55 -55 -55 55 0 0 55 -55 0 0 -55 0 0 0 0 0 0
24200 55 0 55 55 55 -55 0 0 55 -55 0 0 -55 0 0 0 0 0 0
24200 -55 0 -55 55 55 -55 0 0 55 -55 0 0 -55 0 0 0 0 0 0
24200 -55 0 55 -55 55 -55 0 0 55 -55 0 0 -55 0 0 0 0 0 0
24200 55 0 -55 -55 55 -55 0 0 55 -55 0 0 -55 0 0 0 0 0 0
24200 -55 0 55 55 -55 -55 0 0 55 -55 0 0 -55 0 0 0 0 0 0
24200 55 0 -55 55 -55 -55 0 0 55 -55 0 0 -55 0 0 0 0 0 0
24200 55 0 55 -55 -55 -55 0 0 55 -55 0 0 -55 0 0 0 0 0 0
24200 -55 0 -55 -55 -55 -55 0 0 55 -55 0 0 -55 0 0 0 0 0 0
24200 55 0 55 55 55 55 0 0 -55 -55 0 0 -55 0 0 0 0 0 0
24200 -55 0 -55 55 55 55 0 0 -55 -55 0 0 -55 0 0 0 0 0 0
24200 -55 0 55 -55 55 55 0 0 -55 -55 0 0 -55 0 0 0 0 0 0
24200 55 0 -55 -55 55 55 0 0 -55 -55 0 0 -55 0 0 0 0 0 0
24200 -55 0 55 55 -55 55 0 0 -55 -55 0 0 -55 0 0 0 0 0 0
24200 55 0 -55 55 -55 55 0 0 -55 -55 0 0 -55 0 0 0 0 0 0
24200 55 0 55 -55 -55 55 0 0 -55 -55 0 0 -55 0 0 0 0 0 0
24200 -55 0 -55 -55 -55 55 0 0 -55 -55 0 0 -55 0 0 0 0 0 0
24200 -55 0 55 55 55 -55 0 0 -55 -55 0 0 -55 0 0 0 0 0 0
24200 55 0 -55 55 55 -55 0 0 -55 -55 0 0 -55 0 0 0 0 0 0
24200 55 0 55 -55 55 -55 0 0 -55 -55 0 0 -55 0 0 0 0 0 0
24200 -55 0 -55 -55 55 -55 0 0 -55 -55 0 0 -55 0 0 0 0 0 0
24200 55 0 55 55 -55 -55 0 0 -55 -55 0 0 -55 0 0 0 0 0 0
24200 -55 0 -55 55 -55 -55 0 0 -55 -55 0 0 -55 0 0 0 0 0 0
24200 -55 0 55 -55 -55 -55 0 0 -55 -55 0 0 -55 0 0 0 0 0 0
24200 55 0 -55 -55 -55 -55 0 0 -55 -55 0 0 -55 0 0 0 0 0 0
24200 0 0 55 55 55 0 0 55 0 0 55 0 55 0 0 0 0 -55 55
24200 0 0 -55 -55 55 0 0 55 0 0 55 0 55 0 0 0 0 -55 55
24200 0 0 -55 55 -55 0 0 55 0 0 55 0 55 0 0 0 0 -55 55
24200 0 0 55 -55 -55 0 0 55 0 0 55 0 55 0 0 0 0 -55 55
24200 0 0 55 55 55 0 0 55 0 0 55 0 55 0 0 0 0 55 -55
24200 0 0 -55 -55 55 0 0 55 0 0 55 0 55 0 0 0 0 55 -55
24200 0 0 -55 55 -55 0 0 55 0 0 55 0 55 0 0 0 0 55 -55
24200 0 0 55 -55 -55 0 0 55 0 0 55 0 55 0 0 0 0 55 -55
24200 0 0 -55 55 55 0 0 -55 0 0 55 0 55 0 0 0 0 -55 55
24200 0 0 55 -55 55 0 0 -55 0 0 55 0 55 0 0 0 0 -55 55
24200 0 0 55 55 -55 0 0 -55 0 0 55 0 55 0 0 0 0 -55 55
24200 0 0 -55 -55 -55 0 0 -55 0 0 55 0 55 0 0 0 0 -55 55
24200 0 0 -55 55 55 0 0 -55 0 0 55 0 55 0 0 0 0 55 -55
24200 0 0 55 -55 55 0 0 -55 0 0 55 0 55 0 0 0 0 55 -55
24200 0 0 55 55 -55 0 0 -55 0 0 55 0 55 0 0 0 0 55 -55
24200 0 0 -55 -55 -55 0 0 -55 0 0 55 0 55 0 0 0 0 55 -55
24200 0 0 -55 55 55 0 0 55 0 0 -55 0 55 0 0 0 0 -55 55
24200 0 0 55 -55 55 0 0 55 0 0 -55 0 55 0 0 0 0 -55 55
24200 0 0 55 55 -55 0 0 55 0 0 -55 0 55 0 0 0 0 -55 55
24200 0 0 -55 -55 -55 0 0 55 0 0 -55 0 55 0 0 0 0 -55 55
24200 0 0 -55 55 55 0 0 55 0 0 -55 0 55 0 0 0 0 55 -55
24200 0 0 55 -55 55 0 0 55 0 0 -55 0 55 0 0 0 0 55 -55
24200 0 0 55 55 -55 0 0 55 0 0 -55 0 55 0 0 0 0 55 -55
24200 0 0 -55 -55 -55 0 0 55 0 0 -55 0 55 0 0 0 0 55 -55
24200 0 0 55 55 55 0 0 -55 0 0 -55 0 55 0 0 0 0 -55 55
24200 0 0 -55 -55 55 0 0 -55 0 0 -55 0 55 0 0 0 0 -55 55
24200 0 0 -55 55 -55 0 0 -55 0 0 -55 0 55 0 0 0 0 -55 55
24200 0 0 55 -55 -55 0 0 -55 0 0 -55 0 55 0 0 0 0 -55 55
24200 0 0 55 55 55 0 0 -55 0 0 -55 0 55 0 0 0 0 55 -55
24200 0 0 -55 -55 55 0 0 -55 0 0 -55 0 55 0 0 0 0 55 -55
24200 0 0 -55 55 -55 0 0 -55 0 0 -55 0 55 0 0 0 0 55 -55
24200 0 0 55 -55 -55 0 0 -55 0 0 -55 0 55 0 0 0 0 55 -55
24200 0 0 -55 55 55 0 0 55 0 0 55 0 -55 0 0 0 0 -55 55
24200 0 0 55 -55 55 0 0 55 0 0 55 0 -55 0 0 0 0 -55 55
24200 0 0 55 55 -55 0 0 55 0 0 55 0 -55 0 0 0 0 -55 55
24200 0 0 -55 -55 -55 0 0 55 0 0 55 0 -55 0 0 0 0 -55 55
24200 0 0 -55 55 55 0 0 55 0 0 55 0 -55 0 0 0 0 55 -55
24200 0 0 55 -55 55 0 0 55 0 0 55 0 -55 0 0 0 0 55 -55
24200 0 0 55 55 -55 0 0 55 0 0 55 0 -55 0 0 0 0 55 -55
24200 0 0 -55 -55 -55 0 0 55 0 0 55 0 -55 0 0 0 0 55 -55
24200 0 0 55 55 55 0 0 -55 0 0 55 0 -55 0 0 0 0 -55 55
24200 0 0 -55 -55 55 0 0 -55 0 0 55 0 -55 0 0 0 0 -55 55
24200 0 0 -55 55 -55 0 0 -55 0 0 55 0 -55 0 0 0 0 -55 55
24200 0 0 55 -55 -55 0 0 -55 0 0 55 0 -55 0 0 0 0 -55 55
24200 0 0 55 55 55 0 0 -55 0 0 55 0 -55 0 0 0 0 55 -55
24200 0 0 -55 -55 55 0 0 -55 0 0 55 0 -55 0 0 0 0 55 -55
24200 0 0 -55 55 -55 0 0 -55 0 0 55 0 -55 0 0 0 0 55 -55
24200 0 0 55 -55 -55 0 0 -55 0 0 55 0 -55 0 0 0 0 55 -55
24200 0 0 55 55 55 0 0 55 0 0 -55 0 -55 0 0 0 0 -55 55
24200 0 0 -55 -55 55 0 0 55 0 0 -55 0 -55 0 0 0 0 -55 55
24200 0 0 -55 55 -55 0 0 55 0 0 -55 0 -55 0 0 0 0 -55 55
24200 0 0 55 -55 -55 0 0 55 0 0 -55 0 -55 0 0 0 0 -55 55
24200 0 0 55 55 55 0 0 55 0 0 -55 0 -55 0 0 0 0 55 -55
24200 0 0 -55 -55 55 0 0 55 0 0 -55 0 -55 0 0 0 0 55 -55
24200 0 0 -55 55 -55 0 0 55 0 0 -55 0 -55 0 0 0 0 55 -55
24200 0 0 55 -55 -55 0 0 55 0 0 -55 0 -55 0 0 0 0 55 -55
24200 0 0 -55 55 55 0 0 -55 0 0 -55 0 -55 0 0 0 0 -55 55
24200 0 0 55 -55 55 0 0 -55 0 0 -55 0 -55 0 0 0 0 -55 55
24200 0 0 55 55 -55 0 0 -55 0 0 -55 0 -55 0 0 0 0 -55 55
24200 0 0 -55 -55 -55 0 0 -55 0 0 -55 0 -55 0 0 0 0 -55 55
24200 0 0 -55 55 55 0 0 -55 0 0 -55 0 -55 0 0 0 0 55 -55
24200 0 0 55 -55 55 0 0 -55 0 0 -55 0 -55 0 0 0 0 55 -55
24200 0 0 55 55 -55 0 0 -55 0 0 -55 0 -55 0 0 0 0 55 -55
24200 0 0 -55 -55 -55 0 0 -55 0 0 -55 0 -55 0 0 0 0 55 -55
24200 55 55 0 0 55 0 0 0 0 55 55 0 55 0 0 0 -55 55 0
24200 -55 -55 0 0 55 0 0 0 0 55 55 0 55 0 0 0 -55 55 0
24200 55 55 0 0 55 0 0 0 0 55 55 0 55 0 0 0 55 -55 0
24200 -55 -55 0 0 55 0 0 0 0 55 55 0 55 0 0 0 55 -55 0
24200 -55 55 0 0 -55 0 0 0 0 55 55 0 55 0 0 0 -55 55 0
24200 55 -55 0 0 -55 0 0 0 0 55 55 0 55 0 0 0 -55 55 0
24200 -55 55 0 0 -55 0 0 0 0 55 55 0 55 0 0 0 55 -55 0
24200 55 -55 0 0 -55 0 0 0 0 55 55 0 55 0 0 0 55 -55 0
24200 -55 55 0 0 55 0 0 0 0 -55 55 0 55 0 0 0 -55 55 0
24200 55 -55 0 0 55 0 0 0 0 -55 55 0 55 0 0 0 -55 55 0
24200 -55 55 0 0 55 0 0 0 0 -55 55 0 55 0 0 0 55 -55 0
24200 55 -55 0 0 55 0 0 0 0 -55 55 0 55 0 0 0 55 -55 0
24200 55 55 0 0 -55 0 0 0 0 -55 55 0 55 0 0 0 -55 55 0
24200 -55 -55 0 0 -55 0 0 0 0 -55 55 0 55 0 0 0 -55 55 0
24200 55 55 0 0 -55 0 0 0 0 -55 55 0 55 0 0 0 55 -55 0
24200 -55 -55 0 0 -55 0 0 0 0 -55 55 0 55 0 0 0 55 -55 0
24200 -55 55 0 0 55 0 0 0 0 55 -55 0 55 0 0 0 -55 55 0
24200 55 -55 0 0 55 0 0 0 0 55 -55 0 55 0 0 0 -55 55 0
24200 -55 55 0 0 55 0 0 0 0 55 -55 0 55 0 0 0 55 -55 0
24200 55 -55 0 0 55 0 0 0 0 55 -55 0 55 0 0 0 55 -55 0
24200 55 55 0 0 -55 0 0 0 0 55 -55 0 55 0 0 0 -55 55 0
24200 -55 -55 0 0 -55 0 0 0 0 55 -55 0 55 0 0 0 -55 55 0
24200 55 55 0 0 -55 0 0 0 0 55 -55 0 55 0 0 0 55 -55 0
24200 -55 -55 0 0 -55 0 0 0 0 55 -55 0 55 0 0 0 55 -55 0
24200 55 55 0 0 55 0 0 0 0 -55 -55 0 55 0 0 0 -55 55 0
24200 -55 -55 0 0 55 0 0 0 0 -55 -55 0 55 0 0 0 -55 55 0
24200 55 55 0 0 55 0 0 0 0 -55 -55 0 55 0 0 0 55 -55 0
24200 -55 -55 0 0 55 0 0 0 0 -55 -55 0 55 0 0 0 55 -55 0
24200 -55 55 0 0 -55 0 0 0 0 -55 -55 0 55 0 0 0 -55 55 0
24200 55 -55 0 0 -55 0 0 0 0 -55 -55 0 55 0 0 0 -55 55 0
24200 -55 55 0 0 -55 0 0 0 0 -55 -55 0 55 0 0 0 55 -55 0
24200 55 -55 0 0 -55 0 0 0 0 -55 -55 0 55 0 0 0 55 -55 0
24200 -55 55 0 0 55 0 0 0 0 55 55 0 -55 0 0 0 -55 55 0
24200 55 -55 0 0 55 0 0 0 0 55 55 0 -55 0 0 0 -55 55 0
24200 -55 55 0 0 55 0 0 0 0 55 55 0 -55 0 0 0 55 -55 0
24200 55 -55 0 0 55 0 0 0 0 55 55 0 -55 0 0 0 55 -55 0
24200 55 55 0 0 -55 0 0 0 0 55 55 0 -55 0 0 0 -55 55 0
24200 -55 -55 0 0 -55 0 0 0 0 55 55 0 -55 0 0 0 -55 55 0
24200 55 55 0 0 -55 0 0 0 0 55 55 0 -55 0 0 0 55 -55 0
24200 -55 -55 0 0 -55 0 0 0 0 55 55 0 -55 0 0 0 55 -55 0
24200 55 55 0 0 55 0 0 0 0 -55 55 0 -55 0 0 0 -55 55 0
24200 -55 -55 0 0 55 0 0 0 0 -55 55 0 -55 0 0 0 -55 55 0
24200 55 55 0 0 55 0 0 0 0 -55 55 0 -55 0 0 0 55 -55 0
24200 -55 -55 0 0 55 0 0 0 0 -55 55 0 -55 0 0 0 55 -55 0
24200 -55 55 0 0 -55 0 0 0 0 -55 55 0 -55 0 0 0 -55 55 0
24200 55 -55 0 0 -55 0 0 0 0 -55 55 0 -55 0 0 0 -55 55 0
24200 -55 55 0 0 -55 0 0 0 0 -55 55 0 -55 0 0 0 55 -55 0
24200 55 -55 0 0 -55 0 0 0 0 -55 55 0 -55 0 0 0 55 -55 0
24200 55 55 0 0 55 0 0 0 0 55 -55 0 -55 0 0 0 -55 55 0
24200 -55 -55 0 0 55 0 0 0 0 55 -55 0 -55 0 0 0 -55 55 0
24200 55 55 0 0 55 0 0 0 0 55 -55 0 -55 0 0 0 55 -55 0
24200 -55 -55 0 0 55 0 0 0 0 55 -55 0 -55 0 0 0 55 -55 0
24200 -55 55 0 0 -55 0 0 0 0 55 -55 0 -55 0 0 0 -55 55 0
24200 55 -55 0 0 -55 0 0 0 0 55 -55 0 -55 0 0 0 -55 55 0
24200 -55 55 0 0 -55 0 0 0 0 55 -55 0 -55 0 0 0 55 -55 0
24200 55 -55 0 0 -55 0 0 0 0 55 -55 0 -55 0 0 0 55 -55 0
24200 -55 55 0 0 55 0 0 0 0 -55 -55 0 -55 0 0 0 -55 55 0
24200 55 -55 0 0 55 0 0 0 0 -55 -55 0 -55 0 0 0 -55 55 0
24200 -55 55 0 0 55 0 0 0 0 -55 -55 0 -55 0 0 0 55 -55 0
24200 55 -55 0 0 55 0 0 0 0 -55 -55 0 -55 0 0 0 55 -55 0
24200 55 55 0 0 -55 0 0 0 0 -55 -55 0 -55 0 0 0 -55 55 0
24200 -55 -55 0 0 -55 0 0 0 0 -55 -55 0 -55 0 0 0 -55 55 0
24200 55 55 0 0 -55 0 0 0 0 -55 -55 0 -55 0 0 0 55 -55 0
24200 -55 -55 0 0 -55 0 0 0 0 -55 -55 0 -55 0 0 0 55 -55 0
24200 0 0 55 0 0 0 55 0 55 55 55 0 55 0 0 0 -55 0 -55
24200 0 0 55 0 0 0 55 0 55 55 55 0 55 0 0 0 55 0 55
24200 0 0 -55 0 0 0 -55 0 55 55 55 0 55 0 0 0 -55 0 -55
24200 0 0 -55 0 0 0 -55 0 55 55 55 0 55 0 0 0 55 0 55
24200 0 0 -55 0 0 0 55 0 -55 55 55 0 55 0 0 0 -55 0 -55
24200 0 0 -55 0 0 0 55 0 -55 55 55 0 55 0 0 0 55 0 55
24200 0 0 55 0 0 0 -55 0 -55 55 55 0 55 0 0 0 -55 0 -55
24200 0 0 55 0 0 0 -55 0 -55 55 55 0 55 0 0 0 55 0 55
24200 0 0 -55 0 0 0 55 0 55 -55 55 0 55 0 0 0 -55 0 -55
24200 0 0 -55 0 0 0 55 0 55 -55 55 0 55 0 0 0 55 0 55
24200 0 0 55 0 0 0 -55 0 55 -55 55 0 55 0 0 0 -55 0 -55
24200 0 0 55 0 0 0 -55 0 55 -55 55 0 55 0 0 0 55 0 55
24200 0 0 55 0 0 0 55 0 -55 -55 55 0 55 0 0 0 -55 0 -55
24200 0 0 55 0 0 0 55 0 -55 -55 55 0 55 0 0 0 55 0 55
24200 0 0 -55 0 0 0 -55 0 -55 -55 55 0 55 0 0 0 -55 0 -55
24200 0 0 -55 0 0 0 -55 0 -55 -55 55 0 55 0 0 0 55 0 55
24200 0 0 -55 0 0 0 55 0 55 55 -55 0 55 0 0 0 -55 0 -55
24200 0 0 -55 0 0 0 55 0 55 55 -55 0 55 0 0 0 55 0 55
24200 0 0 55 0 0 0 -55 0 55 55 -55 0 55 0 0 0 -55 0 -55
24200 0 0 55 0 0 0 -55 0 55 55 -55 0 55 0 0 0 55 0 55
24200 0 0 55 0 0 0 55 0 -55 55 -55 0 55 0 0 0 -55 0 -55
24200 0 0 55 0 0 0 55 0 -55 55 -55 0 55 0 0 0 55 0 55
24200 0 0 -55 0 0 0 -55 0 -55 55 -55 0 55 0 0 0 -55 0 -55
24200 0 0 -55 0 0 0 -55 0 -55 55 -55 0 55 0 0 0 55 0 55
24200 0 0 55 0 0 0 55 0 55 -55 -55 0 55 0 0 0 -55 0 -55
24200 0 0 55 0 0 0 55 0 55 -55 -55 0 55 0 0 0 55 0 55
24200 0 0 -55 0 0 0 -55 0 55 -55 -55 0 55 0 0 0 -55 0 -55
24200 0 0 -55 0 0 0 -55 0 55 -55 -55 0 55 0 0 0 55 0 55
24200 0 0 -55 0 0 0 55 0 -55 -55 -55 0 55 0 0 0 -55 0 -55
24200 0 0 -55 0 0 0 55 0 -55 -55 -55 0 55 0 0 0 55 0 55
24200 0 0 55 0 0 0 -55 0 -55 -55 -55 0 55 0 0 0 -55 0 -55
24200 0 0 55 0 0 0 -55 0 -55 -55 -55 0 55 0 0 0 55 0 55
24200 0 0 -55 0 0 0 55 0 55 55 55 0 -55 0 0 0 -55 0 -55
24200 0 0 -55 0 0 0 55 0 55 55 55 0 -55 0 0 0 55 0 55
24200 0 0 55 0 0 0 -55 0 55 55 55 0 -55 0 0 0 -55 0 -55
24200 0 0 55 0 0 0 -55 0 55 55 55 0 -55 0 0 0 55 0 55
24200 0 0 55 0 0 0 55 0 -55 55 55 0 -55 0 0 0 -55 0 -55
24200 0 0 55 0 0 0 55 0 -55 55 55 0 -55 0 0 0 55 0 55
24200 0 0 -55 0 0 0 -55 0 -55 55 55 0 -55 0 0 0 -55 0 -55
24200 0 0 -55 0 0 0 -55 0 -55 55 55 0 -55 0 0 0 55 0 55
24200 0 0 55 0 0 0 55 0 55 -55 55 0 -55 0 0 0 -55 0 -55
24200 0 0 55 0 0 0 55 0 55 -55 55 0 -55 0 0 0 55 0 55
24200 0 0 -55 0 0 0 -55 0 55 -55 55 0 -55 0 0 0 -55 0 -55
24200 0 0 -55 0 0 0 -55 0 55 -55 55 0 -55 0 0 0 55 0 55
24200 0 0 -55 0 0 0 55 0 -55 -55 55 0 -55 0 0 0 -55 0 -55
24200 0 0 -55 0 0 0 55 0 -55 -55 55 0 -55 0 0 0 55 0 55
24200 0 0 55 0 0 0 -55 0 -55 -55 55 0 -55 0 0 0 -55 0 -55
24200 0 0 55 0 0 0 -55 0 -55 -55 55 0 -55 0 0 0 55 0 55
24200 0 0 55 0 0 0 55 0 55 55 -55 0 -55 0 0 0 -55 0 -55
24200 0 0 55 0 0 0 55 0 55 55 -55 0 -55 0 0 0 55 0 55
24200 0 0 -55 0 0 0 -55 0 55 55 -55 0 -55 0 0 0 -55 0 -55
24200 0 0 -55 0 0 0 -55 0 55 55 -55 0 -55 0 0 0 55 0 55
24200 0 0 -55 0 0 0 55 0 -55 55 -55 0 -55 0 0 0 -55 0 -55
24200 0 0 -55 0 0 0 55 0 -55 55 -55 0 -55 0 0 0 55 0 55
24200 0 0 55 0 0 0 -55 0 -55 55 -55 0 -55 0 0 0 -55 0 -55
24200 0 0 55 0 0 0 -55 0 -55 55 -55 0 -55 0 0 0 55 0 55
24200 0 0 -55 0 0 0 55 0 55 -55 -55 0 -55 0 0 0 -55 0 -55
24200 0 0 -55 0 0 0 55 0 55 -55 -55 0 -55 0 0 0 55 0 55
24200 0 0 55 0 0 0 -55 0 55 -55 -55 0 -55 0 0 0 -55 0 -55
24200 0 0 55 0 0 0 -55 0 55 -55 -55 0 -55 0 0 0 55 0 55
24200 0 0 55 0 0 0 55 0 -55 -55 -55 0 -55 0 0 0 -55 0 -55
24200 0 0 55 0 0 0 55 0 -55 -55 -55 0 -55 0 0 0 55 0 55
24200 0 0 -55 0 0 0 -55 0 -55 -55 -55 0 -55 0 0 0 -55 0 -55
24200 0 0 -55 0 0 0 -55 0 -55 -55 -55 0 -55 0 0 0 55 0 55
24200 0 55 55 0 55 55 0 0 0 0 0 55 55 0 0 0 -55 0 -55
24200 0 -55 -55 0 55 55 0 0 0 0 0 55 55 0 0 0 -55 0 -55
24200 0 55 55 0 55 55 0 0 0 0 0 55 55 0 0 0 55 0 55
24200 0 -55 -55 0 55 55 0 0 0 0 0 55 55 0 0 0 55 0 55
24200 0 -55 55 0 -55 55 0 0 0 0 0 55 55 0 0 0 -55 0 -55
24200 0 55 -55 0 -55 55 0 0 0 0 0 55 55 0 0 0 -55 0 -55
24200 0 -55 55 0 -55 55 0 0 0 0 0 55 55 0 0 0 55 0 55
24200 0 55 -55 0 -55 55 0 0 0 0 0 55 55 0 0 0 55 0 55
24200 0 -55 55 0 55 -55 0 0 0 0 0 55 55 0 0 0 -55 0 -55
24200 0 55 -55 0 55 -55 0 0 0 0 0 55 55 0 0 0 -55 0 -55
24200 0 -55 55 0 55 -55 0 0 0 0 0 55 55 0 0 0 55 0 55
24200 0 55 -55 0 55 -55 0 0 0 0 0 55 55 0 0 0 55 0 55
24200 0 55 55 0 -55 -55 0 0 0 0 0 55 55 0 0 0 -55 0 -55
24200 0 -55 -55 0 -55 -55 0 0 0 0 0 55 55 0 0 0 -55 0 -55
24200 0 55 55 0 -55 -55 0 0 0 0 0 55 55 0 0 0 55 0 55
24200 0 -55 -55 0 -55 -55 0 0 0 0 0 55 55 0 0 0 55 0 55
24200 0 -55 55 0 55 55 0 0 0 0 0 -55 55 0 0 0 -55 0 -55
24200 0 55 -55 0 55 55 0 0 0 0 0 -55 55 0 0 0 -55 0 -55
24200 0 -55 55 0 55 55 0 0 0 0 0 -55 55 0 0 0 55 0 55
24200 0 55 -55 0 55 55 0 0 0 0 0 -55 55 0 0 0 55 0 55
24200 0 55 55 0 -55 55 0 0 0 0 0 -55 55 0 0 0 -55 0 -55
24200 0 -55 -55 0 -55 55 0 0 0 0 0 -55 55 0 0 0 -55 0 -55
24200 0 55 55 0 -55 55 0 0 0 0 0 -55 55 0 0 0 55 0 55
24200 0 -55 -55 0 -55 55 0 0 0 0 0 -55 55 0 0 0 55 0 55
24200 0 55 55 0 55 -55 0 0 0 0 0 -55 55 0 0 0 -55 0 -55
24200 0 -55 -55 0 55 -55 0 0 0 0 0 -55 55 0 0 0 -55 0 -55
24200 0 55 55 0 55 -55 0 0 0 0 0 -55 55 0 0 0 55 0 55
24200 0 -55 -55 0 55 -55 0 0 0 0 0 -55 55 0 0 0 55 0 55
24200 0 -55 55 0 -55 -55 0 0 0 0 0 -55 55 0 0 0 -55 0 -55
24200 0 55 -55 0 -55 -55 0 0 0 0 0 -55 55 0 0 0 -55 0 -55
24200 0 -55 55 0 -55 -55 0 0 0 0 0 -55 55 0 0 0 55 0 55
24200 0 55 -55 0 -55 -55 0 0 0 0 0 -55 55 0 0 0 55 0 55
24200 0 -55 55 0 55 55 0 0 0 0 0 55 -55 0 0 0 -55 0 -55
24200 0 55 -55 0 55 55 0 0 0 0 0 55 -55 0 0 0 -55 0 -55
24200 0 -55 55 0 55 55 0 0 0 0 0 55 -55 0 0 0 55 0 55
24200 0 55 -55 0 55 55 0 0 0 0 0 55 -55 0 0 0 55 0 55
24200 0 55 55 0 -55 55 0 0 0 0 0 55 -55 0 0 0 -55 0 -55
24200 0 -55 -55 0 -55 55 0 0 0 0 0 55 -55 0 0 0 -55 0 -55
24200 0 55 55 0 -55 55 0 0 0 0 0 55 -55 0 0 0 55 0 55
24200 0 -55 -55 0 -55 55 0 0 0 0 0 55 -55 0 0 0 55 0 55
24200 0 55 55 0 55 -55 0 0 0 0 0 55 -55 0 0 0 -55 0 -55
24200 0 -55 -55 0 55 -55 0 0 0 0 0 55 -55 0 0 0 -55 0 -55
24200 0 55 55 0 55 -55 0 0 0 0 0 55 -55 0 0 0 55 0 55
24200 0 -55 -55 0 55 -55 0 0 0 0 0 55 -55 0 0 0 55 0 55
24200 0 -55 55 0 -55 -55 0 0 0 0 0 55 -55 0 0 0 -55 0 -55
24200 0 55 -55 0 -55 -55 0 0 0 0 0 55 -55 0 0 0 -55 0 -55
24200 0 -55 55 0 -55 -55 0 0 0 0 0 55 -55 0 0 0 55 0 55
24200 0 55 -55 0 -55 -55 0 0 0 0 0 55 -55 0 0 0 55 0 55
24200 0 55 55 0 55 55 0 0 0 0 0 -55 -55 0 0 0 -55 0 -55
24200 0 -55 -55 0 55 55 0 0 0 0 0 -55 -55 0 0 0 -55 0 -55
24200 0 55 55 0 55 55 0 0 0 0 0 -55 -55 0 0 0 55 0 55
24200 0 -55 -55 0 55 55 0 0 0 0 0 -55 -55 0 0 0 55 0 55
24200 0 -55 55 0 -55 55 0 0 0 0 0 -55 -55 0 0 0 -55 0 -55
24200 0 55 -55 0 -55 55 0 0 0 0 0 -55 -55 0 0 0 -55 0 -55
24200 0 -55 55 0 -55 55 0 0 0 0 0 -55 -55 0 0 0 55 0 55
24200 0 55 -55 0 -55 55 0 0 0 0 0 -55 -55 0 0 0 55 0 55
24200 0 -55 55 0 55 -55 0 0 0 0 0 -55 -55 0 0 0 -55 0 -55
24200 0 55 -55 0 55 -55 0 0 0 0 0 -55 -55 0 0 0 -55 0 -55
24200 0 -55 55 0 55 -55 0 0 0 0 0 -55 -55 0 0 0 55 0 55
24200 0 55 -55 0 55 -55 0 0 0 0 0 -55 -55 0 0 0 55 0 55
24200 0 55 55 0 -55 -55 0 0 0 0 0 -55 -55 0 0 0 -55 0 -55
24200 0 -55 -55 0 -55 -55 0 0 0 0 0 -55 -55 0 0 0 -55 0 -55
24200 0 55 55 0 -55 -55 0 0 0 0 0 -55 -55 0 0 0 55 0 55
24200 0 -55 -55 0 -55 -55 0 0 0 0 0 -55 -55 0 0 0 55 0 55
24200 55 0 0 0 0 55 55 0 55 0 0 55 55 0 0 0 -55 55 0
24200 55 0 0 0 0 55 55 0 55 0 0 55 55 0 0 0 55 -55 0
24200 -55 0 0 0 0 -55 55 0 55 0 0 55 55 0 0 0 -55 55 0
24200 -55 0 0 0 0 -55 55 0 55 0 0 55 55 0 0 0 55 -55 0
24200 -55 0 0 0 0 55 -55 0 55 0 0 55 55 0 0 0 -55 55 0
24200 -55 0 0 0 0 55 -55 0 55 0 0 55 55 0 0 0 55 -55 0
24200 55 0 0 0 0 -55 -55 0 55 0 0 55 55 0 0 0 -55 55 0
24200 55 0 0 0 0 -55 -55 0 55 0 0 55 55 0 0 0 55 -55 0
24200 -55 0 0 0 0 55 55 0 -55 0 0 55 55 0 0 0 -55 55 0
24200 -55 0 0 0 0 55 55 0 -55 0 0 55 55 0 0 0 55 -55 0
24200 55 0 0 0 0 -55 55 0 -55 0 0 55 55 0 0 0 -55 55 0
24200 55 0 0 0 0 -55 55 0 -55 0 0 55 55 0 0 0 55 -55 0
24200 55 0 0 0 0 55 -55 0 -55 0 0 55 55 0 0 0 -55 55 0
24200 55 0 0 0 0 55 -55 0 -55 0 0 55 55 0 0 0 55 -55 0
24200 -55 0 0 0 0 -55 -55 0 -55 0 0 55 55 0 0 0 -55 55 0
24200 -55 0 0 0 0 -55 -55 0 -55 0 0 55 55 0 0 0 55 -55 0
24200 -55 0 0 0 0 55 55 0 55 0 0 -55 55 0 0 0 -55 55 0
24200 -55 0 0 0 0 55 55 0 55 0 0 -55 55 0 0 0 55 -55 0
24200 55 0 0 0 0 -55 55 0 55 0 0 -55 55 0 0 0 -55 55 0
24200 55 0 0 0 0 -55 55 0 55 0 0 -55 55 0 0 0 55 -55 0
24200 55 0 0 0 0 55 -55 0 55 0 0 -55 55 0 0 0 -55 55 0
24200 55 0 0 0 0 55 -55 0 55 0 0 -55 55 0 0 0 55 -55 0
24200 -55 0 0 0 0 -55 -55 0 55 0 0 -55 55 0 0 0 -55 55 0
24200 -55 0 0 0 0 -55 -55 0 55 0 0 -55 55 0 0 0 55 -55 0
24200 55 0 0 0 0 55 55 0 -55 0 0 -55 55 0 0 0 -55 55 0
24200 55 0 0 0 0 55 55 0 -55 0 0 -55 55 0 0 0 55 -55 0
24200 -55 0 0 0 0 -55 55 0 -55 0 0 -55 55 0 0 0 -55 55 0
24200 -55 0 0 0 0 -55 55 0 -55 0 0 -55 55 0 0 0 55 -55 0
24200 -55 0 0 0 0 55 -55 0 -55 0 0 -55 55 0 0 0 -55 55 0
24200 -55 0 0 0 0 55 -55 0 -55 0 0 -55 55 0 0 0 55 -55 0
24200 55 0 0 0 0 -55 -55 0 -55 0 0 -55 55 0 0 0 -55 55 0
24200 55 0 0 0 0 -55 -55 0 -55 0 0 -55 55 0 0 0 55 -55 0
24200 -55 0 0 0 0 55 55 0 55 0 0 55 -55 0 0 0 -55 55 0
24200 -55 0 0 0 0 55 55 0 55 0 0 55 -55 0 0 0 55 -55 0
24200 55 0 0 0 0 -55 55 0 55 0 0 55 -55 0 0 0 -55 55 0
24200 55 0 0 0 0 -55 55 0 55 0 0 55 -55 0 0 0 55 -55 0
24200 55 0 0 0 0 55 -55 0 55 0 0 55 -55 0 0 0 -55 55 0
24200 55 0 0 0 0 55 -55 0 55 0 0 55 -55 0 0 0 55 -55 0
24200 -55 0 0 0 0 -55 -55 0 55 0 0 55 -55 0 0 0 -55 55 0
24200 -55 0 0 0 0 -55 -55 0 55 0 0 55 -55 0 0 0 55 -55 0
24200 55 0 0 0 0 55 55 0 -55 0 0 55 -55 0 0 0 -55 55 0
24200 55 0 0 0 0 55 55 0 -55 0 0 55 -55 0 0 0 55 -55 0
24200 -55 0 0 0 0 -55 55 0 -55 0 0 55 -55 0 0 0 -55 55 0
24200 -55 0 0 0 0 -55 55 0 -55 0 0 55 -55 0 0 0 55 -55 0
24200 -55 0 0 0 0 55 -55 0 -55 0 0 55 -55 0 0 0 -55 55 0
24200 -55 0 0 0 0 55 -55 0 -55 0 0 55 -55 0 0 0 55 -55 0
24200 55 0 0 0 0 -55 -55 0 -55 0 0 55 -55 0 0 0 -55 55 0
24200 55 0 0 0 0 -55 -55 0 -55 0 0 55 -55 0 0 0 55 -55 0
24200 55 0 0 0 0 55 55 0 55 0 0 -55 -55 0 0 0 -55 55 0
24200 55 0 0 0 0 55 55 0 55 0 0 -55 -55 0 0 0 55 -55 0
24200 -55 0 0 0 0 -55 55 0 55 0 0 -55 -55 0 0 0 -55 55 0
24200 -55 0 0 0 0 -55 55 0 55 0 0 -55 -55 0 0 0 55 -55 0
24200 -55 0 0 0 0 55 -55 0 55 0 0 -55 -55 0 0 0 -55 55 0
24200 -55 0 0 0 0 55 -55 0 55 0 0 -55 -55 0 0 0 55 -55 0
24200 55 0 0 0 0 -55 -55 0 55 0 0 -55 -55 0 0 0 -55 55 0
24200 55 0 0 0 0 -55 -55 0 55 0 0 -55 -55 0 0 0 55 -55 0
24200 -55 0 0 0 0 55 55 0 -55 0 0 -55 -55 0 0 0 -55 55 0
24200 -55 0 0 0 0 55 55 0 -55 0 0 -55 -55 0 0 0 55 -55 0
24200 55 0 0 0 0 -55 55 0 -55 0 0 -55 -55 0 0 0 -55 55 0
24200 55 0 0 0 0 -55 55 0 -55 0 0 -55 -55 0 0 0 55 -55 0
24200 55 0 0 0 0 55 -55 0 -55 0 0 -55 -55 0 0 0 -55 55 0
24200 55 0 0 0 0 55 -55 0 -55 0 0 -55 -55 0 0 0 55 -55 0
24200 -55 0 0 0 0 -55 -55 0 -55 0 0 -55 -55 0 0 0 -55 55 0
24200 -55 0 0 0 0 -55 -55 0 -55 0 0 -55 -55 0 0 0 55 -55 0
24200 -55 55 55 55 0 0 55 0 0 0 55 55 55 0 0 0 0 0 0
24200 55 -55 55 55 0 0 55 0 0 0 55 55 55 0 0 0 0 0 0
24200 55 55 -55 55 0 0 55 0 0 0 55 55 55 0 0 0 0 0 0
24200 -55 -55 -55 55 0 0 55 0 0 0 55 55 55 0 0 0 0 0 0
24200 55 55 55 -55 0 0 55 0 0 0 55 55 55 0 0 0 0 0 0
24200 -55 -55 55 -55 0 0 55 0 0 0 55 55 55 0 0 0 0 0 0
24200 -55 55 -55 -55 0 0 55 0 0 0 55 55 55 0 0 0 0 0 0
24200 55 -55 -55 -55 0 0 55 0 0 0 55 55 55 0 0 0 0 0 0
24200 55 55 55 55 0 0 -55 0 0 0 55 55 55 0 0 0 0 0 0
24200 -55 -55 55 55 0 0 -55 0 0 0 55 55 55 0 0 0 0 0 0
24200 -55 55 -55 55 0 0 -55 0 0 0 55 55 55 0 0 0 0 0 0
24200 55 -55 -55 55 0 0 -55 0 0 0 55 55 55 0 0 0 0 0 0
24200 -55 55 55 -55 0 0 -55 0 0 0 55 55 55 0 0 0 0 0 0
24200 55 -55 55 -55 0 0 -55 0 0 0 55 55 55 0 0 0 0 0 0
24200 55 55 -55 -55 0 0 -55 0 0 0 55 55 55 0 0 0 0 0 0
24200 -55 -55 -55 -55 0 0 -55 0 0 0 55 55 55 0 0 0 0 0 0
24200 55 55 55 55 0 0 55 0 0 0 -55 55 55 0 0 0 0 0 0
24200 -55 -55 55 55 0 0 55 0 0 0 -55 55 55 0 0 0 0 0 0
24200 -55 55 -55 55 0 0 55 0 0 0 -55 55 55 0 0 0 0 0 0
24200 55 -55 -55 55 0 0 55 0 0 0 -55 55 55 0 0 0 0 0 0
24200 -55 55 55 -55 0 0 55 0 0 0 -55 55 55 0 0 0 0 0 0
24200 55 -55 55 -55 0 0 55 0 0 0 -55 55 55 0 0 0 0 0 0
24200 55 55 -55 -55 0 0 55 0 0 0 -55 55 55 0 0 0 0 0 0
24200 -55 -55 -55 -55 0 0 55 0 0 0 -55 55 55 0 0 0 0 0 0
24200 -55 55 55 55 0 0 -55 0 0 0 -55 55 55 0 0 0 0 0 0
24200 55 -55 55 55 0 0 -55 0 0 0 -55 55 55 0 0 0 0 0 0
24200 55 55 -55 55 0 0 -55 0 0 0 -55 55 55 0 0 0 0 0 0
24200 -55 -55 -55 55 0 0 -55 0 0 0 -55 55 55 0 0 0 0 0 0
24200 55 55 55 -55 0 0 -55 0 0 0 -55 55 55 0 0 0 0 0 0
24200 -55 -55 55 -55 0 0 -55 0 0 0 -55 55 55 0 0 0 0 0 0
24200 -55 55 -55 -55 0 0 -55 0 0 0 -55 55 55 0 0 0 0 0 0
24200 55 -55 -55 -55 0 0 -55 0 0 0 -55 55 55 0 0 0 0 0 0
24200 55 55 55 55 0 0 55 0 0 0 55 -55 55 0 0 0 0 0 0
24200 -55 -55 55 55 0 0 55 0 0 0 55 -55 55 0 0 0 0 0 0
24200 -55 55 -55 55 0 0 55 0 0 0 55 -55 55 0 0 0 0 0 0
24200 55 -55 -55 55 0 0 55 0 0 0 55 -55 55 0 0 0 0 0 0
24200 -55 55 55 -55 0 0 55 0 0 0 55 -55 55 0 0 0 0 0 0
24200 55 -55 55 -55 0 0 55 0 0 0 55 -55 55 0 0 0 0 0 0
24200 55 55 -55 -55 0 0 55 0 0 0 55 -55 55 0 0 0 0 0 0
24200 -55 -55 -55 -55 0 0 55 0 0 0 55 -55 55 0 0 0 0 0 0
24200 -55 55 55 55 0 0 -55 0 0 0 55 -55 55 0 0 0 0 0 0
24200 55 -55 55 55 0 0 -55 0 0 0 55 -55 55 0 0 0 0 0 0
24200 55 55 -55 55 0 0 -55 0 0 0 55 -55 55 0 0 0 0 0 0
24200 -55 -55 -55 55 0 0 -55 0 0 0 55 -55 55 0 0 0 0 0 0
24200 55 55 55 -55 0 0 -55 0 0 0 55 -55 55 0 0 0 0 0 0
24200 -55 -55 55 -55 0 0 -55 0 0 0 55 -55 55 0 0 0 0 0 0
24200 -55 55 -55 -55 0 0 -55 0 0 0 55 -55 55 0 0 0 0 0 0
24200 55 -55 -55 -55 0 0 -55 0 0 0 55 -55 55 0 0 0 0 0 0
24200 -55 55 55 55 0 0 55 0 0 0 -55 -55 55 0 0 0 0 0 0
24200 55 -55 55 55 0 0 55 0 0 0 -55 -55 55 0 0 0 0 0 0
24200 55 55 -55 55 0 0 55 0 0 0 -55 -55 55 0 0 0 0 0 0
24200 -55 -55 -55 55 0 0 55 0 0 0 -55 -55 55 0 0 0 0 0 0
24200 55 55 55 -55 0 0 55 0 0 0 -55 -55 55 0 0 0 0 0 0
24200 -55 -55 55 -55 0 0 55 0 0 0 -55 -55 55 0 0 0 0 0 0
24200 -55 55 -55 -55 0 0 55 0 0 0 -55 -55 55 0 0 0 0 0 0
24200 55 -55 -55 -55 0 0 55 0 0 0 -55 -55 55 0 0 0 0 0 0
24200 55 55 55 55 0 0 -55 0 0 0 -55 -55 55 0 0 0 0 0 0
24200 -55 -55 55 55 0 0 -55 0 0 0 -55 -55 55 0 0 0 0 0 0
24200 -55 55 -55 55 0 0 -55 0 0 0 -55 -55 55 0 0 0 0 0 0
24200 55 -55 -55 55 0 0 -55 0 0 0 -55 -55 55 0 0 0 0 0 0
24200 -55 55 55 -55 0 0 -55 0 0 0 -55 -55 55 0 0 0 0 0 0
24200 55 -55 55 -55 0 0 -55 0 0 0 -55 -55 55 0 0 0 0 0 0
24200 55 55 -55 -55 0 0 -55 0 0 0 -55 -55 55 0 0 0 0 0 0
24200 -55 -55 -55 -55 0 0 -55 0 0 0 -55 -55 55 0 0 0 0 0 0
24200 55 55 55 55 0 0 55 0 0 0 55 55 -55 0 0 0 0 0 0
24200 -55 -55 55 55 0 0 55 0 0 0 55 55 -55 0 0 0 0 0 0
24200 -55 55 -55 55 0 0 55 0 0 0 55 55 -55 0 0 0 0 0 0
24200 55 -55 -55 55 0 0 55 0 0 0 55 55 -55 0 0 0 0 0 0
24200 -55 55 55 -55 0 0 55 0 0 0 55 55 -55 0 0 0 0 0 0
24200 55 -55 55 -55 0 0 55 0 0 0 55 55 -55 0 0 0 0 0 0
24200 55 55 -55 -55 0 0 55 0 0 0 55 55 -55 0 0 0 0 0 0
24200 -55 -55 -55 -55 0 0 55 0 0 0 55 55 -55 0 0 0 0 0 0
24200 -55 55 55 55 0 0 -55 0 0 0 55 55 -55 0 0 0 0 0 0
24200 55 -55 55 55 0 0 -55 0 0 0 55 55 -55 0 0 0 0 0 0
24200 55 55 -55 55 0 0 -55 0 0 0 55 55 -55 0 0 0 0 0 0
24200 -55 -55 -55 55 0 0 -55 0 0 0 55 55 -55 0 0 0 0 0 0
24200 55 55 55 -55 0 0 -55 0 0 0 55 55 -55 0 0 0 0 0 0
24200 -55 -55 55 -55 0 0 -55 0 0 0 55 55 -55 0 0 0 0 0 0
24200 -55 55 -55 -55 0 0 -55 0 0 0 55 55 -55 0 0 0 0 0 0
24200 55 -55 -55 -55 0 0 -55 0 0 0 55 55 -55 0 0 0 0 0 0
24200 -55 55 55 55 0 0 55 0 0 0 -55 55 -55 0 0 0 0 0 0
24200 55 -55 55 55 0 0 55 0 0 0 -55 55 -55 0 0 0 0 0 0
24200 55 55 -55 55 0 0 55 0 0 0 -55 55 -55 0 0 0 0 0 0
24200 -55 -55 -55 55 0 0 55 0 0 0 -55 55 -55 0 0 0 0 0 0
24200 55 55 55 -55 0 0 55 0 0 0 -55 55 -55 0 0 0 0 0 0
24200 -55 -55 55 -55 0 0 55 0 0 0 -55 55 -55 0 0 0 0 0 0
24200 -55 55 -55 -55 0 0 55 0 0 0 -55 55 -55 0 0 0 0 0 0
24200 55 -55 -55 -55 0 0 55 0 0 0 -55 55 -55 0 0 0 0 0 0
24200 55 55 55 55 0 0 -55 0 0 0 -55 55 -55 0 0 0 0 0 0
24200 -55 -55 55 55 0 0 -55 0 0 0 -55 55 -55 0 0 0 0 0 0
24200 -55 55 -55 55 0 0 -55 0 0 0 -55 55 -55 0 0 0 0 0 0
24200 55 -55 -55 55 0 0 -55 0 0 0 -55 55 -55 0 0 0 0 0 0
24200 -55 55 55 -55 0 0 -55 0 0 0 -55 55 -55 0 0 0 0 0 0
24200 55 -55 55 -55 0 0 -55 0 0 0 -55 55 -55 0 0 0 0 0 0
24200 55 55 -55 -55 0 0 -55 0 0 0 -55 55 -55 0 0 0 0 0 0
24200 -55 -55 -55 -55 0 0 -55 0 0 0 -55 55 -55 0 0 0 0 0 0
24200 -55 55 55 55 0 0 55 0 0 0 55 -55 -55 0 0 0 0 0 0
24200 55 -55 55 55 0 0 55 0 0 0 55 -55 -55 0 0 0 0 0 0
24200 55 55 -55 55 0 0 55 0 0 0 55 -55 -55 0 0 0 0 0 0
24200 -55 -55 -55 55 0 0 55 0 0 0 55 -55 -55 0 0 0 0 0 0
24200 55 55 55 -55 0 0 55 0 0 0 55 -55 -55 0 0 0 0 0 0
24200 -55 -55 55 -55 0 0 55 0 0 0 55 -55 -55 0 0 0 0 0 0
24200 -55 55 -55 -55 0 0 55 0 0 0 55 -55 -55 0 0 0 0 0 0
24200 55 -55 -55 -55 0 0 55 0 0 0 55 -55 -55 0 0 0 0 0 0
24200 55 55 55 55 0 0 -55 0 0 0 55 -55 -55 0 0 0 0 0 0
24200 -55 -55 55 55 0 0 -55 0 0 0 55 -55 -55 0 0 0 0 0 0
24200 -55 55 -55 55 0 0 -55 0 0 0 55 -55 -55 0 0 0 0 0 0
24200 55 -55 -55 55 0 0 -55 0 0 0 55 -55 -55 0 0 0 0 0 0
24200 -55 55 55 -55 0 0 -55 0 0 0 55 -55 -55 0 0 0 0 0 0
24200 55 -55 55 -55 0 0 -55 0 0 0 55 -55 -55 0 0 0 0 0 0
24200 55 55 -55 -55 0 0 -55 0 0 0 55 -55 -55 0 0 0 0 0 0
24200 -55 -55 -55 -55 0 0 -55 0 0 0 55 -55 -55 0 0 0 0 0 0
24200 55 55 55 55 0 0 55 0 0 0 -55 -55 -55 0 0 0 0 0 0
24200 -55 -55 55 55 0 0 55 0 0 0 -55 -55 -55 0 0 0 0 0 0
24200 -55 55 -55 55 0 0 55 0 0 0 -55 -55 -55 0 0 0 0 0 0
24200 55 -55 -55 55 0 0 55 0 0 0 -55 -55 -55 0 0 0 0 0 0
24200 -55 55 55 -55 0 0 55 0 0 0 -55 -55 -55 0 0 0 0 0 0
24200 55 -55 55 -55 0 0 55 0 0 0 -55 -55 -55 0 0 0 0 0 0
24200 55 55 -55 -55 0 0 55 0 0 0 -55 -55 -55 0 0 0 0 0 0
24200 -55 -55 -55 -55 0 0 55 0 0 0 -55 -55 -55 0 0 0 0 0 0
24200 -55 55 55 55 0 0 -55 0 0 0 -55 -55 -55 0 0 0 0 0 0
24200 55 -55 55 55 0 0 -55 0 0 0 -55 -55 -55 0 0 0 0 0 0
24200 55 55 -55 55 0 0 -55 0 0 0 -55 -55 -55 0 0 0 0 0 0
24200 -55 -55 -55 55 0 0 -55 0 0 0 -55 -55 -55 0 0 0 0 0 0
24200 55 55 55 -55 0 0 -55 0 0 0 -55 -55 -55 0 0 0 0 0 0
24200 -55 -55 55 -55 0 0 -55 0 0 0 -55 -55 -55 0 0 0 0 0 0
24200 -55 55 -55 -55 0 0 -55 0 0 0 -55 -55 -55 0 0 0 0 0 0
24200 55 -55 -55 -55 0 0 -55 0 0 0 -55 -55 -55 0 0 0 0 0 0
24200 0 0 0 55 55 0 0 0 55 0 55 55 55 0 0 0 0 -55 -55
24200 0 0 0 55 55 0 0 0 55 0 55 55 55 0 0 0 0 55 55
24200 0 0 0 -55 -55 0 0 0 55 0 55 55 55 0 0 0 0 -55 -55
24200 0 0 0 -55 -55 0 0 0 55 0 55 55 55 0 0 0 0 55 55
24200 0 0 0 -55 55 0 0 0 -55 0 55 55 55 0 0 0 0 -55 -55
24200 0 0 0 -55 55 0 0 0 -55 0 55 55 55 0 0 0 0 55 55
24200 0 0 0 55 -55 0 0 0 -55 0 55 55 55 0 0 0 0 -55 -55
24200 0 0 0 55 -55 0 0 0 -55 0 55 55 55 0 0 0 0 55 55
24200 0 0 0 -55 55 0 0 0 55 0 -55 55 55 0 0 0 0 -55 -55
24200 0 0 0 -55 55 0 0 0 55 0 -55 55 55 0 0 0 0 55 55
24200 0 0 0 55 -55 0 0 0 55 0 -55 55 55 0 0 0 0 -55 -55
24200 0 0 0 55 -55 0 0 0 55 0 -55 55 55 0 0 0 0 55 55
24200 0 0 0 55 55 0 0 0 -55 0 -55 55 55 0 0 0 0 -55 -55
24200 0 0 0 55 55 0 0 0 -55 0 -55 55 55 0 0 0 0 55 55
24200 0 0 0 -55 -55 0 0 0 -55 0 -55 55 55 0 0 0 0 -55 -55
24200 0 0 0 -55 -55 0 0 0 -55 0 -55 55 55 0 0 0 0 55 55
24200 0 0 0 -55 55 0 0 0 55 0 55 -55 55 0 0 0 0 -55 -55
24200 0 0 0 -55 55 0 0 0 55 0 55 -55 55 0 0 0 0 55 55
24200 0 0 0 55 -55 0 0 0 55 0 55 -55 55 0 0 0 0 -55 -55
24200 0 0 0 55 -55 0 0 0 55 0 55 -55 55 0 0 0 0 55 55
24200 0 0 0 55 55 0 0 0 -55 0 55 -55 55 0 0 0 0 -55 -55
24200 0 0 0 55 55 0 0 0 -55 0 55 -55 55 0 0 0 0 55 55
24200 0 0 0 -55 -55 0 0 0 -55 0 55 -55 55 0 0 0 0 -55 -55
24200 0 0 0 -55 -55 0 0 0 -55 0 55 -55 55 0 0 0 0 55 55
24200 0 0 0 55 55 0 0 0 55 0 -55 -55 55 0 0 0 0 -55 -55
24200 0 0 0 55 55 0 0 0 55 0 -55 -55 55 0 0 0 0 55 55
24200 0 0 0 -55 -55 0 0 0 55 0 -55 -55 55 0 0 0 0 -55 -55
24200 0 0 0 -55 -55 0 0 0 55 0 -55 -55 55 0 0 0 0 55 55
24200 0 0 0 -55 55 0 0 0 -55 0 -55 -55 55 0 0 0 0 -55 -55
24200 0 0 0 -55 55 0 0 0 -55 0 -55 -55 55 0 0 0 0 55 55
24200 0 0 0 55 -55 0 0 0 -55 0 -55 -55 55 0 0 0 0 -55 -55
24200 0 0 0 55 -55 0 0 0 -55 0 -55 -55 55 0 0 0 0 55 55
24200 0 0 0 -55 55 0 0 0 55 0 55 55 -55 0 0 0 0 -55 -55
24200 0 0 0 -55 55 0 0 0 55 0 55 55 -55 0 0 0 0 55 55
24200 0 0 0 55 -55 0 0 0 55 0 55 55 -55 0 0 0 0 -55 -55
24200 0 0 0 55 -55 0 0 0 55 0 55 55 -55 0 0 0 0 55 55
24200 0 0 0 55 55 0 0 0 -55 0 55 55 -55 0 0 0 0 -55 -55
24200 0 0 0 55 55 0 0 0 -55 0 55 55 -55 0 0 0 0 55 55
24200 0 0 0 -55 -55 0 0 0 -55 0 55 55 -55 0 0 0 0 -55 -55
24200 0 0 0 -55 -55 0 0 0 -55 0 55 55 -55 0 0 0 0 55 55
24200 0 0 0 55 55 0 0 0 55 0 -55 55 -55 0 0 0 0 -55 -55
24200 0 0 0 55 55 0 0 0 55 0 -55 55 -55 0 0 0 0 55 55
24200 0 0 0 -55 -55 0 0 0 55 0 -55 55 -55 0 0 0 0 -55 -55
24200 0 0 0 -55 -55 0 0 0 55 0 -55 55 -55 0 0 0 0 55 55
24200 0 0 0 -55 55 0 0 0 -55 0 -55 55 -55 0 0 0 0 -55 -55
24200 0 0 0 -55 55 0 0 0 -55 0 -55 55 -55 0 0 0 0 55 55
24200 0 0 0 55 -55 0 0 0 -55 0 -55 55 -55 0 0 0 0 -55 -55
24200 0 0 0 55 -55 0 0 0 -55 0 -55 55 -55 0 0 0 0 55 55
24200 0 0 0 55 55 0 0 0 55 0 55 -55 -55 0 0 0 0 -55 -55
24200 0 0 0 55 55 0 0 0 55 0 55 -55 -55 0 0 0 0 55 55
24200 0 0 0 -55 -55 0 0 0 55 0 55 -55 -55 0 0 0 0 -55 -55
24200 0 0 0 -55 -55 0 0 0 55 0 55 -55 -55 0 0 0 0 55 55
24200 0 0 0 -55 55 0 0 0 -55 0 55 -55 -55 0 0 0 0 -55 -55
24200 0 0 0 -55 55 0 0 0 -55 0 55 -55 -55 0 0 0 0 55 55
24200 0 0 0 55 -55 0 0 0 -55 0 55 -55 -55 0 0 0 0 -55 -55
24200 0 0 0 55 -55 0 0 0 -55 0 55 -55 -55 0 0 0 0 55 55
24200 0 0 0 -55 55 0 0 0 55 0 -55 -55 -55 0 0 0 0 -55 -55
24200 0 0 0 -55 55 0 0 0 55 0 -55 -55 -55 0 0 0 0 55 55
24200 0 0 0 55 -55 0 0 0 55 0 -55 -55 -55 0 0 0 0 -55 -55
24200 0 0 0 55 -55 0 0 0 55 0 -55 -55 -55 0 0 0 0 55 55
24200 0 0 0 55 55 0 0 0 -55 0 -55 -55 -55 0 0 0 0 -55 -55
24200 0 0 0 55 55 0 0 0 -55 0 -55 -55 -55 0 0 0 0 55 55
24200 0 0 0 -55 -55 0 0 0 -55 0 -55 -55 -55 0 0 0 0 -55 -55
24200 0 0 0 -55 -55 0 0 0 -55 0 -55 -55 -55 0 0 0 0 55 55
24200 0 0 0 0 0 0 55 55 0 55 55 55 55 0 0 0 -55 0 55
24200 0 0 0 0 0 0 55 55 0 55 55 55 55 0 0 0 55 0 -55
24200 0 0 0 0 0 0 -55 -55 0 55 55 55 55 0 0 0 -55 0 55
24200 0 0 0 0 0 0 -55 -55 0 55 55 55 55 0 0 0 55 0 -55
24200 0 0 0 0 0 0 -55 55 0 -55 55 55 55 0 0 0 -55 0 55
24200 0 0 0 0 0 0 -55 55 0 -55 55 55 55 0 0 0 55 0 -55
24200 0 0 0 0 0 0 55 -55 0 -55 55 55 55 0 0 0 -55 0 55
24200 0 0 0 0 0 0 55 -55 0 -55 55 55 55 0 0 0 55 0 -55
24200 0 0 0 0 0 0 -55 55 0 55 -55 55 55 0 0 0 -55 0 55
24200 0 0 0 0 0 0 -55 55 0 55 -55 55 55 0 0 0 55 0 -55
24200 0 0 0 0 0 0 55 -55 0 55 -55 55 55 0 0 0 -55 0 55
24200 0 0 0 0 0 0 55 -55 0 55 -55 55 55 0 0 0 55 0 -55
24200 0 0 0 0 0 0 55 55 0 -55 -55 55 55 0 0 0 -55 0 55
24200 0 0 0 0 0 0 55 55 0 -55 -55 55 55 0 0 0 55 0 -55
24200 0 0 0 0 0 0 -55 -55 0 -55 -55 55 55 0 0 0 -55 0 55
24200 0 0 0 0 0 0 -55 -55 0 -55 -55 55 55 0 0 0 55 0 -55
24200 0 0 0 0 0 0 -55 55 0 55 55 -55 55 0 0 0 -55 0 55
24200 0 0 0 0 0 0 -55 55 0 55 55 -55 55 0 0 0 55 0 -55
24200 0 0 0 0 0 0 55 -55 0 55 55 -55 55 0 0 0 -55 0 55
24200 0 0 0 0 0 0 55 -55 0 55 55 -55 55 0 0 0 55 0 -55
24200 0 0 0 0 0 0 55 55 0 -55 55 -55 55 0 0 0 -55 0 55
24200 0 0 0 0 0 0 55 55 0 -55 55 -55 55 0 0 0 55 0 -55
24200 0 0 0 0 0 0 -55 -55 0 -55 55 -55 55 0 0 0 -55 0 55
24200 0 0 0 0 0 0 -55 -55 0 -55 55 -55 55 0 0 0 55 0 -55
24200 0 0 0 0 0 0 55 55 0 55 -55 -55 55 0 0 0 -55 0 55
24200 0 0 0 0 0 0 55 55 0 55 -55 -55 55 0 0 0 55 0 -55
24200 0 0 0 0 0 0 -55 -55 0 55 -55 -55 55 0 0 0 -55 0 55
24200 0 0 0 0 0 0 -55 -55 0 55 -55 -55 55 0 0 0 55 0 -55
24200 0 0 0 0 0 0 -55 55 0 -55 -55 -55 55 0 0 0 -55 0 55
24200 0 0 0 0 0 0 -55 55 0 -55 -55 -55 55 0 0 0 55 0 -55
24200 0 0 0 0 0 0 55 -55 0 -55 -55 -55 55 0 0 0 -55 0 55
24200 0 0 0 0 0 0 55 -55 0 -55 -55 -55 55 0 0 0 55 0 -55
24200 0 0 0 0 0 0 -55 55 0 55 55 55 -55 0 0 0 -55 0 55
24200 0 0 0 0 0 0 -55 55 0 55 55 55 -55 0 0 0 55 0 -55
24200 0 0 0 0 0 0 55 -55 0 55 55 55 -55 0 0 0 -55 0 55
24200 0 0 0 0 0 0 55 -55 0 55 55 55 -55 0 0 0 55 0 -55
24200 0 0 0 0 0 0 55 55 0 -55 55 55 -55 0 0 0 -55 0 55
24200 0 0 0 0 0 0 55 55 0 -55 55 55 -55 0 0 0 55 0 -55
24200 0 0 0 0 0 0 -55 -55 0 -55 55 55 -55 0 0 0 -55 0 55
24200 0 0 0 0 0 0 -55 -55 0 -55 55 55 -55 0 0 0 55 0 -55
24200 0 0 0 0 0 0 55 55 0 55 -55 55 -55 0 0 0 -55 0 55
24200 0 0 0 0 0 0 55 55 0 55 -55 55 -55 0 0 0 55 0 -55
24200 0 0 0 0 0 0 -55 -55 0 55 -55 55 -55 0 0 0 -55 0 55
24200 0 0 0 0 0 0 -55 -55 0 55 -55 55 -55 0 0 0 55 0 -55
24200 0 0 0 0 0 0 -55 55 0 -55 -55 55 -55 0 0 0 -55 0 55
24200 0 0 0 0 0 0 -55 55 0 -55 -55 55 -55 0 0 0 55 0 -55
24200 0 0 0 0 0 0 55 -55 0 -55 -55 55 -55 0 0 0 -55 0 55
24200 0 0 0 0 0 0 55 -55 0 -55 -55 55 -55 0 0 0 55 0 -55
24200 0 0 0 0 0 0 55 55 0 55 55 -55 -55 0 0 0 -55 0 55
24200 0 0 0 0 0 0 55 55 0 55 55 -55 -55 0 0 0 55 0 -55
24200 0 0 0 0 0 0 -55 -55 0 55 55 -55 -55 0 0 0 -55 0 55
24200 0 0 0 0 0 0 -55 -55 0 55 55 -55 -55 0 0 0 55 0 -55
24200 0 0 0 0 0 0 -55 55 0 -55 55 -55 -55 0 0 0 -55 0 55
24200 0 0 0 0 0 0 -55 55 0 -55 55 -55 -55 0 0 0 55 0 -55
24200 0 0 0 0 0 0 55 -55 0 -55 55 -55 -55 0 0 0 -55 0 55
24200 0 0 0 0 0 0 55 -55 0 -55 55 -55 -55 0 0 0 55 0 -55
24200 0 0 0 0 0 0 -55 55 0 55 -55 -55 -55 0 0 0 -55 0 55
24200 0 0 0 0 0 0 -55 55 0 55 -55 -55 -55 0 0 0 55 0 -55
24200 0 0 0 0 0 0 55 -55 0 55 -55 -55 -55 0 0 0 -55 0 55
24200 0 0 0 0 0 0 55 -55 0 55 -55 -55 -55 0 0 0 55 0 -55
24200 0 0 0 0 0 0 55 55 0 -55 -55 -55 -55 0 0 0 -55 0 55
24200 0 0 0 0 0 0 55 55 0 -55 -55 -55 -55 0 0 0 55 0 -55
24200 0 0 0 0 0 0 -55 -55 0 -55 -55 -55 -55 0 0 0 -55 0 55
24200 0 0 0 0 0 0 -55 -55 0 -55 -55 -55 -55 0 0 0 55 0 -55
24200 0 0 55 55 55 55 0 55 0 0 0 0 0 55 0 0 0 -55 -55
24200 0 0 55 55 55 55 0 55 0 0 0 0 0 55 0 0 0 55 55
24200 0 0 -55 -55 55 55 0 55 0 0 0 0 0 55 0 0 0 -55 -55
24200 0 0 -55 -55 55 55 0 55 0 0 0 0 0 55 0 0 0 55 55
24200 0 0 -55 55 -55 55 0 55 0 0 0 0 0 55 0 0 0 -55 -55
24200 0 0 -55 55 -55 55 0 55 0 0 0 0 0 55 0 0 0 55 55
24200 0 0 55 -55 -55 55 0 55 0 0 0 0 0 55 0 0 0 -55 -55
24200 0 0 55 -55 -55 55 0 55 0 0 0 0 0 55 0 0 0 55 55
24200 0 0 -55 55 55 -55 0 55 0 0 0 0 0 55 0 0 0 -55 -55
24200 0 0 -55 55 55 -55 0 55 0 0 0 0 0 55 0 0 0 55 55
24200 0 0 55 -55 55 -55 0 55 0 0 0 0 0 55 0 0 0 -55 -55
24200 0 0 55 -55 55 -55 0 55 0 0 0 0 0 55 0 0 0 55 55
24200 0 0 55 55 -55 -55 0 55 0 0 0 0 0 55 0 0 0 -55 -55
24200 0 0 55 55 -55 -55 0 55 0 0 0 0 0 55 0 0 0 55 55
24200 0 0 -55 -55 -55 -55 0 55 0 0 0 0 0 55 0 0 0 -55 -55
24200 0 0 -55 -55 -55 -55 0 55 0 0 0 0 0 55 0 0 0 55 55
24200 0 0 -55 55 55 55 0 -55 0 0 0 0 0 55 0 0 0 -55 -55
24200 0 0 -55 55 55 55 0 -55 0 0 0 0 0 55 0 0 0 55 55
24200 0 0 55 -55 55 55 0 -55 0 0 0 0 0 55 0 0 0 -55 -55
24200 0 0 55 -55 55 55 0 -55 0 0 0 0 0 55 0 0 0 55 55
24200 0 0 55 55 -55 55 0 -55 0 0 0 0 0 55 0 0 0 -55 -55
24200 0 0 55 55 -55 55 0 -55 0 0 0 0 0 55 0 0 0 55 55
24200 0 0 -55 -55 -55 55 0 -55 0 0 0 0 0 55 0 0 0 -55 -55
24200 0 0 -55 -55 -55 55 0 -55 0 0 0 0 0 55 0 0 0 55 55
24200 0 0 55 55 55 -55 0 -55 0 0 0 0 0 55 0 0 0 -55 -55
24200 0 0 55 55 55 -55 0 -55 0 0 0 0 0 55 0 0 0 55 55
24200 0 0 -55 -55 55 -55 0 -55 0 0 0 0 0 55 0 0 0 -55 -55
24200 0 0 -55 -55 55 -55 0 -55 0 0 0 0 0 55 0 0 0 55 55
24200 0 0 -55 55 -55 -55 0 -55 0 0 0 0 0 55 0 0 0 -55 -55
24200 0 0 -55 55 -55 -55 0 -55 0 0 0 0 0 55 0 0 0 55 55
24200 0 0 55 -55 -55 -55 0 -55 0 0 0 0 0 55 0 0 0 -55 -55
24200 0 0 55 -55 -55 -55 0 -55 0 0 0 0 0 55 0 0 0 55 55
24200 0 0 -55 55 55 55 0 55 0 0 0 0 0 -55 0 0 0 -55 -55
24200 0 0 -55 55 55 55 0 55 0 0 0 0 0 -55 0 0 0 55 55
24200 0 0 55 -55 55 55 0 55 0 0 0 0 0 -55 0 0 0 -55 -55
24200 0 0 55 -55 55 55 0 55 0 0 0 0 0 -55 0 0 0 55 55
24200 0 0 55 55 -55 55 0 55 0 0 0 0 0 -55 0 0 0 -55 -55
24200 0 0 55 55 -55 55 0 55 0 0 0 0 0 -55 0 0 0 55 55
24200 0 0 -55 -55 -55 55 0 55 0 0 0 0 0 -55 0 0 0 -55 -55
24200 0 0 -55 -55 -55 55 0 55 0 0 0 0 0 -55 0 0 0 55 55
24200 0 0 55 55 55 -55 0 55 0 0 0 0 0 -55 0 0 0 -55 -55
24200 0 0 55 55 55 -55 0 55 0 0 0 0 0 -55 0 0 0 55 55
24200 0 0 -55 -55 55 -55 0 55 0 0 0 0 0 -55 0 0 0 -55 -55
24200 0 0 -55 -55 55 -55 0 55 0 0 0 0 0 -55 0 0 0 55 55
24200 0 0 -55 55 -55 -55 0 55 0 0 0 0 0 -55 0 0 0 -55 -55
24200 0 0 -55 55 -55 -55 0 55 0 0 0 0 0 -55 0 0 0 55 55
24200 0 0 55 -55 -55 -55 0 55 0 0 0 0 0 -55 0 0 0 -55 -55
24200 0 0 55 -55 -55 -55 0 55 0 0 0 0 0 -55 0 0 0 55 55
24200 0 0 55 55 55 55 0 -55 0 0 0 0 0 -55 0 0 0 -55 -55
24200 0 0 55 55 55 55 0 -55 0 0 0 0 0 -55 0 0 0 55 55
24200 0 0 -55 -55 55 55 0 -55 0 0 0 0 0 -55 0 0 0 -55 -55
24200 0 0 -55 -55 55 55 0 -55 0 0 0 0 0 -55 0 0 0 55 55
24200 0 0 -55 55 -55 55 0 -55 0 0 0 0 0 -55 0 0 0 -55 -55
24200 0 0 -55 55 -55 55 0 -55 0 0 0 0 0 -55 0 0 0 55 55
24200 0 0 55 -55 -55 55 0 -55 0 0 0 0 0 -55 0 0 0 -55 -55
24200 0 0 55 -55 -55 55 0 -55 0 0 0 0 0 -55 0 0 0 55 55
24200 0 0 -55 55 55 -55 0 -55 0 0 0 0 0 -55 0 0 0 -55 -55
24200 0 0 -55 55 55 -55 0 -55 0 0 0 0 0 -55 0 0 0 55 55
24200 0 0 55 -55 55 -55 0 -55 0 0 0 0 0 -55 0 0 0 -55 -55
24200 0 0 55 -55 55 -55 0 -55 0 0 0 0 0 -55 0 0 0 55 55
24200 0 0 55 55 -55 -55 0 -55 0 0 0 0 0 -55 0 0 0 -55 -55
24200 0 0 55 55 -55 -55 0 -55 0 0 0 0 0 -55 0 0 0 55 55
24200 0 0 -55 -55 -55 -55 0 -55 0 0 0 0 0 -55 0 0 0 -55 -55
24200 0 0 -55 -55 -55 -55 0 -55 0 0 0 0 0 -55 0 0 0 55 55
24200 -55 55 0 55 0 55 55 55 55 0 0 0 0 55 0 0 0 0 0
24200 55 -55 0 55 0 55 55 55 55 0 0 0 0 55 0 0 0 0 0
24200 55 55 0 -55 0 55 55 55 55 0 0 0 0 55 0 0 0 0 0
24200 -55 -55 0 -55 0 55 55 55 55 0 0 0 0 55 0 0 0 0 0
24200 55 55 0 55 0 -55 55 55 55 0 0 0 0 55 0 0 0 0 0
24200 -55 -55 0 55 0 -55 55 55 55 0 0 0 0 55 0 0 0 0 0
24200 -55 55 0 -55 0 -55 55 55 55 0 0 0 0 55 0 0 0 0 0
24200 55 -55 0 -55 0 -55 55 55 55 0 0 0 0 55 0 0 0 0 0
24200 55 55 0 55 0 55 -55 55 55 0 0 0 0 55 0 0 0 0 0
24200 -55 -55 0 55 0 55 -55 55 55 0 0 0 0 55 0 0 0 0 0
24200 -55 55 0 -55 0 55 -55 55 55 0 0 0 0 55 0 0 0 0 0
24200 55 -55 0 -55 0 55 -55 55 55 0 0 0 0 55 0 0 0 0 0
24200 -55 55 0 55 0 -55 -55 55 55 0 0 0 0 55 0 0 0 0 0
24200 55 -55 0 55 0 -55 -55 55 55 0 0 0 0 55 0 0 0 0 0
24200 55 55 0 -55 0 -55 -55 55 55 0 0 0 0 55 0 0 0 0 0
24200 -55 -55 0 -55 0 -55 -55 55 55 0 0 0 0 55 0 0 0 0 0
24200 55 55 0 55 0 55 55 -55 55 0 0 0 0 55 0 0 0 0 0
24200 -55 -55 0 55 0 55 55 -55 55 0 0 0 0 55 0 0 0 0 0
24200 -55 55 0 -55 0 55 55 -55 55 0 0 0 0 55 0 0 0 0 0
24200 55 -55 0 -55 0 55 55 -55 55 0 0 0 0 55 0 0 0 0 0
24200 -55 55 0 55 0 -55 55 -55 55 0 0 0 0 55 0 0 0 0 0
24200 55 -55 0 55 0 -55 55 -55 55 0 0 0 0 55 0 0 0 0 0
24200 55 55 0 -55 0 -55 55 -55 55 0 0 0 0 55 0 0 0 0 0
24200 -55 -55 0 -55 0 -55 55 -55 55 0 0 0 0 55 0 0 0 0 0
24200 -55 55 0 55 0 55 -55 -55 55 0 0 0 0 55 0 0 0 0 0
24200 55 -55 0 55 0 55 -55 -55 55 0 0 0 0 55 0 0 0 0 0
24200 55 55 0 -55 0 55 -55 -55 55 0 0 0 0 55 0 0 0 0 0
24200 -55 -55 0 -55 0 55 -55 -55 55 0 0 0 0 55 0 0 0 0 0
24200 55 55 0 55 0 -55 -55 -55 55 0 0 0 0 55 0 0 0 0 0
24200 -55 -55 0 55 0 -55 -55 -55 55 0 0 0 0 55 0 0 0 0 0
24200 -55 55 0 -55 0 -55 -55 -55 55 0 0 0 0 55 0 0 0 0 0
24200 55 -55 0 -55 0 -55 -55 -55 55 0 0 0 0 55 0 0 0 0 0
24200 55 55 0 55 0 55 55 55 -55 0 0 0 0 55 0 0 0 0 0
24200 -55 -55 0 55 0 55 55 55 -55 0 0 0 0 55 0 0 0 0 0
24200 -55 55 0 -55 0 55 55 55 -55 0 0 0 0 55 0 0 0 0 0
24200 55 -55 0 -55 0 55 55 55 -55 0 0 0 0 55 0 0 0 0 0
24200 -55 55 0 55 0 -55 55 55 -55 0 0 0 0 55 0 0 0 0 0
24200 55 -55 0 55 0 -55 55 55 -55 0 0 0 0 55 0 0 0 0 0
24200 55 55 0 -55 0 -55 55 55 -55 0 0 0 0 55 0 0 0 0 0
24200 -55 -55 0 -55 0 -55 55 55 -55 0 0 0 0 55 0 0 0 0 0
24200 -55 55 0 55 0 55 -55 55 -55 0 0 0 0 55 0 0 0 0 0
24200 55 -55 0 55 0 55 -55 55 -55 0 0 0 0 55 0 0 0 0 0
24200 55 55 0 -55 0 55 -55 55 -55 0 0 0 0 55 0 0 0 0 0
24200 -55 -55 0 -55 0 55 -55 55 -55 0 0 0 0 55 0 0 0 0 0
24200 55 55 0 55 0 -55 -55 55 -55 0 0 0 0 55 0 0 0 0 0
24200 -55 -55 0 55 0 -55 -55 55 -55 0 0 0 0 55 0 0 0 0 0
24200 -55 55 0 -55 0 -55 -55 55 -55 0 0 0 0 55 0 0 0 0 0
24200 55 -55 0 -55 0 -55 -55 55 -55 0 0 0 0 55 0 0 0 0 0
24200 -55 55 0 55 0 55 55 -55 -55 0 0 0 0 55 0 0 0 0 0
24200 55 -55 0 55 0 55 55 -55 -55 0 0 0 0 55 0 0 0 0 0
24200 55 55 0 -55 0 55 55 -55 -55 0 0 0 0 55 0 0 0 0 0
24200 -55 -55 0 -55 0 55 55 -55 -55 0 0 0 0 55 0 0 0 0 0
24200 55 55 0 55 0 -55 55 -55 -55 0 0 0 0 55 0 0 0 0 0
24200 -55 -55 0 55 0 -55 55 -55 -55 0 0 0 0 55 0 0 0 0 0
24200 -55 55 0 -55 0 -55 55 -55 -55 0 0 0 0 55 0 0 0 0 0
24200 55 -55 0 -55 0 -55 55 -55 -55 0 0 0 0 55 0 0 0 0 0
24200 55 55 0 55 0 55 -55 -55 -55 0 0 0 0 55 0 0 0 0 0
24200 -55 -55 0 55 0 55 -55 -55 -55 0 0 0 0 55 0 0 0 0 0
24200 -55 55 0 -55 0 55 -55 -55 -55 0 0 0 0 55 0 0 0 0 0
24200 55 -55 0 -55 0 55 -55 -55 -55 0 0 0 0 55 0 0 0 0 0
24200 -55 55 0 55 0 -55 -55 -55 -55 0 0 0 0 55 0 0 0 0 0
24200 55 -55 0 55 0 -55 -55 -55 -55 0 0 0 0 55 0 0 0 0 0
24200 55 55 0 -55 0 -55 -55 -55 -55 0 0 0 0 55 0 0 0 0 0
24200 -55 -55 0 -55 0 -55 -55 -55 -55 0 0 0 0 55 0 0 0 0 0
24200 55 55 0 55 0 55 55 55 55 0 0 0 0 -55 0 0 0 0 0
24200 -55 -55 0 55 0 55 55 55 55 0 0 0 0 -55 0 0 0 0 0
24200 -55 55 0 -55 0 55 55 55 55 0 0 0 0 -55 0 0 0 0 0
24200 55 -55 0 -55 0 55 55 55 55 0 0 0 0 -55 0 0 0 0 0
24200 -55 55 0 55 0 -55 55 55 55 0 0 0 0 -55 0 0 0 0 0
24200 55 -55 0 55 0 -55 55 55 55 0 0 0 0 -55 0 0 0 0 0
24200 55 55 0 -55 0 -55 55 55 55 0 0 0 0 -55 0 0 0 0 0
24200 -55 -55 0 -55 0 -55 55 55 55 0 0 0 0 -55 0 0 0 0 0
24200 -55 55 0 55 0 55 -55 55 55 0 0 0 0 -55 0 0 0 0 0
24200 55 -55 0 55 0 55 -55 55 55 0 0 0 0 -55 0 0 0 0 0
24200 55 55 0 -55 0 55 -55 55 55 0 0 0 0 -55 0 0 0 0 0
24200 -55 -55 0 -55 0 55 -55 55 55 0 0 0 0 -55 0 0 0 0 0
24200 55 55 0 55 0 -55 -55 55 55 0 0 0 0 -55 0 0 0 0 0
24200 -55 -55 0 55 0 -55 -55 55 55 0 0 0 0 -55 0 0 0 0 0
24200 -55 55 0 -55 0 -55 -55 55 55 0 0 0 0 -55 0 0 0 0 0
24200 55 -55 0 -55 0 -55 -55 55 55 0 0 0 0 -55 0 0 0 0 0
24200 -55 55 0 55 0 55 55 -55 55 0 0 0 0 -55 0 0 0 0 0
24200 55 -55 0 55 0 55 55 -55 55 0 0 0 0 -55 0 0 0 0 0
24200 55 55 0 -55 0 55 55 -55 55 0 0 0 0 -55 0 0 0 0 0
24200 -55 -55 0 -55 0 55 55 -55 55 0 0 0 0 -55 0 0 0 0 0
24200 55 55 0 55 0 -55 55 -55 55 0 0 0 0 -55 0 0 0 0 0
24200 -55 -55 0 55 0 -55 55 -55 55 0 0 0 0 -55 0 0 0 0 0
24200 -55 55 0 -55 0 -55 55 -55 55 0 0 0 0 -55 0 0 0 0 0
24200 55 -55 0 -55 0 -55 55 -55 55 0 0 0 0 -55 0 0 0 0 0
24200 55 55 0 55 0 55 -55 -55 55 0 0 0 0 -55 0 0 0 0 0
24200 -55 -55 0 55 0 55 -55 -55 55 0 0 0 0 -55 0 0 0 0 0
24200 -55 55 0 -55 0 55 -55 -55 55 0 0 0 0 -55 0 0 0 0 0
24200 55 -55 0 -55 0 55 -55 -55 55 0 0 0 0 -55 0 0 0 0 0
24200 -55 55 0 55 0 -55 -55 -55 55 0 0 0 0 -55 0 0 0 0 0
24200 55 -55 0 55 0 -55 -55 -55 55 0 0 0 0 -55 0 0 0 0 0
24200 55 55 0 -55 0 -55 -55 -55 55 0 0 0 0 -55 0 0 0 0 0
24200 -55 -55 0 -55 0 -55 -55 -55 55 0 0 0 0 -55 0 0 0 0 0
24200 -55 55 0 55 0 55 55 55 -55 0 0 0 0 -55 0 0 0 0 0
24200 55 -55 0 55 0 55 55 55 -55 0 0 0 0 -55 0 0 0 0 0
24200 55 55 0 -55 0 55 55 55 -55 0 0 0 0 -55 0 0 0 0 0
24200 -55 -55 0 -55 0 55 55 55 -55 0 0 0 0 -55 0 0 0 0 0
24200 55 55 0 55 0 -55 55 55 -55 0 0 0 0 -55 0 0 0 0 0
24200 -55 -55 0 55 0 -55 55 55 -55 0 0 0 0 -55 0 0 0 0 0
24200 -55 55 0 -55 0 -55 55 55 -55 0 0 0 0 -55 0 0 0 0 0
24200 55 -55 0 -55 0 -55 55 55 -55 0 0 0 0 -55 0 0 0 0 0
24200 55 55 0 55 0 55 -55 55 -55 0 0 0 0 -55 0 0 0 0 0
24200 -55 -55 0 55 0 55 -55 55 -55 0 0 0 0 -55 0 0 0 0 0
24200 -55 55 0 -55 0 55 -55 55 -55 0 0 0 0 -55 0 0 0 0 0
24200 55 -55 0 -55 0 55 -55 55 -55 0 0 0 0 -55 0 0 0 0 0
24200 -55 55 0 55 0 -55 -55 55 -55 0 0 0 0 -55 0 0 0 0 0
24200 55 -55 0 55 0 -55 -55 55 -55 0 0 0 0 -55 0 0 0 0 0
24200 55 55 0 -55 0 -55 -55 55 -55 0 0 0 0 -55 0 0 0 0 0
24200 -55 -55 0 -55 0 -55 -55 55 -55 0 0 0 0 -55 0 0 0 0 0
24200 55 55 0 55 0 55 55 -55 -55 0 0 0 0 -55 0 0 0 0 0
24200 -55 -55 0 55 0 55 55 -55 -55 0 0 0 0 -55 0 0 0 0 0
24200 -55 55 0 -55 0 55 55 -55 -55 0 0 0 0 -55 0 0 0 0 0
24200 55 -55 0 -55 0 55 55 -55 -55 0 0 0 0 -55 0 0 0 0 0
24200 -55 55 0 55 0 -55 55 -55 -55 0 0 0 0 -55 0 0 0 0 0
24200 55 -55 0 55 0 -55 55 -55 -55 0 0 0 0 -55 0 0 0 0 0
24200 55 55 0 -55 0 -55 55 -55 -55 0 0 0 0 -55 0 0 0 0 0
24200 -55 -55 0 -55 0 -55 55 -55 -55 0 0 0 0 -55 0 0 0 0 0
24200 -55 55 0 55 0 55 -55 -55 -55 0 0 0 0 -55 0 0 0 0 0
24200 55 -55 0 55 0 55 -55 -55 -55 0 0 0 0 -55 0 0 0 0 0
24200 55 55 0 -55 0 55 -55 -55 -55 0 0 0 0 -55 0 0 0 0 0
24200 -55 -55 0 -55 0 55 -55 -55 -55 0 0 0 0 -55 0 0 0 0 0
24200 55 55 0 55 0 -55 -55 -55 -55 0 0 0 0 -55 0 0 0 0 0
24200 -55 -55 0 55 0 -55 -55 -55 -55 0 0 0 0 -55 0 0 0 0 0
24200 -55 55 0 -55 0 -55 -55 -55 -55 0 0 0 0 -55 0 0 0 0 0
24200 55 -55 0 -55 0 -55 -55 -55 -55 0 0 0 0 -55 0 0 0 0 0
24200 55 55 0 0 55 55 0 0 0 55 0 0 0 55 0 0 -55 -55 0
24200 -55 -55 0 0 55 55 0 0 0 55 0 0 0 55 0 0 -55 -55 0
24200 -55 55 0 0 -55 55 0 0 0 55 0 0 0 55 0 0 -55 -55 0
24200 55 -55 0 0 -55 55 0 0 0 55 0 0 0 55 0 0 -55 -55 0
24200 55 55 0 0 55 55 0 0 0 55 0 0 0 55 0 0 55 55 0
24200 -55 -55 0 0 55 55 0 0 0 55 0 0 0 55 0 0 55 55 0
24200 -55 55 0 0 -55 55 0 0 0 55 0 0 0 55 0 0 55 55 0
24200 55 -55 0 0 -55 55 0 0 0 55 0 0 0 55 0 0 55 55 0
24200 -55 55 0 0 55 -55 0 0 0 55 0 0 0 55 0 0 -55 -55 0
24200 55 -55 0 0 55 -55 0 0 0 55 0 0 0 55 0 0 -55 -55 0
24200 55 55 0 0 -55 -55 0 0 0 55 0 0 0 55 0 0 -55 -55 0
24200 -55 -55 0 0 -55 -55 0 0 0 55 0 0 0 55 0 0 -55 -55 0
24200 -55 55 0 0 55 -55 0 0 0 55 0 0 0 55 0 0 55 55 0
24200 55 -55 0 0 55 -55 0 0 0 55 0 0 0 55 0 0 55 55 0
24200 55 55 0 0 -55 -55 0 0 0 55 0 0 0 55 0 0 55 55 0
24200 -55 -55 0 0 -55 -55 0 0 0 55 0 0 0 55 0 0 55 55 0
24200 -55 55 0 0 55 55 0 0 0 -55 0 0 0 55 0 0 -55 -55 0
24200 55 -55 0 0 55 55 0 0 0 -55 0 0 0 55 0 0 -55 -55 0
24200 55 55 0 0 -55 55 0 0 0 -55 0 0 0 55 0 0 -55 -55 0
24200 -55 -55 0 0 -55 55 0 0 0 -55 0 0 0 55 0 0 -55 -55 0
24200 -55 55 0 0 55 55 0 0 0 -55 0 0 0 55 0 0 55 55 0
24200 55 -55 0 0 55 55 0 0 0 -55 0 0 0 55 0 0 55 55 0
24200 55 55 0 0 -55 55 0 0 0 -55 0 0 0 55 0 0 55 55 0
24200 -55 -55 0 0 -55 55 0 0 0 -55 0 0 0 55 0 0 55 55 0
24200 55 55 0 0 55 -55 0 0 0 -55 0 0 0 55 0 0 -55 -55 0
24200 -55 -55 0 0 55 -55 0 0 0 -55 0 0 0 55 0 0 -55 -55 0
24200 -55 55 0 0 -55 -55 0 0 0 -55 0 0 0 55 0 0 -55 -55 0
24200 55 -55 0 0 -55 -55 0 0 0 -55 0 0 0 55 0 0 -55 -55 0
24200 55 55 0 0 55 -55 0 0 0 -55 0 0 0 55 0 0 55 55 0
24200 -55 -55 0 0 55 -55 0 0 0 -55 0 0 0 55 0 0 55 55 0
24200 -55 55 0 0 -55 -55 0 0 0 -55 0 0 0 55 0 0 55 55 0
24200 55 -55 0 0 -55 -55 0 0 0 -55 0 0 0 55 0 0 55 55 0
24200 -55 55 0 0 55 55 0 0 0 55 0 0 0 -55 0 0 -55 -55 0
24200 55 -55 0 0 55 55 0 0 0 55 0 0 0 -55 0 0 -55 -55 0
24200 55 55 0 0 -55 55 0 0 0 55 0 0 0 -55 0 0 -55 -55 0
24200 -55 -55 0 0 -55 55 0 0 0 55 0 0 0 -55 0 0 -55 -55 0
24200 -55 55 0 0 55 55 0 0 0 55 0 0 0 -55 0 0 55 55 0
24200 55 -55 0 0 55 55 0 0 0 55 0 0 0 -55 0 0 55 55 0
24200 55 55 0 0 -55 55 0 0 0 55 0 0 0 -55 0 0 55 55 0
24200 -55 -55 0 0 -55 55 0 0 0 55 0 0 0 -55 0 0 55 55 0
24200 55 55 0 0 55 -55 0 0 0 55 0 0 0 -55 0 0 -55 -55 0
24200 -55 -55 0 0 55 -55 0 0 0 55 0 0 0 -55 0 0 -55 -55 0
24200 -55 55 0 0 -55 -55 0 0 0 55 0 0 0 -55 0 0 -55 -55 0
24200 55 -55 0 0 -55 -55 0 0 0 55 0 0 0 -55 0 0 -55 -55 0
24200 55 55 0 0 55 -55 0 0 0 55 0 0 0 -55 0 0 55 55 0
24200 -55 -55 0 0 55 -55 0 0 0 55 0 0 0 -55 0 0 55 55 0
24200 -55 55 0 0 -55 -55 0 0 0 55 0 0 0 -55 0 0 55 55 0
24200 55 -55 0 0 -55 -55 0 0 0 55 0 0 0 -55 0 0 55 55 0
24200 55 55 0 0 55 55 0 0 0 -55 0 0 0 -55 0 0 -55 -55 0
24200 -55 -55 0 0 55 55 0 0 0 -55 0 0 0 -55 0 0 -55 -55 0
24200 -55 55 0 0 -55 55 0 0 0 -55 0 0 0 -55 0 0 -55 -55 0
24200 55 -55 0 0 -55 55 0 0 0 -55 0 0 0 -55 0 0 -55 -55 0
24200 55 55 0 0 55 55 0 0 0 -55 0 0 0 -55 0 0 55 55 0
24200 -55 -55 0 0 55 55 0 0 0 -55 0 0 0 -55 0 0 55 55 0
24200 -55 55 0 0 -55 55 0 0 0 -55 0 0 0 -55 0 0 55 55 0
24200 55 -55 0 0 -55 55 0 0 0 -55 0 0 0 -55 0 0 55 55 0
24200 -55 55 0 0 55 -55 0 0 0 -55 0 0 0 -55 0 0 -55 -55 0
24200 55 -55 0 0 55 -55 0 0 0 -55 0 0 0 -55 0 0 -55 -55 0
24200 55 55 0 0 -55 -55 0 0 0 -55 0 0 0 -55 0 0 -55 -55 0
24200 -55 -55 0 0 -55 -55 0 0 0 -55 0 0 0 -55 0 0 -55 -55 0
24200 -55 55 0 0 55 -55 0 0 0 -55 0 0 0 -55 0 0 55 55 0
24200 55 -55 0 0 55 -55 0 0 0 -55 0 0 0 -55 0 0 55 55 0
24200 55 55 0 0 -55 -55 0 0 0 -55 0 0 0 -55 0 0 55 55 0
24200 -55 -55 0 0 -55 -55 0 0 0 -55 0 0 0 -55 0 0 55 55 0
24200 0 0 55 0 0 55 55 0 55 55 0 0 0 55 0 0 -55 0 55
24200 0 0 55 0 0 55 55 0 55 55 0 0 0 55 0 0 55 0 -55
24200 0 0 -55 0 0 -55 55 0 55 55 0 0 0 55 0 0 -55 0 55
24200 0 0 -55 0 0 -55 55 0 55 55 0 0 0 55 0 0 55 0 -55
24200 0 0 -55 0 0 55 -55 0 55 55 0 0 0 55 0 0 -55 0 55
24200 0 0 -55 0 0 55 -55 0 55 55 0 0 0 55 0 0 55 0 -55
24200 0 0 55 0 0 -55 -55 0 55 55 0 0 0 55 0 0 -55 0 55
24200 0 0 55 0 0 -55 -55 0 55 55 0 0 0 55 0 0 55 0 -55
24200 0 0 -55 0 0 55 55 0 -55 55 0 0 0 55 0 0 -55 0 55
24200 0 0 -55 0 0 55 55 0 -55 55 0 0 0 55 0 0 55 0 -55
24200 0 0 55 0 0 -55 55 0 -55 55 0 0 0 55 0 0 -55 0 55
24200 0 0 55 0 0 -55 55 0 -55 55 0 0 0 55 0 0 55 0 -55
24200 0 0 55 0 0 55 -55 0 -55 55 0 0 0 55 0 0 -55 0 55
24200 0 0 55 0 0 55 -55 0 -55 55 0 0 0 55 0 0 55 0 -55
24200 0 0 -55 0 0 -55 -55 0 -55 55 0 0 0 55 0 0 -55 0 55
24200 0 0 -55 0 0 -55 -55 0 -55 55 0 0 0 55 0 0 55 0 -55
24200 0 0 -55 0 0 55 55 0 55 -55 0 0 0 55 0 0 -55 0 55
24200 0 0 -55 0 0 55 55 0 55 -55 0 0 0 55 0 0 55 0 -55
24200 0 0 55 0 0 -55 55 0 55 -55 0 0 0 55 0 0 -55 0 55
24200 0 0 55 0 0 -55 55 0 55 -55 0 0 0 55 0 0 55 0 -55
24200 0 0 55 0 0 55 -55 0 55 -55 0 0 0 55 0 0 -55 0 55
24200 0 0 55 0 0 55 -55 0 55 -55 0 0 0 55 0 0 55 0 -55
24200 0 0 -55 0 0 -55 -55 0 55 -55 0 0 0 55 0 0 -55 0 55
24200 0 0 -55 0 0 -55 -55 0 55 -55 0 0 0 55 0 0 55 0 -55
24200 0 0 55 0 0 55 55 0 -55 -55 0 0 0 55 0 0 -55 0 55
24200 0 0 55 0 0 55 55 0 -55 -55 0 0 0 55 0 0 55 0 -55
24200 0 0 -55 0 0 -55 55 0 -55 -55 0 0 0 55 0 0 -55 0 55
24200 0 0 -55 0 0 -55 55 0 -55 -55 0 0 0 55 0 0 55 0 -55
24200 0 0 -55 0 0 55 -55 0 -55 -55 0 0 0 55 0 0 -55 0 55
24200 0 0 -55 0 0 55 -55 0 -55 -55 0 0 0 55 0 0 55 0 -55
24200 0 0 55 0 0 -55 -55 0 -55 -55 0 0 0 55 0 0 -55 0 55
24200 0 0 55 0 0 -55 -55 0 -55 -55 0 0 0 55 0 0 55 0 -55
24200 0 0 -55 0 0 55 55 0 55 55 0 0 0 -55 0 0 -55 0 55
24200 0 0 -55 0 0 55 55 0 55 55 0 0 0 -55 0 0 55 0 -55
24200 0 0 55 0 0 -55 55 0 55 55 0 0 0 -55 0 0 -55 0 55
24200 0 0 55 0 0 -55 55 0 55 55 0 0 0 -55 0 0 55 0 -55
24200 0 0 55 0 0 55 -55 0 55 55 0 0 0 -55 0 0 -55 0 55
24200 0 0 55 0 0 55 -55 0 55 55 0 0 0 -55 0 0 55 0 -55
24200 0 0 -55 0 0 -55 -55 0 55 55 0 0 0 -55 0 0 -55 0 55
24200 0 0 -55 0 0 -55 -55 0 55 55 0 0 0 -55 0 0 55 0 -55
24200 0 0 55 0 0 55 55 0 -55 55 0 0 0 -55 0 0 -55 0 55
24200 0 0 55 0 0 55 55 0 -55 55 0 0 0 -55 0 0 55 0 -55
24200 0 0 -55 0 0 -55 55 0 -55 55 0 0 0 -55 0 0 -55 0 55
24200 0 0 -55 0 0 -55 55 0 -55 55 0 0 0 -55 0 0 55 0 -55
24200 0 0 -55 0 0 55 -55 0 -55 55 0 0 0 -55 0 0 -55 0 55
24200 0 0 -55 0 0 55 -55 0 -55 55 0 0 0 -55 0 0 55 0 -55
24200 0 0 55 0 0 -55 -55 0 -55 55 0 0 0 -55 0 0 -55 0 55
24200 0 0 55 0 0 -55 -55 0 -55 55 0 0 0 -55 0 0 55 0 -55
24200 0 0 55 0 0 55 55 0 55 -55 0 0 0 -55 0 0 -55 0 55
24200 0 0 55 0 0 55 55 0 55 -55 0 0 0 -55 0 0 55 0 -55
24200 0 0 -55 0 0 -55 55 0 55 -55 0 0 0 -55 0 0 -55 0 55
24200 0 0 -55 0 0 -55 55 0 55 -55 0 0 0 -55 0 0 55 0 -55
24200 0 0 -55 0 0 55 -55 0 55 -55 0 0 0 -55 0 0 -55 0 55
24200 0 0 -55 0 0 55 -55 0 55 -55 0 0 0 -55 0 0 55 0 -55
24200 0 0 55 0 0 -55 -55 0 55 -55 0 0 0 -55 0 0 -55 0 55
24200 0 0 55 0 0 -55 -55 0 55 -55 0 0 0 -55 0 0 55 0 -55
24200 0 0 -55 0 0 55 55 0 -55 -55 0 0 0 -55 0 0 -55 0 55
24200 0 0 -55 0 0 55 55 0 -55 -55 0 0 0 -55 0 0 55 0 -55
24200 0 0 55 0 0 -55 55 0 -55 -55 0 0 0 -55 0 0 -55 0 55
24200 0 0 55 0 0 -55 55 0 -55 -55 0 0 0 -55 0 0 55 0 -55
24200 0 0 55 0 0 55 -55 0 -55 -55 0 0 0 -55 0 0 -55 0 55
24200 0 0 55 0 0 55 -55 0 -55 -55 0 0 0 -55 0 0 55 0 -55
24200 0 0 -55 0 0 -55 -55 0 -55 -55 0 0 0 -55 0 0 -55 0 55
24200 0 0 -55 0 0 -55 -55 0 -55 -55 0 0 0 -55 0 0 55 0 -55
24200 55 0 55 0 0 0 55 55 0 0 55 0 0 55 0 0 -55 55 0
24200 -55 0 -55 0 0 0 55 55 0 0 55 0 0 55 0 0 -55 55 0
24200 55 0 55 0 0 0 55 55 0 0 55 0 0 55 0 0 55 -55 0
24200 -55 0 -55 0 0 0 55 55 0 0 55 0 0 55 0 0 55 -55 0
24200 -55 0 55 0 0 0 -55 55 0 0 55 0 0 55 0 0 -55 55 0
24200 55 0 -55 0 0 0 -55 55 0 0 55 0 0 55 0 0 -55 55 0
24200 -55 0 55 0 0 0 -55 55 0 0 55 0 0 55 0 0 55 -55 0
24200 55 0 -55 0 0 0 -55 55 0 0 55 0 0 55 0 0 55 -55 0
24200 -55 0 55 0 0 0 55 -55 0 0 55 0 0 55 0 0 -55 55 0
24200 55 0 -55 0 0 0 55 -55 0 0 55 0 0 55 0 0 -55 55 0
24200 -55 0 55 0 0 0 55 -55 0 0 55 0 0 55 0 0 55 -55 0
24200 55 0 -55 0 0 0 55 -55 0 0 55 0 0 55 0 0 55 -55 0
24200 55 0 55 0 0 0 -55 -55 0 0 55 0 0 55 0 0 -55 55 0
24200 -55 0 -55 0 0 0 -55 -55 0 0 55 0 0 55 0 0 -55 55 0
24200 55 0 55 0 0 0 -55 -55 0 0 55 0 0 55 0 0 55 -55 0
24200 -55 0 -55 0 0 0 -55 -55 0 0 55 0 0 55 0 0 55 -55 0
24200 -55 0 55 0 0 0 55 55 0 0 -55 0 0 55 0 0 -55 55 0
24200 55 0 -55 0 0 0 55 55 0 0 -55 0 0 55 0 0 -55 55 0
24200 -55 0 55 0 0 0 55 55 0 0 -55 0 0 55 0 0 55 -55 0
24200 55 0 -55 0 0 0 55 55 0 0 -55 0 0 55 0 0 55 -55 0
24200 55 0 55 0 0 0 -55 55 0 0 -55 0 0 55 0 0 -55 55 0
24200 -55 0 -55 0 0 0 -55 55 0 0 -55 0 0 55 0 0 -55 55 0
24200 55 0 55 0 0 0 -55 55 0 0 -55 0 0 55 0 0 55 -55 0
24200 -55 0 -55 0 0 0 -55 55 0 0 -55 0 0 55 0 0 55 -55 0
24200 55 0 55 0 0 0 55 -55 0 0 -55 0 0 55 0 0 -55 55 0
24200 -55 0 -55 0 0 0 55 -55 0 0 -55 0 0 55 0 0 -55 55 0
24200 55 0 55 0 0 0 55 -55 0 0 -55 0 0 55 0 0 55 -55 0
24200 -55 0 -55 0 0 0 55 -55 0 0 -55 0 0 55 0 0 55 -55 0
24200 -55 0 55 0 0 0 -55 -55 0 0 -55 0 0 55 0 0 -55 55 0
24200 55 0 -55 0 0 0 -55 -55 0 0 -55 0 0 55 0 0 -55 55 0
24200 -55 0 55 0 0 0 -55 -55 0 0 -55 0 0 55 0 0 55 -55 0
24200 55 0 -55 0 0 0 -55 -55 0 0 -55 0 0 55 0 0 55 -55 0
24200 -55 0 55 0 0 0 55 55 0 0 55 0 0 -55 0 0 -55 55 0
24200 55 0 -55 0 0 0 55 55 0 0 55 0 0 -55 0 0 -55 55 0
24200 -55 0 55 0 0 0 55 55 0 0 55 0 0 -55 0 0 55 -55 0
24200 55 0 -55 0 0 0 55 55 0 0 55 0 0 -55 0 0 55 -55 0
24200 55 0 55 0 0 0 -55 55 0 0 55 0 0 -55 0 0 -55 55 0
24200 -55 0 -55 0 0 0 -55 55 0 0 55 0 0 -55 0 0 -55 55 0
24200 55 0 55 0 0 0 -55 55 0 0 55 0 0 -55 0 0 55 -55 0
24200 -55 0 -55 0 0 0 -55 55 0 0 55 0 0 -55 0 0 55 -55 0
24200 55 0 55 0 0 0 55 -55 0 0 55 0 0 -55 0 0 -55 55 0
24200 -55 0 -55 0 0 0 55 -55 0 0 55 0 0 -55 0 0 -55 55 0
24200 55 0 55 0 0 0 55 -55 0 0 55 0 0 -55 0 0 55 -55 0
24200 -55 0 -55 0 0 0 55 -55 0 0 55 0 0 -55 0 0 55 -55 0
24200 -55 0 55 0 0 0 -55 -55 0 0 55 0 0 -55 0 0 -55 55 0
24200 55 0 -55 0 0 0 -55 -55 0 0 55 0 0 -55 0 0 -55 55 0
24200 -55 0 55 0 0 0 -55 -55 0 0 55 0 0 -55 0 0 55 -55 0
24200 55 0 -55 0 0 0 -55 -55 0 0 55 0 0 -55 0 0 55 -55 0
24200 55 0 55 0 0 0 55 55 0 0 -55 0 0 -55 0 0 -55 55 0
24200 -55 0 -55 0 0 0 55 55 0 0 -55 0 0 -55 0 0 -55 55 0
24200 55 0 55 0 0 0 55 55 0 0 -55 0 0 -55 0 0 55 -55 0
24200 -55 0 -55 0 0 0 55 55 0 0 -55 0 0 -55 0 0 55 -55 0
24200 -55 0 55 0 0 0 -55 55 0 0 -55 0 0 -55 0 0 -55 55 0
24200 55 0 -55 0 0 0 -55 55 0 0 -55 0 0 -55 0 0 -55 55 0
24200 -55 0 55 0 0 0 -55 55 0 0 -55 0 0 -55 0 0 55 -55 0
24200 55 0 -55 0 0 0 -55 55 0 0 -55 0 0 -55 0 0 55 -55 0
24200 -55 0 55 0 0 0 55 -55 0 0 -55 0 0 -55 0 0 -55 55 0
24200 55 0 -55 0 0 0 55 -55 0 0 -55 0 0 -55 0 0 -55 55 0
24200 -55 0 55 0 0 0 55 -55 0 0 -55 0 0 -55 0 0 55 -55 0
24200 55 0 -55 0 0 0 55 -55 0 0 -55 0 0 -55 0 0 55 -55 0
24200 55 0 55 0 0 0 -55 -55 0 0 -55 0 0 -55 0 0 -55 55 0
24200 -55 0 -55 0 0 0 -55 -55 0 0 -55 0 0 -55 0 0 -55 55 0
24200 55 0 55 0 0 0 -55 -55 0 0 -55 0 0 -55 0 0 55 -55 0
24200 -55 0 -55 0 0 0 -55 -55 0 0 -55 0 0 -55 0 0 55 -55 0
24200 0 55 0 0 55 0 0 55 55 0 55 0 0 55 0 0 -55 0 -55
24200 0 55 0 0 55 0 0 55 55 0 55 0 0 55 0 0 55 0 55
24200 0 -55 0 0 -55 0 0 55 55 0 55 0 0 55 0 0 -55 0 -55
24200 0 -55 0 0 -55 0 0 55 55 0 55 0 0 55 0 0 55 0 55
24200 0 -55 0 0 55 0 0 -55 55 0 55 0 0 55 0 0 -55 0 -55
24200 0 -55 0 0 55 0 0 -55 55 0 55 0 0 55 0 0 55 0 55
24200 0 55 0 0 -55 0 0 -55 55 0 55 0 0 55 0 0 -55 0 -55
24200 0 55 0 0 -55 0 0 -55 55 0 55 0 0 55 0 0 55 0 55
24200 0 -55 0 0 55 0 0 55 -55 0 55 0 0 55 0 0 -55 0 -55
24200 0 -55 0 0 55 0 0 55 -55 0 55 0 0 55 0 0 55 0 55
24200 0 55 0 0 -55 0 0 55 -55 0 55 0 0 55 0 0 -55 0 -55
24200 0 55 0 0 -55 0 0 55 -55 0 55 0 0 55 0 0 55 0 55
24200 0 55 0 0 55 0 0 -55 -55 0 55 0 0 55 0 0 -55 0 -55
24200 0 55 0 0 55 0 0 -55 -55 0 55 0 0 55 0 0 55 0 55
24200 0 -55 0 0 -55 0 0 -55 -55 0 55 0 0 55 0 0 -55 0 -55
24200 0 -55 0 0 -55 0 0 -55 -55 0 55 0 0 55 0 0 55 0 55
24200 0 -55 0 0 55 0 0 55 55 0 -55 0 0 55 0 0 -55 0 -55
24200 0 -55 0 0 55 0 0 55 55 0 -55 0 0 55 0 0 55 0 55
24200 0 55 0 0 -55 0 0 55 55 0 -55 0 0 55 0 0 -55 0 -55
24200 0 55 0 0 -55 0 0 55 55 0 -55 0 0 55 0 0 55 0 55
24200 0 55 0 0 55 0 0 -55 55 0 -55 0 0 55 0 0 -55 0 -55
24200 0 55 0 0 55 0 0 -55 55 0 -55 0 0 55 0 0 55 0 55
24200 0 -55 0 0 -55 0 0 -55 55 0 -55 0 0 55 0 0 -55 0 -55
24200 0 -55 0 0 -55 0 0 -55 55 0 -55 0 0 55 0 0 55 0 55
24200 0 55 0 0 55 0 0 55 -55 0 -55 0 0 55 0 0 -55 0 -55
24200 0 55 0 0 55 0 0 55 -55 0 -55 0 0 55 0 0 55 0 55
24200 0 -55 0 0 -55 0 0 55 -55 0 -55 0 0 55 0 0 -55 0 -55
24200 0 -55 0 0 -55 0 0 55 -55 0 -55 0 0 55 0 0 55 0 55
24200 0 -55 0 0 55 0 0 -55 -55 0 -55 0 0 55 0 0 -55 0 -55
24200 0 -55 0 0 55 0 0 -55 -55 0 -55 0 0 55 0 0 55 0 55
24200 0 55 0 0 -55 0 0 -55 -55 0 -55 0 0 55 0 0 -55 0 -55
24200 0 55 0 0 -55 0 0 -55 -55 0 -55 0 0 55 0 0 55 0 55
24200 0 -55 0 0 55 0 0 55 55 0 55 0 0 -55 0 0 -55 0 -55
24200 0 -55 0 0 55 0 0 55 55 0 55 0 0 -55 0 0 55 0 55
24200 0 55 0 0 -55 0 0 55 55 0 55 0 0 -55 0 0 -55 0 -55
24200 0 55 0 0 -55 0 0 55 55 0 55 0 0 -55 0 0 55 0 55
24200 0 55 0 0 55 0 0 -55 55 0 55 0 0 -55 0 0 -55 0 -55
24200 0 55 0 0 55 0 0 -55 55 0 55 0 0 -55 0 0 55 0 55
24200 0 -55 0 0 -55 0 0 -55 55 0 55 0 0 -55 0 0 -55 0 -55
24200 0 -55 0 0 -55 0 0 -55 55 0 55 0 0 -55 0 0 55 0 55
24200 0 55 0 0 55 0 0 55 -55 0 55 0 0 -55 0 0 -55 0 -55
24200 0 55 0 0 55 0 0 55 -55 0 55 0 0 -55 0 0 55 0 55
24200 0 -55 0 0 -55 0 0 55 -55 0 55 0 0 -55 0 0 -55 0 -55
24200 0 -55 0 0 -55 0 0 55 -55 0 55 0 0 -55 0 0 55 0 55
24200 0 -55 0 0 55 0 0 -55 -55 0 55 0 0 -55 0 0 -55 0 -55
24200 0 -55 0 0 55 0 0 -55 -55 0 55 0 0 -55 0 0 55 0 55
24200 0 55 0 0 -55 0 0 -55 -55 0 55 0 0 -55 0 0 -55 0 -55
24200 0 55 0 0 -55 0 0 -55 -55 0 55 0 0 -55 0 0 55 0 55
24200 0 55 0 0 55 0 0 55 55 0 -55 0 0 -55 0 0 -55 0 -55
24200 0 55 0 0 55 0 0 55 55 0 -55 0 0 -55 0 0 55 0 55
24200 0 -55 0 0 -55 0 0 55 55 0 -55 0 0 -55 0 0 -55 0 -55
24200 0 -55 0 0 -55 0 0 55 55 0 -55 0 0 -55 0 0 55 0 55
24200 0 -55 0 0 55 0 0 -55 55 0 -55 0 0 -55 0 0 -55 0 -55
24200 0 -55 0 0 55 0 0 -55 55 0 -55 0 0 -55 0 0 55 0 55
24200 0 55 0 0 -55 0 0 -55 55 0 -55 0 0 -55 0 0 -55 0 -55
24200 0 55 0 0 -55 0 0 -55 55 0 -55 0 0 -55 0 0 55 0 55
24200 0 -55 0 0 55 0 0 55 -55 0 -55 0 0 -55 0 0 -55 0 -55
24200 0 -55 0 0 55 0 0 55 -55 0 -55 0 0 -55 0 0 55 0 55
24200 0 55 0 0 -55 0 0 55 -55 0 -55 0 0 -55 0 0 -55 0 -55
24200 0 55 0 0 -55 0 0 55 -55 0 -55 0 0 -55 0 0 55 0 55
24200 0 55 0 0 55 0 0 -55 -55 0 -55 0 0 -55 0 0 -55 0 -55
24200 0 55 0 0 55 0 0 -55 -55 0 -55 0 0 -55 0 0 55 0 55
24200 0 -55 0 0 -55 0 0 -55 -55 0 -55 0 0 -55 0 0 -55 0 -55
24200 0 -55 0 0 -55 0 0 -55 -55 0 -55 0 0 -55 0 0 55 0 55
24200 0 55 0 55 0 0 55 0 0 55 55 0 0 55 0 0 0 -55 55
24200 0 -55 0 -55 0 0 55 0 0 55 55 0 0 55 0 0 0 -55 55
24200 0 55 0 55 0 0 55 0 0 55 55 0 0 55 0 0 0 55 -55
24200 0 -55 0 -55 0 0 55 0 0 55 55 0 0 55 0 0 0 55 -55
24200 0 -55 0 55 0 0 -55 0 0 55 55 0 0 55 0 0 0 -55 55
24200 0 55 0 -55 0 0 -55 0 0 55 55 0 0 55 0 0 0 -55 55
24200 0 -55 0 55 0 0 -55 0 0 55 55 0 0 55 0 0 0 55 -55
24200 0 55 0 -55 0 0 -55 0 0 55 55 0 0 55 0 0 0 55 -55
24200 0 -55 0 55 0 0 55 0 0 -55 55 0 0 55 0 0 0 -55 55
24200 0 55 0 -55 0 0 55 0 0 -55 55 0 0 55 0 0 0 -55 55
24200 0 -55 0 55 0 0 55 0 0 -55 55 0 0 55 0 0 0 55 -55
24200 0 55 0 -55 0 0 55 0 0 -55 55 0 0 55 0 0 0 55 -55
24200 0 55 0 55 0 0 -55 0 0 -55 55 0 0 55 0 0 0 -55 55
24200 0 -55 0 -55 0 0 -55 0 0 -55 55 0 0 55 0 0 0 -55 55
24200 0 55 0 55 0 0 -55 0 0 -55 55 0 0 55 0 0 0 55 -55
24200 0 -55 0 -55 0 0 -55 0 0 -55 55 0 0 55 0 0 0 55 -55
24200 0 -55 0 55 0 0 55 0 0 55 -55 0 0 55 0 0 0 -55 55
24200 0 55 0 -55 0 0 55 0 0 55 -55 0 0 55 0 0 0 -55 55
24200 0 -55 0 55 0 0 55 0 0 55 -55 0 0 55 0 0 0 55 -55
24200 0 55 0 -55 0 0 55 0 0 55 -55 0 0 55 0 0 0 55 -55
24200 0 55 0 55 0 0 -55 0 0 55 -55 0 0 55 0 0 0 -55 55
24200 0 -55 0 -55 0 0 -55 0 0 55 -55 0 0 55 0 0 0 -55 55
24200 0 55 0 55 0 0 -55 0 0 55 -55 0 0 55 0 0 0 55 -55
24200 0 -55 0 -55 0 0 -55 0 0 55 -55 0 0 55 0 0 0 55 -55
24200 0 55 0 55 0 0 55 0 0 -55 -55 0 0 55 0 0 0 -55 55
24200 0 -55 0 -55 0 0 55 0 0 -55 -55 0 0 55 0 0 0 -55 55
24200 0 55 0 55 0 0 55 0 0 -55 -55 0 0 55 0 0 0 55 -55
24200 0 -55 0 -55 0 0 55 0 0 -55 -55 0 0 55 0 0 0 55 -55
24200 0 -55 0 55 0 0 -55 0 0 -55 -55 0 0 55 0 0 0 -55 55
24200 0 55 0 -55 0 0 -55 0 0 -55 -55 0 0 55 0 0 0 -55 55
24200 0 -55 0 55 0 0 -55 0 0 -55 -55 0 0 55 0 0 0 55 -55
24200 0 55 0 -55 0 0 -55 0 0 -55 -55 0 0 55 0 0 0 55 -55
24200 0 -55 0 55 0 0 55 0 0 55 55 0 0 -55 0 0 0 -55 55
24200 0 55 0 -55 0 0 55 0 0 55 55 0 0 -55 0 0 0 -55 55
24200 0 -55 0 55 0 0 55 0 0 55 55 0 0 -55 0 0 0 55 -55
24200 0 55 0 -55 0 0 55 0 0 55 55 0 0 -55 0 0 0 55 -55
24200 0 55 0 55 0 0 -55 0 0 55 55 0 0 -55 0 0 0 -55 55
24200 0 -55 0 -55 0 0 -55 0 0 55 55 0 0 -55 0 0 0 -55 55
24200 0 55 0 55 0 0 -55 0 0 55 55 0 0 -55 0 0 0 55 -55
24200 0 -55 0 -55 0 0 -55 0 0 55 55 0 0 -55 0 0 0 55 -55
24200 0 55 0 55 0 0 55 0 0 -55 55 0 0 -55 0 0 0 -55 55
24200 0 -55 0 -55 0 0 55 0 0 -55 55 0 0 -55 0 0 0 -55 55
24200 0 55 0 55 0 0 55 0 0 -55 55 0 0 -55 0 0 0 55 -55
24200 0 -55 0 -55 0 0 55 0 0 -55 55 0 0 -55 0 0 0 55 -55
24200 0 -55 0 55 0 0 -55 0 0 -55 55 0 0 -55 0 0 0 -55 55
24200 0 55 0 -55 0 0 -55 0 0 -55 55 0 0 -55 0 0 0 -55 55
24200 0 -55 0 55 0 0 -55 0 0 -55 55 0 0 -55 0 0 0 55 -55
24200 0 55 0 -55 0 0 -55 0 0 -55 55 0 0 -55 0 0 0 55 -55
24200 0 55 0 55 0 0 55 0 0 55 -55 0 0 -55 0 0 0 -55 55
24200 0 -55 0 -55 0 0 55 0 0 55 -55 0 0 -55 0 0 0 -55 55
24200 0 55 0 55 0 0 55 0 0 55 -55 0 0 -55 0 0 0 55 -55
24200 0 -55 0 -55 0 0 55 0 0 55 -55 0 0 -55 0 0 0 55 -55
24200 0 -55 0 55 0 0 -55 0 0 55 -55 0 0 -55 0 0 0 -55 55
24200 0 55 0 -55 0 0 -55 0 0 55 -55 0 0 -55 0 0 0 -55 55
24200 0 -55 0 55 0 0 -55 0 0 55 -55 0 0 -55 0 0 0 55 -55
24200 0 55 0 -55 0 0 -55 0 0 55 -55 0 0 -55 0 0 0 55 -55
24200 0 -55 0 55 0 0 55 0 0 -55 -55 0 0 -55 0 0 0 -55 55
24200 0 55 0 -55 0 0 55 0 0 -55 -55 0 0 -55 0 0 0 -55 55
24200 0 -55 0 55 0 0 55 0 0 -55 -55 0 0 -55 0 0 0 55 -55
24200 0 55 0 -55 0 0 55 0 0 -55 -55 0 0 -55 0 0 0 55 -55
24200 0 55 0 55 0 0 -55 0 0 -55 -55 0 0 -55 0 0 0 -55 55
24200 0 -55 0 -55 0 0 -55 0 0 -55 -55 0 0 -55 0 0 0 -55 55
24200 0 55 0 55 0 0 -55 0 0 -55 -55 0 0 -55 0 0 0 55 -55
24200 0 -55 0 -55 0 0 -55 0 0 -55 -55 0 0 -55 0 0 0 55 -55
24200 0 0 0 55 55 55 0 0 55 0 0 55 0 55 0 0 0 -55 55
24200 0 0 0 -55 -55 55 0 0 55 0 0 55 0 55 0 0 0 -55 55
24200 0 0 0 55 55 55 0 0 55 0 0 55 0 55 0 0 0 55 -55
24200 0 0 0 -55 -55 55 0 0 55 0 0 55 0 55 0 0 0 55 -55
24200 0 0 0 -55 55 -55 0 0 55 0 0 55 0 55 0 0 0 -55 55
24200 0 0 0 55 -55 -55 0 0 55 0 0 55 0 55 0 0 0 -55 55
24200 0 0 0 -55 55 -55 0 0 55 0 0 55 0 55 0 0 0 55 -55
24200 0 0 0 55 -55 -55 0 0 55 0 0 55 0 55 0 0 0 55 -55
24200 0 0 0 -55 55 55 0 0 -55 0 0 55 0 55 0 0 0 -55 55
24200 0 0 0 55 -55 55 0 0 -55 0 0 55 0 55 0 0 0 -55 55
24200 0 0 0 -55 55 55 0 0 -55 0 0 55 0 55 0 0 0 55 -55
24200 0 0 0 55 -55 55 0 0 -55 0 0 55 0 55 0 0 0 55 -55
24200 0 0 0 55 55 -55 0 0 -55 0 0 55 0 55 0 0 0 -55 55
24200 0 0 0 -55 -55 -55 0 0 -55 0 0 55 0 55 0 0 0 -55 55
24200 0 0 0 55 55 -55 0 0 -55 0 0 55 0 55 0 0 0 55 -55
24200 0 0 0 -55 -55 -55 0 0 -55 0 0 55 0 55 0 0 0 55 -55
24200 0 0 0 -55 55 55 0 0 55 0 0 -55 0 55 0 0 0 -55 55
24200 0 0 0 55 -55 55 0 0 55 0 0 -55 0 55 0 0 0 -55 55
24200 0 0 0 -55 55 55 0 0 55 0 0 -55 0 55 0 0 0 55 -55
24200 0 0 0 55 -55 55 0 0 55 0 0 -55 0 55 0 0 0 55 -55
24200 0 0 0 55 55 -55 0 0 55 0 0 -55 0 55 0 0 0 -55 55
24200 0 0 0 -55 -55 -55 0 0 55 0 0 -55 0 55 0 0 0 -55 55
24200 0 0 0 55 55 -55 0 0 55 0 0 -55 0 55 0 0 0 55 -55
24200 0 0 0 -55 -55 -55 0 0 55 0 0 -55 0 55 0 0 0 55 -55
24200 0 0 0 55 55 55 0 0 -55 0 0 -55 0 55 0 0 0 -55 55
24200 0 0 0 -55 -55 55 0 0 -55 0 0 -55 0 55 0 0 0 -55 55
24200 0 0 0 55 55 55 0 0 -55 0 0 -55 0 55 0 0 0 55 -55
24200 0 0 0 -55 -55 55 0 0 -55 0 0 -55 0 55 0 0 0 55 -55
24200 0 0 0 -55 55 -55 0 0 -55 0 0 -55 0 55 0 0 0 -55 55
24200 0 0 0 55 -55 -55 0 0 -55 0 0 -55 0 55 0 0 0 -55 55
24200 0 0 0 -55 55 -55 0 0 -55 0 0 -55 0 55 0 0 0 55 -55
24200 0 0 0 55 -55 -55 0 0 -55 0 0 -55 0 55 0 0 0 55 -55
24200 0 0 0 -55 55 55 0 0 55 0 0 55 0 -55 0 0 0 -55 55
24200 0 0 0 55 -55 55 0 0 55 0 0 55 0 -55 0 0 0 -55 55
24200 0 0 0 -55 55 55 0 0 55 0 0 55 0 -55 0 0 0 55 -55
24200 0 0 0 55 -55 55 0 0 55 0 0 55 0 -55 0 0 0 55 -55
24200 0 0 0 55 55 -55 0 0 55 0 0 55 0 -55 0 0 0 -55 55
24200 0 0 0 -55 -55 -55 0 0 55 0 0 55 0 -55 0 0 0 -55 55
24200 0 0 0 55 55 -55 0 0 55 0 0 55 0 -55 0 0 0 55 -55
24200 0 0 0 -55 -55 -55 0 0 55 0 0 55 0 -55 0 0 0 55 -55
24200 0 0 0 55 55 55 0 0 -55 0 0 55 0 -55 0 0 0 -55 55
24200 0 0 0 -55 -55 55 0 0 -55 0 0 55 0 -55 0 0 0 -55 55
24200 0 0 0 55 55 55 0 0 -55 0 0 55 0 -55 0 0 0 55 -55
24200 0 0 0 -55 -55 55 0 0 -55 0 0 55 0 -55 0 0 0 55 -55
24200 0 0 0 -55 55 -55 0 0 -55 0 0 55 0 -55 0 0 0 -55 55
24200 0 0 0 55 -55 -55 0 0 -55 0 0 55 0 -55 0 0 0 -55 55
24200 0 0 0 -55 55 -55 0 0 -55 0 0 55 0 -55 0 0 0 55 -55
24200 0 0 0 55 -55 -55 0 0 -55 0 0 55 0 -55 0 0 0 55 -55
24200 0 0 0 55 55 55 0 0 55 0 0 -55 0 -55 0 0 0 -55 55
24200 0 0 0 -55 -55 55 0 0 55 0 0 -55 0 -55 0 0 0 -55 55
24200 0 0 0 55 55 55 0 0 55 0 0 -55 0 -55 0 0 0 55 -55
24200 0 0 0 -55 -55 55 0 0 55 0 0 -55 0 -55 0 0 0 55 -55
24200 0 0 0 -55 55 -55 0 0 55 0 0 -55 0 -55 0 0 0 -55 55
24200 0 0 0 55 -55 -55 0 0 55 0 0 -55 0 -55 0 0 0 -55 55
24200 0 0 0 -55 55 -55 0 0 55 0 0 -55 0 -55 0 0 0 55 -55
24200 0 0 0 55 -55 -55 0 0 55 0 0 -55 0 -55 0 0 0 55 -55
24200 0 0 0 -55 55 55 0 0 -55 0 0 -55 0 -55 0 0 0 -55 55
24200 0 0 0 55 -55 55 0 0 -55 0 0 -55 0 -55 0 0 0 -55 55
24200 0 0 0 -55 55 55 0 0 -55 0 0 -55 0 -55 0 0 0 55 -55
24200 0 0 0 55 -55 55 0 0 -55 0 0 -55 0 -55 0 0 0 55 -55
24200 0 0 0 55 55 -55 0 0 -55 0 0 -55 0 -55 0 0 0 -55 55
24200 0 0 0 -55 -55 -55 0 0 -55 0 0 -55 0 -55 0 0 0 -55 55
24200 0 0 0 55 55 -55 0 0 -55 0 0 -55 0 -55 0 0 0 55 -55
24200 0 0 0 -55 -55 -55 0 0 -55 0 0 -55 0 -55 0 0 0 55 -55
24200 0 0 0 0 0 55 55 55 0 55 0 55 0 55 0 0 -55 0 -55
24200 0 0 0 0 0 55 55 55 0 55 0 55 0 55 0 0 55 0 55
24200 0 0 0 0 0 -55 -55 55 0 55 0 55 0 55 0 0 -55 0 -55
24200 0 0 0 0 0 -55 -55 55 0 55 0 55 0 55 0 0 55 0 55
24200 0 0 0 0 0 -55 55 -55 0 55 0 55 0 55 0 0 -55 0 -55
24200 0 0 0 0 0 -55 55 -55 0 55 0 55 0 55 0 0 55 0 55
24200 0 0 0 0 0 55 -55 -55 0 55 0 55 0 55 0 0 -55 0 -55
24200 0 0 0 0 0 55 -55 -55 0 55 0 55 0 55 0 0 55 0 55
24200 0 0 0 0 0 -55 55 55 0 -55 0 55 0 55 0 0 -55 0 -55
24200 0 0 0 0 0 -55 55 55 0 -55 0 55 0 55 0 0 55 0 55
24200 0 0 0 0 0 55 -55 55 0 -55 0 55 0 55 0 0 -55 0 -55
24200 0 0 0 0 0 55 -55 55 0 -55 0 55 0 55 0 0 55 0 55
24200 0 0 0 0 0 55 55 -55 0 -55 0 55 0 55 0 0 -55 0 -55
24200 0 0 0 0 0 55 55 -55 0 -55 0 55 0 55 0 0 55 0 55
24200 0 0 0 0 0 -55 -55 -55 0 -55 0 55 0 55 0 0 -55 0 -55
24200 0 0 0 0 0 -55 -55 -55 0 -55 0 55 0 55 0 0 55 0 55
24200 0 0 0 0 0 -55 55 55 0 55 0 -55 0 55 0 0 -55 0 -55
24200 0 0 0 0 0 -55 55 55 0 55 0 -55 0 55 0 0 55 0 55
24200 0 0 0 0 0 55 -55 55 0 55 0 -55 0 55 0 0 -55 0 -55
24200 0 0 0 0 0 55 -55 55 0 55 0 -55 0 55 0 0 55 0 55
24200 0 0 0 0 0 55 55 -55 0 55 0 -55 0 55 0 0 -55 0 -55
24200 0 0 0 0 0 55 55 -55 0 55 0 -55 0 55 0 0 55 0 55
24200 0 0 0 0 0 -55 -55 -55 0 55 0 -55 0 55 0 0 -55 0 -55
24200 0 0 0 0 0 -55 -55 -55 0 55 0 -55 0 55 0 0 55 0 55
24200 0 0 0 0 0 55 55 55 0 -55 0 -55 0 55 0 0 -55 0 -55
24200 0 0 0 0 0 55 55 55 0 -55 0 -55 0 55 0 0 55 0 55
24200 0 0 0 0 0 -55 -55 55 0 -55 0 -55 0 55 0 0 -55 0 -55
24200 0 0 0 0 0 -55 -55 55 0 -55 0 -55 0 55 0 0 55 0 55
24200 0 0 0 0 0 -55 55 -55 0 -55 0 -55 0 55 0 0 -55 0 -55
24200 0 0 0 0 0 -55 55 -55 0 -55 0 -55 0 55 0 0 55 0 55
24200 0 0 0 0 0 55 -55 -55 0 -55 0 -55 0 55 0 0 -55 0 -55
24200 0 0 0 0 0 55 -55 -55 0 -55 0 -55 0 55 0 0 55 0 55
24200 0 0 0 0 0 -55 55 55 0 55 0 55 0 -55 0 0 -55 0 -55
24200 0 0 0 0 0 -55 55 55 0 55 0 55 0 -55 0 0 55 0 55
24200 0 0 0 0 0 55 -55 55 0 55 0 55 0 -55 0 0 -55 0 -55
24200 0 0 0 0 0 55 -55 55 0 55 0 55 0 -55 0 0 55 0 55
24200 0 0 0 0 0 55 55 -55 0 55 0 55 0 -55 0 0 -55 0 -55
24200 0 0 0 0 0 55 55 -55 0 55 0 55 0 -55 0 0 55 0 55
24200 0 0 0 0 0 -55 -55 -55 0 55 0 55 0 -55 0 0 -55 0 -55
24200 0 0 0 0 0 -55 -55 -55 0 55 0 55 0 -55 0 0 55 0 55
24200 0 0 0 0 0 55 55 55 0 -55 0 55 0 -55 0 0 -55 0 -55
24200 0 0 0 0 0 55 55 55 0 -55 0 55 0 -55 0 0 55 0 55
24200 0 0 0 0 0 -55 -55 55 0 -55 0 55 0 -55 0 0 -55 0 -55
24200 0 0 0 0 0 -55 -55 55 0 -55 0 55 0 -55 0 0 55 0 55
24200 0 0 0 0 0 -55 55 -55 0 -55 0 55 0 -55 0 0 -55 0 -55
24200 0 0 0 0 0 -55 55 -55 0 -55 0 55 0 -55 0 0 55 0 55
24200 0 0 0 0 0 55 -55 -55 0 -55 0 55 0 -55 0 0 -55 0 -55
24200 0 0 0 0 0 55 -55 -55 0 -55 0 55 0 -55 0 0 55 0 55
24200 0 0 0 0 0 55 55 55 0 55 0 -55 0 -55 0 0 -55 0 -55
24200 0 0 0 0 0 55 55 55 0 55 0 -55 0 -55 0 0 55 0 55
24200 0 0 0 0 0 -55 -55 55 0 55 0 -55 0 -55 0 0 -55 0 -55
24200 0 0 0 0 0 -55 -55 55 0 55 0 -55 0 -55 0 0 55 0 55
24200 0 0 0 0 0 -55 55 -55 0 55 0 -55 0 -55 0 0 -55 0 -55
24200 0 0 0 0 0 -55 55 -55 0 55 0 -55 0 -55 0 0 55 0 55
24200 0 0 0 0 0 55 -55 -55 0 55 0 -55 0 -55 0 0 -55 0 -55
24200 0 0 0 0 0 55 -55 -55 0 55 0 -55 0 -55 0 0 55 0 55
24200 0 0 0 0 0 -55 55 55 0 -55 0 -55 0 -55 0 0 -55 0 -55
24200 0 0 0 0 0 -55 55 55 0 -55 0 -55 0 -55 0 0 55 0 55
24200 0 0 0 0 0 55 -55 55 0 -55 0 -55 0 -55 0 0 -55 0 -55
24200 0 0 0 0 0 55 -55 55 0 -55 0 -55 0 -55 0 0 55 0 55
24200 0 0 0 0 0 55 55 -55 0 -55 0 -55 0 -55 0 0 -55 0 -55
24200 0 0 0 0 0 55 55 -55 0 -55 0 -55 0 -55 0 0 55 0 55
24200 0 0 0 0 0 -55 -55 -55 0 -55 0 -55 0 -55 0 0 -55 0 -55
24200 0 0 0 0 0 -55 -55 -55 0 -55 0 -55 0 -55 0 0 55 0 55
24200 0 55 55 0 55 0 0 0 0 0 55 55 0 55 0 0 -55 0 55
24200 0 -55 -55 0 55 0 0 0 0 0 55 55 0 55 0 0 -55 0 55
24200 0 -55 55 0 -55 0 0 0 0 0 55 55 0 55 0 0 -55 0 55
24200 0 55 -55 0 -55 0 0 0 0 0 55 55 0 55 0 0 -55 0 55
24200 0 55 55 0 55 0 0 0 0 0 55 55 0 55 0 0 55 0 -55
24200 0 -55 -55 0 55 0 0 0 0 0 55 55 0 55 0 0 55 0 -55
24200 0 -55 55 0 -55 0 0 0 0 0 55 55 0 55 0 0 55 0 -55
24200 0 55 -55 0 -55 0 0 0 0 0 55 55 0 55 0 0 55 0 -55
24200 0 -55 55 0 55 0 0 0 0 0 -55 55 0 55 0 0 -55 0 55
24200 0 55 -55 0 55 0 0 0 0 0 -55 55 0 55 0 0 -55 0 55
24200 0 55 55 0 -55 0 0 0 0 0 -55 55 0 55 0 0 -55 0 55
24200 0 -55 -55 0 -55 0 0 0 0 0 -55 55 0 55 0 0 -55 0 55
24200 0 -55 55 0 55 0 0 0 0 0 -55 55 0 55 0 0 55 0 -55
24200 0 55 -55 0 55 0 0 0 0 0 -55 55 0 55 0 0 55 0 -55
24200 0 55 55 0 -55 0 0 0 0 0 -55 55 0 55 0 0 55 0 -55
24200 0 -55 -55 0 -55 0 0 0 0 0 -55 55 0 55 0 0 55 0 -55
24200 0 -55 55 0 55 0 0 0 0 0 55 -55 0 55 0 0 -55 0 55
24200 0 55 -55 0 55 0 0 0 0 0 55 -55 0 55 0 0 -55 0 55
24200 0 55 55 0 -55 0 0 0 0 0 55 -55 0 55 0 0 -55 0 55
24200 0 -55 -55 0 -55 0 0 0 0 0 55 -55 0 55 0 0 -55 0 55
24200 0 -55 55 0 55 0 0 0 0 0 55 -55 0 55 0 0 55 0 -55
24200 0 55 -55 0 55 0 0 0 0 0 55 -55 0 55 0 0 55 0 -55
24200 0 55 55 0 -55 0 0 0 0 0 55 -55 0 55 0 0 55 0 -55
24200 0 -55 -55 0 -55 0 0 0 0 0 55 -55 0 55 0 0 55 0 -55
24200 0 55 55 0 55 0 0 0 0 0 -55 -55 0 55 0 0 -55 0 55
24200 0 -55 -55 0 55 0 0 0 0 0 -55 -55 0 55 0 0 -55 0 55
24200 0 -55 55 0 -55 0 0 0 0 0 -55 -55 0 55 0 0 -55 0 55
24200 0 55 -55 0 -55 0 0 0 0 0 -55 -55 0 55 0 0 -55 0 55
24200 0 55 55 0 55 0 0 0 0 0 -55 -55 0 55 0 0 55 0 -55
24200 0 -55 -55 0 55 0 0 0 0 0 -55 -55 0 55 0 0 55 0 -55
24200 0 -55 55 0 -55 0 0 0 0 0 -55 -55 0 55 0 0 55 0 -55
24200 0 55 -55 0 -55 0 0 0 0 0 -55 -55 0 55 0 0 55 0 -55
24200 0 -55 55 0 55 0 0 0 0 0 55 55 0 -55 0 0 -55 0 55
24200 0 55 -55 0 55 0 0 0 0 0 55 55 0 -55 0 0 -55 0 55
24200 0 55 55 0 -55 0 0 0 0 0 55 55 0 -55 0 0 -55 0 55
24200 0 -55 -55 0 -55 0 0 0 0 0 55 55 0 -55 0 0 -55 0 55
24200 0 -55 55 0 55 0 0 0 0 0 55 55 0 -55 0 0 55 0 -55
24200 0 55 -55 0 55 0 0 0 0 0 55 55 0 -55 0 0 55 0 -55
24200 0 55 55 0 -55 0 0 0 0 0 55 55 0 -55 0 0 55 0 -55
24200 0 -55 -55 0 -55 0 0 0 0 0 55 55 0 -55 0 0 55 0 -55
24200 0 55 55 0 55 0 0 0 0 0 -55 55 0 -55 0 0 -55 0 55
24200 0 -55 -55 0 55 0 0 0 0 0 -55 55 0 -55 0 0 -55 0 55
24200 0 -55 55 0 -55 0 0 0 0 0 -55 55 0 -55 0 0 -55 0 55
24200 0 55 -55 0 -55 0 0 0 0 0 -55 55 0 -55 0 0 -55 0 55
24200 0 55 55 0 55 0 0 0 0 0 -55 55 0 -55 0 0 55 0 -55
24200 0 -55 -55 0 55 0 0 0 0 0 -55 55 0 -55 0 0 55 0 -55
24200 0 -55 55 0 -55 0 0 0 0 0 -55 55 0 -55 0 0 55 0 -55
24200 0 55 -55 0 -55 0 0 0 0 0 -55 55 0 -55 0 0 55 0 -55
24200 0 55 55 0 55 0 0 0 0 0 55 -55 0 -55 0 0 -55 0 55
24200 0 -55 -55 0 55 0 0 0 0 0 55 -55 0 -55 0 0 -55 0 55
24200 0 -55 55 0 -55 0 0 0 0 0 55 -55 0 -55 0 0 -55 0 55
24200 0 55 -55 0 -55 0 0 0 0 0 55 -55 0 -55 0 0 -55 0 55
24200 0 55 55 0 55 0 0 0 0 0 55 -55 0 -55 0 0 55 0 -55
24200 0 -55 -55 0 55 0 0 0 0 0 55 -55 0 -55 0 0 55 0 -55
24200 0 -55 55 0 -55 0 0 0 0 0 55 -55 0 -55 0 0 55 0 -55
24200 0 55 -55 0 -55 0 0 0 0 0 55 -55 0 -55 0 0 55 0 -55
24200 0 -55 55 0 55 0 0 0 0 0 -55 -55 0 -55 0 0 -55 0 55
24200 0 55 -55 0 55 0 0 0 0 0 -55 -55 0 -55 0 0 -55 0 55
24200 0 55 55 0 -55 0 0 0 0 0 -55 -55 0 -55 0 0 -55 0 55
24200 0 -55 -55 0 -55 0 0 0 0 0 -55 -55 0 -55 0 0 -55 0 55
24200 0 -55 55 0 55 0 0 0 0 0 -55 -55 0 -55 0 0 55 0 -55
24200 0 55 -55 0 55 0 0 0 0 0 -55 -55 0 -55 0 0 55 0 -55
24200 0 55 55 0 -55 0 0 0 0 0 -55 -55 0 -55 0 0 55 0 -55
24200 0 -55 -55 0 -55 0 0 0 0 0 -55 -55 0 -55 0 0 55 0 -55
24200 55 0 0 0 0 0 55 0 55 0 55 55 0 55 0 0 -55 -55 0
24200 55 0 0 0 0 0 55 0 55 0 55 55 0 55 0 0 55 55 0
24200 -55 0 0 0 0 0 -55 0 55 0 55 55 0 55 0 0 -55 -55 0
24200 -55 0 0 0 0 0 -55 0 55 0 55 55 0 55 0 0 55 55 0
24200 -55 0 0 0 0 0 55 0 -55 0 55 55 0 55 0 0 -55 -55 0
24200 -55 0 0 0 0 0 55 0 -55 0 55 55 0 55 0 0 55 55 0
24200 55 0 0 0 0 0 -55 0 -55 0 55 55 0 55 0 0 -55 -55 0
24200 55 0 0 0 0 0 -55 0 -55 0 55 55 0 55 0 0 55 55 0
24200 -55 0 0 0 0 0 55 0 55 0 -55 55 0 55 0 0 -55 -55 0
24200 -55 0 0 0 0 0 55 0 55 0 -55 55 0 55 0 0 55 55 0
24200 55 0 0 0 0 0 -55 0 55 0 -55 55 0 55 0 0 -55 -55 0
24200 55 0 0 0 0 0 -55 0 55 0 -55 55 0 55 0 0 55 55 0
24200 55 0 0 0 0 0 55 0 -55 0 -55 55 0 55 0 0 -55 -55 0
24200 55 0 0 0 0 0 55 0 -55 0 -55 55 0 55 0 0 55 55 0
24200 -55 0 0 0 0 0 -55 0 -55 0 -55 55 0 55 0 0 -55 -55 0
24200 -55 0 0 0 0 0 -55 0 -55 0 -55 55 0 55 0 0 55 55 0
24200 -55 0 0 0 0 0 55 0 55 0 55 -55 0 55 0 0 -55 -55 0
24200 -55 0 0 0 0 0 55 0 55 0 55 -55 0 55 0 0 55 55 0
24200 55 0 0 0 0 0 -55 0 55 0 55 -55 0 55 0 0 -55 -55 0
24200 55 0 0 0 0 0 -55 0 55 0 55 -55 0 55 0 0 55 55 0
24200 55 0 0 0 0 0 55 0 -55 0 55 -55 0 55 0 0 -55 -55 0
24200 55 0 0 0 0 0 55 0 -55 0 55 -55 0 55 0 0 55 55 0
24200 -55 0 0 0 0 0 -55 0 -55 0 55 -55 0 55 0 0 -55 -55 0
24200 -55 0 0 0 0 0 -55 0 -55 0 55 -55 0 55 0 0 55 55 0
24200 55 0 0 0 0 0 55 0 55 0 -55 -55 0 55 0 0 -55 -55 0
24200 55 0 0 0 0 0 55 0 55 0 -55 -55 0 55 0 0 55 55 0
24200 -55 0 0 0 0 0 -55 0 55 0 -55 -55 0 55 0 0 -55 -55 0
24200 -55 0 0 0 0 0 -55 0 55 0 -55 -55 0 55 0 0 55 55 0
24200 -55 0 0 0 0 0 55 0 -55 0 -55 -55 0 55 0 0 -55 -55 0
24200 -55 0 0 0 0 0 55 0 -55 0 -55 -55 0 55 0 0 55 55 0
24200 55 0 0 0 0 0 -55 0 -55 0 -55 -55 0 55 0 0 -55 -55 0
24200 55 0 0 0 0 0 -55 0 -55 0 -55 -55 0 55 0 0 55 55 0
24200 -55 0 0 0 0 0 55 0 55 0 55 55 0 -55 0 0 -55 -55 0
24200 -55 0 0 0 0 0 55 0 55 0 55 55 0 -55 0 0 55 55 0
24200 55 0 0 0 0 0 -55 0 55 0 55 55 0 -55 0 0 -55 -55 0
24200 55 0 0 0 0 0 -55 0 55 0 55 55 0 -55 0 0 55 55 0
24200 55 0 0 0 0 0 55 0 -55 0 55 55 0 -55 0 0 -55 -55 0
24200 55 0 0 0 0 0 55 0 -55 0 55 55 0 -55 0 0 55 55 0
24200 -55 0 0 0 0 0 -55 0 -55 0 55 55 0 -55 0 0 -55 -55 0
24200 -55 0 0 0 0 0 -55 0 -55 0 55 55 0 -55 0 0 55 55 0
24200 55 0 0 0 0 0 55 0 55 0 -55 55 0 -55 0 0 -55 -55 0
24200 55 0 0 0 0 0 55 0 55 0 -55 55 0 -55 0 0 55 55 0
24200 -55 0 0 0 0 0 -55 0 55 0 -55 55 0 -55 0 0 -55 -55 0
24200 -55 0 0 0 0 0 -55 0 55 0 -55 55 0 -55 0 0 55 55 0
24200 -55 0 0 0 0 0 55 0 -55 0 -55 55 0 -55 0 0 -55 -55 0
24200 -55 0 0 0 0 0 55 0 -55 0 -55 55 0 -55 0 0 55 55 0
24200 55 0 0 0 0 0 -55 0 -55 0 -55 55 0 -55 0 0 -55 -55 0
24200 55 0 0 0 0 0 -55 0 -55 0 -55 55 0 -55 0 0 55 55 0
24200 55 0 0 0 0 0 55 0 55 0 55 -55 0 -55 0 0 -55 -55 0
24200 55 0 0 0 0 0 55 0 55 0 55 -55 0 -55 0 0 55 55 0
24200 -55 0 0 0 0 0 -55 0 55 0 55 -55 0 -55 0 0 -55 -55 0
24200 -55 0 0 0 0 0 -55 0 55 0 55 -55 0 -55 0 0 55 55 0
24200 -55 0 0 0 0 0 55 0 -55 0 55 -55 0 -55 0 0 -55 -55 0
24200 -55 0 0 0 0 0 55 0 -55 0 55 -55 0 -55 0 0 55 55 0
24200 55 0 0 0 0 0 -55 0 -55 0 55 -55 0 -55 0 0 -55 -55 0
24200 55 0 0 0 0 0 -55 0 -55 0 55 -55 0 -55 0 0 55 55 0
24200 -55 0 0 0 0 0 55 0 55 0 -55 -55 0 -55 0 0 -55 -55 0
24200 -55 0 0 0 0 0 55 0 55 0 -55 -55 0 -55 0 0 55 55 0
24200 55 0 0 0 0 0 -55 0 55 0 -55 -55 0 -55 0 0 -55 -55 0
24200 55 0 0 0 0 0 -55 0 55 0 -55 -55 0 -55 0 0 55 55 0
24200 55 0 0 0 0 0 55 0 -55 0 -55 -55 0 -55 0 0 -55 -55 0
24200 55 0 0 0 0 0 55 0 -55 0 -55 -55 0 -55 0 0 55 55 0
24200 -55 0 0 0 0 0 -55 0 -55 0 -55 -55 0 -55 0 0 -55 -55 0
24200 -55 0 0 0 0 0 -55 0 -55 0 -55 -55 0 -55 0 0 55 55 0
24200 -55 0 0 55 55 0 0 55 0 55 55 55 0 55 0 0 0 0 0
24200 55 0 0 -55 55 0 0 55 0 55 55 55 0 55 0 0 0 0 0
24200 55 0 0 55 -55 0 0 55 0 55 55 55 0 55 0 0 0 0 0
24200 -55 0 0 -55 -55 0 0 55 0 55 55 55 0 55 0 0 0 0 0
24200 55 0 0 55 55 0 0 -55 0 55 55 55 0 55 0 0 0 0 0
24200 -55 0 0 -55 55 0 0 -55 0 55 55 55 0 55 0 0 0 0 0
24200 -55 0 0 55 -55 0 0 -55 0 55 55 55 0 55 0 0 0 0 0
24200 55 0 0 -55 -55 0 0 -55 0 55 55 55 0 55 0 0 0 0 0
24200 55 0 0 55 55 0 0 55 0 -55 55 55 0 55 0 0 0 0 0
24200 -55 0 0 -55 55 0 0 55 0 -55 55 55 0 55 0 0 0 0 0
24200 -55 0 0 55 -55 0 0 55 0 -55 55 55 0 55 0 0 0 0 0
24200 55 0 0 -55 -55 0 0 55 0 -55 55 55 0 55 0 0 0 0 0
24200 -55 0 0 55 55 0 0 -55 0 -55 55 55 0 55 0 0 0 0 0
24200 55 0 0 -55 55 0 0 -55 0 -55 55 55 0 55 0 0 0 0 0
24200 55 0 0 55 -55 0 0 -55 0 -55 55 55 0 55 0 0 0 0 0
24200 -55 0 0 -55 -55 0 0 -55 0 -55 55 55 0 55 0 0 0 0 0
24200 55 0 0 55 55 0 0 55 0 55 -55 55 0 55 0 0 0 0 0
24200 -55 0 0 -55 55 0 0 55 0 55 -55 55 0 55 0 0 0 0 0
24200 -55 0 0 55 -55 0 0 55 0 55 -55 55 0 55 0 0 0 0 0
24200 55 0 0 -55 -55 0 0 55 0 55 -55 55 0 55 0 0 0 0 0
24200 -55 0 0 55 55 0 0 -55 0 55 -55 55 0 55 0 0 0 0 0
24200 55 0 0 -55 55 0 0 -55 0 55 -55 55 0 55 0 0 0 0 0
24200 55 0 0 55 -55 0 0 -55 0 55 -55 55 0 55 0 0 0 0 0
24200 -55 0 0 -55 -55 0 0 -55 0 55 -55 55 0 55 0 0 0 0 0
24200 -55 0 0 55 55 0 0 55 0 -55 -55 55 0 55 0 0 0 0 0
24200 55 0 0 -55 55 0 0 55 0 -55 -55 55 0 55 0 0 0 0 0
24200 55 0 0 55 -55 0 0 55 0 -55 -55 55 0 55 0 0 0 0 0
24200 -55 0 0 -55 -55 0 0 55 0 -55 -55 55 0 55 0 0 0 0 0
24200 55 0 0 55 55 0 0 -55 0 -55 -55 55 0 55 0 0 0 0 0
24200 -55 0 0 -55 55 0 0 -55 0 -55 -55 55 0 55 0 0 0 0 0
24200 -55 0 0 55 -55 0 0 -55 0 -55 -55 55 0 55 0 0 0 0 0
24200 55 0 0 -55 -55 0 0 -55 0 -55 -55 55 0 55 0 0 0 0 0
24200 55 0 0 55 55 0 0 55 0 55 55 -55 0 55 0 0 0 0 0
24200 -55 0 0 -55 55 0 0 55 0 55 55 -55 0 55 0 0 0 0 0
24200 -55 0 0 55 -55 0 0 55 0 55 55 -55 0 55 0 0 0 0 0
24200 55 0 0 -55 -55 0 0 55 0 55 55 -55 0 55 0 0 0 0 0
24200 -55 0 0 55 55 0 0 -55 0 55 55 -55 0 55 0 0 0 0 0
24200 55 0 0 -55 55 0 0 -55 0 55 55 -55 0 55 0 0 0 0 0
24200 55 0 0 55 -55 0 0 -55 0 55 55 -55 0 55 0 0 0 0 0
24200 -55 0 0 -55 -55 0 0 -55 0 55 55 -55 0 55 0 0 0 0 0
24200 -55 0 0 55 55 0 0 55 0 -55 55 -55 0 55 0 0 0 0 0
24200 55 0 0 -55 55 0 0 55 0 -55 55 -55 0 55 0 0 0 0 0
24200 55 0 0 55 -55 0 0 55 0 -55 55 -55 0 55 0 0 0 0 0
24200 -55 0 0 -55 -55 0 0 55 0 -55 55 -55 0 55 0 0 0 0 0
24200 55 0 0 55 55 0 0 -55 0 -55 55 -55 0 55 0 0 0 0 0
24200 -55 0 0 -55 55 0 0 -55 0 -55 55 -55 0 55 0 0 0 0 0
24200 -55 0 0 55 -55 0 0 -55 0 -55 55 -55 0 55 0 0 0 0 0
24200 55 0 0 -55 -55 0 0 -55 0 -55 55 -55 0 55 0 0 0 0 0
24200 -55 0 0 55 55 0 0 55 0 55 -55 -55 0 55 0 0 0 0 0
24200 55 0 0 -55 55 0 0 55 0 55 -55 -55 0 55 0 0 0 0 0
24200 55 0 0 55 -55 0 0 55 0 55 -55 -55 0 55 0 0 0 0 0
24200 -55 0 0 -55 -55 0 0 55 0 55 -55 -55 0 55 0 0 0 0 0
24200 55 0 0 55 55 0 0 -55 0 55 -55 -55 0 55 0 0 0 0 0
24200 -55 0 0 -55 55 0 0 -55 0 55 -55 -55 0 55 0 0 0 0 0
24200 -55 0 0 55 -55 0 0 -55 0 55 -55 -55 0 55 0 0 0 0 0
24200 55 0 0 -55 -55 0 0 -55 0 55 -55 -55 0 55 0 0 0 0 0
24200 55 0 0 55 55 0 0 55 0 -55 -55 -55 0 55 0 0 0 0 0
24200 -55 0 0 -55 55 0 0 55 0 -55 -55 -55 0 55 0 0 0 0 0
24200 -55 0 0 55 -55 0 0 55 0 -55 -55 -55 0 55 0 0 0 0 0
24200 55 0 0 -55 -55 0 0 55 0 -55 -55 -55 0 55 0 0 0 0 0
24200 -55 0 0 55 55 0 0 -55 0 -55 -55 -55 0 55 0 0 0 0 0
24200 55 0 0 -55 55 0 0 -55 0 -55 -55 -55 0 55 0 0 0 0 0
24200 55 0 0 55 -55 0 0 -55 0 -55 -55 -55 0 55 0 0 0 0 0
24200 -55 0 0 -55 -55 0 0 -55 0 -55 -55 -55 0 55 0 0 0 0 0
24200 55 0 0 55 55 0 0 55 0 55 55 55 0 -55 0 0 0 0 0
24200 -55 0 0 -55 55 0 0 55 0 55 55 55 0 -55 0 0 0 0 0
24200 -55 0 0 55 -55 0 0 55 0 55 55 55 0 -55 0 0 0 0 0
24200 55 0 0 -55 -55 0 0 55 0 55 55 55 0 -55 0 0 0 0 0
24200 -55 0 0 55 55 0 0 -55 0 55 55 55 0 -55 0 0 0 0 0
24200 55 0 0 -55 55 0 0 -55 0 55 55 55 0 -55 0 0 0 0 0
24200 55 0 0 55 -55 0 0 -55 0 55 55 55 0 -55 0 0 0 0 0
24200 -55 0 0 -55 -55 0 0 -55 0 55 55 55 0 -55 0 0 0 0 0
24200 -55 0 0 55 55 0 0 55 0 -55 55 55 0 -55 0 0 0 0 0
24200 55 0 0 -55 55 0 0 55 0 -55 55 55 0 -55 0 0 0 0 0
24200 55 0 0 55 -55 0 0 55 0 -55 55 55 0 -55 0 0 0 0 0
24200 -55 0 0 -55 -55 0 0 55 0 -55 55 55 0 -55 0 0 0 0 0
24200 55 0 0 55 55 0 0 -55 0 -55 55 55 0 -55 0 0 0 0 0
24200 -55 0 0 -55 55 0 0 -55 0 -55 55 55 0 -55 0 0 0 0 0
24200 -55 0 0 55 -55 0 0 -55 0 -55 55 55 0 -55 0 0 0 0 0
24200 55 0 0 -55 -55 0 0 -55 0 -55 55 55 0 -55 0 0 0 0 0
24200 -55 0 0 55 55 0 0 55 0 55 -55 55 0 -55 0 0 0 0 0
24200 55 0 0 -55 55 0 0 55 0 55 -55 55 0 -55 0 0 0 0 0
24200 55 0 0 55 -55 0 0 55 0 55 -55 55 0 -55 0 0 0 0 0
24200 -55 0 0 -55 -55 0 0 55 0 55 -55 55 0 -55 0 0 0 0 0
24200 55 0 0 55 55 0 0 -55 0 55 -55 55 0 -55 0 0 0 0 0
24200 -55 0 0 -55 55 0 0 -55 0 55 -55 55 0 -55 0 0 0 0 0
24200 -55 0 0 55 -55 0 0 -55 0 55 -55 55 0 -55 0 0 0 0 0
24200 55 0 0 -55 -55 0 0 -55 0 55 -55 55 0 -55 0 0 0 0 0
24200 55 0 0 55 55 0 0 55 0 -55 -55 55 0 -55 0 0 0 0 0
24200 -55 0 0 -55 55 0 0 55 0 -55 -55 55 0 -55 0 0 0 0 0
24200 -55 0 0 55 -55 0 0 55 0 -55 -55 55 0 -55 0 0 0 0 0
24200 55 0 0 -55 -55 0 0 55 0 -55 -55 55 0 -55 0 0 0 0 0
24200 -55 0 0 55 55 0 0 -55 0 -55 -55 55 0 -55 0 0 0 0 0
24200 55 0 0 -55 55 0 0 -55 0 -55 -55 55 0 -55 0 0 0 0 0
24200 55 0 0 55 -55 0 0 -55 0 -55 -55 55 0 -55 0 0 0 0 0
24200 -55 0 0 -55 -55 0 0 -55 0 -55 -55 55 0 -55 0 0 0 0 0
24200 -55 0 0 55 55 0 0 55 0 55 55 -55 0 -55 0 0 0 0 0
24200 55 0 0 -55 55 0 0 55 0 55 55 -55 0 -55 0 0 0 0 0
24200 55 0 0 55 -55 0 0 55 0 55 55 -55 0 -55 0 0 0 0 0
24200 -55 0 0 -55 -55 0 0 55 0 55 55 -55 0 -55 0 0 0 0 0
24200 55 0 0 55 55 0 0 -55 0 55 55 -55 0 -55 0 0 0 0 0
24200 -55 0 0 -55 55 0 0 -55 0 55 55 -55 0 -55 0 0 0 0 0
24200 -55 0 0 55 -55 0 0 -55 0 55 55 -55 0 -55 0 0 0 0 0
24200 55 0 0 -55 -55 0 0 -55 0 55 55 -55 0 -55 0 0 0 0 0
24200 55 0 0 55 55 0 0 55 0 -55 55 -55 0 -55 0 0 0 0 0
24200 -55 0 0 -55 55 0 0 55 0 -55 55 -55 0 -55 0 0 0 0 0
24200 -55 0 0 55 -55 0 0 55 0 -55 55 -55 0 -55 0 0 0 0 0
24200 55 0 0 -55 -55 0 0 55 0 -55 55 -55 0 -55 0 0 0 0 0
24200 -55 0 0 55 55 0 0 -55 0 -55 55 -55 0 -55 0 0 0 0 0
24200 55 0 0 -55 55 0 0 -55 0 -55 55 -55 0 -55 0 0 0 0 0
24200 55 0 0 55 -55 0 0 -55 0 -55 55 -55 0 -55 0 0 0 0 0
24200 -55 0 0 -55 -55 0 0 -55 0 -55 55 -55 0 -55 0 0 0 0 0
24200 55 0 0 55 55 0 0 55 0 55 -55 -55 0 -55 0 0 0 0 0
24200 -55 0 0 -55 55 0 0 55 0 55 -55 -55 0 -55 0 0 0 0 0
24200 -55 0 0 55 -55 0 0 55 0 55 -55 -55 0 -55 0 0 0 0 0
24200 55 0 0 -55 -55 0 0 55 0 55 -55 -55 0 -55 0 0 0 0 0
24200 -55 0 0 55 55 0 0 -55 0 55 -55 -55 0 -55 0 0 0 0 0
24200 55 0 0 -55 55 0 0 -55 0 55 -55 -55 0 -55 0 0 0 0 0
24200 55 0 0 55 -55 0 0 -55 0 55 -55 -55 0 -55 0 0 0 0 0
24200 -55 0 0 -55 -55 0 0 -55 0 55 -55 -55 0 -55 0 0 0 0 0
24200 -55 0 0 55 55 0 0 55 0 -55 -55 -55 0 -55 0 0 0 0 0
24200 55 0 0 -55 55 0 0 55 0 -55 -55 -55 0 -55 0 0 0 0 0
24200 55 0 0 55 -55 0 0 55 0 -55 -55 -55 0 -55 0 0 0 0 0
24200 -55 0 0 -55 -55 0 0 55 0 -55 -55 -55 0 -55 0 0 0 0 0
24200 55 0 0 55 55 0 0 -55 0 -55 -55 -55 0 -55 0 0 0 0 0
24200 -55 0 0 -55 55 0 0 -55 0 -55 -55 -55 0 -55 0 0 0 0 0
24200 -55 0 0 55 -55 0 0 -55 0 -55 -55 -55 0 -55 0 0 0 0 0
24200 55 0 0 -55 -55 0 0 -55 0 -55 -55 -55 0 -55 0 0 0 0 0
24200 55 0 0 55 55 0 55 0 0 0 0 0 55 55 0 0 -55 0 55
24200 -55 0 0 -55 55 0 55 0 0 0 0 0 55 55 0 0 -55 0 55
24200 -55 0 0 55 -55 0 55 0 0 0 0 0 55 55 0 0 -55 0 55
24200 55 0 0 -55 -55 0 55 0 0 0 0 0 55 55 0 0 -55 0 55
24200 55 0 0 55 55 0 55 0 0 0 0 0 55 55 0 0 55 0 -55
24200 -55 0 0 -55 55 0 55 0 0 0 0 0 55 55 0 0 55 0 -55
24200 -55 0 0 55 -55 0 55 0 0 0 0 0 55 55 0 0 55 0 -55
24200 55 0 0 -55 -55 0 55 0 0 0 0 0 55 55 0 0 55 0 -55
24200 -55 0 0 55 55 0 -55 0 0 0 0 0 55 55 0 0 -55 0 55
24200 55 0 0 -55 55 0 -55 0 0 0 0 0 55 55 0 0 -55 0 55
24200 55 0 0 55 -55 0 -55 0 0 0 0 0 55 55 0 0 -55 0 55
24200 -55 0 0 -55 -55 0 -55 0 0 0 0 0 55 55 0 0 -55 0 55
24200 -55 0 0 55 55 0 -55 0 0 0 0 0 55 55 0 0 55 0 -55
24200 55 0 0 -55 55 0 -55 0 0 0 0 0 55 55 0 0 55 0 -55
24200 55 0 0 55 -55 0 -55 0 0 0 0 0 55 55 0 0 55 0 -55
24200 -55 0 0 -55 -55 0 -55 0 0 0 0 0 55 55 0 0 55 0 -55
24200 -55 0 0 55 55 0 55 0 0 0 0 0 -55 55 0 0 -55 0 55
24200 55 0 0 -55 55 0 55 0 0 0 0 0 -55 55 0 0 -55 0 55
24200 55 0 0 55 -55 0 55 0 0 0 0 0 -55 55 0 0 -55 0 55
24200 -55 0 0 -55 -55 0 55 0 0 0 0 0 -55 55 0 0 -55 0 55
24200 -55 0 0 55 55 0 55 0 0 0 0 0 -55 55 0 0 55 0 -55
24200 55 0 0 -55 55 0 55 0 0 0 0 0 -55 55 0 0 55 0 -55
24200 55 0 0 55 -55 0 55 0 0 0 0 0 -55 55 0 0 55 0 -55
24200 -55 0 0 -55 -55 0 55 0 0 0 0 0 -55 55 0 0 55 0 -55
24200 55 0 0 55 55 0 -55 0 0 0 0 0 -55 55 0 0 -55 0 55
24200 -55 0 0 -55 55 0 -55 0 0 0 0 0 -55 55 0 0 -55 0 55
24200 -55 0 0 55 -55 0 -55 0 0 0 0 0 -55 55 0 0 -55 0 55
24200 55 0 0 -55 -55 0 -55 0 0 0 0 0 -55 55 0 0 -55 0 55
24200 55 0 0 55 55 0 -55 0 0 0 0 0 -55 55 0 0 55 0 -55
24200 -55 0 0 -55 55 0 -55 0 0 0 0 0 -55 55 0 0 55 0 -55
24200 -55 0 0 55 -55 0 -55 0 0 0 0 0 -55 55 0 0 55 0 -55
24200 55 0 0 -55 -55 0 -55 0 0 0 0 0 -55 55 0 0 55 0 -55
24200 -55 0 0 55 55 0 55 0 0 0 0 0 55 -55 0 0 -55 0 55
24200 55 0 0 -55 55 0 55 0 0 0 0 0 55 -55 0 0 -55 0 55
24200 55 0 0 55 -55 0 55 0 0 0 0 0 55 -55 0 0 -55 0 55
24200 -55 0 0 -55 -55 0 55 0 0 0 0 0 55 -55 0 0 -55 0 55
24200 -55 0 0 55 55 0 55 0 0 0 0 0 55 -55 0 0 55 0 -55
24200 55 0 0 -55 55 0 55 0 0 0 0 0 55 -55 0 0 55 0 -55
24200 55 0 0 55 -55 0 55 0 0 0 0 0 55 -55 0 0 55 0 -55
24200 -55 0 0 -55 -55 0 55 0 0 0 0 0 55 -55 0 0 55 0 -55
24200 55 0 0 55 55 0 -55 0 0 0 0 0 55 -55 0 0 -55 0 55
24200 -55 0 0 -55 55 0 -55 0 0 0 0 0 55 -55 0 0 -55 0 55
24200 -55 0 0 55 -55 0 -55 0 0 0 0 0 55 -55 0 0 -55 0 55
24200 55 0 0 -55 -55 0 -55 0 0 0 0 0 55 -55 0 0 -55 0 55
24200 55 0 0 55 55 0 -55 0 0 0 0 0 55 -55 0 0 55 0 -55
24200 -55 0 0 -55 55 0 -55 0 0 0 0 0 55 -55 0 0 55 0 -55
24200 -55 0 0 55 -55 0 -55 0 0 0 0 0 55 -55 0 0 55 0 -55
24200 55 0 0 -55 -55 0 -55 0 0 0 0 0 55 -55 0 0 55 0 -55
24200 55 0 0 55 55 0 55 0 0 0 0 0 -55 -55 0 0 -55 0 55
24200 -55 0 0 -55 55 0 55 0 0 0 0 0 -55 -55 0 0 -55 0 55
24200 -55 0 0 55 -55 0 55 0 0 0 0 0 -55 -55 0 0 -55 0 55
24200 55 0 0 -55 -55 0 55 0 0 0 0 0 -55 -55 0 0 -55 0 55
24200 55 0 0 55 55 0 55 0 0 0 0 0 -55 -55 0 0 55 0 -55
24200 -55 0 0 -55 55 0 55 0 0 0 0 0 -55 -55 0 0 55 0 -55
24200 -55 0 0 55 -55 0 55 0 0 0 0 0 -55 -55 0 0 55 0 -55
24200 55 0 0 -55 -55 0 55 0 0 0 0 0 -55 -55 0 0 55 0 -55
24200 -55 0 0 55 55 0 -55 0 0 0 0 0 -55 -55 0 0 -55 0 55
24200 55 0 0 -55 55 0 -55 0 0 0 0 0 -55 -55 0 0 -55 0 55
24200 55 0 0 55 -55 0 -55 0 0 0 0 0 -55 -55 0 0 -55 0 55
24200 -55 0 0 -55 -55 0 -55 0 0 0 0 0 -55 -55 0 0 -55 0 55
24200 -55 0 0 55 55 0 -55 0 0 0 0 0 -55 -55 0 0 55 0 -55
24200 55 0 0 -55 55 0 -55 0 0 0 0 0 -55 -55 0 0 55 0 -55
24200 55 0 0 55 -55 0 -55 0 0 0 0 0 -55 -55 0 0 55 0 -55
24200 -55 0 0 -55 -55 0 -55 0 0 0 0 0 -55 -55 0 0 55 0 -55
24200 0 55 55 55 0 0 0 0 55 0 0 0 55 55 0 0 -55 -55 0
24200 0 -55 -55 55 0 0 0 0 55 0 0 0 55 55 0 0 -55 -55 0
24200 0 -55 55 -55 0 0 0 0 55 0 0 0 55 55 0 0 -55 -55 0
24200 0 55 -55 -55 0 0 0 0 55 0 0 0 55 55 0 0 -55 -55 0
24200 0 55 55 55 0 0 0 0 55 0 0 0 55 55 0 0 55 55 0
24200 0 -55 -55 55 0 0 0 0 55 0 0 0 55 55 0 0 55 55 0
24200 0 -55 55 -55 0 0 0 0 55 0 0 0 55 55 0 0 55 55 0
24200 0 55 -55 -55 0 0 0 0 55 0 0 0 55 55 0 0 55 55 0
24200 0 -55 55 55 0 0 0 0 -55 0 0 0 55 55 0 0 -55 -55 0
24200 0 55 -55 55 0 0 0 0 -55 0 0 0 55 55 0 0 -55 -55 0
24200 0 55 55 -55 0 0 0 0 -55 0 0 0 55 55 0 0 -55 -55 0
24200 0 -55 -55 -55 0 0 0 0 -55 0 0 0 55 55 0 0 -55 -55 0
24200 0 -55 55 55 0 0 0 0 -55 0 0 0 55 55 0 0 55 55 0
24200 0 55 -55 55 0 0 0 0 -55 0 0 0 55 55 0 0 55 55 0
24200 0 55 55 -55 0 0 0 0 -55 0 0 0 55 55 0 0 55 55 0
24200 0 -55 -55 -55 0 0 0 0 -55 0 0 0 55 55 0 0 55 55 0
24200 0 -55 55 55 0 0 0 0 55 0 0 0 -55 55 0 0 -55 -55 0
24200 0 55 -55 55 0 0 0 0 55 0 0 0 -55 55 0 0 -55 -55 0
24200 0 55 55 -55 0 0 0 0 55 0 0 0 -55 55 0 0 -55 -55 0
24200 0 -55 -55 -55 0 0 0 0 55 0 0 0 -55 55 0 0 -55 -55 0
24200 0 -55 55 55 0 0 0 0 55 0 0 0 -55 55 0 0 55 55 0
24200 0 55 -55 55 0 0 0 0 55 0 0 0 -55 55 0 0 55 55 0
24200 0 55 55 -55 0 0 0 0 55 0 0 0 -55 55 0 0 55 55 0
24200 0 -55 -55 -55 0 0 0 0 55 0 0 0 -55 55 0 0 55 55 0
24200 0 55 55 55 0 0 0 0 -55 0 0 0 -55 55 0 0 -55 -55 0
24200 0 -55 -55 55 0 0 0 0 -55 0 0 0 -55 55 0 0 -55 -55 0
24200 0 -55 55 -55 0 0 0 0 -55 0 0 0 -55 55 0 0 -55 -55 0
24200 0 55 -55 -55 0 0 0 0 -55 0 0 0 -55 55 0 0 -55 -55 0
24200 0 55 55 55 0 0 0 0 -55 0 0 0 -55 55 0 0 55 55 0
24200 0 -55 -55 55 0 0 0 0 -55 0 0 0 -55 55 0 0 55 55 0
24200 0 -55 55 -55 0 0 0 0 -55 0 0 0 -55 55 0 0 55 55 0
24200 0 55 -55 -55 0 0 0 0 -55 0 0 0 -55 55 0 0 55 55 0
24200 0 -55 55 55 0 0 0 0 55 0 0 0 55 -55 0 0 -55 -55 0
24200 0 55 -55 55 0 0 0 0 55 0 0 0 55 -55 0 0 -55 -55 0
24200 0 55 55 -55 0 0 0 0 55 0 0 0 55 -55 0 0 -55 -55 0
24200 0 -55 -55 -55 0 0 0 0 55 0 0 0 55 -55 0 0 -55 -55 0
24200 0 -55 55 55 0 0 0 0 55 0 0 0 55 -55 0 0 55 55 0
24200 0 55 -55 55 0 0 0 0 55 0 0 0 55 -55 0 0 55 55 0
24200 0 55 55 -55 0 0 0 0 55 0 0 0 55 -55 0 0 55 55 0
24200 0 -55 -55 -55 0 0 0 0 55 0 0 0 55 -55 0 0 55 55 0
24200 0 55 55 55 0 0 0 0 -55 0 0 0 55 -55 0 0 -55 -55 0
24200 0 -55 -55 55 0 0 0 0 -55 0 0 0 55 -55 0 0 -55 -55 0
24200 0 -55 55 -55 0 0 0 0 -55 0 0 0 55 -55 0 0 -55 -55 0
24200 0 55 -55 -55 0 0 0 0 -55 0 0 0 55 -55 0 0 -55 -55 0
24200 0 55 55 55 0 0 0 0 -55 0 0 0 55 -55 0 0 55 55 0
24200 0 -55 -55 55 0 0 0 0 -55 0 0 0 55 -55 0 0 55 55 0
24200 0 -55 55 -55 0 0 0 0 -55 0 0 0 55 -55 0 0 55 55 0
24200 0 55 -55 -55 0 0 0 0 -55 0 0 0 55 -55 0 0 55 55 0
24200 0 55 55 55 0 0 0 0 55 0 0 0 -55 -55 0 0 -55 -55 0
24200 0 -55 -55 55 0 0 0 0 55 0 0 0 -55 -55 0 0 -55 -55 0
24200 0 -55 55 -55 0 0 0 0 55 0 0 0 -55 -55 0 0 -55 -55 0
24200 0 55 -55 -55 0 0 0 0 55 0 0 0 -55 -55 0 0 -55 -55 0
24200 0 55 55 55 0 0 0 0 55 0 0 0 -55 -55 0 0 55 55 0
24200 0 -55 -55 55 0 0 0 0 55 0 0 0 -55 -55 0 0 55 55 0
24200 0 -55 55 -55 0 0 0 0 55 0 0 0 -55 -55 0 0 55 55 0
24200 0 55 -55 -55 0 0 0 0 55 0 0 0 -55 -55 0 0 55 55 0
24200 0 -55 55 55 0 0 0 0 -55 0 0 0 -55 -55 0 0 -55 -55 0
24200 0 55 -55 55 0 0 0 0 -55 0 0 0 -55 -55 0 0 -55 -55 0
24200 0 55 55 -55 0 0 0 0 -55 0 0 0 -55 -55 0 0 -55 -55 0
24200 0 -55 -55 -55 0 0 0 0 -55 0 0 0 -55 -55 0 0 -55 -55 0
24200 0 -55 55 55 0 0 0 0 -55 0 0 0 -55 -55 0 0 55 55 0
24200 0 55 -55 55 0 0 0 0 -55 0 0 0 -55 -55 0 0 55 55 0
24200 0 55 55 -55 0 0 0 0 -55 0 0 0 -55 -55 0 0 55 55 0
24200 0 -55 -55 -55 0 0 0 0 -55 0 0 0 -55 -55 0 0 55 55 0
24200 0 -55 55 0 55 0 55 55 0 55 0 0 55 55 0 0 0 0 0
24200 0 55 -55 0 55 0 55 55 0 55 0 0 55 55 0 0 0 0 0
24200 0 55 55 0 -55 0 55 55 0 55 0 0 55 55 0 0 0 0 0
24200 0 -55 -55 0 -55 0 55 55 0 55 0 0 55 55 0 0 0 0 0
24200 0 55 55 0 55 0 -55 55 0 55 0 0 55 55 0 0 0 0 0
24200 0 -55 -55 0 55 0 -55 55 0 55 0 0 55 55 0 0 0 0 0
24200 0 -55 55 0 -55 0 -55 55 0 55 0 0 55 55 0 0 0 0 0
24200 0 55 -55 0 -55 0 -55 55 0 55 0 0 55 55 0 0 0 0 0
24200 0 55 55 0 55 0 55 -55 0 55 0 0 55 55 0 0 0 0 0
24200 0 -55 -55 0 55 0 55 -55 0 55 0 0 55 55 0 0 0 0 0
24200 0 -55 55 0 -55 0 55 -55 0 55 0 0 55 55 0 0 0 0 0
24200 0 55 -55 0 -55 0 55 -55 0 55 0 0 55 55 0 0 0 0 0
24200 0 -55 55 0 55 0 -55 -55 0 55 0 0 55 55 0 0 0 0 0
24200 0 55 -55 0 55 0 -55 -55 0 55 0 0 55 55 0 0 0 0 0
24200 0 55 55 0 -55 0 -55 -55 0 55 0 0 55 55 0 0 0 0 0
24200 0 -55 -55 0 -55 0 -55 -55 0 55 0 0 55 55 0 0 0 0 0
24200 0 55 55 0 55 0 55 55 0 -55 0 0 55 55 0 0 0 0 0
24200 0 -55 -55 0 55 0 55 55 0 -55 0 0 55 55 0 0 0 0 0
24200 0 -55 55 0 -55 0 55 55 0 -55 0 0 55 55 0 0 0 0 0
24200 0 55 -55 0 -55 0 55 55 0 -55 0 0 55 55 0 0 0 0 0
24200 0 -55 55 0 55 0 -55 55 0 -55 0 0 55 55 0 0 0 0 0
24200 0 55 -55 0 55 0 -55 55 0 -55 0 0 55 55 0 0 0 0 0
24200 0 55 55 0 -55 0 -55 55 0 -55 0 0 55 55 0 0 0 0 0
24200 0 -55 -55 0 -55 0 -55 55 0 -55 0 0 55 55 0 0 0 0 0
24200 0 -55 55 0 55 0 55 -55 0 -55 0 0 55 55 0 0 0 0 0
24200 0 55 -55 0 55 0 55 -55 0 -55 0 0 55 55 0 0 0 0 0
24200 0 55 55 0 -55 0 55 -55 0 -55 0 0 55 55 0 0 0 0 0
24200 0 -55 -55 0 -55 0 55 -55 0 -55 0 0 55 55 0 0 0 0 0
24200 0 55 55 0 55 0 -55 -55 0 -55 0 0 55 55 0 0 0 0 0
24200 0 -55 -55 0 55 0 -55 -55 0 -55 0 0 55 55 0 0 0 0 0
24200 0 -55 55 0 -55 0 -55 -55 0 -55 0 0 55 55 0 0 0 0 0
24200 0 55 -55 0 -55 0 -55 -55 0 -55 0 0 55 55 0 0 0 0 0
24200 0 55 55 0 55 0 55 55 0 55 0 0 -55 55 0 0 0 0 0
24200 0 -55 -55 0 55 0 55 55 0 55 0 0 -55 55 0 0 0 0 0
24200 0 -55 55 0 -55 0 55 55 0 55 0 0 -55 55 0 0 0 0 0
24200 0 55 -55 0 -55 0 55 55 0 55 0 0 -55 55 0 0 0 0 0
24200 0 -55 55 0 55 0 -55 55 0 55 0 0 -55 55 0 0 0 0 0
24200 0 55 -55 0 55 0 -55 55 0 55 0 0 -55 55 0 0 0 0 0
24200 0 55 55 0 -55 0 -55 55 0 55 0 0 -55 55 0 0 0 0 0
24200 0 -55 -55 0 -55 0 -55 55 0 55 0 0 -55 55 0 0 0 0 0
24200 0 -55 55 0 55 0 55 -55 0 55 0 0 -55 55 0 0 0 0 0
24200 0 55 -55 0 55 0 55 -55 0 55 0 0 -55 55 0 0 0 0 0
24200 0 55 55 0 -55 0 55 -55 0 55 0 0 -55 55 0 0 0 0 0
24200 0 -55 -55 0 -55 0 55 -55 0 55 0 0 -55 55 0 0 0 0 0
24200 0 55 55 0 55 0 -55 -55 0 55 0 0 -55 55 0 0 0 0 0
24200 0 -55 -55 0 55 0 -55 -55 0 55 0 0 -55 55 0 0 0 0 0
24200 0 -55 55 0 -55 0 -55 -55 0 55 0 0 -55 55 0 0 0 0 0
24200 0 55 -55 0 -55 0 -55 -55 0 55 0 0 -55 55 0 0 0 0 0
24200 0 -55 55 0 55 0 55 55 0 -55 0 0 -55 55 0 0 0 0 0
24200 0 55 -55 0 55 0 55 55 0 -55 0 0 -55 55 0 0 0 0 0
24200 0 55 55 0 -55 0 55 55 0 -55 0 0 -55 55 0 0 0 0 0
24200 0 -55 -55 0 -55 0 55 55 0 -55 0 0 -55 55 0 0 0 0 0
24200 0 55 55 0 55 0 -55 55 0 -55 0 0 -55 55 0 0 0 0 0
24200 0 -55 -55 0 55 0 -55 55 0 -55 0 0 -55 55 0 0 0 0 0
24200 0 -55 55 0 -55 0 -55 55 0 -55 0 0 -55 55 0 0 0 0 0
24200 0 55 -55 0 -55 0 -55 55 0 -55 0 0 -55 55 0 0 0 0 0
24200 0 55 55 0 55 0 55 -55 0 -55 0 0 -55 55 0 0 0 0 0
24200 0 -55 -55 0 55 0 55 -55 0 -55 0 0 -55 55 0 0 0 0 0
24200 0 -55 55 0 -55 0 55 -55 0 -55 0 0 -55 55 0 0 0 0 0
24200 0 55 -55 0 -55 0 55 -55 0 -55 0 0 -55 55 0 0 0 0 0
24200 0 -55 55 0 55 0 -55 -55 0 -55 0 0 -55 55 0 0 0 0 0
24200 0 55 -55 0 55 0 -55 -55 0 -55 0 0 -55 55 0 0 0 0 0
24200 0 55 55 0 -55 0 -55 -55 0 -55 0 0 -55 55 0 0 0 0 0
24200 0 -55 -55 0 -55 0 -55 -55 0 -55 0 0 -55 55 0 0 0 0 0
24200 0 55 55 0 55 0 55 55 0 55 0 0 55 -55 0 0 0 0 0
24200 0 -55 -55 0 55 0 55 55 0 55 0 0 55 -55 0 0 0 0 0
24200 0 -55 55 0 -55 0 55 55 0 55 0 0 55 -55 0 0 0 0 0
24200 0 55 -55 0 -55 0 55 55 0 55 0 0 55 -55 0 0 0 0 0
24200 0 -55 55 0 55 0 -55 55 0 55 0 0 55 -55 0 0 0 0 0
24200 0 55 -55 0 55 0 -55 55 0 55 0 0 55 -55 0 0 0 0 0
24200 0 55 55 0 -55 0 -55 55 0 55 0 0 55 -55 0 0 0 0 0
24200 0 -55 -55 0 -55 0 -55 55 0 55 0 0 55 -55 0 0 0 0 0
24200 0 -55 55 0 55 0 55 -55 0 55 0 0 55 -55 0 0 0 0 0
24200 0 55 -55 0 55 0 55 -55 0 55 0 0 55 -55 0 0 0 0 0
24200 0 55 55 0 -55 0 55 -55 0 55 0 0 55 -55 0 0 0 0 0
24200 0 -55 -55 0 -55 0 55 -55 0 55 0 0 55 -55 0 0 0 0 0
24200 0 55 55 0 55 0 -55 -55 0 55 0 0 55 -55 0 0 0 0 0
24200 0 -55 -55 0 55 0 -55 -55 0 55 0 0 55 -55 0 0 0 0 0
24200 0 -55 55 0 -55 0 -55 -55 0 55 0 0 55 -55 0 0 0 0 0
24200 0 55 -55 0 -55 0 -55 -55 0 55 0 0 55 -55 0 0 0 0 0
24200 0 -55 55 0 55 0 55 55 0 -55 0 0 55 -55 0 0 0 0 0
24200 0 55 -55 0 55 0 55 55 0 -55 0 0 55 -55 0 0 0 0 0
24200 0 55 55 0 -55 0 55 55 0 -55 0 0 55 -55 0 0 0 0 0
24200 0 -55 -55 0 -55 0 55 55 0 -55 0 0 55 -55 0 0 0 0 0
24200 0 55 55 0 55 0 -55 55 0 -55 0 0 55 -55 0 0 0 0 0
24200 0 -55 -55 0 55 0 -55 55 0 -55 0 0 55 -55 0 0 0 0 0
24200 0 -55 55 0 -55 0 -55 55 0 -55 0 0 55 -55 0 0 0 0 0
24200 0 55 -55 0 -55 0 -55 55 0 -55 0 0 55 -55 0 0 0 0 0
24200 0 55 55 0 55 0 55 -55 0 -55 0 0 55 -55 0 0 0 0 0
24200 0 -55 -55 0 55 0 55 -55 0 -55 0 0 55 -55 0 0 0 0 0
24200 0 -55 55 0 -55 0 55 -55 0 -55 0 0 55 -55 0 0 0 0 0
24200 0 55 -55 0 -55 0 55 -55 0 -55 0 0 55 -55 0 0 0 0 0
24200 0 -55 55 0 55 0 -55 -55 0 -55 0 0 55 -55 0 0 0 0 0
24200 0 55 -55 0 55 0 -55 -55 0 -55 0 0 55 -55 0 0 0 0 0
24200 0 55 55 0 -55 0 -55 -55 0 -55 0 0 55 -55 0 0 0 0 0
24200 0 -55 -55 0 -55 0 -55 -55 0 -55 0 0 55 -55 0 0 0 0 0
24200 0 -55 55 0 55 0 55 55 0 55 0 0 -55 -55 0 0 0 0 0
24200 0 55 -55 0 55 0 55 55 0 55 0 0 -55 -55 0 0 0 0 0
24200 0 55 55 0 -55 0 55 55 0 55 0 0 -55 -55 0 0 0 0 0
24200 0 -55 -55 0 -55 0 55 55 0 55 0 0 -55 -55 0 0 0 0 0
24200 0 55 55 0 55 0 -55 55 0 55 0 0 -55 -55 0 0 0 0 0
24200 0 -55 -55 0 55 0 -55 55 0 55 0 0 -55 -55 0 0 0 0 0
24200 0 -55 55 0 -55 0 -55 55 0 55 0 0 -55 -55 0 0 0 0 0
24200 0 55 -55 0 -55 0 -55 55 0 55 0 0 -55 -55 0 0 0 0 0
24200 0 55 55 0 55 0 55 -55 0 55 0 0 -55 -55 0 0 0 0 0
24200 0 -55 -55 0 55 0 55 -55 0 55 0 0 -55 -55 0 0 0 0 0
24200 0 -55 55 0 -55 0 55 -55 0 55 0 0 -55 -55 0 0 0 0 0
24200 0 55 -55 0 -55 0 55 -55 0 55 0 0 -55 -55 0 0 0 0 0
24200 0 -55 55 0 55 0 -55 -55 0 55 0 0 -55 -55 0 0 0 0 0
24200 0 55 -55 0 55 0 -55 -55 0 55 0 0 -55 -55 0 0 0 0 0
24200 0 55 55 0 -55 0 -55 -55 0 55 0 0 -55 -55 0 0 0 0 0
24200 0 -55 -55 0 -55 0 -55 -55 0 55 0 0 -55 -55 0 0 0 0 0
24200 0 55 55 0 55 0 55 55 0 -55 0 0 -55 -55 0 0 0 0 0
24200 0 -55 -55 0 55 0 55 55 0 -55 0 0 -55 -55 0 0 0 0 0
24200 0 -55 55 0 -55 0 55 55 0 -55 0 0 -55 -55 0 0 0 0 0
24200 0 55 -55 0 -55 0 55 55 0 -55 0 0 -55 -55 0 0 0 0 0
24200 0 -55 55 0 55 0 -55 55 0 -55 0 0 -55 -55 0 0 0 0 0
24200 0 55 -55 0 55 0 -55 55 0 -55 0 0 -55 -55 0 0 0 0 0
24200 0 55 55 0 -55 0 -55 55 0 -55 0 0 -55 -55 0 0 0 0 0
24200 0 -55 -55 0 -55 0 -55 55 0 -55 0 0 -55 -55 0 0 0 0 0
24200 0 -55 55 0 55 0 55 -55 0 -55 0 0 -55 -55 0 0 0 0 0
24200 0 55 -55 0 55 0 55 -55 0 -55 0 0 -55 -55 0 0 0 0 0
24200 0 55 55 0 -55 0 55 -55 0 -55 0 0 -55 -55 0 0 0 0 0
24200 0 -55 -55 0 -55 0 55 -55 0 -55 0 0 -55 -55 0 0 0 0 0
24200 0 55 55 0 55 0 -55 -55 0 -55 0 0 -55 -55 0 0 0 0 0
24200 0 -55 -55 0 55 0 -55 -55 0 -55 0 0 -55 -55 0 0 0 0 0
24200 0 -55 55 0 -55 0 -55 -55 0 -55 0 0 -55 -55 0 0 0 0 0
24200 0 55 -55 0 -55 0 -55 -55 0 -55 0 0 -55 -55 0 0 0 0 0
24200 55 0 0 0 0 0 0 55 55 55 0 0 55 55 0 0 0 -55 -55
24200 55 0 0 0 0 0 0 55 55 55 0 0 55 55 0 0 0 55 55
24200 -55 0 0 0 0 0 0 -55 55 55 0 0 55 55 0 0 0 -55 -55
24200 -55 0 0 0 0 0 0 -55 55 55 0 0 55 55 0 0 0 55 55
24200 -55 0 0 0 0 0 0 55 -55 55 0 0 55 55 0 0 0 -55 -55
24200 -55 0 0 0 0 0 0 55 -55 55 0 0 55 55 0 0 0 55 55
24200 55 0 0 0 0 0 0 -55 -55 55 0 0 55 55 0 0 0 -55 -55
24200 55 0 0 0 0 0 0 -55 -55 55 0 0 55 55 0 0 0 55 55
24200 -55 0 0 0 0 0 0 55 55 -55 0 0 55 55 0 0 0 -55 -55
24200 -55 0 0 0 0 0 0 55 55 -55 0 0 55 55 0 0 0 55 55
24200 55 0 0 0 0 0 0 -55 55 -55 0 0 55 55 0 0 0 -55 -55
24200 55 0 0 0 0 0 0 -55 55 -55 0 0 55 55 0 0 0 55 55
24200 55 0 0 0 0 0 0 55 -55 -55 0 0 55 55 0 0 0 -55 -55
24200 55 0 0 0 0 0 0 55 -55 -55 0 0 55 55 0 0 0 55 55
24200 -55 0 0 0 0 0 0 -55 -55 -55 0 0 55 55 0 0 0 -55 -55
24200 -55 0 0 0 0 0 0 -55 -55 -55 0 0 55 55 0 0 0 55 55
24200 -55 0 0 0 0 0 0 55 55 55 0 0 -55 55 0 0 0 -55 -55
24200 -55 0 0 0 0 0 0 55 55 55 0 0 -55 55 0 0 0 55 55
24200 55 0 0 0 0 0 0 -55 55 55 0 0 -55 55 0 0 0 -55 -55
24200 55 0 0 0 0 0 0 -55 55 55 0 0 -55 55 0 0 0 55 55
24200 55 0 0 0 0 0 0 55 -55 55 0 0 -55 55 0 0 0 -55 -55
24200 55 0 0 0 0 0 0 55 -55 55 0 0 -55 55 0 0 0 55 55
24200 -55 0 0 0 0 0 0 -55 -55 55 0 0 -55 55 0 0 0 -55 -55
24200 -55 0 0 0 0 0 0 -55 -55 55 0 0 -55 55 0 0 0 55 55
24200 55 0 0 0 0 0 0 55 55 -55 0 0 -55 55 0 0 0 -55 -55
24200 55 0 0 0 0 0 0 55 55 -55 0 0 -55 55 0 0 0 55 55
24200 -55 0 0 0 0 0 0 -55 55 -55 0 0 -55 55 0 0 0 -55 -55
24200 -55 0 0 0 0 0 0 -55 55 -55 0 0 -55 55 0 0 0 55 55
24200 -55 0 0 0 0 0 0 55 -55 -55 0 0 -55 55 0 0 0 -55 -55
24200 -55 0 0 0 0 0 0 55 -55 -55 0 0 -55 55 0 0 0 55 55
24200 55 0 0 0 0 0 0 -55 -55 -55 0 0 -55 55 0 0 0 -55 -55
24200 55 0 0 0 0 0 0 -55 -55 -55 0 0 -55 55 0 0 0 55 55
24200 -55 0 0 0 0 0 0 55 55 55 0 0 55 -55 0 0 0 -55 -55
24200 -55 0 0 0 0 0 0 55 55 55 0 0 55 -55 0 0 0 55 55
24200 55 0 0 0 0 0 0 -55 55 55 0 0 55 -55 0 0 0 -55 -55
24200 55 0 0 0 0 0 0 -55 55 55 0 0 55 -55 0 0 0 55 55
24200 55 0 0 0 0 0 0 55 -55 55 0 0 55 -55 0 0 0 -55 -55
24200 55 0 0 0 0 0 0 55 -55 55 0 0 55 -55 0 0 0 55 55
24200 -55 0 0 0 0 0 0 -55 -55 55 0 0 55 -55 0 0 0 -55 -55
24200 -55 0 0 0 0 0 0 -55 -55 55 0 0 55 -55 0 0 0 55 55
24200 55 0 0 0 0 0 0 55 55 -55 0 0 55 -55 0 0 0 -55 -55
24200 55 0 0 0 0 0 0 55 55 -55 0 0 55 -55 0 0 0 55 55
24200 -55 0 0 0 0 0 0 -55 55 -55 0 0 55 -55 0 0 0 -55 -55
24200 -55 0 0 0 0 0 0 -55 55 -55 0 0 55 -55 0 0 0 55 55
24200 -55 0 0 0 0 0 0 55 -55 -55 0 0 55 -55 0 0 0 -55 -55
24200 -55 0 0 0 0 0 0 55 -55 -55 0 0 55 -55 0 0 0 55 55
24200 55 0 0 0 0 0 0 -55 -55 -55 0 0 55 -55 0 0 0 -55 -55
24200 55 0 0 0 0 0 0 -55 -55 -55 0 0 55 -55 0 0 0 55 55
24200 55 0 0 0 0 0 0 55 55 55 0 0 -55 -55 0 0 0 -55 -55
24200 55 0 0 0 0 0 0 55 55 55 0 0 -55 -55 0 0 0 55 55
24200 -55 0 0 0 0 0 0 -55 55 55 0 0 -55 -55 0 0 0 -55 -55
24200 -55 0 0 0 0 0 0 -55 55 55 0 0 -55 -55 0 0 0 55 55
24200 -55 0 0 0 0 0 0 55 -55 55 0 0 -55 -55 0 0 0 -55 -55
24200 -55 0 0 0 0 0 0 55 -55 55 0 0 -55 -55 0 0 0 55 55
24200 55 0 0 0 0 0 0 -55 -55 55 0 0 -55 -55 0 0 0 -55 -55
24200 55 0 0 0 0 0 0 -55 -55 55 0 0 -55 -55 0 0 0 55 55
24200 -55 0 0 0 0 0 0 55 55 -55 0 0 -55 -55 0 0 0 -55 -55
24200 -55 0 0 0 0 0 0 55 55 -55 0 0 -55 -55 0 0 0 55 55
24200 55 0 0 0 0 0 0 -55 55 -55 0 0 -55 -55 0 0 0 -55 -55
24200 55 0 0 0 0 0 0 -55 55 -55 0 0 -55 -55 0 0 0 55 55
24200 55 0 0 0 0 0 0 55 -55 -55 0 0 -55 -55 0 0 0 -55 -55
24200 55 0 0 0 0 0 0 55 -55 -55 0 0 -55 -55 0 0 0 55 55
24200 -55 0 0 0 0 0 0 -55 -55 -55 0 0 -55 -55 0 0 0 -55 -55
24200 -55 0 0 0 0 0 0 -55 -55 -55 0 0 -55 -55 0 0 0 55 55
24200 0 55 0 55 0 0 0 55 0 0 0 55 55 55 0 0 -55 55 0
24200 0 -55 0 -55 0 0 0 55 0 0 0 55 55 55 0 0 -55 55 0
24200 0 55 0 55 0 0 0 55 0 0 0 55 55 55 0 0 55 -55 0
24200 0 -55 0 -55 0 0 0 55 0 0 0 55 55 55 0 0 55 -55 0
24200 0 -55 0 55 0 0 0 -55 0 0 0 55 55 55 0 0 -55 55 0
24200 0 55 0 -55 0 0 0 -55 0 0 0 55 55 55 0 0 -55 55 0
24200 0 -55 0 55 0 0 0 -55 0 0 0 55 55 55 0 0 55 -55 0
24200 0 55 0 -55 0 0 0 -55 0 0 0 55 55 55 0 0 55 -55 0
24200 0 -55 0 55 0 0 0 55 0 0 0 -55 55 55 0 0 -55 55 0
24200 0 55 0 -55 0 0 0 55 0 0 0 -55 55 55 0 0 -55 55 0
24200 0 -55 0 55 0 0 0 55 0 0 0 -55 55 55 0 0 55 -55 0
24200 0 55 0 -55 0 0 0 55 0 0 0 -55 55 55 0 0 55 -55 0
24200 0 55 0 55 0 0 0 -55 0 0 0 -55 55 55 0 0 -55 55 0
24200 0 -55 0 -55 0 0 0 -55 0 0 0 -55 55 55 0 0 -55 55 0
24200 0 55 0 55 0 0 0 -55 0 0 0 -55 55 55 0 0 55 -55 0
24200 0 -55 0 -55 0 0 0 -55 0 0 0 -55 55 55 0 0 55 -55 0
24200 0 -55 0 55 0 0 0 55 0 0 0 55 -55 55 0 0 -55 55 0
24200 0 55 0 -55 0 0 0 55 0 0 0 55 -55 55 0 0 -55 55 0
24200 0 -55 0 55 0 0 0 55 0 0 0 55 -55 55 0 0 55 -55 0
24200 0 55 0 -55 0 0 0 55 0 0 0 55 -55 55 0 0 55 -55 0
24200 0 55 0 55 0 0 0 -55 0 0 0 55 -55 55 0 0 -55 55 0
24200 0 -55 0 -55 0 0 0 -55 0 0 0 55 -55 55 0 0 -55 55 0
24200 0 55 0 55 0 0 0 -55 0 0 0 55 -55 55 0 0 55 -55 0
24200 0 -55 0 -55 0 0 0 -55 0 0 0 55 -55 55 0 0 55 -55 0
24200 0 55 0 55 0 0 0 55 0 0 0 -55 -55 55 0 0 -55 55 0
24200 0 -55 0 -55 0 0 0 55 0 0 0 -55 -55 55 0 0 -55 55 0
24200 0 55 0 55 0 0 0 55 0 0 0 -55 -55 55 0 0 55 -55 0
24200 0 -55 0 -55 0 0 0 55 0 0 0 -55 -55 55 0 0 55 -55 0
24200 0 -55 0 55 0 0 0 -55 0 0 0 -55 -55 55 0 0 -55 55 0
24200 0 55 0 -55 0 0 0 -55 0 0 0 -55 -55 55 0 0 -55 55 0
24200 0 -55 0 55 0 0 0 -55 0 0 0 -55 -55 55 0 0 55 -55 0
24200 0 55 0 -55 0 0 0 -55 0 0 0 -55 -55 55 0 0 55 -55 0
24200 0 -55 0 55 0 0 0 55 0 0 0 55 55 -55 0 0 -55 55 0
24200 0 55 0 -55 0 0 0 55 0 0 0 55 55 -55 0 0 -55 55 0
24200 0 -55 0 55 0 0 0 55 0 0 0 55 55 -55 0 0 55 -55 0
24200 0 55 0 -55 0 0 0 55 0 0 0 55 55 -55 0 0 55 -55 0
24200 0 55 0 55 0 0 0 -55 0 0 0 55 55 -55 0 0 -55 55 0
24200 0 -55 0 -55 0 0 0 -55 0 0 0 55 55 -55 0 0 -55 55 0
24200 0 55 0 55 0 0 0 -55 0 0 0 55 55 -55 0 0 55 -55 0
24200 0 -55 0 -55 0 0 0 -55 0 0 0 55 55 -55 0 0 55 -55 0
24200 0 55 0 55 0 0 0 55 0 0 0 -55 55 -55 0 0 -55 55 0
24200 0 -55 0 -55 0 0 0 55 0 0 0 -55 55 -55 0 0 -55 55 0
24200 0 55 0 55 0 0 0 55 0 0 0 -55 55 -55 0 0 55 -55 0
24200 0 -55 0 -55 0 0 0 55 0 0 0 -55 55 -55 0 0 55 -55 0
24200 0 -55 0 55 0 0 0 -55 0 0 0 -55 55 -55 0 0 -55 55 0
24200 0 55 0 -55 0 0 0 -55 0 0 0 -55 55 -55 0 0 -55 55 0
24200 0 -55 0 55 0 0 0 -55 0 0 0 -55 55 -55 0 0 55 -55 0
24200 0 55 0 -55 0 0 0 -55 0 0 0 -55 55 -55 0 0 55 -55 0
24200 0 55 0 55 0 0 0 55 0 0 0 55 -55 -55 0 0 -55 55 0
24200 0 -55 0 -55 0 0 0 55 0 0 0 55 -55 -55 0 0 -55 55 0
24200 0 55 0 55 0 0 0 55 0 0 0 55 -55 -55 0 0 55 -55 0
24200 0 -55 0 -55 0 0 0 55 0 0 0 55 -55 -55 0 0 55 -55 0
24200 0 -55 0 55 0 0 0 -55 0 0 0 55 -55 -55 0 0 -55 55 0
24200 0 55 0 -55 0 0 0 -55 0 0 0 55 -55 -55 0 0 -55 55 0
24200 0 -55 0 55 0 0 0 -55 0 0 0 55 -55 -55 0 0 55 -55 0
24200 0 55 0 -55 0 0 0 -55 0 0 0 55 -55 -55 0 0 55 -55 0
24200 0 -55 0 55 0 0 0 55 0 0 0 -55 -55 -55 0 0 -55 55 0
24200 0 55 0 -55 0 0 0 55 0 0 0 -55 -55 -55 0 0 -55 55 0
24200 0 -55 0 55 0 0 0 55 0 0 0 -55 -55 -55 0 0 55 -55 0
24200 0 55 0 -55 0 0 0 55 0 0 0 -55 -55 -55 0 0 55 -55 0
24200 0 55 0 55 0 0 0 -55 0 0 0 -55 -55 -55 0 0 -55 55 0
24200 0 -55 0 -55 0 0 0 -55 0 0 0 -55 -55 -55 0 0 -55 55 0
24200 0 55 0 55 0 0 0 -55 0 0 0 -55 -55 -55 0 0 55 -55 0
24200 0 -55 0 -55 0 0 0 -55 0 0 0 -55 -55 -55 0 0 55 -55 0
24200 55 0 55 0 0 0 0 0 0 55 0 55 55 55 0 0 0 -55 55
24200 -55 0 -55 0 0 0 0 0 0 55 0 55 55 55 0 0 0 -55 55
24200 55 0 55 0 0 0 0 0 0 55 0 55 55 55 0 0 0 55 -55
24200 -55 0 -55 0 0 0 0 0 0 55 0 55 55 55 0 0 0 55 -55
24200 -55 0 55 0 0 0 0 0 0 -55 0 55 55 55 0 0 0 -55 55
24200 55 0 -55 0 0 0 0 0 0 -55 0 55 55 55 0 0 0 -55 55
24200 -55 0 55 0 0 0 0 0 0 -55 0 55 55 55 0 0 0 55 -55
24200 55 0 -55 0 0 0 0 0 0 -55 0 55 55 55 0 0 0 55 -55
24200 -55 0 55 0 0 0 0 0 0 55 0 -55 55 55 0 0 0 -55 55
24200 55 0 -55 0 0 0 0 0 0 55 0 -55 55 55 0 0 0 -55 55
24200 -55 0 55 0 0 0 0 0 0 55 0 -55 55 55 0 0 0 55 -55
24200 55 0 -55 0 0 0 0 0 0 55 0 -55 55 55 0 0 0 55 -55
24200 55 0 55 0 0 0 0 0 0 -55 0 -55 55 55 0 0 0 -55 55
24200 -55 0 -55 0 0 0 0 0 0 -55 0 -55 55 55 0 0 0 -55 55
24200 55 0 55 0 0 0 0 0 0 -55 0 -55 55 55 0 0 0 55 -55
24200 -55 0 -55 0 0 0 0 0 0 -55 0 -55 55 55 0 0 0 55 -55
24200 -55 0 55 0 0 0 0 0 0 55 0 55 -55 55 0 0 0 -55 55
24200 55 0 -55 0 0 0 0 0 0 55 0 55 -55 55 0 0 0 -55 55
24200 -55 0 55 0 0 0 0 0 0 55 0 55 -55 55 0 0 0 55 -55
24200 55 0 -55 0 0 0 0 0 0 55 0 55 -55 55 0 0 0 55 -55
24200 55 0 55 0 0 0 0 0 0 -55 0 55 -55 55 0 0 0 -55 55
24200 -55 0 -55 0 0 0 0 0 0 -55 0 55 -55 55 0 0 0 -55 55
24200 55 0 55 0 0 0 0 0 0 -55 0 55 -55 55 0 0 0 55 -55
24200 -55 0 -55 0 0 0 0 0 0 -55 0 55 -55 55 0 0 0 55 -55
24200 55 0 55 0 0 0 0 0 0 55 0 -55 -55 55 0 0 0 -55 55
24200 -55 0 -55 0 0 0 0 0 0 55 0 -55 -55 55 0 0 0 -55 55
24200 55 0 55 0 0 0 0 0 0 55 0 -55 -55 55 0 0 0 55 -55
24200 -55 0 -55 0 0 0 0 0 0 55 0 -55 -55 55 0 0 0 55 -55
24200 -55 0 55 0 0 0 0 0 0 -55 0 -55 -55 55 0 0 0 -55 55
24200 55 0 -55 0 0 0 0 0 0 -55 0 -55 -55 55 0 0 0 -55 55
24200 -55 0 55 0 0 0 0 0 0 -55 0 -55 -55 55 0 0 0 55 -55
24200 55 0 -55 0 0 0 0 0 0 -55 0 -55 -55 55 0 0 0 55 -55
24200 -55 0 55 0 0 0 0 0 0 55 0 55 55 -55 0 0 0 -55 55
24200 55 0 -55 0 0 0 0 0 0 55 0 55 55 -55 0 0 0 -55 55
24200 -55 0 55 0 0 0 0 0 0 55 0 55 55 -55 0 0 0 55 -55
24200 55 0 -55 0 0 0 0 0 0 55 0 55 55 -55 0 0 0 55 -55
24200 55 0 55 0 0 0 0 0 0 -55 0 55 55 -55 0 0 0 -55 55
24200 -55 0 -55 0 0 0 0 0 0 -55 0 55 55 -55 0 0 0 -55 55
24200 55 0 55 0 0 0 0 0 0 -55 0 55 55 -55 0 0 0 55 -55
24200 -55 0 -55 0 0 0 0 0 0 -55 0 55 55 -55 0 0 0 55 -55
24200 55 0 55 0 0 0 0 0 0 55 0 -55 55 -55 0 0 0 -55 55
24200 -55 0 -55 0 0 0 0 0 0 55 0 -55 55 -55 0 0 0 -55 55
24200 55 0 55 0 0 0 0 0 0 55 0 -55 55 -55 0 0 0 55 -55
24200 -55 0 -55 0 0 0 0 0 0 55 0 -55 55 -55 0 0 0 55 -55
24200 -55 0 55 0 0 0 0 0 0 -55 0 -55 55 -55 0 0 0 -55 55
24200 55 0 -55 0 0 0 0 0 0 -55 0 -55 55 -55 0 0 0 -55 55
24200 -55 0 55 0 0 0 0 0 0 -55 0 -55 55 -55 0 0 0 55 -55
24200 55 0 -55 0 0 0 0 0 0 -55 0 -55 55 -55 0 0 0 55 -55
24200 55 0 55 0 0 0 0 0 0 55 0 55 -55 -55 0 0 0 -55 55
24200 -55 0 -55 0 0 0 0 0 0 55 0 55 -55 -55 0 0 0 -55 55
24200 55 0 55 0 0 0 0 0 0 55 0 55 -55 -55 0 0 0 55 -55
24200 -55 0 -55 0 0 0 0 0 0 55 0 55 -55 -55 0 0 0 55 -55
24200 -55 0 55 0 0 0 0 0 0 -55 0 55 -55 -55 0 0 0 -55 55
24200 55 0 -55 0 0 0 0 0 0 -55 0 55 -55 -55 0 0 0 -55 55
24200 -55 0 55 0 0 0 0 0 0 -55 0 55 -55 -55 0 0 0 55 -55
24200 55 0 -55 0 0 0 0 0 0 -55 0 55 -55 -55 0 0 0 55 -55
24200 -55 0 55 0 0 0 0 0 0 55 0 -55 -55 -55 0 0 0 -55 55
24200 55 0 -55 0 0 0 0 0 0 55 0 -55 -55 -55 0 0 0 -55 55
24200 -55 0 55 0 0 0 0 0 0 55 0 -55 -55 -55 0 0 0 55 -55
24200 55 0 -55 0 0 0 0 0 0 55 0 -55 -55 -55 0 0 0 55 -55
24200 55 0 55 0 0 0 0 0 0 -55 0 -55 -55 -55 0 0 0 -55 55
24200 -55 0 -55 0 0 0 0 0 0 -55 0 -55 -55 -55 0 0 0 -55 55
24200 55 0 55 0 0 0 0 0 0 -55 0 -55 -55 -55 0 0 0 55 -55
24200 -55 0 -55 0 0 0 0 0 0 -55 0 -55 -55 -55 0 0 0 55 -55
24200 0 0 -55 0 0 55 0 55 55 0 55 55 55 55 0 0 0 0 0
24200 0 0 55 0 0 -55 0 55 55 0 55 55 55 55 0 0 0 0 0
24200 0 0 55 0 0 55 0 -55 55 0 55 55 55 55 0 0 0 0 0
24200 0 0 -55 0 0 -55 0 -55 55 0 55 55 55 55 0 0 0 0 0
24200 0 0 55 0 0 55 0 55 -55 0 55 55 55 55 0 0 0 0 0
24200 0 0 -55 0 0 -55 0 55 -55 0 55 55 55 55 0 0 0 0 0
24200 0 0 -55 0 0 55 0 -55 -55 0 55 55 55 55 0 0 0 0 0
24200 0 0 55 0 0 -55 0 -55 -55 0 55 55 55 55 0 0 0 0 0
24200 0 0 55 0 0 55 0 55 55 0 -55 55 55 55 0 0 0 0 0
24200 0 0 -55 0 0 -55 0 55 55 0 -55 55 55 55 0 0 0 0 0
24200 0 0 -55 0 0 55 0 -55 55 0 -55 55 55 55 0 0 0 0 0
24200 0 0 55 0 0 -55 0 -55 55 0 -55 55 55 55 0 0 0 0 0
24200 0 0 -55 0 0 55 0 55 -55 0 -55 55 55 55 0 0 0 0 0
24200 0 0 55 0 0 -55 0 55 -55 0 -55 55 55 55 0 0 0 0 0
24200 0 0 55 0 0 55 0 -55 -55 0 -55 55 55 55 0 0 0 0 0
24200 0 0 -55 0 0 -55 0 -55 -55 0 -55 55 55 55 0 0 0 0 0
24200 0 0 55 0 0 55 0 55 55 0 55 -55 55 55 0 0 0 0 0
24200 0 0 -55 0 0 -55 0 55 55 0 55 -55 55 55 0 0 0 0 0
24200 0 0 -55 0 0 55 0 -55 55 0 55 -55 55 55 0 0 0 0 0
24200 0 0 55 0 0 -55 0 -55 55 0 55 -55 55 55 0 0 0 0 0
24200 0 0 -55 0 0 55 0 55 -55 0 55 -55 55 55 0 0 0 0 0
24200 0 0 55 0 0 -55 0 55 -55 0 55 -55 55 55 0 0 0 0 0
24200 0 0 55 0 0 55 0 -55 -55 0 55 -55 55 55 0 0 0 0 0
24200 0 0 -55 0 0 -55 0 -55 -55 0 55 -55 55 55 0 0 0 0 0
24200 0 0 -55 0 0 55 0 55 55 0 -55 -55 55 55 0 0 0 0 0
24200 0 0 55 0 0 -55 0 55 55 0 -55 -55 55 55 0 0 0 0 0
24200 0 0 55 0 0 55 0 -55 55 0 -55 -55 55 55 0 0 0 0 0
24200 0 0 -55 0 0 -55 0 -55 55 0 -55 -55 55 55 0 0 0 0 0
24200 0 0 55 0 0 55 0 55 -55 0 -55 -55 55 55 0 0 0 0 0
24200 0 0 -55 0 0 -55 0 55 -55 0 -55 -55 55 55 0 0 0 0 0
24200 0 0 -55 0 0 55 0 -55 -55 0 -55 -55 55 55 0 0 0 0 0
24200 0 0 55 0 0 -55 0 -55 -55 0 -55 -55 55 55 0 0 0 0 0
24200 0 0 55 0 0 55 0 55 55 0 55 55 -55 55 0 0 0 0 0
24200 0 0 -55 0 0 -55 0 55 55 0 55 55 -55 55 0 0 0 0 0
24200 0 0 -55 0 0 55 0 -55 55 0 55 55 -55 55 0 0 0 0 0
24200 0 0 55 0 0 -55 0 -55 55 0 55 55 -55 55 0 0 0 0 0
24200 0 0 -55 0 0 55 0 55 -55 0 55 55 -55 55 0 0 0 0 0
24200 0 0 55 0 0 -55 0 55 -55 0 55 55 -55 55 0 0 0 0 0
24200 0 0 55 0 0 55 0 -55 -55 0 55 55 -55 55 0 0 0 0 0
24200 0 0 -55 0 0 -55 0 -55 -55 0 55 55 -55 55 0 0 0 0 0
24200 0 0 -55 0 0 55 0 55 55 0 -55 55 -55 55 0 0 0 0 0
24200 0 0 55 0 0 -55 0 55 55 0 -55 55 -55 55 0 0 0 0 0
24200 0 0 55 0 0 55 0 -55 55 0 -55 55 -55 55 0 0 0 0 0
24200 0 0 -55 0 0 -55 0 -55 55 0 -55 55 -55 55 0 0 0 0 0
24200 0 0 55 0 0 55 0 55 -55 0 -55 55 -55 55 0 0 0 0 0
24200 0 0 -55 0 0 -55 0 55 -55 0 -55 55 -55 55 0 0 0 0 0
24200 0 0 -55 0 0 55 0 -55 -55 0 -55 55 -55 55 0 0 0 0 0
24200 0 0 55 0 0 -55 0 -55 -55 0 -55 55 -55 55 0 0 0 0 0
24200 0 0 -55 0 0 55 0 55 55 0 55 -55 -55 55 0 0 0 0 0
24200 0 0 55 0 0 -55 0 55 55 0 55 -55 -55 55 0 0 0 0 0
24200 0 0 55 0 0 55 0 -55 55 0 55 -55 -55 55 0 0 0 0 0
24200 0 0 -55 0 0 -55 0 -55 55 0 55 -55 -55 55 0 0 0 0 0
24200 0 0 55 0 0 55 0 55 -55 0 55 -55 -55 55 0 0 0 0 0
24200 0 0 -55 0 0 -55 0 55 -55 0 55 -55 -55 55 0 0 0 0 0
24200 0 0 -55 0 0 55 0 -55 -55 0 55 -55 -55 55 0 0 0 0 0
24200 0 0 55 0 0 -55 0 -55 -55 0 55 -55 -55 55 0 0 0 0 0
24200 0 0 55 0 0 55 0 55 55 0 -55 -55 -55 55 0 0 0 0 0
24200 0 0 -55 0 0 -55 0 55 55 0 -55 -55 -55 55 0 0 0 0 0
24200 0 0 -55 0 0 55 0 -55 55 0 -55 -55 -55 55 0 0 0 0 0
24200 0 0 55 0 0 -55 0 -55 55 0 -55 -55 -55 55 0 0 0 0 0
24200 0 0 -55 0 0 55 0 55 -55 0 -55 -55 -55 55 0 0 0 0 0
24200 0 0 55 0 0 -55 0 55 -55 0 -55 -55 -55 55 0 0 0 0 0
24200 0 0 55 0 0 55 0 -55 -55 0 -55 -55 -55 55 0 0 0 0 0
24200 0 0 -55 0 0 -55 0 -55 -55 0 -55 -55 -55 55 0 0 0 0 0
24200 0 0 55 0 0 55 0 55 55 0 55 55 55 -55 0 0 0 0 0
24200 0 0 -55 0 0 -55 0 55 55 0 55 55 55 -55 0 0 0 0 0
24200 0 0 -55 0 0 55 0 -55 55 0 55 55 55 -55 0 0 0 0 0
24200 0 0 55 0 0 -55 0 -55 55 0 55 55 55 -55 0 0 0 0 0
24200 0 0 -55 0 0 55 0 55 -55 0 55 55 55 -55 0 0 0 0 0
24200 0 0 55 0 0 -55 0 55 -55 0 55 55 55 -55 0 0 0 0 0
24200 0 0 55 0 0 55 0 -55 -55 0 55 55 55 -55 0 0 0 0 0
24200 0 0 -55 0 0 -55 0 -55 -55 0 55 55 55 -55 0 0 0 0 0
24200 0 0 -55 0 0 55 0 55 55 0 -55 55 55 -55 0 0 0 0 0
24200 0 0 55 0 0 -55 0 55 55 0 -55 55 55 -55 0 0 0 0 0
24200 0 0 55 0 0 55 0 -55 55 0 -55 55 55 -55 0 0 0 0 0
24200 0 0 -55 0 0 -55 0 -55 55 0 -55 55 55 -55 0 0 0 0 0
24200 0 0 55 0 0 55 0 55 -55 0 -55 55 55 -55 0 0 0 0 0
24200 0 0 -55 0 0 -55 0 55 -55 0 -55 55 55 -55 0 0 0 0 0
24200 0 0 -55 0 0 55 0 -55 -55 0 -55 55 55 -55 0 0 0 0 0
24200 0 0 55 0 0 -55 0 -55 -55 0 -55 55 55 -55 0 0 0 0 0
24200 0 0 -55 0 0 55 0 55 55 0 55 -55 55 -55 0 0 0 0 0
24200 0 0 55 0 0 -55 0 55 55 0 55 -55 55 -55 0 0 0 0 0
24200 0 0 55 0 0 55 0 -55 55 0 55 -55 55 -55 0 0 0 0 0
24200 0 0 -55 0 0 -55 0 -55 55 0 55 -55 55 -55 0 0 0 0 0
24200 0 0 55 0 0 55 0 55 -55 0 55 -55 55 -55 0 0 0 0 0
24200 0 0 -55 0 0 -55 0 55 -55 0 55 -55 55 -55 0 0 0 0 0
24200 0 0 -55 0 0 55 0 -55 -55 0 55 -55 55 -55 0 0 0 0 0
24200 0 0 55 0 0 -55 0 -55 -55 0 55 -55 55 -55 0 0 0 0 0
24200 0 0 55 0 0 55 0 55 55 0 -55 -55 55 -55 0 0 0 0 0
24200 0 0 -55 0 0 -55 0 55 55 0 -55 -55 55 -55 0 0 0 0 0
24200 0 0 -55 0 0 55 0 -55 55 0 -55 -55 55 -55 0 0 0 0 0
24200 0 0 55 0 0 -55 0 -55 55 0 -55 -55 55 -55 0 0 0 0 0
24200 0 0 -55 0 0 55 0 55 -55 0 -55 -55 55 -55 0 0 0 0 0
24200 0 0 55 0 0 -55 0 55 -55 0 -55 -55 55 -55 0 0 0 0 0
24200 0 0 55 0 0 55 0 -55 -55 0 -55 -55 55 -55 0 0 0 0 0
24200 0 0 -55 0 0 -55 0 -55 -55 0 -55 -55 55 -55 0 0 0 0 0
24200 0 0 -55 0 0 55 0 55 55 0 55 55 -55 -55 0 0 0 0 0
24200 0 0 55 0 0 -55 0 55 55 0 55 55 -55 -55 0 0 0 0 0
24200 0 0 55 0 0 55 0 -55 55 0 55 55 -55 -55 0 0 0 0 0
24200 0 0 -55 0 0 -55 0 -55 55 0 55 55 -55 -55 0 0 0 0 0
24200 0 0 55 0 0 55 0 55 -55 0 55 55 -55 -55 0 0 0 0 0
24200 0 0 -55 0 0 -55 0 55 -55 0 55 55 -55 -55 0 0 0 0 0
24200 0 0 -55 0 0 55 0 -55 -55 0 55 55 -55 -55 0 0 0 0 0
24200 0 0 55 0 0 -55 0 -55 -55 0 55 55 -55 -55 0 0 0 0 0
24200 0 0 55 0 0 55 0 55 55 0 -55 55 -55 -55 0 0 0 0 0
24200 0 0 -55 0 0 -55 0 55 55 0 -55 55 -55 -55 0 0 0 0 0
24200 0 0 -55 0 0 55 0 -55 55 0 -55 55 -55 -55 0 0 0 0 0
24200 0 0 55 0 0 -55 0 -55 55 0 -55 55 -55 -55 0 0 0 0 0
24200 0 0 -55 0 0 55 0 55 -55 0 -55 55 -55 -55 0 0 0 0 0
24200 0 0 55 0 0 -55 0 55 -55 0 -55 55 -55 -55 0 0 0 0 0
24200 0 0 55 0 0 55 0 -55 -55 0 -55 55 -55 -55 0 0 0 0 0
24200 0 0 -55 0 0 -55 0 -55 -55 0 -55 55 -55 -55 0 0 0 0 0
24200 0 0 55 0 0 55 0 55 55 0 55 -55 -55 -55 0 0 0 0 0
24200 0 0 -55 0 0 -55 0 55 55 0 55 -55 -55 -55 0 0 0 0 0
24200 0 0 -55 0 0 55 0 -55 55 0 55 -55 -55 -55 0 0 0 0 0
24200 0 0 55 0 0 -55 0 -55 55 0 55 -55 -55 -55 0 0 0 0 0
24200 0 0 -55 0 0 55 0 55 -55 0 55 -55 -55 -55 0 0 0 0 0
24200 0 0 55 0 0 -55 0 55 -55 0 55 -55 -55 -55 0 0 0 0 0
24200 0 0 55 0 0 55 0 -55 -55 0 55 -55 -55 -55 0 0 0 0 0
24200 0 0 -55 0 0 -55 0 -55 -55 0 55 -55 -55 -55 0 0 0 0 0
24200 0 0 -55 0 0 55 0 55 55 0 -55 -55 -55 -55 0 0 0 0 0
24200 0 0 55 0 0 -55 0 55 55 0 -55 -55 -55 -55 0 0 0 0 0
24200 0 0 55 0 0 55 0 -55 55 0 -55 -55 -55 -55 0 0 0 0 0
24200 0 0 -55 0 0 -55 0 -55 55 0 -55 -55 -55 -55 0 0 0 0 0
24200 0 0 55 0 0 55 0 55 -55 0 -55 -55 -55 -55 0 0 0 0 0
24200 0 0 -55 0 0 -55 0 55 -55 0 -55 -55 -55 -55 0 0 0 0 0
24200 0 0 -55 0 0 55 0 -55 -55 0 -55 -55 -55 -55 0 0 0 0 0
24200 0 0 55 0 0 -55 0 -55 -55 0 -55 -55 -55 -55 0 0 0 0 0
24200 55 0 55 55 0 0 55 0 55 0 0 0 0 0 55 0 0 -55 55
24200 -55 0 -55 55 0 0 55 0 55 0 0 0 0 0 55 0 0 -55 55
24200 -55 0 55 -55 0 0 55 0 55 0 0 0 0 0 55 0 0 -55 55
24200 55 0 -55 -55 0 0 55 0 55 0 0 0 0 0 55 0 0 -55 55
24200 55 0 55 55 0 0 55 0 55 0 0 0 0 0 55 0 0 55 -55
24200 -55 0 -55 55 0 0 55 0 55 0 0 0 0 0 55 0 0 55 -55
24200 -55 0 55 -55 0 0 55 0 55 0 0 0 0 0 55 0 0 55 -55
24200 55 0 -55 -55 0 0 55 0 55 0 0 0 0 0 55 0 0 55 -55
24200 -55 0 55 55 0 0 -55 0 55 0 0 0 0 0 55 0 0 -55 55
24200 55 0 -55 55 0 0 -55 0 55 0 0 0 0 0 55 0 0 -55 55
24200 55 0 55 -55 0 0 -55 0 55 0 0 0 0 0 55 0 0 -55 55
24200 -55 0 -55 -55 0 0 -55 0 55 0 0 0 0 0 55 0 0 -55 55
24200 -55 0 55 55 0 0 -55 0 55 0 0 0 0 0 55 0 0 55 -55
24200 55 0 -55 55 0 0 -55 0 55 0 0 0 0 0 55 0 0 55 -55
24200 55 0 55 -55 0 0 -55 0 55 0 0 0 0 0 55 0 0 55 -55
24200 -55 0 -55 -55 0 0 -55 0 55 0 0 0 0 0 55 0 0 55 -55
24200 -55 0 55 55 0 0 55 0 -55 0 0 0 0 0 55 0 0 -55 55
24200 55 0 -55 55 0 0 55 0 -55 0 0 0 0 0 55 0 0 -55 55
24200 55 0 55 -55 0 0 55 0 -55 0 0 0 0 0 55 0 0 -55 55
24200 -55 0 -55 -55 0 0 55 0 -55 0 0 0 0 0 55 0 0 -55 55
24200 -55 0 55 55 0 0 55 0 -55 0 0 0 0 0 55 0 0 55 -55
24200 55 0 -55 55 0 0 55 0 -55 0 0 0 0 0 55 0 0 55 -55
24200 55 0 55 -55 0 0 55 0 -55 0 0 0 0 0 55 0 0 55 -55
24200 -55 0 -55 -55 0 0 55 0 -55 0 0 0 0 0 55 0 0 55 -55
24200 55 0 55 55 0 0 -55 0 -55 0 0 0 0 0 55 0 0 -55 55
24200 -55 0 -55 55 0 0 -55 0 -55 0 0 0 0 0 55 0 0 -55 55
24200 -55 0 55 -55 0 0 -55 0 -55 0 0 0 0 0 55 0 0 -55 55
24200 55 0 -55 -55 0 0 -55 0 -55 0 0 0 0 0 55 0 0 -55 55
24200 55 0 55 55 0 0 -55 0 -55 0 0 0 0 0 55 0 0 55 -55
24200 -55 0 -55 55 0 0 -55 0 -55 0 0 0 0 0 55 0 0 55 -55
24200 -55 0 55 -55 0 0 -55 0 -55 0 0 0 0 0 55 0 0 55 -55
24200 55 0 -55 -55 0 0 -55 0 -55 0 0 0 0 0 55 0 0 55 -55
24200 -55 0 55 55 0 0 55 0 55 0 0 0 0 0 -55 0 0 -55 55
24200 55 0 -55 55 0 0 55 0 55 0 0 0 0 0 -55 0 0 -55 55
24200 55 0 55 -55 0 0 55 0 55 0 0 0 0 0 -55 0 0 -55 55
24200 -55 0 -55 -55 0 0 55 0 55 0 0 0 0 0 -55 0 0 -55 55
24200 -55 0 55 55 0 0 55 0 55 0 0 0 0 0 -55 0 0 55 -55
24200 55 0 -55 55 0 0 55 0 55 0 0 0 0 0 -55 0 0 55 -55
24200 55 0 55 -55 0 0 55 0 55 0 0 0 0 0 -55 0 0 55 -55
24200 -55 0 -55 -55 0 0 55 0 55 0 0 0 0 0 -55 0 0 55 -55
24200 55 0 55 55 0 0 -55 0 55 0 0 0 0 0 -55 0 0 -55 55
24200 -55 0 -55 55 0 0 -55 0 55 0 0 0 0 0 -55 0 0 -55 55
24200 -55 0 55 -55 0 0 -55 0 55 0 0 0 0 0 -55 0 0 -55 55
24200 55 0 -55 -55 0 0 -55 0 55 0 0 0 0 0 -55 0 0 -55 55
24200 55 0 55 55 0 0 -55 0 55 0 0 0 0 0 -55 0 0 55 -55
24200 -55 0 -55 55 0 0 -55 0 55 0 0 0 0 0 -55 0 0 55 -55
24200 -55 0 55 -55 0 0 -55 0 55 0 0 0 0 0 -55 0 0 55 -55
24200 55 0 -55 -55 0 0 -55 0 55 0 0 0 0 0 -55 0 0 55 -55
24200 55 0 55 55 0 0 55 0 -55 0 0 0 0 0 -55 0 0 -55 55
24200 -55 0 -55 55 0 0 55 0 -55 0 0 0 0 0 -55 0 0 -55 55
24200 -55 0 55 -55 0 0 55 0 -55 0 0 0 0 0 -55 0 0 -55 55
24200 55 0 -55 -55 0 0 55 0 -55 0 0 0 0 0 -55 0 0 -55 55
24200 55 0 55 55 0 0 55 0 -55 0 0 0 0 0 -55 0 0 55 -55
24200 -55 0 -55 55 0 0 55 0 -55 0 0 0 0 0 -55 0 0 55 -55
24200 -55 0 55 -55 0 0 55 0 -55 0 0 0 0 0 -55 0 0 55 -55
24200 55 0 -55 -55 0 0 55 0 -55 0 0 0 0 0 -55 0 0 55 -55
24200 -55 0 55 55 0 0 -55 0 -55 0 0 0 0 0 -55 0 0 -55 55
24200 55 0 -55 55 0 0 -55 0 -55 0 0 0 0 0 -55 0 0 -55 55
24200 55 0 55 -55 0 0 -55 0 -55 0 0 0 0 0 -55 0 0 -55 55
24200 -55 0 -55 -55 0 0 -55 0 -55 0 0 0 0 0 -55 0 0 -55 55
24200 -55 0 55 55 0 0 -55 0 -55 0 0 0 0 0 -55 0 0 55 -55
24200 55 0 -55 55 0 0 -55 0 -55 0 0 0 0 0 -55 0 0 55 -55
24200 55 0 55 -55 0 0 -55 0 -55 0 0 0 0 0 -55 0 0 55 -55
24200 -55 0 -55 -55 0 0 -55 0 -55 0 0 0 0 0 -55 0 0 55 -55
24200 55 0 55 0 55 0 0 55 0 55 0 0 0 0 55 0 -55 0 -55
24200 -55 0 -55 0 55 0 0 55 0 55 0 0 0 0 55 0 -55 0 -55
24200 55 0 55 0 55 0 0 55 0 55 0 0 0 0 55 0 55 0 55
24200 -55 0 -55 0 55 0 0 55 0 55 0 0 0 0 55 0 55 0 55
24200 -55 0 55 0 -55 0 0 55 0 55 0 0 0 0 55 0 -55 0 -55
24200 55 0 -55 0 -55 0 0 55 0 55 0 0 0 0 55 0 -55 0 -55
24200 -55 0 55 0 -55 0 0 55 0 55 0 0 0 0 55 0 55 0 55
24200 55 0 -55 0 -55 0 0 55 0 55 0 0 0 0 55 0 55 0 55
24200 -55 0 55 0 55 0 0 -55 0 55 0 0 0 0 55 0 -55 0 -55
24200 55 0 -55 0 55 0 0 -55 0 55 0 0 0 0 55 0 -55 0 -55
24200 -55 0 55 0 55 0 0 -55 0 55 0 0 0 0 55 0 55 0 55
24200 55 0 -55 0 55 0 0 -55 0 55 0 0 0 0 55 0 55 0 55
24200 55 0 55 0 -55 0 0 -55 0 55 0 0 0 0 55 0 -55 0 -55
24200 -55 0 -55 0 -55 0 0 -55 0 55 0 0 0 0 55 0 -55 0 -55
24200 55 0 55 0 -55 0 0 -55 0 55 0 0 0 0 55 0 55 0 55
24200 -55 0 -55 0 -55 0 0 -55 0 55 0 0 0 0 55 0 55 0 55
24200 -55 0 55 0 55 0 0 55 0 -55 0 0 0 0 55 0 -55 0 -55
24200 55 0 -55 0 55 0 0 55 0 -55 0 0 0 0 55 0 -55 0 -55
24200 -55 0 55 0 55 0 0 55 0 -55 0 0 0 0 55 0 55 0 55
24200 55 0 -55 0 55 0 0 55 0 -55 0 0 0 0 55 0 55 0 55
24200 55 0 55 0 -55 0 0 55 0 -55 0 0 0 0 55 0 -55 0 -55
24200 -55 0 -55 0 -55 0 0 55 0 -55 0 0 0 0 55 0 -55 0 -55
24200 55 0 55 0 -55 0 0 55 0 -55 0 0 0 0 55 0 55 0 55
24200 -55 0 -55 0 -55 0 0 55 0 -55 0 0 0 0 55 0 55 0 55
24200 55 0 55 0 55 0 0 -55 0 -55 0 0 0 0 55 0 -55 0 -55
24200 -55 0 -55 0 55 0 0 -55 0 -55 0 0 0 0 55 0 -55 0 -55
24200 55 0 55 0 55 0 0 -55 0 -55 0 0 0 0 55 0 55 0 55
24200 -55 0 -55 0 55 0 0 -55 0 -55 0 0 0 0 55 0 55 0 55
24200 -55 0 55 0 -55 0 0 -55 0 -55 0 0 0 0 55 0 -55 0 -55
24200 55 0 -55 0 -55 0 0 -55 0 -55 0 0 0 0 55 0 -55 0 -55
24200 -55 0 55 0 -55 0 0 -55 0 -55 0 0 0 0 55 0 55 0 55
24200 55 0 -55 0 -55 0 0 -55 0 -55 0 0 0 0 55 0 55 0 55
24200 -55 0 55 0 55 0 0 55 0 55 0 0 0 0 -55 0 -55 0 -55
24200 55 0 -55 0 55 0 0 55 0 55 0 0 0 0 -55 0 -55 0 -55
24200 -55 0 55 0 55 0 0 55 0 55 0 0 0 0 -55 0 55 0 55
24200 55 0 -55 0 55 0 0 55 0 55 0 0 0 0 -55 0 55 0 55
24200 55 0 55 0 -55 0 0 55 0 55 0 0 0 0 -55 0 -55 0 -55
24200 -55 0 -55 0 -55 0 0 55 0 55 0 0 0 0 -55 0 -55 0 -55
24200 55 0 55 0 -55 0 0 55 0 55 0 0 0 0 -55 0 55 0 55
24200 -55 0 -55 0 -55 0 0 55 0 55 0 0 0 0 -55 0 55 0 55
24200 55 0 55 0 55 0 0 -55 0 55 0 0 0 0 -55 0 -55 0 -55
24200 -55 0 -55 0 55 0 0 -55 0 55 0 0 0 0 -55 0 -55 0 -55
24200 55 0 55 0 55 0 0 -55 0 55 0 0 0 0 -55 0 55 0 55
24200 -55 0 -55 0 55 0 0 -55 0 55 0 0 0 0 -55 0 55 0 55
24200 -55 0 55 0 -55 0 0 -55 0 55 0 0 0 0 -55 0 -55 0 -55
24200 55 0 -55 0 -55 0 0 -55 0 55 0 0 0 0 -55 0 -55 0 -55
24200 -55 0 55 0 -55 0 0 -55 0 55 0 0 0 0 -55 0 55 0 55
24200 55 0 -55 0 -55 0 0 -55 0 55 0 0 0 0 -55 0 55 0 55
24200 55 0 55 0 55 0 0 55 0 -55 0 0 0 0 -55 0 -55 0 -55
24200 -55 0 -55 0 55 0 0 55 0 -55 0 0 0 0 -55 0 -55 0 -55
24200 55 0 55 0 55 0 0 55 0 -55 0 0 0 0 -55 0 55 0 55
24200 -55 0 -55 0 55 0 0 55 0 -55 0 0 0 0 -55 0 55 0 55
24200 -55 0 55 0 -55 0 0 55 0 -55 0 0 0 0 -55 0 -55 0 -55
24200 55 0 -55 0 -55 0 0 55 0 -55 0 0 0 0 -55 0 -55 0 -55
24200 -55 0 55 0 -55 0 0 55 0 -55 0 0 0 0 -55 0 55 0 55
24200 55 0 -55 0 -55 0 0 55 0 -55 0 0 0 0 -55 0 55 0 55
24200 -55 0 55 0 55 0 0 -55 0 -55 0 0 0 0 -55 0 -55 0 -55
24200 55 0 -55 0 55 0 0 -55 0 -55 0 0 0 0 -55 0 -55 0 -55
24200 -55 0 55 0 55 0 0 -55 0 -55 0 0 0 0 -55 0 55 0 55
24200 55 0 -55 0 55 0 0 -55 0 -55 0 0 0 0 -55 0 55 0 55
24200 55 0 55 0 -55 0 0 -55 0 -55 0 0 0 0 -55 0 -55 0 -55
24200 -55 0 -55 0 -55 0 0 -55 0 -55 0 0 0 0 -55 0 -55 0 -55
24200 55 0 55 0 -55 0 0 -55 0 -55 0 0 0 0 -55 0 55 0 55
24200 -55 0 -55 0 -55 0 0 -55 0 -55 0 0 0 0 -55 0 55 0 55
24200 0 55 0 0 0 0 55 55 55 55 0 0 0 0 55 0 -55 55 0
24200 0 55 0 0 0 0 55 55 55 55 0 0 0 0 55 0 55 -55 0
24200 0 -55 0 0 0 0 -55 55 55 55 0 0 0 0 55 0 -55 55 0
24200 0 -55 0 0 0 0 -55 55 55 55 0 0 0 0 55 0 55 -55 0
24200 0 -55 0 0 0 0 55 -55 55 55 0 0 0 0 55 0 -55 55 0
24200 0 -55 0 0 0 0 55 -55 55 55 0 0 0 0 55 0 55 -55 0
24200 0 55 0 0 0 0 -55 -55 55 55 0 0 0 0 55 0 -55 55 0
24200 0 55 0 0 0 0 -55 -55 55 55 0 0 0 0 55 0 55 -55 0
24200 0 -55 0 0 0 0 55 55 -55 55 0 0 0 0 55 0 -55 55 0
24200 0 -55 0 0 0 0 55 55 -55 55 0 0 0 0 55 0 55 -55 0
24200 0 55 0 0 0 0 -55 55 -55 55 0 0 0 0 55 0 -55 55 0
24200 0 55 0 0 0 0 -55 55 -55 55 0 0 0 0 55 0 55 -55 0
24200 0 55 0 0 0 0 55 -55 -55 55 0 0 0 0 55 0 -55 55 0
24200 0 55 0 0 0 0 55 -55 -55 55 0 0 0 0 55 0 55 -55 0
24200 0 -55 0 0 0 0 -55 -55 -55 55 0 0 0 0 55 0 -55 55 0
24200 0 -55 0 0 0 0 -55 -55 -55 55 0 0 0 0 55 0 55 -55 0
24200 0 -55 0 0 0 0 55 55 55 -55 0 0 0 0 55 0 -55 55 0
24200 0 -55 0 0 0 0 55 55 55 -55 0 0 0 0 55 0 55 -55 0
24200 0 55 0 0 0 0 -55 55 55 -55 0 0 0 0 55 0 -55 55 0
24200 0 55 0 0 0 0 -55 55 55 -55 0 0 0 0 55 0 55 -55 0
24200 0 55 0 0 0 0 55 -55 55 -55 0 0 0 0 55 0 -55 55 0
24200 0 55 0 0 0 0 55 -55 55 -55 0 0 0 0 55 0 55 -55 0
24200 0 -55 0 0 0 0 -55 -55 55 -55 0 0 0 0 55 0 -55 55 0
24200 0 -55 0 0 0 0 -55 -55 55 -55 0 0 0 0 55 0 55 -55 0
24200 0 55 0 0 0 0 55 55 -55 -55 0 0 0 0 55 0 -55 55 0
24200 0 55 0 0 0 0 55 55 -55 -55 0 0 0 0 55 0 55 -55 0
24200 0 -55 0 0 0 0 -55 55 -55 -55 0 0 0 0 55 0 -55 55 0
24200 0 -55 0 0 0 0 -55 55 -55 -55 0 0 0 0 55 0 55 -55 0
24200 0 -55 0 0 0 0 55 -55 -55 -55 0 0 0 0 55 0 -55 55 0
24200 0 -55 0 0 0 0 55 -55 -55 -55 0 0 0 0 55 0 55 -55 0
24200 0 55 0 0 0 0 -55 -55 -55 -55 0 0 0 0 55 0 -55 55 0
24200 0 55 0 0 0 0 -55 -55 -55 -55 0 0 0 0 55 0 55 -55 0
24200 0 -55 0 0 0 0 55 55 55 55 0 0 0 0 -55 0 -55 55 0
24200 0 -55 0 0 0 0 55 55 55 55 0 0 0 0 -55 0 55 -55 0
24200 0 55 0 0 0 0 -55 55 55 55 0 0 0 0 -55 0 -55 55 0
24200 0 55 0 0 0 0 -55 55 55 55 0 0 0 0 -55 0 55 -55 0
24200 0 55 0 0 0 0 55 -55 55 55 0 0 0 0 -55 0 -55 55 0
24200 0 55 0 0 0 0 55 -55 55 55 0 0 0 0 -55 0 55 -55 0
24200 0 -55 0 0 0 0 -55 -55 55 55 0 0 0 0 -55 0 -55 55 0
24200 0 -55 0 0 0 0 -55 -55 55 55 0 0 0 0 -55 0 55 -55 0
24200 0 55 0 0 0 0 55 55 -55 55 0 0 0 0 -55 0 -55 55 0
24200 0 55 0 0 0 0 55 55 -55 55 0 0 0 0 -55 0 55 -55 0
24200 0 -55 0 0 0 0 -55 55 -55 55 0 0 0 0 -55 0 -55 55 0
24200 0 -55 0 0 0 0 -55 55 -55 55 0 0 0 0 -55 0 55 -55 0
24200 0 -55 0 0 0 0 55 -55 -55 55 0 0 0 0 -55 0 -55 55 0
24200 0 -55 0 0 0 0 55 -55 -55 55 0 0 0 0 -55 0 55 -55 0
24200 0 55 0 0 0 0 -55 -55 -55 55 0 0 0 0 -55 0 -55 55 0
24200 0 55 0 0 0 0 -55 -55 -55 55 0 0 0 0 -55 0 55 -55 0
24200 0 55 0 0 0 0 55 55 55 -55 0 0 0 0 -55 0 -55 55 0
24200 0 55 0 0 0 0 55 55 55 -55 0 0 0 0 -55 0 55 -55 0
24200 0 -55 0 0 0 0 -55 55 55 -55 0 0 0 0 -55 0 -55 55 0
24200 0 -55 0 0 0 0 -55 55 55 -55 0 0 0 0 -55 0 55 -55 0
24200 0 -55 0 0 0 0 55 -55 55 -55 0 0 0 0 -55 0 -55 55 0
24200 0 -55 0 0 0 0 55 -55 55 -55 0 0 0 0 -55 0 55 -55 0
24200 0 55 0 0 0 0 -55 -55 55 -55 0 0 0 0 -55 0 -55 55 0
24200 0 55 0 0 0 0 -55 -55 55 -55 0 0 0 0 -55 0 55 -55 0
24200 0 -55 0 0 0 0 55 55 -55 -55 0 0 0 0 -55 0 -55 55 0
24200 0 -55 0 0 0 0 55 55 -55 -55 0 0 0 0 -55 0 55 -55 0
24200 0 55 0 0 0 0 -55 55 -55 -55 0 0 0 0 -55 0 -55 55 0
24200 0 55 0 0 0 0 -55 55 -55 -55 0 0 0 0 -55 0 55 -55 0
24200 0 55 0 0 0 0 55 -55 -55 -55 0 0 0 0 -55 0 -55 55 0
24200 0 55 0 0 0 0 55 -55 -55 -55 0 0 0 0 -55 0 55 -55 0
24200 0 -55 0 0 0 0 -55 -55 -55 -55 0 0 0 0 -55 0 -55 55 0
24200 0 -55 0 0 0 0 -55 -55 -55 -55 0 0 0 0 -55 0 55 -55 0
24200 55 55 0 0 0 55 55 0 0 0 55 0 0 0 55 0 -55 0 55
24200 -55 -55 0 0 0 55 55 0 0 0 55 0 0 0 55 0 -55 0 55
24200 55 55 0 0 0 55 55 0 0 0 55 0 0 0 55 0 55 0 -55
24200 -55 -55 0 0 0 55 55 0 0 0 55 0 0 0 55 0 55 0 -55
24200 -55 55 0 0 0 -55 55 0 0 0 55 0 0 0 55 0 -55 0 55
24200 55 -55 0 0 0 -55 55 0 0 0 55 0 0 0 55 0 -55 0 55
24200 -55 55 0 0 0 -55 55 0 0 0 55 0 0 0 55 0 55 0 -55
24200 55 -55 0 0 0 -55 55 0 0 0 55 0 0 0 55 0 55 0 -55
24200 -55 55 0 0 0 55 -55 0 0 0 55 0 0 0 55 0 -55 0 55
24200 55 -55 0 0 0 55 -55 0 0 0 55 0 0 0 55 0 -55 0 55
24200 -55 55 0 0 0 55 -55 0 0 0 55 0 0 0 55 0 55 0 -55
24200 55 -55 0 0 0 55 -55 0 0 0 55 0 0 0 55 0 55 0 -55
24200 55 55 0 0 0 -55 -55 0 0 0 55 0 0 0 55 0 -55 0 55
24200 -55 -55 0 0 0 -55 -55 0 0 0 55 0 0 0 55 0 -55 0 55
24200 55 55 0 0 0 -55 -55 0 0 0 55 0 0 0 55 0 55 0 -55
24200 -55 -55 0 0 0 -55 -55 0 0 0 55 0 0 0 55 0 55 0 -55
24200 -55 55 0 0 0 55 55 0 0 0 -55 0 0 0 55 0 -55 0 55
24200 55 -55 0 0 0 55 55 0 0 0 -55 0 0 0 55 0 -55 0 55
24200 -55 55 0 0 0 55 55 0 0 0 -55 0 0 0 55 0 55 0 -55
24200 55 -55 0 0 0 55 55 0 0 0 -55 0 0 0 55 0 55 0 -55
24200 55 55 0 0 0 -55 55 0 0 0 -55 0 0 0 55 0 -55 0 55
24200 -55 -55 0 0 0 -55 55 0 0 0 -55 0 0 0 55 0 -55 0 55
24200 55 55 0 0 0 -55 55 0 0 0 -55 0 0 0 55 0 55 0 -55
24200 -55 -55 0 0 0 -55 55 0 0 0 -55 0 0 0 55 0 55 0 -55
24200 55 55 0 0 0 55 -55 0 0 0 -55 0 0 0 55 0 -55 0 55
24200 -55 -55 0 0 0 55 -55 0 0 0 -55 0 0 0 55 0 -55 0 55
24200 55 55 0 0 0 55 -55 0 0 0 -55 0 0 0 55 0 55 0 -55
24200 -55 -55 0 0 0 55 -55 0 0 0 -55 0 0 0 55 0 55 0 -55
24200 -55 55 0 0 0 -55 -55 0 0 0 -55 0 0 0 55 0 -55 0 55
24200 55 -55 0 0 0 -55 -55 0 0 0 -55 0 0 0 55 0 -55 0 55
24200 -55 55 0 0 0 -55 -55 0 0 0 -55 0 0 0 55 0 55 0 -55
24200 55 -55 0 0 0 -55 -55 0 0 0 -55 0 0 0 55 0 55 0 -55
24200 -55 55 0 0 0 55 55 0 0 0 55 0 0 0 -55 0 -55 0 55
24200 55 -55 0 0 0 55 55 0 0 0 55 0 0 0 -55 0 -55 0 55
24200 -55 55 0 0 0 55 55 0 0 0 55 0 0 0 -55 0 55 0 -55
24200 55 -55 0 0 0 55 55 0 0 0 55 0 0 0 -55 0 55 0 -55
24200 55 55 0 0 0 -55 55 0 0 0 55 0 0 0 -55 0 -55 0 55
24200 -55 -55 0 0 0 -55 55 0 0 0 55 0 0 0 -55 0 -55 0 55
24200 55 55 0 0 0 -55 55 0 0 0 55 0 0 0 -55 0 55 0 -55
24200 -55 -55 0 0 0 -55 55 0 0 0 55 0 0 0 -55 0 55 0 -55
24200 55 55 0 0 0 55 -55 0 0 0 55 0 0 0 -55 0 -55 0 55
24200 -55 -55 0 0 0 55 -55 0 0 0 55 0 0 0 -55 0 -55 0 55
24200 55 55 0 0 0 55 -55 0 0 0 55 0 0 0 -55 0 55 0 -55
24200 -55 -55 0 0 0 55 -55 0 0 0 55 0 0 0 -55 0 55 0 -55
24200 -55 55 0 0 0 -55 -55 0 0 0 55 0 0 0 -55 0 -55 0 55
24200 55 -55 0 0 0 -55 -55 0 0 0 55 0 0 0 -55 0 -55 0 55
24200 -55 55 0 0 0 -55 -55 0 0 0 55 0 0 0 -55 0 55 0 -55
24200 55 -55 0 0 0 -55 -55 0 0 0 55 0 0 0 -55 0 55 0 -55
24200 55 55 0 0 0 55 55 0 0 0 -55 0 0 0 -55 0 -55 0 55
24200 -55 -55 0 0 0 55 55 0 0 0 -55 0 0 0 -55 0 -55 0 55
24200 55 55 0 0 0 55 55 0 0 0 -55 0 0 0 -55 0 55 0 -55
24200 -55 -55 0 0 0 55 55 0 0 0 -55 0 0 0 -55 0 55 0 -55
24200 -55 55 0 0 0 -55 55 0 0 0 -55 0 0 0 -55 0 -55 0 55
24200 55 -55 0 0 0 -55 55 0 0 0 -55 0 0 0 -55 0 -55 0 55
24200 -55 55 0 0 0 -55 55 0 0 0 -55 0 0 0 -55 0 55 0 -55
24200 55 -55 0 0 0 -55 55 0 0 0 -55 0 0 0 -55 0 55 0 -55
24200 -55 55 0 0 0 55 -55 0 0 0 -55 0 0 0 -55 0 -55 0 55
24200 55 -55 0 0 0 55 -55 0 0 0 -55 0 0 0 -55 0 -55 0 55
24200 -55 55 0 0 0 55 -55 0 0 0 -55 0 0 0 -55 0 55 0 -55
24200 55 -55 0 0 0 55 -55 0 0 0 -55 0 0 0 -55 0 55 0 -55
24200 55 55 0 0 0 -55 -55 0 0 0 -55 0 0 0 -55 0 -55 0 55
24200 -55 -55 0 0 0 -55 -55 0 0 0 -55 0 0 0 -55 0 -55 0 55
24200 55 55 0 0 0 -55 -55 0 0 0 -55 0 0 0 -55 0 55 0 -55
24200 -55 -55 0 0 0 -55 -55 0 0 0 -55 0 0 0 -55 0 55 0 -55
24200 0 0 55 0 55 55 0 0 55 0 55 0 0 0 55 0 -55 -55 0
24200 0 0 -55 0 -55 55 0 0 55 0 55 0 0 0 55 0 -55 -55 0
24200 0 0 55 0 55 55 0 0 55 0 55 0 0 0 55 0 55 55 0
24200 0 0 -55 0 -55 55 0 0 55 0 55 0 0 0 55 0 55 55 0
24200 0 0 -55 0 55 -55 0 0 55 0 55 0 0 0 55 0 -55 -55 0
24200 0 0 55 0 -55 -55 0 0 55 0 55 0 0 0 55 0 -55 -55 0
24200 0 0 -55 0 55 -55 0 0 55 0 55 0 0 0 55 0 55 55 0
24200 0 0 55 0 -55 -55 0 0 55 0 55 0 0 0 55 0 55 55 0
24200 0 0 -55 0 55 55 0 0 -55 0 55 0 0 0 55 0 -55 -55 0
24200 0 0 55 0 -55 55 0 0 -55 0 55 0 0 0 55 0 -55 -55 0
24200 0 0 -55 0 55 55 0 0 -55 0 55 0 0 0 55 0 55 55 0
24200 0 0 55 0 -55 55 0 0 -55 0 55 0 0 0 55 0 55 55 0
24200 0 0 55 0 55 -55 0 0 -55 0 55 0 0 0 55 0 -55 -55 0
24200 0 0 -55 0 -55 -55 0 0 -55 0 55 0 0 0 55 0 -55 -55 0
24200 0 0 55 0 55 -55 0 0 -55 0 55 0 0 0 55 0 55 55 0
24200 0 0 -55 0 -55 -55 0 0 -55 0 55 0 0 0 55 0 55 55 0
24200 0 0 -55 0 55 55 0 0 55 0 -55 0 0 0 55 0 -55 -55 0
24200 0 0 55 0 -55 55 0 0 55 0 -55 0 0 0 55 0 -55 -55 0
24200 0 0 -55 0 55 55 0 0 55 0 -55 0 0 0 55 0 55 55 0
24200 0 0 55 0 -55 55 0 0 55 0 -55 0 0 0 55 0 55 55 0
24200 0 0 55 0 55 -55 0 0 55 0 -55 0 0 0 55 0 -55 -55 0
24200 0 0 -55 0 -55 -55 0 0 55 0 -55 0 0 0 55 0 -55 -55 0
24200 0 0 55 0 55 -55 0 0 55 0 -55 0 0 0 55 0 55 55 0
24200 0 0 -55 0 -55 -55 0 0 55 0 -55 0 0 0 55 0 55 55 0
24200 0 0 55 0 55 55 0 0 -55 0 -55 0 0 0 55 0 -55 -55 0
24200 0 0 -55 0 -55 55 0 0 -55 0 -55 0 0 0 55 0 -55 -55 0
24200 0 0 55 0 55 55 0 0 -55 0 -55 0 0 0 55 0 55 55 0
24200 0 0 -55 0 -55 55 0 0 -55 0 -55 0 0 0 55 0 55 55 0
24200 0 0 -55 0 55 -55 0 0 -55 0 -55 0 0 0 55 0 -55 -55 0
24200 0 0 55 0 -55 -55 0 0 -55 0 -55 0 0 0 55 0 -55 -55 0
24200 0 0 -55 0 55 -55 0 0 -55 0 -55 0 0 0 55 0 55 55 0
24200 0 0 55 0 -55 -55 0 0 -55 0 -55 0 0 0 55 0 55 55 0
24200 0 0 -55 0 55 55 0 0 55 0 55 0 0 0 -55 0 -55 -55 0
24200 0 0 55 0 -55 55 0 0 55 0 55 0 0 0 -55 0 -55 -55 0
24200 0 0 -55 0 55 55 0 0 55 0 55 0 0 0 -55 0 55 55 0
24200 0 0 55 0 -55 55 0 0 55 0 55 0 0 0 -55 0 55 55 0
24200 0 0 55 0 55 -55 0 0 55 0 55 0 0 0 -55 0 -55 -55 0
24200 0 0 -55 0 -55 -55 0 0 55 0 55 0 0 0 -55 0 -55 -55 0
24200 0 0 55 0 55 -55 0 0 55 0 55 0 0 0 -55 0 55 55 0
24200 0 0 -55 0 -55 -55 0 0 55 0 55 0 0 0 -55 0 55 55 0
24200 0 0 55 0 55 55 0 0 -55 0 55 0 0 0 -55 0 -55 -55 0
24200 0 0 -55 0 -55 55 0 0 -55 0 55 0 0 0 -55 0 -55 -55 0
24200 0 0 55 0 55 55 0 0 -55 0 55 0 0 0 -55 0 55 55 0
24200 0 0 -55 0 -55 55 0 0 -55 0 55 0 0 0 -55 0 55 55 0
24200 0 0 -55 0 55 -55 0 0 -55 0 55 0 0 0 -55 0 -55 -55 0
24200 0 0 55 0 -55 -55 0 0 -55 0 55 0 0 0 -55 0 -55 -55 0
24200 0 0 -55 0 55 -55 0 0 -55 0 55 0 0 0 -55 0 55 55 0
24200 0 0 55 0 -55 -55 0 0 -55 0 55 0 0 0 -55 0 55 55 0
24200 0 0 55 0 55 55 0 0 55 0 -55 0 0 0 -55 0 -55 -55 0
24200 0 0 -55 0 -55 55 0 0 55 0 -55 0 0 0 -55 0 -55 -55 0
24200 0 0 55 0 55 55 0 0 55 0 -55 0 0 0 -55 0 55 55 0
24200 0 0 -55 0 -55 55 0 0 55 0 -55 0 0 0 -55 0 55 55 0
24200 0 0 -55 0 55 -55 0 0 55 0 -55 0 0 0 -55 0 -55 -55 0
24200 0 0 55 0 -55 -55 0 0 55 0 -55 0 0 0 -55 0 -55 -55 0
24200 0 0 -55 0 55 -55 0 0 55 0 -55 0 0 0 -55 0 55 55 0
24200 0 0 55 0 -55 -55 0 0 55 0 -55 0 0 0 -55 0 55 55 0
24200 0 0 -55 0 55 55 0 0 -55 0 -55 0 0 0 -55 0 -55 -55 0
24200 0 0 55 0 -55 55 0 0 -55 0 -55 0 0 0 -55 0 -55 -55 0
24200 0 0 -55 0 55 55 0 0 -55 0 -55 0 0 0 -55 0 55 55 0
24200 0 0 55 0 -55 55 0 0 -55 0 -55 0 0 0 -55 0 55 55 0
24200 0 0 55 0 55 -55 0 0 -55 0 -55 0 0 0 -55 0 -55 -55 0
24200 0 0 -55 0 -55 -55 0 0 -55 0 -55 0 0 0 -55 0 -55 -55 0
24200 0 0 55 0 55 -55 0 0 -55 0 -55 0 0 0 -55 0 55 55 0
24200 0 0 -55 0 -55 -55 0 0 -55 0 -55 0 0 0 -55 0 55 55 0
24200 0 0 -55 55 0 55 55 55 0 55 55 0 0 0 55 0 0 0 0
24200 0 0 55 -55 0 55 55 55 0 55 55 0 0 0 55 0 0 0 0
24200 0 0 55 55 0 -55 55 55 0 55 55 0 0 0 55 0 0 0 0
24200 0 0 -55 -55 0 -55 55 55 0 55 55 0 0 0 55 0 0 0 0
24200 0 0 55 55 0 55 -55 55 0 55 55 0 0 0 55 0 0 0 0
24200 0 0 -55 -55 0 55 -55 55 0 55 55 0 0 0 55 0 0 0 0
24200 0 0 -55 55 0 -55 -55 55 0 55 55 0 0 0 55 0 0 0 0
24200 0 0 55 -55 0 -55 -55 55 0 55 55 0 0 0 55 0 0 0 0
24200 0 0 55 55 0 55 55 -55 0 55 55 0 0 0 55 0 0 0 0
24200 0 0 -55 -55 0 55 55 -55 0 55 55 0 0 0 55 0 0 0 0
24200 0 0 -55 55 0 -55 55 -55 0 55 55 0 0 0 55 0 0 0 0
24200 0 0 55 -55 0 -55 55 -55 0 55 55 0 0 0 55 0 0 0 0
24200 0 0 -55 55 0 55 -55 -55 0 55 55 0 0 0 55 0 0 0 0
24200 0 0 55 -55 0 55 -55 -55 0 55 55 0 0 0 55 0 0 0 0
24200 0 0 55 55 0 -55 -55 -55 0 55 55 0 0 0 55 0 0 0 0
24200 0 0 -55 -55 0 -55 -55 -55 0 55 55 0 0 0 55 0 0 0 0
24200 0 0 55 55 0 55 55 55 0 -55 55 0 0 0 55 0 0 0 0
24200 0 0 -55 -55 0 55 55 55 0 -55 55 0 0 0 55 0 0 0 0
24200 0 0 -55 55 0 -55 55 55 0 -55 55 0 0 0 55 0 0 0 0
24200 0 0 55 -55 0 -55 55 55 0 -55 55 0 0 0 55 0 0 0 0
24200 0 0 -55 55 0 55 -55 55 0 -55 55 0 0 0 55 0 0 0 0
24200 0 0 55 -55 0 55 -55 55 0 -55 55 0 0 0 55 0 0 0 0
24200 0 0 55 55 0 -55 -55 55 0 -55 55 0 0 0 55 0 0 0 0
24200 0 0 -55 -55 0 -55 -55 55 0 -55 55 0 0 0 55 0 0 0 0
24200 0 0 -55 55 0 55 55 -55 0 -55 55 0 0 0 55 0 0 0 0
24200 0 0 55 -55 0 55 55 -55 0 -55 55 0 0 0 55 0 0 0 0
24200 0 0 55 55 0 -55 55 -55 0 -55 55 0 0 0 55 0 0 0 0
24200 0 0 -55 -55 0 -55 55 -55 0 -55 55 0 0 0 55 0 0 0 0
24200 0 0 55 55 0 55 -55 -55 0 -55 55 0 0 0 55 0 0 0 0
24200 0 0 -55 -55 0 55 -55 -55 0 -55 55 0 0 0 55 0 0 0 0
24200 0 0 -55 55 0 -55 -55 -55 0 -55 55 0 0 0 55 0 0 0 0
24200 0 0 55 -55 0 -55 -55 -55 0 -55 55 0 0 0 55 0 0 0 0
24200 0 0 55 55 0 55 55 55 0 55 -55 0 0 0 55 0 0 0 0
24200 0 0 -55 -55 0 55 55 55 0 55 -55 0 0 0 55 0 0 0 0
24200 0 0 -55 55 0 -55 55 55 0 55 -55 0 0 0 55 0 0 0 0
24200 0 0 55 -55 0 -55 55 55 0 55 -55 0 0 0 55 0 0 0 0
24200 0 0 -55 55 0 55 -55 55 0 55 -55 0 0 0 55 0 0 0 0
24200 0 0 55 -55 0 55 -55 55 0 55 -55 0 0 0 55 0 0 0 0
24200 0 0 55 55 0 -55 -55 55 0 55 -55 0 0 0 55 0 0 0 0
24200 0 0 -55 -55 0 -55 -55 55 0 55 -55 0 0 0 55 0 0 0 0
24200 0 0 -55 55 0 55 55 -55 0 55 -55 0 0 0 55 0 0 0 0
24200 0 0 55 -55 0 55 55 -55 0 55 -55 0 0 0 55 0 0 0 0
24200 0 0 55 55 0 -55 55 -55 0 55 -55 0 0 0 55 0 0 0 0
24200 0 0 -55 -55 0 -55 55 -55 0 55 -55 0 0 0 55 0 0 0 0
24200 0 0 55 55 0 55 -55 -55 0 55 -55 0 0 0 55 0 0 0 0
24200 0 0 -55 -55 0 55 -55 -55 0 55 -55 0 0 0 55 0 0 0 0
24200 0 0 -55 55 0 -55 -55 -55 0 55 -55 0 0 0 55 0 0 0 0
24200 0 0 55 -55 0 -55 -55 -55 0 55 -55 0 0 0 55 0 0 0 0
24200 0 0 -55 55 0 55 55 55 0 -55 -55 0 0 0 55 0 0 0 0
24200 0 0 55 -55 0 55 55 55 0 -55 -55 0 0 0 55 0 0 0 0
24200 0 0 55 55 0 -55 55 55 0 -55 -55 0 0 0 55 0 0 0 0
24200 0 0 -55 -55 0 -55 55 55 0 -55 -55 0 0 0 55 0 0 0 0
24200 0 0 55 55 0 55 -55 55 0 -55 -55 0 0 0 55 0 0 0 0
24200 0 0 -55 -55 0 55 -55 55 0 -55 -55 0 0 0 55 0 0 0 0
24200 0 0 -55 55 0 -55 -55 55 0 -55 -55 0 0 0 55 0 0 0 0
24200 0 0 55 -55 0 -55 -55 55 0 -55 -55 0 0 0 55 0 0 0 0
24200 0 0 55 55 0 55 55 -55 0 -55 -55 0 0 0 55 0 0 0 0
24200 0 0 -55 -55 0 55 55 -55 0 -55 -55 0 0 0 55 0 0 0 0
24200 0 0 -55 55 0 -55 55 -55 0 -55 -55 0 0 0 55 0 0 0 0
24200 0 0 55 -55 0 -55 55 -55 0 -55 -55 0 0 0 55 0 0 0 0
24200 0 0 -55 55 0 55 -55 -55 0 -55 -55 0 0 0 55 0 0 0 0
24200 0 0 55 -55 0 55 -55 -55 0 -55 -55 0 0 0 55 0 0 0 0
24200 0 0 55 55 0 -55 -55 -55 0 -55 -55 0 0 0 55 0 0 0 0
24200 0 0 -55 -55 0 -55 -55 -55 0 -55 -55 0 0 0 55 0 0 0 0
24200 0 0 55 55 0 55 55 55 0 55 55 0 0 0 -55 0 0 0 0
24200 0 0 -55 -55 0 55 55 55 0 55 55 0 0 0 -55 0 0 0 0
24200 0 0 -55 55 0 -55 55 55 0 55 55 0 0 0 -55 0 0 0 0
24200 0 0 55 -55 0 -55 55 55 0 55 55 0 0 0 -55 0 0 0 0
24200 0 0 -55 55 0 55 -55 55 0 55 55 0 0 0 -55 0 0 0 0
24200 0 0 55 -55 0 55 -55 55 0 55 55 0 0 0 -55 0 0 0 0
24200 0 0 55 55 0 -55 -55 55 0 55 55 0 0 0 -55 0 0 0 0
24200 0 0 -55 -55 0 -55 -55 55 0 55 55 0 0 0 -55 0 0 0 0
24200 0 0 -55 55 0 55 55 -55 0 55 55 0 0 0 -55 0 0 0 0
24200 0 0 55 -55 0 55 55 -55 0 55 55 0 0 0 -55 0 0 0 0
24200 0 0 55 55 0 -55 55 -55 0 55 55 0 0 0 -55 0 0 0 0
24200 0 0 -55 -55 0 -55 55 -55 0 55 55 0 0 0 -55 0 0 0 0
24200 0 0 55 55 0 55 -55 -55 0 55 55 0 0 0 -55 0 0 0 0
24200 0 0 -55 -55 0 55 -55 -55 0 55 55 0 0 0 -55 0 0 0 0
24200 0 0 -55 55 0 -55 -55 -55 0 55 55 0 0 0 -55 0 0 0 0
24200 0 0 55 -55 0 -55 -55 -55 0 55 55 0 0 0 -55 0 0 0 0
24200 0 0 -55 55 0 55 55 55 0 -55 55 0 0 0 -55 0 0 0 0
24200 0 0 55 -55 0 55 55 55 0 -55 55 0 0 0 -55 0 0 0 0
24200 0 0 55 55 0 -55 55 55 0 -55 55 0 0 0 -55 0 0 0 0
24200 0 0 -55 -55 0 -55 55 55 0 -55 55 0 0 0 -55 0 0 0 0
24200 0 0 55 55 0 55 -55 55 0 -55 55 0 0 0 -55 0 0 0 0
24200 0 0 -55 -55 0 55 -55 55 0 -55 55 0 0 0 -55 0 0 0 0
24200 0 0 -55 55 0 -55 -55 55 0 -55 55 0 0 0 -55 0 0 0 0
24200 0 0 55 -55 0 -55 -55 55 0 -55 55 0 0 0 -55 0 0 0 0
24200 0 0 55 55 0 55 55 -55 0 -55 55 0 0 0 -55 0 0 0 0
24200 0 0 -55 -55 0 55 55 -55 0 -55 55 0 0 0 -55 0 0 0 0
24200 0 0 -55 55 0 -55 55 -55 0 -55 55 0 0 0 -55 0 0 0 0
24200 0 0 55 -55 0 -55 55 -55 0 -55 55 0 0 0 -55 0 0 0 0
24200 0 0 -55 55 0 55 -55 -55 0 -55 55 0 0 0 -55 0 0 0 0
24200 0 0 55 -55 0 55 -55 -55 0 -55 55 0 0 0 -55 0 0 0 0
24200 0 0 55 55 0 -55 -55 -55 0 -55 55 0 0 0 -55 0 0 0 0
24200 0 0 -55 -55 0 -55 -55 -55 0 -55 55 0 0 0 -55 0 0 0 0
24200 0 0 -55 55 0 55 55 55 0 55 -55 0 0 0 -55 0 0 0 0
24200 0 0 55 -55 0 55 55 55 0 55 -55 0 0 0 -55 0 0 0 0
24200 0 0 55 55 0 -55 55 55 0 55 -55 0 0 0 -55 0 0 0 0
24200 0 0 -55 -55 0 -55 55 55 0 55 -55 0 0 0 -55 0 0 0 0
24200 0 0 55 55 0 55 -55 55 0 55 -55 0 0 0 -55 0 0 0 0
24200 0 0 -55 -55 0 55 -55 55 0 55 -55 0 0 0 -55 0 0 0 0
24200 0 0 -55 55 0 -55 -55 55 0 55 -55 0 0 0 -55 0 0 0 0
24200 0 0 55 -55 0 -55 -55 55 0 55 -55 0 0 0 -55 0 0 0 0
24200 0 0 55 55 0 55 55 -55 0 55 -55 0 0 0 -55 0 0 0 0
24200 0 0 -55 -55 0 55 55 -55 0 55 -55 0 0 0 -55 0 0 0 0
24200 0 0 -55 55 0 -55 55 -55 0 55 -55 0 0 0 -55 0 0 0 0
24200 0 0 55 -55 0 -55 55 -55 0 55 -55 0 0 0 -55 0 0 0 0
24200 0 0 -55 55 0 55 -55 -55 0 55 -55 0 0 0 -55 0 0 0 0
24200 0 0 55 -55 0 55 -55 -55 0 55 -55 0 0 0 -55 0 0 0 0
24200 0 0 55 55 0 -55 -55 -55 0 55 -55 0 0 0 -55 0 0 0 0
24200 0 0 -55 -55 0 -55 -55 -55 0 55 -55 0 0 0 -55 0 0 0 0
24200 0 0 55 55 0 55 55 55 0 -55 -55 0 0 0 -55 0 0 0 0
24200 0 0 -55 -55 0 55 55 55 0 -55 -55 0 0 0 -55 0 0 0 0
24200 0 0 -55 55 0 -55 55 55 0 -55 -55 0 0 0 -55 0 0 0 0
24200 0 0 55 -55 0 -55 55 55 0 -55 -55 0 0 0 -55 0 0 0 0
24200 0 0 -55 55 0 55 -55 55 0 -55 -55 0 0 0 -55 0 0 0 0
24200 0 0 55 -55 0 55 -55 55 0 -55 -55 0 0 0 -55 0 0 0 0
24200 0 0 55 55 0 -55 -55 55 0 -55 -55 0 0 0 -55 0 0 0 0
24200 0 0 -55 -55 0 -55 -55 55 0 -55 -55 0 0 0 -55 0 0 0 0
24200 0 0 -55 55 0 55 55 -55 0 -55 -55 0 0 0 -55 0 0 0 0
24200 0 0 55 -55 0 55 55 -55 0 -55 -55 0 0 0 -55 0 0 0 0
24200 0 0 55 55 0 -55 55 -55 0 -55 -55 0 0 0 -55 0 0 0 0
24200 0 0 -55 -55 0 -55 55 -55 0 -55 -55 0 0 0 -55 0 0 0 0
24200 0 0 55 55 0 55 -55 -55 0 -55 -55 0 0 0 -55 0 0 0 0
24200 0 0 -55 -55 0 55 -55 -55 0 -55 -55 0 0 0 -55 0 0 0 0
24200 0 0 -55 55 0 -55 -55 -55 0 -55 -55 0 0 0 -55 0 0 0 0
24200 0 0 55 -55 0 -55 -55 -55 0 -55 -55 0 0 0 -55 0 0 0 0
24200 55 0 0 55 0 0 55 55 0 0 0 55 0 0 55 0 0 -55 -55
24200 55 0 0 55 0 0 55 55 0 0 0 55 0 0 55 0 0 55 55
24200 -55 0 0 -55 0 0 55 55 0 0 0 55 0 0 55 0 0 -55 -55
24200 -55 0 0 -55 0 0 55 55 0 0 0 55 0 0 55 0 0 55 55
24200 -55 0 0 55 0 0 -55 55 0 0 0 55 0 0 55 0 0 -55 -55
24200 -55 0 0 55 0 0 -55 55 0 0 0 55 0 0 55 0 0 55 55
24200 55 0 0 -55 0 0 -55 55 0 0 0 55 0 0 55 0 0 -55 -55
24200 55 0 0 -55 0 0 -55 55 0 0 0 55 0 0 55 0 0 55 55
24200 -55 0 0 55 0 0 55 -55 0 0 0 55 0 0 55 0 0 -55 -55
24200 -55 0 0 55 0 0 55 -55 0 0 0 55 0 0 55 0 0 55 55
24200 55 0 0 -55 0 0 55 -55 0 0 0 55 0 0 55 0 0 -55 -55
24200 55 0 0 -55 0 0 55 -55 0 0 0 55 0 0 55 0 0 55 55
24200 55 0 0 55 0 0 -55 -55 0 0 0 55 0 0 55 0 0 -55 -55
24200 55 0 0 55 0 0 -55 -55 0 0 0 55 0 0 55 0 0 55 55
24200 -55 0 0 -55 0 0 -55 -55 0 0 0 55 0 0 55 0 0 -55 -55
24200 -55 0 0 -55 0 0 -55 -55 0 0 0 55 0 0 55 0 0 55 55
24200 -55 0 0 55 0 0 55 55 0 0 0 -55 0 0 55 0 0 -55 -55
24200 -55 0 0 55 0 0 55 55 0 0 0 -55 0 0 55 0 0 55 55
24200 55 0 0 -55 0 0 55 55 0 0 0 -55 0 0 55 0 0 -55 -55
24200 55 0 0 -55 0 0 55 55 0 0 0 -55 0 0 55 0 0 55 55
24200 55 0 0 55 0 0 -55 55 0 0 0 -55 0 0 55 0 0 -55 -55
24200 55 0 0 55 0 0 -55 55 0 0 0 -55 0 0 55 0 0 55 55
24200 -55 0 0 -55 0 0 -55 55 0 0 0 -55 0 0 55 0 0 -55 -55
24200 -55 0 0 -55 0 0 -55 55 0 0 0 -55 0 0 55 0 0 55 55
24200 55 0 0 55 0 0 55 -55 0 0 0 -55 0 0 55 0 0 -55 -55
24200 55 0 0 55 0 0 55 -55 0 0 0 -55 0 0 55 0 0 55 55
24200 -55 0 0 -55 0 0 55 -55 0 0 0 -55 0 0 55 0 0 -55 -55
24200 -55 0 0 -55 0 0 55 -55 0 0 0 -55 0 0 55 0 0 55 55
24200 -55 0 0 55 0 0 -55 -55 0 0 0 -55 0 0 55 0 0 -55 -55
24200 -55 0 0 55 0 0 -55 -55 0 0 0 -55 0 0 55 0 0 55 55
24200 55 0 0 -55 0 0 -55 -55 0 0 0 -55 0 0 55 0 0 -55 -55
24200 55 0 0 -55 0 0 -55 -55 0 0 0 -55 0 0 55 0 0 55 55
24200 -55 0 0 55 0 0 55 55 0 0 0 55 0 0 -55 0 0 -55 -55
24200 -55 0 0 55 0 0 55 55 0 0 0 55 0 0 -55 0 0 55 55
24200 55 0 0 -55 0 0 55 55 0 0 0 55 0 0 -55 0 0 -55 -55
24200 55 0 0 -55 0 0 55 55 0 0 0 55 0 0 -55 0 0 55 55
24200 55 0 0 55 0 0 -55 55 0 0 0 55 0 0 -55 0 0 -55 -55
24200 55 0 0 55 0 0 -55 55 0 0 0 55 0 0 -55 0 0 55 55
24200 -55 0 0 -55 0 0 -55 55 0 0 0 55 0 0 -55 0 0 -55 -55
24200 -55 0 0 -55 0 0 -55 55 0 0 0 55 0 0 -55 0 0 55 55
24200 55 0 0 55 0 0 55 -55 0 0 0 55 0 0 -55 0 0 -55 -55
24200 55 0 0 55 0 0 55 -55 0 0 0 55 0 0 -55 0 0 55 55
24200 -55 0 0 -55 0 0 55 -55 0 0 0 55 0 0 -55 0 0 -55 -55
24200 -55 0 0 -55 0 0 55 -55 0 0 0 55 0 0 -55 0 0 55 55
24200 -55 0 0 55 0 0 -55 -55 0 0 0 55 0 0 -55 0 0 -55 -55
24200 -55 0 0 55 0 0 -55 -55 0 0 0 55 0 0 -55 0 0 55 55
24200 55 0 0 -55 0 0 -55 -55 0 0 0 55 0 0 -55 0 0 -55 -55
24200 55 0 0 -55 0 0 -55 -55 0 0 0 55 0 0 -55 0 0 55 55
24200 55 0 0 55 0 0 55 55 0 0 0 -55 0 0 -55 0 0 -55 -55
24200 55 0 0 55 0 0 55 55 0 0 0 -55 0 0 -55 0 0 55 55
24200 -55 0 0 -55 0 0 55 55 0 0 0 -55 0 0 -55 0 0 -55 -55
24200 -55 0 0 -55 0 0 55 55 0 0 0 -55 0 0 -55 0 0 55 55
24200 -55 0 0 55 0 0 -55 55 0 0 0 -55 0 0 -55 0 0 -55 -55
24200 -55 0 0 55 0 0 -55 55 0 0 0 -55 0 0 -55 0 0 55 55
24200 55 0 0 -55 0 0 -55 55 0 0 0 -55 0 0 -55 0 0 -55 -55
24200 55 0 0 -55 0 0 -55 55 0 0 0 -55 0 0 -55 0 0 55 55
24200 -55 0 0 55 0 0 55 -55 0 0 0 -55 0 0 -55 0 0 -55 -55
24200 -55 0 0 55 0 0 55 -55 0 0 0 -55 0 0 -55 0 0 55 55
24200 55 0 0 -55 0 0 55 -55 0 0 0 -55 0 0 -55 0 0 -55 -55
24200 55 0 0 -55 0 0 55 -55 0 0 0 -55 0 0 -55 0 0 55 55
24200 55 0 0 55 0 0 -55 -55 0 0 0 -55 0 0 -55 0 0 -55 -55
24200 55 0 0 55 0 0 -55 -55 0 0 0 -55 0 0 -55 0 0 55 55
24200 -55 0 0 -55 0 0 -55 -55 0 0 0 -55 0 0 -55 0 0 -55 -55
24200 -55 0 0 -55 0 0 -55 -55 0 0 0 -55 0 0 -55 0 0 55 55
24200 0 -55 55 55 55 0 0 55 55 0 0 55 0 0 55 0 0 0 0
24200 0 55 -55 55 55 0 0 55 55 0 0 55 0 0 55 0 0 0 0
24200 0 55 55 -55 55 0 0 55 55 0 0 55 0 0 55 0 0 0 0
24200 0 -55 -55 -55 55 0 0 55 55 0 0 55 0 0 55 0 0 0 0
24200 0 55 55 55 -55 0 0 55 55 0 0 55 0 0 55 0 0 0 0
24200 0 -55 -55 55 -55 0 0 55 55 0 0 55 0 0 55 0 0 0 0
24200 0 -55 55 -55 -55 0 0 55 55 0 0 55 0 0 55 0 0 0 0
24200 0 55 -55 -55 -55 0 0 55 55 0 0 55 0 0 55 0 0 0 0
24200 0 55 55 55 55 0 0 -55 55 0 0 55 0 0 55 0 0 0 0
24200 0 -55 -55 55 55 0 0 -55 55 0 0 55 0 0 55 0 0 0 0
24200 0 -55 55 -55 55 0 0 -55 55 0 0 55 0 0 55 0 0 0 0
24200 0 55 -55 -55 55 0 0 -55 55 0 0 55 0 0 55 0 0 0 0
24200 0 -55 55 55 -55 0 0 -55 55 0 0 55 0 0 55 0 0 0 0
24200 0 55 -55 55 -55 0 0 -55 55 0 0 55 0 0 55 0 0 0 0
24200 0 55 55 -55 -55 0 0 -55 55 0 0 55 0 0 55 0 0 0 0
24200 0 -55 -55 -55 -55 0 0 -55 55 0 0 55 0 0 55 0 0 0 0
24200 0 55 55 55 55 0 0 55 -55 0 0 55 0 0 55 0 0 0 0
24200 0 -55 -55 55 55 0 0 55 -55 0 0 55 0 0 55 0 0 0 0
24200 0 -55 55 -55 55 0 0 55 -55 0 0 55 0 0 55 0 0 0 0
24200 0 55 -55 -55 55 0 0 55 -55 0 0 55 0 0 55 0 0 0 0
24200 0 -55 55 55 -55 0 0 55 -55 0 0 55 0 0 55 0 0 0 0
24200 0 55 -55 55 -55 0 0 55 -55 0 0 55 0 0 55 0 0 0 0
24200 0 55 55 -55 -55 0 0 55 -55 0 0 55 0 0 55 0 0 0 0
24200 0 -55 -55 -55 -55 0 0 55 -55 0 0 55 0 0 55 0 0 0 0
24200 0 -55 55 55 55 0 0 -55 -55 0 0 55 0 0 55 0 0 0 0
24200 0 55 -55 55 55 0 0 -55 -55 0 0 55 0 0 55 0 0 0 0
24200 0 55 55 -55 55 0 0 -55 -55 0 0 55 0 0 55 0 0 0 0
24200 0 -55 -55 -55 55 0 0 -55 -55 0 0 55 0 0 55 0 0 0 0
24200 0 55 55 55 -55 0 0 -55 -55 0 0 55 0 0 55 0 0 0 0
24200 0 -55 -55 55 -55 0 0 -55 -55 0 0 55 0 0 55 0 0 0 0
24200 0 -55 55 -55 -55 0 0 -55 -55 0 0 55 0 0 55 0 0 0 0
24200 0 55 -55 -55 -55 0 0 -55 -55 0 0 55 0 0 55 0 0 0 0
24200 0 55 55 55 55 0 0 55 55 0 0 -55 0 0 55 0 0 0 0
24200 0 -55 -55 55 55 0 0 55 55 0 0 -55 0 0 55 0 0 0 0
24200 0 -55 55 -55 55 0 0 55 55 0 0 -55 0 0 55 0 0 0 0
24200 0 55 -55 -55 55 0 0 55 55 0 0 -55 0 0 55 0 0 0 0
24200 0 -55 55 55 -55 0 0 55 55 0 0 -55 0 0 55 0 0 0 0
24200 0 55 -55 55 -55 0 0 55 55 0 0 -55 0 0 55 0 0 0 0
24200 0 55 55 -55 -55 0 0 55 55 0 0 -55 0 0 55 0 0 0 0
24200 0 -55 -55 -55 -55 0 0 55 55 0 0 -55 0 0 55 0 0 0 0
24200 0 -55 55 55 55 0 0 -55 55 0 0 -55 0 0 55 0 0 0 0
24200 0 55 -55 55 55 0 0 -55 55 0 0 -55 0 0 55 0 0 0 0
24200 0 55 55 -55 55 0 0 -55 55 0 0 -55 0 0 55 0 0 0 0
24200 0 -55 -55 -55 55 0 0 -55 55 0 0 -55 0 0 55 0 0 0 0
24200 0 55 55 55 -55 0 0 -55 55 0 0 -55 0 0 55 0 0 0 0
24200 0 -55 -55 55 -55 0 0 -55 55 0 0 -55 0 0 55 0 0 0 0
24200 0 -55 55 -55 -55 0 0 -55 55 0 0 -55 0 0 55 0 0 0 0
24200 0 55 -55 -55 -55 0 0 -55 55 0 0 -55 0 0 55 0 0 0 0
24200 0 -55 55 55 55 0 0 55 -55 0 0 -55 0 0 55 0 0 0 0
24200 0 55 -55 55 55 0 0 55 -55 0 0 -55 0 0 55 0 0 0 0
24200 0 55 55 -55 55 0 0 55 -55 0 0 -55 0 0 55 0 0 0 0
24200 0 -55 -55 -55 55 0 0 55 -55 0 0 -55 0 0 55 0 0 0 0
24200 0 55 55 55 -55 0 0 55 -55 0 0 -55 0 0 55 0 0 0 0
24200 0 -55 -55 55 -55 0 0 55 -55 0 0 -55 0 0 55 0 0 0 0
24200 0 -55 55 -55 -55 0 0 55 -55 0 0 -55 0 0 55 0 0 0 0
24200 0 55 -55 -55 -55 0 0 55 -55 0 0 -55 0 0 55 0 0 0 0
24200 0 55 55 55 55 0 0 -55 -55 0 0 -55 0 0 55 0 0 0 0
24200 0 -55 -55 55 55 0 0 -55 -55 0 0 -55 0 0 55 0 0 0 0
24200 0 -55 55 -55 55 0 0 -55 -55 0 0 -55 0 0 55 0 0 0 0
24200 0 55 -55 -55 55 0 0 -55 -55 0 0 -55 0 0 55 0 0 0 0
24200 0 -55 55 55 -55 0 0 -55 -55 0 0 -55 0 0 55 0 0 0 0
24200 0 55 -55 55 -55 0 0 -55 -55 0 0 -55 0 0 55 0 0 0 0
24200 0 55 55 -55 -55 0 0 -55 -55 0 0 -55 0 0 55 0 0 0 0
24200 0 -55 -55 -55 -55 0 0 -55 -55 0 0 -55 0 0 55 0 0 0 0
24200 0 55 55 55 55 0 0 55 55 0 0 55 0 0 -55 0 0 0 0
24200 0 -55 -55 55 55 0 0 55 55 0 0 55 0 0 -55 0 0 0 0
24200 0 -55 55 -55 55 0 0 55 55 0 0 55 0 0 -55 0 0 0 0
24200 0 55 -55 -55 55 0 0 55 55 0 0 55 0 0 -55 0 0 0 0
24200 0 -55 55 55 -55 0 0 55 55 0 0 55 0 0 -55 0 0 0 0
24200 0 55 -55 55 -55 0 0 55 55 0 0 55 0 0 -55 0 0 0 0
24200 0 55 55 -55 -55 0 0 55 55 0 0 55 0 0 -55 0 0 0 0
24200 0 -55 -55 -55 -55 0 0 55 55 0 0 55 0 0 -55 0 0 0 0
24200 0 -55 55 55 55 0 0 -55 55 0 0 55 0 0 -55 0 0 0 0
24200 0 55 -55 55 55 0 0 -55 55 0 0 55 0 0 -55 0 0 0 0
24200 0 55 55 -55 55 0 0 -55 55 0 0 55 0 0 -55 0 0 0 0
24200 0 -55 -55 -55 55 0 0 -55 55 0 0 55 0 0 -55 0 0 0 0
24200 0 55 55 55 -55 0 0 -55 55 0 0 55 0 0 -55 0 0 0 0
24200 0 -55 -55 55 -55 0 0 -55 55 0 0 55 0 0 -55 0 0 0 0
24200 0 -55 55 -55 -55 0 0 -55 55 0 0 55 0 0 -55 0 0 0 0
24200 0 55 -55 -55 -55 0 0 -55 55 0 0 55 0 0 -55 0 0 0 0
24200 0 -55 55 55 55 0 0 55 -55 0 0 55 0 0 -55 0 0 0 0
24200 0 55 -55 55 55 0 0 55 -55 0 0 55 0 0 -55 0 0 0 0
24200 0 55 55 -55 55 0 0 55 -55 0 0 55 0 0 -55 0 0 0 0
24200 0 -55 -55 -55 55 0 0 55 -55 0 0 55 0 0 -55 0 0 0 0
24200 0 55 55 55 -55 0 0 55 -55 0 0 55 0 0 -55 0 0 0 0
24200 0 -55 -55 55 -55 0 0 55 -55 0 0 55 0 0 -55 0 0 0 0
24200 0 -55 55 -55 -55 0 0 55 -55 0 0 55 0 0 -55 0 0 0 0
24200 0 55 -55 -55 -55 0 0 55 -55 0 0 55 0 0 -55 0 0 0 0
24200 0 55 55 55 55 0 0 -55 -55 0 0 55 0 0 -55 0 0 0 0
24200 0 -55 -55 55 55 0 0 -55 -55 0 0 55 0 0 -55 0 0 0 0
24200 0 -55 55 -55 55 0 0 -55 -55 0 0 55 0 0 -55 0 0 0 0
24200 0 55 -55 -55 55 0 0 -55 -55 0 0 55 0 0 -55 0 0 0 0
24200 0 -55 55 55 -55 0 0 -55 -55 0 0 55 0 0 -55 0 0 0 0
24200 0 55 -55 55 -55 0 0 -55 -55 0 0 55 0 0 -55 0 0 0 0
24200 0 55 55 -55 -55 0 0 -55 -55 0 0 55 0 0 -55 0 0 0 0
24200 0 -55 -55 -55 -55 0 0 -55 -55 0 0 55 0 0 -55 0 0 0 0
24200 0 -55 55 55 55 0 0 55 55 0 0 -55 0 0 -55 0 0 0 0
24200 0 55 -55 55 55 0 0 55 55 0 0 -55 0 0 -55 0 0 0 0
24200 0 55 55 -55 55 0 0 55 55 0 0 -55 0 0 -55 0 0 0 0
24200 0 -55 -55 -55 55 0 0 55 55 0 0 -55 0 0 -55 0 0 0 0
24200 0 55 55 55 -55 0 0 55 55 0 0 -55 0 0 -55 0 0 0 0
24200 0 -55 -55 55 -55 0 0 55 55 0 0 -55 0 0 -55 0 0 0 0
24200 0 -55 55 -55 -55 0 0 55 55 0 0 -55 0 0 -55 0 0 0 0
24200 0 55 -55 -55 -55 0 0 55 55 0 0 -55 0 0 -55 0 0 0 0
24200 0 55 55 55 55 0 0 -55 55 0 0 -55 0 0 -55 0 0 0 0
24200 0 -55 -55 55 55 0 0 -55 55 0 0 -55 0 0 -55 0 0 0 0
24200 0 -55 55 -55 55 0 0 -55 55 0 0 -55 0 0 -55 0 0 0 0
24200 0 55 -55 -55 55 0 0 -55 55 0 0 -55 0 0 -55 0 0 0 0
24200 0 -55 55 55 -55 0 0 -55 55 0 0 -55 0 0 -55 0 0 0 0
24200 0 55 -55 55 -55 0 0 -55 55 0 0 -55 0 0 -55 0 0 0 0
24200 0 55 55 -55 -55 0 0 -55 55 0 0 -55 0 0 -55 0 0 0 0
24200 0 -55 -55 -55 -55 0 0 -55 55 0 0 -55 0 0 -55 0 0 0 0
24200 0 55 55 55 55 0 0 55 -55 0 0 -55 0 0 -55 0 0 0 0
24200 0 -55 -55 55 55 0 0 55 -55 0 0 -55 0 0 -55 0 0 0 0
24200 0 -55 55 -55 55 0 0 55 -55 0 0 -55 0 0 -55 0 0 0 0
24200 0 55 -55 -55 55 0 0 55 -55 0 0 -55 0 0 -55 0 0 0 0
24200 0 -55 55 55 -55 0 0 55 -55 0 0 -55 0 0 -55 0 0 0 0
24200 0 55 -55 55 -55 0 0 55 -55 0 0 -55 0 0 -55 0 0 0 0
24200 0 55 55 -55 -55 0 0 55 -55 0 0 -55 0 0 -55 0 0 0 0
24200 0 -55 -55 -55 -55 0 0 55 -55 0 0 -55 0 0 -55 0 0 0 0
24200 0 -55 55 55 55 0 0 -55 -55 0 0 -55 0 0 -55 0 0 0 0
24200 0 55 -55 55 55 0 0 -55 -55 0 0 -55 0 0 -55 0 0 0 0
24200 0 55 55 -55 55 0 0 -55 -55 0 0 -55 0 0 -55 0 0 0 0
24200 0 -55 -55 -55 55 0 0 -55 -55 0 0 -55 0 0 -55 0 0 0 0
24200 0 55 55 55 -55 0 0 -55 -55 0 0 -55 0 0 -55 0 0 0 0
24200 0 -55 -55 55 -55 0 0 -55 -55 0 0 -55 0 0 -55 0 0 0 0
24200 0 -55 55 -55 -55 0 0 -55 -55 0 0 -55 0 0 -55 0 0 0 0
24200 0 55 -55 -55 -55 0 0 -55 -55 0 0 -55 0 0 -55 0 0 0 0
24200 0 55 55 0 0 0 55 0 0 55 0 55 0 0 55 0 -55 -55 0
24200 0 -55 -55 0 0 0 55 0 0 55 0 55 0 0 55 0 -55 -55 0
24200 0 55 55 0 0 0 55 0 0 55 0 55 0 0 55 0 55 55 0
24200 0 -55 -55 0 0 0 55 0 0 55 0 55 0 0 55 0 55 55 0
24200 0 -55 55 0 0 0 -55 0 0 55 0 55 0 0 55 0 -55 -55 0
24200 0 55 -55 0 0 0 -55 0 0 55 0 55 0 0 55 0 -55 -55 0
24200 0 -55 55 0 0 0 -55 0 0 55 0 55 0 0 55 0 55 55 0
24200 0 55 -55 0 0 0 -55 0 0 55 0 55 0 0 55 0 55 55 0
24200 0 -55 55 0 0 0 55 0 0 -55 0 55 0 0 55 0 -55 -55 0
24200 0 55 -55 0 0 0 55 0 0 -55 0 55 0 0 55 0 -55 -55 0
24200 0 -55 55 0 0 0 55 0 0 -55 0 55 0 0 55 0 55 55 0
24200 0 55 -55 0 0 0 55 0 0 -55 0 55 0 0 55 0 55 55 0
24200 0 55 55 0 0 0 -55 0 0 -55 0 55 0 0 55 0 -55 -55 0
24200 0 -55 -55 0 0 0 -55 0 0 -55 0 55 0 0 55 0 -55 -55 0
24200 0 55 55 0 0 0 -55 0 0 -55 0 55 0 0 55 0 55 55 0
24200 0 -55 -55 0 0 0 -55 0 0 -55 0 55 0 0 55 0 55 55 0
24200 0 -55 55 0 0 0 55 0 0 55 0 -55 0 0 55 0 -55 -55 0
24200 0 55 -55 0 0 0 55 0 0 55 0 -55 0 0 55 0 -55 -55 0
24200 0 -55 55 0 0 0 55 0 0 55 0 -55 0 0 55 0 55 55 0
24200 0 55 -55 0 0 0 55 0 0 55 0 -55 0 0 55 0 55 55 0
24200 0 55 55 0 0 0 -55 0 0 55 0 -55 0 0 55 0 -55 -55 0
24200 0 -55 -55 0 0 0 -55 0 0 55 0 -55 0 0 55 0 -55 -55 0
24200 0 55 55 0 0 0 -55 0 0 55 0 -55 0 0 55 0 55 55 0
24200 0 -55 -55 0 0 0 -55 0 0 55 0 -55 0 0 55 0 55 55 0
24200 0 55 55 0 0 0 55 0 0 -55 0 -55 0 0 55 0 -55 -55 0
24200 0 -55 -55 0 0 0 55 0 0 -55 0 -55 0 0 55 0 -55 -55 0
24200 0 55 55 0 0 0 55 0 0 -55 0 -55 0 0 55 0 55 55 0
24200 0 -55 -55 0 0 0 55 0 0 -55 0 -55 0 0 55 0 55 55 0
24200 0 -55 55 0 0 0 -55 0 0 -55 0 -55 0 0 55 0 -55 -55 0
24200 0 55 -55 0 0 0 -55 0 0 -55 0 -55 0 0 55 0 -55 -55 0
24200 0 -55 55 0 0 0 -55 0 0 -55 0 -55 0 0 55 0 55 55 0
24200 0 55 -55 0 0 0 -55 0 0 -55 0 -55 0 0 55 0 55 55 0
24200 0 -55 55 0 0 0 55 0 0 55 0 55 0 0 -55 0 -55 -55 0
24200 0 55 -55 0 0 0 55 0 0 55 0 55 0 0 -55 0 -55 -55 0
24200 0 -55 55 0 0 0 55 0 0 55 0 55 0 0 -55 0 55 55 0
24200 0 55 -55 0 0 0 55 0 0 55 0 55 0 0 -55 0 55 55 0
24200 0 55 55 0 0 0 -55 0 0 55 0 55 0 0 -55 0 -55 -55 0
24200 0 -55 -55 0 0 0 -55 0 0 55 0 55 0 0 -55 0 -55 -55 0
24200 0 55 55 0 0 0 -55 0 0 55 0 55 0 0 -55 0 55 55 0
24200 0 -55 -55 0 0 0 -55 0 0 55 0 55 0 0 -55 0 55 55 0
24200 0 55 55 0 0 0 55 0 0 -55 0 55 0 0 -55 0 -55 -55 0
24200 0 -55 -55 0 0 0 55 0 0 -55 0 55 0 0 -55 0 -55 -55 0
24200 0 55 55 0 0 0 55 0 0 -55 0 55 0 0 -55 0 55 55 0
24200 0 -55 -55 0 0 0 55 0 0 -55 0 55 0 0 -55 0 55 55 0
24200 0 -55 55 0 0 0 -55 0 0 -55 0 55 0 0 -55 0 -55 -55 0
24200 0 55 -55 0 0 0 -55 0 0 -55 0 55 0 0 -55 0 -55 -55 0
24200 0 -55 55 0 0 0 -55 0 0 -55 0 55 0 0 -55 0 55 55 0
24200 0 55 -55 0 0 0 -55 0 0 -55 0 55 0 0 -55 0 55 55 0
24200 0 55 55 0 0 0 55 0 0 55 0 -55 0 0 -55 0 -55 -55 0
24200 0 -55 -55 0 0 0 55 0 0 55 0 -55 0 0 -55 0 -55 -55 0
24200 0 55 55 0 0 0 55 0 0 55 0 -55 0 0 -55 0 55 55 0
24200 0 -55 -55 0 0 0 55 0 0 55 0 -55 0 0 -55 0 55 55 0
24200 0 -55 55 0 0 0 -55 0 0 55 0 -55 0 0 -55 0 -55 -55 0
24200 0 55 -55 0 0 0 -55 0 0 55 0 -55 0 0 -55 0 -55 -55 0
24200 0 -55 55 0 0 0 -55 0 0 55 0 -55 0 0 -55 0 55 55 0
24200 0 55 -55 0 0 0 -55 0 0 55 0 -55 0 0 -55 0 55 55 0
24200 0 -55 55 0 0 0 55 0 0 -55 0 -55 0 0 -55 0 -55 -55 0
24200 0 55 -55 0 0 0 55 0 0 -55 0 -55 0 0 -55 0 -55 -55 0
24200 0 -55 55 0 0 0 55 0 0 -55 0 -55 0 0 -55 0 55 55 0
24200 0 55 -55 0 0 0 55 0 0 -55 0 -55 0 0 -55 0 55 55 0
24200 0 55 55 0 0 0 -55 0 0 -55 0 -55 0 0 -55 0 -55 -55 0
24200 0 -55 -55 0 0 0 -55 0 0 -55 0 -55 0 0 -55 0 -55 -55 0
24200 0 55 55 0 0 0 -55 0 0 -55 0 -55 0 0 -55 0 55 55 0
24200 0 -55 -55 0 0 0 -55 0 0 -55 0 -55 0 0 -55 0 55 55 0
24200 55 0 0 0 55 0 0 0 55 55 0 55 0 0 55 0 -55 0 55
24200 -55 0 0 0 -55 0 0 0 55 55 0 55 0 0 55 0 -55 0 55
24200 55 0 0 0 55 0 0 0 55 55 0 55 0 0 55 0 55 0 -55
24200 -55 0 0 0 -55 0 0 0 55 55 0 55 0 0 55 0 55 0 -55
24200 -55 0 0 0 55 0 0 0 -55 55 0 55 0 0 55 0 -55 0 55
24200 55 0 0 0 -55 0 0 0 -55 55 0 55 0 0 55 0 -55 0 55
24200 -55 0 0 0 55 0 0 0 -55 55 0 55 0 0 55 0 55 0 -55
24200 55 0 0 0 -55 0 0 0 -55 55 0 55 0 0 55 0 55 0 -55
24200 -55 0 0 0 55 0 0 0 55 -55 0 55 0 0 55 0 -55 0 55
24200 55 0 0 0 -55 0 0 0 55 -55 0 55 0 0 55 0 -55 0 55
24200 -55 0 0 0 55 0 0 0 55 -55 0 55 0 0 55 0 55 0 -55
24200 55 0 0 0 -55 0 0 0 55 -55 0 55 0 0 55 0 55 0 -55
24200 55 0 0 0 55 0 0 0 -55 -55 0 55 0 0 55 0 -55 0 55
24200 -55 0 0 0 -55 0 0 0 -55 -55 0 55 0 0 55 0 -55 0 55
24200 55 0 0 0 55 0 0 0 -55 -55 0 55 0 0 55 0 55 0 -55
24200 -55 0 0 0 -55 0 0 0 -55 -55 0 55 0 0 55 0 55 0 -55
24200 -55 0 0 0 55 0 0 0 55 55 0 -55 0 0 55 0 -55 0 55
24200 55 0 0 0 -55 0 0 0 55 55 0 -55 0 0 55 0 -55 0 55
24200 -55 0 0 0 55 0 0 0 55 55 0 -55 0 0 55 0 55 0 -55
24200 55 0 0 0 -55 0 0 0 55 55 0 -55 0 0 55 0 55 0 -55
24200 55 0 0 0 55 0 0 0 -55 55 0 -55 0 0 55 0 -55 0 55
24200 -55 0 0 0 -55 0 0 0 -55 55 0 -55 0 0 55 0 -55 0 55
24200 55 0 0 0 55 0 0 0 -55 55 0 -55 0 0 55 0 55 0 -55
24200 -55 0 0 0 -55 0 0 0 -55 55 0 -55 0 0 55 0 55 0 -55
24200 55 0 0 0 55 0 0 0 55 -55 0 -55 0 0 55 0 -55 0 55
24200 -55 0 0 0 -55 0 0 0 55 -55 0 -55 0 0 55 0 -55 0 55
24200 55 0 0 0 55 0 0 0 55 -55 0 -55 0 0 55 0 55 0 -55
24200 -55 0 0 0 -55 0 0 0 55 -55 0 -55 0 0 55 0 55 0 -55
24200 -55 0 0 0 55 0 0 0 -55 -55 0 -55 0 0 55 0 -55 0 55
24200 55 0 0 0 -55 0 0 0 -55 -55 0 -55 0 0 55 0 -55 0 55
24200 -55 0 0 0 55 0 0 0 -55 -55 0 -55 0 0 55 0 55 0 -55
24200 55 0 0 0 -55 0 0 0 -55 -55 0 -55 0 0 55 0 55 0 -55
24200 -55 0 0 0 55 0 0 0 55 55 0 55 0 0 -55 0 -55 0 55
24200 55 0 0 0 -55 0 0 0 55 55 0 55 0 0 -55 0 -55 0 55
24200 -55 0 0 0 55 0 0 0 55 55 0 55 0 0 -55 0 55 0 -55
24200 55 0 0 0 -55 0 0 0 55 55 0 55 0 0 -55 0 55 0 -55
24200 55 0 0 0 55 0 0 0 -55 55 0 55 0 0 -55 0 -55 0 55
24200 -55 0 0 0 -55 0 0 0 -55 55 0 55 0 0 -55 0 -55 0 55
24200 55 0 0 0 55 0 0 0 -55 55 0 55 0 0 -55 0 55 0 -55
24200 -55 0 0 0 -55 0 0 0 -55 55 0 55 0 0 -55 0 55 0 -55
24200 55 0 0 0 55 0 0 0 55 -55 0 55 0 0 -55 0 -55 0 55
24200 -55 0 0 0 -55 0 0 0 55 -55 0 55 0 0 -55 0 -55 0 55
24200 55 0 0 0 55 0 0 0 55 -55 0 55 0 0 -55 0 55 0 -55
24200 -55 0 0 0 -55 0 0 0 55 -55 0 55 0 0 -55 0 55 0 -55
24200 -55 0 0 0 55 0 0 0 -55 -55 0 55 0 0 -55 0 -55 0 55
24200 55 0 0 0 -55 0 0 0 -55 -55 0 55 0 0 -55 0 -55 0 55
24200 -55 0 0 0 55 0 0 0 -55 -55 0 55 0 0 -55 0 55 0 -55
24200 55 0 0 0 -55 0 0 0 -55 -55 0 55 0 0 -55 0 55 0 -55
24200 55 0 0 0 55 0 0 0 55 55 0 -55 0 0 -55 0 -55 0 55
24200 -55 0 0 0 -55 0 0 0 55 55 0 -55 0 0 -55 0 -55 0 55
24200 55 0 0 0 55 0 0 0 55 55 0 -55 0 0 -55 0 55 0 -55
24200 -55 0 0 0 -55 0 0 0 55 55 0 -55 0 0 -55 0 55 0 -55
24200 -55 0 0 0 55 0 0 0 -55 55 0 -55 0 0 -55 0 -55 0 55
24200 55 0 0 0 -55 0 0 0 -55 55 0 -55 0 0 -55 0 -55 0 55
24200 -55 0 0 0 55 0 0 0 -55 55 0 -55 0 0 -55 0 55 0 -55
24200 55 0 0 0 -55 0 0 0 -55 55 0 -55 0 0 -55 0 55 0 -55
24200 -55 0 0 0 55 0 0 0 55 -55 0 -55 0 0 -55 0 -55 0 55
24200 55 0 0 0 -55 0 0 0 55 -55 0 -55 0 0 -55 0 -55 0 55
24200 -55 0 0 0 55 0 0 0 55 -55 0 -55 0 0 -55 0 55 0 -55
24200 55 0 0 0 -55 0 0 0 55 -55 0 -55 0 0 -55 0 55 0 -55
24200 55 0 0 0 55 0 0 0 -55 -55 0 -55 0 0 -55 0 -55 0 55
24200 -55 0 0 0 -55 0 0 0 -55 -55 0 -55 0 0 -55 0 -55 0 55
24200 55 0 0 0 55 0 0 0 -55 -55 0 -55 0 0 -55 0 55 0 -55
24200 -55 0 0 0 -55 0 0 0 -55 -55 0 -55 0 0 -55 0 55 0 -55
24200 0 0 0 0 55 55 0 55 0 0 55 55 0 0 55 0 -55 55 0
24200 0 0 0 0 55 55 0 55 0 0 55 55 0 0 55 0 55 -55 0
24200 0 0 0 0 -55 -55 0 55 0 0 55 55 0 0 55 0 -55 55 0
24200 0 0 0 0 -55 -55 0 55 0 0 55 55 0 0 55 0 55 -55 0
24200 0 0 0 0 -55 55 0 -55 0 0 55 55 0 0 55 0 -55 55 0
24200 0 0 0 0 -55 55 0 -55 0 0 55 55 0 0 55 0 55 -55 0
24200 0 0 0 0 55 -55 0 -55 0 0 55 55 0 0 55 0 -55 55 0
24200 0 0 0 0 55 -55 0 -55 0 0 55 55 0 0 55 0 55 -55 0
24200 0 0 0 0 -55 55 0 55 0 0 -55 55 0 0 55 0 -55 55 0
24200 0 0 0 0 -55 55 0 55 0 0 -55 55 0 0 55 0 55 -55 0
24200 0 0 0 0 55 -55 0 55 0 0 -55 55 0 0 55 0 -55 55 0
24200 0 0 0 0 55 -55 0 55 0 0 -55 55 0 0 55 0 55 -55 0
24200 0 0 0 0 55 55 0 -55 0 0 -55 55 0 0 55 0 -55 55 0
24200 0 0 0 0 55 55 0 -55 0 0 -55 55 0 0 55 0 55 -55 0
24200 0 0 0 0 -55 -55 0 -55 0 0 -55 55 0 0 55 0 -55 55 0
24200 0 0 0 0 -55 -55 0 -55 0 0 -55 55 0 0 55 0 55 -55 0
24200 0 0 0 0 -55 55 0 55 0 0 55 -55 0 0 55 0 -55 55 0
24200 0 0 0 0 -55 55 0 55 0 0 55 -55 0 0 55 0 55 -55 0
24200 0 0 0 0 55 -55 0 55 0 0 55 -55 0 0 55 0 -55 55 0
24200 0 0 0 0 55 -55 0 55 0 0 55 -55 0 0 55 0 55 -55 0
24200 0 0 0 0 55 55 0 -55 0 0 55 -55 0 0 55 0 -55 55 0
24200 0 0 0 0 55 55 0 -55 0 0 55 -55 0 0 55 0 55 -55 0
24200 0 0 0 0 -55 -55 0 -55 0 0 55 -55 0 0 55 0 -55 55 0
24200 0 0 0 0 -55 -55 0 -55 0 0 55 -55 0 0 55 0 55 -55 0
24200 0 0 0 0 55 55 0 55 0 0 -55 -55 0 0 55 0 -55 55 0
24200 0 0 0 0 55 55 0 55 0 0 -55 -55 0 0 55 0 55 -55 0
24200 0 0 0 0 -55 -55 0 55 0 0 -55 -55 0 0 55 0 -55 55 0
24200 0 0 0 0 -55 -55 0 55 0 0 -55 -55 0 0 55 0 55 -55 0
24200 0 0 0 0 -55 55 0 -55 0 0 -55 -55 0 0 55 0 -55 55 0
24200 0 0 0 0 -55 55 0 -55 0 0 -55 -55 0 0 55 0 55 -55 0
24200 0 0 0 0 55 -55 0 -55 0 0 -55 -55 0 0 55 0 -55 55 0
24200 0 0 0 0 55 -55 0 -55 0 0 -55 -55 0 0 55 0 55 -55 0
24200 0 0 0 0 -55 55 0 55 0 0 55 55 0 0 -55 0 -55 55 0
24200 0 0 0 0 -55 55 0 55 0 0 55 55 0 0 -55 0 55 -55 0
24200 0 0 0 0 55 -55 0 55 0 0 55 55 0 0 -55 0 -55 55 0
24200 0 0 0 0 55 -55 0 55 0 0 55 55 0 0 -55 0 55 -55 0
24200 0 0 0 0 55 55 0 -55 0 0 55 55 0 0 -55 0 -55 55 0
24200 0 0 0 0 55 55 0 -55 0 0 55 55 0 0 -55 0 55 -55 0
24200 0 0 0 0 -55 -55 0 -55 0 0 55 55 0 0 -55 0 -55 55 0
24200 0 0 0 0 -55 -55 0 -55 0 0 55 55 0 0 -55 0 55 -55 0
24200 0 0 0 0 55 55 0 55 0 0 -55 55 0 0 -55 0 -55 55 0
24200 0 0 0 0 55 55 0 55 0 0 -55 55 0 0 -55 0 55 -55 0
24200 0 0 0 0 -55 -55 0 55 0 0 -55 55 0 0 -55 0 -55 55 0
24200 0 0 0 0 -55 -55 0 55 0 0 -55 55 0 0 -55 0 55 -55 0
24200 0 0 0 0 -55 55 0 -55 0 0 -55 55 0 0 -55 0 -55 55 0
24200 0 0 0 0 -55 55 0 -55 0 0 -55 55 0 0 -55 0 55 -55 0
24200 0 0 0 0 55 -55 0 -55 0 0 -55 55 0 0 -55 0 -55 55 0
24200 0 0 0 0 55 -55 0 -55 0 0 -55 55 0 0 -55 0 55 -55 0
24200 0 0 0 0 55 55 0 55 0 0 55 -55 0 0 -55 0 -55 55 0
24200 0 0 0 0 55 55 0 55 0 0 55 -55 0 0 -55 0 55 -55 0
24200 0 0 0 0 -55 -55 0 55 0 0 55 -55 0 0 -55 0 -55 55 0
24200 0 0 0 0 -55 -55 0 55 0 0 55 -55 0 0 -55 0 55 -55 0
24200 0 0 0 0 -55 55 0 -55 0 0 55 -55 0 0 -55 0 -55 55 0
24200 0 0 0 0 -55 55 0 -55 0 0 55 -55 0 0 -55 0 55 -55 0
24200 0 0 0 0 55 -55 0 -55 0 0 55 -55 0 0 -55 0 -55 55 0
24200 0 0 0 0 55 -55 0 -55 0 0 55 -55 0 0 -55 0 55 -55 0
24200 0 0 0 0 -55 55 0 55 0 0 -55 -55 0 0 -55 0 -55 55 0
24200 0 0 0 0 -55 55 0 55 0 0 -55 -55 0 0 -55 0 55 -55 0
24200 0 0 0 0 55 -55 0 55 0 0 -55 -55 0 0 -55 0 -55 55 0
24200 0 0 0 0 55 -55 0 55 0 0 -55 -55 0 0 -55 0 55 -55 0
24200 0 0 0 0 55 55 0 -55 0 0 -55 -55 0 0 -55 0 -55 55 0
24200 0 0 0 0 55 55 0 -55 0 0 -55 -55 0 0 -55 0 55 -55 0
24200 0 0 0 0 -55 -55 0 -55 0 0 -55 -55 0 0 -55 0 -55 55 0
24200 0 0 0 0 -55 -55 0 -55 0 0 -55 -55 0 0 -55 0 55 -55 0
24200 0 0 0 55 0 55 0 55 55 0 0 0 55 0 55 0 -55 0 -55
24200 0 0 0 55 0 55 0 55 55 0 0 0 55 0 55 0 55 0 55
24200 0 0 0 -55 0 -55 0 55 55 0 0 0 55 0 55 0 -55 0 -55
24200 0 0 0 -55 0 -55 0 55 55 0 0 0 55 0 55 0 55 0 55
24200 0 0 0 -55 0 55 0 -55 55 0 0 0 55 0 55 0 -55 0 -55
24200 0 0 0 -55 0 55 0 -55 55 0 0 0 55 0 55 0 55 0 55
24200 0 0 0 55 0 -55 0 -55 55 0 0 0 55 0 55 0 -55 0 -55
24200 0 0 0 55 0 -55 0 -55 55 0 0 0 55 0 55 0 55 0 55
24200 0 0 0 -55 0 55 0 55 -55 0 0 0 55 0 55 0 -55 0 -55
24200 0 0 0 -55 0 55 0 55 -55 0 0 0 55 0 55 0 55 0 55
24200 0 0 0 55 0 -55 0 55 -55 0 0 0 55 0 55 0 -55 0 -55
24200 0 0 0 55 0 -55 0 55 -55 0 0 0 55 0 55 0 55 0 55
24200 0 0 0 55 0 55 0 -55 -55 0 0 0 55 0 55 0 -55 0 -55
24200 0 0 0 55 0 55 0 -55 -55 0 0 0 55 0 55 0 55 0 55
24200 0 0 0 -55 0 -55 0 -55 -55 0 0 0 55 0 55 0 -55 0 -55
24200 0 0 0 -55 0 -55 0 -55 -55 0 0 0 55 0 55 0 55 0 55
24200 0 0 0 -55 0 55 0 55 55 0 0 0 -55 0 55 0 -55 0 -55
24200 0 0 0 -55 0 55 0 55 55 0 0 0 -55 0 55 0 55 0 55
24200 0 0 0 55 0 -55 0 55 55 0 0 0 -55 0 55 0 -55 0 -55
24200 0 0 0 55 0 -55 0 55 55 0 0 0 -55 0 55 0 55 0 55
24200 0 0 0 55 0 55 0 -55 55 0 0 0 -55 0 55 0 -55 0 -55
24200 0 0 0 55 0 55 0 -55 55 0 0 0 -55 0 55 0 55 0 55
24200 0 0 0 -55 0 -55 0 -55 55 0 0 0 -55 0 55 0 -55 0 -55
24200 0 0 0 -55 0 -55 0 -55 55 0 0 0 -55 0 55 0 55 0 55
24200 0 0 0 55 0 55 0 55 -55 0 0 0 -55 0 55 0 -55 0 -55
24200 0 0 0 55 0 55 0 55 -55 0 0 0 -55 0 55 0 55 0 55
24200 0 0 0 -55 0 -55 0 55 -55 0 0 0 -55 0 55 0 -55 0 -55
24200 0 0 0 -55 0 -55 0 55 -55 0 0 0 -55 0 55 0 55 0 55
24200 0 0 0 -55 0 55 0 -55 -55 0 0 0 -55 0 55 0 -55 0 -55
24200 0 0 0 -55 0 55 0 -55 -55 0 0 0 -55 0 55 0 55 0 55
24200 0 0 0 55 0 -55 0 -55 -55 0 0 0 -55 0 55 0 -55 0 -55
24200 0 0 0 55 0 -55 0 -55 -55 0 0 0 -55 0 55 0 55 0 55
24200 0 0 0 -55 0 55 0 55 55 0 0 0 55 0 -55 0 -55 0 -55
24200 0 0 0 -55 0 55 0 55 55 0 0 0 55 0 -55 0 55 0 55
24200 0 0 0 55 0 -55 0 55 55 0 0 0 55 0 -55 0 -55 0 -55
24200 0 0 0 55 0 -55 0 55 55 0 0 0 55 0 -55 0 55 0 55
24200 0 0 0 55 0 55 0 -55 55 0 0 0 55 0 -55 0 -55 0 -55
24200 0 0 0 55 0 55 0 -55 55 0 0 0 55 0 -55 0 55 0 55
24200 0 0 0 -55 0 -55 0 -55 55 0 0 0 55 0 -55 0 -55 0 -55
24200 0 0 0 -55 0 -55 0 -55 55 0 0 0 55 0 -55 0 55 0 55
24200 0 0 0 55 0 55 0 55 -55 0 0 0 55 0 -55 0 -55 0 -55
24200 0 0 0 55 0 55 0 55 -55 0 0 0 55 0 -55 0 55 0 55
24200 0 0 0 -55 0 -55 0 55 -55 0 0 0 55 0 -55 0 -55 0 -55
24200 0 0 0 -55 0 -55 0 55 -55 0 0 0 55 0 -55 0 55 0 55
24200 0 0 0 -55 0 55 0 -55 -55 0 0 0 55 0 -55 0 -55 0 -55
24200 0 0 0 -55 0 55 0 -55 -55 0 0 0 55 0 -55 0 55 0 55
24200 0 0 0 55 0 -55 0 -55 -55 0 0 0 55 0 -55 0 -55 0 -55
24200 0 0 0 55 0 -55 0 -55 -55 0 0 0 55 0 -55 0 55 0 55
24200 0 0 0 55 0 55 0 55 55 0 0 0 -55 0 -55 0 -55 0 -55
24200 0 0 0 55 0 55 0 55 55 0 0 0 -55 0 -55 0 55 0 55
24200 0 0 0 -55 0 -55 0 55 55 0 0 0 -55 0 -55 0 -55 0 -55
24200 0 0 0 -55 0 -55 0 55 55 0 0 0 -55 0 -55 0 55 0 55
24200 0 0 0 -55 0 55 0 -55 55 0 0 0 -55 0 -55 0 -55 0 -55
24200 0 0 0 -55 0 55 0 -55 55 0 0 0 -55 0 -55 0 55 0 55
24200 0 0 0 55 0 -55 0 -55 55 0 0 0 -55 0 -55 0 -55 0 -55
24200 0 0 0 55 0 -55 0 -55 55 0 0 0 -55 0 -55 0 55 0 55
24200 0 0 0 -55 0 55 0 55 -55 0 0 0 -55 0 -55 0 -55 0 -55
24200 0 0 0 -55 0 55 0 55 -55 0 0 0 -55 0 -55 0 55 0 55
24200 0 0 0 55 0 -55 0 55 -55 0 0 0 -55 0 -55 0 -55 0 -55
24200 0 0 0 55 0 -55 0 55 -55 0 0 0 -55 0 -55 0 55 0 55
24200 0 0 0 55 0 55 0 -55 -55 0 0 0 -55 0 -55 0 -55 0 -55
24200 0 0 0 55 0 55 0 -55 -55 0 0 0 -55 0 -55 0 55 0 55
24200 0 0 0 -55 0 -55 0 -55 -55 0 0 0 -55 0 -55 0 -55 0 -55
24200 0 0 0 -55 0 -55 0 -55 -55 0 0 0 -55 0 -55 0 55 0 55
24200 0 0 0 0 55 55 55 0 0 55 0 0 55 0 55 0 0 -55 55
24200 0 0 0 0 55 55 55 0 0 55 0 0 55 0 55 0 0 55 -55
24200 0 0 0 0 -55 -55 55 0 0 55 0 0 55 0 55 0 0 -55 55
24200 0 0 0 0 -55 -55 55 0 0 55 0 0 55 0 55 0 0 55 -55
24200 0 0 0 0 -55 55 -55 0 0 55 0 0 55 0 55 0 0 -55 55
24200 0 0 0 0 -55 55 -55 0 0 55 0 0 55 0 55 0 0 55 -55
24200 0 0 0 0 55 -55 -55 0 0 55 0 0 55 0 55 0 0 -55 55
24200 0 0 0 0 55 -55 -55 0 0 55 0 0 55 0 55 0 0 55 -55
24200 0 0 0 0 -55 55 55 0 0 -55 0 0 55 0 55 0 0 -55 55
24200 0 0 0 0 -55 55 55 0 0 -55 0 0 55 0 55 0 0 55 -55
24200 0 0 0 0 55 -55 55 0 0 -55 0 0 55 0 55 0 0 -55 55
24200 0 0 0 0 55 -55 55 0 0 -55 0 0 55 0 55 0 0 55 -55
24200 0 0 0 0 55 55 -55 0 0 -55 0 0 55 0 55 0 0 -55 55
24200 0 0 0 0 55 55 -55 0 0 -55 0 0 55 0 55 0 0 55 -55
24200 0 0 0 0 -55 -55 -55 0 0 -55 0 0 55 0 55 0 0 -55 55
24200 0 0 0 0 -55 -55 -55 0 0 -55 0 0 55 0 55 0 0 55 -55
24200 0 0 0 0 -55 55 55 0 0 55 0 0 -55 0 55 0 0 -55 55
24200 0 0 0 0 -55 55 55 0 0 55 0 0 -55 0 55 0 0 55 -55
24200 0 0 0 0 55 -55 55 0 0 55 0 0 -55 0 55 0 0 -55 55
24200 0 0 0 0 55 -55 55 0 0 55 0 0 -55 0 55 0 0 55 -55
24200 0 0 0 0 55 55 -55 0 0 55 0 0 -55 0 55 0 0 -55 55
24200 0 0 0 0 55 55 -55 0 0 55 0 0 -55 0 55 0 0 55 -55
24200 0 0 0 0 -55 -55 -55 0 0 55 0 0 -55 0 55 0 0 -55 55
24200 0 0 0 0 -55 -55 -55 0 0 55 0 0 -55 0 55 0 0 55 -55
24200 0 0 0 0 55 55 55 0 0 -55 0 0 -55 0 55 0 0 -55 55
24200 0 0 0 0 55 55 55 0 0 -55 0 0 -55 0 55 0 0 55 -55
24200 0 0 0 0 -55 -55 55 0 0 -55 0 0 -55 0 55 0 0 -55 55
24200 0 0 0 0 -55 -55 55 0 0 -55 0 0 -55 0 55 0 0 55 -55
24200 0 0 0 0 -55 55 -55 0 0 -55 0 0 -55 0 55 0 0 -55 55
24200 0 0 0 0 -55 55 -55 0 0 -55 0 0 -55 0 55 0 0 55 -55
24200 0 0 0 0 55 -55 -55 0 0 -55 0 0 -55 0 55 0 0 -55 55
24200 0 0 0 0 55 -55 -55 0 0 -55 0 0 -55 0 55 0 0 55 -55
24200 0 0 0 0 -55 55 55 0 0 55 0 0 55 0 -55 0 0 -55 55
24200 0 0 0 0 -55 55 55 0 0 55 0 0 55 0 -55 0 0 55 -55
24200 0 0 0 0 55 -55 55 0 0 55 0 0 55 0 -55 0 0 -55 55
24200 0 0 0 0 55 -55 55 0 0 55 0 0 55 0 -55 0 0 55 -55
24200 0 0 0 0 55 55 -55 0 0 55 0 0 55 0 -55 0 0 -55 55
24200 0 0 0 0 55 55 -55 0 0 55 0 0 55 0 -55 0 0 55 -55
24200 0 0 0 0 -55 -55 -55 0 0 55 0 0 55 0 -55 0 0 -55 55
24200 0 0 0 0 -55 -55 -55 0 0 55 0 0 55 0 -55 0 0 55 -55
24200 0 0 0 0 55 55 55 0 0 -55 0 0 55 0 -55 0 0 -55 55
24200 0 0 0 0 55 55 55 0 0 -55 0 0 55 0 -55 0 0 55 -55
24200 0 0 0 0 -55 -55 55 0 0 -55 0 0 55 0 -55 0 0 -55 55
24200 0 0 0 0 -55 -55 55 0 0 -55 0 0 55 0 -55 0 0 55 -55
24200 0 0 0 0 -55 55 -55 0 0 -55 0 0 55 0 -55 0 0 -55 55
24200 0 0 0 0 -55 55 -55 0 0 -55 0 0 55 0 -55 0 0 55 -55
24200 0 0 0 0 55 -55 -55 0 0 -55 0 0 55 0 -55 0 0 -55 55
24200 0 0 0 0 55 -55 -55 0 0 -55 0 0 55 0 -55 0 0 55 -55
24200 0 0 0 0 55 55 55 0 0 55 0 0 -55 0 -55 0 0 -55 55
24200 0 0 0 0 55 55 55 0 0 55 0 0 -55 0 -55 0 0 55 -55
24200 0 0 0 0 -55 -55 55 0 0 55 0 0 -55 0 -55 0 0 -55 55
24200 0 0 0 0 -55 -55 55 0 0 55 0 0 -55 0 -55 0 0 55 -55
24200 0 0 0 0 -55 55 -55 0 0 55 0 0 -55 0 -55 0 0 -55 55
24200 0 0 0 0 -55 55 -55 0 0 55 0 0 -55 0 -55 0 0 55 -55
24200 0 0 0 0 55 -55 -55 0 0 55 0 0 -55 0 -55 0 0 -55 55
24200 0 0 0 0 55 -55 -55 0 0 55 0 0 -55 0 -55 0 0 55 -55
24200 0 0 0 0 -55 55 55 0 0 -55 0 0 -55 0 -55 0 0 -55 55
24200 0 0 0 0 -55 55 55 0 0 -55 0 0 -55 0 -55 0 0 55 -55
24200 0 0 0 0 55 -55 55 0 0 -55 0 0 -55 0 -55 0 0 -55 55
24200 0 0 0 0 55 -55 55 0 0 -55 0 0 -55 0 -55 0 0 55 -55
24200 0 0 0 0 55 55 -55 0 0 -55 0 0 -55 0 -55 0 0 -55 55
24200 0 0 0 0 55 55 -55 0 0 -55 0 0 -55 0 -55 0 0 55 -55
24200 0 0 0 0 -55 -55 -55 0 0 -55 0 0 -55 0 -55 0 0 -55 55
24200 0 0 0 0 -55 -55 -55 0 0 -55 0 0 -55 0 -55 0 0 55 -55
24200 0 55 55 0 0 0 0 55 0 0 55 0 55 0 55 0 0 -55 -55
24200 0 55 55 0 0 0 0 55 0 0 55 0 55 0 55 0 0 55 55
24200 0 -55 -55 0 0 0 0 55 0 0 55 0 55 0 55 0 0 -55 -55
24200 0 -55 -55 0 0 0 0 55 0 0 55 0 55 0 55 0 0 55 55
24200 0 -55 55 0 0 0 0 -55 0 0 55 0 55 0 55 0 0 -55 -55
24200 0 -55 55 0 0 0 0 -55 0 0 55 0 55 0 55 0 0 55 55
24200 0 55 -55 0 0 0 0 -55 0 0 55 0 55 0 55 0 0 -55 -55
24200 0 55 -55 0 0 0 0 -55 0 0 55 0 55 0 55 0 0 55 55
24200 0 -55 55 0 0 0 0 55 0 0 -55 0 55 0 55 0 0 -55 -55
24200 0 -55 55 0 0 0 0 55 0 0 -55 0 55 0 55 0 0 55 55
24200 0 55 -55 0 0 0 0 55 0 0 -55 0 55 0 55 0 0 -55 -55
24200 0 55 -55 0 0 0 0 55 0 0 -55 0 55 0 55 0 0 55 55
24200 0 55 55 0 0 0 0 -55 0 0 -55 0 55 0 55 0 0 -55 -55
24200 0 55 55 0 0 0 0 -55 0 0 -55 0 55 0 55 0 0 55 55
24200 0 -55 -55 0 0 0 0 -55 0 0 -55 0 55 0 55 0 0 -55 -55
24200 0 -55 -55 0 0 0 0 -55 0 0 -55 0 55 0 55 0 0 55 55
24200 0 -55 55 0 0 0 0 55 0 0 55 0 -55 0 55 0 0 -55 -55
24200 0 -55 55 0 0 0 0 55 0 0 55 0 -55 0 55 0 0 55 55
24200 0 55 -55 0 0 0 0 55 0 0 55 0 -55 0 55 0 0 -55 -55
24200 0 55 -55 0 0 0 0 55 0 0 55 0 -55 0 55 0 0 55 55
24200 0 55 55 0 0 0 0 -55 0 0 55 0 -55 0 55 0 0 -55 -55
24200 0 55 55 0 0 0 0 -55 0 0 55 0 -55 0 55 0 0 55 55
24200 0 -55 -55 0 0 0 0 -55 0 0 55 0 -55 0 55 0 0 -55 -55
24200 0 -55 -55 0 0 0 0 -55 0 0 55 0 -55 0 55 0 0 55 55
24200 0 55 55 0 0 0 0 55 0 0 -55 0 -55 0 55 0 0 -55 -55
24200 0 55 55 0 0 0 0 55 0 0 -55 0 -55 0 55 0 0 55 55
24200 0 -55 -55 0 0 0 0 55 0 0 -55 0 -55 0 55 0 0 -55 -55
24200 0 -55 -55 0 0 0 0 55 0 0 -55 0 -55 0 55 0 0 55 55
24200 0 -55 55 0 0 0 0 -55 0 0 -55 0 -55 0 55 0 0 -55 -55
24200 0 -55 55 0 0 0 0 -55 0 0 -55 0 -55 0 55 0 0 55 55
24200 0 55 -55 0 0 0 0 -55 0 0 -55 0 -55 0 55 0 0 -55 -55
24200 0 55 -55 0 0 0 0 -55 0 0 -55 0 -55 0 55 0 0 55 55
24200 0 -55 55 0 0 0 0 55 0 0 55 0 55 0 -55 0 0 -55 -55
24200 0 -55 55 0 0 0 0 55 0 0 55 0 55 0 -55 0 0 55 55
24200 0 55 -55 0 0 0 0 55 0 0 55 0 55 0 -55 0 0 -55 -55
24200 0 55 -55 0 0 0 0 55 0 0 55 0 55 0 -55 0 0 55 55
24200 0 55 55 0 0 0 0 -55 0 0 55 0 55 0 -55 0 0 -55 -55
24200 0 55 55 0 0 0 0 -55 0 0 55 0 55 0 -55 0 0 55 55
24200 0 -55 -55 0 0 0 0 -55 0 0 55 0 55 0 -55 0 0 -55 -55
24200 0 -55 -55 0 0 0 0 -55 0 0 55 0 55 0 -55 0 0 55 55
24200 0 55 55 0 0 0 0 55 0 0 -55 0 55 0 -55 0 0 -55 -55
24200 0 55 55 0 0 0 0 55 0 0 -55 0 55 0 -55 0 0 55 55
24200 0 -55 -55 0 0 0 0 55 0 0 -55 0 55 0 -55 0 0 -55 -55
24200 0 -55 -55 0 0 0 0 55 0 0 -55 0 55 0 -55 0 0 55 55
24200 0 -55 55 0 0 0 0 -55 0 0 -55 0 55 0 -55 0 0 -55 -55
24200 0 -55 55 0 0 0 0 -55 0 0 -55 0 55 0 -55 0 0 55 55
24200 0 55 -55 0 0 0 0 -55 0 0 -55 0 55 0 -55 0 0 -55 -55
24200 0 55 -55 0 0 0 0 -55 0 0 -55 0 55 0 -55 0 0 55 55
24200 0 55 55 0 0 0 0 55 0 0 55 0 -55 0 -55 0 0 -55 -55
24200 0 55 55 0 0 0 0 55 0 0 55 0 -55 0 -55 0 0 55 55
24200 0 -55 -55 0 0 0 0 55 0 0 55 0 -55 0 -55 0 0 -55 -55
24200 0 -55 -55 0 0 0 0 55 0 0 55 0 -55 0 -55 0 0 55 55
24200 0 -55 55 0 0 0 0 -55 0 0 55 0 -55 0 -55 0 0 -55 -55
24200 0 -55 55 0 0 0 0 -55 0 0 55 0 -55 0 -55 0 0 55 55
24200 0 55 -55 0 0 0 0 -55 0 0 55 0 -55 0 -55 0 0 -55 -55
24200 0 55 -55 0 0 0 0 -55 0 0 55 0 -55 0 -55 0 0 55 55
24200 0 -55 55 0 0 0 0 55 0 0 -55 0 -55 0 -55 0 0 -55 -55
24200 0 -55 55 0 0 0 0 55 0 0 -55 0 -55 0 -55 0 0 55 55
24200 0 55 -55 0 0 0 0 55 0 0 -55 0 -55 0 -55 0 0 -55 -55
24200 0 55 -55 0 0 0 0 55 0 0 -55 0 -55 0 -55 0 0 55 55
24200 0 55 55 0 0 0 0 -55 0 0 -55 0 -55 0 -55 0 0 -55 -55
24200 0 55 55 0 0 0 0 -55 0 0 -55 0 -55 0 -55 0 0 55 55
24200 0 -55 -55 0 0 0 0 -55 0 0 -55 0 -55 0 -55 0 0 -55 -55
24200 0 -55 -55 0 0 0 0 -55 0 0 -55 0 -55 0 -55 0 0 55 55
24200 -55 0 0 0 55 0 55 55 55 0 55 0 55 0 55 0 0 0 0
24200 55 0 0 0 -55 0 55 55 55 0 55 0 55 0 55 0 0 0 0
24200 55 0 0 0 55 0 -55 55 55 0 55 0 55 0 55 0 0 0 0
24200 -55 0 0 0 -55 0 -55 55 55 0 55 0 55 0 55 0 0 0 0
24200 55 0 0 0 55 0 55 -55 55 0 55 0 55 0 55 0 0 0 0
24200 -55 0 0 0 -55 0 55 -55 55 0 55 0 55 0 55 0 0 0 0
24200 -55 0 0 0 55 0 -55 -55 55 0 55 0 55 0 55 0 0 0 0
24200 55 0 0 0 -55 0 -55 -55 55 0 55 0 55 0 55 0 0 0 0
24200 55 0 0 0 55 0 55 55 -55 0 55 0 55 0 55 0 0 0 0
24200 -55 0 0 0 -55 0 55 55 -55 0 55 0 55 0 55 0 0 0 0
24200 -55 0 0 0 55 0 -55 55 -55 0 55 0 55 0 55 0 0 0 0
24200 55 0 0 0 -55 0 -55 55 -55 0 55 0 55 0 55 0 0 0 0
24200 -55 0 0 0 55 0 55 -55 -55 0 55 0 55 0 55 0 0 0 0
24200 55 0 0 0 -55 0 55 -55 -55 0 55 0 55 0 55 0 0 0 0
24200 55 0 0 0 55 0 -55 -55 -55 0 55 0 55 0 55 0 0 0 0
24200 -55 0 0 0 -55 0 -55 -55 -55 0 55 0 55 0 55 0 0 0 0
24200 55 0 0 0 55 0 55 55 55 0 -55 0 55 0 55 0 0 0 0
24200 -55 0 0 0 -55 0 55 55 55 0 -55 0 55 0 55 0 0 0 0
24200 -55 0 0 0 55 0 -55 55 55 0 -55 0 55 0 55 0 0 0 0
24200 55 0 0 0 -55 0 -55 55 55 0 -55 0 55 0 55 0 0 0 0
24200 -55 0 0 0 55 0 55 -55 55 0 -55 0 55 0 55 0 0 0 0
24200 55 0 0 0 -55 0 55 -55 55 0 -55 0 55 0 55 0 0 0 0
24200 55 0 0 0 55 0 -55 -55 55 0 -55 0 55 0 55 0 0 0 0
24200 -55 0 0 0 -55 0 -55 -55 55 0 -55 0 55 0 55 0 0 0 0
24200 -55 0 0 0 55 0 55 55 -55 0 -55 0 55 0 55 0 0 0 0
24200 55 0 0 0 -55 0 55 55 -55 0 -55 0 55 0 55 0 0 0 0
24200 55 0 0 0 55 0 -55 55 -55 0 -55 0 55 0 55 0 0 0 0
24200 -55 0 0 0 -55 0 -55 55 -55 0 -55 0 55 0 55 0 0 0 0
24200 55 0 0 0 55 0 55 -55 -55 0 -55 0 55 0 55 0 0 0 0
24200 -55 0 0 0 -55 0 55 -55 -55 0 -55 0 55 0 55 0 0 0 0
24200 -55 0 0 0 55 0 -55 -55 -55 0 -55 0 55 0 55 0 0 0 0
24200 55 0 0 0 -55 0 -55 -55 -55 0 -55 0 55 0 55 0 0 0 0
24200 55 0 0 0 55 0 55 55 55 0 55 0 -55 0 55 0 0 0 0
24200 -55 0 0 0 -55 0 55 55 55 0 55 0 -55 0 55 0 0 0 0
24200 -55 0 0 0 55 0 -55 55 55 0 55 0 -55 0 55 0 0 0 0
24200 55 0 0 0 -55 0 -55 55 55 0 55 0 -55 0 55 0 0 0 0
24200 -55 0 0 0 55 0 55 -55 55 0 55 0 -55 0 55 0 0 0 0
24200 55 0 0 0 -55 0 55 -55 55 0 55 0 -55 0 55 0 0 0 0
24200 55 0 0 0 55 0 -55 -55 55 0 55 0 -55 0 55 0 0 0 0
24200 -55 0 0 0 -55 0 -55 -55 55 0 55 0 -55 0 55 0 0 0 0
24200 -55 0 0 0 55 0 55 55 -55 0 55 0 -55 0 55 0 0 0 0
24200 55 0 0 0 -55 0 55 55 -55 0 55 0 -55 0 55 0 0 0 0
24200 55 0 0 0 55 0 -55 55 -55 0 55 0 -55 0 55 0 0 0 0
24200 -55 0 0 0 -55 0 -55 55 -55 0 55 0 -55 0 55 0 0 0 0
24200 55 0 0 0 55 0 55 -55 -55 0 55 0 -55 0 55 0 0 0 0
24200 -55 0 0 0 -55 0 55 -55 -55 0 55 0 -55 0 55 0 0 0 0
24200 -55 0 0 0 55 0 -55 -55 -55 0 55 0 -55 0 55 0 0 0 0
24200 55 0 0 0 -55 0 -55 -55 -55 0 55 0 -55 0 55 0 0 0 0
24200 -55 0 0 0 55 0 55 55 55 0 -55 0 -55 0 55 0 0 0 0
24200 55 0 0 0 -55 0 55 55 55 0 -55 0 -55 0 55 0 0 0 0
24200 55 0 0 0 55 0 -55 55 55 0 -55 0 -55 0 55 0 0 0 0
24200 -55 0 0 0 -55 0 -55 55 55 0 -55 0 -55 0 55 0 0 0 0
24200 55 0 0 0 55 0 55 -55 55 0 -55 0 -55 0 55 0 0 0 0
24200 -55 0 0 0 -55 0 55 -55 55 0 -55 0 -55 0 55 0 0 0 0
24200 -55 0 0 0 55 0 -55 -55 55 0 -55 0 -55 0 55 0 0 0 0
24200 55 0 0 0 -55 0 -55 -55 55 0 -55 0 -55 0 55 0 0 0 0
24200 55 0 0 0 55 0 55 55 -55 0 -55 0 -55 0 55 0 0 0 0
24200 -55 0 0 0 -55 0 55 55 -55 0 -55 0 -55 0 55 0 0 0 0
24200 -55 0 0 0 55 0 -55 55 -55 0 -55 0 -55 0 55 0 0 0 0
24200 55 0 0 0 -55 0 -55 55 -55 0 -55 0 -55 0 55 0 0 0 0
24200 -55 0 0 0 55 0 55 -55 -55 0 -55 0 -55 0 55 0 0 0 0
24200 55 0 0 0 -55 0 55 -55 -55 0 -55 0 -55 0 55 0 0 0 0
24200 55 0 0 0 55 0 -55 -55 -55 0 -55 0 -55 0 55 0 0 0 0
24200 -55 0 0 0 -55 0 -55 -55 -55 0 -55 0 -55 0 55 0 0 0 0
24200 55 0 0 0 55 0 55 55 55 0 55 0 55 0 -55 0 0 0 0
24200 -55 0 0 0 -55 0 55 55 55 0 55 0 55 0 -55 0 0 0 0
24200 -55 0 0 0 55 0 -55 55 55 0 55 0 55 0 -55 0 0 0 0
24200 55 0 0 0 -55 0 -55 55 55 0 55 0 55 0 -55 0 0 0 0
24200 -55 0 0 0 55 0 55 -55 55 0 55 0 55 0 -55 0 0 0 0
24200 55 0 0 0 -55 0 55 -55 55 0 55 0 55 0 -55 0 0 0 0
24200 55 0 0 0 55 0 -55 -55 55 0 55 0 55 0 -55 0 0 0 0
24200 -55 0 0 0 -55 0 -55 -55 55 0 55 0 55 0 -55 0 0 0 0
24200 -55 0 0 0 55 0 55 55 -55 0 55 0 55 0 -55 0 0 0 0
24200 55 0 0 0 -55 0 55 55 -55 0 55 0 55 0 -55 0 0 0 0
24200 55 0 0 0 55 0 -55 55 -55 0 55 0 55 0 -55 0 0 0 0
24200 -55 0 0 0 -55 0 -55 55 -55 0 55 0 55 0 -55 0 0 0 0
24200 55 0 0 0 55 0 55 -55 -55 0 55 0 55 0 -55 0 0 0 0
24200 -55 0 0 0 -55 0 55 -55 -55 0 55 0 55 0 -55 0 0 0 0
24200 -55 0 0 0 55 0 -55 -55 -55 0 55 0 55 0 -55 0 0 0 0
24200 55 0 0 0 -55 0 -55 -55 -55 0 55 0 55 0 -55 0 0 0 0
24200 -55 0 0 0 55 0 55 55 55 0 -55 0 55 0 -55 0 0 0 0
24200 55 0 0 0 -55 0 55 55 55 0 -55 0 55 0 -55 0 0 0 0
24200 55 0 0 0 55 0 -55 55 55 0 -55 0 55 0 -55 0 0 0 0
24200 -55 0 0 0 -55 0 -55 55 55 0 -55 0 55 0 -55 0 0 0 0
24200 55 0 0 0 55 0 55 -55 55 0 -55 0 55 0 -55 0 0 0 0
24200 -55 0 0 0 -55 0 55 -55 55 0 -55 0 55 0 -55 0 0 0 0
24200 -55 0 0 0 55 0 -55 -55 55 0 -55 0 55 0 -55 0 0 0 0
24200 55 0 0 0 -55 0 -55 -55 55 0 -55 0 55 0 -55 0 0 0 0
24200 55 0 0 0 55 0 55 55 -55 0 -55 0 55 0 -55 0 0 0 0
24200 -55 0 0 0 -55 0 55 55 -55 0 -55 0 55 0 -55 0 0 0 0
24200 -55 0 0 0 55 0 -55 55 -55 0 -55 0 55 0 -55 0 0 0 0
24200 55 0 0 0 -55 0 -55 55 -55 0 -55 0 55 0 -55 0 0 0 0
24200 -55 0 0 0 55 0 55 -55 -55 0 -55 0 55 0 -55 0 0 0 0
24200 55 0 0 0 -55 0 55 -55 -55 0 -55 0 55 0 -55 0 0 0 0
24200 55 0 0 0 55 0 -55 -55 -55 0 -55 0 55 0 -55 0 0 0 0
24200 -55 0 0 0 -55 0 -55 -55 -55 0 -55 0 55 0 -55 0 0 0 0
24200 -55 0 0 0 55 0 55 55 55 0 55 0 -55 0 -55 0 0 0 0
24200 55 0 0 0 -55 0 55 55 55 0 55 0 -55 0 -55 0 0 0 0
24200 55 0 0 0 55 0 -55 55 55 0 55 0 -55 0 -55 0 0 0 0
24200 -55 0 0 0 -55 0 -55 55 55 0 55 0 -55 0 -55 0 0 0 0
24200 55 0 0 0 55 0 55 -55 55 0 55 0 -55 0 -55 0 0 0 0
24200 -55 0 0 0 -55 0 55 -55 55 0 55 0 -55 0 -55 0 0 0 0
24200 -55 0 0 0 55 0 -55 -55 55 0 55 0 -55 0 -55 0 0 0 0
24200 55 0 0 0 -55 0 -55 -55 55 0 55 0 -55 0 -55 0 0 0 0
24200 55 0 0 0 55 0 55 55 -55 0 55 0 -55 0 -55 0 0 0 0
24200 -55 0 0 0 -55 0 55 55 -55 0 55 0 -55 0 -55 0 0 0 0
24200 -55 0 0 0 55 0 -55 55 -55 0 55 0 -55 0 -55 0 0 0 0
24200 55 0 0 0 -55 0 -55 55 -55 0 55 0 -55 0 -55 0 0 0 0
24200 -55 0 0 0 55 0 55 -55 -55 0 55 0 -55 0 -55 0 0 0 0
24200 55 0 0 0 -55 0 55 -55 -55 0 55 0 -55 0 -55 0 0 0 0
24200 55 0 0 0 55 0 -55 -55 -55 0 55 0 -55 0 -55 0 0 0 0
24200 -55 0 0 0 -55 0 -55 -55 -55 0 55 0 -55 0 -55 0 0 0 0
24200 55 0 0 0 55 0 55 55 55 0 -55 0 -55 0 -55 0 0 0 0
24200 -55 0 0 0 -55 0 55 55 55 0 -55 0 -55 0 -55 0 0 0 0
24200 -55 0 0 0 55 0 -55 55 55 0 -55 0 -55 0 -55 0 0 0 0
24200 55 0 0 0 -55 0 -55 55 55 0 -55 0 -55 0 -55 0 0 0 0
24200 -55 0 0 0 55 0 55 -55 55 0 -55 0 -55 0 -55 0 0 0 0
24200 55 0 0 0 -55 0 55 -55 55 0 -55 0 -55 0 -55 0 0 0 0
24200 55 0 0 0 55 0 -55 -55 55 0 -55 0 -55 0 -55 0 0 0 0
24200 -55 0 0 0 -55 0 -55 -55 55 0 -55 0 -55 0 -55 0 0 0 0
24200 -55 0 0 0 55 0 55 55 -55 0 -55 0 -55 0 -55 0 0 0 0
24200 55 0 0 0 -55 0 55 55 -55 0 -55 0 -55 0 -55 0 0 0 0
24200 55 0 0 0 55 0 -55 55 -55 0 -55 0 -55 0 -55 0 0 0 0
24200 -55 0 0 0 -55 0 -55 55 -55 0 -55 0 -55 0 -55 0 0 0 0
24200 55 0 0 0 55 0 55 -55 -55 0 -55 0 -55 0 -55 0 0 0 0
24200 -55 0 0 0 -55 0 55 -55 -55 0 -55 0 -55 0 -55 0 0 0 0
24200 -55 0 0 0 55 0 -55 -55 -55 0 -55 0 -55 0 -55 0 0 0 0
24200 55 0 0 0 -55 0 -55 -55 -55 0 -55 0 -55 0 -55 0 0 0 0
24200 55 0 0 55 0 0 0 0 0 55 55 0 55 0 55 0 -55 -55 0
24200 -55 0 0 -55 0 0 0 0 0 55 55 0 55 0 55 0 -55 -55 0
24200 55 0 0 55 0 0 0 0 0 55 55 0 55 0 55 0 55 55 0
24200 -55 0 0 -55 0 0 0 0 0 55 55 0 55 0 55 0 55 55 0
24200 -55 0 0 55 0 0 0 0 0 -55 55 0 55 0 55 0 -55 -55 0
24200 55 0 0 -55 0 0 0 0 0 -55 55 0 55 0 55 0 -55 -55 0
24200 -55 0 0 55 0 0 0 0 0 -55 55 0 55 0 55 0 55 55 0
24200 55 0 0 -55 0 0 0 0 0 -55 55 0 55 0 55 0 55 55 0
24200 -55 0 0 55 0 0 0 0 0 55 -55 0 55 0 55 0 -55 -55 0
24200 55 0 0 -55 0 0 0 0 0 55 -55 0 55 0 55 0 -55 -55 0
24200 -55 0 0 55 0 0 0 0 0 55 -55 0 55 0 55 0 55 55 0
24200 55 0 0 -55 0 0 0 0 0 55 -55 0 55 0 55 0 55 55 0
24200 55 0 0 55 0 0 0 0 0 -55 -55 0 55 0 55 0 -55 -55 0
24200 -55 0 0 -55 0 0 0 0 0 -55 -55 0 55 0 55 0 -55 -55 0
24200 55 0 0 55 0 0 0 0 0 -55 -55 0 55 0 55 0 55 55 0
24200 -55 0 0 -55 0 0 0 0 0 -55 -55 0 55 0 55 0 55 55 0
24200 -55 0 0 55 0 0 0 0 0 55 55 0 -55 0 55 0 -55 -55 0
24200 55 0 0 -55 0 0 0 0 0 55 55 0 -55 0 55 0 -55 -55 0
24200 -55 0 0 55 0 0 0 0 0 55 55 0 -55 0 55 0 55 55 0
24200 55 0 0 -55 0 0 0 0 0 55 55 0 -55 0 55 0 55 55 0
24200 55 0 0 55 0 0 0 0 0 -55 55 0 -55 0 55 0 -55 -55 0
24200 -55 0 0 -55 0 0 0 0 0 -55 55 0 -55 0 55 0 -55 -55 0
24200 55 0 0 55 0 0 0 0 0 -55 55 0 -55 0 55 0 55 55 0
24200 -55 0 0 -55 0 0 0 0 0 -55 55 0 -55 0 55 0 55 55 0
24200 55 0 0 55 0 0 0 0 0 55 -55 0 -55 0 55 0 -55 -55 0
24200 -55 0 0 -55 0 0 0 0 0 55 -55 0 -55 0 55 0 -55 -55 0
24200 55 0 0 55 0 0 0 0 0 55 -55 0 -55 0 55 0 55 55 0
24200 -55 0 0 -55 0 0 0 0 0 55 -55 0 -55 0 55 0 55 55 0
24200 -55 0 0 55 0 0 0 0 0 -55 -55 0 -55 0 55 0 -55 -55 0
24200 55 0 0 -55 0 0 0 0 0 -55 -55 0 -55 0 55 0 -55 -55 0
24200 -55 0 0 55 0 0 0 0 0 -55 -55 0 -55 0 55 0 55 55 0
24200 55 0 0 -55 0 0 0 0 0 -55 -55 0 -55 0 55 0 55 55 0
24200 -55 0 0 55 0 0 0 0 0 55 55 0 55 0 -55 0 -55 -55 0
24200 55 0 0 -55 0 0 0 0 0 55 55 0 55 0 -55 0 -55 -55 0
24200 -55 0 0 55 0 0 0 0 0 55 55 0 55 0 -55 0 55 55 0
24200 55 0 0 -55 0 0 0 0 0 55 55 0 55 0 -55 0 55 55 0
24200 55 0 0 55 0 0 0 0 0 -55 55 0 55 0 -55 0 -55 -55 0
24200 -55 0 0 -55 0 0 0 0 0 -55 55 0 55 0 -55 0 -55 -55 0
24200 55 0 0 55 0 0 0 0 0 -55 55 0 55 0 -55 0 55 55 0
24200 -55 0 0 -55 0 0 0 0 0 -55 55 0 55 0 -55 0 55 55 0
24200 55 0 0 55 0 0 0 0 0 55 -55 0 55 0 -55 0 -55 -55 0
24200 -55 0 0 -55 0 0 0 0 0 55 -55 0 55 0 -55 0 -55 -55 0
24200 55 0 0 55 0 0 0 0 0 55 -55 0 55 0 -55 0 55 55 0
24200 -55 0 0 -55 0 0 0 0 0 55 -55 0 55 0 -55 0 55 55 0
24200 -55 0 0 55 0 0 0 0 0 -55 -55 0 55 0 -55 0 -55 -55 0
24200 55 0 0 -55 0 0 0 0 0 -55 -55 0 55 0 -55 0 -55 -55 0
24200 -55 0 0 55 0 0 0 0 0 -55 -55 0 55 0 -55 0 55 55 0
24200 55 0 0 -55 0 0 0 0 0 -55 -55 0 55 0 -55 0 55 55 0
24200 55 0 0 55 0 0 0 0 0 55 55 0 -55 0 -55 0 -55 -55 0
24200 -55 0 0 -55 0 0 0 0 0 55 55 0 -55 0 -55 0 -55 -55 0
24200 55 0 0 55 0 0 0 0 0 55 55 0 -55 0 -55 0 55 55 0
24200 -55 0 0 -55 0 0 0 0 0 55 55 0 -55 0 -55 0 55 55 0
24200 -55 0 0 55 0 0 0 0 0 -55 55 0 -55 0 -55 0 -55 -55 0
24200 55 0 0 -55 0 0 0 0 0 -55 55 0 -55 0 -55 0 -55 -55 0
24200 -55 0 0 55 0 0 0 0 0 -55 55 0 -55 0 -55 0 55 55 0
24200 55 0 0 -55 0 0 0 0 0 -55 55 0 -55 0 -55 0 55 55 0
24200 -55 0 0 55 0 0 0 0 0 55 -55 0 -55 0 -55 0 -55 -55 0
24200 55 0 0 -55 0 0 0 0 0 55 -55 0 -55 0 -55 0 -55 -55 0
24200 -55 0 0 55 0 0 0 0 0 55 -55 0 -55 0 -55 0 55 55 0
24200 55 0 0 -55 0 0 0 0 0 55 -55 0 -55 0 -55 0 55 55 0
24200 55 0 0 55 0 0 0 0 0 -55 -55 0 -55 0 -55 0 -55 -55 0
24200 -55 0 0 -55 0 0 0 0 0 -55 -55 0 -55 0 -55 0 -55 -55 0
24200 55 0 0 55 0 0 0 0 0 -55 -55 0 -55 0 -55 0 55 55 0
24200 -55 0 0 -55 0 0 0 0 0 -55 -55 0 -55 0 -55 0 55 55 0
24200 0 0 55 55 0 55 0 0 0 0 0 55 55 0 55 0 -55 0 55
24200 0 0 -55 -55 0 55 0 0 0 0 0 55 55 0 55 0 -55 0 55
24200 0 0 55 55 0 55 0 0 0 0 0 55 55 0 55 0 55 0 -55
24200 0 0 -55 -55 0 55 0 0 0 0 0 55 55 0 55 0 55 0 -55
24200 0 0 -55 55 0 -55 0 0 0 0 0 55 55 0 55 0 -55 0 55
24200 0 0 55 -55 0 -55 0 0 0 0 0 55 55 0 55 0 -55 0 55
24200 0 0 -55 55 0 -55 0 0 0 0 0 55 55 0 55 0 55 0 -55
24200 0 0 55 -55 0 -55 0 0 0 0 0 55 55 0 55 0 55 0 -55
24200 0 0 -55 55 0 55 0 0 0 0 0 -55 55 0 55 0 -55 0 55
24200 0 0 55 -55 0 55 0 0 0 0 0 -55 55 0 55 0 -55 0 55
24200 0 0 -55 55 0 55 0 0 0 0 0 -55 55 0 55 0 55 0 -55
24200 0 0 55 -55 0 55 0 0 0 0 0 -55 55 0 55 0 55 0 -55
24200 0 0 55 55 0 -55 0 0 0 0 0 -55 55 0 55 0 -55 0 55
24200 0 0 -55 -55 0 -55 0 0 0 0 0 -55 55 0 55 0 -55 0 55
24200 0 0 55 55 0 -55 0 0 0 0 0 -55 55 0 55 0 55 0 -55
24200 0 0 -55 -55 0 -55 0 0 0 0 0 -55 55 0 55 0 55 0 -55
24200 0 0 -55 55 0 55 0 0 0 0 0 55 -55 0 55 0 -55 0 55
24200 0 0 55 -55 0 55 0 0 0 0 0 55 -55 0 55 0 -55 0 55
24200 0 0 -55 55 0 55 0 0 0 0 0 55 -55 0 55 0 55 0 -55
24200 0 0 55 -55 0 55 0 0 0 0 0 55 -55 0 55 0 55 0 -55
24200 0 0 55 55 0 -55 0 0 0 0 0 55 -55 0 55 0 -55 0 55
24200 0 0 -55 -55 0 -55 0 0 0 0 0 55 -55 0 55 0 -55 0 55
24200 0 0 55 55 0 -55 0 0 0 0 0 55 -55 0 55 0 55 0 -55
24200 0 0 -55 -55 0 -55 0 0 0 0 0 55 -55 0 55 0 55 0 -55
24200 0 0 55 55 0 55 0 0 0 0 0 -55 -55 0 55 0 -55 0 55
24200 0 0 -55 -55 0 55 0 0 0 0 0 -55 -55 0 55 0 -55 0 55
24200 0 0 55 55 0 55 0 0 0 0 0 -55 -55 0 55 0 55 0 -55
24200 0 0 -55 -55 0 55 0 0 0 0 0 -55 -55 0 55 0 55 0 -55
24200 0 0 -55 55 0 -55 0 0 0 0 0 -55 -55 0 55 0 -55 0 55
24200 0 0 55 -55 0 -55 0 0 0 0 0 -55 -55 0 55 0 -55 0 55
24200 0 0 -55 55 0 -55 0 0 0 0 0 -55 -55 0 55 0 55 0 -55
24200 0 0 55 -55 0 -55 0 0 0 0 0 -55 -55 0 55 0 55 0 -55
24200 0 0 -55 55 0 55 0 0 0 0 0 55 55 0 -55 0 -55 0 55
24200 0 0 55 -55 0 55 0 0 0 0 0 55 55 0 -55 0 -55 0 55
24200 0 0 -55 55 0 55 0 0 0 0 0 55 55 0 -55 0 55 0 -55
24200 0 0 55 -55 0 55 0 0 0 0 0 55 55 0 -55 0 55 0 -55
24200 0 0 55 55 0 -55 0 0 0 0 0 55 55 0 -55 0 -55 0 55
24200 0 0 -55 -55 0 -55 0 0 0 0 0 55 55 0 -55 0 -55 0 55
24200 0 0 55 55 0 -55 0 0 0 0 0 55 55 0 -55 0 55 0 -55
24200 0 0 -55 -55 0 -55 0 0 0 0 0 55 55 0 -55 0 55 0 -55
24200 0 0 55 55 0 55 0 0 0 0 0 -55 55 0 -55 0 -55 0 55
24200 0 0 -55 -55 0 55 0 0 0 0 0 -55 55 0 -55 0 -55 0 55
24200 0 0 55 55 0 55 0 0 0 0 0 -55 55 0 -55 0 55 0 -55
24200 0 0 -55 -55 0 55 0 0 0 0 0 -55 55 0 -55 0 55 0 -55
24200 0 0 -55 55 0 -55 0 0 0 0 0 -55 55 0 -55 0 -55 0 55
24200 0 0 55 -55 0 -55 0 0 0 0 0 -55 55 0 -55 0 -55 0 55
24200 0 0 -55 55 0 -55 0 0 0 0 0 -55 55 0 -55 0 55 0 -55
24200 0 0 55 -55 0 -55 0 0 0 0 0 -55 55 0 -55 0 55 0 -55
24200 0 0 55 55 0 55 0 0 0 0 0 55 -55 0 -55 0 -55 0 55
24200 0 0 -55 -55 0 55 0 0 0 0 0 55 -55 0 -55 0 -55 0 55
24200 0 0 55 55 0 55 0 0 0 0 0 55 -55 0 -55 0 55 0 -55
24200 0 0 -55 -55 0 55 0 0 0 0 0 55 -55 0 -55 0 55 0 -55
24200 0 0 -55 55 0 -55 0 0 0 0 0 55 -55 0 -55 0 -55 0 55
24200 0 0 55 -55 0 -55 0 0 0 0 0 55 -55 0 -55 0 -55 0 55
24200 0 0 -55 55 0 -55 0 0 0 0 0 55 -55 0 -55 0 55 0 -55
24200 0 0 55 -55 0 -55 0 0 0 0 0 55 -55 0 -55 0 55 0 -55
24200 0 0 -55 55 0 55 0 0 0 0 0 -55 -55 0 -55 0 -55 0 55
24200 0 0 55 -55 0 55 0 0 0 0 0 -55 -55 0 -55 0 -55 0 55
24200 0 0 -55 55 0 55 0 0 0 0 0 -55 -55 0 -55 0 55 0 -55
24200 0 0 55 -55 0 55 0 0 0 0 0 -55 -55 0 -55 0 55 0 -55
24200 0 0 55 55 0 -55 0 0 0 0 0 -55 -55 0 -55 0 -55 0 55
24200 0 0 -55 -55 0 -55 0 0 0 0 0 -55 -55 0 -55 0 -55 0 55
24200 0 0 55 55 0 -55 0 0 0 0 0 -55 -55 0 -55 0 55 0 -55
24200 0 0 -55 -55 0 -55 0 0 0 0 0 -55 -55 0 -55 0 55 0 -55
24200 -55 55 0 0 0 55 0 55 0 55 0 55 55 0 55 0 0 0 0
24200 55 -55 0 0 0 55 0 55 0 55 0 55 55 0 55 0 0 0 0
24200 55 55 0 0 0 -55 0 55 0 55 0 55 55 0 55 0 0 0 0
24200 -55 -55 0 0 0 -55 0 55 0 55 0 55 55 0 55 0 0 0 0
24200 55 55 0 0 0 55 0 -55 0 55 0 55 55 0 55 0 0 0 0
24200 -55 -55 0 0 0 55 0 -55 0 55 0 55 55 0 55 0 0 0 0
24200 -55 55 0 0 0 -55 0 -55 0 55 0 55 55 0 55 0 0 0 0
24200 55 -55 0 0 0 -55 0 -55 0 55 0 55 55 0 55 0 0 0 0
24200 55 55 0 0 0 55 0 55 0 -55 0 55 55 0 55 0 0 0 0
24200 -55 -55 0 0 0 55 0 55 0 -55 0 55 55 0 55 0 0 0 0
24200 -55 55 0 0 0 -55 0 55 0 -55 0 55 55 0 55 0 0 0 0
24200 55 -55 0 0 0 -55 0 55 0 -55 0 55 55 0 55 0 0 0 0
24200 -55 55 0 0 0 55 0 -55 0 -55 0 55 55 0 55 0 0 0 0
24200 55 -55 0 0 0 55 0 -55 0 -55 0 55 55 0 55 0 0 0 0
24200 55 55 0 0 0 -55 0 -55 0 -55 0 55 55 0 55 0 0 0 0
24200 -55 -55 0 0 0 -55 0 -55 0 -55 0 55 55 0 55 0 0 0 0
24200 55 55 0 0 0 55 0 55 0 55 0 -55 55 0 55 0 0 0 0
24200 -55 -55 0 0 0 55 0 55 0 55 0 -55 55 0 55 0 0 0 0
24200 -55 55 0 0 0 -55 0 55 0 55 0 -55 55 0 55 0 0 0 0
24200 55 -55 0 0 0 -55 0 55 0 55 0 -55 55 0 55 0 0 0 0
24200 -55 55 0 0 0 55 0 -55 0 55 0 -55 55 0 55 0 0 0 0
24200 55 -55 0 0 0 55 0 -55 0 55 0 -55 55 0 55 0 0 0 0
24200 55 55 0 0 0 -55 0 -55 0 55 0 -55 55 0 55 0 0 0 0
24200 -55 -55 0 0 0 -55 0 -55 0 55 0 -55 55 0 55 0 0 0 0
24200 -55 55 0 0 0 55 0 55 0 -55 0 -55 55 0 55 0 0 0 0
24200 55 -55 0 0 0 55 0 55 0 -55 0 -55 55 0 55 0 0 0 0
24200 55 55 0 0 0 -55 0 55 0 -55 0 -55 55 0 55 0 0 0 0
24200 -55 -55 0 0 0 -55 0 55 0 -55 0 -55 55 0 55 0 0 0 0
24200 55 55 0 0 0 55 0 -55 0 -55 0 -55 55 0 55 0 0 0 0
24200 -55 -55 0 0 0 55 0 -55 0 -55 0 -55 55 0 55 0 0 0 0
24200 -55 55 0 0 0 -55 0 -55 0 -55 0 -55 55 0 55 0 0 0 0
24200 55 -55 0 0 0 -55 0 -55 0 -55 0 -55 55 0 55 0 0 0 0
24200 55 55 0 0 0 55 0 55 0 55 0 55 -55 0 55 0 0 0 0
24200 -55 -55 0 0 0 55 0 55 0 55 0 55 -55 0 55 0 0 0 0
24200 -55 55 0 0 0 -55 0 55 0 55 0 55 -55 0 55 0 0 0 0
24200 55 -55 0 0 0 -55 0 55 0 55 0 55 -55 0 55 0 0 0 0
24200 -55 55 0 0 0 55 0 -55 0 55 0 55 -55 0 55 0 0 0 0
24200 55 -55 0 0 0 55 0 -55 0 55 0 55 -55 0 55 0 0 0 0
24200 55 55 0 0 0 -55 0 -55 0 55 0 55 -55 0 55 0 0 0 0
24200 -55 -55 0 0 0 -55 0 -55 0 55 0 55 -55 0 55 0 0 0 0
24200 -55 55 0 0 0 55 0 55 0 -55 0 55 -55 0 55 0 0 0 0
24200 55 -55 0 0 0 55 0 55 0 -55 0 55 -55 0 55 0 0 0 0
24200 55 55 0 0 0 -55 0 55 0 -55 0 55 -55 0 55 0 0 0 0
24200 -55 -55 0 0 0 -55 0 55 0 -55 0 55 -55 0 55 0 0 0 0
24200 55 55 0 0 0 55 0 -55 0 -55 0 55 -55 0 55 0 0 0 0
24200 -55 -55 0 0 0 55 0 -55 0 -55 0 55 -55 0 55 0 0 0 0
24200 -55 55 0 0 0 -55 0 -55 0 -55 0 55 -55 0 55 0 0 0 0
24200 55 -55 0 0 0 -55 0 -55 0 -55 0 55 -55 0 55 0 0 0 0
24200 -55 55 0 0 0 55 0 55 0 55 0 -55 -55 0 55 0 0 0 0
24200 55 -55 0 0 0 55 0 55 0 55 0 -55 -55 0 55 0 0 0 0
24200 55 55 0 0 0 -55 0 55 0 55 0 -55 -55 0 55 0 0 0 0
24200 -55 -55 0 0 0 -55 0 55 0 55 0 -55 -55 0 55 0 0 0 0
24200 55 55 0 0 0 55 0 -55 0 55 0 -55 -55 0 55 0 0 0 0
24200 -55 -55 0 0 0 55 0 -55 0 55 0 -55 -55 0 55 0 0 0 0
24200 -55 55 0 0 0 -55 0 -55 0 55 0 -55 -55 0 55 0 0 0 0
24200 55 -55 0 0 0 -55 0 -55 0 55 0 -55 -55 0 55 0 0 0 0
24200 55 55 0 0 0 55 0 55 0 -55 0 -55 -55 0 55 0 0 0 0
24200 -55 -55 0 0 0 55 0 55 0 -55 0 -55 -55 0 55 0 0 0 0
24200 -55 55 0 0 0 -55 0 55 0 -55 0 -55 -55 0 55 0 0 0 0
24200 55 -55 0 0 0 -55 0 55 0 -55 0 -55 -55 0 55 0 0 0 0
24200 -55 55 0 0 0 55 0 -55 0 -55 0 -55 -55 0 55 0 0 0 0
24200 55 -55 0 0 0 55 0 -55 0 -55 0 -55 -55 0 55 0 0 0 0
24200 55 55 0 0 0 -55 0 -55 0 -55 0 -55 -55 0 55 0 0 0 0
24200 -55 -55 0 0 0 -55 0 -55 0 -55 0 -55 -55 0 55 0 0 0 0
24200 55 55 0 0 0 55 0 55 0 55 0 55 55 0 -55 0 0 0 0
24200 -55 -55 0 0 0 55 0 55 0 55 0 55 55 0 -55 0 0 0 0
24200 -55 55 0 0 0 -55 0 55 0 55 0 55 55 0 -55 0 0 0 0
24200 55 -55 0 0 0 -55 0 55 0 55 0 55 55 0 -55 0 0 0 0
24200 -55 55 0 0 0 55 0 -55 0 55 0 55 55 0 -55 0 0 0 0
24200 55 -55 0 0 0 55 0 -55 0 55 0 55 55 0 -55 0 0 0 0
24200 55 55 0 0 0 -55 0 -55 0 55 0 55 55 0 -55 0 0 0 0
24200 -55 -55 0 0 0 -55 0 -55 0 55 0 55 55 0 -55 0 0 0 0
24200 -55 55 0 0 0 55 0 55 0 -55 0 55 55 0 -55 0 0 0 0
24200 55 -55 0 0 0 55 0 55 0 -55 0 55 55 0 -55 0 0 0 0
24200 55 55 0 0 0 -55 0 55 0 -55 0 55 55 0 -55 0 0 0 0
24200 -55 -55 0 0 0 -55 0 55 0 -55 0 55 55 0 -55 0 0 0 0
24200 55 55 0 0 0 55 0 -55 0 -55 0 55 55 0 -55 0 0 0 0
24200 -55 -55 0 0 0 55 0 -55 0 -55 0 55 55 0 -55 0 0 0 0
24200 -55 55 0 0 0 -55 0 -55 0 -55 0 55 55 0 -55 0 0 0 0
24200 55 -55 0 0 0 -55 0 -55 0 -55 0 55 55 0 -55 0 0 0 0
24200 -55 55 0 0 0 55 0 55 0 55 0 -55 55 0 -55 0 0 0 0
24200 55 -55 0 0 0 55 0 55 0 55 0 -55 55 0 -55 0 0 0 0
24200 55 55 0 0 0 -55 0 55 0 55 0 -55 55 0 -55 0 0 0 0
24200 -55 -55 0 0 0 -55 0 55 0 55 0 -55 55 0 -55 0 0 0 0
24200 55 55 0 0 0 55 0 -55 0 55 0 -55 55 0 -55 0 0 0 0
24200 -55 -55 0 0 0 55 0 -55 0 55 0 -55 55 0 -55 0 0 0 0
24200 -55 55 0 0 0 -55 0 -55 0 55 0 -55 55 0 -55 0 0 0 0
24200 55 -55 0 0 0 -55 0 -55 0 55 0 -55 55 0 -55 0 0 0 0
24200 55 55 0 0 0 55 0 55 0 -55 0 -55 55 0 -55 0 0 0 0
24200 -55 -55 0 0 0 55 0 55 0 -55 0 -55 55 0 -55 0 0 0 0
24200 -55 55 0 0 0 -55 0 55 0 -55 0 -55 55 0 -55 0 0 0 0
24200 55 -55 0 0 0 -55 0 55 0 -55 0 -55 55 0 -55 0 0 0 0
24200 -55 55 0 0 0 55 0 -55 0 -55 0 -55 55 0 -55 0 0 0 0
24200 55 -55 0 0 0 55 0 -55 0 -55 0 -55 55 0 -55 0 0 0 0
24200 55 55 0 0 0 -55 0 -55 0 -55 0 -55 55 0 -55 0 0 0 0
24200 -55 -55 0 0 0 -55 0 -55 0 -55 0 -55 55 0 -55 0 0 0 0
24200 -55 55 0 0 0 55 0 55 0 55 0 55 -55 0 -55 0 0 0 0
24200 55 -55 0 0 0 55 0 55 0 55 0 55 -55 0 -55 0 0 0 0
24200 55 55 0 0 0 -55 0 55 0 55 0 55 -55 0 -55 0 0 0 0
24200 -55 -55 0 0 0 -55 0 55 0 55 0 55 -55 0 -55 0 0 0 0
24200 55 55 0 0 0 55 0 -55 0 55 0 55 -55 0 -55 0 0 0 0
24200 -55 -55 0 0 0 55 0 -55 0 55 0 55 -55 0 -55 0 0 0 0
24200 -55 55 0 0 0 -55 0 -55 0 55 0 55 -55 0 -55 0 0 0 0
24200 55 -55 0 0 0 -55 0 -55 0 55 0 55 -55 0 -55 0 0 0 0
24200 55 55 0 0 0 55 0 55 0 -55 0 55 -55 0 -55 0 0 0 0
24200 -55 -55 0 0 0 55 0 55 0 -55 0 55 -55 0 -55 0 0 0 0
24200 -55 55 0 0 0 -55 0 55 0 -55 0 55 -55 0 -55 0 0 0 0
24200 55 -55 0 0 0 -55 0 55 0 -55 0 55 -55 0 -55 0 0 0 0
24200 -55 55 0 0 0 55 0 -55 0 -55 0 55 -55 0 -55 0 0 0 0
24200 55 -55 0 0 0 55 0 -55 0 -55 0 55 -55 0 -55 0 0 0 0
24200 55 55 0 0 0 -55 0 -55 0 -55 0 55 -55 0 -55 0 0 0 0
24200 -55 -55 0 0 0 -55 0 -55 0 -55 0 55 -55 0 -55 0 0 0 0
24200 55 55 0 0 0 55 0 55 0 55 0 -55 -55 0 -55 0 0 0 0
24200 -55 -55 0 0 0 55 0 55 0 55 0 -55 -55 0 -55 0 0 0 0
24200 -55 55 0 0 0 -55 0 55 0 55 0 -55 -55 0 -55 0 0 0 0
24200 55 -55 0 0 0 -55 0 55 0 55 0 -55 -55 0 -55 0 0 0 0
24200 -55 55 0 0 0 55 0 -55 0 55 0 -55 -55 0 -55 0 0 0 0
24200 55 -55 0 0 0 55 0 -55 0 55 0 -55 -55 0 -55 0 0 0 0
24200 55 55 0 0 0 -55 0 -55 0 55 0 -55 -55 0 -55 0 0 0 0
24200 -55 -55 0 0 0 -55 0 -55 0 55 0 -55 -55 0 -55 0 0 0 0
24200 -55 55 0 0 0 55 0 55 0 -55 0 -55 -55 0 -55 0 0 0 0
24200 55 -55 0 0 0 55 0 55 0 -55 0 -55 -55 0 -55 0 0 0 0
24200 55 55 0 0 0 -55 0 55 0 -55 0 -55 -55 0 -55 0 0 0 0
24200 -55 -55 0 0 0 -55 0 55 0 -55 0 -55 -55 0 -55 0 0 0 0
24200 55 55 0 0 0 55 0 -55 0 -55 0 -55 -55 0 -55 0 0 0 0
24200 -55 -55 0 0 0 55 0 -55 0 -55 0 -55 -55 0 -55 0 0 0 0
24200 -55 55 0 0 0 -55 0 -55 0 -55 0 -55 -55 0 -55 0 0 0 0
24200 55 -55 0 0 0 -55 0 -55 0 -55 0 -55 -55 0 -55 0 0 0 0
24200 0 55 0 0 0 0 0 0 55 0 55 55 55 0 55 0 0 -55 55
24200 0 55 0 0 0 0 0 0 55 0 55 55 55 0 55 0 0 55 -55
24200 0 -55 0 0 0 0 0 0 -55 0 55 55 55 0 55 0 0 -55 55
24200 0 -55 0 0 0 0 0 0 -55 0 55 55 55 0 55 0 0 55 -55
24200 0 -55 0 0 0 0 0 0 55 0 -55 55 55 0 55 0 0 -55 55
24200 0 -55 0 0 0 0 0 0 55 0 -55 55 55 0 55 0 0 55 -55
24200 0 55 0 0 0 0 0 0 -55 0 -55 55 55 0 55 0 0 -55 55
24200 0 55 0 0 0 0 0 0 -55 0 -55 55 55 0 55 0 0 55 -55
24200 0 -55 0 0 0 0 0 0 55 0 55 -55 55 0 55 0 0 -55 55
24200 0 -55 0 0 0 0 0 0 55 0 55 -55 55 0 55 0 0 55 -55
24200 0 55 0 0 0 0 0 0 -55 0 55 -55 55 0 55 0 0 -55 55
24200 0 55 0 0 0 0 0 0 -55 0 55 -55 55 0 55 0 0 55 -55
24200 0 55 0 0 0 0 0 0 55 0 -55 -55 55 0 55 0 0 -55 55
24200 0 55 0 0 0 0 0 0 55 0 -55 -55 55 0 55 0 0 55 -55
24200 0 -55 0 0 0 0 0 0 -55 0 -55 -55 55 0 55 0 0 -55 55
24200 0 -55 0 0 0 0 0 0 -55 0 -55 -55 55 0 55 0 0 55 -55
24200 0 -55 0 0 0 0 0 0 55 0 55 55 -55 0 55 0 0 -55 55
24200 0 -55 0 0 0 0 0 0 55 0 55 55 -55 0 55 0 0 55 -55
24200 0 55 0 0 0 0 0 0 -55 0 55 55 -55 0 55 0 0 -55 55
24200 0 55 0 0 0 0 0 0 -55 0 55 55 -55 0 55 0 0 55 -55
24200 0 55 0 0 0 0 0 0 55 0 -55 55 -55 0 55 0 0 -55 55
24200 0 55 0 0 0 0 0 0 55 0 -55 55 -55 0 55 0 0 55 -55
24200 0 -55 0 0 0 0 0 0 -55 0 -55 55 -55 0 55 0 0 -55 55
24200 0 -55 0 0 0 0 0 0 -55 0 -55 55 -55 0 55 0 0 55 -55
24200 0 55 0 0 0 0 0 0 55 0 55 -55 -55 0 55 0 0 -55 55
24200 0 55 0 0 0 0 0 0 55 0 55 -55 -55 0 55 0 0 55 -55
24200 0 -55 0 0 0 0 0 0 -55 0 55 -55 -55 0 55 0 0 -55 55
24200 0 -55 0 0 0 0 0 0 -55 0 55 -55 -55 0 55 0 0 55 -55
24200 0 -55 0 0 0 0 0 0 55 0 -55 -55 -55 0 55 0 0 -55 55
24200 0 -55 0 0 0 0 0 0 55 0 -55 -55 -55 0 55 0 0 55 -55
24200 0 55 0 0 0 0 0 0 -55 0 -55 -55 -55 0 55 0 0 -55 55
24200 0 55 0 0 0 0 0 0 -55 0 -55 -55 -55 0 55 0 0 55 -55
24200 0 -55 0 0 0 0 0 0 55 0 55 55 55 0 -55 0 0 -55 55
24200 0 -55 0 0 0 0 0 0 55 0 55 55 55 0 -55 0 0 55 -55
24200 0 55 0 0 0 0 0 0 -55 0 55 55 55 0 -55 0 0 -55 55
24200 0 55 0 0 0 0 0 0 -55 0 55 55 55 0 -55 0 0 55 -55
24200 0 55 0 0 0 0 0 0 55 0 -55 55 55 0 -55 0 0 -55 55
24200 0 55 0 0 0 0 0 0 55 0 -55 55 55 0 -55 0 0 55 -55
24200 0 -55 0 0 0 0 0 0 -55 0 -55 55 55 0 -55 0 0 -55 55
24200 0 -55 0 0 0 0 0 0 -55 0 -55 55 55 0 -55 0 0 55 -55
24200 0 55 0 0 0 0 0 0 55 0 55 -55 55 0 -55 0 0 -55 55
24200 0 55 0 0 0 0 0 0 55 0 55 -55 55 0 -55 0 0 55 -55
24200 0 -55 0 0 0 0 0 0 -55 0 55 -55 55 0 -55 0 0 -55 55
24200 0 -55 0 0 0 0 0 0 -55 0 55 -55 55 0 -55 0 0 55 -55
24200 0 -55 0 0 0 0 0 0 55 0 -55 -55 55 0 -55 0 0 -55 55
24200 0 -55 0 0 0 0 0 0 55 0 -55 -55 55 0 -55 0 0 55 -55
24200 0 55 0 0 0 0 0 0 -55 0 -55 -55 55 0 -55 0 0 -55 55
24200 0 55 0 0 0 0 0 0 -55 0 -55 -55 55 0 -55 0 0 55 -55
24200 0 55 0 0 0 0 0 0 55 0 55 55 -55 0 -55 0 0 -55 55
24200 0 55 0 0 0 0 0 0 55 0 55 55 -55 0 -55 0 0 55 -55
24200 0 -55 0 0 0 0 0 0 -55 0 55 55 -55 0 -55 0 0 -55 55
24200 0 -55 0 0 0 0 0 0 -55 0 55 55 -55 0 -55 0 0 55 -55
24200 0 -55 0 0 0 0 0 0 55 0 -55 55 -55 0 -55 0 0 -55 55
24200 0 -55 0 0 0 0 0 0 55 0 -55 55 -55 0 -55 0 0 55 -55
24200 0 55 0 0 0 0 0 0 -55 0 -55 55 -55 0 -55 0 0 -55 55
24200 0 55 0 0 0 0 0 0 -55 0 -55 55 -55 0 -55 0 0 55 -55
24200 0 -55 0 0 0 0 0 0 55 0 55 -55 -55 0 -55 0 0 -55 55
24200 0 -55 0 0 0 0 0 0 55 0 55 -55 -55 0 -55 0 0 55 -55
24200 0 55 0 0 0 0 0 0 -55 0 55 -55 -55 0 -55 0 0 -55 55
24200 0 55 0 0 0 0 0 0 -55 0 55 -55 -55 0 -55 0 0 55 -55
24200 0 55 0 0 0 0 0 0 55 0 -55 -55 -55 0 -55 0 0 -55 55
24200 0 55 0 0 0 0 0 0 55 0 -55 -55 -55 0 -55 0 0 55 -55
24200 0 -55 0 0 0 0 0 0 -55 0 -55 -55 -55 0 -55 0 0 -55 55
24200 0 -55 0 0 0 0 0 0 -55 0 -55 -55 -55 0 -55 0 0 55 -55
24200 0 55 55 0 0 55 0 55 0 0 0 0 0 55 55 0 0 -55 55
24200 0 -55 -55 0 0 55 0 55 0 0 0 0 0 55 55 0 0 -55 55
24200 0 55 55 0 0 55 0 55 0 0 0 0 0 55 55 0 0 55 -55
24200 0 -55 -55 0 0 55 0 55 0 0 0 0 0 55 55 0 0 55 -55
24200 0 -55 55 0 0 -55 0 55 0 0 0 0 0 55 55 0 0 -55 55
24200 0 55 -55 0 0 -55 0 55 0 0 0 0 0 55 55 0 0 -55 55
24200 0 -55 55 0 0 -55 0 55 0 0 0 0 0 55 55 0 0 55 -55
24200 0 55 -55 0 0 -55 0 55 0 0 0 0 0 55 55 0 0 55 -55
24200 0 -55 55 0 0 55 0 -55 0 0 0 0 0 55 55 0 0 -55 55
24200 0 55 -55 0 0 55 0 -55 0 0 0 0 0 55 55 0 0 -55 55
24200 0 -55 55 0 0 55 0 -55 0 0 0 0 0 55 55 0 0 55 -55
24200 0 55 -55 0 0 55 0 -55 0 0 0 0 0 55 55 0 0 55 -55
24200 0 55 55 0 0 -55 0 -55 0 0 0 0 0 55 55 0 0 -55 55
24200 0 -55 -55 0 0 -55 0 -55 0 0 0 0 0 55 55 0 0 -55 55
24200 0 55 55 0 0 -55 0 -55 0 0 0 0 0 55 55 0 0 55 -55
24200 0 -55 -55 0 0 -55 0 -55 0 0 0 0 0 55 55 0 0 55 -55
24200 0 -55 55 0 0 55 0 55 0 0 0 0 0 -55 55 0 0 -55 55
24200 0 55 -55 0 0 55 0 55 0 0 0 0 0 -55 55 0 0 -55 55
24200 0 -55 55 0 0 55 0 55 0 0 0 0 0 -55 55 0 0 55 -55
24200 0 55 -55 0 0 55 0 55 0 0 0 0 0 -55 55 0 0 55 -55
24200 0 55 55 0 0 -55 0 55 0 0 0 0 0 -55 55 0 0 -55 55
24200 0 -55 -55 0 0 -55 0 55 0 0 0 0 0 -55 55 0 0 -55 55
24200 0 55 55 0 0 -55 0 55 0 0 0 0 0 -55 55 0 0 55 -55
24200 0 -55 -55 0 0 -55 0 55 0 0 0 0 0 -55 55 0 0 55 -55
24200 0 55 55 0 0 55 0 -55 0 0 0 0 0 -55 55 0 0 -55 55
24200 0 -55 -55 0 0 55 0 -55 0 0 0 0 0 -55 55 0 0 -55 55
24200 0 55 55 0 0 55 0 -55 0 0 0 0 0 -55 55 0 0 55 -55
24200 0 -55 -55 0 0 55 0 -55 0 0 0 0 0 -55 55 0 0 55 -55
24200 0 -55 55 0 0 -55 0 -55 0 0 0 0 0 -55 55 0 0 -55 55
24200 0 55 -55 0 0 -55 0 -55 0 0 0 0 0 -55 55 0 0 -55 55
24200 0 -55 55 0 0 -55 0 -55 0 0 0 0 0 -55 55 0 0 55 -55
24200 0 55 -55 0 0 -55 0 -55 0 0 0 0 0 -55 55 0 0 55 -55
24200 0 -55 55 0 0 55 0 55 0 0 0 0 0 55 -55 0 0 -55 55
24200 0 55 -55 0 0 55 0 55 0 0 0 0 0 55 -55 0 0 -55 55
24200 0 -55 55 0 0 55 0 55 0 0 0 0 0 55 -55 0 0 55 -55
24200 0 55 -55 0 0 55 0 55 0 0 0 0 0 55 -55 0 0 55 -55
24200 0 55 55 0 0 -55 0 55 0 0 0 0 0 55 -55 0 0 -55 55
24200 0 -55 -55 0 0 -55 0 55 0 0 0 0 0 55 -55 0 0 -55 55
24200 0 55 55 0 0 -55 0 55 0 0 0 0 0 55 -55 0 0 55 -55
24200 0 -55 -55 0 0 -55 0 55 0 0 0 0 0 55 -55 0 0 55 -55
24200 0 55 55 0 0 55 0 -55 0 0 0 0 0 55 -55 0 0 -55 55
24200 0 -55 -55 0 0 55 0 -55 0 0 0 0 0 55 -55 0 0 -55 55
24200 0 55 55 0 0 55 0 -55 0 0 0 0 0 55 -55 0 0 55 -55
24200 0 -55 -55 0 0 55 0 -55 0 0 0 0 0 55 -55 0 0 55 -55
24200 0 -55 55 0 0 -55 0 -55 0 0 0 0 0 55 -55 0 0 -55 55
24200 0 55 -55 0 0 -55 0 -55 0 0 0 0 0 55 -55 0 0 -55 55
24200 0 -55 55 0 0 -55 0 -55 0 0 0 0 0 55 -55 0 0 55 -55
24200 0 55 -55 0 0 -55 0 -55 0 0 0 0 0 55 -55 0 0 55 -55
24200 0 55 55 0 0 55 0 55 0 0 0 0 0 -55 -55 0 0 -55 55
24200 0 -55 -55 0 0 55 0 55 0 0 0 0 0 -55 -55 0 0 -55 55
24200 0 55 55 0 0 55 0 55 0 0 0 0 0 -55 -55 0 0 55 -55
24200 0 -55 -55 0 0 55 0 55 0 0 0 0 0 -55 -55 0 0 55 -55
24200 0 -55 55 0 0 -55 0 55 0 0 0 0 0 -55 -55 0 0 -55 55
24200 0 55 -55 0 0 -55 0 55 0 0 0 0 0 -55 -55 0 0 -55 55
24200 0 -55 55 0 0 -55 0 55 0 0 0 0 0 -55 -55 0 0 55 -55
24200 0 55 -55 0 0 -55 0 55 0 0 0 0 0 -55 -55 0 0 55 -55
24200 0 -55 55 0 0 55 0 -55 0 0 0 0 0 -55 -55 0 0 -55 55
24200 0 55 -55 0 0 55 0 -55 0 0 0 0 0 -55 -55 0 0 -55 55
24200 0 -55 55 0 0 55 0 -55 0 0 0 0 0 -55 -55 0 0 55 -55
24200 0 55 -55 0 0 55 0 -55 0 0 0 0 0 -55 -55 0 0 55 -55
24200 0 55 55 0 0 -55 0 -55 0 0 0 0 0 -55 -55 0 0 -55 55
24200 0 -55 -55 0 0 -55 0 -55 0 0 0 0 0 -55 -55 0 0 -55 55
24200 0 55 55 0 0 -55 0 -55 0 0 0 0 0 -55 -55 0 0 55 -55
24200 0 -55 -55 0 0 -55 0 -55 0 0 0 0 0 -55 -55 0 0 55 -55
24200 55 0 0 55 0 55 0 0 0 55 0 0 0 55 55 0 -55 55 0
24200 -55 0 0 -55 0 55 0 0 0 55 0 0 0 55 55 0 -55 55 0
24200 55 0 0 55 0 55 0 0 0 55 0 0 0 55 55 0 55 -55 0
24200 -55 0 0 -55 0 55 0 0 0 55 0 0 0 55 55 0 55 -55 0
24200 -55 0 0 55 0 -55 0 0 0 55 0 0 0 55 55 0 -55 55 0
24200 55 0 0 -55 0 -55 0 0 0 55 0 0 0 55 55 0 -55 55 0
24200 -55 0 0 55 0 -55 0 0 0 55 0 0 0 55 55 0 55 -55 0
24200 55 0 0 -55 0 -55 0 0 0 55 0 0 0 55 55 0 55 -55 0
24200 -55 0 0 55 0 55 0 0 0 -55 0 0 0 55 55 0 -55 55 0
24200 55 0 0 -55 0 55 0 0 0 -55 0 0 0 55 55 0 -55 55 0
24200 -55 0 0 55 0 55 0 0 0 -55 0 0 0 55 55 0 55 -55 0
24200 55 0 0 -55 0 55 0 0 0 -55 0 0 0 55 55 0 55 -55 0
24200 55 0 0 55 0 -55 0 0 0 -55 0 0 0 55 55 0 -55 55 0
24200 -55 0 0 -55 0 -55 0 0 0 -55 0 0 0 55 55 0 -55 55 0
24200 55 0 0 55 0 -55 0 0 0 -55 0 0 0 55 55 0 55 -55 0
24200 -55 0 0 -55 0 -55 0 0 0 -55 0 0 0 55 55 0 55 -55 0
24200 -55 0 0 55 0 55 0 0 0 55 0 0 0 -55 55 0 -55 55 0
24200 55 0 0 -55 0 55 0 0 0 55 0 0 0 -55 55 0 -55 55 0
24200 -55 0 0 55 0 55 0 0 0 55 0 0 0 -55 55 0 55 -55 0
24200 55 0 0 -55 0 55 0 0 0 55 0 0 0 -55 55 0 55 -55 0
24200 55 0 0 55 0 -55 0 0 0 55 0 0 0 -55 55 0 -55 55 0
24200 -55 0 0 -55 0 -55 0 0 0 55 0 0 0 -55 55 0 -55 55 0
24200 55 0 0 55 0 -55 0 0 0 55 0 0 0 -55 55 0 55 -55 0
24200 -55 0 0 -55 0 -55 0 0 0 55 0 0 0 -55 55 0 55 -55 0
24200 55 0 0 55 0 55 0 0 0 -55 0 0 0 -55 55 0 -55 55 0
24200 -55 0 0 -55 0 55 0 0 0 -55 0 0 0 -55 55 0 -55 55 0
24200 55 0 0 55 0 55 0 0 0 -55 0 0 0 -55 55 0 55 -55 0
24200 -55 0 0 -55 0 55 0 0 0 -55 0 0 0 -55 55 0 55 -55 0
24200 -55 0 0 55 0 -55 0 0 0 -55 0 0 0 -55 55 0 -55 55 0
24200 55 0 0 -55 0 -55 0 0 0 -55 0 0 0 -55 55 0 -55 55 0
24200 -55 0 0 55 0 -55 0 0 0 -55 0 0 0 -55 55 0 55 -55 0
24200 55 0 0 -55 0 -55 0 0 0 -55 0 0 0 -55 55 0 55 -55 0
24200 -55 0 0 55 0 55 0 0 0 55 0 0 0 55 -55 0 -55 55 0
24200 55 0 0 -55 0 55 0 0 0 55 0 0 0 55 -55 0 -55 55 0
24200 -55 0 0 55 0 55 0 0 0 55 0 0 0 55 -55 0 55 -55 0
24200 55 0 0 -55 0 55 0 0 0 55 0 0 0 55 -55 0 55 -55 0
24200 55 0 0 55 0 -55 0 0 0 55 0 0 0 55 -55 0 -55 55 0
24200 -55 0 0 -55 0 -55 0 0 0 55 0 0 0 55 -55 0 -55 55 0
24200 55 0 0 55 0 -55 0 0 0 55 0 0 0 55 -55 0 55 -55 0
24200 -55 0 0 -55 0 -55 0 0 0 55 0 0 0 55 -55 0 55 -55 0
24200 55 0 0 55 0 55 0 0 0 -55 0 0 0 55 -55 0 -55 55 0
24200 -55 0 0 -55 0 55 0 0 0 -55 0 0 0 55 -55 0 -55 55 0
24200 55 0 0 55 0 55 0 0 0 -55 0 0 0 55 -55 0 55 -55 0
24200 -55 0 0 -55 0 55 0 0 0 -55 0 0 0 55 -55 0 55 -55 0
24200 -55 0 0 55 0 -55 0 0 0 -55 0 0 0 55 -55 0 -55 55 0
24200 55 0 0 -55 0 -55 0 0 0 -55 0 0 0 55 -55 0 -55 55 0
24200 -55 0 0 55 0 -55 0 0 0 -55 0 0 0 55 -55 0 55 -55 0
24200 55 0 0 -55 0 -55 0 0 0 -55 0 0 0 55 -55 0 55 -55 0
24200 55 0 0 55 0 55 0 0 0 55 0 0 0 -55 -55 0 -55 55 0
24200 -55 0 0 -55 0 55 0 0 0 55 0 0 0 -55 -55 0 -55 55 0
24200 55 0 0 55 0 55 0 0 0 55 0 0 0 -55 -55 0 55 -55 0
24200 -55 0 0 -55 0 55 0 0 0 55 0 0 0 -55 -55 0 55 -55 0
24200 -55 0 0 55 0 -55 0 0 0 55 0 0 0 -55 -55 0 -55 55 0
24200 55 0 0 -55 0 -55 0 0 0 55 0 0 0 -55 -55 0 -55 55 0
24200 -55 0 0 55 0 -55 0 0 0 55 0 0 0 -55 -55 0 55 -55 0
24200 55 0 0 -55 0 -55 0 0 0 55 0 0 0 -55 -55 0 55 -55 0
24200 -55 0 0 55 0 55 0 0 0 -55 0 0 0 -55 -55 0 -55 55 0
24200 55 0 0 -55 0 55 0 0 0 -55 0 0 0 -55 -55 0 -55 55 0
24200 -55 0 0 55 0 55 0 0 0 -55 0 0 0 -55 -55 0 55 -55 0
24200 55 0 0 -55 0 55 0 0 0 -55 0 0 0 -55 -55 0 55 -55 0
24200 55 0 0 55 0 -55 0 0 0 -55 0 0 0 -55 -55 0 -55 55 0
24200 -55 0 0 -55 0 -55 0 0 0 -55 0 0 0 -55 -55 0 -55 55 0
24200 55 0 0 55 0 -55 0 0 0 -55 0 0 0 -55 -55 0 55 -55 0
24200 -55 0 0 -55 0 -55 0 0 0 -55 0 0 0 -55 -55 0 55 -55 0
24200 0 0 0 55 0 0 0 55 55 0 55 0 0 55 55 0 -55 0 55
24200 0 0 0 55 0 0 0 55 55 0 55 0 0 55 55 0 55 0 -55
24200 0 0 0 -55 0 0 0 -55 55 0 55 0 0 55 55 0 -55 0 55
24200 0 0 0 -55 0 0 0 -55 55 0 55 0 0 55 55 0 55 0 -55
24200 0 0 0 -55 0 0 0 55 -55 0 55 0 0 55 55 0 -55 0 55
24200 0 0 0 -55 0 0 0 55 -55 0 55 0 0 55 55 0 55 0 -55
24200 0 0 0 55 0 0 0 -55 -55 0 55 0 0 55 55 0 -55 0 55
24200 0 0 0 55 0 0 0 -55 -55 0 55 0 0 55 55 0 55 0 -55
24200 0 0 0 -55 0 0 0 55 55 0 -55 0 0 55 55 0 -55 0 55
24200 0 0 0 -55 0 0 0 55 55 0 -55 0 0 55 55 0 55 0 -55
24200 0 0 0 55 0 0 0 -55 55 0 -55 0 0 55 55 0 -55 0 55
24200 0 0 0 55 0 0 0 -55 55 0 -55 0 0 55 55 0 55 0 -55
24200 0 0 0 55 0 0 0 55 -55 0 -55 0 0 55 55 0 -55 0 55
24200 0 0 0 55 0 0 0 55 -55 0 -55 0 0 55 55 0 55 0 -55
24200 0 0 0 -55 0 0 0 -55 -55 0 -55 0 0 55 55 0 -55 0 55
24200 0 0 0 -55 0 0 0 -55 -55 0 -55 0 0 55 55 0 55 0 -55
24200 0 0 0 -55 0 0 0 55 55 0 55 0 0 -55 55 0 -55 0 55
24200 0 0 0 -55 0 0 0 55 55 0 55 0 0 -55 55 0 55 0 -55
24200 0 0 0 55 0 0 0 -55 55 0 55 0 0 -55 55 0 -55 0 55
24200 0 0 0 55 0 0 0 -55 55 0 55 0 0 -55 55 0 55 0 -55
24200 0 0 0 55 0 0 0 55 -55 0 55 0 0 -55 55 0 -55 0 55
24200 0 0 0 55 0 0 0 55 -55 0 55 0 0 -55 55 0 55 0 -55
24200 0 0 0 -55 0 0 0 -55 -55 0 55 0 0 -55 55 0 -55 0 55
24200 0 0 0 -55 0 0 0 -55 -55 0 55 0 0 -55 55 0 55 0 -55
24200 0 0 0 55 0 0 0 55 55 0 -55 0 0 -55 55 0 -55 0 55
24200 0 0 0 55 0 0 0 55 55 0 -55 0 0 -55 55 0 55 0 -55
24200 0 0 0 -55 0 0 0 -55 55 0 -55 0 0 -55 55 0 -55 0 55
24200 0 0 0 -55 0 0 0 -55 55 0 -55 0 0 -55 55 0 55 0 -55
24200 0 0 0 -55 0 0 0 55 -55 0 -55 0 0 -55 55 0 -55 0 55
24200 0 0 0 -55 0 0 0 55 -55 0 -55 0 0 -55 55 0 55 0 -55
24200 0 0 0 55 0 0 0 -55 -55 0 -55 0 0 -55 55 0 -55 0 55
24200 0 0 0 55 0 0 0 -55 -55 0 -55 0 0 -55 55 0 55 0 -55
24200 0 0 0 -55 0 0 0 55 55 0 55 0 0 55 -55 0 -55 0 55
24200 0 0 0 -55 0 0 0 55 55 0 55 0 0 55 -55 0 55 0 -55
24200 0 0 0 55 0 0 0 -55 55 0 55 0 0 55 -55 0 -55 0 55
24200 0 0 0 55 0 0 0 -55 55 0 55 0 0 55 -55 0 55 0 -55
24200 0 0 0 55 0 0 0 55 -55 0 55 0 0 55 -55 0 -55 0 55
24200 0 0 0 55 0 0 0 55 -55 0 55 0 0 55 -55 0 55 0 -55
24200 0 0 0 -55 0 0 0 -55 -55 0 55 0 0 55 -55 0 -55 0 55
24200 0 0 0 -55 0 0 0 -55 -55 0 55 0 0 55 -55 0 55 0 -55
24200 0 0 0 55 0 0 0 55 55 0 -55 0 0 55 -55 0 -55 0 55
24200 0 0 0 55 0 0 0 55 55 0 -55 0 0 55 -55 0 55 0 -55
24200 0 0 0 -55 0 0 0 -55 55 0 -55 0 0 55 -55 0 -55 0 55
24200 0 0 0 -55 0 0 0 -55 55 0 -55 0 0 55 -55 0 55 0 -55
24200 0 0 0 -55 0 0 0 55 -55 0 -55 0 0 55 -55 0 -55 0 55
24200 0 0 0 -55 0 0 0 55 -55 0 -55 0 0 55 -55 0 55 0 -55
24200 0 0 0 55 0 0 0 -55 -55 0 -55 0 0 55 -55 0 -55 0 55
24200 0 0 0 55 0 0 0 -55 -55 0 -55 0 0 55 -55 0 55 0 -55
24200 0 0 0 55 0 0 0 55 55 0 55 0 0 -55 -55 0 -55 0 55
24200 0 0 0 55 0 0 0 55 55 0 55 0 0 -55 -55 0 55 0 -55
24200 0 0 0 -55 0 0 0 -55 55 0 55 0 0 -55 -55 0 -55 0 55
24200 0 0 0 -55 0 0 0 -55 55 0 55 0 0 -55 -55 0 55 0 -55
24200 0 0 0 -55 0 0 0 55 -55 0 55 0 0 -55 -55 0 -55 0 55
24200 0 0 0 -55 0 0 0 55 -55 0 55 0 0 -55 -55 0 55 0 -55
24200 0 0 0 55 0 0 0 -55 -55 0 55 0 0 -55 -55 0 -55 0 55
24200 0 0 0 55 0 0 0 -55 -55 0 55 0 0 -55 -55 0 55 0 -55
24200 0 0 0 -55 0 0 0 55 55 0 -55 0 0 -55 -55 0 -55 0 55
24200 0 0 0 -55 0 0 0 55 55 0 -55 0 0 -55 -55 0 55 0 -55
24200 0 0 0 55 0 0 0 -55 55 0 -55 0 0 -55 -55 0 -55 0 55
24200 0 0 0 55 0 0 0 -55 55 0 -55 0 0 -55 -55 0 55 0 -55
24200 0 0 0 55 0 0 0 55 -55 0 -55 0 0 -55 -55 0 -55 0 55
24200 0 0 0 55 0 0 0 55 -55 0 -55 0 0 -55 -55 0 55 0 -55
24200 0 0 0 -55 0 0 0 -55 -55 0 -55 0 0 -55 -55 0 -55 0 55
24200 0 0 0 -55 0 0 0 -55 -55 0 -55 0 0 -55 -55 0 55 0 -55
24200 0 0 0 0 55 0 55 0 0 55 55 0 0 55 55 0 0 -55 -55
24200 0 0 0 0 55 0 55 0 0 55 55 0 0 55 55 0 0 55 55
24200 0 0 0 0 -55 0 -55 0 0 55 55 0 0 55 55 0 0 -55 -55
24200 0 0 0 0 -55 0 -55 0 0 55 55 0 0 55 55 0 0 55 55
24200 0 0 0 0 -55 0 55 0 0 -55 55 0 0 55 55 0 0 -55 -55
24200 0 0 0 0 -55 0 55 0 0 -55 55 0 0 55 55 0 0 55 55
24200 0 0 0 0 55 0 -55 0 0 -55 55 0 0 55 55 0 0 -55 -55
24200 0 0 0 0 55 0 -55 0 0 -55 55 0 0 55 55 0 0 55 55
24200 0 0 0 0 -55 0 55 0 0 55 -55 0 0 55 55 0 0 -55 -55
24200 0 0 0 0 -55 0 55 0 0 55 -55 0 0 55 55 0 0 55 55
24200 0 0 0 0 55 0 -55 0 0 55 -55 0 0 55 55 0 0 -55 -55
24200 0 0 0 0 55 0 -55 0 0 55 -55 0 0 55 55 0 0 55 55
24200 0 0 0 0 55 0 55 0 0 -55 -55 0 0 55 55 0 0 -55 -55
24200 0 0 0 0 55 0 55 0 0 -55 -55 0 0 55 55 0 0 55 55
24200 0 0 0 0 -55 0 -55 0 0 -55 -55 0 0 55 55 0 0 -55 -55
24200 0 0 0 0 -55 0 -55 0 0 -55 -55 0 0 55 55 0 0 55 55
24200 0 0 0 0 -55 0 55 0 0 55 55 0 0 -55 55 0 0 -55 -55
24200 0 0 0 0 -55 0 55 0 0 55 55 0 0 -55 55 0 0 55 55
24200 0 0 0 0 55 0 -55 0 0 55 55 0 0 -55 55 0 0 -55 -55
24200 0 0 0 0 55 0 -55 0 0 55 55 0 0 -55 55 0 0 55 55
24200 0 0 0 0 55 0 55 0 0 -55 55 0 0 -55 55 0 0 -55 -55
24200 0 0 0 0 55 0 55 0 0 -55 55 0 0 -55 55 0 0 55 55
24200 0 0 0 0 -55 0 -55 0 0 -55 55 0 0 -55 55 0 0 -55 -55
24200 0 0 0 0 -55 0 -55 0 0 -55 55 0 0 -55 55 0 0 55 55
24200 0 0 0 0 55 0 55 0 0 55 -55 0 0 -55 55 0 0 -55 -55
24200 0 0 0 0 55 0 55 0 0 55 -55 0 0 -55 55 0 0 55 55
24200 0 0 0 0 -55 0 -55 0 0 55 -55 0 0 -55 55 0 0 -55 -55
24200 0 0 0 0 -55 0 -55 0 0 55 -55 0 0 -55 55 0 0 55 55
24200 0 0 0 0 -55 0 55 0 0 -55 -55 0 0 -55 55 0 0 -55 -55
24200 0 0 0 0 -55 0 55 0 0 -55 -55 0 0 -55 55 0 0 55 55
24200 0 0 0 0 55 0 -55 0 0 -55 -55 0 0 -55 55 0 0 -55 -55
24200 0 0 0 0 55 0 -55 0 0 -55 -55 0 0 -55 55 0 0 55 55
24200 0 0 0 0 -55 0 55 0 0 55 55 0 0 55 -55 0 0 -55 -55
24200 0 0 0 0 -55 0 55 0 0 55 55 0 0 55 -55 0 0 55 55
24200 0 0 0 0 55 0 -55 0 0 55 55 0 0 55 -55 0 0 -55 -55
24200 0 0 0 0 55 0 -55 0 0 55 55 0 0 55 -55 0 0 55 55
24200 0 0 0 0 55 0 55 0 0 -55 55 0 0 55 -55 0 0 -55 -55
24200 0 0 0 0 55 0 55 0 0 -55 55 0 0 55 -55 0 0 55 55
24200 0 0 0 0 -55 0 -55 0 0 -55 55 0 0 55 -55 0 0 -55 -55
24200 0 0 0 0 -55 0 -55 0 0 -55 55 0 0 55 -55 0 0 55 55
24200 0 0 0 0 55 0 55 0 0 55 -55 0 0 55 -55 0 0 -55 -55
24200 0 0 0 0 55 0 55 0 0 55 -55 0 0 55 -55 0 0 55 55
24200 0 0 0 0 -55 0 -55 0 0 55 -55 0 0 55 -55 0 0 -55 -55
24200 0 0 0 0 -55 0 -55 0 0 55 -55 0 0 55 -55 0 0 55 55
24200 0 0 0 0 -55 0 55 0 0 -55 -55 0 0 55 -55 0 0 -55 -55
24200 0 0 0 0 -55 0 55 0 0 -55 -55 0 0 55 -55 0 0 55 55
24200 0 0 0 0 55 0 -55 0 0 -55 -55 0 0 55 -55 0 0 -55 -55
24200 0 0 0 0 55 0 -55 0 0 -55 -55 0 0 55 -55 0 0 55 55
24200 0 0 0 0 55 0 55 0 0 55 55 0 0 -55 -55 0 0 -55 -55
24200 0 0 0 0 55 0 55 0 0 55 55 0 0 -55 -55 0 0 55 55
24200 0 0 0 0 -55 0 -55 0 0 55 55 0 0 -55 -55 0 0 -55 -55
24200 0 0 0 0 -55 0 -55 0 0 55 55 0 0 -55 -55 0 0 55 55
24200 0 0 0 0 -55 0 55 0 0 -55 55 0 0 -55 -55 0 0 -55 -55
24200 0 0 0 0 -55 0 55 0 0 -55 55 0 0 -55 -55 0 0 55 55
24200 0 0 0 0 55 0 -55 0 0 -55 55 0 0 -55 -55 0 0 -55 -55
24200 0 0 0 0 55 0 -55 0 0 -55 55 0 0 -55 -55 0 0 55 55
24200 0 0 0 0 -55 0 55 0 0 55 -55 0 0 -55 -55 0 0 -55 -55
24200 0 0 0 0 -55 0 55 0 0 55 -55 0 0 -55 -55 0 0 55 55
24200 0 0 0 0 55 0 -55 0 0 55 -55 0 0 -55 -55 0 0 -55 -55
24200 0 0 0 0 55 0 -55 0 0 55 -55 0 0 -55 -55 0 0 55 55
24200 0 0 0 0 55 0 55 0 0 -55 -55 0 0 -55 -55 0 0 -55 -55
24200 0 0 0 0 55 0 55 0 0 -55 -55 0 0 -55 -55 0 0 55 55
24200 0 0 0 0 -55 0 -55 0 0 -55 -55 0 0 -55 -55 0 0 -55 -55
24200 0 0 0 0 -55 0 -55 0 0 -55 -55 0 0 -55 -55 0 0 55 55
24200 -55 55 55 0 0 0 0 0 55 55 55 0 0 55 55 0 0 0 0
24200 55 -55 55 0 0 0 0 0 55 55 55 0 0 55 55 0 0 0 0
24200 55 55 -55 0 0 0 0 0 55 55 55 0 0 55 55 0 0 0 0
24200 -55 -55 -55 0 0 0 0 0 55 55 55 0 0 55 55 0 0 0 0
24200 55 55 55 0 0 0 0 0 -55 55 55 0 0 55 55 0 0 0 0
24200 -55 -55 55 0 0 0 0 0 -55 55 55 0 0 55 55 0 0 0 0
24200 -55 55 -55 0 0 0 0 0 -55 55 55 0 0 55 55 0 0 0 0
24200 55 -55 -55 0 0 0 0 0 -55 55 55 0 0 55 55 0 0 0 0
24200 55 55 55 0 0 0 0 0 55 -55 55 0 0 55 55 0 0 0 0
24200 -55 -55 55 0 0 0 0 0 55 -55 55 0 0 55 55 0 0 0 0
24200 -55 55 -55 0 0 0 0 0 55 -55 55 0 0 55 55 0 0 0 0
24200 55 -55 -55 0 0 0 0 0 55 -55 55 0 0 55 55 0 0 0 0
24200 -55 55 55 0 0 0 0 0 -55 -55 55 0 0 55 55 0 0 0 0
24200 55 -55 55 0 0 0 0 0 -55 -55 55 0 0 55 55 0 0 0 0
24200 55 55 -55 0 0 0 0 0 -55 -55 55 0 0 55 55 0 0 0 0
24200 -55 -55 -55 0 0 0 0 0 -55 -55 55 0 0 55 55 0 0 0 0
24200 55 55 55 0 0 0 0 0 55 55 -55 0 0 55 55 0 0 0 0
24200 -55 -55 55 0 0 0 0 0 55 55 -55 0 0 55 55 0 0 0 0
24200 -55 55 -55 0 0 0 0 0 55 55 -55 0 0 55 55 0 0 0 0
24200 55 -55 -55 0 0 0 0 0 55 55 -55 0 0 55 55 0 0 0 0
24200 -55 55 55 0 0 0 0 0 -55 55 -55 0 0 55 55 0 0 0 0
24200 55 -55 55 0 0 0 0 0 -55 55 -55 0 0 55 55 0 0 0 0
24200 55 55 -55 0 0 0 0 0 -55 55 -55 0 0 55 55 0 0 0 0
24200 -55 -55 -55 0 0 0 0 0 -55 55 -55 0 0 55 55 0 0 0 0
24200 -55 55 55 0 0 0 0 0 55 -55 -55 0 0 55 55 0 0 0 0
24200 55 -55 55 0 0 0 0 0 55 -55 -55 0 0 55 55 0 0 0 0
24200 55 55 -55 0 0 0 0 0 55 -55 -55 0 0 55 55 0 0 0 0
24200 -55 -55 -55 0 0 0 0 0 55 -55 -55 0 0 55 55 0 0 0 0
24200 55 55 55 0 0 0 0 0 -55 -55 -55 0 0 55 55 0 0 0 0
24200 -55 -55 55 0 0 0 0 0 -55 -55 -55 0 0 55 55 0 0 0 0
24200 -55 55 -55 0 0 0 0 0 -55 -55 -55 0 0 55 55 0 0 0 0
24200 55 -55 -55 0 0 0 0 0 -55 -55 -55 0 0 55 55 0 0 0 0
24200 55 55 55 0 0 0 0 0 55 55 55 0 0 -55 55 0 0 0 0
24200 -55 -55 55 0 0 0 0 0 55 55 55 0 0 -55 55 0 0 0 0
24200 -55 55 -55 0 0 0 0 0 55 55 55 0 0 -55 55 0 0 0 0
24200 55 -55 -55 0 0 0 0 0 55 55 55 0 0 -55 55 0 0 0 0
24200 -55 55 55 0 0 0 0 0 -55 55 55 0 0 -55 55 0 0 0 0
24200 55 -55 55 0 0 0 0 0 -55 55 55 0 0 -55 55 0 0 0 0
24200 55 55 -55 0 0 0 0 0 -55 55 55 0 0 -55 55 0 0 0 0
24200 -55 -55 -55 0 0 0 0 0 -55 55 55 0 0 -55 55 0 0 0 0
24200 -55 55 55 0 0 0 0 0 55 -55 55 0 0 -55 55 0 0 0 0
24200 55 -55 55 0 0 0 0 0 55 -55 55 0 0 -55 55 0 0 0 0
24200 55 55 -55 0 0 0 0 0 55 -55 55 0 0 -55 55 0 0 0 0
24200 -55 -55 -55 0 0 0 0 0 55 -55 55 0 0 -55 55 0 0 0 0
24200 55 55 55 0 0 0 0 0 -55 -55 55 0 0 -55 55 0 0 0 0
24200 -55 -55 55 0 0 0 0 0 -55 -55 55 0 0 -55 55 0 0 0 0
24200 -55 55 -55 0 0 0 0 0 -55 -55 55 0 0 -55 55 0 0 0 0
24200 55 -55 -55 0 0 0 0 0 -55 -55 55 0 0 -55 55 0 0 0 0
24200 -55 55 55 0 0 0 0 0 55 55 -55 0 0 -55 55 0 0 0 0
24200 55 -55 55 0 0 0 0 0 55 55 -55 0 0 -55 55 0 0 0 0
24200 55 55 -55 0 0 0 0 0 55 55 -55 0 0 -55 55 0 0 0 0
24200 -55 -55 -55 0 0 0 0 0 55 55 -55 0 0 -55 55 0 0 0 0
24200 55 55 55 0 0 0 0 0 -55 55 -55 0 0 -55 55 0 0 0 0
24200 -55 -55 55 0 0 0 0 0 -55 55 -55 0 0 -55 55 0 0 0 0
24200 -55 55 -55 0 0 0 0 0 -55 55 -55 0 0 -55 55 0 0 0 0
24200 55 -55 -55 0 0 0 0 0 -55 55 -55 0 0 -55 55 0 0 0 0
24200 55 55 55 0 0 0 0 0 55 -55 -55 0 0 -55 55 0 0 0 0
24200 -55 -55 55 0 0 0 0 0 55 -55 -55 0 0 -55 55 0 0 0 0
24200 -55 55 -55 0 0 0 0 0 55 -55 -55 0 0 -55 55 0 0 0 0
24200 55 -55 -55 0 0 0 0 0 55 -55 -55 0 0 -55 55 0 0 0 0
24200 -55 55 55 0 0 0 0 0 -55 -55 -55 0 0 -55 55 0 0 0 0
24200 55 -55 55 0 0 0 0 0 -55 -55 -55 0 0 -55 55 0 0 0 0
24200 55 55 -55 0 0 0 0 0 -55 -55 -55 0 0 -55 55 0 0 0 0
24200 -55 -55 -55 0 0 0 0 0 -55 -55 -55 0 0 -55 55 0 0 0 0
24200 55 55 55 0 0 0 0 0 55 55 55 0 0 55 -55 0 0 0 0
24200 -55 -55 55 0 0 0 0 0 55 55 55 0 0 55 -55 0 0 0 0
24200 -55 55 -55 0 0 0 0 0 55 55 55 0 0 55 -55 0 0 0 0
24200 55 -55 -55 0 0 0 0 0 55 55 55 0 0 55 -55 0 0 0 0
24200 -55 55 55 0 0 0 0 0 -55 55 55 0 0 55 -55 0 0 0 0
24200 55 -55 55 0 0 0 0 0 -55 55 55 0 0 55 -55 0 0 0 0
24200 55 55 -55 0 0 0 0 0 -55 55 55 0 0 55 -55 0 0 0 0
24200 -55 -55 -55 0 0 0 0 0 -55 55 55 0 0 55 -55 0 0 0 0
24200 -55 55 55 0 0 0 0 0 55 -55 55 0 0 55 -55 0 0 0 0
24200 55 -55 55 0 0 0 0 0 55 -55 55 0 0 55 -55 0 0 0 0
24200 55 55 -55 0 0 0 0 0 55 -55 55 0 0 55 -55 0 0 0 0
24200 -55 -55 -55 0 0 0 0 0 55 -55 55 0 0 55 -55 0 0 0 0
24200 55 55 55 0 0 0 0 0 -55 -55 55 0 0 55 -55 0 0 0 0
24200 -55 -55 55 0 0 0 0 0 -55 -55 55 0 0 55 -55 0 0 0 0
24200 -55 55 -55 0 0 0 0 0 -55 -55 55 0 0 55 -55 0 0 0 0
24200 55 -55 -55 0 0 0 0 0 -55 -55 55 0 0 55 -55 0 0 0 0
24200 -55 55 55 0 0 0 0 0 55 55 -55 0 0 55 -55 0 0 0 0
24200 55 -55 55 0 0 0 0 0 55 55 -55 0 0 55 -55 0 0 0 0
24200 55 55 -55 0 0 0 0 0 55 55 -55 0 0 55 -55 0 0 0 0
24200 -55 -55 -55 0 0 0 0 0 55 55 -55 0 0 55 -55 0 0 0 0
24200 55 55 55 0 0 0 0 0 -55 55 -55 0 0 55 -55 0 0 0 0
24200 -55 -55 55 0 0 0 0 0 -55 55 -55 0 0 55 -55 0 0 0 0
24200 -55 55 -55 0 0 0 0 0 -55 55 -55 0 0 55 -55 0 0 0 0
24200 55 -55 -55 0 0 0 0 0 -55 55 -55 0 0 55 -55 0 0 0 0
24200 55 55 55 0 0 0 0 0 55 -55 -55 0 0 55 -55 0 0 0 0
24200 -55 -55 55 0 0 0 0 0 55 -55 -55 0 0 55 -55 0 0 0 0
24200 -55 55 -55 0 0 0 0 0 55 -55 -55 0 0 55 -55 0 0 0 0
24200 55 -55 -55 0 0 0 0 0 55 -55 -55 0 0 55 -55 0 0 0 0
24200 -55 55 55 0 0 0 0 0 -55 -55 -55 0 0 55 -55 0 0 0 0
24200 55 -55 55 0 0 0 0 0 -55 -55 -55 0 0 55 -55 0 0 0 0
24200 55 55 -55 0 0 0 0 0 -55 -55 -55 0 0 55 -55 0 0 0 0
24200 -55 -55 -55 0 0 0 0 0 -55 -55 -55 0 0 55 -55 0 0 0 0
24200 -55 55 55 0 0 0 0 0 55 55 55 0 0 -55 -55 0 0 0 0
24200 55 -55 55 0 0 0 0 0 55 55 55 0 0 -55 -55 0 0 0 0
24200 55 55 -55 0 0 0 0 0 55 55 55 0 0 -55 -55 0 0 0 0
24200 -55 -55 -55 0 0 0 0 0 55 55 55 0 0 -55 -55 0 0 0 0
24200 55 55 55 0 0 0 0 0 -55 55 55 0 0 -55 -55 0 0 0 0
24200 -55 -55 55 0 0 0 0 0 -55 55 55 0 0 -55 -55 0 0 0 0
24200 -55 55 -55 0 0 0 0 0 -55 55 55 0 0 -55 -55 0 0 0 0
24200 55 -55 -55 0 0 0 0 0 -55 55 55 0 0 -55 -55 0 0 0 0
24200 55 55 55 0 0 0 0 0 55 -55 55 0 0 -55 -55 0 0 0 0
24200 -55 -55 55 0 0 0 0 0 55 -55 55 0 0 -55 -55 0 0 0 0
24200 -55 55 -55 0 0 0 0 0 55 -55 55 0 0 -55 -55 0 0 0 0
24200 55 -55 -55 0 0 0 0 0 55 -55 55 0 0 -55 -55 0 0 0 0
24200 -55 55 55 0 0 0 0 0 -55 -55 55 0 0 -55 -55 0 0 0 0
24200 55 -55 55 0 0 0 0 0 -55 -55 55 0 0 -55 -55 0 0 0 0
24200 55 55 -55 0 0 0 0 0 -55 -55 55 0 0 -55 -55 0 0 0 0
24200 -55 -55 -55 0 0 0 0 0 -55 -55 55 0 0 -55 -55 0 0 0 0
24200 55 55 55 0 0 0 0 0 55 55 -55 0 0 -55 -55 0 0 0 0
24200 -55 -55 55 0 0 0 0 0 55 55 -55 0 0 -55 -55 0 0 0 0
24200 -55 55 -55 0 0 0 0 0 55 55 -55 0 0 -55 -55 0 0 0 0
24200 55 -55 -55 0 0 0 0 0 55 55 -55 0 0 -55 -55 0 0 0 0
24200 -55 55 55 0 0 0 0 0 -55 55 -55 0 0 -55 -55 0 0 0 0
24200 55 -55 55 0 0 0 0 0 -55 55 -55 0 0 -55 -55 0 0 0 0
24200 55 55 -55 0 0 0 0 0 -55 55 -55 0 0 -55 -55 0 0 0 0
24200 -55 -55 -55 0 0 0 0 0 -55 55 -55 0 0 -55 -55 0 0 0 0
24200 -55 55 55 0 0 0 0 0 55 -55 -55 0 0 -55 -55 0 0 0 0
24200 55 -55 55 0 0 0 0 0 55 -55 -55 0 0 -55 -55 0 0 0 0
24200 55 55 -55 0 0 0 0 0 55 -55 -55 0 0 -55 -55 0 0 0 0
24200 -55 -55 -55 0 0 0 0 0 55 -55 -55 0 0 -55 -55 0 0 0 0
24200 55 55 55 0 0 0 0 0 -55 -55 -55 0 0 -55 -55 0 0 0 0
24200 -55 -55 55 0 0 0 0 0 -55 -55 -55 0 0 -55 -55 0 0 0 0
24200 -55 55 -55 0 0 0 0 0 -55 -55 -55 0 0 -55 -55 0 0 0 0
24200 55 -55 -55 0 0 0 0 0 -55 -55 -55 0 0 -55 -55 0 0 0 0
24200 -55 0 55 0 55 55 55 0 0 0 0 55 0 55 55 0 0 0 0
24200 55 0 -55 0 55 55 55 0 0 0 0 55 0 55 55 0 0 0 0
24200 55 0 55 0 -55 55 55 0 0 0 0 55 0 55 55 0 0 0 0
24200 -55 0 -55 0 -55 55 55 0 0 0 0 55 0 55 55 0 0 0 0
24200 55 0 55 0 55 -55 55 0 0 0 0 55 0 55 55 0 0 0 0
24200 -55 0 -55 0 55 -55 55 0 0 0 0 55 0 55 55 0 0 0 0
24200 -55 0 55 0 -55 -55 55 0 0 0 0 55 0 55 55 0 0 0 0
24200 55 0 -55 0 -55 -55 55 0 0 0 0 55 0 55 55 0 0 0 0
24200 55 0 55 0 55 55 -55 0 0 0 0 55 0 55 55 0 0 0 0
24200 -55 0 -55 0 55 55 -55 0 0 0 0 55 0 55 55 0 0 0 0
24200 -55 0 55 0 -55 55 -55 0 0 0 0 55 0 55 55 0 0 0 0
24200 55 0 -55 0 -55 55 -55 0 0 0 0 55 0 55 55 0 0 0 0
24200 -55 0 55 0 55 -55 -55 0 0 0 0 55 0 55 55 0 0 0 0
24200 55 0 -55 0 55 -55 -55 0 0 0 0 55 0 55 55 0 0 0 0
24200 55 0 55 0 -55 -55 -55 0 0 0 0 55 0 55 55 0 0 0 0
24200 -55 0 -55 0 -55 -55 -55 0 0 0 0 55 0 55 55 0 0 0 0
24200 55 0 55 0 55 55 55 0 0 0 0 -55 0 55 55 0 0 0 0
24200 -55 0 -55 0 55 55 55 0 0 0 0 -55 0 55 55 0 0 0 0
24200 -55 0 55 0 -55 55 55 0 0 0 0 -55 0 55 55 0 0 0 0
24200 55 0 -55 0 -55 55 55 0 0 0 0 -55 0 55 55 0 0 0 0
24200 -55 0 55 0 55 -55 55 0 0 0 0 -55 0 55 55 0 0 0 0
24200 55 0 -55 0 55 -55 55 0 0 0 0 -55 0 55 55 0 0 0 0
24200 55 0 55 0 -55 -55 55 0 0 0 0 -55 0 55 55 0 0 0 0
24200 -55 0 -55 0 -55 -55 55 0 0 0 0 -55 0 55 55 0 0 0 0
24200 -55 0 55 0 55 55 -55 0 0 0 0 -55 0 55 55 0 0 0 0
24200 55 0 -55 0 55 55 -55 0 0 0 0 -55 0 55 55 0 0 0 0
24200 55 0 55 0 -55 55 -55 0 0 0 0 -55 0 55 55 0 0 0 0
24200 -55 0 -55 0 -55 55 -55 0 0 0 0 -55 0 55 55 0 0 0 0
24200 55 0 55 0 55 -55 -55 0 0 0 0 -55 0 55 55 0 0 0 0
24200 -55 0 -55 0 55 -55 -55 0 0 0 0 -55 0 55 55 0 0 0 0
24200 -55 0 55 0 -55 -55 -55 0 0 0 0 -55 0 55 55 0 0 0 0
24200 55 0 -55 0 -55 -55 -55 0 0 0 0 -55 0 55 55 0 0 0 0
24200 55 0 55 0 55 55 55 0 0 0 0 55 0 -55 55 0 0 0 0
24200 -55 0 -55 0 55 55 55 0 0 0 0 55 0 -55 55 0 0 0 0
24200 -55 0 55 0 -55 55 55 0 0 0 0 55 0 -55 55 0 0 0 0
24200 55 0 -55 0 -55 55 55 0 0 0 0 55 0 -55 55 0 0 0 0
24200 -55 0 55 0 55 -55 55 0 0 0 0 55 0 -55 55 0 0 0 0
24200 55 0 -55 0 55 -55 55 0 0 0 0 55 0 -55 55 0 0 0 0
24200 55 0 55 0 -55 -55 55 0 0 0 0 55 0 -55 55 0 0 0 0
24200 -55 0 -55 0 -55 -55 55 0 0 0 0 55 0 -55 55 0 0 0 0
24200 -55 0 55 0 55 55 -55 0 0 0 0 55 0 -55 55 0 0 0 0
24200 55 0 -55 0 55 55 -55 0 0 0 0 55 0 -55 55 0 0 0 0
24200 55 0 55 0 -55 55 -55 0 0 0 0 55 0 -55 55 0 0 0 0
24200 -55 0 -55 0 -55 55 -55 0 0 0 0 55 0 -55 55 0 0 0 0
24200 55 0 55 0 55 -55 -55 0 0 0 0 55 0 -55 55 0 0 0 0
24200 -55 0 -55 0 55 -55 -55 0 0 0 0 55 0 -55 55 0 0 0 0
24200 -55 0 55 0 -55 -55 -55 0 0 0 0 55 0 -55 55 0 0 0 0
24200 55 0 -55 0 -55 -55 -55 0 0 0 0 55 0 -55 55 0 0 0 0
24200 -55 0 55 0 55 55 55 0 0 0 0 -55 0 -55 55 0 0 0 0
24200 55 0 -55 0 55 55 55 0 0 0 0 -55 0 -55 55 0 0 0 0
24200 55 0 55 0 -55 55 55 0 0 0 0 -55 0 -55 55 0 0 0 0
24200 -55 0 -55 0 -55 55 55 0 0 0 0 -55 0 -55 55 0 0 0 0
24200 55 0 55 0 55 -55 55 0 0 0 0 -55 0 -55 55 0 0 0 0
24200 -55 0 -55 0 55 -55 55 0 0 0 0 -55 0 -55 55 0 0 0 0
24200 -55 0 55 0 -55 -55 55 0 0 0 0 -55 0 -55 55 0 0 0 0
24200 55 0 -55 0 -55 -55 55 0 0 0 0 -55 0 -55 55 0 0 0 0
24200 55 0 55 0 55 55 -55 0 0 0 0 -55 0 -55 55 0 0 0 0
24200 -55 0 -55 0 55 55 -55 0 0 0 0 -55 0 -55 55 0 0 0 0
24200 -55 0 55 0 -55 55 -55 0 0 0 0 -55 0 -55 55 0 0 0 0
24200 55 0 -55 0 -55 55 -55 0 0 0 0 -55 0 -55 55 0 0 0 0
24200 -55 0 55 0 55 -55 -55 0 0 0 0 -55 0 -55 55 0 0 0 0
24200 55 0 -55 0 55 -55 -55 0 0 0 0 -55 0 -55 55 0 0 0 0
24200 55 0 55 0 -55 -55 -55 0 0 0 0 -55 0 -55 55 0 0 0 0
24200 -55 0 -55 0 -55 -55 -55 0 0 0 0 -55 0 -55 55 0 0 0 0
24200 55 0 55 0 55 55 55 0 0 0 0 55 0 55 -55 0 0 0 0
24200 -55 0 -55 0 55 55 55 0 0 0 0 55 0 55 -55 0 0 0 0
24200 -55 0 55 0 -55 55 55 0 0 0 0 55 0 55 -55 0 0 0 0
24200 55 0 -55 0 -55 55 55 0 0 0 0 55 0 55 -55 0 0 0 0
24200 -55 0 55 0 55 -55 55 0 0 0 0 55 0 55 -55 0 0 0 0
24200 55 0 -55 0 55 -55 55 0 0 0 0 55 0 55 -55 0 0 0 0
24200 55 0 55 0 -55 -55 55 0 0 0 0 55 0 55 -55 0 0 0 0
24200 -55 0 -55 0 -55 -55 55 0 0 0 0 55 0 55 -55 0 0 0 0
24200 -55 0 55 0 55 55 -55 0 0 0 0 55 0 55 -55 0 0 0 0
24200 55 0 -55 0 55 55 -55 0 0 0 0 55 0 55 -55 0 0 0 0
24200 55 0 55 0 -55 55 -55 0 0 0 0 55 0 55 -55 0 0 0 0
24200 -55 0 -55 0 -55 55 -55 0 0 0 0 55 0 55 -55 0 0 0 0
24200 55 0 55 0 55 -55 -55 0 0 0 0 55 0 55 -55 0 0 0 0
24200 -55 0 -55 0 55 -55 -55 0 0 0 0 55 0 55 -55 0 0 0 0
24200 -55 0 55 0 -55 -55 -55 0 0 0 0 55 0 55 -55 0 0 0 0
24200 55 0 -55 0 -55 -55 -55 0 0 0 0 55 0 55 -55 0 0 0 0
24200 -55 0 55 0 55 55 55 0 0 0 0 -55 0 55 -55 0 0 0 0
24200 55 0 -55 0 55 55 55 0 0 0 0 -55 0 55 -55 0 0 0 0
24200 55 0 55 0 -55 55 55 0 0 0 0 -55 0 55 -55 0 0 0 0
24200 -55 0 -55 0 -55 55 55 0 0 0 0 -55 0 55 -55 0 0 0 0
24200 55 0 55 0 55 -55 55 0 0 0 0 -55 0 55 -55 0 0 0 0
24200 -55 0 -55 0 55 -55 55 0 0 0 0 -55 0 55 -55 0 0 0 0
24200 -55 0 55 0 -55 -55 55 0 0 0 0 -55 0 55 -55 0 0 0 0
24200 55 0 -55 0 -55 -55 55 0 0 0 0 -55 0 55 -55 0 0 0 0
24200 55 0 55 0 55 55 -55 0 0 0 0 -55 0 55 -55 0 0 0 0
24200 -55 0 -55 0 55 55 -55 0 0 0 0 -55 0 55 -55 0 0 0 0
24200 -55 0 55 0 -55 55 -55 0 0 0 0 -55 0 55 -55 0 0 0 0
24200 55 0 -55 0 -55 55 -55 0 0 0 0 -55 0 55 -55 0 0 0 0
24200 -55 0 55 0 55 -55 -55 0 0 0 0 -55 0 55 -55 0 0 0 0
24200 55 0 -55 0 55 -55 -55 0 0 0 0 -55 0 55 -55 0 0 0 0
24200 55 0 55 0 -55 -55 -55 0 0 0 0 -55 0 55 -55 0 0 0 0
24200 -55 0 -55 0 -55 -55 -55 0 0 0 0 -55 0 55 -55 0 0 0 0
24200 -55 0 55 0 55 55 55 0 0 0 0 55 0 -55 -55 0 0 0 0
24200 55 0 -55 0 55 55 55 0 0 0 0 55 0 -55 -55 0 0 0 0
24200 55 0 55 0 -55 55 55 0 0 0 0 55 0 -55 -55 0 0 0 0
24200 -55 0 -55 0 -55 55 55 0 0 0 0 55 0 -55 -55 0 0 0 0
24200 55 0 55 0 55 -55 55 0 0 0 0 55 0 -55 -55 0 0 0 0
24200 -55 0 -55 0 55 -55 55 0 0 0 0 55 0 -55 -55 0 0 0 0
24200 -55 0 55 0 -55 -55 55 0 0 0 0 55 0 -55 -55 0 0 0 0
24200 55 0 -55 0 -55 -55 55 0 0 0 0 55 0 -55 -55 0 0 0 0
24200 55 0 55 0 55 55 -55 0 0 0 0 55 0 -55 -55 0 0 0 0
24200 -55 0 -55 0 55 55 -55 0 0 0 0 55 0 -55 -55 0 0 0 0
24200 -55 0 55 0 -55 55 -55 0 0 0 0 55 0 -55 -55 0 0 0 0
24200 55 0 -55 0 -55 55 -55 0 0 0 0 55 0 -55 -55 0 0 0 0
24200 -55 0 55 0 55 -55 -55 0 0 0 0 55 0 -55 -55 0 0 0 0
24200 55 0 -55 0 55 -55 -55 0 0 0 0 55 0 -55 -55 0 0 0 0
24200 55 0 55 0 -55 -55 -55 0 0 0 0 55 0 -55 -55 0 0 0 0
24200 -55 0 -55 0 -55 -55 -55 0 0 0 0 55 0 -55 -55 0 0 0 0
24200 55 0 55 0 55 55 55 0 0 0 0 -55 0 -55 -55 0 0 0 0
24200 -55 0 -55 0 55 55 55 0 0 0 0 -55 0 -55 -55 0 0 0 0
24200 -55 0 55 0 -55 55 55 0 0 0 0 -55 0 -55 -55 0 0 0 0
24200 55 0 -55 0 -55 55 55 0 0 0 0 -55 0 -55 -55 0 0 0 0
24200 -55 0 55 0 55 -55 55 0 0 0 0 -55 0 -55 -55 0 0 0 0
24200 55 0 -55 0 55 -55 55 0 0 0 0 -55 0 -55 -55 0 0 0 0
24200 55 0 55 0 -55 -55 55 0 0 0 0 -55 0 -55 -55 0 0 0 0
24200 -55 0 -55 0 -55 -55 55 0 0 0 0 -55 0 -55 -55 0 0 0 0
24200 -55 0 55 0 55 55 -55 0 0 0 0 -55 0 -55 -55 0 0 0 0
24200 55 0 -55 0 55 55 -55 0 0 0 0 -55 0 -55 -55 0 0 0 0
24200 55 0 55 0 -55 55 -55 0 0 0 0 -55 0 -55 -55 0 0 0 0
24200 -55 0 -55 0 -55 55 -55 0 0 0 0 -55 0 -55 -55 0 0 0 0
24200 55 0 55 0 55 -55 -55 0 0 0 0 -55 0 -55 -55 0 0 0 0
24200 -55 0 -55 0 55 -55 -55 0 0 0 0 -55 0 -55 -55 0 0 0 0
24200 -55 0 55 0 -55 -55 -55 0 0 0 0 -55 0 -55 -55 0 0 0 0
24200 55 0 -55 0 -55 -55 -55 0 0 0 0 -55 0 -55 -55 0 0 0 0
24200 0 55 0 0 0 55 0 0 55 0 0 55 0 55 55 0 0 -55 -55
24200 0 55 0 0 0 55 0 0 55 0 0 55 0 55 55 0 0 55 55
24200 0 -55 0 0 0 -55 0 0 55 0 0 55 0 55 55 0 0 -55 -55
24200 0 -55 0 0 0 -55 0 0 55 0 0 55 0 55 55 0 0 55 55
24200 0 -55 0 0 0 55 0 0 -55 0 0 55 0 55 55 0 0 -55 -55
24200 0 -55 0 0 0 55 0 0 -55 0 0 55 0 55 55 0 0 55 55
24200 0 55 0 0 0 -55 0 0 -55 0 0 55 0 55 55 0 0 -55 -55
24200 0 55 0 0 0 -55 0 0 -55 0 0 55 0 55 55 0 0 55 55
24200 0 -55 0 0 0 55 0 0 55 0 0 -55 0 55 55 0 0 -55 -55
24200 0 -55 0 0 0 55 0 0 55 0 0 -55 0 55 55 0 0 55 55
24200 0 55 0 0 0 -55 0 0 55 0 0 -55 0 55 55 0 0 -55 -55
24200 0 55 0 0 0 -55 0 0 55 0 0 -55 0 55 55 0 0 55 55
24200 0 55 0 0 0 55 0 0 -55 0 0 -55 0 55 55 0 0 -55 -55
24200 0 55 0 0 0 55 0 0 -55 0 0 -55 0 55 55 0 0 55 55
24200 0 -55 0 0 0 -55 0 0 -55 0 0 -55 0 55 55 0 0 -55 -55
24200 0 -55 0 0 0 -55 0 0 -55 0 0 -55 0 55 55 0 0 55 55
24200 0 -55 0 0 0 55 0 0 55 0 0 55 0 -55 55 0 0 -55 -55
24200 0 -55 0 0 0 55 0 0 55 0 0 55 0 -55 55 0 0 55 55
24200 0 55 0 0 0 -55 0 0 55 0 0 55 0 -55 55 0 0 -55 -55
24200 0 55 0 0 0 -55 0 0 55 0 0 55 0 -55 55 0 0 55 55
24200 0 55 0 0 0 55 0 0 -55 0 0 55 0 -55 55 0 0 -55 -55
24200 0 55 0 0 0 55 0 0 -55 0 0 55 0 -55 55 0 0 55 55
24200 0 -55 0 0 0 -55 0 0 -55 0 0 55 0 -55 55 0 0 -55 -55
24200 0 -55 0 0 0 -55 0 0 -55 0 0 55 0 -55 55 0 0 55 55
24200 0 55 0 0 0 55 0 0 55 0 0 -55 0 -55 55 0 0 -55 -55
24200 0 55 0 0 0 55 0 0 55 0 0 -55 0 -55 55 0 0 55 55
24200 0 -55 0 0 0 -55 0 0 55 0 0 -55 0 -55 55 0 0 -55 -55
24200 0 -55 0 0 0 -55 0 0 55 0 0 -55 0 -55 55 0 0 55 55
24200 0 -55 0 0 0 55 0 0 -55 0 0 -55 0 -55 55 0 0 -55 -55
24200 0 -55 0 0 0 55 0 0 -55 0 0 -55 0 -55 55 0 0 55 55
24200 0 55 0 0 0 -55 0 0 -55 0 0 -55 0 -55 55 0 0 -55 -55
24200 0 55 0 0 0 -55 0 0 -55 0 0 -55 0 -55 55 0 0 55 55
24200 0 -55 0 0 0 55 0 0 55 0 0 55 0 55 -55 0 0 -55 -55
24200 0 -55 0 0 0 55 0 0 55 0 0 55 0 55 -55 0 0 55 55
24200 0 55 0 0 0 -55 0 0 55 0 0 55 0 55 -55 0 0 -55 -55
24200 0 55 0 0 0 -55 0 0 55 0 0 55 0 55 -55 0 0 55 55
24200 0 55 0 0 0 55 0 0 -55 0 0 55 0 55 -55 0 0 -55 -55
24200 0 55 0 0 0 55 0 0 -55 0 0 55 0 55 -55 0 0 55 55
24200 0 -55 0 0 0 -55 0 0 -55 0 0 55 0 55 -55 0 0 -55 -55
24200 0 -55 0 0 0 -55 0 0 -55 0 0 55 0 55 -55 0 0 55 55
24200 0 55 0 0 0 55 0 0 55 0 0 -55 0 55 -55 0 0 -55 -55
24200 0 55 0 0 0 55 0 0 55 0 0 -55 0 55 -55 0 0 55 55
24200 0 -55 0 0 0 -55 0 0 55 0 0 -55 0 55 -55 0 0 -55 -55
24200 0 -55 0 0 0 -55 0 0 55 0 0 -55 0 55 -55 0 0 55 55
24200 0 -55 0 0 0 55 0 0 -55 0 0 -55 0 55 -55 0 0 -55 -55
24200 0 -55 0 0 0 55 0 0 -55 0 0 -55 0 55 -55 0 0 55 55
24200 0 55 0 0 0 -55 0 0 -55 0 0 -55 0 55 -55 0 0 -55 -55
24200 0 55 0 0 0 -55 0 0 -55 0 0 -55 0 55 -55 0 0 55 55
24200 0 55 0 0 0 55 0 0 55 0 0 55 0 -55 -55 0 0 -55 -55
24200 0 55 0 0 0 55 0 0 55 0 0 55 0 -55 -55 0 0 55 55
24200 0 -55 0 0 0 -55 0 0 55 0 0 55 0 -55 -55 0 0 -55 -55
24200 0 -55 0 0 0 -55 0 0 55 0 0 55 0 -55 -55 0 0 55 55
24200 0 -55 0 0 0 55 0 0 -55 0 0 55 0 -55 -55 0 0 -55 -55
24200 0 -55 0 0 0 55 0 0 -55 0 0 55 0 -55 -55 0 0 55 55
24200 0 55 0 0 0 -55 0 0 -55 0 0 55 0 -55 -55 0 0 -55 -55
24200 0 55 0 0 0 -55 0 0 -55 0 0 55 0 -55 -55 0 0 55 55
24200 0 -55 0 0 0 55 0 0 55 0 0 -55 0 -55 -55 0 0 -55 -55
24200 0 -55 0 0 0 55 0 0 55 0 0 -55 0 -55 -55 0 0 55 55
24200 0 55 0 0 0 -55 0 0 55 0 0 -55 0 -55 -55 0 0 -55 -55
24200 0 55 0 0 0 -55 0 0 55 0 0 -55 0 -55 -55 0 0 55 55
24200 0 55 0 0 0 55 0 0 -55 0 0 -55 0 -55 -55 0 0 -55 -55
24200 0 55 0 0 0 55 0 0 -55 0 0 -55 0 -55 -55 0 0 55 55
24200 0 -55 0 0 0 -55 0 0 -55 0 0 -55 0 -55 -55 0 0 -55 -55
24200 0 -55 0 0 0 -55 0 0 -55 0 0 -55 0 -55 -55 0 0 55 55
24200 0 0 55 55 0 0 0 0 0 0 55 55 0 55 55 0 -55 0 -55
24200 0 0 -55 -55 0 0 0 0 0 0 55 55 0 55 55 0 -55 0 -55
24200 0 0 55 55 0 0 0 0 0 0 55 55 0 55 55 0 55 0 55
24200 0 0 -55 -55 0 0 0 0 0 0 55 55 0 55 55 0 55 0 55
24200 0 0 -55 55 0 0 0 0 0 0 -55 55 0 55 55 0 -55 0 -55
24200 0 0 55 -55 0 0 0 0 0 0 -55 55 0 55 55 0 -55 0 -55
24200 0 0 -55 55 0 0 0 0 0 0 -55 55 0 55 55 0 55 0 55
24200 0 0 55 -55 0 0 0 0 0 0 -55 55 0 55 55 0 55 0 55
24200 0 0 -55 55 0 0 0 0 0 0 55 -55 0 55 55 0 -55 0 -55
24200 0 0 55 -55 0 0 0 0 0 0 55 -55 0 55 55 0 -55 0 -55
24200 0 0 -55 55 0 0 0 0 0 0 55 -55 0 55 55 0 55 0 55
24200 0 0 55 -55 0 0 0 0 0 0 55 -55 0 55 55 0 55 0 55
24200 0 0 55 55 0 0 0 0 0 0 -55 -55 0 55 55 0 -55 0 -55
24200 0 0 -55 -55 0 0 0 0 0 0 -55 -55 0 55 55 0 -55 0 -55
24200 0 0 55 55 0 0 0 0 0 0 -55 -55 0 55 55 0 55 0 55
24200 0 0 -55 -55 0 0 0 0 0 0 -55 -55 0 55 55 0 55 0 55
24200 0 0 -55 55 0 0 0 0 0 0 55 55 0 -55 55 0 -55 0 -55
24200 0 0 55 -55 0 0 0 0 0 0 55 55 0 -55 55 0 -55 0 -55
24200 0 0 -55 55 0 0 0 0 0 0 55 55 0 -55 55 0 55 0 55
24200 0 0 55 -55 0 0 0 0 0 0 55 55 0 -55 55 0 55 0 55
24200 0 0 55 55 0 0 0 0 0 0 -55 55 0 -55 55 0 -55 0 -55
24200 0 0 -55 -55 0 0 0 0 0 0 -55 55 0 -55 55 0 -55 0 -55
24200 0 0 55 55 0 0 0 0 0 0 -55 55 0 -55 55 0 55 0 55
24200 0 0 -55 -55 0 0 0 0 0 0 -55 55 0 -55 55 0 55 0 55
24200 0 0 55 55 0 0 0 0 0 0 55 -55 0 -55 55 0 -55 0 -55
24200 0 0 -55 -55 0 0 0 0 0 0 55 -55 0 -55 55 0 -55 0 -55
24200 0 0 55 55 0 0 0 0 0 0 55 -55 0 -55 55 0 55 0 55
24200 0 0 -55 -55 0 0 0 0 0 0 55 -55 0 -55 55 0 55 0 55
24200 0 0 -55 55 0 0 0 0 0 0 -55 -55 0 -55 55 0 -55 0 -55
24200 0 0 55 -55 0 0 0 0 0 0 -55 -55 0 -55 55 0 -55 0 -55
24200 0 0 -55 55 0 0 0 0 0 0 -55 -55 0 -55 55 0 55 0 55
24200 0 0 55 -55 0 0 0 0 0 0 -55 -55 0 -55 55 0 55 0 55
24200 0 0 -55 55 0 0 0 0 0 0 55 55 0 55 -55 0 -55 0 -55
24200 0 0 55 -55 0 0 0 0 0 0 55 55 0 55 -55 0 -55 0 -55
24200 0 0 -55 55 0 0 0 0 0 0 55 55 0 55 -55 0 55 0 55
24200 0 0 55 -55 0 0 0 0 0 0 55 55 0 55 -55 0 55 0 55
24200 0 0 55 55 0 0 0 0 0 0 -55 55 0 55 -55 0 -55 0 -55
24200 0 0 -55 -55 0 0 0 0 0 0 -55 55 0 55 -55 0 -55 0 -55
24200 0 0 55 55 0 0 0 0 0 0 -55 55 0 55 -55 0 55 0 55
24200 0 0 -55 -55 0 0 0 0 0 0 -55 55 0 55 -55 0 55 0 55
24200 0 0 55 55 0 0 0 0 0 0 55 -55 0 55 -55 0 -55 0 -55
24200 0 0 -55 -55 0 0 0 0 0 0 55 -55 0 55 -55 0 -55 0 -55
24200 0 0 55 55 0 0 0 0 0 0 55 -55 0 55 -55 0 55 0 55
24200 0 0 -55 -55 0 0 0 0 0 0 55 -55 0 55 -55 0 55 0 55
24200 0 0 -55 55 0 0 0 0 0 0 -55 -55 0 55 -55 0 -55 0 -55
24200 0 0 55 -55 0 0 0 0 0 0 -55 -55 0 55 -55 0 -55 0 -55
24200 0 0 -55 55 0 0 0 0 0 0 -55 -55 0 55 -55 0 55 0 55
24200 0 0 55 -55 0 0 0 0 0 0 -55 -55 0 55 -55 0 55 0 55
24200 0 0 55 55 0 0 0 0 0 0 55 55 0 -55 -55 0 -55 0 -55
24200 0 0 -55 -55 0 0 0 0 0 0 55 55 0 -55 -55 0 -55 0 -55
24200 0 0 55 55 0 0 0 0 0 0 55 55 0 -55 -55 0 55 0 55
24200 0 0 -55 -55 0 0 0 0 0 0 55 55 0 -55 -55 0 55 0 55
24200 0 0 -55 55 0 0 0 0 0 0 -55 55 0 -55 -55 0 -55 0 -55
24200 0 0 55 -55 0 0 0 0 0 0 -55 55 0 -55 -55 0 -55 0 -55
24200 0 0 -55 55 0 0 0 0 0 0 -55 55 0 -55 -55 0 55 0 55
24200 0 0 55 -55 0 0 0 0 0 0 -55 55 0 -55 -55 0 55 0 55
24200 0 0 -55 55 0 0 0 0 0 0 55 -55 0 -55 -55 0 -55 0 -55
24200 0 0 55 -55 0 0 0 0 0 0 55 -55 0 -55 -55 0 -55 0 -55
24200 0 0 -55 55 0 0 0 0 0 0 55 -55 0 -55 -55 0 55 0 55
24200 0 0 55 -55 0 0 0 0 0 0 55 -55 0 -55 -55 0 55 0 55
24200 0 0 55 55 0 0 0 0 0 0 -55 -55 0 -55 -55 0 -55 0 -55
24200 0 0 -55 -55 0 0 0 0 0 0 -55 -55 0 -55 -55 0 -55 0 -55
24200 0 0 55 55 0 0 0 0 0 0 -55 -55 0 -55 -55 0 55 0 55
24200 0 0 -55 -55 0 0 0 0 0 0 -55 -55 0 -55 -55 0 55 0 55
24200 55 55 0 0 0 0 55 0 0 0 0 0 55 55 55 0 -55 0 -55
24200 -55 -55 0 0 0 0 55 0 0 0 0 0 55 55 55 0 -55 0 -55
24200 55 55 0 0 0 0 55 0 0 0 0 0 55 55 55 0 55 0 55
24200 -55 -55 0 0 0 0 55 0 0 0 0 0 55 55 55 0 55 0 55
24200 -55 55 0 0 0 0 -55 0 0 0 0 0 55 55 55 0 -55 0 -55
24200 55 -55 0 0 0 0 -55 0 0 0 0 0 55 55 55 0 -55 0 -55
24200 -55 55 0 0 0 0 -55 0 0 0 0 0 55 55 55 0 55 0 55
24200 55 -55 0 0 0 0 -55 0 0 0 0 0 55 55 55 0 55 0 55
24200 -55 55 0 0 0 0 55 0 0 0 0 0 -55 55 55 0 -55 0 -55
24200 55 -55 0 0 0 0 55 0 0 0 0 0 -55 55 55 0 -55 0 -55
24200 -55 55 0 0 0 0 55 0 0 0 0 0 -55 55 55 0 55 0 55
24200 55 -55 0 0 0 0 55 0 0 0 0 0 -55 55 55 0 55 0 55
24200 55 55 0 0 0 0 -55 0 0 0 0 0 -55 55 55 0 -55 0 -55
24200 -55 -55 0 0 0 0 -55 0 0 0 0 0 -55 55 55 0 -55 0 -55
24200 55 55 0 0 0 0 -55 0 0 0 0 0 -55 55 55 0 55 0 55
24200 -55 -55 0 0 0 0 -55 0 0 0 0 0 -55 55 55 0 55 0 55
24200 -55 55 0 0 0 0 55 0 0 0 0 0 55 -55 55 0 -55 0 -55
24200 55 -55 0 0 0 0 55 0 0 0 0 0 55 -55 55 0 -55 0 -55
24200 -55 55 0 0 0 0 55 0 0 0 0 0 55 -55 55 0 55 0 55
24200 55 -55 0 0 0 0 55 0 0 0 0 0 55 -55 55 0 55 0 55
24200 55 55 0 0 0 0 -55 0 0 0 0 0 55 -55 55 0 -55 0 -55
24200 -55 -55 0 0 0 0 -55 0 0 0 0 0 55 -55 55 0 -55 0 -55
24200 55 55 0 0 0 0 -55 0 0 0 0 0 55 -55 55 0 55 0 55
24200 -55 -55 0 0 0 0 -55 0 0 0 0 0 55 -55 55 0 55 0 55
24200 55 55 0 0 0 0 55 0 0 0 0 0 -55 -55 55 0 -55 0 -55
24200 -55 -55 0 0 0 0 55 0 0 0 0 0 -55 -55 55 0 -55 0 -55
24200 55 55 0 0 0 0 55 0 0 0 0 0 -55 -55 55 0 55 0 55
24200 -55 -55 0 0 0 0 55 0 0 0 0 0 -55 -55 55 0 55 0 55
24200 -55 55 0 0 0 0 -55 0 0 0 0 0 -55 -55 55 0 -55 0 -55
24200 55 -55 0 0 0 0 -55 0 0 0 0 0 -55 -55 55 0 -55 0 -55
24200 -55 55 0 0 0 0 -55 0 0 0 0 0 -55 -55 55 0 55 0 55
24200 55 -55 0 0 0 0 -55 0 0 0 0 0 -55 -55 55 0 55 0 55
24200 -55 55 0 0 0 0 55 0 0 0 0 0 55 55 -55 0 -55 0 -55
24200 55 -55 0 0 0 0 55 0 0 0 0 0 55 55 -55 0 -55 0 -55
24200 -55 55 0 0 0 0 55 0 0 0 0 0 55 55 -55 0 55 0 55
24200 55 -55 0 0 0 0 55 0 0 0 0 0 55 55 -55 0 55 0 55
24200 55 55 0 0 0 0 -55 0 0 0 0 0 55 55 -55 0 -55 0 -55
24200 -55 -55 0 0 0 0 -55 0 0 0 0 0 55 55 -55 0 -55 0 -55
24200 55 55 0 0 0 0 -55 0 0 0 0 0 55 55 -55 0 55 0 55
24200 -55 -55 0 0 0 0 -55 0 0 0 0 0 55 55 -55 0 55 0 55
24200 55 55 0 0 0 0 55 0 0 0 0 0 -55 55 -55 0 -55 0 -55
24200 -55 -55 0 0 0 0 55 0 0 0 0 0 -55 55 -55 0 -55 0 -55
24200 55 55 0 0 0 0 55 0 0 0 0 0 -55 55 -55 0 55 0 55
24200 -55 -55 0 0 0 0 55 0 0 0 0 0 -55 55 -55 0 55 0 55
24200 -55 55 0 0 0 0 -55 0 0 0 0 0 -55 55 -55 0 -55 0 -55
24200 55 -55 0 0 0 0 -55 0 0 0 0 0 -55 55 -55 0 -55 0 -55
24200 -55 55 0 0 0 0 -55 0 0 0 0 0 -55 55 -55 0 55 0 55
24200 55 -55 0 0 0 0 -55 0 0 0 0 0 -55 55 -55 0 55 0 55
24200 55 55 0 0 0 0 55 0 0 0 0 0 55 -55 -55 0 -55 0 -55
24200 -55 -55 0 0 0 0 55 0 0 0 0 0 55 -55 -55 0 -55 0 -55
24200 55 55 0 0 0 0 55 0 0 0 0 0 55 -55 -55 0 55 0 55
24200 -55 -55 0 0 0 0 55 0 0 0 0 0 55 -55 -55 0 55 0 55
24200 -55 55 0 0 0 0 -55 0 0 0 0 0 55 -55 -55 0 -55 0 -55
24200 55 -55 0 0 0 0 -55 0 0 0 0 0 55 -55 -55 0 -55 0 -55
24200 -55 55 0 0 0 0 -55 0 0 0 0 0 55 -55 -55 0 55 0 55
24200 55 -55 0 0 0 0 -55 0 0 0 0 0 55 -55 -55 0 55 0 55
24200 -55 55 0 0 0 0 55 0 0 0 0 0 -55 -55 -55 0 -55 0 -55
24200 55 -55 0 0 0 0 55 0 0 0 0 0 -55 -55 -55 0 -55 0 -55
24200 -55 55 0 0 0 0 55 0 0 0 0 0 -55 -55 -55 0 55 0 55
24200 55 -55 0 0 0 0 55 0 0 0 0 0 -55 -55 -55 0 55 0 55
24200 55 55 0 0 0 0 -55 0 0 0 0 0 -55 -55 -55 0 -55 0 -55
24200 -55 -55 0 0 0 0 -55 0 0 0 0 0 -55 -55 -55 0 -55 0 -55
24200 55 55 0 0 0 0 -55 0 0 0 0 0 -55 -55 -55 0 55 0 55
24200 -55 -55 0 0 0 0 -55 0 0 0 0 0 -55 -55 -55 0 55 0 55
24200 0 0 55 0 55 0 0 0 55 0 0 0 55 55 55 0 -55 55 0
24200 0 0 55 0 55 0 0 0 55 0 0 0 55 55 55 0 55 -55 0
24200 0 0 -55 0 -55 0 0 0 55 0 0 0 55 55 55 0 -55 55 0
24200 0 0 -55 0 -55 0 0 0 55 0 0 0 55 55 55 0 55 -55 0
24200 0 0 -55 0 55 0 0 0 -55 0 0 0 55 55 55 0 -55 55 0
24200 0 0 -55 0 55 0 0 0 -55 0 0 0 55 55 55 0 55 -55 0
24200 0 0 55 0 -55 0 0 0 -55 0 0 0 55 55 55 0 -55 55 0
24200 0 0 55 0 -55 0 0 0 -55 0 0 0 55 55 55 0 55 -55 0
24200 0 0 -55 0 55 0 0 0 55 0 0 0 -55 55 55 0 -55 55 0
24200 0 0 -55 0 55 0 0 0 55 0 0 0 -55 55 55 0 55 -55 0
24200 0 0 55 0 -55 0 0 0 55 0 0 0 -55 55 55 0 -55 55 0
24200 0 0 55 0 -55 0 0 0 55 0 0 0 -55 55 55 0 55 -55 0
24200 0 0 55 0 55 0 0 0 -55 0 0 0 -55 55 55 0 -55 55 0
24200 0 0 55 0 55 0 0 0 -55 0 0 0 -55 55 55 0 55 -55 0
24200 0 0 -55 0 -55 0 0 0 -55 0 0 0 -55 55 55 0 -55 55 0
24200 0 0 -55 0 -55 0 0 0 -55 0 0 0 -55 55 55 0 55 -55 0
24200 0 0 -55 0 55 0 0 0 55 0 0 0 55 -55 55 0 -55 55 0
24200 0 0 -55 0 55 0 0 0 55 0 0 0 55 -55 55 0 55 -55 0
24200 0 0 55 0 -55 0 0 0 55 0 0 0 55 -55 55 0 -55 55 0
24200 0 0 55 0 -55 0 0 0 55 0 0 0 55 -55 55 0 55 -55 0
24200 0 0 55 0 55 0 0 0 -55 0 0 0 55 -55 55 0 -55 55 0
24200 0 0 55 0 55 0 0 0 -55 0 0 0 55 -55 55 0 55 -55 0
24200 0 0 -55 0 -55 0 0 0 -55 0 0 0 55 -55 55 0 -55 55 0
24200 0 0 -55 0 -55 0 0 0 -55 0 0 0 55 -55 55 0 55 -55 0
24200 0 0 55 0 55 0 0 0 55 0 0 0 -55 -55 55 0 -55 55 0
24200 0 0 55 0 55 0 0 0 55 0 0 0 -55 -55 55 0 55 -55 0
24200 0 0 -55 0 -55 0 0 0 55 0 0 0 -55 -55 55 0 -55 55 0
24200 0 0 -55 0 -55 0 0 0 55 0 0 0 -55 -55 55 0 55 -55 0
24200 0 0 -55 0 55 0 0 0 -55 0 0 0 -55 -55 55 0 -55 55 0
24200 0 0 -55 0 55 0 0 0 -55 0 0 0 -55 -55 55 0 55 -55 0
24200 0 0 55 0 -55 0 0 0 -55 0 0 0 -55 -55 55 0 -55 55 0
24200 0 0 55 0 -55 0 0 0 -55 0 0 0 -55 -55 55 0 55 -55 0
24200 0 0 -55 0 55 0 0 0 55 0 0 0 55 55 -55 0 -55 55 0
24200 0 0 -55 0 55 0 0 0 55 0 0 0 55 55 -55 0 55 -55 0
24200 0 0 55 0 -55 0 0 0 55 0 0 0 55 55 -55 0 -55 55 0
24200 0 0 55 0 -55 0 0 0 55 0 0 0 55 55 -55 0 55 -55 0
24200 0 0 55 0 55 0 0 0 -55 0 0 0 55 55 -55 0 -55 55 0
24200 0 0 55 0 55 0 0 0 -55 0 0 0 55 55 -55 0 55 -55 0
24200 0 0 -55 0 -55 0 0 0 -55 0 0 0 55 55 -55 0 -55 55 0
24200 0 0 -55 0 -55 0 0 0 -55 0 0 0 55 55 -55 0 55 -55 0
24200 0 0 55 0 55 0 0 0 55 0 0 0 -55 55 -55 0 -55 55 0
24200 0 0 55 0 55 0 0 0 55 0 0 0 -55 55 -55 0 55 -55 0
24200 0 0 -55 0 -55 0 0 0 55 0 0 0 -55 55 -55 0 -55 55 0
24200 0 0 -55 0 -55 0 0 0 55 0 0 0 -55 55 -55 0 55 -55 0
24200 0 0 -55 0 55 0 0 0 -55 0 0 0 -55 55 -55 0 -55 55 0
24200 0 0 -55 0 55 0 0 0 -55 0 0 0 -55 55 -55 0 55 -55 0
24200 0 0 55 0 -55 0 0 0 -55 0 0 0 -55 55 -55 0 -55 55 0
24200 0 0 55 0 -55 0 0 0 -55 0 0 0 -55 55 -55 0 55 -55 0
24200 0 0 55 0 55 0 0 0 55 0 0 0 55 -55 -55 0 -55 55 0
24200 0 0 55 0 55 0 0 0 55 0 0 0 55 -55 -55 0 55 -55 0
24200 0 0 -55 0 -55 0 0 0 55 0 0 0 55 -55 -55 0 -55 55 0
24200 0 0 -55 0 -55 0 0 0 55 0 0 0 55 -55 -55 0 55 -55 0
24200 0 0 -55 0 55 0 0 0 -55 0 0 0 55 -55 -55 0 -55 55 0
24200 0 0 -55 0 55 0 0 0 -55 0 0 0 55 -55 -55 0 55 -55 0
24200 0 0 55 0 -55 0 0 0 -55 0 0 0 55 -55 -55 0 -55 55 0
24200 0 0 55 0 -55 0 0 0 -55 0 0 0 55 -55 -55 0 55 -55 0
24200 0 0 -55 0 55 0 0 0 55 0 0 0 -55 -55 -55 0 -55 55 0
24200 0 0 -55 0 55 0 0 0 55 0 0 0 -55 -55 -55 0 55 -55 0
24200 0 0 55 0 -55 0 0 0 55 0 0 0 -55 -55 -55 0 -55 55 0
24200 0 0 55 0 -55 0 0 0 55 0 0 0 -55 -55 -55 0 55 -55 0
24200 0 0 55 0 55 0 0 0 -55 0 0 0 -55 -55 -55 0 -55 55 0
24200 0 0 55 0 55 0 0 0 -55 0 0 0 -55 -55 -55 0 55 -55 0
24200 0 0 -55 0 -55 0 0 0 -55 0 0 0 -55 -55 -55 0 -55 55 0
24200 0 0 -55 0 -55 0 0 0 -55 0 0 0 -55 -55 -55 0 55 -55 0
24200 0 -55 0 55 55 55 0 0 0 0 55 0 55 55 55 0 0 0 0
24200 0 55 0 -55 55 55 0 0 0 0 55 0 55 55 55 0 0 0 0
24200 0 55 0 55 -55 55 0 0 0 0 55 0 55 55 55 0 0 0 0
24200 0 -55 0 -55 -55 55 0 0 0 0 55 0 55 55 55 0 0 0 0
24200 0 55 0 55 55 -55 0 0 0 0 55 0 55 55 55 0 0 0 0
24200 0 -55 0 -55 55 -55 0 0 0 0 55 0 55 55 55 0 0 0 0
24200 0 -55 0 55 -55 -55 0 0 0 0 55 0 55 55 55 0 0 0 0
24200 0 55 0 -55 -55 -55 0 0 0 0 55 0 55 55 55 0 0 0 0
24200 0 55 0 55 55 55 0 0 0 0 -55 0 55 55 55 0 0 0 0
24200 0 -55 0 -55 55 55 0 0 0 0 -55 0 55 55 55 0 0 0 0
24200 0 -55 0 55 -55 55 0 0 0 0 -55 0 55 55 55 0 0 0 0
24200 0 55 0 -55 -55 55 0 0 0 0 -55 0 55 55 55 0 0 0 0
24200 0 -55 0 55 55 -55 0 0 0 0 -55 0 55 55 55 0 0 0 0
24200 0 55 0 -55 55 -55 0 0 0 0 -55 0 55 55 55 0 0 0 0
24200 0 55 0 55 -55 -55 0 0 0 0 -55 0 55 55 55 0 0 0 0
24200 0 -55 0 -55 -55 -55 0 0 0 0 -55 0 55 55 55 0 0 0 0
24200 0 55 0 55 55 55 0 0 0 0 55 0 -55 55 55 0 0 0 0
24200 0 -55 0 -55 55 55 0 0 0 0 55 0 -55 55 55 0 0 0 0
24200 0 -55 0 55 -55 55 0 0 0 0 55 0 -55 55 55 0 0 0 0
24200 0 55 0 -55 -55 55 0 0 0 0 55 0 -55 55 55 0 0 0 0
24200 0 -55 0 55 55 -55 0 0 0 0 55 0 -55 55 55 0 0 0 0
24200 0 55 0 -55 55 -55 0 0 0 0 55 0 -55 55 55 0 0 0 0
24200 0 55 0 55 -55 -55 0 0 0 0 55 0 -55 55 55 0 0 0 0
24200 0 -55 0 -55 -55 -55 0 0 0 0 55 0 -55 55 55 0 0 0 0
24200 0 -55 0 55 55 55 0 0 0 0 -55 0 -55 55 55 0 0 0 0
24200 0 55 0 -55 55 55 0 0 0 0 -55 0 -55 55 55 0 0 0 0
24200 0 55 0 55 -55 55 0 0 0 0 -55 0 -55 55 55 0 0 0 0
24200 0 -55 0 -55 -55 55 0 0 0 0 -55 0 -55 55 55 0 0 0 0
24200 0 55 0 55 55 -55 0 0 0 0 -55 0 -55 55 55 0 0 0 0
24200 0 -55 0 -55 55 -55 0 0 0 0 -55 0 -55 55 55 0 0 0 0
24200 0 -55 0 55 -55 -55 0 0 0 0 -55 0 -55 55 55 0 0 0 0
24200 0 55 0 -55 -55 -55 0 0 0 0 -55 0 -55 55 55 0 0 0 0
24200 0 55 0 55 55 55 0 0 0 0 55 0 55 -55 55 0 0 0 0
24200 0 -55 0 -55 55 55 0 0 0 0 55 0 55 -55 55 0 0 0 0
24200 0 -55 0 55 -55 55 0 0 0 0 55 0 55 -55 55 0 0 0 0
24200 0 55 0 -55 -55 55 0 0 0 0 55 0 55 -55 55 0 0 0 0
24200 0 -55 0 55 55 -55 0 0 0 0 55 0 55 -55 55 0 0 0 0
24200 0 55 0 -55 55 -55 0 0 0 0 55 0 55 -55 55 0 0 0 0
24200 0 55 0 55 -55 -55 0 0 0 0 55 0 55 -55 55 0 0 0 0
24200 0 -55 0 -55 -55 -55 0 0 0 0 55 0 55 -55 55 0 0 0 0
24200 0 -55 0 55 55 55 0 0 0 0 -55 0 55 -55 55 0 0 0 0
24200 0 55 0 -55 55 55 0 0 0 0 -55 0 55 -55 55 0 0 0 0
24200 0 55 0 55 -55 55 0 0 0 0 -55 0 55 -55 55 0 0 0 0
24200 0 -55 0 -55 -55 55 0 0 0 0 -55 0 55 -55 55 0 0 0 0
24200 0 55 0 55 55 -55 0 0 0 0 -55 0 55 -55 55 0 0 0 0
24200 0 -55 0 -55 55 -55 0 0 0 0 -55 0 55 -55 55 0 0 0 0
24200 0 -55 0 55 -55 -55 0 0 0 0 -55 0 55 -55 55 0 0 0 0
24200 0 55 0 -55 -55 -55 0 0 0 0 -55 0 55 -55 55 0 0 0 0
24200 0 -55 0 55 55 55 0 0 0 0 55 0 -55 -55 55 0 0 0 0
24200 0 55 0 -55 55 55 0 0 0 0 55 0 -55 -55 55 0 0 0 0
24200 0 55 0 55 -55 55 0 0 0 0 55 0 -55 -55 55 0 0 0 0
24200 0 -55 0 -55 -55 55 0 0 0 0 55 0 -55 -55 55 0 0 0 0
24200 0 55 0 55 55 -55 0 0 0 0 55 0 -55 -55 55 0 0 0 0
24200 0 -55 0 -55 55 -55 0 0 0 0 55 0 -55 -55 55 0 0 0 0
24200 0 -55 0 55 -55 -55 0 0 0 0 55 0 -55 -55 55 0 0 0 0
24200 0 55 0 -55 -55 -55 0 0 0 0 55 0 -55 -55 55 0 0 0 0
24200 0 55 0 55 55 55 0 0 0 0 -55 0 -55 -55 55 0 0 0 0
24200 0 -55 0 -55 55 55 0 0 0 0 -55 0 -55 -55 55 0 0 0 0
24200 0 -55 0 55 -55 55 0 0 0 0 -55 0 -55 -55 55 0 0 0 0
24200 0 55 0 -55 -55 55 0 0 0 0 -55 0 -55 -55 55 0 0 0 0
24200 0 -55 0 55 55 -55 0 0 0 0 -55 0 -55 -55 55 0 0 0 0
24200 0 55 0 -55 55 -55 0 0 0 0 -55 0 -55 -55 55 0 0 0 0
24200 0 55 0 55 -55 -55 0 0 0 0 -55 0 -55 -55 55 0 0 0 0
24200 0 -55 0 -55 -55 -55 0 0 0 0 -55 0 -55 -55 55 0 0 0 0
24200 0 55 0 55 55 55 0 0 0 0 55 0 55 55 -55 0 0 0 0
24200 0 -55 0 -55 55 55 0 0 0 0 55 0 55 55 -55 0 0 0 0
24200 0 -55 0 55 -55 55 0 0 0 0 55 0 55 55 -55 0 0 0 0
24200 0 55 0 -55 -55 55 0 0 0 0 55 0 55 55 -55 0 0 0 0
24200 0 -55 0 55 55 -55 0 0 0 0 55 0 55 55 -55 0 0 0 0
24200 0 55 0 -55 55 -55 0 0 0 0 55 0 55 55 -55 0 0 0 0
24200 0 55 0 55 -55 -55 0 0 0 0 55 0 55 55 -55 0 0 0 0
24200 0 -55 0 -55 -55 -55 0 0 0 0 55 0 55 55 -55 0 0 0 0
24200 0 -55 0 55 55 55 0 0 0 0 -55 0 55 55 -55 0 0 0 0
24200 0 55 0 -55 55 55 0 0 0 0 -55 0 55 55 -55 0 0 0 0
24200 0 55 0 55 -55 55 0 0 0 0 -55 0 55 55 -55 0 0 0 0
24200 0 -55 0 -55 -55 55 0 0 0 0 -55 0 55 55 -55 0 0 0 0
24200 0 55 0 55 55 -55 0 0 0 0 -55 0 55 55 -55 0 0 0 0
24200 0 -55 0 -55 55 -55 0 0 0 0 -55 0 55 55 -55 0 0 0 0
24200 0 -55 0 55 -55 -55 0 0 0 0 -55 0 55 55 -55 0 0 0 0
24200 0 55 0 -55 -55 -55 0 0 0 0 -55 0 55 55 -55 0 0 0 0
24200 0 -55 0 55 55 55 0 0 0 0 55 0 -55 55 -55 0 0 0 0
24200 0 55 0 -55 55 55 0 0 0 0 55 0 -55 55 -55 0 0 0 0
24200 0 55 0 55 -55 55 0 0 0 0 55 0 -55 55 -55 0 0 0 0
24200 0 -55 0 -55 -55 55 0 0 0 0 55 0 -55 55 -55 0 0 0 0
24200 0 55 0 55 55 -55 0 0 0 0 55 0 -55 55 -55 0 0 0 0
24200 0 -55 0 -55 55 -55 0 0 0 0 55 0 -55 55 -55 0 0 0 0
24200 0 -55 0 55 -55 -55 0 0 0 0 55 0 -55 55 -55 0 0 0 0
24200 0 55 0 -55 -55 -55 0 0 0 0 55 0 -55 55 -55 0 0 0 0
24200 0 55 0 55 55 55 0 0 0 0 -55 0 -55 55 -55 0 0 0 0
24200 0 -55 0 -55 55 55 0 0 0 0 -55 0 -55 55 -55 0 0 0 0
24200 0 -55 0 55 -55 55 0 0 0 0 -55 0 -55 55 -55 0 0 0 0
24200 0 55 0 -55 -55 55 0 0 0 0 -55 0 -55 55 -55 0 0 0 0
24200 0 -55 0 55 55 -55 0 0 0 0 -55 0 -55 55 -55 0 0 0 0
24200 0 55 0 -55 55 -55 0 0 0 0 -55 0 -55 55 -55 0 0 0 0
24200 0 55 0 55 -55 -55 0 0 0 0 -55 0 -55 55 -55 0 0 0 0
24200 0 -55 0 -55 -55 -55 0 0 0 0 -55 0 -55 55 -55 0 0 0 0
24200 0 -55 0 55 55 55 0 0 0 0 55 0 55 -55 -55 0 0 0 0
24200 0 55 0 -55 55 55 0 0 0 0 55 0 55 -55 -55 0 0 0 0
24200 0 55 0 55 -55 55 0 0 0 0 55 0 55 -55 -55 0 0 0 0
24200 0 -55 0 -55 -55 55 0 0 0 0 55 0 55 -55 -55 0 0 0 0
24200 0 55 0 55 55 -55 0 0 0 0 55 0 55 -55 -55 0 0 0 0
24200 0 -55 0 -55 55 -55 0 0 0 0 55 0 55 -55 -55 0 0 0 0
24200 0 -55 0 55 -55 -55 0 0 0 0 55 0 55 -55 -55 0 0 0 0
24200 0 55 0 -55 -55 -55 0 0 0 0 55 0 55 -55 -55 0 0 0 0
24200 0 55 0 55 55 55 0 0 0 0 -55 0 55 -55 -55 0 0 0 0
24200 0 -55 0 -55 55 55 0 0 0 0 -55 0 55 -55 -55 0 0 0 0
24200 0 -55 0 55 -55 55 0 0 0 0 -55 0 55 -55 -55 0 0 0 0
24200 0 55 0 -55 -55 55 0 0 0 0 -55 0 55 -55 -55 0 0 0 0
24200 0 -55 0 55 55 -55 0 0 0 0 -55 0 55 -55 -55 0 0 0 0
24200 0 55 0 -55 55 -55 0 0 0 0 -55 0 55 -55 -55 0 0 0 0
24200 0 55 0 55 -55 -55 0 0 0 0 -55 0 55 -55 -55 0 0 0 0
24200 0 -55 0 -55 -55 -55 0 0 0 0 -55 0 55 -55 -55 0 0 0 0
24200 0 55 0 55 55 55 0 0 0 0 55 0 -55 -55 -55 0 0 0 0
24200 0 -55 0 -55 55 55 0 0 0 0 55 0 -55 -55 -55 0 0 0 0
24200 0 -55 0 55 -55 55 0 0 0 0 55 0 -55 -55 -55 0 0 0 0
24200 0 55 0 -55 -55 55 0 0 0 0 55 0 -55 -55 -55 0 0 0 0
24200 0 -55 0 55 55 -55 0 0 0 0 55 0 -55 -55 -55 0 0 0 0
24200 0 55 0 -55 55 -55 0 0 0 0 55 0 -55 -55 -55 0 0 0 0
24200 0 55 0 55 -55 -55 0 0 0 0 55 0 -55 -55 -55 0 0 0 0
24200 0 -55 0 -55 -55 -55 0 0 0 0 55 0 -55 -55 -55 0 0 0 0
24200 0 -55 0 55 55 55 0 0 0 0 -55 0 -55 -55 -55 0 0 0 0
24200 0 55 0 -55 55 55 0 0 0 0 -55 0 -55 -55 -55 0 0 0 0
24200 0 55 0 55 -55 55 0 0 0 0 -55 0 -55 -55 -55 0 0 0 0
24200 0 -55 0 -55 -55 55 0 0 0 0 -55 0 -55 -55 -55 0 0 0 0
24200 0 55 0 55 55 -55 0 0 0 0 -55 0 -55 -55 -55 0 0 0 0
24200 0 -55 0 -55 55 -55 0 0 0 0 -55 0 -55 -55 -55 0 0 0 0
24200 0 -55 0 55 -55 -55 0 0 0 0 -55 0 -55 -55 -55 0 0 0 0
24200 0 55 0 -55 -55 -55 0 0 0 0 -55 0 -55 -55 -55 0 0 0 0
24200 0 0 0 0 55 0 0 55 0 0 0 55 55 55 55 0 -55 -55 0
24200 0 0 0 0 55 0 0 55 0 0 0 55 55 55 55 0 55 55 0
24200 0 0 0 0 -55 0 0 -55 0 0 0 55 55 55 55 0 -55 -55 0
24200 0 0 0 0 -55 0 0 -55 0 0 0 55 55 55 55 0 55 55 0
24200 0 0 0 0 -55 0 0 55 0 0 0 -55 55 55 55 0 -55 -55 0
24200 0 0 0 0 -55 0 0 55 0 0 0 -55 55 55 55 0 55 55 0
24200 0 0 0 0 55 0 0 -55 0 0 0 -55 55 55 55 0 -55 -55 0
24200 0 0 0 0 55 0 0 -55 0 0 0 -55 55 55 55 0 55 55 0
24200 0 0 0 0 -55 0 0 55 0 0 0 55 -55 55 55 0 -55 -55 0
24200 0 0 0 0 -55 0 0 55 0 0 0 55 -55 55 55 0 55 55 0
24200 0 0 0 0 55 0 0 -55 0 0 0 55 -55 55 55 0 -55 -55 0
24200 0 0 0 0 55 0 0 -55 0 0 0 55 -55 55 55 0 55 55 0
24200 0 0 0 0 55 0 0 55 0 0 0 -55 -55 55 55 0 -55 -55 0
24200 0 0 0 0 55 0 0 55 0 0 0 -55 -55 55 55 0 55 55 0
24200 0 0 0 0 -55 0 0 -55 0 0 0 -55 -55 55 55 0 -55 -55 0
24200 0 0 0 0 -55 0 0 -55 0 0 0 -55 -55 55 55 0 55 55 0
24200 0 0 0 0 -55 0 0 55 0 0 0 55 55 -55 55 0 -55 -55 0
24200 0 0 0 0 -55 0 0 55 0 0 0 55 55 -55 55 0 55 55 0
24200 0 0 0 0 55 0 0 -55 0 0 0 55 55 -55 55 0 -55 -55 0
24200 0 0 0 0 55 0 0 -55 0 0 0 55 55 -55 55 0 55 55 0
24200 0 0 0 0 55 0 0 55 0 0 0 -55 55 -55 55 0 -55 -55 0
24200 0 0 0 0 55 0 0 55 0 0 0 -55 55 -55 55 0 55 55 0
24200 0 0 0 0 -55 0 0 -55 0 0 0 -55 55 -55 55 0 -55 -55 0
24200 0 0 0 0 -55 0 0 -55 0 0 0 -55 55 -55 55 0 55 55 0
24200 0 0 0 0 55 0 0 55 0 0 0 55 -55 -55 55 0 -55 -55 0
24200 0 0 0 0 55 0 0 55 0 0 0 55 -55 -55 55 0 55 55 0
24200 0 0 0 0 -55 0 0 -55 0 0 0 55 -55 -55 55 0 -55 -55 0
24200 0 0 0 0 -55 0 0 -55 0 0 0 55 -55 -55 55 0 55 55 0
24200 0 0 0 0 -55 0 0 55 0 0 0 -55 -55 -55 55 0 -55 -55 0
24200 0 0 0 0 -55 0 0 55 0 0 0 -55 -55 -55 55 0 55 55 0
24200 0 0 0 0 55 0 0 -55 0 0 0 -55 -55 -55 55 0 -55 -55 0
24200 0 0 0 0 55 0 0 -55 0 0 0 -55 -55 -55 55 0 55 55 0
24200 0 0 0 0 -55 0 0 55 0 0 0 55 55 55 -55 0 -55 -55 0
24200 0 0 0 0 -55 0 0 55 0 0 0 55 55 55 -55 0 55 55 0
24200 0 0 0 0 55 0 0 -55 0 0 0 55 55 55 -55 0 -55 -55 0
24200 0 0 0 0 55 0 0 -55 0 0 0 55 55 55 -55 0 55 55 0
24200 0 0 0 0 55 0 0 55 0 0 0 -55 55 55 -55 0 -55 -55 0
24200 0 0 0 0 55 0 0 55 0 0 0 -55 55 55 -55 0 55 55 0
24200 0 0 0 0 -55 0 0 -55 0 0 0 -55 55 55 -55 0 -55 -55 0
24200 0 0 0 0 -55 0 0 -55 0 0 0 -55 55 55 -55 0 55 55 0
24200 0 0 0 0 55 0 0 55 0 0 0 55 -55 55 -55 0 -55 -55 0
24200 0 0 0 0 55 0 0 55 0 0 0 55 -55 55 -55 0 55 55 0
24200 0 0 0 0 -55 0 0 -55 0 0 0 55 -55 55 -55 0 -55 -55 0
24200 0 0 0 0 -55 0 0 -55 0 0 0 55 -55 55 -55 0 55 55 0
24200 0 0 0 0 -55 0 0 55 0 0 0 -55 -55 55 -55 0 -55 -55 0
24200 0 0 0 0 -55 0 0 55 0 0 0 -55 -55 55 -55 0 55 55 0
24200 0 0 0 0 55 0 0 -55 0 0 0 -55 -55 55 -55 0 -55 -55 0
24200 0 0 0 0 55 0 0 -55 0 0 0 -55 -55 55 -55 0 55 55 0
24200 0 0 0 0 55 0 0 55 0 0 0 55 55 -55 -55 0 -55 -55 0
24200 0 0 0 0 55 0 0 55 0 0 0 55 55 -55 -55 0 55 55 0
24200 0 0 0 0 -55 0 0 -55 0 0 0 55 55 -55 -55 0 -55 -55 0
24200 0 0 0 0 -55 0 0 -55 0 0 0 55 55 -55 -55 0 55 55 0
24200 0 0 0 0 -55 0 0 55 0 0 0 -55 55 -55 -55 0 -55 -55 0
24200 0 0 0 0 -55 0 0 55 0 0 0 -55 55 -55 -55 0 55 55 0
24200 0 0 0 0 55 0 0 -55 0 0 0 -55 55 -55 -55 0 -55 -55 0
24200 0 0 0 0 55 0 0 -55 0 0 0 -55 55 -55 -55 0 55 55 0
24200 0 0 0 0 -55 0 0 55 0 0 0 55 -55 -55 -55 0 -55 -55 0
24200 0 0 0 0 -55 0 0 55 0 0 0 55 -55 -55 -55 0 55 55 0
24200 0 0 0 0 55 0 0 -55 0 0 0 55 -55 -55 -55 0 -55 -55 0
24200 0 0 0 0 55 0 0 -55 0 0 0 55 -55 -55 -55 0 55 55 0
24200 0 0 0 0 55 0 0 55 0 0 0 -55 -55 -55 -55 0 -55 -55 0
24200 0 0 0 0 55 0 0 55 0 0 0 -55 -55 -55 -55 0 55 55 0
24200 0 0 0 0 -55 0 0 -55 0 0 0 -55 -55 -55 -55 0 -55 -55 0
24200 0 0 0 0 -55 0 0 -55 0 0 0 -55 -55 -55 -55 0 55 55 0
24200 0 0 0 -55 0 0 55 0 55 55 0 55 55 55 55 0 0 0 0
24200 0 0 0 55 0 0 -55 0 55 55 0 55 55 55 55 0 0 0 0
24200 0 0 0 55 0 0 55 0 -55 55 0 55 55 55 55 0 0 0 0
24200 0 0 0 -55 0 0 -55 0 -55 55 0 55 55 55 55 0 0 0 0
24200 0 0 0 55 0 0 55 0 55 -55 0 55 55 55 55 0 0 0 0
24200 0 0 0 -55 0 0 -55 0 55 -55 0 55 55 55 55 0 0 0 0
24200 0 0 0 -55 0 0 55 0 -55 -55 0 55 55 55 55 0 0 0 0
24200 0 0 0 55 0 0 -55 0 -55 -55 0 55 55 55 55 0 0 0 0
24200 0 0 0 55 0 0 55 0 55 55 0 -55 55 55 55 0 0 0 0
24200 0 0 0 -55 0 0 -55 0 55 55 0 -55 55 55 55 0 0 0 0
24200 0 0 0 -55 0 0 55 0 -55 55 0 -55 55 55 55 0 0 0 0
24200 0 0 0 55 0 0 -55 0 -55 55 0 -55 55 55 55 0 0 0 0
24200 0 0 0 -55 0 0 55 0 55 -55 0 -55 55 55 55 0 0 0 0
24200 0 0 0 55 0 0 -55 0 55 -55 0 -55 55 55 55 0 0 0 0
24200 0 0 0 55 0 0 55 0 -55 -55 0 -55 55 55 55 0 0 0 0
24200 0 0 0 -55 0 0 -55 0 -55 -55 0 -55 55 55 55 0 0 0 0
24200 0 0 0 55 0 0 55 0 55 55 0 55 -55 55 55 0 0 0 0
24200 0 0 0 -55 0 0 -55 0 55 55 0 55 -55 55 55 0 0 0 0
24200 0 0 0 -55 0 0 55 0 -55 55 0 55 -55 55 55 0 0 0 0
24200 0 0 0 55 0 0 -55 0 -55 55 0 55 -55 55 55 0 0 0 0
24200 0 0 0 -55 0 0 55 0 55 -55 0 55 -55 55 55 0 0 0 0
24200 0 0 0 55 0 0 -55 0 55 -55 0 55 -55 55 55 0 0 0 0
24200 0 0 0 55 0 0 55 0 -55 -55 0 55 -55 55 55 0 0 0 0
24200 0 0 0 -55 0 0 -55 0 -55 -55 0 55 -55 55 55 0 0 0 0
24200 0 0 0 -55 0 0 55 0 55 55 0 -55 -55 55 55 0 0 0 0
24200 0 0 0 55 0 0 -55 0 55 55 0 -55 -55 55 55 0 0 0 0
24200 0 0 0 55 0 0 55 0 -55 55 0 -55 -55 55 55 0 0 0 0
24200 0 0 0 -55 0 0 -55 0 -55 55 0 -55 -55 55 55 0 0 0 0
24200 0 0 0 55 0 0 55 0 55 -55 0 -55 -55 55 55 0 0 0 0
24200 0 0 0 -55 0 0 -55 0 55 -55 0 -55 -55 55 55 0 0 0 0
24200 0 0 0 -55 0 0 55 0 -55 -55 0 -55 -55 55 55 0 0 0 0
24200 0 0 0 55 0 0 -55 0 -55 -55 0 -55 -55 55 55 0 0 0 0
24200 0 0 0 55 0 0 55 0 55 55 0 55 55 -55 55 0 0 0 0
24200 0 0 0 -55 0 0 -55 0 55 55 0 55 55 -55 55 0 0 0 0
24200 0 0 0 -55 0 0 55 0 -55 55 0 55 55 -55 55 0 0 0 0
24200 0 0 0 55 0 0 -55 0 -55 55 0 55 55 -55 55 0 0 0 0
24200 0 0 0 -55 0 0 55 0 55 -55 0 55 55 -55 55 0 0 0 0
24200 0 0 0 55 0 0 -55 0 55 -55 0 55 55 -55 55 0 0 0 0
24200 0 0 0 55 0 0 55 0 -55 -55 0 55 55 -55 55 0 0 0 0
24200 0 0 0 -55 0 0 -55 0 -55 -55 0 55 55 -55 55 0 0 0 0
24200 0 0 0 -55 0 0 55 0 55 55 0 -55 55 -55 55 0 0 0 0
24200 0 0 0 55 0 0 -55 0 55 55 0 -55 55 -55 55 0 0 0 0
24200 0 0 0 55 0 0 55 0 -55 55 0 -55 55 -55 55 0 0 0 0
24200 0 0 0 -55 0 0 -55 0 -55 55 0 -55 55 -55 55 0 0 0 0
24200 0 0 0 55 0 0 55 0 55 -55 0 -55 55 -55 55 0 0 0 0
24200 0 0 0 -55 0 0 -55 0 55 -55 0 -55 55 -55 55 0 0 0 0
24200 0 0 0 -55 0 0 55 0 -55 -55 0 -55 55 -55 55 0 0 0 0
24200 0 0 0 55 0 0 -55 0 -55 -55 0 -55 55 -55 55 0 0 0 0
24200 0 0 0 -55 0 0 55 0 55 55 0 55 -55 -55 55 0 0 0 0
24200 0 0 0 55 0 0 -55 0 55 55 0 55 -55 -55 55 0 0 0 0
24200 0 0 0 55 0 0 55 0 -55 55 0 55 -55 -55 55 0 0 0 0
24200 0 0 0 -55 0 0 -55 0 -55 55 0 55 -55 -55 55 0 0 0 0
24200 0 0 0 55 0 0 55 0 55 -55 0 55 -55 -55 55 0 0 0 0
24200 0 0 0 -55 0 0 -55 0 55 -55 0 55 -55 -55 55 0 0 0 0
24200 0 0 0 -55 0 0 55 0 -55 -55 0 55 -55 -55 55 0 0 0 0
24200 0 0 0 55 0 0 -55 0 -55 -55 0 55 -55 -55 55 0 0 0 0
24200 0 0 0 55 0 0 55 0 55 55 0 -55 -55 -55 55 0 0 0 0
24200 0 0 0 -55 0 0 -55 0 55 55 0 -55 -55 -55 55 0 0 0 0
24200 0 0 0 -55 0 0 55 0 -55 55 0 -55 -55 -55 55 0 0 0 0
24200 0 0 0 55 0 0 -55 0 -55 55 0 -55 -55 -55 55 0 0 0 0
24200 0 0 0 -55 0 0 55 0 55 -55 0 -55 -55 -55 55 0 0 0 0
24200 0 0 0 55 0 0 -55 0 55 -55 0 -55 -55 -55 55 0 0 0 0
24200 0 0 0 55 0 0 55 0 -55 -55 0 -55 -55 -55 55 0 0 0 0
24200 0 0 0 -55 0 0 -55 0 -55 -55 0 -55 -55 -55 55 0 0 0 0
24200 0 0 0 55 0 0 55 0 55 55 0 55 55 55 -55 0 0 0 0
24200 0 0 0 -55 0 0 -55 0 55 55 0 55 55 55 -55 0 0 0 0
24200 0 0 0 -55 0 0 55 0 -55 55 0 55 55 55 -55 0 0 0 0
24200 0 0 0 55 0 0 -55 0 -55 55 0 55 55 55 -55 0 0 0 0
24200 0 0 0 -55 0 0 55 0 55 -55 0 55 55 55 -55 0 0 0 0
24200 0 0 0 55 0 0 -55 0 55 -55 0 55 55 55 -55 0 0 0 0
24200 0 0 0 55 0 0 55 0 -55 -55 0 55 55 55 -55 0 0 0 0
24200 0 0 0 -55 0 0 -55 0 -55 -55 0 55 55 55 -55 0 0 0 0
24200 0 0 0 -55 0 0 55 0 55 55 0 -55 55 55 -55 0 0 0 0
24200 0 0 0 55 0 0 -55 0 55 55 0 -55 55 55 -55 0 0 0 0
24200 0 0 0 55 0 0 55 0 -55 55 0 -55 55 55 -55 0 0 0 0
24200 0 0 0 -55 0 0 -55 0 -55 55 0 -55 55 55 -55 0 0 0 0
24200 0 0 0 55 0 0 55 0 55 -55 0 -55 55 55 -55 0 0 0 0
24200 0 0 0 -55 0 0 -55 0 55 -55 0 -55 55 55 -55 0 0 0 0
24200 0 0 0 -55 0 0 55 0 -55 -55 0 -55 55 55 -55 0 0 0 0
24200 0 0 0 55 0 0 -55 0 -55 -55 0 -55 55 55 -55 0 0 0 0
24200 0 0 0 -55 0 0 55 0 55 55 0 55 -55 55 -55 0 0 0 0
24200 0 0 0 55 0 0 -55 0 55 55 0 55 -55 55 -55 0 0 0 0
24200 0 0 0 55 0 0 55 0 -55 55 0 55 -55 55 -55 0 0 0 0
24200 0 0 0 -55 0 0 -55 0 -55 55 0 55 -55 55 -55 0 0 0 0
24200 0 0 0 55 0 0 55 0 55 -55 0 55 -55 55 -55 0 0 0 0
24200 0 0 0 -55 0 0 -55 0 55 -55 0 55 -55 55 -55 0 0 0 0
24200 0 0 0 -55 0 0 55 0 -55 -55 0 55 -55 55 -55 0 0 0 0
24200 0 0 0 55 0 0 -55 0 -55 -55 0 55 -55 55 -55 0 0 0 0
24200 0 0 0 55 0 0 55 0 55 55 0 -55 -55 55 -55 0 0 0 0
24200 0 0 0 -55 0 0 -55 0 55 55 0 -55 -55 55 -55 0 0 0 0
24200 0 0 0 -55 0 0 55 0 -55 55 0 -55 -55 55 -55 0 0 0 0
24200 0 0 0 55 0 0 -55 0 -55 55 0 -55 -55 55 -55 0 0 0 0
24200 0 0 0 -55 0 0 55 0 55 -55 0 -55 -55 55 -55 0 0 0 0
24200 0 0 0 55 0 0 -55 0 55 -55 0 -55 -55 55 -55 0 0 0 0
24200 0 0 0 55 0 0 55 0 -55 -55 0 -55 -55 55 -55 0 0 0 0
24200 0 0 0 -55 0 0 -55 0 -55 -55 0 -55 -55 55 -55 0 0 0 0
24200 0 0 0 -55 0 0 55 0 55 55 0 55 55 -55 -55 0 0 0 0
24200 0 0 0 55 0 0 -55 0 55 55 0 55 55 -55 -55 0 0 0 0
24200 0 0 0 55 0 0 55 0 -55 55 0 55 55 -55 -55 0 0 0 0
24200 0 0 0 -55 0 0 -55 0 -55 55 0 55 55 -55 -55 0 0 0 0
24200 0 0 0 55 0 0 55 0 55 -55 0 55 55 -55 -55 0 0 0 0
24200 0 0 0 -55 0 0 -55 0 55 -55 0 55 55 -55 -55 0 0 0 0
24200 0 0 0 -55 0 0 55 0 -55 -55 0 55 55 -55 -55 0 0 0 0
24200 0 0 0 55 0 0 -55 0 -55 -55 0 55 55 -55 -55 0 0 0 0
24200 0 0 0 55 0 0 55 0 55 55 0 -55 55 -55 -55 0 0 0 0
24200 0 0 0 -55 0 0 -55 0 55 55 0 -55 55 -55 -55 0 0 0 0
24200 0 0 0 -55 0 0 55 0 -55 55 0 -55 55 -55 -55 0 0 0 0
24200 0 0 0 55 0 0 -55 0 -55 55 0 -55 55 -55 -55 0 0 0 0
24200 0 0 0 -55 0 0 55 0 55 -55 0 -55 55 -55 -55 0 0 0 0
24200 0 0 0 55 0 0 -55 0 55 -55 0 -55 55 -55 -55 0 0 0 0
24200 0 0 0 55 0 0 55 0 -55 -55 0 -55 55 -55 -55 0 0 0 0
24200 0 0 0 -55 0 0 -55 0 -55 -55 0 -55 55 -55 -55 0 0 0 0
24200 0 0 0 55 0 0 55 0 55 55 0 55 -55 -55 -55 0 0 0 0
24200 0 0 0 -55 0 0 -55 0 55 55 0 55 -55 -55 -55 0 0 0 0
24200 0 0 0 -55 0 0 55 0 -55 55 0 55 -55 -55 -55 0 0 0 0
24200 0 0 0 55 0 0 -55 0 -55 55 0 55 -55 -55 -55 0 0 0 0
24200 0 0 0 -55 0 0 55 0 55 -55 0 55 -55 -55 -55 0 0 0 0
24200 0 0 0 55 0 0 -55 0 55 -55 0 55 -55 -55 -55 0 0 0 0
24200 0 0 0 55 0 0 55 0 -55 -55 0 55 -55 -55 -55 0 0 0 0
24200 0 0 0 -55 0 0 -55 0 -55 -55 0 55 -55 -55 -55 0 0 0 0
24200 0 0 0 -55 0 0 55 0 55 55 0 -55 -55 -55 -55 0 0 0 0
24200 0 0 0 55 0 0 -55 0 55 55 0 -55 -55 -55 -55 0 0 0 0
24200 0 0 0 55 0 0 55 0 -55 55 0 -55 -55 -55 -55 0 0 0 0
24200 0 0 0 -55 0 0 -55 0 -55 55 0 -55 -55 -55 -55 0 0 0 0
24200 0 0 0 55 0 0 55 0 55 -55 0 -55 -55 -55 -55 0 0 0 0
24200 0 0 0 -55 0 0 -55 0 55 -55 0 -55 -55 -55 -55 0 0 0 0
24200 0 0 0 -55 0 0 55 0 -55 -55 0 -55 -55 -55 -55 0 0 0 0
24200 0 0 0 55 0 0 -55 0 -55 -55 0 -55 -55 -55 -55 0 0 0 0
24200 0 55 55 55 0 0 55 55 0 0 0 0 0 0 0 55 -55 0 -55
24200 0 -55 -55 55 0 0 55 55 0 0 0 0 0 0 0 55 -55 0 -55
24200 0 -55 55 -55 0 0 55 55 0 0 0 0 0 0 0 55 -55 0 -55
24200 0 55 -55 -55 0 0 55 55 0 0 0 0 0 0 0 55 -55 0 -55
24200 0 55 55 55 0 0 55 55 0 0 0 0 0 0 0 55 55 0 55
24200 0 -55 -55 55 0 0 55 55 0 0 0 0 0 0 0 55 55 0 55
24200 0 -55 55 -55 0 0 55 55 0 0 0 0 0 0 0 55 55 0 55
24200 0 55 -55 -55 0 0 55 55 0 0 0 0 0 0 0 55 55 0 55
24200 0 -55 55 55 0 0 -55 55 0 0 0 0 0 0 0 55 -55 0 -55
24200 0 55 -55 55 0 0 -55 55 0 0 0 0 0 0 0 55 -55 0 -55
24200 0 55 55 -55 0 0 -55 55 0 0 0 0 0 0 0 55 -55 0 -55
24200 0 -55 -55 -55 0 0 -55 55 0 0 0 0 0 0 0 55 -55 0 -55
24200 0 -55 55 55 0 0 -55 55 0 0 0 0 0 0 0 55 55 0 55
24200 0 55 -55 55 0 0 -55 55 0 0 0 0 0 0 0 55 55 0 55
24200 0 55 55 -55 0 0 -55 55 0 0 0 0 0 0 0 55 55 0 55
24200 0 -55 -55 -55 0 0 -55 55 0 0 0 0 0 0 0 55 55 0 55
24200 0 -55 55 55 0 0 55 -55 0 0 0 0 0 0 0 55 -55 0 -55
24200 0 55 -55 55 0 0 55 -55 0 0 0 0 0 0 0 55 -55 0 -55
24200 0 55 55 -55 0 0 55 -55 0 0 0 0 0 0 0 55 -55 0 -55
24200 0 -55 -55 -55 0 0 55 -55 0 0 0 0 0 0 0 55 -55 0 -55
24200 0 -55 55 55 0 0 55 -55 0 0 0 0 0 0 0 55 55 0 55
24200 0 55 -55 55 0 0 55 -55 0 0 0 0 0 0 0 55 55 0 55
24200 0 55 55 -55 0 0 55 -55 0 0 0 0 0 0 0 55 55 0 55
24200 0 -55 -55 -55 0 0 55 -55 0 0 0 0 0 0 0 55 55 0 55
24200 0 55 55 55 0 0 -55 -55 0 0 0 0 0 0 0 55 -55 0 -55
24200 0 -55 -55 55 0 0 -55 -55 0 0 0 0 0 0 0 55 -55 0 -55
24200 0 -55 55 -55 0 0 -55 -55 0 0 0 0 0 0 0 55 -55 0 -55
24200 0 55 -55 -55 0 0 -55 -55 0 0 0 0 0 0 0 55 -55 0 -55
24200 0 55 55 55 0 0 -55 -55 0 0 0 0 0 0 0 55 55 0 55
24200 0 -55 -55 55 0 0 -55 -55 0 0 0 0 0 0 0 55 55 0 55
24200 0 -55 55 -55 0 0 -55 -55 0 0 0 0 0 0 0 55 55 0 55
24200 0 55 -55 -55 0 0 -55 -55 0 0 0 0 0 0 0 55 55 0 55
24200 0 -55 55 55 0 0 55 55 0 0 0 0 0 0 0 -55 -55 0 -55
24200 0 55 -55 55 0 0 55 55 0 0 0 0 0 0 0 -55 -55 0 -55
24200 0 55 55 -55 0 0 55 55 0 0 0 0 0 0 0 -55 -55 0 -55
24200 0 -55 -55 -55 0 0 55 55 0 0 0 0 0 0 0 -55 -55 0 -55
24200 0 -55 55 55 0 0 55 55 0 0 0 0 0 0 0 -55 55 0 55
24200 0 55 -55 55 0 0 55 55 0 0 0 0 0 0 0 -55 55 0 55
24200 0 55 55 -55 0 0 55 55 0 0 0 0 0 0 0 -55 55 0 55
24200 0 -55 -55 -55 0 0 55 55 0 0 0 0 0 0 0 -55 55 0 55
24200 0 55 55 55 0 0 -55 55 0 0 0 0 0 0 0 -55 -55 0 -55
24200 0 -55 -55 55 0 0 -55 55 0 0 0 0 0 0 0 -55 -55 0 -55
24200 0 -55 55 -55 0 0 -55 55 0 0 0 0 0 0 0 -55 -55 0 -55
24200 0 55 -55 -55 0 0 -55 55 0 0 0 0 0 0 0 -55 -55 0 -55
24200 0 55 55 55 0 0 -55 55 0 0 0 0 0 0 0 -55 55 0 55
24200 0 -55 -55 55 0 0 -55 55 0 0 0 0 0 0 0 -55 55 0 55
24200 0 -55 55 -55 0 0 -55 55 0 0 0 0 0 0 0 -55 55 0 55
24200 0 55 -55 -55 0 0 -55 55 0 0 0 0 0 0 0 -55 55 0 55
24200 0 55 55 55 0 0 55 -55 0 0 0 0 0 0 0 -55 -55 0 -55
24200 0 -55 -55 55 0 0 55 -55 0 0 0 0 0 0 0 -55 -55 0 -55
24200 0 -55 55 -55 0 0 55 -55 0 0 0 0 0 0 0 -55 -55 0 -55
24200 0 55 -55 -55 0 0 55 -55 0 0 0 0 0 0 0 -55 -55 0 -55
24200 0 55 55 55 0 0 55 -55 0 0 0 0 0 0 0 -55 55 0 55
24200 0 -55 -55 55 0 0 55 -55 0 0 0 0 0 0 0 -55 55 0 55
24200 0 -55 55 -55 0 0 55 -55 0 0 0 0 0 0 0 -55 55 0 55
24200 0 55 -55 -55 0 0 55 -55 0 0 0 0 0 0 0 -55 55 0 55
24200 0 -55 55 55 0 0 -55 -55 0 0 0 0 0 0 0 -55 -55 0 -55
24200 0 55 -55 55 0 0 -55 -55 0 0 0 0 0 0 0 -55 -55 0 -55
24200 0 55 55 -55 0 0 -55 -55 0 0 0 0 0 0 0 -55 -55 0 -55
24200 0 -55 -55 -55 0 0 -55 -55 0 0 0 0 0 0 0 -55 -55 0 -55
24200 0 -55 55 55 0 0 -55 -55 0 0 0 0 0 0 0 -55 55 0 55
24200 0 55 -55 55 0 0 -55 -55 0 0 0 0 0 0 0 -55 55 0 55
24200 0 55 55 -55 0 0 -55 -55 0 0 0 0 0 0 0 -55 55 0 55
24200 0 -55 -55 -55 0 0 -55 -55 0 0 0 0 0 0 0 -55 55 0 55
24200 55 0 0 55 55 0 0 55 55 0 0 0 0 0 0 55 -55 55 0
24200 -55 0 0 -55 55 0 0 55 55 0 0 0 0 0 0 55 -55 55 0
24200 55 0 0 55 55 0 0 55 55 0 0 0 0 0 0 55 55 -55 0
24200 -55 0 0 -55 55 0 0 55 55 0 0 0 0 0 0 55 55 -55 0
24200 -55 0 0 55 -55 0 0 55 55 0 0 0 0 0 0 55 -55 55 0
24200 55 0 0 -55 -55 0 0 55 55 0 0 0 0 0 0 55 -55 55 0
24200 -55 0 0 55 -55 0 0 55 55 0 0 0 0 0 0 55 55 -55 0
24200 55 0 0 -55 -55 0 0 55 55 0 0 0 0 0 0 55 55 -55 0
24200 -55 0 0 55 55 0 0 -55 55 0 0 0 0 0 0 55 -55 55 0
24200 55 0 0 -55 55 0 0 -55 55 0 0 0 0 0 0 55 -55 55 0
24200 -55 0 0 55 55 0 0 -55 55 0 0 0 0 0 0 55 55 -55 0
24200 55 0 0 -55 55 0 0 -55 55 0 0 0 0 0 0 55 55 -55 0
24200 55 0 0 55 -55 0 0 -55 55 0 0 0 0 0 0 55 -55 55 0
24200 -55 0 0 -55 -55 0 0 -55 55 0 0 0 0 0 0 55 -55 55 0
24200 55 0 0 55 -55 0 0 -55 55 0 0 0 0 0 0 55 55 -55 0
24200 -55 0 0 -55 -55 0 0 -55 55 0 0 0 0 0 0 55 55 -55 0
24200 -55 0 0 55 55 0 0 55 -55 0 0 0 0 0 0 55 -55 55 0
24200 55 0 0 -55 55 0 0 55 -55 0 0 0 0 0 0 55 -55 55 0
24200 -55 0 0 55 55 0 0 55 -55 0 0 0 0 0 0 55 55 -55 0
24200 55 0 0 -55 55 0 0 55 -55 0 0 0 0 0 0 55 55 -55 0
24200 55 0 0 55 -55 0 0 55 -55 0 0 0 0 0 0 55 -55 55 0
24200 -55 0 0 -55 -55 0 0 55 -55 0 0 0 0 0 0 55 -55 55 0
24200 55 0 0 55 -55 0 0 55 -55 0 0 0 0 0 0 55 55 -55 0
24200 -55 0 0 -55 -55 0 0 55 -55 0 0 0 0 0 0 55 55 -55 0
24200 55 0 0 55 55 0 0 -55 -55 0 0 0 0 0 0 55 -55 55 0
24200 -55 0 0 -55 55 0 0 -55 -55 0 0 0 0 0 0 55 -55 55 0
24200 55 0 0 55 55 0 0 -55 -55 0 0 0 0 0 0 55 55 -55 0
24200 -55 0 0 -55 55 0 0 -55 -55 0 0 0 0 0 0 55 55 -55 0
24200 -55 0 0 55 -55 0 0 -55 -55 0 0 0 0 0 0 55 -55 55 0
24200 55 0 0 -55 -55 0 0 -55 -55 0 0 0 0 0 0 55 -55 55 0
24200 -55 0 0 55 -55 0 0 -55 -55 0 0 0 0 0 0 55 55 -55 0
24200 55 0 0 -55 -55 0 0 -55 -55 0 0 0 0 0 0 55 55 -55 0
24200 -55 0 0 55 55 0 0 55 55 0 0 0 0 0 0 -55 -55 55 0
24200 55 0 0 -55 55 0 0 55 55 0 0 0 0 0 0 -55 -55 55 0
24200 -55 0 0 55 55 0 0 55 55 0 0 0 0 0 0 -55 55 -55 0
24200 55 0 0 -55 55 0 0 55 55 0 0 0 0 0 0 -55 55 -55 0
24200 55 0 0 55 -55 0 0 55 55 0 0 0 0 0 0 -55 -55 55 0
24200 -55 0 0 -55 -55 0 0 55 55 0 0 0 0 0 0 -55 -55 55 0
24200 55 0 0 55 -55 0 0 55 55 0 0 0 0 0 0 -55 55 -55 0
24200 -55 0 0 -55 -55 0 0 55 55 0 0 0 0 0 0 -55 55 -55 0
24200 55 0 0 55 55 0 0 -55 55 0 0 0 0 0 0 -55 -55 55 0
24200 -55 0 0 -55 55 0 0 -55 55 0 0 0 0 0 0 -55 -55 55 0
24200 55 0 0 55 55 0 0 -55 55 0 0 0 0 0 0 -55 55 -55 0
24200 -55 0 0 -55 55 0 0 -55 55 0 0 0 0 0 0 -55 55 -55 0
24200 -55 0 0 55 -55 0 0 -55 55 0 0 0 0 0 0 -55 -55 55 0
24200 55 0 0 -55 -55 0 0 -55 55 0 0 0 0 0 0 -55 -55 55 0
24200 -55 0 0 55 -55 0 0 -55 55 0 0 0 0 0 0 -55 55 -55 0
24200 55 0 0 -55 -55 0 0 -55 55 0 0 0 0 0 0 -55 55 -55 0
24200 55 0 0 55 55 0 0 55 -55 0 0 0 0 0 0 -55 -55 55 0
24200 -55 0 0 -55 55 0 0 55 -55 0 0 0 0 0 0 -55 -55 55 0
24200 55 0 0 55 55 0 0 55 -55 0 0 0 0 0 0 -55 55 -55 0
24200 -55 0 0 -55 55 0 0 55 -55 0 0 0 0 0 0 -55 55 -55 0
24200 -55 0 0 55 -55 0 0 55 -55 0 0 0 0 0 0 -55 -55 55 0
24200 55 0 0 -55 -55 0 0 55 -55 0 0 0 0 0 0 -55 -55 55 0
24200 -55 0 0 55 -55 0 0 55 -55 0 0 0 0 0 0 -55 55 -55 0
24200 55 0 0 -55 -55 0 0 55 -55 0 0 0 0 0 0 -55 55 -55 0
24200 -55 0 0 55 55 0 0 -55 -55 0 0 0 0 0 0 -55 -55 55 0
24200 55 0 0 -55 55 0 0 -55 -55 0 0 0 0 0 0 -55 -55 55 0
24200 -55 0 0 55 55 0 0 -55 -55 0 0 0 0 0 0 -55 55 -55 0
24200 55 0 0 -55 55 0 0 -55 -55 0 0 0 0 0 0 -55 55 -55 0
24200 55 0 0 55 -55 0 0 -55 -55 0 0 0 0 0 0 -55 -55 55 0
24200 -55 0 0 -55 -55 0 0 -55 -55 0 0 0 0 0 0 -55 -55 55 0
24200 55 0 0 55 -55 0 0 -55 -55 0 0 0 0 0 0 -55 55 -55 0
24200 -55 0 0 -55 -55 0 0 -55 -55 0 0 0 0 0 0 -55 55 -55 0
24200 0 55 55 0 55 0 0 0 55 55 0 0 0 0 0 55 0 -55 55
24200 0 -55 -55 0 55 0 0 0 55 55 0 0 0 0 0 55 0 -55 55
24200 0 -55 55 0 -55 0 0 0 55 55 0 0 0 0 0 55 0 -55 55
24200 0 55 -55 0 -55 0 0 0 55 55 0 0 0 0 0 55 0 -55 55
24200 0 55 55 0 55 0 0 0 55 55 0 0 0 0 0 55 0 55 -55
24200 0 -55 -55 0 55 0 0 0 55 55 0 0 0 0 0 55 0 55 -55
24200 0 -55 55 0 -55 0 0 0 55 55 0 0 0 0 0 55 0 55 -55
24200 0 55 -55 0 -55 0 0 0 55 55 0 0 0 0 0 55 0 55 -55
24200 0 -55 55 0 55 0 0 0 -55 55 0 0 0 0 0 55 0 -55 55
24200 0 55 -55 0 55 0 0 0 -55 55 0 0 0 0 0 55 0 -55 55
24200 0 55 55 0 -55 0 0 0 -55 55 0 0 0 0 0 55 0 -55 55
24200 0 -55 -55 0 -55 0 0 0 -55 55 0 0 0 0 0 55 0 -55 55
24200 0 -55 55 0 55 0 0 0 -55 55 0 0 0 0 0 55 0 55 -55
24200 0 55 -55 0 55 0 0 0 -55 55 0 0 0 0 0 55 0 55 -55
24200 0 55 55 0 -55 0 0 0 -55 55 0 0 0 0 0 55 0 55 -55
24200 0 -55 -55 0 -55 0 0 0 -55 55 0 0 0 0 0 55 0 55 -55
24200 0 -55 55 0 55 0 0 0 55 -55 0 0 0 0 0 55 0 -55 55
24200 0 55 -55 0 55 0 0 0 55 -55 0 0 0 0 0 55 0 -55 55
24200 0 55 55 0 -55 0 0 0 55 -55 0 0 0 0 0 55 0 -55 55
24200 0 -55 -55 0 -55 0 0 0 55 -55 0 0 0 0 0 55 0 -55 55
24200 0 -55 55 0 55 0 0 0 55 -55 0 0 0 0 0 55 0 55 -55
24200 0 55 -55 0 55 0 0 0 55 -55 0 0 0 0 0 55 0 55 -55
24200 0 55 55 0 -55 0 0 0 55 -55 0 0 0 0 0 55 0 55 -55
24200 0 -55 -55 0 -55 0 0 0 55 -55 0 0 0 0 0 55 0 55 -55
24200 0 55 55 0 55 0 0 0 -55 -55 0 0 0 0 0 55 0 -55 55
24200 0 -55 -55 0 55 0 0 0 -55 -55 0 0 0 0 0 55 0 -55 55
24200 0 -55 55 0 -55 0 0 0 -55 -55 0 0 0 0 0 55 0 -55 55
24200 0 55 -55 0 -55 0 0 0 -55 -55 0 0 0 0 0 55 0 -55 55
24200 0 55 55 0 55 0 0 0 -55 -55 0 0 0 0 0 55 0 55 -55
24200 0 -55 -55 0 55 0 0 0 -55 -55 0 0 0 0 0 55 0 55 -55
24200 0 -55 55 0 -55 0 0 0 -55 -55 0 0 0 0 0 55 0 55 -55
24200 0 55 -55 0 -55 0 0 0 -55 -55 0 0 0 0 0 55 0 55 -55
24200 0 -55 55 0 55 0 0 0 55 55 0 0 0 0 0 -55 0 -55 55
24200 0 55 -55 0 55 0 0 0 55 55 0 0 0 0 0 -55 0 -55 55
24200 0 55 55 0 -55 0 0 0 55 55 0 0 0 0 0 -55 0 -55 55
24200 0 -55 -55 0 -55 0 0 0 55 55 0 0 0 0 0 -55 0 -55 55
24200 0 -55 55 0 55 0 0 0 55 55 0 0 0 0 0 -55 0 55 -55
24200 0 55 -55 0 55 0 0 0 55 55 0 0 0 0 0 -55 0 55 -55
24200 0 55 55 0 -55 0 0 0 55 55 0 0 0 0 0 -55 0 55 -55
24200 0 -55 -55 0 -55 0 0 0 55 55 0 0 0 0 0 -55 0 55 -55
24200 0 55 55 0 55 0 0 0 -55 55 0 0 0 0 0 -55 0 -55 55
24200 0 -55 -55 0 55 0 0 0 -55 55 0 0 0 0 0 -55 0 -55 55
24200 0 -55 55 0 -55 0 0 0 -55 55 0 0 0 0 0 -55 0 -55 55
24200 0 55 -55 0 -55 0 0 0 -55 55 0 0 0 0 0 -55 0 -55 55
24200 0 55 55 0 55 0 0 0 -55 55 0 0 0 0 0 -55 0 55 -55
24200 0 -55 -55 0 55 0 0 0 -55 55 0 0 0 0 0 -55 0 55 -55
24200 0 -55 55 0 -55 0 0 0 -55 55 0 0 0 0 0 -55 0 55 -55
24200 0 55 -55 0 -55 0 0 0 -55 55 0 0 0 0 0 -55 0 55 -55
24200 0 55 55 0 55 0 0 0 55 -55 0 0 0 0 0 -55 0 -55 55
24200 0 -55 -55 0 55 0 0 0 55 -55 0 0 0 0 0 -55 0 -55 55
24200 0 -55 55 0 -55 0 0 0 55 -55 0 0 0 0 0 -55 0 -55 55
24200 0 55 -55 0 -55 0 0 0 55 -55 0 0 0 0 0 -55 0 -55 55
24200 0 55 55 0 55 0 0 0 55 -55 0 0 0 0 0 -55 0 55 -55
24200 0 -55 -55 0 55 0 0 0 55 -55 0 0 0 0 0 -55 0 55 -55
24200 0 -55 55 0 -55 0 0 0 55 -55 0 0 0 0 0 -55 0 55 -55
24200 0 55 -55 0 -55 0 0 0 55 -55 0 0 0 0 0 -55 0 55 -55
24200 0 -55 55 0 55 0 0 0 -55 -55 0 0 0 0 0 -55 0 -55 55
24200 0 55 -55 0 55 0 0 0 -55 -55 0 0 0 0 0 -55 0 -55 55
24200 0 55 55 0 -55 0 0 0 -55 -55 0 0 0 0 0 -55 0 -55 55
24200 0 -55 -55 0 -55 0 0 0 -55 -55 0 0 0 0 0 -55 0 -55 55
24200 0 -55 55 0 55 0 0 0 -55 -55 0 0 0 0 0 -55 0 55 -55
24200 0 55 -55 0 55 0 0 0 -55 -55 0 0 0 0 0 -55 0 55 -55
24200 0 55 55 0 -55 0 0 0 -55 -55 0 0 0 0 0 -55 0 55 -55
24200 0 -55 -55 0 -55 0 0 0 -55 -55 0 0 0 0 0 -55 0 55 -55
24200 -55 55 55 0 55 55 0 55 0 0 55 0 0 0 0 55 0 0 0
24200 55 -55 55 0 55 55 0 55 0 0 55 0 0 0 0 55 0 0 0
24200 55 55 -55 0 55 55 0 55 0 0 55 0 0 0 0 55 0 0 0
24200 -55 -55 -55 0 55 55 0 55 0 0 55 0 0 0 0 55 0 0 0
24200 55 55 55 0 -55 55 0 55 0 0 55 0 0 0 0 55 0 0 0
24200 -55 -55 55 0 -55 55 0 55 0 0 55 0 0 0 0 55 0 0 0
24200 -55 55 -55 0 -55 55 0 55 0 0 55 0 0 0 0 55 0 0 0
24200 55 -55 -55 0 -55 55 0 55 0 0 55 0 0 0 0 55 0 0 0
24200 55 55 55 0 55 -55 0 55 0 0 55 0 0 0 0 55 0 0 0
24200 -55 -55 55 0 55 -55 0 55 0 0 55 0 0 0 0 55 0 0 0
24200 -55 55 -55 0 55 -55 0 55 0 0 55 0 0 0 0 55 0 0 0
24200 55 -55 -55 0 55 -55 0 55 0 0 55 0 0 0 0 55 0 0 0
24200 -55 55 55 0 -55 -55 0 55 0 0 55 0 0 0 0 55 0 0 0
24200 55 -55 55 0 -55 -55 0 55 0 0 55 0 0 0 0 55 0 0 0
24200 55 55 -55 0 -55 -55 0 55 0 0 55 0 0 0 0 55 0 0 0
24200 -55 -55 -55 0 -55 -55 0 55 0 0 55 0 0 0 0 55 0 0 0
24200 55 55 55 0 55 55 0 -55 0 0 55 0 0 0 0 55 0 0 0
24200 -55 -55 55 0 55 55 0 -55 0 0 55 0 0 0 0 55 0 0 0
24200 -55 55 -55 0 55 55 0 -55 0 0 55 0 0 0 0 55 0 0 0
24200 55 -55 -55 0 55 55 0 -55 0 0 55 0 0 0 0 55 0 0 0
24200 -55 55 55 0 -55 55 0 -55 0 0 55 0 0 0 0 55 0 0 0
24200 55 -55 55 0 -55 55 0 -55 0 0 55 0 0 0 0 55 0 0 0
24200 55 55 -55 0 -55 55 0 -55 0 0 55 0 0 0 0 55 0 0 0
24200 -55 -55 -55 0 -55 55 0 -55 0 0 55 0 0 0 0 55 0 0 0
24200 -55 55 55 0 55 -55 0 -55 0 0 55 0 0 0 0 55 0 0 0
24200 55 -55 55 0 55 -55 0 -55 0 0 55 0 0 0 0 55 0 0 0
24200 55 55 -55 0 55 -55 0 -55 0 0 55 0 0 0 0 55 0 0 0
24200 -55 -55 -55 0 55 -55 0 -55 0 0 55 0 0 0 0 55 0 0 0
24200 55 55 55 0 -55 -55 0 -55 0 0 55 0 0 0 0 55 0 0 0
24200 -55 -55 55 0 -55 -55 0 -55 0 0 55 0 0 0 0 55 0 0 0
24200 -55 55 -55 0 -55 -55 0 -55 0 0 55 0 0 0 0 55 0 0 0
24200 55 -55 -55 0 -55 -55 0 -55 0 0 55 0 0 0 0 55 0 0 0
24200 55 55 55 0 55 55 0 55 0 0 -55 0 0 0 0 55 0 0 0
24200 -55 -55 55 0 55 55 0 55 0 0 -55 0 0 0 0 55 0 0 0
24200 -55 55 -55 0 55 55 0 55 0 0 -55 0 0 0 0 55 0 0 0
24200 55 -55 -55 0 55 55 0 55 0 0 -55 0 0 0 0 55 0 0 0
24200 -55 55 55 0 -55 55 0 55 0 0 -55 0 0 0 0 55 0 0 0
24200 55 -55 55 0 -55 55 0 55 0 0 -55 0 0 0 0 55 0 0 0
24200 55 55 -55 0 -55 55 0 55 0 0 -55 0 0 0 0 55 0 0 0
24200 -55 -55 -55 0 -55 55 0 55 0 0 -55 0 0 0 0 55 0 0 0
24200 -55 55 55 0 55 -55 0 55 0 0 -55 0 0 0 0 55 0 0 0
24200 55 -55 55 0 55 -55 0 55 0 0 -55 0 0 0 0 55 0 0 0
24200 55 55 -55 0 55 -55 0 55 0 0 -55 0 0 0 0 55 0 0 0
24200 -55 -55 -55 0 55 -55 0 55 0 0 -55 0 0 0 0 55 0 0 0
24200 55 55 55 0 -55 -55 0 55 0 0 -55 0 0 0 0 55 0 0 0
24200 -55 -55 55 0 -55 -55 0 55 0 0 -55 0 0 0 0 55 0 0 0
24200 -55 55 -55 0 -55 -55 0 55 0 0 -55 0 0 0 0 55 0 0 0
24200 55 -55 -55 0 -55 -55 0 55 0 0 -55 0 0 0 0 55 0 0 0
24200 -55 55 55 0 55 55 0 -55 0 0 -55 0 0 0 0 55 0 0 0
24200 55 -55 55 0 55 55 0 -55 0 0 -55 0 0 0 0 55 0 0 0
24200 55 55 -55 0 55 55 0 -55 0 0 -55 0 0 0 0 55 0 0 0
24200 -55 -55 -55 0 55 55 0 -55 0 0 -55 0 0 0 0 55 0 0 0
24200 55 55 55 0 -55 55 0 -55 0 0 -55 0 0 0 0 55 0 0 0
24200 -55 -55 55 0 -55 55 0 -55 0 0 -55 0 0 0 0 55 0 0 0
24200 -55 55 -55 0 -55 55 0 -55 0 0 -55 0 0 0 0 55 0 0 0
24200 55 -55 -55 0 -55 55 0 -55 0 0 -55 0 0 0 0 55 0 0 0
24200 55 55 55 0 55 -55 0 -55 0 0 -55 0 0 0 0 55 0 0 0
24200 -55 -55 55 0 55 -55 0 -55 0 0 -55 0 0 0 0 55 0 0 0
24200 -55 55 -55 0 55 -55 0 -55 0 0 -55 0 0 0 0 55 0 0 0
24200 55 -55 -55 0 55 -55 0 -55 0 0 -55 0 0 0 0 55 0 0 0
24200 -55 55 55 0 -55 -55 0 -55 0 0 -55 0 0 0 0 55 0 0 0
24200 55 -55 55 0 -55 -55 0 -55 0 0 -55 0 0 0 0 55 0 0 0
24200 55 55 -55 0 -55 -55 0 -55 0 0 -55 0 0 0 0 55 0 0 0
24200 -55 -55 -55 0 -55 -55 0 -55 0 0 -55 0 0 0 0 55 0 0 0
24200 55 55 55 0 55 55 0 55 0 0 55 0 0 0 0 -55 0 0 0
24200 -55 -55 55 0 55 55 0 55 0 0 55 0 0 0 0 -55 0 0 0
24200 -55 55 -55 0 55 55 0 55 0 0 55 0 0 0 0 -55 0 0 0
24200 55 -55 -55 0 55 55 0 55 0 0 55 0 0 0 0 -55 0 0 0
24200 -55 55 55 0 -55 55 0 55 0 0 55 0 0 0 0 -55 0 0 0
24200 55 -55 55 0 -55 55 0 55 0 0 55 0 0 0 0 -55 0 0 0
24200 55 55 -55 0 -55 55 0 55 0 0 55 0 0 0 0 -55 0 0 0
24200 -55 -55 -55 0 -55 55 0 55 0 0 55 0 0 0 0 -55 0 0 0
24200 -55 55 55 0 55 -55 0 55 0 0 55 0 0 0 0 -55 0 0 0
24200 55 -55 55 0 55 -55 0 55 0 0 55 0 0 0 0 -55 0 0 0
24200 55 55 -55 0 55 -55 0 55 0 0 55 0 0 0 0 -55 0 0 0
24200 -55 -55 -55 0 55 -55 0 55 0 0 55 0 0 0 0 -55 0 0 0
24200 55 55 55 0 -55 -55 0 55 0 0 55 0 0 0 0 -55 0 0 0
24200 -55 -55 55 0 -55 -55 0 55 0 0 55 0 0 0 0 -55 0 0 0
24200 -55 55 -55 0 -55 -55 0 55 0 0 55 0 0 0 0 -55 0 0 0
24200 55 -55 -55 0 -55 -55 0 55 0 0 55 0 0 0 0 -55 0 0 0
24200 -55 55 55 0 55 55 0 -55 0 0 55 0 0 0 0 -55 0 0 0
24200 55 -55 55 0 55 55 0 -55 0 0 55 0 0 0 0 -55 0 0 0
24200 55 55 -55 0 55 55 0 -55 0 0 55 0 0 0 0 -55 0 0 0
24200 -55 -55 -55 0 55 55 0 -55 0 0 55 0 0 0 0 -55 0 0 0
24200 55 55 55 0 -55 55 0 -55 0 0 55 0 0 0 0 -55 0 0 0
24200 -55 -55 55 0 -55 55 0 -55 0 0 55 0 0 0 0 -55 0 0 0
24200 -55 55 -55 0 -55 55 0 -55 0 0 55 0 0 0 0 -55 0 0 0
24200 55 -55 -55 0 -55 55 0 -55 0 0 55 0 0 0 0 -55 0 0 0
24200 55 55 55 0 55 -55 0 -55 0 0 55 0 0 0 0 -55 0 0 0
24200 -55 -55 55 0 55 -55 0 -55 0 0 55 0 0 0 0 -55 0 0 0
24200 -55 55 -55 0 55 -55 0 -55 0 0 55 0 0 0 0 -55 0 0 0
24200 55 -55 -55 0 55 -55 0 -55 0 0 55 0 0 0 0 -55 0 0 0
24200 -55 55 55 0 -55 -55 0 -55 0 0 55 0 0 0 0 -55 0 0 0
24200 55 -55 55 0 -55 -55 0 -55 0 0 55 0 0 0 0 -55 0 0 0
24200 55 55 -55 0 -55 -55 0 -55 0 0 55 0 0 0 0 -55 0 0 0
24200 -55 -55 -55 0 -55 -55 0 -55 0 0 55 0 0 0 0 -55 0 0 0
24200 -55 55 55 0 55 55 0 55 0 0 -55 0 0 0 0 -55 0 0 0
24200 55 -55 55 0 55 55 0 55 0 0 -55 0 0 0 0 -55 0 0 0
24200 55 55 -55 0 55 55 0 55 0 0 -55 0 0 0 0 -55 0 0 0
24200 -55 -55 -55 0 55 55 0 55 0 0 -55 0 0 0 0 -55 0 0 0
24200 55 55 55 0 -55 55 0 55 0 0 -55 0 0 0 0 -55 0 0 0
24200 -55 -55 55 0 -55 55 0 55 0 0 -55 0 0 0 0 -55 0 0 0
24200 -55 55 -55 0 -55 55 0 55 0 0 -55 0 0 0 0 -55 0 0 0
24200 55 -55 -55 0 -55 55 0 55 0 0 -55 0 0 0 0 -55 0 0 0
24200 55 55 55 0 55 -55 0 55 0 0 -55 0 0 0 0 -55 0 0 0
24200 -55 -55 55 0 55 -55 0 55 0 0 -55 0 0 0 0 -55 0 0 0
24200 -55 55 -55 0 55 -55 0 55 0 0 -55 0 0 0 0 -55 0 0 0
24200 55 -55 -55 0 55 -55 0 55 0 0 -55 0 0 0 0 -55 0 0 0
24200 -55 55 55 0 -55 -55 0 55 0 0 -55 0 0 0 0 -55 0 0 0
24200 55 -55 55 0 -55 -55 0 55 0 0 -55 0 0 0 0 -55 0 0 0
24200 55 55 -55 0 -55 -55 0 55 0 0 -55 0 0 0 0 -55 0 0 0
24200 -55 -55 -55 0 -55 -55 0 55 0 0 -55 0 0 0 0 -55 0 0 0
24200 55 55 55 0 55 55 0 -55 0 0 -55 0 0 0 0 -55 0 0 0
24200 -55 -55 55 0 55 55 0 -55 0 0 -55 0 0 0 0 -55 0 0 0
24200 -55 55 -55 0 55 55 0 -55 0 0 -55 0 0 0 0 -55 0 0 0
24200 55 -55 -55 0 55 55 0 -55 0 0 -55 0 0 0 0 -55 0 0 0
24200 -55 55 55 0 -55 55 0 -55 0 0 -55 0 0 0 0 -55 0 0 0
24200 55 -55 55 0 -55 55 0 -55 0 0 -55 0 0 0 0 -55 0 0 0
24200 55 55 -55 0 -55 55 0 -55 0 0 -55 0 0 0 0 -55 0 0 0
24200 -55 -55 -55 0 -55 55 0 -55 0 0 -55 0 0 0 0 -55 0 0 0
24200 -55 55 55 0 55 -55 0 -55 0 0 -55 0 0 0 0 -55 0 0 0
24200 55 -55 55 0 55 -55 0 -55 0 0 -55 0 0 0 0 -55 0 0 0
24200 55 55 -55 0 55 -55 0 -55 0 0 -55 0 0 0 0 -55 0 0 0
24200 -55 -55 -55 0 55 -55 0 -55 0 0 -55 0 0 0 0 -55 0 0 0
24200 55 55 55 0 -55 -55 0 -55 0 0 -55 0 0 0 0 -55 0 0 0
24200 -55 -55 55 0 -55 -55 0 -55 0 0 -55 0 0 0 0 -55 0 0 0
24200 -55 55 -55 0 -55 -55 0 -55 0 0 -55 0 0 0 0 -55 0 0 0
24200 55 -55 -55 0 -55 -55 0 -55 0 0 -55 0 0 0 0 -55 0 0 0
24200 0 0 0 0 0 55 55 55 55 0 55 0 0 0 0 55 0 -55 -55
24200 0 0 0 0 0 55 55 55 55 0 55 0 0 0 0 55 0 55 55
24200 0 0 0 0 0 -55 -55 55 55 0 55 0 0 0 0 55 0 -55 -55
24200 0 0 0 0 0 -55 -55 55 55 0 55 0 0 0 0 55 0 55 55
24200 0 0 0 0 0 -55 55 -55 55 0 55 0 0 0 0 55 0 -55 -55
24200 0 0 0 0 0 -55 55 -55 55 0 55 0 0 0 0 55 0 55 55
24200 0 0 0 0 0 55 -55 -55 55 0 55 0 0 0 0 55 0 -55 -55
24200 0 0 0 0 0 55 -55 -55 55 0 55 0 0 0 0 55 0 55 55
24200 0 0 0 0 0 -55 55 55 -55 0 55 0 0 0 0 55 0 -55 -55
24200 0 0 0 0 0 -55 55 55 -55 0 55 0 0 0 0 55 0 55 55
24200 0 0 0 0 0 55 -55 55 -55 0 55 0 0 0 0 55 0 -55 -55
24200 0 0 0 0 0 55 -55 55 -55 0 55 0 0 0 0 55 0 55 55
24200 0 0 0 0 0 55 55 -55 -55 0 55 0 0 0 0 55 0 -55 -55
24200 0 0 0 0 0 55 55 -55 -55 0 55 0 0 0 0 55 0 55 55
24200 0 0 0 0 0 -55 -55 -55 -55 0 55 0 0 0 0 55 0 -55 -55
24200 0 0 0 0 0 -55 -55 -55 -55 0 55 0 0 0 0 55 0 55 55
24200 0 0 0 0 0 -55 55 55 55 0 -55 0 0 0 0 55 0 -55 -55
24200 0 0 0 0 0 -55 55 55 55 0 -55 0 0 0 0 55 0 55 55
24200 0 0 0 0 0 55 -55 55 55 0 -55 0 0 0 0 55 0 -55 -55
24200 0 0 0 0 0 55 -55 55 55 0 -55 0 0 0 0 55 0 55 55
24200 0 0 0 0 0 55 55 -55 55 0 -55 0 0 0 0 55 0 -55 -55
24200 0 0 0 0 0 55 55 -55 55 0 -55 0 0 0 0 55 0 55 55
24200 0 0 0 0 0 -55 -55 -55 55 0 -55 0 0 0 0 55 0 -55 -55
24200 0 0 0 0 0 -55 -55 -55 55 0 -55 0 0 0 0 55 0 55 55
24200 0 0 0 0 0 55 55 55 -55 0 -55 0 0 0 0 55 0 -55 -55
24200 0 0 0 0 0 55 55 55 -55 0 -55 0 0 0 0 55 0 55 55
24200 0 0 0 0 0 -55 -55 55 -55 0 -55 0 0 0 0 55 0 -55 -55
24200 0 0 0 0 0 -55 -55 55 -55 0 -55 0 0 0 0 55 0 55 55
24200 0 0 0 0 0 -55 55 -55 -55 0 -55 0 0 0 0 55 0 -55 -55
24200 0 0 0 0 0 -55 55 -55 -55 0 -55 0 0 0 0 55 0 55 55
24200 0 0 0 0 0 55 -55 -55 -55 0 -55 0 0 0 0 55 0 -55 -55
24200 0 0 0 0 0 55 -55 -55 -55 0 -55 0 0 0 0 55 0 55 55
24200 0 0 0 0 0 -55 55 55 55 0 55 0 0 0 0 -55 0 -55 -55
24200 0 0 0 0 0 -55 55 55 55 0 55 0 0 0 0 -55 0 55 55
24200 0 0 0 0 0 55 -55 55 55 0 55 0 0 0 0 -55 0 -55 -55
24200 0 0 0 0 0 55 -55 55 55 0 55 0 0 0 0 -55 0 55 55
24200 0 0 0 0 0 55 55 -55 55 0 55 0 0 0 0 -55 0 -55 -55
24200 0 0 0 0 0 55 55 -55 55 0 55 0 0 0 0 -55 0 55 55
24200 0 0 0 0 0 -55 -55 -55 55 0 55 0 0 0 0 -55 0 -55 -55
24200 0 0 0 0 0 -55 -55 -55 55 0 55 0 0 0 0 -55 0 55 55
24200 0 0 0 0 0 55 55 55 -55 0 55 0 0 0 0 -55 0 -55 -55
24200 0 0 0 0 0 55 55 55 -55 0 55 0 0 0 0 -55 0 55 55
24200 0 0 0 0 0 -55 -55 55 -55 0 55 0 0 0 0 -55 0 -55 -55
24200 0 0 0 0 0 -55 -55 55 -55 0 55 0 0 0 0 -55 0 55 55
24200 0 0 0 0 0 -55 55 -55 -55 0 55 0 0 0 0 -55 0 -55 -55
24200 0 0 0 0 0 -55 55 -55 -55 0 55 0 0 0 0 -55 0 55 55
24200 0 0 0 0 0 55 -55 -55 -55 0 55 0 0 0 0 -55 0 -55 -55
24200 0 0 0 0 0 55 -55 -55 -55 0 55 0 0 0 0 -55 0 55 55
24200 0 0 0 0 0 55 55 55 55 0 -55 0 0 0 0 -55 0 -55 -55
24200 0 0 0 0 0 55 55 55 55 0 -55 0 0 0 0 -55 0 55 55
24200 0 0 0 0 0 -55 -55 55 55 0 -55 0 0 0 0 -55 0 -55 -55
24200 0 0 0 0 0 -55 -55 55 55 0 -55 0 0 0 0 -55 0 55 55
24200 0 0 0 0 0 -55 55 -55 55 0 -55 0 0 0 0 -55 0 -55 -55
24200 0 0 0 0 0 -55 55 -55 55 0 -55 0 0 0 0 -55 0 55 55
24200 0 0 0 0 0 55 -55 -55 55 0 -55 0 0 0 0 -55 0 -55 -55
24200 0 0 0 0 0 55 -55 -55 55 0 -55 0 0 0 0 -55 0 55 55
24200 0 0 0 0 0 -55 55 55 -55 0 -55 0 0 0 0 -55 0 -55 -55
24200 0 0 0 0 0 -55 55 55 -55 0 -55 0 0 0 0 -55 0 55 55
24200 0 0 0 0 0 55 -55 55 -55 0 -55 0 0 0 0 -55 0 -55 -55
24200 0 0 0 0 0 55 -55 55 -55 0 -55 0 0 0 0 -55 0 55 55
24200 0 0 0 0 0 55 55 -55 -55 0 -55 0 0 0 0 -55 0 -55 -55
24200 0 0 0 0 0 55 55 -55 -55 0 -55 0 0 0 0 -55 0 55 55
24200 0 0 0 0 0 -55 -55 -55 -55 0 -55 0 0 0 0 -55 0 -55 -55
24200 0 0 0 0 0 -55 -55 -55 -55 0 -55 0 0 0 0 -55 0 55 55
24200 0 0 0 55 55 55 0 0 0 55 55 0 0 0 0 55 -55 0 55
24200 0 0 0 -55 -55 55 0 0 0 55 55 0 0 0 0 55 -55 0 55
24200 0 0 0 55 55 55 0 0 0 55 55 0 0 0 0 55 55 0 -55
24200 0 0 0 -55 -55 55 0 0 0 55 55 0 0 0 0 55 55 0 -55
24200 0 0 0 -55 55 -55 0 0 0 55 55 0 0 0 0 55 -55 0 55
24200 0 0 0 55 -55 -55 0 0 0 55 55 0 0 0 0 55 -55 0 55
24200 0 0 0 -55 55 -55 0 0 0 55 55 0 0 0 0 55 55 0 -55
24200 0 0 0 55 -55 -55 0 0 0 55 55 0 0 0 0 55 55 0 -55
24200 0 0 0 -55 55 55 0 0 0 -55 55 0 0 0 0 55 -55 0 55
24200 0 0 0 55 -55 55 0 0 0 -55 55 0 0 0 0 55 -55 0 55
24200 0 0 0 -55 55 55 0 0 0 -55 55 0 0 0 0 55 55 0 -55
24200 0 0 0 55 -55 55 0 0 0 -55 55 0 0 0 0 55 55 0 -55
24200 0 0 0 55 55 -55 0 0 0 -55 55 0 0 0 0 55 -55 0 55
24200 0 0 0 -55 -55 -55 0 0 0 -55 55 0 0 0 0 55 -55 0 55
24200 0 0 0 55 55 -55 0 0 0 -55 55 0 0 0 0 55 55 0 -55
24200 0 0 0 -55 -55 -55 0 0 0 -55 55 0 0 0 0 55 55 0 -55
24200 0 0 0 -55 55 55 0 0 0 55 -55 0 0 0 0 55 -55 0 55
24200 0 0 0 55 -55 55 0 0 0 55 -55 0 0 0 0 55 -55 0 55
24200 0 0 0 -55 55 55 0 0 0 55 -55 0 0 0 0 55 55 0 -55
24200 0 0 0 55 -55 55 0 0 0 55 -55 0 0 0 0 55 55 0 -55
24200 0 0 0 55 55 -55 0 0 0 55 -55 0 0 0 0 55 -55 0 55
24200 0 0 0 -55 -55 -55 0 0 0 55 -55 0 0 0 0 55 -55 0 55
24200 0 0 0 55 55 -55 0 0 0 55 -55 0 0 0 0 55 55 0 -55
24200 0 0 0 -55 -55 -55 0 0 0 55 -55 0 0 0 0 55 55 0 -55
24200 0 0 0 55 55 55 0 0 0 -55 -55 0 0 0 0 55 -55 0 55
24200 0 0 0 -55 -55 55 0 0 0 -55 -55 0 0 0 0 55 -55 0 55
24200 0 0 0 55 55 55 0 0 0 -55 -55 0 0 0 0 55 55 0 -55
24200 0 0 0 -55 -55 55 0 0 0 -55 -55 0 0 0 0 55 55 0 -55
24200 0 0 0 -55 55 -55 0 0 0 -55 -55 0 0 0 0 55 -55 0 55
24200 0 0 0 55 -55 -55 0 0 0 -55 -55 0 0 0 0 55 -55 0 55
24200 0 0 0 -55 55 -55 0 0 0 -55 -55 0 0 0 0 55 55 0 -55
24200 0 0 0 55 -55 -55 0 0 0 -55 -55 0 0 0 0 55 55 0 -55
24200 0 0 0 -55 55 55 0 0 0 55 55 0 0 0 0 -55 -55 0 55
24200 0 0 0 55 -55 55 0 0 0 55 55 0 0 0 0 -55 -55 0 55
24200 0 0 0 -55 55 55 0 0 0 55 55 0 0 0 0 -55 55 0 -55
24200 0 0 0 55 -55 55 0 0 0 55 55 0 0 0 0 -55 55 0 -55
24200 0 0 0 55 55 -55 0 0 0 55 55 0 0 0 0 -55 -55 0 55
24200 0 0 0 -55 -55 -55 0 0 0 55 55 0 0 0 0 -55 -55 0 55
24200 0 0 0 55 55 -55 0 0 0 55 55 0 0 0 0 -55 55 0 -55
24200 0 0 0 -55 -55 -55 0 0 0 55 55 0 0 0 0 -55 55 0 -55
24200 0 0 0 55 55 55 0 0 0 -55 55 0 0 0 0 -55 -55 0 55
24200 0 0 0 -55 -55 55 0 0 0 -55 55 0 0 0 0 -55 -55 0 55
24200 0 0 0 55 55 55 0 0 0 -55 55 0 0 0 0 -55 55 0 -55
24200 0 0 0 -55 -55 55 0 0 0 -55 55 0 0 0 0 -55 55 0 -55
24200 0 0 0 -55 55 -55 0 0 0 -55 55 0 0 0 0 -55 -55 0 55
24200 0 0 0 55 -55 -55 0 0 0 -55 55 0 0 0 0 -55 -55 0 55
24200 0 0 0 -55 55 -55 0 0 0 -55 55 0 0 0 0 -55 55 0 -55
24200 0 0 0 55 -55 -55 0 0 0 -55 55 0 0 0 0 -55 55 0 -55
24200 0 0 0 55 55 55 0 0 0 55 -55 0 0 0 0 -55 -55 0 55
24200 0 0 0 -55 -55 55 0 0 0 55 -55 0 0 0 0 -55 -55 0 55
24200 0 0 0 55 55 55 0 0 0 55 -55 0 0 0 0 -55 55 0 -55
24200 0 0 0 -55 -55 55 0 0 0 55 -55 0 0 0 0 -55 55 0 -55
24200 0 0 0 -55 55 -55 0 0 0 55 -55 0 0 0 0 -55 -55 0 55
24200 0 0 0 55 -55 -55 0 0 0 55 -55 0 0 0 0 -55 -55 0 55
24200 0 0 0 -55 55 -55 0 0 0 55 -55 0 0 0 0 -55 55 0 -55
24200 0 0 0 55 -55 -55 0 0 0 55 -55 0 0 0 0 -55 55 0 -55
24200 0 0 0 -55 55 55 0 0 0 -55 -55 0 0 0 0 -55 -55 0 55
24200 0 0 0 55 -55 55 0 0 0 -55 -55 0 0 0 0 -55 -55 0 55
24200 0 0 0 -55 55 55 0 0 0 -55 -55 0 0 0 0 -55 55 0 -55
24200 0 0 0 55 -55 55 0 0 0 -55 -55 0 0 0 0 -55 55 0 -55
24200 0 0 0 55 55 -55 0 0 0 -55 -55 0 0 0 0 -55 -55 0 55
24200 0 0 0 -55 -55 -55 0 0 0 -55 -55 0 0 0 0 -55 -55 0 55
24200 0 0 0 55 55 -55 0 0 0 -55 -55 0 0 0 0 -55 55 0 -55
24200 0 0 0 -55 -55 -55 0 0 0 -55 -55 0 0 0 0 -55 55 0 -55
24200 55 0 55 55 55 0 0 0 0 0 0 55 0 0 0 55 -55 -55 0
24200 -55 0 -55 55 55 0 0 0 0 0 0 55 0 0 0 55 -55 -55 0
24200 -55 0 55 -55 55 0 0 0 0 0 0 55 0 0 0 55 -55 -55 0
24200 55 0 -55 -55 55 0 0 0 0 0 0 55 0 0 0 55 -55 -55 0
24200 -55 0 55 55 -55 0 0 0 0 0 0 55 0 0 0 55 -55 -55 0
24200 55 0 -55 55 -55 0 0 0 0 0 0 55 0 0 0 55 -55 -55 0
24200 55 0 55 -55 -55 0 0 0 0 0 0 55 0 0 0 55 -55 -55 0
24200 -55 0 -55 -55 -55 0 0 0 0 0 0 55 0 0 0 55 -55 -55 0
24200 55 0 55 55 55 0 0 0 0 0 0 55 0 0 0 55 55 55 0
24200 -55 0 -55 55 55 0 0 0 0 0 0 55 0 0 0 55 55 55 0
24200 -55 0 55 -55 55 0 0 0 0 0 0 55 0 0 0 55 55 55 0
24200 55 0 -55 -55 55 0 0 0 0 0 0 55 0 0 0 55 55 55 0
24200 -55 0 55 55 -55 0 0 0 0 0 0 55 0 0 0 55 55 55 0
24200 55 0 -55 55 -55 0 0 0 0 0 0 55 0 0 0 55 55 55 0
24200 55 0 55 -55 -55 0 0 0 0 0 0 55 0 0 0 55 55 55 0
24200 -55 0 -55 -55 -55 0 0 0 0 0 0 55 0 0 0 55 55 55 0
24200 -55 0 55 55 55 0 0 0 0 0 0 -55 0 0 0 55 -55 -55 0
24200 55 0 -55 55 55 0 0 0 0 0 0 -55 0 0 0 55 -55 -55 0
24200 55 0 55 -55 55 0 0 0 0 0 0 -55 0 0 0 55 -55 -55 0
24200 -55 0 -55 -55 55 0 0 0 0 0 0 -55 0 0 0 55 -55 -55 0
24200 55 0 55 55 -55 0 0 0 0 0 0 -55 0 0 0 55 -55 -55 0
24200 -55 0 -55 55 -55 0 0 0 0 0 0 -55 0 0 0 55 -55 -55 0
24200 -55 0 55 -55 -55 0 0 0 0 0 0 -55 0 0 0 55 -55 -55 0
24200 55 0 -55 -55 -55 0 0 0 0 0 0 -55 0 0 0 55 -55 -55 0
24200 -55 0 55 55 55 0 0 0 0 0 0 -55 0 0 0 55 55 55 0
24200 55 0 -55 55 55 0 0 0 0 0 0 -55 0 0 0 55 55 55 0
24200 55 0 55 -55 55 0 0 0 0 0 0 -55 0 0 0 55 55 55 0
24200 -55 0 -55 -55 55 0 0 0 0 0 0 -55 0 0 0 55 55 55 0
24200 55 0 55 55 -55 0 0 0 0 0 0 -55 0 0 0 55 55 55 0
24200 -55 0 -55 55 -55 0 0 0 0 0 0 -55 0 0 0 55 55 55 0
24200 -55 0 55 -55 -55 0 0 0 0 0 0 -55 0 0 0 55 55 55 0
24200 55 0 -55 -55 -55 0 0 0 0 0 0 -55 0 0 0 55 55 55 0
24200 -55 0 55 55 55 0 0 0 0 0 0 55 0 0 0 -55 -55 -55 0
24200 55 0 -55 55 55 0 0 0 0 0 0 55 0 0 0 -55 -55 -55 0
24200 55 0 55 -55 55 0 0 0 0 0 0 55 0 0 0 -55 -55 -55 0
24200 -55 0 -55 -55 55 0 0 0 0 0 0 55 0 0 0 -55 -55 -55 0
24200 55 0 55 55 -55 0 0 0 0 0 0 55 0 0 0 -55 -55 -55 0
24200 -55 0 -55 55 -55 0 0 0 0 0 0 55 0 0 0 -55 -55 -55 0
24200 -55 0 55 -55 -55 0 0 0 0 0 0 55 0 0 0 -55 -55 -55 0
24200 55 0 -55 -55 -55 0 0 0 0 0 0 55 0 0 0 -55 -55 -55 0
24200 -55 0 55 55 55 0 0 0 0 0 0 55 0 0 0 -55 55 55 0
24200 55 0 -55 55 55 0 0 0 0 0 0 55 0 0 0 -55 55 55 0
24200 55 0 55 -55 55 0 0 0 0 0 0 55 0 0 0 -55 55 55 0
24200 -55 0 -55 -55 55 0 0 0 0 0 0 55 0 0 0 -55 55 55 0
24200 55 0 55 55 -55 0 0 0 0 0 0 55 0 0 0 -55 55 55 0
24200 -55 0 -55 55 -55 0 0 0 0 0 0 55 0 0 0 -55 55 55 0
24200 -55 0 55 -55 -55 0 0 0 0 0 0 55 0 0 0 -55 55 55 0
24200 55 0 -55 -55 -55 0 0 0 0 0 0 55 0 0 0 -55 55 55 0
24200 55 0 55 55 55 0 0 0 0 0 0 -55 0 0 0 -55 -55 -55 0
24200 -55 0 -55 55 55 0 0 0 0 0 0 -55 0 0 0 -55 -55 -55 0
24200 -55 0 55 -55 55 0 0 0 0 0 0 -55 0 0 0 -55 -55 -55 0
24200 55 0 -55 -55 55 0 0 0 0 0 0 -55 0 0 0 -55 -55 -55 0
24200 -55 0 55 55 -55 0 0 0 0 0 0 -55 0 0 0 -55 -55 -55 0
24200 55 0 -55 55 -55 0 0 0 0 0 0 -55 0 0 0 -55 -55 -55 0
24200 55 0 55 -55 -55 0 0 0 0 0 0 -55 0 0 0 -55 -55 -55 0
24200 -55 0 -55 -55 -55 0 0 0 0 0 0 -55 0 0 0 -55 -55 -55 0
24200 55 0 55 55 55 0 0 0 0 0 0 -55 0 0 0 -55 55 55 0
24200 -55 0 -55 55 55 0 0 0 0 0 0 -55 0 0 0 -55 55 55 0
24200 -55 0 55 -55 55 0 0 0 0 0 0 -55 0 0 0 -55 55 55 0
24200 55 0 -55 -55 55 0 0 0 0 0 0 -55 0 0 0 -55 55 55 0
24200 -55 0 55 55 -55 0 0 0 0 0 0 -55 0 0 0 -55 55 55 0
24200 55 0 -55 55 -55 0 0 0 0 0 0 -55 0 0 0 -55 55 55 0
24200 55 0 55 -55 -55 0 0 0 0 0 0 -55 0 0 0 -55 55 55 0
24200 -55 0 -55 -55 -55 0 0 0 0 0 0 -55 0 0 0 -55 55 55 0
24200 0 55 0 55 0 0 55 0 55 0 0 55 0 0 0 55 -55 0 55
24200 0 -55 0 -55 0 0 55 0 55 0 0 55 0 0 0 55 -55 0 55
24200 0 55 0 55 0 0 55 0 55 0 0 55 0 0 0 55 55 0 -55
24200 0 -55 0 -55 0 0 55 0 55 0 0 55 0 0 0 55 55 0 -55
24200 0 -55 0 55 0 0 -55 0 55 0 0 55 0 0 0 55 -55 0 55
24200 0 55 0 -55 0 0 -55 0 55 0 0 55 0 0 0 55 -55 0 55
24200 0 -55 0 55 0 0 -55 0 55 0 0 55 0 0 0 55 55 0 -55
24200 0 55 0 -55 0 0 -55 0 55 0 0 55 0 0 0 55 55 0 -55
24200 0 -55 0 55 0 0 55 0 -55 0 0 55 0 0 0 55 -55 0 55
24200 0 55 0 -55 0 0 55 0 -55 0 0 55 0 0 0 55 -55 0 55
24200 0 -55 0 55 0 0 55 0 -55 0 0 55 0 0 0 55 55 0 -55
24200 0 55 0 -55 0 0 55 0 -55 0 0 55 0 0 0 55 55 0 -55
24200 0 55 0 55 0 0 -55 0 -55 0 0 55 0 0 0 55 -55 0 55
24200 0 -55 0 -55 0 0 -55 0 -55 0 0 55 0 0 0 55 -55 0 55
24200 0 55 0 55 0 0 -55 0 -55 0 0 55 0 0 0 55 55 0 -55
24200 0 -55 0 -55 0 0 -55 0 -55 0 0 55 0 0 0 55 55 0 -55
24200 0 -55 0 55 0 0 55 0 55 0 0 -55 0 0 0 55 -55 0 55
24200 0 55 0 -55 0 0 55 0 55 0 0 -55 0 0 0 55 -55 0 55
24200 0 -55 0 55 0 0 55 0 55 0 0 -55 0 0 0 55 55 0 -55
24200 0 55 0 -55 0 0 55 0 55 0 0 -55 0 0 0 55 55 0 -55
24200 0 55 0 55 0 0 -55 0 55 0 0 -55 0 0 0 55 -55 0 55
24200 0 -55 0 -55 0 0 -55 0 55 0 0 -55 0 0 0 55 -55 0 55
24200 0 55 0 55 0 0 -55 0 55 0 0 -55 0 0 0 55 55 0 -55
24200 0 -55 0 -55 0 0 -55 0 55 0 0 -55 0 0 0 55 55 0 -55
24200 0 55 0 55 0 0 55 0 -55 0 0 -55 0 0 0 55 -55 0 55
24200 0 -55 0 -55 0 0 55 0 -55 0 0 -55 0 0 0 55 -55 0 55
24200 0 55 0 55 0 0 55 0 -55 0 0 -55 0 0 0 55 55 0 -55
24200 0 -55 0 -55 0 0 55 0 -55 0 0 -55 0 0 0 55 55 0 -55
24200 0 -55 0 55 0 0 -55 0 -55 0 0 -55 0 0 0 55 -55 0 55
24200 0 55 0 -55 0 0 -55 0 -55 0 0 -55 0 0 0 55 -55 0 55
24200 0 -55 0 55 0 0 -55 0 -55 0 0 -55 0 0 0 55 55 0 -55
24200 0 55 0 -55 0 0 -55 0 -55 0 0 -55 0 0 0 55 55 0 -55
24200 0 -55 0 55 0 0 55 0 55 0 0 55 0 0 0 -55 -55 0 55
24200 0 55 0 -55 0 0 55 0 55 0 0 55 0 0 0 -55 -55 0 55
24200 0 -55 0 55 0 0 55 0 55 0 0 55 0 0 0 -55 55 0 -55
24200 0 55 0 -55 0 0 55 0 55 0 0 55 0 0 0 -55 55 0 -55
24200 0 55 0 55 0 0 -55 0 55 0 0 55 0 0 0 -55 -55 0 55
24200 0 -55 0 -55 0 0 -55 0 55 0 0 55 0 0 0 -55 -55 0 55
24200 0 55 0 55 0 0 -55 0 55 0 0 55 0 0 0 -55 55 0 -55
24200 0 -55 0 -55 0 0 -55 0 55 0 0 55 0 0 0 -55 55 0 -55
24200 0 55 0 55 0 0 55 0 -55 0 0 55 0 0 0 -55 -55 0 55
24200 0 -55 0 -55 0 0 55 0 -55 0 0 55 0 0 0 -55 -55 0 55
24200 0 55 0 55 0 0 55 0 -55 0 0 55 0 0 0 -55 55 0 -55
24200 0 -55 0 -55 0 0 55 0 -55 0 0 55 0 0 0 -55 55 0 -55
24200 0 -55 0 55 0 0 -55 0 -55 0 0 55 0 0 0 -55 -55 0 55
24200 0 55 0 -55 0 0 -55 0 -55 0 0 55 0 0 0 -55 -55 0 55
24200 0 -55 0 55 0 0 -55 0 -55 0 0 55 0 0 0 -55 55 0 -55
24200 0 55 0 -55 0 0 -55 0 -55 0 0 55 0 0 0 -55 55 0 -55
24200 0 55 0 55 0 0 55 0 55 0 0 -55 0 0 0 -55 -55 0 55
24200 0 -55 0 -55 0 0 55 0 55 0 0 -55 0 0 0 -55 -55 0 55
24200 0 55 0 55 0 0 55 0 55 0 0 -55 0 0 0 -55 55 0 -55
24200 0 -55 0 -55 0 0 55 0 55 0 0 -55 0 0 0 -55 55 0 -55
24200 0 -55 0 55 0 0 -55 0 55 0 0 -55 0 0 0 -55 -55 0 55
24200 0 55 0 -55 0 0 -55 0 55 0 0 -55 0 0 0 -55 -55 0 55
24200 0 -55 0 55 0 0 -55 0 55 0 0 -55 0 0 0 -55 55 0 -55
24200 0 55 0 -55 0 0 -55 0 55 0 0 -55 0 0 0 -55 55 0 -55
24200 0 -55 0 55 0 0 55 0 -55 0 0 -55 0 0 0 -55 -55 0 55
24200 0 55 0 -55 0 0 55 0 -55 0 0 -55 0 0 0 -55 -55 0 55
24200 0 -55 0 55 0 0 55 0 -55 0 0 -55 0 0 0 -55 55 0 -55
24200 0 55 0 -55 0 0 55 0 -55 0 0 -55 0 0 0 -55 55 0 -55
24200 0 55 0 55 0 0 -55 0 -55 0 0 -55 0 0 0 -55 -55 0 55
24200 0 -55 0 -55 0 0 -55 0 -55 0 0 -55 0 0 0 -55 -55 0 55
24200 0 55 0 55 0 0 -55 0 -55 0 0 -55 0 0 0 -55 55 0 -55
24200 0 -55 0 -55 0 0 -55 0 -55 0 0 -55 0 0 0 -55 55 0 -55
24200 0 55 0 0 55 0 0 55 0 55 0 55 0 0 0 55 0 -55 -55
24200 0 55 0 0 55 0 0 55 0 55 0 55 0 0 0 55 0 55 55
24200 0 -55 0 0 -55 0 0 55 0 55 0 55 0 0 0 55 0 -55 -55
24200 0 -55 0 0 -55 0 0 55 0 55 0 55 0 0 0 55 0 55 55
24200 0 -55 0 0 55 0 0 -55 0 55 0 55 0 0 0 55 0 -55 -55
24200 0 -55 0 0 55 0 0 -55 0 55 0 55 0 0 0 55 0 55 55
24200 0 55 0 0 -55 0 0 -55 0 55 0 55 0 0 0 55 0 -55 -55
24200 0 55 0 0 -55 0 0 -55 0 55 0 55 0 0 0 55 0 55 55
24200 0 -55 0 0 55 0 0 55 0 -55 0 55 0 0 0 55 0 -55 -55
24200 0 -55 0 0 55 0 0 55 0 -55 0 55 0 0 0 55 0 55 55
24200 0 55 0 0 -55 0 0 55 0 -55 0 55 0 0 0 55 0 -55 -55
24200 0 55 0 0 -55 0 0 55 0 -55 0 55 0 0 0 55 0 55 55
24200 0 55 0 0 55 0 0 -55 0 -55 0 55 0 0 0 55 0 -55 -55
24200 0 55 0 0 55 0 0 -55 0 -55 0 55 0 0 0 55 0 55 55
24200 0 -55 0 0 -55 0 0 -55 0 -55 0 55 0 0 0 55 0 -55 -55
24200 0 -55 0 0 -55 0 0 -55 0 -55 0 55 0 0 0 55 0 55 55
24200 0 -55 0 0 55 0 0 55 0 55 0 -55 0 0 0 55 0 -55 -55
24200 0 -55 0 0 55 0 0 55 0 55 0 -55 0 0 0 55 0 55 55
24200 0 55 0 0 -55 0 0 55 0 55 0 -55 0 0 0 55 0 -55 -55
24200 0 55 0 0 -55 0 0 55 0 55 0 -55 0 0 0 55 0 55 55
24200 0 55 0 0 55 0 0 -55 0 55 0 -55 0 0 0 55 0 -55 -55
24200 0 55 0 0 55 0 0 -55 0 55 0 -55 0 0 0 55 0 55 55
24200 0 -55 0 0 -55 0 0 -55 0 55 0 -55 0 0 0 55 0 -55 -55
24200 0 -55 0 0 -55 0 0 -55 0 55 0 -55 0 0 0 55 0 55 55
24200 0 55 0 0 55 0 0 55 0 -55 0 -55 0 0 0 55 0 -55 -55
24200 0 55 0 0 55 0 0 55 0 -55 0 -55 0 0 0 55 0 55 55
24200 0 -55 0 0 -55 0 0 55 0 -55 0 -55 0 0 0 55 0 -55 -55
24200 0 -55 0 0 -55 0 0 55 0 -55 0 -55 0 0 0 55 0 55 55
24200 0 -55 0 0 55 0 0 -55 0 -55 0 -55 0 0 0 55 0 -55 -55
24200 0 -55 0 0 55 0 0 -55 0 -55 0 -55 0 0 0 55 0 55 55
24200 0 55 0 0 -55 0 0 -55 0 -55 0 -55 0 0 0 55 0 -55 -55
24200 0 55 0 0 -55 0 0 -55 0 -55 0 -55 0 0 0 55 0 55 55
24200 0 -55 0 0 55 0 0 55 0 55 0 55 0 0 0 -55 0 -55 -55
24200 0 -55 0 0 55 0 0 55 0 55 0 55 0 0 0 -55 0 55 55
24200 0 55 0 0 -55 0 0 55 0 55 0 55 0 0 0 -55 0 -55 -55
24200 0 55 0 0 -55 0 0 55 0 55 0 55 0 0 0 -55 0 55 55
24200 0 55 0 0 55 0 0 -55 0 55 0 55 0 0 0 -55 0 -55 -55
24200 0 55 0 0 55 0 0 -55 0 55 0 55 0 0 0 -55 0 55 55
24200 0 -55 0 0 -55 0 0 -55 0 55 0 55 0 0 0 -55 0 -55 -55
24200 0 -55 0 0 -55 0 0 -55 0 55 0 55 0 0 0 -55 0 55 55
24200 0 55 0 0 55 0 0 55 0 -55 0 55 0 0 0 -55 0 -55 -55
24200 0 55 0 0 55 0 0 55 0 -55 0 55 0 0 0 -55 0 55 55
24200 0 -55 0 0 -55 0 0 55 0 -55 0 55 0 0 0 -55 0 -55 -55
24200 0 -55 0 0 -55 0 0 55 0 -55 0 55 0 0 0 -55 0 55 55
24200 0 -55 0 0 55 0 0 -55 0 -55 0 55 0 0 0 -55 0 -55 -55
24200 0 -55 0 0 55 0 0 -55 0 -55 0 55 0 0 0 -55 0 55 55
24200 0 55 0 0 -55 0 0 -55 0 -55 0 55 0 0 0 -55 0 -55 -55
24200 0 55 0 0 -55 0 0 -55 0 -55 0 55 0 0 0 -55 0 55 55
24200 0 55 0 0 55 0 0 55 0 55 0 -55 0 0 0 -55 0 -55 -55
24200 0 55 0 0 55 0 0 55 0 55 0 -55 0 0 0 -55 0 55 55
24200 0 -55 0 0 -55 0 0 55 0 55 0 -55 0 0 0 -55 0 -55 -55
24200 0 -55 0 0 -55 0 0 55 0 55 0 -55 0 0 0 -55 0 55 55
24200 0 -55 0 0 55 0 0 -55 0 55 0 -55 0 0 0 -55 0 -55 -55
24200 0 -55 0 0 55 0 0 -55 0 55 0 -55 0 0 0 -55 0 55 55
24200 0 55 0 0 -55 0 0 -55 0 55 0 -55 0 0 0 -55 0 -55 -55
24200 0 55 0 0 -55 0 0 -55 0 55 0 -55 0 0 0 -55 0 55 55
24200 0 -55 0 0 55 0 0 55 0 -55 0 -55 0 0 0 -55 0 -55 -55
24200 0 -55 0 0 55 0 0 55 0 -55 0 -55 0 0 0 -55 0 55 55
24200 0 55 0 0 -55 0 0 55 0 -55 0 -55 0 0 0 -55 0 -55 -55
24200 0 55 0 0 -55 0 0 55 0 -55 0 -55 0 0 0 -55 0 55 55
24200 0 55 0 0 55 0 0 -55 0 -55 0 -55 0 0 0 -55 0 -55 -55
24200 0 55 0 0 55 0 0 -55 0 -55 0 -55 0 0 0 -55 0 55 55
24200 0 -55 0 0 -55 0 0 -55 0 -55 0 -55 0 0 0 -55 0 -55 -55
24200 0 -55 0 0 -55 0 0 -55 0 -55 0 -55 0 0 0 -55 0 55 55
24200 -55 0 55 0 0 0 55 55 55 55 0 55 0 0 0 55 0 0 0
24200 55 0 -55 0 0 0 55 55 55 55 0 55 0 0 0 55 0 0 0
24200 55 0 55 0 0 0 -55 55 55 55 0 55 0 0 0 55 0 0 0
24200 -55 0 -55 0 0 0 -55 55 55 55 0 55 0 0 0 55 0 0 0
24200 55 0 55 0 0 0 55 -55 55 55 0 55 0 0 0 55 0 0 0
24200 -55 0 -55 0 0 0 55 -55 55 55 0 55 0 0 0 55 0 0 0
24200 -55 0 55 0 0 0 -55 -55 55 55 0 55 0 0 0 55 0 0 0
24200 55 0 -55 0 0 0 -55 -55 55 55 0 55 0 0 0 55 0 0 0
24200 55 0 55 0 0 0 55 55 -55 55 0 55 0 0 0 55 0 0 0
24200 -55 0 -55 0 0 0 55 55 -55 55 0 55 0 0 0 55 0 0 0
24200 -55 0 55 0 0 0 -55 55 -55 55 0 55 0 0 0 55 0 0 0
24200 55 0 -55 0 0 0 -55 55 -55 55 0 55 0 0 0 55 0 0 0
24200 -55 0 55 0 0 0 55 -55 -55 55 0 55 0 0 0 55 0 0 0
24200 55 0 -55 0 0 0 55 -55 -55 55 0 55 0 0 0 55 0 0 0
24200 55 0 55 0 0 0 -55 -55 -55 55 0 55 0 0 0 55 0 0 0
24200 -55 0 -55 0 0 0 -55 -55 -55 55 0 55 0 0 0 55 0 0 0
24200 55 0 55 0 0 0 55 55 55 -55 0 55 0 0 0 55 0 0 0
24200 -55 0 -55 0 0 0 55 55 55 -55 0 55 0 0 0 55 0 0 0
24200 -55 0 55 0 0 0 -55 55 55 -55 0 55 0 0 0 55 0 0 0
24200 55 0 -55 0 0 0 -55 55 55 -55 0 55 0 0 0 55 0 0 0
24200 -55 0 55 0 0 0 55 -55 55 -55 0 55 0 0 0 55 0 0 0
24200 55 0 -55 0 0 0 55 -55 55 -55 0 55 0 0 0 55 0 0 0
24200 55 0 55 0 0 0 -55 -55 55 -55 0 55 0 0 0 55 0 0 0
24200 -55 0 -55 0 0 0 -55 -55 55 -55 0 55 0 0 0 55 0 0 0
24200 -55 0 55 0 0 0 55 55 -55 -55 0 55 0 0 0 55 0 0 0
24200 55 0 -55 0 0 0 55 55 -55 -55 0 55 0 0 0 55 0 0 0
24200 55 0 55 0 0 0 -55 55 -55 -55 0 55 0 0 0 55 0 0 0
24200 -55 0 -55 0 0 0 -55 55 -55 -55 0 55 0 0 0 55 0 0 0
24200 55 0 55 0 0 0 55 -55 -55 -55 0 55 0 0 0 55 0 0 0
24200 -55 0 -55 0 0 0 55 -55 -55 -55 0 55 0 0 0 55 0 0 0
24200 -55 0 55 0 0 0 -55 -55 -55 -55 0 55 0 0 0 55 0 0 0
24200 55 0 -55 0 0 0 -55 -55 -55 -55 0 55 0 0 0 55 0 0 0
24200 55 0 55 0 0 0 55 55 55 55 0 -55 0 0 0 55 0 0 0
24200 -55 0 -55 0 0 0 55 55 55 55 0 -55 0 0 0 55 0 0 0
24200 -55 0 55 0 0 0 -55 55 55 55 0 -55 0 0 0 55 0 0 0
24200 55 0 -55 0 0 0 -55 55 55 55 0 -55 0 0 0 55 0 0 0
24200 -55 0 55 0 0 0 55 -55 55 55 0 -55 0 0 0 55 0 0 0
24200 55 0 -55 0 0 0 55 -55 55 55 0 -55 0 0 0 55 0 0 0
24200 55 0 55 0 0 0 -55 -55 55 55 0 -55 0 0 0 55 0 0 0
24200 -55 0 -55 0 0 0 -55 -55 55 55 0 -55 0 0 0 55 0 0 0
24200 -55 0 55 0 0 0 55 55 -55 55 0 -55 0 0 0 55 0 0 0
24200 55 0 -55 0 0 0 55 55 -55 55 0 -55 0 0 0 55 0 0 0
24200 55 0 55 0 0 0 -55 55 -55 55 0 -55 0 0 0 55 0 0 0
24200 -55 0 -55 0 0 0 -55 55 -55 55 0 -55 0 0 0 55 0 0 0
24200 55 0 55 0 0 0 55 -55 -55 55 0 -55 0 0 0 55 0 0 0
24200 -55 0 -55 0 0 0 55 -55 -55 55 0 -55 0 0 0 55 0 0 0
24200 -55 0 55 0 0 0 -55 -55 -55 55 0 -55 0 0 0 55 0 0 0
24200 55 0 -55 0 0 0 -55 -55 -55 55 0 -55 0 0 0 55 0 0 0
24200 -55 0 55 0 0 0 55 55 55 -55 0 -55 0 0 0 55 0 0 0
24200 55 0 -55 0 0 0 55 55 55 -55 0 -55 0 0 0 55 0 0 0
24200 55 0 55 0 0 0 -55 55 55 -55 0 -55 0 0 0 55 0 0 0
24200 -55 0 -55 0 0 0 -55 55 55 -55 0 -55 0 0 0 55 0 0 0
24200 55 0 55 0 0 0 55 -55 55 -55 0 -55 0 0 0 55 0 0 0
24200 -55 0 -55 0 0 0 55 -55 55 -55 0 -55 0 0 0 55 0 0 0
24200 -55 0 55 0 0 0 -55 -55 55 -55 0 -55 0 0 0 55 0 0 0
24200 55 0 -55 0 0 0 -55 -55 55 -55 0 -55 0 0 0 55 0 0 0
24200 55 0 55 0 0 0 55 55 -55 -55 0 -55 0 0 0 55 0 0 0
24200 -55 0 -55 0 0 0 55 55 -55 -55 0 -55 0 0 0 55 0 0 0
24200 -55 0 55 0 0 0 -55 55 -55 -55 0 -55 0 0 0 55 0 0 0
24200 55 0 -55 0 0 0 -55 55 -55 -55 0 -55 0 0 0 55 0 0 0
24200 -55 0 55 0 0 0 55 -55 -55 -55 0 -55 0 0 0 55 0 0 0
24200 55 0 -55 0 0 0 55 -55 -55 -55 0 -55 0 0 0 55 0 0 0
24200 55 0 55 0 0 0 -55 -55 -55 -55 0 -55 0 0 0 55 0 0 0
24200 -55 0 -55 0 0 0 -55 -55 -55 -55 0 -55 0 0 0 55 0 0 0
24200 55 0 55 0 0 0 55 55 55 55 0 55 0 0 0 -55 0 0 0
24200 -55 0 -55 0 0 0 55 55 55 55 0 55 0 0 0 -55 0 0 0
24200 -55 0 55 0 0 0 -55 55 55 55 0 55 0 0 0 -55 0 0 0
24200 55 0 -55 0 0 0 -55 55 55 55 0 55 0 0 0 -55 0 0 0
24200 -55 0 55 0 0 0 55 -55 55 55 0 55 0 0 0 -55 0 0 0
24200 55 0 -55 0 0 0 55 -55 55 55 0 55 0 0 0 -55 0 0 0
24200 55 0 55 0 0 0 -55 -55 55 55 0 55 0 0 0 -55 0 0 0
24200 -55 0 -55 0 0 0 -55 -55 55 55 0 55 0 0 0 -55 0 0 0
24200 -55 0 55 0 0 0 55 55 -55 55 0 55 0 0 0 -55 0 0 0
24200 55 0 -55 0 0 0 55 55 -55 55 0 55 0 0 0 -55 0 0 0
24200 55 0 55 0 0 0 -55 55 -55 55 0 55 0 0 0 -55 0 0 0
24200 -55 0 -55 0 0 0 -55 55 -55 55 0 55 0 0 0 -55 0 0 0
24200 55 0 55 0 0 0 55 -55 -55 55 0 55 0 0 0 -55 0 0 0
24200 -55 0 -55 0 0 0 55 -55 -55 55 0 55 0 0 0 -55 0 0 0
24200 -55 0 55 0 0 0 -55 -55 -55 55 0 55 0 0 0 -55 0 0 0
24200 55 0 -55 0 0 0 -55 -55 -55 55 0 55 0 0 0 -55 0 0 0
24200 -55 0 55 0 0 0 55 55 55 -55 0 55 0 0 0 -55 0 0 0
24200 55 0 -55 0 0 0 55 55 55 -55 0 55 0 0 0 -55 0 0 0
24200 55 0 55 0 0 0 -55 55 55 -55 0 55 0 0 0 -55 0 0 0
24200 -55 0 -55 0 0 0 -55 55 55 -55 0 55 0 0 0 -55 0 0 0
24200 55 0 55 0 0 0 55 -55 55 -55 0 55 0 0 0 -55 0 0 0
24200 -55 0 -55 0 0 0 55 -55 55 -55 0 55 0 0 0 -55 0 0 0
24200 -55 0 55 0 0 0 -55 -55 55 -55 0 55 0 0 0 -55 0 0 0
24200 55 0 -55 0 0 0 -55 -55 55 -55 0 55 0 0 0 -55 0 0 0
24200 55 0 55 0 0 0 55 55 -55 -55 0 55 0 0 0 -55 0 0 0
24200 -55 0 -55 0 0 0 55 55 -55 -55 0 55 0 0 0 -55 0 0 0
24200 -55 0 55 0 0 0 -55 55 -55 -55 0 55 0 0 0 -55 0 0 0
24200 55 0 -55 0 0 0 -55 55 -55 -55 0 55 0 0 0 -55 0 0 0
24200 -55 0 55 0 0 0 55 -55 -55 -55 0 55 0 0 0 -55 0 0 0
24200 55 0 -55 0 0 0 55 -55 -55 -55 0 55 0 0 0 -55 0 0 0
24200 55 0 55 0 0 0 -55 -55 -55 -55 0 55 0 0 0 -55 0 0 0
24200 -55 0 -55 0 0 0 -55 -55 -55 -55 0 55 0 0 0 -55 0 0 0
24200 -55 0 55 0 0 0 55 55 55 55 0 -55 0 0 0 -55 0 0 0
24200 55 0 -55 0 0 0 55 55 55 55 0 -55 0 0 0 -55 0 0 0
24200 55 0 55 0 0 0 -55 55 55 55 0 -55 0 0 0 -55 0 0 0
24200 -55 0 -55 0 0 0 -55 55 55 55 0 -55 0 0 0 -55 0 0 0
24200 55 0 55 0 0 0 55 -55 55 55 0 -55 0 0 0 -55 0 0 0
24200 -55 0 -55 0 0 0 55 -55 55 55 0 -55 0 0 0 -55 0 0 0
24200 -55 0 55 0 0 0 -55 -55 55 55 0 -55 0 0 0 -55 0 0 0
24200 55 0 -55 0 0 0 -55 -55 55 55 0 -55 0 0 0 -55 0 0 0
24200 55 0 55 0 0 0 55 55 -55 55 0 -55 0 0 0 -55 0 0 0
24200 -55 0 -55 0 0 0 55 55 -55 55 0 -55 0 0 0 -55 0 0 0
24200 -55 0 55 0 0 0 -55 55 -55 55 0 -55 0 0 0 -55 0 0 0
24200 55 0 -55 0 0 0 -55 55 -55 55 0 -55 0 0 0 -55 0 0 0
24200 -55 0 55 0 0 0 55 -55 -55 55 0 -55 0 0 0 -55 0 0 0
24200 55 0 -55 0 0 0 55 -55 -55 55 0 -55 0 0 0 -55 0 0 0
24200 55 0 55 0 0 0 -55 -55 -55 55 0 -55 0 0 0 -55 0 0 0
24200 -55 0 -55 0 0 0 -55 -55 -55 55 0 -55 0 0 0 -55 0 0 0
24200 55 0 55 0 0 0 55 55 55 -55 0 -55 0 0 0 -55 0 0 0
24200 -55 0 -55 0 0 0 55 55 55 -55 0 -55 0 0 0 -55 0 0 0
24200 -55 0 55 0 0 0 -55 55 55 -55 0 -55 0 0 0 -55 0 0 0
24200 55 0 -55 0 0 0 -55 55 55 -55 0 -55 0 0 0 -55 0 0 0
24200 -55 0 55 0 0 0 55 -55 55 -55 0 -55 0 0 0 -55 0 0 0
24200 55 0 -55 0 0 0 55 -55 55 -55 0 -55 0 0 0 -55 0 0 0
24200 55 0 55 0 0 0 -55 -55 55 -55 0 -55 0 0 0 -55 0 0 0
24200 -55 0 -55 0 0 0 -55 -55 55 -55 0 -55 0 0 0 -55 0 0 0
24200 -55 0 55 0 0 0 55 55 -55 -55 0 -55 0 0 0 -55 0 0 0
24200 55 0 -55 0 0 0 55 55 -55 -55 0 -55 0 0 0 -55 0 0 0
24200 55 0 55 0 0 0 -55 55 -55 -55 0 -55 0 0 0 -55 0 0 0
24200 -55 0 -55 0 0 0 -55 55 -55 -55 0 -55 0 0 0 -55 0 0 0
24200 55 0 55 0 0 0 55 -55 -55 -55 0 -55 0 0 0 -55 0 0 0
24200 -55 0 -55 0 0 0 55 -55 -55 -55 0 -55 0 0 0 -55 0 0 0
24200 -55 0 55 0 0 0 -55 -55 -55 -55 0 -55 0 0 0 -55 0 0 0
24200 55 0 -55 0 0 0 -55 -55 -55 -55 0 -55 0 0 0 -55 0 0 0
24200 0 0 55 0 0 55 55 0 0 0 55 55 0 0 0 55 0 -55 55
24200 0 0 55 0 0 55 55 0 0 0 55 55 0 0 0 55 0 55 -55
24200 0 0 -55 0 0 -55 55 0 0 0 55 55 0 0 0 55 0 -55 55
24200 0 0 -55 0 0 -55 55 0 0 0 55 55 0 0 0 55 0 55 -55
24200 0 0 -55 0 0 55 -55 0 0 0 55 55 0 0 0 55 0 -55 55
24200 0 0 -55 0 0 55 -55 0 0 0 55 55 0 0 0 55 0 55 -55
24200 0 0 55 0 0 -55 -55 0 0 0 55 55 0 0 0 55 0 -55 55
24200 0 0 55 0 0 -55 -55 0 0 0 55 55 0 0 0 55 0 55 -55
24200 0 0 -55 0 0 55 55 0 0 0 -55 55 0 0 0 55 0 -55 55
24200 0 0 -55 0 0 55 55 0 0 0 -55 55 0 0 0 55 0 55 -55
24200 0 0 55 0 0 -55 55 0 0 0 -55 55 0 0 0 55 0 -55 55
24200 0 0 55 0 0 -55 55 0 0 0 -55 55 0 0 0 55 0 55 -55
24200 0 0 55 0 0 55 -55 0 0 0 -55 55 0 0 0 55 0 -55 55
24200 0 0 55 0 0 55 -55 0 0 0 -55 55 0 0 0 55 0 55 -55
24200 0 0 -55 0 0 -55 -55 0 0 0 -55 55 0 0 0 55 0 -55 55
24200 0 0 -55 0 0 -55 -55 0 0 0 -55 55 0 0 0 55 0 55 -55
24200 0 0 -55 0 0 55 55 0 0 0 55 -55 0 0 0 55 0 -55 55
24200 0 0 -55 0 0 55 55 0 0 0 55 -55 0 0 0 55 0 55 -55
24200 0 0 55 0 0 -55 55 0 0 0 55 -55 0 0 0 55 0 -55 55
24200 0 0 55 0 0 -55 55 0 0 0 55 -55 0 0 0 55 0 55 -55
24200 0 0 55 0 0 55 -55 0 0 0 55 -55 0 0 0 55 0 -55 55
24200 0 0 55 0 0 55 -55 0 0 0 55 -55 0 0 0 55 0 55 -55
24200 0 0 -55 0 0 -55 -55 0 0 0 55 -55 0 0 0 55 0 -55 55
24200 0 0 -55 0 0 -55 -55 0 0 0 55 -55 0 0 0 55 0 55 -55
24200 0 0 55 0 0 55 55 0 0 0 -55 -55 0 0 0 55 0 -55 55
24200 0 0 55 0 0 55 55 0 0 0 -55 -55 0 0 0 55 0 55 -55
24200 0 0 -55 0 0 -55 55 0 0 0 -55 -55 0 0 0 55 0 -55 55
24200 0 0 -55 0 0 -55 55 0 0 0 -55 -55 0 0 0 55 0 55 -55
24200 0 0 -55 0 0 55 -55 0 0 0 -55 -55 0 0 0 55 0 -55 55
24200 0 0 -55 0 0 55 -55 0 0 0 -55 -55 0 0 0 55 0 55 -55
24200 0 0 55 0 0 -55 -55 0 0 0 -55 -55 0 0 0 55 0 -55 55
24200 0 0 55 0 0 -55 -55 0 0 0 -55 -55 0 0 0 55 0 55 -55
24200 0 0 -55 0 0 55 55 0 0 0 55 55 0 0 0 -55 0 -55 55
24200 0 0 -55 0 0 55 55 0 0 0 55 55 0 0 0 -55 0 55 -55
24200 0 0 55 0 0 -55 55 0 0 0 55 55 0 0 0 -55 0 -55 55
24200 0 0 55 0 0 -55 55 0 0 0 55 55 0 0 0 -55 0 55 -55
24200 0 0 55 0 0 55 -55 0 0 0 55 55 0 0 0 -55 0 -55 55
24200 0 0 55 0 0 55 -55 0 0 0 55 55 0 0 0 -55 0 55 -55
24200 0 0 -55 0 0 -55 -55 0 0 0 55 55 0 0 0 -55 0 -55 55
24200 0 0 -55 0 0 -55 -55 0 0 0 55 55 0 0 0 -55 0 55 -55
24200 0 0 55 0 0 55 55 0 0 0 -55 55 0 0 0 -55 0 -55 55
24200 0 0 55 0 0 55 55 0 0 0 -55 55 0 0 0 -55 0 55 -55
24200 0 0 -55 0 0 -55 55 0 0 0 -55 55 0 0 0 -55 0 -55 55
24200 0 0 -55 0 0 -55 55 0 0 0 -55 55 0 0 0 -55 0 55 -55
24200 0 0 -55 0 0 55 -55 0 0 0 -55 55 0 0 0 -55 0 -55 55
24200 0 0 -55 0 0 55 -55 0 0 0 -55 55 0 0 0 -55 0 55 -55
24200 0 0 55 0 0 -55 -55 0 0 0 -55 55 0 0 0 -55 0 -55 55
24200 0 0 55 0 0 -55 -55 0 0 0 -55 55 0 0 0 -55 0 55 -55
24200 0 0 55 0 0 55 55 0 0 0 55 -55 0 0 0 -55 0 -55 55
24200 0 0 55 0 0 55 55 0 0 0 55 -55 0 0 0 -55 0 55 -55
24200 0 0 -55 0 0 -55 55 0 0 0 55 -55 0 0 0 -55 0 -55 55
24200 0 0 -55 0 0 -55 55 0 0 0 55 -55 0 0 0 -55 0 55 -55
24200 0 0 -55 0 0 55 -55 0 0 0 55 -55 0 0 0 -55 0 -55 55
24200 0 0 -55 0 0 55 -55 0 0 0 55 -55 0 0 0 -55 0 55 -55
24200 0 0 55 0 0 -55 -55 0 0 0 55 -55 0 0 0 -55 0 -55 55
24200 0 0 55 0 0 -55 -55 0 0 0 55 -55 0 0 0 -55 0 55 -55
24200 0 0 -55 0 0 55 55 0 0 0 -55 -55 0 0 0 -55 0 -55 55
24200 0 0 -55 0 0 55 55 0 0 0 -55 -55 0 0 0 -55 0 55 -55
24200 0 0 55 0 0 -55 55 0 0 0 -55 -55 0 0 0 -55 0 -55 55
24200 0 0 55 0 0 -55 55 0 0 0 -55 -55 0 0 0 -55 0 55 -55
24200 0 0 55 0 0 55 -55 0 0 0 -55 -55 0 0 0 -55 0 -55 55
24200 0 0 55 0 0 55 -55 0 0 0 -55 -55 0 0 0 -55 0 55 -55
24200 0 0 -55 0 0 -55 -55 0 0 0 -55 -55 0 0 0 -55 0 -55 55
24200 0 0 -55 0 0 -55 -55 0 0 0 -55 -55 0 0 0 -55 0 55 -55
24200 55 55 0 55 0 55 0 0 0 0 0 0 55 0 0 55 0 -55 55
24200 -55 -55 0 55 0 55 0 0 0 0 0 0 55 0 0 55 0 -55 55
24200 -55 55 0 -55 0 55 0 0 0 0 0 0 55 0 0 55 0 -55 55
24200 55 -55 0 -55 0 55 0 0 0 0 0 0 55 0 0 55 0 -55 55
24200 55 55 0 55 0 55 0 0 0 0 0 0 55 0 0 55 0 55 -55
24200 -55 -55 0 55 0 55 0 0 0 0 0 0 55 0 0 55 0 55 -55
24200 -55 55 0 -55 0 55 0 0 0 0 0 0 55 0 0 55 0 55 -55
24200 55 -55 0 -55 0 55 0 0 0 0 0 0 55 0 0 55 0 55 -55
24200 -55 55 0 55 0 -55 0 0 0 0 0 0 55 0 0 55 0 -55 55
24200 55 -55 0 55 0 -55 0 0 0 0 0 0 55 0 0 55 0 -55 55
24200 55 55 0 -55 0 -55 0 0 0 0 0 0 55 0 0 55 0 -55 55
24200 -55 -55 0 -55 0 -55 0 0 0 0 0 0 55 0 0 55 0 -55 55
24200 -55 55 0 55 0 -55 0 0 0 0 0 0 55 0 0 55 0 55 -55
24200 55 -55 0 55 0 -55 0 0 0 0 0 0 55 0 0 55 0 55 -55
24200 55 55 0 -55 0 -55 0 0 0 0 0 0 55 0 0 55 0 55 -55
24200 -55 -55 0 -55 0 -55 0 0 0 0 0 0 55 0 0 55 0 55 -55
24200 -55 55 0 55 0 55 0 0 0 0 0 0 -55 0 0 55 0 -55 55
24200 55 -55 0 55 0 55 0 0 0 0 0 0 -55 0 0 55 0 -55 55
24200 55 55 0 -55 0 55 0 0 0 0 0 0 -55 0 0 55 0 -55 55
24200 -55 -55 0 -55 0 55 0 0 0 0 0 0 -55 0 0 55 0 -55 55
24200 -55 55 0 55 0 55 0 0 0 0 0 0 -55 0 0 55 0 55 -55
24200 55 -55 0 55 0 55 0 0 0 0 0 0 -55 0 0 55 0 55 -55
24200 55 55 0 -55 0 55 0 0 0 0 0 0 -55 0 0 55 0 55 -55
24200 -55 -55 0 -55 0 55 0 0 0 0 0 0 -55 0 0 55 0 55 -55
24200 55 55 0 55 0 -55 0 0 0 0 0 0 -55 0 0 55 0 -55 55
24200 -55 -55 0 55 0 -55 0 0 0 0 0 0 -55 0 0 55 0 -55 55
24200 -55 55 0 -55 0 -55 0 0 0 0 0 0 -55 0 0 55 0 -55 55
24200 55 -55 0 -55 0 -55 0 0 0 0 0 0 -55 0 0 55 0 -55 55
24200 55 55 0 55 0 -55 0 0 0 0 0 0 -55 0 0 55 0 55 -55
24200 -55 -55 0 55 0 -55 0 0 0 0 0 0 -55 0 0 55 0 55 -55
24200 -55 55 0 -55 0 -55 0 0 0 0 0 0 -55 0 0 55 0 55 -55
24200 55 -55 0 -55 0 -55 0 0 0 0 0 0 -55 0 0 55 0 55 -55
24200 -55 55 0 55 0 55 0 0 0 0 0 0 55 0 0 -55 0 -55 55
24200 55 -55 0 55 0 55 0 0 0 0 0 0 55 0 0 -55 0 -55 55
24200 55 55 0 -55 0 55 0 0 0 0 0 0 55 0 0 -55 0 -55 55
24200 -55 -55 0 -55 0 55 0 0 0 0 0 0 55 0 0 -55 0 -55 55
24200 -55 55 0 55 0 55 0 0 0 0 0 0 55 0 0 -55 0 55 -55
24200 55 -55 0 55 0 55 0 0 0 0 0 0 55 0 0 -55 0 55 -55
24200 55 55 0 -55 0 55 0 0 0 0 0 0 55 0 0 -55 0 55 -55
24200 -55 -55 0 -55 0 55 0 0 0 0 0 0 55 0 0 -55 0 55 -55
24200 55 55 0 55 0 -55 0 0 0 0 0 0 55 0 0 -55 0 -55 55
24200 -55 -55 0 55 0 -55 0 0 0 0 0 0 55 0 0 -55 0 -55 55
24200 -55 55 0 -55 0 -55 0 0 0 0 0 0 55 0 0 -55 0 -55 55
24200 55 -55 0 -55 0 -55 0 0 0 0 0 0 55 0 0 -55 0 -55 55
24200 55 55 0 55 0 -55 0 0 0 0 0 0 55 0 0 -55 0 55 -55
24200 -55 -55 0 55 0 -55 0 0 0 0 0 0 55 0 0 -55 0 55 -55
24200 -55 55 0 -55 0 -55 0 0 0 0 0 0 55 0 0 -55 0 55 -55
24200 55 -55 0 -55 0 -55 0 0 0 0 0 0 55 0 0 -55 0 55 -55
24200 55 55 0 55 0 55 0 0 0 0 0 0 -55 0 0 -55 0 -55 55
24200 -55 -55 0 55 0 55 0 0 0 0 0 0 -55 0 0 -55 0 -55 55
24200 -55 55 0 -55 0 55 0 0 0 0 0 0 -55 0 0 -55 0 -55 55
24200 55 -55 0 -55 0 55 0 0 0 0 0 0 -55 0 0 -55 0 -55 55
24200 55 55 0 55 0 55 0 0 0 0 0 0 -55 0 0 -55 0 55 -55
24200 -55 -55 0 55 0 55 0 0 0 0 0 0 -55 0 0 -55 0 55 -55
24200 -55 55 0 -55 0 55 0 0 0 0 0 0 -55 0 0 -55 0 55 -55
24200 55 -55 0 -55 0 55 0 0 0 0 0 0 -55 0 0 -55 0 55 -55
24200 -55 55 0 55 0 -55 0 0 0 0 0 0 -55 0 0 -55 0 -55 55
24200 55 -55 0 55 0 -55 0 0 0 0 0 0 -55 0 0 -55 0 -55 55
24200 55 55 0 -55 0 -55 0 0 0 0 0 0 -55 0 0 -55 0 -55 55
24200 -55 -55 0 -55 0 -55 0 0 0 0 0 0 -55 0 0 -55 0 -55 55
24200 -55 55 0 55 0 -55 0 0 0 0 0 0 -55 0 0 -55 0 55 -55
24200 55 -55 0 55 0 -55 0 0 0 0 0 0 -55 0 0 -55 0 55 -55
24200 55 55 0 -55 0 -55 0 0 0 0 0 0 -55 0 0 -55 0 55 -55
24200 -55 -55 0 -55 0 -55 0 0 0 0 0 0 -55 0 0 -55 0 55 -55
24200 0 0 55 0 0 55 0 55 0 55 0 0 55 0 0 55 -55 55 0
24200 0 0 55 0 0 55 0 55 0 55 0 0 55 0 0 55 55 -55 0
24200 0 0 -55 0 0 -55 0 55 0 55 0 0 55 0 0 55 -55 55 0
24200 0 0 -55 0 0 -55 0 55 0 55 0 0 55 0 0 55 55 -55 0
24200 0 0 -55 0 0 55 0 -55 0 55 0 0 55 0 0 55 -55 55 0
24200 0 0 -55 0 0 55 0 -55 0 55 0 0 55 0 0 55 55 -55 0
24200 0 0 55 0 0 -55 0 -55 0 55 0 0 55 0 0 55 -55 55 0
24200 0 0 55 0 0 -55 0 -55 0 55 0 0 55 0 0 55 55 -55 0
24200 0 0 -55 0 0 55 0 55 0 -55 0 0 55 0 0 55 -55 55 0
24200 0 0 -55 0 0 55 0 55 0 -55 0 0 55 0 0 55 55 -55 0
24200 0 0 55 0 0 -55 0 55 0 -55 0 0 55 0 0 55 -55 55 0
24200 0 0 55 0 0 -55 0 55 0 -55 0 0 55 0 0 55 55 -55 0
24200 0 0 55 0 0 55 0 -55 0 -55 0 0 55 0 0 55 -55 55 0
24200 0 0 55 0 0 55 0 -55 0 -55 0 0 55 0 0 55 55 -55 0
24200 0 0 -55 0 0 -55 0 -55 0 -55 0 0 55 0 0 55 -55 55 0
24200 0 0 -55 0 0 -55 0 -55 0 -55 0 0 55 0 0 55 55 -55 0
24200 0 0 -55 0 0 55 0 55 0 55 0 0 -55 0 0 55 -55 55 0
24200 0 0 -55 0 0 55 0 55 0 55 0 0 -55 0 0 55 55 -55 0
24200 0 0 55 0 0 -55 0 55 0 55 0 0 -55 0 0 55 -55 55 0
24200 0 0 55 0 0 -55 0 55 0 55 0 0 -55 0 0 55 55 -55 0
24200 0 0 55 0 0 55 0 -55 0 55 0 0 -55 0 0 55 -55 55 0
24200 0 0 55 0 0 55 0 -55 0 55 0 0 -55 0 0 55 55 -55 0
24200 0 0 -55 0 0 -55 0 -55 0 55 0 0 -55 0 0 55 -55 55 0
24200 0 0 -55 0 0 -55 0 -55 0 55 0 0 -55 0 0 55 55 -55 0
24200 0 0 55 0 0 55 0 55 0 -55 0 0 -55 0 0 55 -55 55 0
24200 0 0 55 0 0 55 0 55 0 -55 0 0 -55 0 0 55 55 -55 0
24200 0 0 -55 0 0 -55 0 55 0 -55 0 0 -55 0 0 55 -55 55 0
24200 0 0 -55 0 0 -55 0 55 0 -55 0 0 -55 0 0 55 55 -55 0
24200 0 0 -55 0 0 55 0 -55 0 -55 0 0 -55 0 0 55 -55 55 0
24200 0 0 -55 0 0 55 0 -55 0 -55 0 0 -55 0 0 55 55 -55 0
24200 0 0 55 0 0 -55 0 -55 0 -55 0 0 -55 0 0 55 -55 55 0
24200 0 0 55 0 0 -55 0 -55 0 -55 0 0 -55 0 0 55 55 -55 0
24200 0 0 -55 0 0 55 0 55 0 55 0 0 55 0 0 -55 -55 55 0
24200 0 0 -55 0 0 55 0 55 0 55 0 0 55 0 0 -55 55 -55 0
24200 0 0 55 0 0 -55 0 55 0 55 0 0 55 0 0 -55 -55 55 0
24200 0 0 55 0 0 -55 0 55 0 55 0 0 55 0 0 -55 55 -55 0
24200 0 0 55 0 0 55 0 -55 0 55 0 0 55 0 0 -55 -55 55 0
24200 0 0 55 0 0 55 0 -55 0 55 0 0 55 0 0 -55 55 -55 0
24200 0 0 -55 0 0 -55 0 -55 0 55 0 0 55 0 0 -55 -55 55 0
24200 0 0 -55 0 0 -55 0 -55 0 55 0 0 55 0 0 -55 55 -55 0
24200 0 0 55 0 0 55 0 55 0 -55 0 0 55 0 0 -55 -55 55 0
24200 0 0 55 0 0 55 0 55 0 -55 0 0 55 0 0 -55 55 -55 0
24200 0 0 -55 0 0 -55 0 55 0 -55 0 0 55 0 0 -55 -55 55 0
24200 0 0 -55 0 0 -55 0 55 0 -55 0 0 55 0 0 -55 55 -55 0
24200 0 0 -55 0 0 55 0 -55 0 -55 0 0 55 0 0 -55 -55 55 0
24200 0 0 -55 0 0 55 0 -55 0 -55 0 0 55 0 0 -55 55 -55 0
24200 0 0 55 0 0 -55 0 -55 0 -55 0 0 55 0 0 -55 -55 55 0
24200 0 0 55 0 0 -55 0 -55 0 -55 0 0 55 0 0 -55 55 -55 0
24200 0 0 55 0 0 55 0 55 0 55 0 0 -55 0 0 -55 -55 55 0
24200 0 0 55 0 0 55 0 55 0 55 0 0 -55 0 0 -55 55 -55 0
24200 0 0 -55 0 0 -55 0 55 0 55 0 0 -55 0 0 -55 -55 55 0
24200 0 0 -55 0 0 -55 0 55 0 55 0 0 -55 0 0 -55 55 -55 0
24200 0 0 -55 0 0 55 0 -55 0 55 0 0 -55 0 0 -55 -55 55 0
24200 0 0 -55 0 0 55 0 -55 0 55 0 0 -55 0 0 -55 55 -55 0
24200 0 0 55 0 0 -55 0 -55 0 55 0 0 -55 0 0 -55 -55 55 0
24200 0 0 55 0 0 -55 0 -55 0 55 0 0 -55 0 0 -55 55 -55 0
24200 0 0 -55 0 0 55 0 55 0 -55 0 0 -55 0 0 -55 -55 55 0
24200 0 0 -55 0 0 55 0 55 0 -55 0 0 -55 0 0 -55 55 -55 0
24200 0 0 55 0 0 -55 0 55 0 -55 0 0 -55 0 0 -55 -55 55 0
24200 0 0 55 0 0 -55 0 55 0 -55 0 0 -55 0 0 -55 55 -55 0
24200 0 0 55 0 0 55 0 -55 0 -55 0 0 -55 0 0 -55 -55 55 0
24200 0 0 55 0 0 55 0 -55 0 -55 0 0 -55 0 0 -55 55 -55 0
24200 0 0 -55 0 0 -55 0 -55 0 -55 0 0 -55 0 0 -55 -55 55 0
24200 0 0 -55 0 0 -55 0 -55 0 -55 0 0 -55 0 0 -55 55 -55 0
24200 0 55 0 0 55 0 55 0 0 0 55 0 55 0 0 55 -55 -55 0
24200 0 -55 0 0 -55 0 55 0 0 0 55 0 55 0 0 55 -55 -55 0
24200 0 55 0 0 55 0 55 0 0 0 55 0 55 0 0 55 55 55 0
24200 0 -55 0 0 -55 0 55 0 0 0 55 0 55 0 0 55 55 55 0
24200 0 -55 0 0 55 0 -55 0 0 0 55 0 55 0 0 55 -55 -55 0
24200 0 55 0 0 -55 0 -55 0 0 0 55 0 55 0 0 55 -55 -55 0
24200 0 -55 0 0 55 0 -55 0 0 0 55 0 55 0 0 55 55 55 0
24200 0 55 0 0 -55 0 -55 0 0 0 55 0 55 0 0 55 55 55 0
24200 0 -55 0 0 55 0 55 0 0 0 -55 0 55 0 0 55 -55 -55 0
24200 0 55 0 0 -55 0 55 0 0 0 -55 0 55 0 0 55 -55 -55 0
24200 0 -55 0 0 55 0 55 0 0 0 -55 0 55 0 0 55 55 55 0
24200 0 55 0 0 -55 0 55 0 0 0 -55 0 55 0 0 55 55 55 0
24200 0 55 0 0 55 0 -55 0 0 0 -55 0 55 0 0 55 -55 -55 0
24200 0 -55 0 0 -55 0 -55 0 0 0 -55 0 55 0 0 55 -55 -55 0
24200 0 55 0 0 55 0 -55 0 0 0 -55 0 55 0 0 55 55 55 0
24200 0 -55 0 0 -55 0 -55 0 0 0 -55 0 55 0 0 55 55 55 0
24200 0 -55 0 0 55 0 55 0 0 0 55 0 -55 0 0 55 -55 -55 0
24200 0 55 0 0 -55 0 55 0 0 0 55 0 -55 0 0 55 -55 -55 0
24200 0 -55 0 0 55 0 55 0 0 0 55 0 -55 0 0 55 55 55 0
24200 0 55 0 0 -55 0 55 0 0 0 55 0 -55 0 0 55 55 55 0
24200 0 55 0 0 55 0 -55 0 0 0 55 0 -55 0 0 55 -55 -55 0
24200 0 -55 0 0 -55 0 -55 0 0 0 55 0 -55 0 0 55 -55 -55 0
24200 0 55 0 0 55 0 -55 0 0 0 55 0 -55 0 0 55 55 55 0
24200 0 -55 0 0 -55 0 -55 0 0 0 55 0 -55 0 0 55 55 55 0
24200 0 55 0 0 55 0 55 0 0 0 -55 0 -55 0 0 55 -55 -55 0
24200 0 -55 0 0 -55 0 55 0 0 0 -55 0 -55 0 0 55 -55 -55 0
24200 0 55 0 0 55 0 55 0 0 0 -55 0 -55 0 0 55 55 55 0
24200 0 -55 0 0 -55 0 55 0 0 0 -55 0 -55 0 0 55 55 55 0
24200 0 -55 0 0 55 0 -55 0 0 0 -55 0 -55 0 0 55 -55 -55 0
24200 0 55 0 0 -55 0 -55 0 0 0 -55 0 -55 0 0 55 -55 -55 0
24200 0 -55 0 0 55 0 -55 0 0 0 -55 0 -55 0 0 55 55 55 0
24200 0 55 0 0 -55 0 -55 0 0 0 -55 0 -55 0 0 55 55 55 0
24200 0 -55 0 0 55 0 55 0 0 0 55 0 55 0 0 -55 -55 -55 0
24200 0 55 0 0 -55 0 55 0 0 0 55 0 55 0 0 -55 -55 -55 0
24200 0 -55 0 0 55 0 55 0 0 0 55 0 55 0 0 -55 55 55 0
24200 0 55 0 0 -55 0 55 0 0 0 55 0 55 0 0 -55 55 55 0
24200 0 55 0 0 55 0 -55 0 0 0 55 0 55 0 0 -55 -55 -55 0
24200 0 -55 0 0 -55 0 -55 0 0 0 55 0 55 0 0 -55 -55 -55 0
24200 0 55 0 0 55 0 -55 0 0 0 55 0 55 0 0 -55 55 55 0
24200 0 -55 0 0 -55 0 -55 0 0 0 55 0 55 0 0 -55 55 55 0
24200 0 55 0 0 55 0 55 0 0 0 -55 0 55 0 0 -55 -55 -55 0
24200 0 -55 0 0 -55 0 55 0 0 0 -55 0 55 0 0 -55 -55 -55 0
24200 0 55 0 0 55 0 55 0 0 0 -55 0 55 0 0 -55 55 55 0
24200 0 -55 0 0 -55 0 55 0 0 0 -55 0 55 0 0 -55 55 55 0
24200 0 -55 0 0 55 0 -55 0 0 0 -55 0 55 0 0 -55 -55 -55 0
24200 0 55 0 0 -55 0 -55 0 0 0 -55 0 55 0 0 -55 -55 -55 0
24200 0 -55 0 0 55 0 -55 0 0 0 -55 0 55 0 0 -55 55 55 0
24200 0 55 0 0 -55 0 -55 0 0 0 -55 0 55 0 0 -55 55 55 0
24200 0 55 0 0 55 0 55 0 0 0 55 0 -55 0 0 -55 -55 -55 0
24200 0 -55 0 0 -55 0 55 0 0 0 55 0 -55 0 0 -55 -55 -55 0
24200 0 55 0 0 55 0 55 0 0 0 55 0 -55 0 0 -55 55 55 0
24200 0 -55 0 0 -55 0 55 0 0 0 55 0 -55 0 0 -55 55 55 0
24200 0 -55 0 0 55 0 -55 0 0 0 55 0 -55 0 0 -55 -55 -55 0
24200 0 55 0 0 -55 0 -55 0 0 0 55 0 -55 0 0 -55 -55 -55 0
24200 0 -55 0 0 55 0 -55 0 0 0 55 0 -55 0 0 -55 55 55 0
24200 0 55 0 0 -55 0 -55 0 0 0 55 0 -55 0 0 -55 55 55 0
24200 0 -55 0 0 55 0 55 0 0 0 -55 0 -55 0 0 -55 -55 -55 0
24200 0 55 0 0 -55 0 55 0 0 0 -55 0 -55 0 0 -55 -55 -55 0
24200 0 -55 0 0 55 0 55 0 0 0 -55 0 -55 0 0 -55 55 55 0
24200 0 55 0 0 -55 0 55 0 0 0 -55 0 -55 0 0 -55 55 55 0
24200 0 55 0 0 55 0 -55 0 0 0 -55 0 -55 0 0 -55 -55 -55 0
24200 0 -55 0 0 -55 0 -55 0 0 0 -55 0 -55 0 0 -55 -55 -55 0
24200 0 55 0 0 55 0 -55 0 0 0 -55 0 -55 0 0 -55 55 55 0
24200 0 -55 0 0 -55 0 -55 0 0 0 -55 0 -55 0 0 -55 55 55 0
24200 55 0 55 0 0 0 0 0 55 0 55 0 55 0 0 55 -55 0 55
24200 -55 0 -55 0 0 0 0 0 55 0 55 0 55 0 0 55 -55 0 55
24200 55 0 55 0 0 0 0 0 55 0 55 0 55 0 0 55 55 0 -55
24200 -55 0 -55 0 0 0 0 0 55 0 55 0 55 0 0 55 55 0 -55
24200 -55 0 55 0 0 0 0 0 -55 0 55 0 55 0 0 55 -55 0 55
24200 55 0 -55 0 0 0 0 0 -55 0 55 0 55 0 0 55 -55 0 55
24200 -55 0 55 0 0 0 0 0 -55 0 55 0 55 0 0 55 55 0 -55
24200 55 0 -55 0 0 0 0 0 -55 0 55 0 55 0 0 55 55 0 -55
24200 -55 0 55 0 0 0 0 0 55 0 -55 0 55 0 0 55 -55 0 55
24200 55 0 -55 0 0 0 0 0 55 0 -55 0 55 0 0 55 -55 0 55
24200 -55 0 55 0 0 0 0 0 55 0 -55 0 55 0 0 55 55 0 -55
24200 55 0 -55 0 0 0 0 0 55 0 -55 0 55 0 0 55 55 0 -55
24200 55 0 55 0 0 0 0 0 -55 0 -55 0 55 0 0 55 -55 0 55
24200 -55 0 -55 0 0 0 0 0 -55 0 -55 0 55 0 0 55 -55 0 55
24200 55 0 55 0 0 0 0 0 -55 0 -55 0 55 0 0 55 55 0 -55
24200 -55 0 -55 0 0 0 0 0 -55 0 -55 0 55 0 0 55 55 0 -55
24200 -55 0 55 0 0 0 0 0 55 0 55 0 -55 0 0 55 -55 0 55
24200 55 0 -55 0 0 0 0 0 55 0 55 0 -55 0 0 55 -55 0 55
24200 -55 0 55 0 0 0 0 0 55 0 55 0 -55 0 0 55 55 0 -55
24200 55 0 -55 0 0 0 0 0 55 0 55 0 -55 0 0 55 55 0 -55
24200 55 0 55 0 0 0 0 0 -55 0 55 0 -55 0 0 55 -55 0 55
24200 -55 0 -55 0 0 0 0 0 -55 0 55 0 -55 0 0 55 -55 0 55
24200 55 0 55 0 0 0 0 0 -55 0 55 0 -55 0 0 55 55 0 -55
24200 -55 0 -55 0 0 0 0 0 -55 0 55 0 -55 0 0 55 55 0 -55
24200 55 0 55 0 0 0 0 0 55 0 -55 0 -55 0 0 55 -55 0 55
24200 -55 0 -55 0 0 0 0 0 55 0 -55 0 -55 0 0 55 -55 0 55
24200 55 0 55 0 0 0 0 0 55 0 -55 0 -55 0 0 55 55 0 -55
24200 -55 0 -55 0 0 0 0 0 55 0 -55 0 -55 0 0 55 55 0 -55
24200 -55 0 55 0 0 0 0 0 -55 0 -55 0 -55 0 0 55 -55 0 55
24200 55 0 -55 0 0 0 0 0 -55 0 -55 0 -55 0 0 55 -55 0 55
24200 -55 0 55 0 0 0 0 0 -55 0 -55 0 -55 0 0 55 55 0 -55
24200 55 0 -55 0 0 0 0 0 -55 0 -55 0 -55 0 0 55 55 0 -55
24200 -55 0 55 0 0 0 0 0 55 0 55 0 55 0 0 -55 -55 0 55
24200 55 0 -55 0 0 0 0 0 55 0 55 0 55 0 0 -55 -55 0 55
24200 -55 0 55 0 0 0 0 0 55 0 55 0 55 0 0 -55 55 0 -55
24200 55 0 -55 0 0 0 0 0 55 0 55 0 55 0 0 -55 55 0 -55
24200 55 0 55 0 0 0 0 0 -55 0 55 0 55 0 0 -55 -55 0 55
24200 -55 0 -55 0 0 0 0 0 -55 0 55 0 55 0 0 -55 -55 0 55
24200 55 0 55 0 0 0 0 0 -55 0 55 0 55 0 0 -55 55 0 -55
24200 -55 0 -55 0 0 0 0 0 -55 0 55 0 55 0 0 -55 55 0 -55
24200 55 0 55 0 0 0 0 0 55 0 -55 0 55 0 0 -55 -55 0 55
24200 -55 0 -55 0 0 0 0 0 55 0 -55 0 55 0 0 -55 -55 0 55
24200 55 0 55 0 0 0 0 0 55 0 -55 0 55 0 0 -55 55 0 -55
24200 -55 0 -55 0 0 0 0 0 55 0 -55 0 55 0 0 -55 55 0 -55
24200 -55 0 55 0 0 0 0 0 -55 0 -55 0 55 0 0 -55 -55 0 55
24200 55 0 -55 0 0 0 0 0 -55 0 -55 0 55 0 0 -55 -55 0 55
24200 -55 0 55 0 0 0 0 0 -55 0 -55 0 55 0 0 -55 55 0 -55
24200 55 0 -55 0 0 0 0 0 -55 0 -55 0 55 0 0 -55 55 0 -55
24200 55 0 55 0 0 0 0 0 55 0 55 0 -55 0 0 -55 -55 0 55
24200 -55 0 -55 0 0 0 0 0 55 0 55 0 -55 0 0 -55 -55 0 55
24200 55 0 55 0 0 0 0 0 55 0 55 0 -55 0 0 -55 55 0 -55
24200 -55 0 -55 0 0 0 0 0 55 0 55 0 -55 0 0 -55 55 0 -55
24200 -55 0 55 0 0 0 0 0 -55 0 55 0 -55 0 0 -55 -55 0 55
24200 55 0 -55 0 0 0 0 0 -55 0 55 0 -55 0 0 -55 -55 0 55
24200 -55 0 55 0 0 0 0 0 -55 0 55 0 -55 0 0 -55 55 0 -55
24200 55 0 -55 0 0 0 0 0 -55 0 55 0 -55 0 0 -55 55 0 -55
24200 -55 0 55 0 0 0 0 0 55 0 -55 0 -55 0 0 -55 -55 0 55
24200 55 0 -55 0 0 0 0 0 55 0 -55 0 -55 0 0 -55 -55 0 55
24200 -55 0 55 0 0 0 0 0 55 0 -55 0 -55 0 0 -55 55 0 -55
24200 55 0 -55 0 0 0 0 0 55 0 -55 0 -55 0 0 -55 55 0 -55
24200 55 0 55 0 0 0 0 0 -55 0 -55 0 -55 0 0 -55 -55 0 55
24200 -55 0 -55 0 0 0 0 0 -55 0 -55 0 -55 0 0 -55 -55 0 55
24200 55 0 55 0 0 0 0 0 -55 0 -55 0 -55 0 0 -55 55 0 -55
24200 -55 0 -55 0 0 0 0 0 -55 0 -55 0 -55 0 0 -55 55 0 -55
24200 0 -55 0 55 0 0 0 55 55 55 55 0 55 0 0 55 0 0 0
24200 0 55 0 -55 0 0 0 55 55 55 55 0 55 0 0 55 0 0 0
24200 0 55 0 55 0 0 0 -55 55 55 55 0 55 0 0 55 0 0 0
24200 0 -55 0 -55 0 0 0 -55 55 55 55 0 55 0 0 55 0 0 0
24200 0 55 0 55 0 0 0 55 -55 55 55 0 55 0 0 55 0 0 0
24200 0 -55 0 -55 0 0 0 55 -55 55 55 0 55 0 0 55 0 0 0
24200 0 -55 0 55 0 0 0 -55 -55 55 55 0 55 0 0 55 0 0 0
24200 0 55 0 -55 0 0 0 -55 -55 55 55 0 55 0 0 55 0 0 0
24200 0 55 0 55 0 0 0 55 55 -55 55 0 55 0 0 55 0 0 0
24200 0 -55 0 -55 0 0 0 55 55 -55 55 0 55 0 0 55 0 0 0
24200 0 -55 0 55 0 0 0 -55 55 -55 55 0 55 0 0 55 0 0 0
24200 0 55 0 -55 0 0 0 -55 55 -55 55 0 55 0 0 55 0 0 0
24200 0 -55 0 55 0 0 0 55 -55 -55 55 0 55 0 0 55 0 0 0
24200 0 55 0 -55 0 0 0 55 -55 -55 55 0 55 0 0 55 0 0 0
24200 0 55 0 55 0 0 0 -55 -55 -55 55 0 55 0 0 55 0 0 0
24200 0 -55 0 -55 0 0 0 -55 -55 -55 55 0 55 0 0 55 0 0 0
24200 0 55 0 55 0 0 0 55 55 55 -55 0 55 0 0 55 0 0 0
24200 0 -55 0 -55 0 0 0 55 55 55 -55 0 55 0 0 55 0 0 0
24200 0 -55 0 55 0 0 0 -55 55 55 -55 0 55 0 0 55 0 0 0
24200 0 55 0 -55 0 0 0 -55 55 55 -55 0 55 0 0 55 0 0 0
24200 0 -55 0 55 0 0 0 55 -55 55 -55 0 55 0 0 55 0 0 0
24200 0 55 0 -55 0 0 0 55 -55 55 -55 0 55 0 0 55 0 0 0
24200 0 55 0 55 0 0 0 -55 -55 55 -55 0 55 0 0 55 0 0 0
24200 0 -55 0 -55 0 0 0 -55 -55 55 -55 0 55 0 0 55 0 0 0
24200 0 -55 0 55 0 0 0 55 55 -55 -55 0 55 0 0 55 0 0 0
24200 0 55 0 -55 0 0 0 55 55 -55 -55 0 55 0 0 55 0 0 0
24200 0 55 0 55 0 0 0 -55 55 -55 -55 0 55 0 0 55 0 0 0
24200 0 -55 0 -55 0 0 0 -55 55 -55 -55 0 55 0 0 55 0 0 0
24200 0 55 0 55 0 0 0 55 -55 -55 -55 0 55 0 0 55 0 0 0
24200 0 -55 0 -55 0 0 0 55 -55 -55 -55 0 55 0 0 55 0 0 0
24200 0 -55 0 55 0 0 0 -55 -55 -55 -55 0 55 0 0 55 0 0 0
24200 0 55 0 -55 0 0 0 -55 -55 -55 -55 0 55 0 0 55 0 0 0
24200 0 55 0 55 0 0 0 55 55 55 55 0 -55 0 0 55 0 0 0
24200 0 -55 0 -55 0 0 0 55 55 55 55 0 -55 0 0 55 0 0 0
24200 0 -55 0 55 0 0 0 -55 55 55 55 0 -55 0 0 55 0 0 0
24200 0 55 0 -55 0 0 0 -55 55 55 55 0 -55 0 0 55 0 0 0
24200 0 -55 0 55 0 0 0 55 -55 55 55 0 -55 0 0 55 0 0 0
24200 0 55 0 -55 0 0 0 55 -55 55 55 0 -55 0 0 55 0 0 0
24200 0 55 0 55 0 0 0 -55 -55 55 55 0 -55 0 0 55 0 0 0
24200 0 -55 0 -55 0 0 0 -55 -55 55 55 0 -55 0 0 55 0 0 0
24200 0 -55 0 55 0 0 0 55 55 -55 55 0 -55 0 0 55 0 0 0
24200 0 55 0 -55 0 0 0 55 55 -55 55 0 -55 0 0 55 0 0 0
24200 0 55 0 55 0 0 0 -55 55 -55 55 0 -55 0 0 55 0 0 0
24200 0 -55 0 -55 0 0 0 -55 55 -55 55 0 -55 0 0 55 0 0 0
24200 0 55 0 55 0 0 0 55 -55 -55 55 0 -55 0 0 55 0 0 0
24200 0 -55 0 -55 0 0 0 55 -55 -55 55 0 -55 0 0 55 0 0 0
24200 0 -55 0 55 0 0 0 -55 -55 -55 55 0 -55 0 0 55 0 0 0
24200 0 55 0 -55 0 0 0 -55 -55 -55 55 0 -55 0 0 55 0 0 0
24200 0 -55 0 55 0 0 0 55 55 55 -55 0 -55 0 0 55 0 0 0
24200 0 55 0 -55 0 0 0 55 55 55 -55 0 -55 0 0 55 0 0 0
24200 0 55 0 55 0 0 0 -55 55 55 -55 0 -55 0 0 55 0 0 0
24200 0 -55 0 -55 0 0 0 -55 55 55 -55 0 -55 0 0 55 0 0 0
24200 0 55 0 55 0 0 0 55 -55 55 -55 0 -55 0 0 55 0 0 0
24200 0 -55 0 -55 0 0 0 55 -55 55 -55 0 -55 0 0 55 0 0 0
24200 0 -55 0 55 0 0 0 -55 -55 55 -55 0 -55 0 0 55 0 0 0
24200 0 55 0 -55 0 0 0 -55 -55 55 -55 0 -55 0 0 55 0 0 0
24200 0 55 0 55 0 0 0 55 55 -55 -55 0 -55 0 0 55 0 0 0
24200 0 -55 0 -55 0 0 0 55 55 -55 -55 0 -55 0 0 55 0 0 0
24200 0 -55 0 55 0 0 0 -55 55 -55 -55 0 -55 0 0 55 0 0 0
24200 0 55 0 -55 0 0 0 -55 55 -55 -55 0 -55 0 0 55 0 0 0
24200 0 -55 0 55 0 0 0 55 -55 -55 -55 0 -55 0 0 55 0 0 0
24200 0 55 0 -55 0 0 0 55 -55 -55 -55 0 -55 0 0 55 0 0 0
24200 0 55 0 55 0 0 0 -55 -55 -55 -55 0 -55 0 0 55 0 0 0
24200 0 -55 0 -55 0 0 0 -55 -55 -55 -55 0 -55 0 0 55 0 0 0
24200 0 55 0 55 0 0 0 55 55 55 55 0 55 0 0 -55 0 0 0
24200 0 -55 0 -55 0 0 0 55 55 55 55 0 55 0 0 -55 0 0 0
24200 0 -55 0 55 0 0 0 -55 55 55 55 0 55 0 0 -55 0 0 0
24200 0 55 0 -55 0 0 0 -55 55 55 55 0 55 0 0 -55 0 0 0
24200 0 -55 0 55 0 0 0 55 -55 55 55 0 55 0 0 -55 0 0 0
24200 0 55 0 -55 0 0 0 55 -55 55 55 0 55 0 0 -55 0 0 0
24200 0 55 0 55 0 0 0 -55 -55 55 55 0 55 0 0 -55 0 0 0
24200 0 -55 0 -55 0 0 0 -55 -55 55 55 0 55 0 0 -55 0 0 0
24200 0 -55 0 55 0 0 0 55 55 -55 55 0 55 0 0 -55 0 0 0
24200 0 55 0 -55 0 0 0 55 55 -55 55 0 55 0 0 -55 0 0 0
24200 0 55 0 55 0 0 0 -55 55 -55 55 0 55 0 0 -55 0 0 0
24200 0 -55 0 -55 0 0 0 -55 55 -55 55 0 55 0 0 -55 0 0 0
24200 0 55 0 55 0 0 0 55 -55 -55 55 0 55 0 0 -55 0 0 0
24200 0 -55 0 -55 0 0 0 55 -55 -55 55 0 55 0 0 -55 0 0 0
24200 0 -55 0 55 0 0 0 -55 -55 -55 55 0 55 0 0 -55 0 0 0
24200 0 55 0 -55 0 0 0 -55 -55 -55 55 0 55 0 0 -55 0 0 0
24200 0 -55 0 55 0 0 0 55 55 55 -55 0 55 0 0 -55 0 0 0
24200 0 55 0 -55 0 0 0 55 55 55 -55 0 55 0 0 -55 0 0 0
24200 0 55 0 55 0 0 0 -55 55 55 -55 0 55 0 0 -55 0 0 0
24200 0 -55 0 -55 0 0 0 -55 55 55 -55 0 55 0 0 -55 0 0 0
24200 0 55 0 55 0 0 0 55 -55 55 -55 0 55 0 0 -55 0 0 0
24200 0 -55 0 -55 0 0 0 55 -55 55 -55 0 55 0 0 -55 0 0 0
24200 0 -55 0 55 0 0 0 -55 -55 55 -55 0 55 0 0 -55 0 0 0
24200 0 55 0 -55 0 0 0 -55 -55 55 -55 0 55 0 0 -55 0 0 0
24200 0 55 0 55 0 0 0 55 55 -55 -55 0 55 0 0 -55 0 0 0
24200 0 -55 0 -55 0 0 0 55 55 -55 -55 0 55 0 0 -55 0 0 0
24200 0 -55 0 55 0 0 0 -55 55 -55 -55 0 55 0 0 -55 0 0 0
24200 0 55 0 -55 0 0 0 -55 55 -55 -55 0 55 0 0 -55 0 0 0
24200 0 -55 0 55 0 0 0 55 -55 -55 -55 0 55 0 0 -55 0 0 0
24200 0 55 0 -55 0 0 0 55 -55 -55 -55 0 55 0 0 -55 0 0 0
24200 0 55 0 55 0 0 0 -55 -55 -55 -55 0 55 0 0 -55 0 0 0
24200 0 -55 0 -55 0 0 0 -55 -55 -55 -55 0 55 0 0 -55 0 0 0
24200 0 -55 0 55 0 0 0 55 55 55 55 0 -55 0 0 -55 0 0 0
24200 0 55 0 -55 0 0 0 55 55 55 55 0 -55 0 0 -55 0 0 0
24200 0 55 0 55 0 0 0 -55 55 55 55 0 -55 0 0 -55 0 0 0
24200 0 -55 0 -55 0 0 0 -55 55 55 55 0 -55 0 0 -55 0 0 0
24200 0 55 0 55 0 0 0 55 -55 55 55 0 -55 0 0 -55 0 0 0
24200 0 -55 0 -55 0 0 0 55 -55 55 55 0 -55 0 0 -55 0 0 0
24200 0 -55 0 55 0 0 0 -55 -55 55 55 0 -55 0 0 -55 0 0 0
24200 0 55 0 -55 0 0 0 -55 -55 55 55 0 -55 0 0 -55 0 0 0
24200 0 55 0 55 0 0 0 55 55 -55 55 0 -55 0 0 -55 0 0 0
24200 0 -55 0 -55 0 0 0 55 55 -55 55 0 -55 0 0 -55 0 0 0
24200 0 -55 0 55 0 0 0 -55 55 -55 55 0 -55 0 0 -55 0 0 0
24200 0 55 0 -55 0 0 0 -55 55 -55 55 0 -55 0 0 -55 0 0 0
24200 0 -55 0 55 0 0 0 55 -55 -55 55 0 -55 0 0 -55 0 0 0
24200 0 55 0 -55 0 0 0 55 -55 -55 55 0 -55 0 0 -55 0 0 0
24200 0 55 0 55 0 0 0 -55 -55 -55 55 0 -55 0 0 -55 0 0 0
24200 0 -55 0 -55 0 0 0 -55 -55 -55 55 0 -55 0 0 -55 0 0 0
24200 0 55 0 55 0 0 0 55 55 55 -55 0 -55 0 0 -55 0 0 0
24200 0 -55 0 -55 0 0 0 55 55 55 -55 0 -55 0 0 -55 0 0 0
24200 0 -55 0 55 0 0 0 -55 55 55 -55 0 -55 0 0 -55 0 0 0
24200 0 55 0 -55 0 0 0 -55 55 55 -55 0 -55 0 0 -55 0 0 0
24200 0 -55 0 55 0 0 0 55 -55 55 -55 0 -55 0 0 -55 0 0 0
24200 0 55 0 -55 0 0 0 55 -55 55 -55 0 -55 0 0 -55 0 0 0
24200 0 55 0 55 0 0 0 -55 -55 55 -55 0 -55 0 0 -55 0 0 0
24200 0 -55 0 -55 0 0 0 -55 -55 55 -55 0 -55 0 0 -55 0 0 0
24200 0 -55 0 55 0 0 0 55 55 -55 -55 0 -55 0 0 -55 0 0 0
24200 0 55 0 -55 0 0 0 55 55 -55 -55 0 -55 0 0 -55 0 0 0
24200 0 55 0 55 0 0 0 -55 55 -55 -55 0 -55 0 0 -55 0 0 0
24200 0 -55 0 -55 0 0 0 -55 55 -55 -55 0 -55 0 0 -55 0 0 0
24200 0 55 0 55 0 0 0 55 -55 -55 -55 0 -55 0 0 -55 0 0 0
24200 0 -55 0 -55 0 0 0 55 -55 -55 -55 0 -55 0 0 -55 0 0 0
24200 0 -55 0 55 0 0 0 -55 -55 -55 -55 0 -55 0 0 -55 0 0 0
24200 0 55 0 -55 0 0 0 -55 -55 -55 -55 0 -55 0 0 -55 0 0 0
24200 0 0 0 -55 55 55 55 55 0 0 0 55 55 0 0 55 0 0 0
24200 0 0 0 55 -55 55 55 55 0 0 0 55 55 0 0 55 0 0 0
24200 0 0 0 55 55 -55 55 55 0 0 0 55 55 0 0 55 0 0 0
24200 0 0 0 -55 -55 -55 55 55 0 0 0 55 55 0 0 55 0 0 0
24200 0 0 0 55 55 55 -55 55 0 0 0 55 55 0 0 55 0 0 0
24200 0 0 0 -55 -55 55 -55 55 0 0 0 55 55 0 0 55 0 0 0
24200 0 0 0 -55 55 -55 -55 55 0 0 0 55 55 0 0 55 0 0 0
24200 0 0 0 55 -55 -55 -55 55 0 0 0 55 55 0 0 55 0 0 0
24200 0 0 0 55 55 55 55 -55 0 0 0 55 55 0 0 55 0 0 0
24200 0 0 0 -55 -55 55 55 -55 0 0 0 55 55 0 0 55 0 0 0
24200 0 0 0 -55 55 -55 55 -55 0 0 0 55 55 0 0 55 0 0 0
24200 0 0 0 55 -55 -55 55 -55 0 0 0 55 55 0 0 55 0 0 0
24200 0 0 0 -55 55 55 -55 -55 0 0 0 55 55 0 0 55 0 0 0
24200 0 0 0 55 -55 55 -55 -55 0 0 0 55 55 0 0 55 0 0 0
24200 0 0 0 55 55 -55 -55 -55 0 0 0 55 55 0 0 55 0 0 0
24200 0 0 0 -55 -55 -55 -55 -55 0 0 0 55 55 0 0 55 0 0 0
24200 0 0 0 55 55 55 55 55 0 0 0 -55 55 0 0 55 0 0 0
24200 0 0 0 -55 -55 55 55 55 0 0 0 -55 55 0 0 55 0 0 0
24200 0 0 0 -55 55 -55 55 55 0 0 0 -55 55 0 0 55 0 0 0
24200 0 0 0 55 -55 -55 55 55 0 0 0 -55 55 0 0 55 0 0 0
24200 0 0 0 -55 55 55 -55 55 0 0 0 -55 55 0 0 55 0 0 0
24200 0 0 0 55 -55 55 -55 55 0 0 0 -55 55 0 0 55 0 0 0
24200 0 0 0 55 55 -55 -55 55 0 0 0 -55 55 0 0 55 0 0 0
24200 0 0 0 -55 -55 -55 -55 55 0 0 0 -55 55 0 0 55 0 0 0
24200 0 0 0 -55 55 55 55 -55 0 0 0 -55 55 0 0 55 0 0 0
24200 0 0 0 55 -55 55 55 -55 0 0 0 -55 55 0 0 55 0 0 0
24200 0 0 0 55 55 -55 55 -55 0 0 0 -55 55 0 0 55 0 0 0
24200 0 0 0 -55 -55 -55 55 -55 0 0 0 -55 55 0 0 55 0 0 0
24200 0 0 0 55 55 55 -55 -55 0 0 0 -55 55 0 0 55 0 0 0
24200 0 0 0 -55 -55 55 -55 -55 0 0 0 -55 55 0 0 55 0 0 0
24200 0 0 0 -55 55 -55 -55 -55 0 0 0 -55 55 0 0 55 0 0 0
24200 0 0 0 55 -55 -55 -55 -55 0 0 0 -55 55 0 0 55 0 0 0
24200 0 0 0 55 55 55 55 55 0 0 0 55 -55 0 0 55 0 0 0
24200 0 0 0 -55 -55 55 55 55 0 0 0 55 -55 0 0 55 0 0 0
24200 0 0 0 -55 55 -55 55 55 0 0 0 55 -55 0 0 55 0 0 0
24200 0 0 0 55 -55 -55 55 55 0 0 0 55 -55 0 0 55 0 0 0
24200 0 0 0 -55 55 55 -55 55 0 0 0 55 -55 0 0 55 0 0 0
24200 0 0 0 55 -55 55 -55 55 0 0 0 55 -55 0 0 55 0 0 0
24200 0 0 0 55 55 -55 -55 55 0 0 0 55 -55 0 0 55 0 0 0
24200 0 0 0 -55 -55 -55 -55 55 0 0 0 55 -55 0 0 55 0 0 0
24200 0 0 0 -55 55 55 55 -55 0 0 0 55 -55 0 0 55 0 0 0
24200 0 0 0 55 -55 55 55 -55 0 0 0 55 -55 0 0 55 0 0 0
24200 0 0 0 55 55 -55 55 -55 0 0 0 55 -55 0 0 55 0 0 0
24200 0 0 0 -55 -55 -55 55 -55 0 0 0 55 -55 0 0 55 0 0 0
24200 0 0 0 55 55 55 -55 -55 0 0 0 55 -55 0 0 55 0 0 0
24200 0 0 0 -55 -55 55 -55 -55 0 0 0 55 -55 0 0 55 0 0 0
24200 0 0 0 -55 55 -55 -55 -55 0 0 0 55 -55 0 0 55 0 0 0
24200 0 0 0 55 -55 -55 -55 -55 0 0 0 55 -55 0 0 55 0 0 0
24200 0 0 0 -55 55 55 55 55 0 0 0 -55 -55 0 0 55 0 0 0
24200 0 0 0 55 -55 55 55 55 0 0 0 -55 -55 0 0 55 0 0 0
24200 0 0 0 55 55 -55 55 55 0 0 0 -55 -55 0 0 55 0 0 0
24200 0 0 0 -55 -55 -55 55 55 0 0 0 -55 -55 0 0 55 0 0 0
24200 0 0 0 55 55 55 -55 55 0 0 0 -55 -55 0 0 55 0 0 0
24200 0 0 0 -55 -55 55 -55 55 0 0 0 -55 -55 0 0 55 0 0 0
24200 0 0 0 -55 55 -55 -55 55 0 0 0 -55 -55 0 0 55 0 0 0
24200 0 0 0 55 -55 -55 -55 55 0 0 0 -55 -55 0 0 55 0 0 0
24200 0 0 0 55 55 55 55 -55 0 0 0 -55 -55 0 0 55 0 0 0
24200 0 0 0 -55 -55 55 55 -55 0 0 0 -55 -55 0 0 55 0 0 0
24200 0 0 0 -55 55 -55 55 -55 0 0 0 -55 -55 0 0 55 0 0 0
24200 0 0 0 55 -55 -55 55 -55 0 0 0 -55 -55 0 0 55 0 0 0
24200 0 0 0 -55 55 55 -55 -55 0 0 0 -55 -55 0 0 55 0 0 0
24200 0 0 0 55 -55 55 -55 -55 0 0 0 -55 -55 0 0 55 0 0 0
24200 0 0 0 55 55 -55 -55 -55 0 0 0 -55 -55 0 0 55 0 0 0
24200 0 0 0 -55 -55 -55 -55 -55 0 0 0 -55 -55 0 0 55 0 0 0
24200 0 0 0 55 55 55 55 55 0 0 0 55 55 0 0 -55 0 0 0
24200 0 0 0 -55 -55 55 55 55 0 0 0 55 55 0 0 -55 0 0 0
24200 0 0 0 -55 55 -55 55 55 0 0 0 55 55 0 0 -55 0 0 0
24200 0 0 0 55 -55 -55 55 55 0 0 0 55 55 0 0 -55 0 0 0
24200 0 0 0 -55 55 55 -55 55 0 0 0 55 55 0 0 -55 0 0 0
24200 0 0 0 55 -55 55 -55 55 0 0 0 55 55 0 0 -55 0 0 0
24200 0 0 0 55 55 -55 -55 55 0 0 0 55 55 0 0 -55 0 0 0
24200 0 0 0 -55 -55 -55 -55 55 0 0 0 55 55 0 0 -55 0 0 0
24200 0 0 0 -55 55 55 55 -55 0 0 0 55 55 0 0 -55 0 0 0
24200 0 0 0 55 -55 55 55 -55 0 0 0 55 55 0 0 -55 0 0 0
24200 0 0 0 55 55 -55 55 -55 0 0 0 55 55 0 0 -55 0 0 0
24200 0 0 0 -55 -55 -55 55 -55 0 0 0 55 55 0 0 -55 0 0 0
24200 0 0 0 55 55 55 -55 -55 0 0 0 55 55 0 0 -55 0 0 0
24200 0 0 0 -55 -55 55 -55 -55 0 0 0 55 55 0 0 -55 0 0 0
24200 0 0 0 -55 55 -55 -55 -55 0 0 0 55 55 0 0 -55 0 0 0
24200 0 0 0 55 -55 -55 -55 -55 0 0 0 55 55 0 0 -55 0 0 0
24200 0 0 0 -55 55 55 55 55 0 0 0 -55 55 0 0 -55 0 0 0
24200 0 0 0 55 -55 55 55 55 0 0 0 -55 55 0 0 -55 0 0 0
24200 0 0 0 55 55 -55 55 55 0 0 0 -55 55 0 0 -55 0 0 0
24200 0 0 0 -55 -55 -55 55 55 0 0 0 -55 55 0 0 -55 0 0 0
24200 0 0 0 55 55 55 -55 55 0 0 0 -55 55 0 0 -55 0 0 0
24200 0 0 0 -55 -55 55 -55 55 0 0 0 -55 55 0 0 -55 0 0 0
24200 0 0 0 -55 55 -55 -55 55 0 0 0 -55 55 0 0 -55 0 0 0
24200 0 0 0 55 -55 -55 -55 55 0 0 0 -55 55 0 0 -55 0 0 0
24200 0 0 0 55 55 55 55 -55 0 0 0 -55 55 0 0 -55 0 0 0
24200 0 0 0 -55 -55 55 55 -55 0 0 0 -55 55 0 0 -55 0 0 0
24200 0 0 0 -55 55 -55 55 -55 0 0 0 -55 55 0 0 -55 0 0 0
24200 0 0 0 55 -55 -55 55 -55 0 0 0 -55 55 0 0 -55 0 0 0
24200 0 0 0 -55 55 55 -55 -55 0 0 0 -55 55 0 0 -55 0 0 0
24200 0 0 0 55 -55 55 -55 -55 0 0 0 -55 55 0 0 -55 0 0 0
24200 0 0 0 55 55 -55 -55 -55 0 0 0 -55 55 0 0 -55 0 0 0
24200 0 0 0 -55 -55 -55 -55 -55 0 0 0 -55 55 0 0 -55 0 0 0
24200 0 0 0 -55 55 55 55 55 0 0 0 55 -55 0 0 -55 0 0 0
24200 0 0 0 55 -55 55 55 55 0 0 0 55 -55 0 0 -55 0 0 0
24200 0 0 0 55 55 -55 55 55 0 0 0 55 -55 0 0 -55 0 0 0
24200 0 0 0 -55 -55 -55 55 55 0 0 0 55 -55 0 0 -55 0 0 0
24200 0 0 0 55 55 55 -55 55 0 0 0 55 -55 0 0 -55 0 0 0
24200 0 0 0 -55 -55 55 -55 55 0 0 0 55 -55 0 0 -55 0 0 0
24200 0 0 0 -55 55 -55 -55 55 0 0 0 55 -55 0 0 -55 0 0 0
24200 0 0 0 55 -55 -55 -55 55 0 0 0 55 -55 0 0 -55 0 0 0
24200 0 0 0 55 55 55 55 -55 0 0 0 55 -55 0 0 -55 0 0 0
24200 0 0 0 -55 -55 55 55 -55 0 0 0 55 -55 0 0 -55 0 0 0
24200 0 0 0 -55 55 -55 55 -55 0 0 0 55 -55 0 0 -55 0 0 0
24200 0 0 0 55 -55 -55 55 -55 0 0 0 55 -55 0 0 -55 0 0 0
24200 0 0 0 -55 55 55 -55 -55 0 0 0 55 -55 0 0 -55 0 0 0
24200 0 0 0 55 -55 55 -55 -55 0 0 0 55 -55 0 0 -55 0 0 0
24200 0 0 0 55 55 -55 -55 -55 0 0 0 55 -55 0 0 -55 0 0 0
24200 0 0 0 -55 -55 -55 -55 -55 0 0 0 55 -55 0 0 -55 0 0 0
24200 0 0 0 55 55 55 55 55 0 0 0 -55 -55 0 0 -55 0 0 0
24200 0 0 0 -55 -55 55 55 55 0 0 0 -55 -55 0 0 -55 0 0 0
24200 0 0 0 -55 55 -55 55 55 0 0 0 -55 -55 0 0 -55 0 0 0
24200 0 0 0 55 -55 -55 55 55 0 0 0 -55 -55 0 0 -55 0 0 0
24200 0 0 0 -55 55 55 -55 55 0 0 0 -55 -55 0 0 -55 0 0 0
24200 0 0 0 55 -55 55 -55 55 0 0 0 -55 -55 0 0 -55 0 0 0
24200 0 0 0 55 55 -55 -55 55 0 0 0 -55 -55 0 0 -55 0 0 0
24200 0 0 0 -55 -55 -55 -55 55 0 0 0 -55 -55 0 0 -55 0 0 0
24200 0 0 0 -55 55 55 55 -55 0 0 0 -55 -55 0 0 -55 0 0 0
24200 0 0 0 55 -55 55 55 -55 0 0 0 -55 -55 0 0 -55 0 0 0
24200 0 0 0 55 55 -55 55 -55 0 0 0 -55 -55 0 0 -55 0 0 0
24200 0 0 0 -55 -55 -55 55 -55 0 0 0 -55 -55 0 0 -55 0 0 0
24200 0 0 0 55 55 55 -55 -55 0 0 0 -55 -55 0 0 -55 0 0 0
24200 0 0 0 -55 -55 55 -55 -55 0 0 0 -55 -55 0 0 -55 0 0 0
24200 0 0 0 -55 55 -55 -55 -55 0 0 0 -55 -55 0 0 -55 0 0 0
24200 0 0 0 55 -55 -55 -55 -55 0 0 0 -55 -55 0 0 -55 0 0 0
24200 0 0 0 0 0 55 0 0 55 55 0 55 55 0 0 55 -55 -55 0
24200 0 0 0 0 0 55 0 0 55 55 0 55 55 0 0 55 55 55 0
24200 0 0 0 0 0 -55 0 0 -55 55 0 55 55 0 0 55 -55 -55 0
24200 0 0 0 0 0 -55 0 0 -55 55 0 55 55 0 0 55 55 55 0
24200 0 0 0 0 0 -55 0 0 55 -55 0 55 55 0 0 55 -55 -55 0
24200 0 0 0 0 0 -55 0 0 55 -55 0 55 55 0 0 55 55 55 0
24200 0 0 0 0 0 55 0 0 -55 -55 0 55 55 0 0 55 -55 -55 0
24200 0 0 0 0 0 55 0 0 -55 -55 0 55 55 0 0 55 55 55 0
24200 0 0 0 0 0 -55 0 0 55 55 0 -55 55 0 0 55 -55 -55 0
24200 0 0 0 0 0 -55 0 0 55 55 0 -55 55 0 0 55 55 55 0
24200 0 0 0 0 0 55 0 0 -55 55 0 -55 55 0 0 55 -55 -55 0
24200 0 0 0 0 0 55 0 0 -55 55 0 -55 55 0 0 55 55 55 0
24200 0 0 0 0 0 55 0 0 55 -55 0 -55 55 0 0 55 -55 -55 0
24200 0 0 0 0 0 55 0 0 55 -55 0 -55 55 0 0 55 55 55 0
24200 0 0 0 0 0 -55 0 0 -55 -55 0 -55 55 0 0 55 -55 -55 0
24200 0 0 0 0 0 -55 0 0 -55 -55 0 -55 55 0 0 55 55 55 0
24200 0 0 0 0 0 -55 0 0 55 55 0 55 -55 0 0 55 -55 -55 0
24200 0 0 0 0 0 -55 0 0 55 55 0 55 -55 0 0 55 55 55 0
24200 0 0 0 0 0 55 0 0 -55 55 0 55 -55 0 0 55 -55 -55 0
24200 0 0 0 0 0 55 0 0 -55 55 0 55 -55 0 0 55 55 55 0
24200 0 0 0 0 0 55 0 0 55 -55 0 55 -55 0 0 55 -55 -55 0
24200 0 0 0 0 0 55 0 0 55 -55 0 55 -55 0 0 55 55 55 0
24200 0 0 0 0 0 -55 0 0 -55 -55 0 55 -55 0 0 55 -55 -55 0
24200 0 0 0 0 0 -55 0 0 -55 -55 0 55 -55 0 0 55 55 55 0
24200 0 0 0 0 0 55 0 0 55 55 0 -55 -55 0 0 55 -55 -55 0
24200 0 0 0 0 0 55 0 0 55 55 0 -55 -55 0 0 55 55 55 0
24200 0 0 0 0 0 -55 0 0 -55 55 0 -55 -55 0 0 55 -55 -55 0
24200 0 0 0 0 0 -55 0 0 -55 55 0 -55 -55 0 0 55 55 55 0
24200 0 0 0 0 0 -55 0 0 55 -55 0 -55 -55 0 0 55 -55 -55 0
24200 0 0 0 0 0 -55 0 0 55 -55 0 -55 -55 0 0 55 55 55 0
24200 0 0 0 0 0 55 0 0 -55 -55 0 -55 -55 0 0 55 -55 -55 0
24200 0 0 0 0 0 55 0 0 -55 -55 0 -55 -55 0 0 55 55 55 0
24200 0 0 0 0 0 -55 0 0 55 55 0 55 55 0 0 -55 -55 -55 0
24200 0 0 0 0 0 -55 0 0 55 55 0 55 55 0 0 -55 55 55 0
24200 0 0 0 0 0 55 0 0 -55 55 0 55 55 0 0 -55 -55 -55 0
24200 0 0 0 0 0 55 0 0 -55 55 0 55 55 0 0 -55 55 55 0
24200 0 0 0 0 0 55 0 0 55 -55 0 55 55 0 0 -55 -55 -55 0
24200 0 0 0 0 0 55 0 0 55 -55 0 55 55 0 0 -55 55 55 0
24200 0 0 0 0 0 -55 0 0 -55 -55 0 55 55 0 0 -55 -55 -55 0
24200 0 0 0 0 0 -55 0 0 -55 -55 0 55 55 0 0 -55 55 55 0
24200 0 0 0 0 0 55 0 0 55 55 0 -55 55 0 0 -55 -55 -55 0
24200 0 0 0 0 0 55 0 0 55 55 0 -55 55 0 0 -55 55 55 0
24200 0 0 0 0 0 -55 0 0 -55 55 0 -55 55 0 0 -55 -55 -55 0
24200 0 0 0 0 0 -55 0 0 -55 55 0 -55 55 0 0 -55 55 55 0
24200 0 0 0 0 0 -55 0 0 55 -55 0 -55 55 0 0 -55 -55 -55 0
24200 0 0 0 0 0 -55 0 0 55 -55 0 -55 55 0 0 -55 55 55 0
24200 0 0 0 0 0 55 0 0 -55 -55 0 -55 55 0 0 -55 -55 -55 0
24200 0 0 0 0 0 55 0 0 -55 -55 0 -55 55 0 0 -55 55 55 0
24200 0 0 0 0 0 55 0 0 55 55 0 55 -55 0 0 -55 -55 -55 0
24200 0 0 0 0 0 55 0 0 55 55 0 55 -55 0 0 -55 55 55 0
24200 0 0 0 0 0 -55 0 0 -55 55 0 55 -55 0 0 -55 -55 -55 0
24200 0 0 0 0 0 -55 0 0 -55 55 0 55 -55 0 0 -55 55 55 0
24200 0 0 0 0 0 -55 0 0 55 -55 0 55 -55 0 0 -55 -55 -55 0
24200 0 0 0 0 0 -55 0 0 55 -55 0 55 -55 0 0 -55 55 55 0
24200 0 0 0 0 0 55 0 0 -55 -55 0 55 -55 0 0 -55 -55 -55 0
24200 0 0 0 0 0 55 0 0 -55 -55 0 55 -55 0 0 -55 55 55 0
24200 0 0 0 0 0 -55 0 0 55 55 0 -55 -55 0 0 -55 -55 -55 0
24200 0 0 0 0 0 -55 0 0 55 55 0 -55 -55 0 0 -55 55 55 0
24200 0 0 0 0 0 55 0 0 -55 55 0 -55 -55 0 0 -55 -55 -55 0
24200 0 0 0 0 0 55 0 0 -55 55 0 -55 -55 0 0 -55 55 55 0
24200 0 0 0 0 0 55 0 0 55 -55 0 -55 -55 0 0 -55 -55 -55 0
24200 0 0 0 0 0 55 0 0 55 -55 0 -55 -55 0 0 -55 55 55 0
24200 0 0 0 0 0 -55 0 0 -55 -55 0 -55 -55 0 0 -55 -55 -55 0
24200 0 0 0 0 0 -55 0 0 -55 -55 0 -55 -55 0 0 -55 55 55 0
24200 55 0 0 0 0 0 0 55 0 0 55 55 55 0 0 55 -55 0 -55
24200 55 0 0 0 0 0 0 55 0 0 55 55 55 0 0 55 55 0 55
24200 -55 0 0 0 0 0 0 -55 0 0 55 55 55 0 0 55 -55 0 -55
24200 -55 0 0 0 0 0 0 -55 0 0 55 55 55 0 0 55 55 0 55
24200 -55 0 0 0 0 0 0 55 0 0 -55 55 55 0 0 55 -55 0 -55
24200 -55 0 0 0 0 0 0 55 0 0 -55 55 55 0 0 55 55 0 55
24200 55 0 0 0 0 0 0 -55 0 0 -55 55 55 0 0 55 -55 0 -55
24200 55 0 0 0 0 0 0 -55 0 0 -55 55 55 0 0 55 55 0 55
24200 -55 0 0 0 0 0 0 55 0 0 55 -55 55 0 0 55 -55 0 -55
24200 -55 0 0 0 0 0 0 55 0 0 55 -55 55 0 0 55 55 0 55
24200 55 0 0 0 0 0 0 -55 0 0 55 -55 55 0 0 55 -55 0 -55
24200 55 0 0 0 0 0 0 -55 0 0 55 -55 55 0 0 55 55 0 55
24200 55 0 0 0 0 0 0 55 0 0 -55 -55 55 0 0 55 -55 0 -55
24200 55 0 0 0 0 0 0 55 0 0 -55 -55 55 0 0 55 55 0 55
24200 -55 0 0 0 0 0 0 -55 0 0 -55 -55 55 0 0 55 -55 0 -55
24200 -55 0 0 0 0 0 0 -55 0 0 -55 -55 55 0 0 55 55 0 55
24200 -55 0 0 0 0 0 0 55 0 0 55 55 -55 0 0 55 -55 0 -55
24200 -55 0 0 0 0 0 0 55 0 0 55 55 -55 0 0 55 55 0 55
24200 55 0 0 0 0 0 0 -55 0 0 55 55 -55 0 0 55 -55 0 -55
24200 55 0 0 0 0 0 0 -55 0 0 55 55 -55 0 0 55 55 0 55
24200 55 0 0 0 0 0 0 55 0 0 -55 55 -55 0 0 55 -55 0 -55
24200 55 0 0 0 0 0 0 55 0 0 -55 55 -55 0 0 55 55 0 55
24200 -55 0 0 0 0 0 0 -55 0 0 -55 55 -55 0 0 55 -55 0 -55
24200 -55 0 0 0 0 0 0 -55 0 0 -55 55 -55 0 0 55 55 0 55
24200 55 0 0 0 0 0 0 55 0 0 55 -55 -55 0 0 55 -55 0 -55
24200 55 0 0 0 0 0 0 55 0 0 55 -55 -55 0 0 55 55 0 55
24200 -55 0 0 0 0 0 0 -55 0 0 55 -55 -55 0 0 55 -55 0 -55
24200 -55 0 0 0 0 0 0 -55 0 0 55 -55 -55 0 0 55 55 0 55
24200 -55 0 0 0 0 0 0 55 0 0 -55 -55 -55 0 0 55 -55 0 -55
24200 -55 0 0 0 0 0 0 55 0 0 -55 -55 -55 0 0 55 55 0 55
24200 55 0 0 0 0 0 0 -55 0 0 -55 -55 -55 0 0 55 -55 0 -55
24200 55 0 0 0 0 0 0 -55 0 0 -55 -55 -55 0 0 55 55 0 55
24200 -55 0 0 0 0 0 0 55 0 0 55 55 55 0 0 -55 -55 0 -55
24200 -55 0 0 0 0 0 0 55 0 0 55 55 55 0 0 -55 55 0 55
24200 55 0 0 0 0 0 0 -55 0 0 55 55 55 0 0 -55 -55 0 -55
24200 55 0 0 0 0 0 0 -55 0 0 55 55 55 0 0 -55 55 0 55
24200 55 0 0 0 0 0 0 55 0 0 -55 55 55 0 0 -55 -55 0 -55
24200 55 0 0 0 0 0 0 55 0 0 -55 55 55 0 0 -55 55 0 55
24200 -55 0 0 0 0 0 0 -55 0 0 -55 55 55 0 0 -55 -55 0 -55
24200 -55 0 0 0 0 0 0 -55 0 0 -55 55 55 0 0 -55 55 0 55
24200 55 0 0 0 0 0 0 55 0 0 55 -55 55 0 0 -55 -55 0 -55
24200 55 0 0 0 0 0 0 55 0 0 55 -55 55 0 0 -55 55 0 55
24200 -55 0 0 0 0 0 0 -55 0 0 55 -55 55 0 0 -55 -55 0 -55
24200 -55 0 0 0 0 0 0 -55 0 0 55 -55 55 0 0 -55 55 0 55
24200 -55 0 0 0 0 0 0 55 0 0 -55 -55 55 0 0 -55 -55 0 -55
24200 -55 0 0 0 0 0 0 55 0 0 -55 -55 55 0 0 -55 55 0 55
24200 55 0 0 0 0 0 0 -55 0 0 -55 -55 55 0 0 -55 -55 0 -55
24200 55 0 0 0 0 0 0 -55 0 0 -55 -55 55 0 0 -55 55 0 55
24200 55 0 0 0 0 0 0 55 0 0 55 55 -55 0 0 -55 -55 0 -55
24200 55 0 0 0 0 0 0 55 0 0 55 55 -55 0 0 -55 55 0 55
24200 -55 0 0 0 0 0 0 -55 0 0 55 55 -55 0 0 -55 -55 0 -55
24200 -55 0 0 0 0 0 0 -55 0 0 55 55 -55 0 0 -55 55 0 55
24200 -55 0 0 0 0 0 0 55 0 0 -55 55 -55 0 0 -55 -55 0 -55
24200 -55 0 0 0 0 0 0 55 0 0 -55 55 -55 0 0 -55 55 0 55
24200 55 0 0 0 0 0 0 -55 0 0 -55 55 -55 0 0 -55 -55 0 -55
24200 55 0 0 0 0 0 0 -55 0 0 -55 55 -55 0 0 -55 55 0 55
24200 -55 0 0 0 0 0 0 55 0 0 55 -55 -55 0 0 -55 -55 0 -55
24200 -55 0 0 0 0 0 0 55 0 0 55 -55 -55 0 0 -55 55 0 55
24200 55 0 0 0 0 0 0 -55 0 0 55 -55 -55 0 0 -55 -55 0 -55
24200 55 0 0 0 0 0 0 -55 0 0 55 -55 -55 0 0 -55 55 0 55
24200 55 0 0 0 0 0 0 55 0 0 -55 -55 -55 0 0 -55 -55 0 -55
24200 55 0 0 0 0 0 0 55 0 0 -55 -55 -55 0 0 -55 55 0 55
24200 -55 0 0 0 0 0 0 -55 0 0 -55 -55 -55 0 0 -55 -55 0 -55
24200 -55 0 0 0 0 0 0 -55 0 0 -55 -55 -55 0 0 -55 55 0 55
24200 0 55 0 0 55 55 55 0 0 0 0 0 0 55 0 55 -55 55 0
24200 0 55 0 0 55 55 55 0 0 0 0 0 0 55 0 55 55 -55 0
24200 0 -55 0 0 -55 55 55 0 0 0 0 0 0 55 0 55 -55 55 0
24200 0 -55 0 0 -55 55 55 0 0 0 0 0 0 55 0 55 55 -55 0
24200 0 -55 0 0 55 -55 55 0 0 0 0 0 0 55 0 55 -55 55 0
24200 0 -55 0 0 55 -55 55 0 0 0 0 0 0 55 0 55 55 -55 0
24200 0 55 0 0 -55 -55 55 0 0 0 0 0 0 55 0 55 -55 55 0
24200 0 55 0 0 -55 -55 55 0 0 0 0 0 0 55 0 55 55 -55 0
24200 0 -55 0 0 55 55 -55 0 0 0 0 0 0 55 0 55 -55 55 0
24200 0 -55 0 0 55 55 -55 0 0 0 0 0 0 55 0 55 55 -55 0
24200 0 55 0 0 -55 55 -55 0 0 0 0 0 0 55 0 55 -55 55 0
24200 0 55 0 0 -55 55 -55 0 0 0 0 0 0 55 0 55 55 -55 0
24200 0 55 0 0 55 -55 -55 0 0 0 0 0 0 55 0 55 -55 55 0
24200 0 55 0 0 55 -55 -55 0 0 0 0 0 0 55 0 55 55 -55 0
24200 0 -55 0 0 -55 -55 -55 0 0 0 0 0 0 55 0 55 -55 55 0
24200 0 -55 0 0 -55 -55 -55 0 0 0 0 0 0 55 0 55 55 -55 0
24200 0 -55 0 0 55 55 55 0 0 0 0 0 0 -55 0 55 -55 55 0
24200 0 -55 0 0 55 55 55 0 0 0 0 0 0 -55 0 55 55 -55 0
24200 0 55 0 0 -55 55 55 0 0 0 0 0 0 -55 0 55 -55 55 0
24200 0 55 0 0 -55 55 55 0 0 0 0 0 0 -55 0 55 55 -55 0
24200 0 55 0 0 55 -55 55 0 0 0 0 0 0 -55 0 55 -55 55 0
24200 0 55 0 0 55 -55 55 0 0 0 0 0 0 -55 0 55 55 -55 0
24200 0 -55 0 0 -55 -55 55 0 0 0 0 0 0 -55 0 55 -55 55 0
24200 0 -55 0 0 -55 -55 55 0 0 0 0 0 0 -55 0 55 55 -55 0
24200 0 55 0 0 55 55 -55 0 0 0 0 0 0 -55 0 55 -55 55 0
24200 0 55 0 0 55 55 -55 0 0 0 0 0 0 -55 0 55 55 -55 0
24200 0 -55 0 0 -55 55 -55 0 0 0 0 0 0 -55 0 55 -55 55 0
24200 0 -55 0 0 -55 55 -55 0 0 0 0 0 0 -55 0 55 55 -55 0
24200 0 -55 0 0 55 -55 -55 0 0 0 0 0 0 -55 0 55 -55 55 0
24200 0 -55 0 0 55 -55 -55 0 0 0 0 0 0 -55 0 55 55 -55 0
24200 0 55 0 0 -55 -55 -55 0 0 0 0 0 0 -55 0 55 -55 55 0
24200 0 55 0 0 -55 -55 -55 0 0 0 0 0 0 -55 0 55 55 -55 0
24200 0 -55 0 0 55 55 55 0 0 0 0 0 0 55 0 -55 -55 55 0
24200 0 -55 0 0 55 55 55 0 0 0 0 0 0 55 0 -55 55 -55 0
24200 0 55 0 0 -55 55 55 0 0 0 0 0 0 55 0 -55 -55 55 0
24200 0 55 0 0 -55 55 55 0 0 0 0 0 0 55 0 -55 55 -55 0
24200 0 55 0 0 55 -55 55 0 0 0 0 0 0 55 0 -55 -55 55 0
24200 0 55 0 0 55 -55 55 0 0 0 0 0 0 55 0 -55 55 -55 0
24200 0 -55 0 0 -55 -55 55 0 0 0 0 0 0 55 0 -55 -55 55 0
24200 0 -55 0 0 -55 -55 55 0 0 0 0 0 0 55 0 -55 55 -55 0
24200 0 55 0 0 55 55 -55 0 0 0 0 0 0 55 0 -55 -55 55 0
24200 0 55 0 0 55 55 -55 0 0 0 0 0 0 55 0 -55 55 -55 0
24200 0 -55 0 0 -55 55 -55 0 0 0 0 0 0 55 0 -55 -55 55 0
24200 0 -55 0 0 -55 55 -55 0 0 0 0 0 0 55 0 -55 55 -55 0
24200 0 -55 0 0 55 -55 -55 0 0 0 0 0 0 55 0 -55 -55 55 0
24200 0 -55 0 0 55 -55 -55 0 0 0 0 0 0 55 0 -55 55 -55 0
24200 0 55 0 0 -55 -55 -55 0 0 0 0 0 0 55 0 -55 -55 55 0
24200 0 55 0 0 -55 -55 -55 0 0 0 0 0 0 55 0 -55 55 -55 0
24200 0 55 0 0 55 55 55 0 0 0 0 0 0 -55 0 -55 -55 55 0
24200 0 55 0 0 55 55 55 0 0 0 0 0 0 -55 0 -55 55 -55 0
24200 0 -55 0 0 -55 55 55 0 0 0 0 0 0 -55 0 -55 -55 55 0
24200 0 -55 0 0 -55 55 55 0 0 0 0 0 0 -55 0 -55 55 -55 0
24200 0 -55 0 0 55 -55 55 0 0 0 0 0 0 -55 0 -55 -55 55 0
24200 0 -55 0 0 55 -55 55 0 0 0 0 0 0 -55 0 -55 55 -55 0
24200 0 55 0 0 -55 -55 55 0 0 0 0 0 0 -55 0 -55 -55 55 0
24200 0 55 0 0 -55 -55 55 0 0 0 0 0 0 -55 0 -55 55 -55 0
24200 0 -55 0 0 55 55 -55 0 0 0 0 0 0 -55 0 -55 -55 55 0
24200 0 -55 0 0 55 55 -55 0 0 0 0 0 0 -55 0 -55 55 -55 0
24200 0 55 0 0 -55 55 -55 0 0 0 0 0 0 -55 0 -55 -55 55 0
24200 0 55 0 0 -55 55 -55 0 0 0 0 0 0 -55 0 -55 55 -55 0
24200 0 55 0 0 55 -55 -55 0 0 0 0 0 0 -55 0 -55 -55 55 0
24200 0 55 0 0 55 -55 -55 0 0 0 0 0 0 -55 0 -55 55 -55 0
24200 0 -55 0 0 -55 -55 -55 0 0 0 0 0 0 -55 0 -55 -55 55 0
24200 0 -55 0 0 -55 -55 -55 0 0 0 0 0 0 -55 0 -55 55 -55 0
24200 55 0 55 0 0 55 0 0 55 0 0 0 0 55 0 55 -55 0 -55
24200 -55 0 -55 0 0 55 0 0 55 0 0 0 0 55 0 55 -55 0 -55
24200 55 0 55 0 0 55 0 0 55 0 0 0 0 55 0 55 55 0 55
24200 -55 0 -55 0 0 55 0 0 55 0 0 0 0 55 0 55 55 0 55
24200 -55 0 55 0 0 -55 0 0 55 0 0 0 0 55 0 55 -55 0 -55
24200 55 0 -55 0 0 -55 0 0 55 0 0 0 0 55 0 55 -55 0 -55
24200 -55 0 55 0 0 -55 0 0 55 0 0 0 0 55 0 55 55 0 55
24200 55 0 -55 0 0 -55 0 0 55 0 0 0 0 55 0 55 55 0 55
24200 -55 0 55 0 0 55 0 0 -55 0 0 0 0 55 0 55 -55 0 -55
24200 55 0 -55 0 0 55 0 0 -55 0 0 0 0 55 0 55 -55 0 -55
24200 -55 0 55 0 0 55 0 0 -55 0 0 0 0 55 0 55 55 0 55
24200 55 0 -55 0 0 55 0 0 -55 0 0 0 0 55 0 55 55 0 55
24200 55 0 55 0 0 -55 0 0 -55 0 0 0 0 55 0 55 -55 0 -55
24200 -55 0 -55 0 0 -55 0 0 -55 0 0 0 0 55 0 55 -55 0 -55
24200 55 0 55 0 0 -55 0 0 -55 0 0 0 0 55 0 55 55 0 55
24200 -55 0 -55 0 0 -55 0 0 -55 0 0 0 0 55 0 55 55 0 55
24200 -55 0 55 0 0 55 0 0 55 0 0 0 0 -55 0 55 -55 0 -55
24200 55 0 -55 0 0 55 0 0 55 0 0 0 0 -55 0 55 -55 0 -55
24200 -55 0 55 0 0 55 0 0 55 0 0 0 0 -55 0 55 55 0 55
24200 55 0 -55 0 0 55 0 0 55 0 0 0 0 -55 0 55 55 0 55
24200 55 0 55 0 0 -55 0 0 55 0 0 0 0 -55 0 55 -55 0 -55
24200 -55 0 -55 0 0 -55 0 0 55 0 0 0 0 -55 0 55 -55 0 -55
24200 55 0 55 0 0 -55 0 0 55 0 0 0 0 -55 0 55 55 0 55
24200 -55 0 -55 0 0 -55 0 0 55 0 0 0 0 -55 0 55 55 0 55
24200 55 0 55 0 0 55 0 0 -55 0 0 0 0 -55 0 55 -55 0 -55
24200 -55 0 -55 0 0 55 0 0 -55 0 0 0 0 -55 0 55 -55 0 -55
24200 55 0 55 0 0 55 0 0 -55 0 0 0 0 -55 0 55 55 0 55
24200 -55 0 -55 0 0 55 0 0 -55 0 0 0 0 -55 0 55 55 0 55
24200 -55 0 55 0 0 -55 0 0 -55 0 0 0 0 -55 0 55 -55 0 -55
24200 55 0 -55 0 0 -55 0 0 -55 0 0 0 0 -55 0 55 -55 0 -55
24200 -55 0 55 0 0 -55 0 0 -55 0 0 0 0 -55 0 55 55 0 55
24200 55 0 -55 0 0 -55 0 0 -55 0 0 0 0 -55 0 55 55 0 55
24200 -55 0 55 0 0 55 0 0 55 0 0 0 0 55 0 -55 -55 0 -55
24200 55 0 -55 0 0 55 0 0 55 0 0 0 0 55 0 -55 -55 0 -55
24200 -55 0 55 0 0 55 0 0 55 0 0 0 0 55 0 -55 55 0 55
24200 55 0 -55 0 0 55 0 0 55 0 0 0 0 55 0 -55 55 0 55
24200 55 0 55 0 0 -55 0 0 55 0 0 0 0 55 0 -55 -55 0 -55
24200 -55 0 -55 0 0 -55 0 0 55 0 0 0 0 55 0 -55 -55 0 -55
24200 55 0 55 0 0 -55 0 0 55 0 0 0 0 55 0 -55 55 0 55
24200 -55 0 -55 0 0 -55 0 0 55 0 0 0 0 55 0 -55 55 0 55
24200 55 0 55 0 0 55 0 0 -55 0 0 0 0 55 0 -55 -55 0 -55
24200 -55 0 -55 0 0 55 0 0 -55 0 0 0 0 55 0 -55 -55 0 -55
24200 55 0 55 0 0 55 0 0 -55 0 0 0 0 55 0 -55 55 0 55
24200 -55 0 -55 0 0 55 0 0 -55 0 0 0 0 55 0 -55 55 0 55
24200 -55 0 55 0 0 -55 0 0 -55 0 0 0 0 55 0 -55 -55 0 -55
24200 55 0 -55 0 0 -55 0 0 -55 0 0 0 0 55 0 -55 -55 0 -55
24200 -55 0 55 0 0 -55 0 0 -55 0 0 0 0 55 0 -55 55 0 55
24200 55 0 -55 0 0 -55 0 0 -55 0 0 0 0 55 0 -55 55 0 55
24200 55 0 55 0 0 55 0 0 55 0 0 0 0 -55 0 -55 -55 0 -55
24200 -55 0 -55 0 0 55 0 0 55 0 0 0 0 -55 0 -55 -55 0 -55
24200 55 0 55 0 0 55 0 0 55 0 0 0 0 -55 0 -55 55 0 55
24200 -55 0 -55 0 0 55 0 0 55 0 0 0 0 -55 0 -55 55 0 55
24200 -55 0 55 0 0 -55 0 0 55 0 0 0 0 -55 0 -55 -55 0 -55
24200 55 0 -55 0 0 -55 0 0 55 0 0 0 0 -55 0 -55 -55 0 -55
24200 -55 0 55 0 0 -55 0 0 55 0 0 0 0 -55 0 -55 55 0 55
24200 55 0 -55 0 0 -55 0 0 55 0 0 0 0 -55 0 -55 55 0 55
24200 -55 0 55 0 0 55 0 0 -55 0 0 0 0 -55 0 -55 -55 0 -55
24200 55 0 -55 0 0 55 0 0 -55 0 0 0 0 -55 0 -55 -55 0 -55
24200 -55 0 55 0 0 55 0 0 -55 0 0 0 0 -55 0 -55 55 0 55
24200 55 0 -55 0 0 55 0 0 -55 0 0 0 0 -55 0 -55 55 0 55
24200 55 0 55 0 0 -55 0 0 -55 0 0 0 0 -55 0 -55 -55 0 -55
24200 -55 0 -55 0 0 -55 0 0 -55 0 0 0 0 -55 0 -55 -55 0 -55
24200 55 0 55 0 0 -55 0 0 -55 0 0 0 0 -55 0 -55 55 0 55
24200 -55 0 -55 0 0 -55 0 0 -55 0 0 0 0 -55 0 -55 55 0 55
24200 55 55 0 55 0 0 0 0 0 0 55 0 0 55 0 55 0 -55 -55
24200 -55 -55 0 55 0 0 0 0 0 0 55 0 0 55 0 55 0 -55 -55
24200 55 55 0 55 0 0 0 0 0 0 55 0 0 55 0 55 0 55 55
24200 -55 -55 0 55 0 0 0 0 0 0 55 0 0 55 0 55 0 55 55
24200 -55 55 0 -55 0 0 0 0 0 0 55 0 0 55 0 55 0 -55 -55
24200 55 -55 0 -55 0 0 0 0 0 0 55 0 0 55 0 55 0 -55 -55
24200 -55 55 0 -55 0 0 0 0 0 0 55 0 0 55 0 55 0 55 55
24200 55 -55 0 -55 0 0 0 0 0 0 55 0 0 55 0 55 0 55 55
24200 -55 55 0 55 0 0 0 0 0 0 -55 0 0 55 0 55 0 -55 -55
24200 55 -55 0 55 0 0 0 0 0 0 -55 0 0 55 0 55 0 -55 -55
24200 -55 55 0 55 0 0 0 0 0 0 -55 0 0 55 0 55 0 55 55
24200 55 -55 0 55 0 0 0 0 0 0 -55 0 0 55 0 55 0 55 55
24200 55 55 0 -55 0 0 0 0 0 0 -55 0 0 55 0 55 0 -55 -55
24200 -55 -55 0 -55 0 0 0 0 0 0 -55 0 0 55 0 55 0 -55 -55
24200 55 55 0 -55 0 0 0 0 0 0 -55 0 0 55 0 55 0 55 55
24200 -55 -55 0 -55 0 0 0 0 0 0 -55 0 0 55 0 55 0 55 55
24200 -55 55 0 55 0 0 0 0 0 0 55 0 0 -55 0 55 0 -55 -55
24200 55 -55 0 55 0 0 0 0 0 0 55 0 0 -55 0 55 0 -55 -55
24200 -55 55 0 55 0 0 0 0 0 0 55 0 0 -55 0 55 0 55 55
24200 55 -55 0 55 0 0 0 0 0 0 55 0 0 -55 0 55 0 55 55
24200 55 55 0 -55 0 0 0 0 0 0 55 0 0 -55 0 55 0 -55 -55
24200 -55 -55 0 -55 0 0 0 0 0 0 55 0 0 -55 0 55 0 -55 -55
24200 55 55 0 -55 0 0 0 0 0 0 55 0 0 -55 0 55 0 55 55
24200 -55 -55 0 -55 0 0 0 0 0 0 55 0 0 -55 0 55 0 55 55
24200 55 55 0 55 0 0 0 0 0 0 -55 0 0 -55 0 55 0 -55 -55
24200 -55 -55 0 55 0 0 0 0 0 0 -55 0 0 -55 0 55 0 -55 -55
24200 55 55 0 55 0 0 0 0 0 0 -55 0 0 -55 0 55 0 55 55
24200 -55 -55 0 55 0 0 0 0 0 0 -55 0 0 -55 0 55 0 55 55
24200 -55 55 0 -55 0 0 0 0 0 0 -55 0 0 -55 0 55 0 -55 -55
24200 55 -55 0 -55 0 0 0 0 0 0 -55 0 0 -55 0 55 0 -55 -55
24200 -55 55 0 -55 0 0 0 0 0 0 -55 0 0 -55 0 55 0 55 55
24200 55 -55 0 -55 0 0 0 0 0 0 -55 0 0 -55 0 55 0 55 55
24200 -55 55 0 55 0 0 0 0 0 0 55 0 0 55 0 -55 0 -55 -55
24200 55 -55 0 55 0 0 0 0 0 0 55 0 0 55 0 -55 0 -55 -55
24200 -55 55 0 55 0 0 0 0 0 0 55 0 0 55 0 -55 0 55 55
24200 55 -55 0 55 0 0 0 0 0 0 55 0 0 55 0 -55 0 55 55
24200 55 55 0 -55 0 0 0 0 0 0 55 0 0 55 0 -55 0 -55 -55
24200 -55 -55 0 -55 0 0 0 0 0 0 55 0 0 55 0 -55 0 -55 -55
24200 55 55 0 -55 0 0 0 0 0 0 55 0 0 55 0 -55 0 55 55
24200 -55 -55 0 -55 0 0 0 0 0 0 55 0 0 55 0 -55 0 55 55
24200 55 55 0 55 0 0 0 0 0 0 -55 0 0 55 0 -55 0 -55 -55
24200 -55 -55 0 55 0 0 0 0 0 0 -55 0 0 55 0 -55 0 -55 -55
24200 55 55 0 55 0 0 0 0 0 0 -55 0 0 55 0 -55 0 55 55
24200 -55 -55 0 55 0 0 0 0 0 0 -55 0 0 55 0 -55 0 55 55
24200 -55 55 0 -55 0 0 0 0 0 0 -55 0 0 55 0 -55 0 -55 -55
24200 55 -55 0 -55 0 0 0 0 0 0 -55 0 0 55 0 -55 0 -55 -55
24200 -55 55 0 -55 0 0 0 0 0 0 -55 0 0 55 0 -55 0 55 55
24200 55 -55 0 -55 0 0 0 0 0 0 -55 0 0 55 0 -55 0 55 55
24200 55 55 0 55 0 0 0 0 0 0 55 0 0 -55 0 -55 0 -55 -55
24200 -55 -55 0 55 0 0 0 0 0 0 55 0 0 -55 0 -55 0 -55 -55
24200 55 55 0 55 0 0 0 0 0 0 55 0 0 -55 0 -55 0 55 55
24200 -55 -55 0 55 0 0 0 0 0 0 55 0 0 -55 0 -55 0 55 55
24200 -55 55 0 -55 0 0 0 0 0 0 55 0 0 -55 0 -55 0 -55 -55
24200 55 -55 0 -55 0 0 0 0 0 0 55 0 0 -55 0 -55 0 -55 -55
24200 -55 55 0 -55 0 0 0 0 0 0 55 0 0 -55 0 -55 0 55 55
24200 55 -55 0 -55 0 0 0 0 0 0 55 0 0 -55 0 -55 0 55 55
24200 -55 55 0 55 0 0 0 0 0 0 -55 0 0 -55 0 -55 0 -55 -55
24200 55 -55 0 55 0 0 0 0 0 0 -55 0 0 -55 0 -55 0 -55 -55
24200 -55 55 0 55 0 0 0 0 0 0 -55 0 0 -55 0 -55 0 55 55
24200 55 -55 0 55 0 0 0 0 0 0 -55 0 0 -55 0 -55 0 55 55
24200 55 55 0 -55 0 0 0 0 0 0 -55 0 0 -55 0 -55 0 -55 -55
24200 -55 -55 0 -55 0 0 0 0 0 0 -55 0 0 -55 0 -55 0 -55 -55
24200 55 55 0 -55 0 0 0 0 0 0 -55 0 0 -55 0 -55 0 55 55
24200 -55 -55 0 -55 0 0 0 0 0 0 -55 0 0 -55 0 -55 0 55 55
24200 0 0 -55 55 55 0 55 0 55 0 55 0 0 55 0 55 0 0 0
24200 0 0 55 -55 55 0 55 0 55 0 55 0 0 55 0 55 0 0 0
24200 0 0 55 55 -55 0 55 0 55 0 55 0 0 55 0 55 0 0 0
24200 0 0 -55 -55 -55 0 55 0 55 0 55 0 0 55 0 55 0 0 0
24200 0 0 55 55 55 0 -55 0 55 0 55 0 0 55 0 55 0 0 0
24200 0 0 -55 -55 55 0 -55 0 55 0 55 0 0 55 0 55 0 0 0
24200 0 0 -55 55 -55 0 -55 0 55 0 55 0 0 55 0 55 0 0 0
24200 0 0 55 -55 -55 0 -55 0 55 0 55 0 0 55 0 55 0 0 0
24200 0 0 55 55 55 0 55 0 -55 0 55 0 0 55 0 55 0 0 0
24200 0 0 -55 -55 55 0 55 0 -55 0 55 0 0 55 0 55 0 0 0
24200 0 0 -55 55 -55 0 55 0 -55 0 55 0 0 55 0 55 0 0 0
24200 0 0 55 -55 -55 0 55 0 -55 0 55 0 0 55 0 55 0 0 0
24200 0 0 -55 55 55 0 -55 0 -55 0 55 0 0 55 0 55 0 0 0
24200 0 0 55 -55 55 0 -55 0 -55 0 55 0 0 55 0 55 0 0 0
24200 0 0 55 55 -55 0 -55 0 -55 0 55 0 0 55 0 55 0 0 0
24200 0 0 -55 -55 -55 0 -55 0 -55 0 55 0 0 55 0 55 0 0 0
24200 0 0 55 55 55 0 55 0 55 0 -55 0 0 55 0 55 0 0 0
24200 0 0 -55 -55 55 0 55 0 55 0 -55 0 0 55 0 55 0 0 0
24200 0 0 -55 55 -55 0 55 0 55 0 -55 0 0 55 0 55 0 0 0
24200 0 0 55 -55 -55 0 55 0 55 0 -55 0 0 55 0 55 0 0 0
24200 0 0 -55 55 55 0 -55 0 55 0 -55 0 0 55 0 55 0 0 0
24200 0 0 55 -55 55 0 -55 0 55 0 -55 0 0 55 0 55 0 0 0
24200 0 0 55 55 -55 0 -55 0 55 0 -55 0 0 55 0 55 0 0 0
24200 0 0 -55 -55 -55 0 -55 0 55 0 -55 0 0 55 0 55 0 0 0
24200 0 0 -55 55 55 0 55 0 -55 0 -55 0 0 55 0 55 0 0 0
24200 0 0 55 -55 55 0 55 0 -55 0 -55 0 0 55 0 55 0 0 0
24200 0 0 55 55 -55 0 55 0 -55 0 -55 0 0 55 0 55 0 0 0
24200 0 0 -55 -55 -55 0 55 0 -55 0 -55 0 0 55 0 55 0 0 0
24200 0 0 55 55 55 0 -55 0 -55 0 -55 0 0 55 0 55 0 0 0
24200 0 0 -55 -55 55 0 -55 0 -55 0 -55 0 0 55 0 55 0 0 0
24200 0 0 -55 55 -55 0 -55 0 -55 0 -55 0 0 55 0 55 0 0 0
24200 0 0 55 -55 -55 0 -55 0 -55 0 -55 0 0 55 0 55 0 0 0
24200 0 0 55 55 55 0 55 0 55 0 55 0 0 -55 0 55 0 0 0
24200 0 0 -55 -55 55 0 55 0 55 0 55 0 0 -55 0 55 0 0 0
24200 0 0 -55 55 -55 0 55 0 55 0 55 0 0 -55 0 55 0 0 0
24200 0 0 55 -55 -55 0 55 0 55 0 55 0 0 -55 0 55 0 0 0
24200 0 0 -55 55 55 0 -55 0 55 0 55 0 0 -55 0 55 0 0 0
24200 0 0 55 -55 55 0 -55 0 55 0 55 0 0 -55 0 55 0 0 0
24200 0 0 55 55 -55 0 -55 0 55 0 55 0 0 -55 0 55 0 0 0
24200 0 0 -55 -55 -55 0 -55 0 55 0 55 0 0 -55 0 55 0 0 0
24200 0 0 -55 55 55 0 55 0 -55 0 55 0 0 -55 0 55 0 0 0
24200 0 0 55 -55 55 0 55 0 -55 0 55 0 0 -55 0 55 0 0 0
24200 0 0 55 55 -55 0 55 0 -55 0 55 0 0 -55 0 55 0 0 0
24200 0 0 -55 -55 -55 0 55 0 -55 0 55 0 0 -55 0 55 0 0 0
24200 0 0 55 55 55 0 -55 0 -55 0 55 0 0 -55 0 55 0 0 0
24200 0 0 -55 -55 55 0 -55 0 -55 0 55 0 0 -55 0 55 0 0 0
24200 0 0 -55 55 -55 0 -55 0 -55 0 55 0 0 -55 0 55 0 0 0
24200 0 0 55 -55 -55 0 -55 0 -55 0 55 0 0 -55 0 55 0 0 0
24200 0 0 -55 55 55 0 55 0 55 0 -55 0 0 -55 0 55 0 0 0
24200 0 0 55 -55 55 0 55 0 55 0 -55 0 0 -55 0 55 0 0 0
24200 0 0 55 55 -55 0 55 0 55 0 -55 0 0 -55 0 55 0 0 0
24200 0 0 -55 -55 -55 0 55 0 55 0 -55 0 0 -55 0 55 0 0 0
24200 0 0 55 55 55 0 -55 0 55 0 -55 0 0 -55 0 55 0 0 0
24200 0 0 -55 -55 55 0 -55 0 55 0 -55 0 0 -55 0 55 0 0 0
24200 0 0 -55 55 -55 0 -55 0 55 0 -55 0 0 -55 0 55 0 0 0
24200 0 0 55 -55 -55 0 -55 0 55 0 -55 0 0 -55 0 55 0 0 0
24200 0 0 55 55 55 0 55 0 -55 0 -55 0 0 -55 0 55 0 0 0
24200 0 0 -55 -55 55 0 55 0 -55 0 -55 0 0 -55 0 55 0 0 0
24200 0 0 -55 55 -55 0 55 0 -55 0 -55 0 0 -55 0 55 0 0 0
24200 0 0 55 -55 -55 0 55 0 -55 0 -55 0 0 -55 0 55 0 0 0
24200 0 0 -55 55 55 0 -55 0 -55 0 -55 0 0 -55 0 55 0 0 0
24200 0 0 55 -55 55 0 -55 0 -55 0 -55 0 0 -55 0 55 0 0 0
24200 0 0 55 55 -55 0 -55 0 -55 0 -55 0 0 -55 0 55 0 0 0
24200 0 0 -55 -55 -55 0 -55 0 -55 0 -55 0 0 -55 0 55 0 0 0
24200 0 0 55 55 55 0 55 0 55 0 55 0 0 55 0 -55 0 0 0
24200 0 0 -55 -55 55 0 55 0 55 0 55 0 0 55 0 -55 0 0 0
24200 0 0 -55 55 -55 0 55 0 55 0 55 0 0 55 0 -55 0 0 0
24200 0 0 55 -55 -55 0 55 0 55 0 55 0 0 55 0 -55 0 0 0
24200 0 0 -55 55 55 0 -55 0 55 0 55 0 0 55 0 -55 0 0 0
24200 0 0 55 -55 55 0 -55 0 55 0 55 0 0 55 0 -55 0 0 0
24200 0 0 55 55 -55 0 -55 0 55 0 55 0 0 55 0 -55 0 0 0
24200 0 0 -55 -55 -55 0 -55 0 55 0 55 0 0 55 0 -55 0 0 0
24200 0 0 -55 55 55 0 55 0 -55 0 55 0 0 55 0 -55 0 0 0
24200 0 0 55 -55 55 0 55 0 -55 0 55 0 0 55 0 -55 0 0 0
24200 0 0 55 55 -55 0 55 0 -55 0 55 0 0 55 0 -55 0 0 0
24200 0 0 -55 -55 -55 0 55 0 -55 0 55 0 0 55 0 -55 0 0 0
24200 0 0 55 55 55 0 -55 0 -55 0 55 0 0 55 0 -55 0 0 0
24200 0 0 -55 -55 55 0 -55 0 -55 0 55 0 0 55 0 -55 0 0 0
24200 0 0 -55 55 -55 0 -55 0 -55 0 55 0 0 55 0 -55 0 0 0
24200 0 0 55 -55 -55 0 -55 0 -55 0 55 0 0 55 0 -55 0 0 0
24200 0 0 -55 55 55 0 55 0 55 0 -55 0 0 55 0 -55 0 0 0
24200 0 0 55 -55 55 0 55 0 55 0 -55 0 0 55 0 -55 0 0 0
24200 0 0 55 55 -55 0 55 0 55 0 -55 0 0 55 0 -55 0 0 0
24200 0 0 -55 -55 -55 0 55 0 55 0 -55 0 0 55 0 -55 0 0 0
24200 0 0 55 55 55 0 -55 0 55 0 -55 0 0 55 0 -55 0 0 0
24200 0 0 -55 -55 55 0 -55 0 55 0 -55 0 0 55 0 -55 0 0 0
24200 0 0 -55 55 -55 0 -55 0 55 0 -55 0 0 55 0 -55 0 0 0
24200 0 0 55 -55 -55 0 -55 0 55 0 -55 0 0 55 0 -55 0 0 0
24200 0 0 55 55 55 0 55 0 -55 0 -55 0 0 55 0 -55 0 0 0
24200 0 0 -55 -55 55 0 55 0 -55 0 -55 0 0 55 0 -55 0 0 0
24200 0 0 -55 55 -55 0 55 0 -55 0 -55 0 0 55 0 -55 0 0 0
24200 0 0 55 -55 -55 0 55 0 -55 0 -55 0 0 55 0 -55 0 0 0
24200 0 0 -55 55 55 0 -55 0 -55 0 -55 0 0 55 0 -55 0 0 0
24200 0 0 55 -55 55 0 -55 0 -55 0 -55 0 0 55 0 -55 0 0 0
24200 0 0 55 55 -55 0 -55 0 -55 0 -55 0 0 55 0 -55 0 0 0
24200 0 0 -55 -55 -55 0 -55 0 -55 0 -55 0 0 55 0 -55 0 0 0
24200 0 0 -55 55 55 0 55 0 55 0 55 0 0 -55 0 -55 0 0 0
24200 0 0 55 -55 55 0 55 0 55 0 55 0 0 -55 0 -55 0 0 0
24200 0 0 55 55 -55 0 55 0 55 0 55 0 0 -55 0 -55 0 0 0
24200 0 0 -55 -55 -55 0 55 0 55 0 55 0 0 -55 0 -55 0 0 0
24200 0 0 55 55 55 0 -55 0 55 0 55 0 0 -55 0 -55 0 0 0
24200 0 0 -55 -55 55 0 -55 0 55 0 55 0 0 -55 0 -55 0 0 0
24200 0 0 -55 55 -55 0 -55 0 55 0 55 0 0 -55 0 -55 0 0 0
24200 0 0 55 -55 -55 0 -55 0 55 0 55 0 0 -55 0 -55 0 0 0
24200 0 0 55 55 55 0 55 0 -55 0 55 0 0 -55 0 -55 0 0 0
24200 0 0 -55 -55 55 0 55 0 -55 0 55 0 0 -55 0 -55 0 0 0
24200 0 0 -55 55 -55 0 55 0 -55 0 55 0 0 -55 0 -55 0 0 0
24200 0 0 55 -55 -55 0 55 0 -55 0 55 0 0 -55 0 -55 0 0 0
24200 0 0 -55 55 55 0 -55 0 -55 0 55 0 0 -55 0 -55 0 0 0
24200 0 0 55 -55 55 0 -55 0 -55 0 55 0 0 -55 0 -55 0 0 0
24200 0 0 55 55 -55 0 -55 0 -55 0 55 0 0 -55 0 -55 0 0 0
24200 0 0 -55 -55 -55 0 -55 0 -55 0 55 0 0 -55 0 -55 0 0 0
24200 0 0 55 55 55 0 55 0 55 0 -55 0 0 -55 0 -55 0 0 0
24200 0 0 -55 -55 55 0 55 0 55 0 -55 0 0 -55 0 -55 0 0 0
24200 0 0 -55 55 -55 0 55 0 55 0 -55 0 0 -55 0 -55 0 0 0
24200 0 0 55 -55 -55 0 55 0 55 0 -55 0 0 -55 0 -55 0 0 0
24200 0 0 -55 55 55 0 -55 0 55 0 -55 0 0 -55 0 -55 0 0 0
24200 0 0 55 -55 55 0 -55 0 55 0 -55 0 0 -55 0 -55 0 0 0
24200 0 0 55 55 -55 0 -55 0 55 0 -55 0 0 -55 0 -55 0 0 0
24200 0 0 -55 -55 -55 0 -55 0 55 0 -55 0 0 -55 0 -55 0 0 0
24200 0 0 -55 55 55 0 55 0 -55 0 -55 0 0 -55 0 -55 0 0 0
24200 0 0 55 -55 55 0 55 0 -55 0 -55 0 0 -55 0 -55 0 0 0
24200 0 0 55 55 -55 0 55 0 -55 0 -55 0 0 -55 0 -55 0 0 0
24200 0 0 -55 -55 -55 0 55 0 -55 0 -55 0 0 -55 0 -55 0 0 0
24200 0 0 55 55 55 0 -55 0 -55 0 -55 0 0 -55 0 -55 0 0 0
24200 0 0 -55 -55 55 0 -55 0 -55 0 -55 0 0 -55 0 -55 0 0 0
24200 0 0 -55 55 -55 0 -55 0 -55 0 -55 0 0 -55 0 -55 0 0 0
24200 0 0 55 -55 -55 0 -55 0 -55 0 -55 0 0 -55 0 -55 0 0 0
24200 0 0 55 0 0 0 0 55 0 55 55 0 0 55 0 55 -55 -55 0
24200 0 0 55 0 0 0 0 55 0 55 55 0 0 55 0 55 55 55 0
24200 0 0 -55 0 0 0 0 -55 0 55 55 0 0 55 0 55 -55 -55 0
24200 0 0 -55 0 0 0 0 -55 0 55 55 0 0 55 0 55 55 55 0
24200 0 0 -55 0 0 0 0 55 0 -55 55 0 0 55 0 55 -55 -55 0
24200 0 0 -55 0 0 0 0 55 0 -55 55 0 0 55 0 55 55 55 0
24200 0 0 55 0 0 0 0 -55 0 -55 55 0 0 55 0 55 -55 -55 0
24200 0 0 55 0 0 0 0 -55 0 -55 55 0 0 55 0 55 55 55 0
24200 0 0 -55 0 0 0 0 55 0 55 -55 0 0 55 0 55 -55 -55 0
24200 0 0 -55 0 0 0 0 55 0 55 -55 0 0 55 0 55 55 55 0
24200 0 0 55 0 0 0 0 -55 0 55 -55 0 0 55 0 55 -55 -55 0
24200 0 0 55 0 0 0 0 -55 0 55 -55 0 0 55 0 55 55 55 0
24200 0 0 55 0 0 0 0 55 0 -55 -55 0 0 55 0 55 -55 -55 0
24200 0 0 55 0 0 0 0 55 0 -55 -55 0 0 55 0 55 55 55 0
24200 0 0 -55 0 0 0 0 -55 0 -55 -55 0 0 55 0 55 -55 -55 0
24200 0 0 -55 0 0 0 0 -55 0 -55 -55 0 0 55 0 55 55 55 0
24200 0 0 -55 0 0 0 0 55 0 55 55 0 0 -55 0 55 -55 -55 0
24200 0 0 -55 0 0 0 0 55 0 55 55 0 0 -55 0 55 55 55 0
24200 0 0 55 0 0 0 0 -55 0 55 55 0 0 -55 0 55 -55 -55 0
24200 0 0 55 0 0 0 0 -55 0 55 55 0 0 -55 0 55 55 55 0
24200 0 0 55 0 0 0 0 55 0 -55 55 0 0 -55 0 55 -55 -55 0
24200 0 0 55 0 0 0 0 55 0 -55 55 0 0 -55 0 55 55 55 0
24200 0 0 -55 0 0 0 0 -55 0 -55 55 0 0 -55 0 55 -55 -55 0
24200 0 0 -55 0 0 0 0 -55 0 -55 55 0 0 -55 0 55 55 55 0
24200 0 0 55 0 0 0 0 55 0 55 -55 0 0 -55 0 55 -55 -55 0
24200 0 0 55 0 0 0 0 55 0 55 -55 0 0 -55 0 55 55 55 0
24200 0 0 -55 0 0 0 0 -55 0 55 -55 0 0 -55 0 55 -55 -55 0
24200 0 0 -55 0 0 0 0 -55 0 55 -55 0 0 -55 0 55 55 55 0
24200 0 0 -55 0 0 0 0 55 0 -55 -55 0 0 -55 0 55 -55 -55 0
24200 0 0 -55 0 0 0 0 55 0 -55 -55 0 0 -55 0 55 55 55 0
24200 0 0 55 0 0 0 0 -55 0 -55 -55 0 0 -55 0 55 -55 -55 0
24200 0 0 55 0 0 0 0 -55 0 -55 -55 0 0 -55 0 55 55 55 0
24200 0 0 -55 0 0 0 0 55 0 55 55 0 0 55 0 -55 -55 -55 0
24200 0 0 -55 0 0 0 0 55 0 55 55 0 0 55 0 -55 55 55 0
24200 0 0 55 0 0 0 0 -55 0 55 55 0 0 55 0 -55 -55 -55 0
24200 0 0 55 0 0 0 0 -55 0 55 55 0 0 55 0 -55 55 55 0
24200 0 0 55 0 0 0 0 55 0 -55 55 0 0 55 0 -55 -55 -55 0
24200 0 0 55 0 0 0 0 55 0 -55 55 0 0 55 0 -55 55 55 0
24200 0 0 -55 0 0 0 0 -55 0 -55 55 0 0 55 0 -55 -55 -55 0
24200 0 0 -55 0 0 0 0 -55 0 -55 55 0 0 55 0 -55 55 55 0
24200 0 0 55 0 0 0 0 55 0 55 -55 0 0 55 0 -55 -55 -55 0
24200 0 0 55 0 0 0 0 55 0 55 -55 0 0 55 0 -55 55 55 0
24200 0 0 -55 0 0 0 0 -55 0 55 -55 0 0 55 0 -55 -55 -55 0
24200 0 0 -55 0 0 0 0 -55 0 55 -55 0 0 55 0 -55 55 55 0
24200 0 0 -55 0 0 0 0 55 0 -55 -55 0 0 55 0 -55 -55 -55 0
24200 0 0 -55 0 0 0 0 55 0 -55 -55 0 0 55 0 -55 55 55 0
24200 0 0 55 0 0 0 0 -55 0 -55 -55 0 0 55 0 -55 -55 -55 0
24200 0 0 55 0 0 0 0 -55 0 -55 -55 0 0 55 0 -55 55 55 0
24200 0 0 55 0 0 0 0 55 0 55 55 0 0 -55 0 -55 -55 -55 0
24200 0 0 55 0 0 0 0 55 0 55 55 0 0 -55 0 -55 55 55 0
24200 0 0 -55 0 0 0 0 -55 0 55 55 0 0 -55 0 -55 -55 -55 0
24200 0 0 -55 0 0 0 0 -55 0 55 55 0 0 -55 0 -55 55 55 0
24200 0 0 -55 0 0 0 0 55 0 -55 55 0 0 -55 0 -55 -55 -55 0
24200 0 0 -55 0 0 0 0 55 0 -55 55 0 0 -55 0 -55 55 55 0
24200 0 0 55 0 0 0 0 -55 0 -55 55 0 0 -55 0 -55 -55 -55 0
24200 0 0 55 0 0 0 0 -55 0 -55 55 0 0 -55 0 -55 55 55 0
24200 0 0 -55 0 0 0 0 55 0 55 -55 0 0 -55 0 -55 -55 -55 0
24200 0 0 -55 0 0 0 0 55 0 55 -55 0 0 -55 0 -55 55 55 0
24200 0 0 55 0 0 0 0 -55 0 55 -55 0 0 -55 0 -55 -55 -55 0
24200 0 0 55 0 0 0 0 -55 0 55 -55 0 0 -55 0 -55 55 55 0
24200 0 0 55 0 0 0 0 55 0 -55 -55 0 0 -55 0 -55 -55 -55 0
24200 0 0 55 0 0 0 0 55 0 -55 -55 0 0 -55 0 -55 55 55 0
24200 0 0 -55 0 0 0 0 -55 0 -55 -55 0 0 -55 0 -55 -55 -55 0
24200 0 0 -55 0 0 0 0 -55 0 -55 -55 0 0 -55 0 -55 55 55 0
24200 55 0 0 0 0 55 0 55 0 0 0 55 0 55 0 55 -55 0 55
24200 55 0 0 0 0 55 0 55 0 0 0 55 0 55 0 55 55 0 -55
24200 -55 0 0 0 0 -55 0 55 0 0 0 55 0 55 0 55 -55 0 55
24200 -55 0 0 0 0 -55 0 55 0 0 0 55 0 55 0 55 55 0 -55
24200 -55 0 0 0 0 55 0 -55 0 0 0 55 0 55 0 55 -55 0 55
24200 -55 0 0 0 0 55 0 -55 0 0 0 55 0 55 0 55 55 0 -55
24200 55 0 0 0 0 -55 0 -55 0 0 0 55 0 55 0 55 -55 0 55
24200 55 0 0 0 0 -55 0 -55 0 0 0 55 0 55 0 55 55 0 -55
24200 -55 0 0 0 0 55 0 55 0 0 0 -55 0 55 0 55 -55 0 55
24200 -55 0 0 0 0 55 0 55 0 0 0 -55 0 55 0 55 55 0 -55
24200 55 0 0 0 0 -55 0 55 0 0 0 -55 0 55 0 55 -55 0 55
24200 55 0 0 0 0 -55 0 55 0 0 0 -55 0 55 0 55 55 0 -55
24200 55 0 0 0 0 55 0 -55 0 0 0 -55 0 55 0 55 -55 0 55
24200 55 0 0 0 0 55 0 -55 0 0 0 -55 0 55 0 55 55 0 -55
24200 -55 0 0 0 0 -55 0 -55 0 0 0 -55 0 55 0 55 -55 0 55
24200 -55 0 0 0 0 -55 0 -55 0 0 0 -55 0 55 0 55 55 0 -55
24200 -55 0 0 0 0 55 0 55 0 0 0 55 0 -55 0 55 -55 0 55
24200 -55 0 0 0 0 55 0 55 0 0 0 55 0 -55 0 55 55 0 -55
24200 55 0 0 0 0 -55 0 55 0 0 0 55 0 -55 0 55 -55 0 55
24200 55 0 0 0 0 -55 0 55 0 0 0 55 0 -55 0 55 55 0 -55
24200 55 0 0 0 0 55 0 -55 0 0 0 55 0 -55 0 55 -55 0 55
24200 55 0 0 0 0 55 0 -55 0 0 0 55 0 -55 0 55 55 0 -55
24200 -55 0 0 0 0 -55 0 -55 0 0 0 55 0 -55 0 55 -55 0 55
24200 -55 0 0 0 0 -55 0 -55 0 0 0 55 0 -55 0 55 55 0 -55
24200 55 0 0 0 0 55 0 55 0 0 0 -55 0 -55 0 55 -55 0 55
24200 55 0 0 0 0 55 0 55 0 0 0 -55 0 -55 0 55 55 0 -55
24200 -55 0 0 0 0 -55 0 55 0 0 0 -55 0 -55 0 55 -55 0 55
24200 -55 0 0 0 0 -55 0 55 0 0 0 -55 0 -55 0 55 55 0 -55
24200 -55 0 0 0 0 55 0 -55 0 0 0 -55 0 -55 0 55 -55 0 55
24200 -55 0 0 0 0 55 0 -55 0 0 0 -55 0 -55 0 55 55 0 -55
24200 55 0 0 0 0 -55 0 -55 0 0 0 -55 0 -55 0 55 -55 0 55
24200 55 0 0 0 0 -55 0 -55 0 0 0 -55 0 -55 0 55 55 0 -55
24200 -55 0 0 0 0 55 0 55 0 0 0 55 0 55 0 -55 -55 0 55
24200 -55 0 0 0 0 55 0 55 0 0 0 55 0 55 0 -55 55 0 -55
24200 55 0 0 0 0 -55 0 55 0 0 0 55 0 55 0 -55 -55 0 55
24200 55 0 0 0 0 -55 0 55 0 0 0 55 0 55 0 -55 55 0 -55
24200 55 0 0 0 0 55 0 -55 0 0 0 55 0 55 0 -55 -55 0 55
24200 55 0 0 0 0 55 0 -55 0 0 0 55 0 55 0 -55 55 0 -55
24200 -55 0 0 0 0 -55 0 -55 0 0 0 55 0 55 0 -55 -55 0 55
24200 -55 0 0 0 0 -55 0 -55 0 0 0 55 0 55 0 -55 55 0 -55
24200 55 0 0 0 0 55 0 55 0 0 0 -55 0 55 0 -55 -55 0 55
24200 55 0 0 0 0 55 0 55 0 0 0 -55 0 55 0 -55 55 0 -55
24200 -55 0 0 0 0 -55 0 55 0 0 0 -55 0 55 0 -55 -55 0 55
24200 -55 0 0 0 0 -55 0 55 0 0 0 -55 0 55 0 -55 55 0 -55
24200 -55 0 0 0 0 55 0 -55 0 0 0 -55 0 55 0 -55 -55 0 55
24200 -55 0 0 0 0 55 0 -55 0 0 0 -55 0 55 0 -55 55 0 -55
24200 55 0 0 0 0 -55 0 -55 0 0 0 -55 0 55 0 -55 -55 0 55
24200 55 0 0 0 0 -55 0 -55 0 0 0 -55 0 55 0 -55 55 0 -55
24200 55 0 0 0 0 55 0 55 0 0 0 55 0 -55 0 -55 -55 0 55
24200 55 0 0 0 0 55 0 55 0 0 0 55 0 -55 0 -55 55 0 -55
24200 -55 0 0 0 0 -55 0 55 0 0 0 55 0 -55 0 -55 -55 0 55
24200 -55 0 0 0 0 -55 0 55 0 0 0 55 0 -55 0 -55 55 0 -55
24200 -55 0 0 0 0 55 0 -55 0 0 0 55 0 -55 0 -55 -55 0 55
24200 -55 0 0 0 0 55 0 -55 0 0 0 55 0 -55 0 -55 55 0 -55
24200 55 0 0 0 0 -55 0 -55 0 0 0 55 0 -55 0 -55 -55 0 55
24200 55 0 0 0 0 -55 0 -55 0 0 0 55 0 -55 0 -55 55 0 -55
24200 -55 0 0 0 0 55 0 55 0 0 0 -55 0 -55 0 -55 -55 0 55
24200 -55 0 0 0 0 55 0 55 0 0 0 -55 0 -55 0 -55 55 0 -55
24200 55 0 0 0 0 -55 0 55 0 0 0 -55 0 -55 0 -55 -55 0 55
24200 55 0 0 0 0 -55 0 55 0 0 0 -55 0 -55 0 -55 55 0 -55
24200 55 0 0 0 0 55 0 -55 0 0 0 -55 0 -55 0 -55 -55 0 55
24200 55 0 0 0 0 55 0 -55 0 0 0 -55 0 -55 0 -55 55 0 -55
24200 -55 0 0 0 0 -55 0 -55 0 0 0 -55 0 -55 0 -55 -55 0 55
24200 -55 0 0 0 0 -55 0 -55 0 0 0 -55 0 -55 0 -55 55 0 -55
24200 0 -55 55 55 0 55 0 0 0 55 0 55 0 55 0 55 0 0 0
24200 0 55 -55 55 0 55 0 0 0 55 0 55 0 55 0 55 0 0 0
24200 0 55 55 -55 0 55 0 0 0 55 0 55 0 55 0 55 0 0 0
24200 0 -55 -55 -55 0 55 0 0 0 55 0 55 0 55 0 55 0 0 0
24200 0 55 55 55 0 -55 0 0 0 55 0 55 0 55 0 55 0 0 0
24200 0 -55 -55 55 0 -55 0 0 0 55 0 55 0 55 0 55 0 0 0
24200 0 -55 55 -55 0 -55 0 0 0 55 0 55 0 55 0 55 0 0 0
24200 0 55 -55 -55 0 -55 0 0 0 55 0 55 0 55 0 55 0 0 0
24200 0 55 55 55 0 55 0 0 0 -55 0 55 0 55 0 55 0 0 0
24200 0 -55 -55 55 0 55 0 0 0 -55 0 55 0 55 0 55 0 0 0
24200 0 -55 55 -55 0 55 0 0 0 -55 0 55 0 55 0 55 0 0 0
24200 0 55 -55 -55 0 55 0 0 0 -55 0 55 0 55 0 55 0 0 0
24200 0 -55 55 55 0 -55 0 0 0 -55 0 55 0 55 0 55 0 0 0
24200 0 55 -55 55 0 -55 0 0 0 -55 0 55 0 55 0 55 0 0 0
24200 0 55 55 -55 0 -55 0 0 0 -55 0 55 0 55 0 55 0 0 0
24200 0 -55 -55 -55 0 -55 0 0 0 -55 0 55 0 55 0 55 0 0 0
24200 0 55 55 55 0 55 0 0 0 55 0 -55 0 55 0 55 0 0 0
24200 0 -55 -55 55 0 55 0 0 0 55 0 -55 0 55 0 55 0 0 0
24200 0 -55 55 -55 0 55 0 0 0 55 0 -55 0 55 0 55 0 0 0
24200 0 55 -55 -55 0 55 0 0 0 55 0 -55 0 55 0 55 0 0 0
24200 0 -55 55 55 0 -55 0 0 0 55 0 -55 0 55 0 55 0 0 0
24200 0 55 -55 55 0 -55 0 0 0 55 0 -55 0 55 0 55 0 0 0
24200 0 55 55 -55 0 -55 0 0 0 55 0 -55 0 55 0 55 0 0 0
24200 0 -55 -55 -55 0 -55 0 0 0 55 0 -55 0 55 0 55 0 0 0
24200 0 -55 55 55 0 55 0 0 0 -55 0 -55 0 55 0 55 0 0 0
24200 0 55 -55 55 0 55 0 0 0 -55 0 -55 0 55 0 55 0 0 0
24200 0 55 55 -55 0 55 0 0 0 -55 0 -55 0 55 0 55 0 0 0
24200 0 -55 -55 -55 0 55 0 0 0 -55 0 -55 0 55 0 55 0 0 0
24200 0 55 55 55 0 -55 0 0 0 -55 0 -55 0 55 0 55 0 0 0
24200 0 -55 -55 55 0 -55 0 0 0 -55 0 -55 0 55 0 55 0 0 0
24200 0 -55 55 -55 0 -55 0 0 0 -55 0 -55 0 55 0 55 0 0 0
24200 0 55 -55 -55 0 -55 0 0 0 -55 0 -55 0 55 0 55 0 0 0
24200 0 55 55 55 0 55 0 0 0 55 0 55 0 -55 0 55 0 0 0
24200 0 -55 -55 55 0 55 0 0 0 55 0 55 0 -55 0 55 0 0 0
24200 0 -55 55 -55 0 55 0 0 0 55 0 55 0 -55 0 55 0 0 0
24200 0 55 -55 -55 0 55 0 0 0 55 0 55 0 -55 0 55 0 0 0
24200 0 -55 55 55 0 -55 0 0 0 55 0 55 0 -55 0 55 0 0 0
24200 0 55 -55 55 0 -55 0 0 0 55 0 55 0 -55 0 55 0 0 0
24200 0 55 55 -55 0 -55 0 0 0 55 0 55 0 -55 0 55 0 0 0
24200 0 -55 -55 -55 0 -55 0 0 0 55 0 55 0 -55 0 55 0 0 0
24200 0 -55 55 55 0 55 0 0 0 -55 0 55 0 -55 0 55 0 0 0
24200 0 55 -55 55 0 55 0 0 0 -55 0 55 0 -55 0 55 0 0 0
24200 0 55 55 -55 0 55 0 0 0 -55 0 55 0 -55 0 55 0 0 0
24200 0 -55 -55 -55 0 55 0 0 0 -55 0 55 0 -55 0 55 0 0 0
24200 0 55 55 55 0 -55 0 0 0 -55 0 55 0 -55 0 55 0 0 0
24200 0 -55 -55 55 0 -55 0 0 0 -55 0 55 0 -55 0 55 0 0 0
24200 0 -55 55 -55 0 -55 0 0 0 -55 0 55 0 -55 0 55 0 0 0
24200 0 55 -55 -55 0 -55 0 0 0 -55 0 55 0 -55 0 55 0 0 0
24200 0 -55 55 55 0 55 0 0 0 55 0 -55 0 -55 0 55 0 0 0
24200 0 55 -55 55 0 55 0 0 0 55 0 -55 0 -55 0 55 0 0 0
24200 0 55 55 -55 0 55 0 0 0 55 0 -55 0 -55 0 55 0 0 0
24200 0 -55 -55 -55 0 55 0 0 0 55 0 -55 0 -55 0 55 0 0 0
24200 0 55 55 55 0 -55 0 0 0 55 0 -55 0 -55 0 55 0 0 0
24200 0 -55 -55 55 0 -55 0 0 0 55 0 -55 0 -55 0 55 0 0 0
24200 0 -55 55 -55 0 -55 0 0 0 55 0 -55 0 -55 0 55 0 0 0
24200 0 55 -55 -55 0 -55 0 0 0 55 0 -55 0 -55 0 55 0 0 0
24200 0 55 55 55 0 55 0 0 0 -55 0 -55 0 -55 0 55 0 0 0
24200 0 -55 -55 55 0 55 0 0 0 -55 0 -55 0 -55 0 55 0 0 0
24200 0 -55 55 -55 0 55 0 0 0 -55 0 -55 0 -55 0 55 0 0 0
24200 0 55 -55 -55 0 55 0 0 0 -55 0 -55 0 -55 0 55 0 0 0
24200 0 -55 55 55 0 -55 0 0 0 -55 0 -55 0 -55 0 55 0 0 0
24200 0 55 -55 55 0 -55 0 0 0 -55 0 -55 0 -55 0 55 0 0 0
24200 0 55 55 -55 0 -55 0 0 0 -55 0 -55 0 -55 0 55 0 0 0
24200 0 -55 -55 -55 0 -55 0 0 0 -55 0 -55 0 -55 0 55 0 0 0
24200 0 55 55 55 0 55 0 0 0 55 0 55 0 55 0 -55 0 0 0
24200 0 -55 -55 55 0 55 0 0 0 55 0 55 0 55 0 -55 0 0 0
24200 0 -55 55 -55 0 55 0 0 0 55 0 55 0 55 0 -55 0 0 0
24200 0 55 -55 -55 0 55 0 0 0 55 0 55 0 55 0 -55 0 0 0
24200 0 -55 55 55 0 -55 0 0 0 55 0 55 0 55 0 -55 0 0 0
24200 0 55 -55 55 0 -55 0 0 0 55 0 55 0 55 0 -55 0 0 0
24200 0 55 55 -55 0 -55 0 0 0 55 0 55 0 55 0 -55 0 0 0
24200 0 -55 -55 -55 0 -55 0 0 0 55 0 55 0 55 0 -55 0 0 0
24200 0 -55 55 55 0 55 0 0 0 -55 0 55 0 55 0 -55 0 0 0
24200 0 55 -55 55 0 55 0 0 0 -55 0 55 0 55 0 -55 0 0 0
24200 0 55 55 -55 0 55 0 0 0 -55 0 55 0 55 0 -55 0 0 0
24200 0 -55 -55 -55 0 55 0 0 0 -55 0 55 0 55 0 -55 0 0 0
24200 0 55 55 55 0 -55 0 0 0 -55 0 55 0 55 0 -55 0 0 0
24200 0 -55 -55 55 0 -55 0 0 0 -55 0 55 0 55 0 -55 0 0 0
24200 0 -55 55 -55 0 -55 0 0 0 -55 0 55 0 55 0 -55 0 0 0
24200 0 55 -55 -55 0 -55 0 0 0 -55 0 55 0 55 0 -55 0 0 0
24200 0 -55 55 55 0 55 0 0 0 55 0 -55 0 55 0 -55 0 0 0
24200 0 55 -55 55 0 55 0 0 0 55 0 -55 0 55 0 -55 0 0 0
24200 0 55 55 -55 0 55 0 0 0 55 0 -55 0 55 0 -55 0 0 0
24200 0 -55 -55 -55 0 55 0 0 0 55 0 -55 0 55 0 -55 0 0 0
24200 0 55 55 55 0 -55 0 0 0 55 0 -55 0 55 0 -55 0 0 0
24200 0 -55 -55 55 0 -55 0 0 0 55 0 -55 0 55 0 -55 0 0 0
24200 0 -55 55 -55 0 -55 0 0 0 55 0 -55 0 55 0 -55 0 0 0
24200 0 55 -55 -55 0 -55 0 0 0 55 0 -55 0 55 0 -55 0 0 0
24200 0 55 55 55 0 55 0 0 0 -55 0 -55 0 55 0 -55 0 0 0
24200 0 -55 -55 55 0 55 0 0 0 -55 0 -55 0 55 0 -55 0 0 0
24200 0 -55 55 -55 0 55 0 0 0 -55 0 -55 0 55 0 -55 0 0 0
24200 0 55 -55 -55 0 55 0 0 0 -55 0 -55 0 55 0 -55 0 0 0
24200 0 -55 55 55 0 -55 0 0 0 -55 0 -55 0 55 0 -55 0 0 0
24200 0 55 -55 55 0 -55 0 0 0 -55 0 -55 0 55 0 -55 0 0 0
24200 0 55 55 -55 0 -55 0 0 0 -55 0 -55 0 55 0 -55 0 0 0
24200 0 -55 -55 -55 0 -55 0 0 0 -55 0 -55 0 55 0 -55 0 0 0
24200 0 -55 55 55 0 55 0 0 0 55 0 55 0 -55 0 -55 0 0 0
24200 0 55 -55 55 0 55 0 0 0 55 0 55 0 -55 0 -55 0 0 0
24200 0 55 55 -55 0 55 0 0 0 55 0 55 0 -55 0 -55 0 0 0
24200 0 -55 -55 -55 0 55 0 0 0 55 0 55 0 -55 0 -55 0 0 0
24200 0 55 55 55 0 -55 0 0 0 55 0 55 0 -55 0 -55 0 0 0
24200 0 -55 -55 55 0 -55 0 0 0 55 0 55 0 -55 0 -55 0 0 0
24200 0 -55 55 -55 0 -55 0 0 0 55 0 55 0 -55 0 -55 0 0 0
24200 0 55 -55 -55 0 -55 0 0 0 55 0 55 0 -55 0 -55 0 0 0
24200 0 55 55 55 0 55 0 0 0 -55 0 55 0 -55 0 -55 0 0 0
24200 0 -55 -55 55 0 55 0 0 0 -55 0 55 0 -55 0 -55 0 0 0
24200 0 -55 55 -55 0 55 0 0 0 -55 0 55 0 -55 0 -55 0 0 0
24200 0 55 -55 -55 0 55 0 0 0 -55 0 55 0 -55 0 -55 0 0 0
24200 0 -55 55 55 0 -55 0 0 0 -55 0 55 0 -55 0 -55 0 0 0
24200 0 55 -55 55 0 -55 0 0 0 -55 0 55 0 -55 0 -55 0 0 0
24200 0 55 55 -55 0 -55 0 0 0 -55 0 55 0 -55 0 -55 0 0 0
24200 0 -55 -55 -55 0 -55 0 0 0 -55 0 55 0 -55 0 -55 0 0 0
24200 0 55 55 55 0 55 0 0 0 55 0 -55 0 -55 0 -55 0 0 0
24200 0 -55 -55 55 0 55 0 0 0 55 0 -55 0 -55 0 -55 0 0 0
24200 0 -55 55 -55 0 55 0 0 0 55 0 -55 0 -55 0 -55 0 0 0
24200 0 55 -55 -55 0 55 0 0 0 55 0 -55 0 -55 0 -55 0 0 0
24200 0 -55 55 55 0 -55 0 0 0 55 0 -55 0 -55 0 -55 0 0 0
24200 0 55 -55 55 0 -55 0 0 0 55 0 -55 0 -55 0 -55 0 0 0
24200 0 55 55 -55 0 -55 0 0 0 55 0 -55 0 -55 0 -55 0 0 0
24200 0 -55 -55 -55 0 -55 0 0 0 55 0 -55 0 -55 0 -55 0 0 0
24200 0 -55 55 55 0 55 0 0 0 -55 0 -55 0 -55 0 -55 0 0 0
24200 0 55 -55 55 0 55 0 0 0 -55 0 -55 0 -55 0 -55 0 0 0
24200 0 55 55 -55 0 55 0 0 0 -55 0 -55 0 -55 0 -55 0 0 0
24200 0 -55 -55 -55 0 55 0 0 0 -55 0 -55 0 -55 0 -55 0 0 0
24200 0 55 55 55 0 -55 0 0 0 -55 0 -55 0 -55 0 -55 0 0 0
24200 0 -55 -55 55 0 -55 0 0 0 -55 0 -55 0 -55 0 -55 0 0 0
24200 0 -55 55 -55 0 -55 0 0 0 -55 0 -55 0 -55 0 -55 0 0 0
24200 0 55 -55 -55 0 -55 0 0 0 -55 0 -55 0 -55 0 -55 0 0 0
24200 0 0 0 0 0 0 0 0 55 55 55 55 0 55 0 55 -55 55 0
24200 0 0 0 0 0 0 0 0 55 55 55 55 0 55 0 55 55 -55 0
24200 0 0 0 0 0 0 0 0 -55 -55 55 55 0 55 0 55 -55 55 0
24200 0 0 0 0 0 0 0 0 -55 -55 55 55 0 55 0 55 55 -55 0
24200 0 0 0 0 0 0 0 0 -55 55 -55 55 0 55 0 55 -55 55 0
24200 0 0 0 0 0 0 0 0 -55 55 -55 55 0 55 0 55 55 -55 0
24200 0 0 0 0 0 0 0 0 55 -55 -55 55 0 55 0 55 -55 55 0
24200 0 0 0 0 0 0 0 0 55 -55 -55 55 0 55 0 55 55 -55 0
24200 0 0 0 0 0 0 0 0 -55 55 55 -55 0 55 0 55 -55 55 0
24200 0 0 0 0 0 0 0 0 -55 55 55 -55 0 55 0 55 55 -55 0
24200 0 0 0 0 0 0 0 0 55 -55 55 -55 0 55 0 55 -55 55 0
24200 0 0 0 0 0 0 0 0 55 -55 55 -55 0 55 0 55 55 -55 0
24200 0 0 0 0 0 0 0 0 55 55 -55 -55 0 55 0 55 -55 55 0
24200 0 0 0 0 0 0 0 0 55 55 -55 -55 0 55 0 55 55 -55 0
24200 0 0 0 0 0 0 0 0 -55 -55 -55 -55 0 55 0 55 -55 55 0
24200 0 0 0 0 0 0 0 0 -55 -55 -55 -55 0 55 0 55 55 -55 0
24200 0 0 0 0 0 0 0 0 -55 55 55 55 0 -55 0 55 -55 55 0
24200 0 0 0 0 0 0 0 0 -55 55 55 55 0 -55 0 55 55 -55 0
24200 0 0 0 0 0 0 0 0 55 -55 55 55 0 -55 0 55 -55 55 0
24200 0 0 0 0 0 0 0 0 55 -55 55 55 0 -55 0 55 55 -55 0
24200 0 0 0 0 0 0 0 0 55 55 -55 55 0 -55 0 55 -55 55 0
24200 0 0 0 0 0 0 0 0 55 55 -55 55 0 -55 0 55 55 -55 0
24200 0 0 0 0 0 0 0 0 -55 -55 -55 55 0 -55 0 55 -55 55 0
24200 0 0 0 0 0 0 0 0 -55 -55 -55 55 0 -55 0 55 55 -55 0
24200 0 0 0 0 0 0 0 0 55 55 55 -55 0 -55 0 55 -55 55 0
24200 0 0 0 0 0 0 0 0 55 55 55 -55 0 -55 0 55 55 -55 0
24200 0 0 0 0 0 0 0 0 -55 -55 55 -55 0 -55 0 55 -55 55 0
24200 0 0 0 0 0 0 0 0 -55 -55 55 -55 0 -55 0 55 55 -55 0
24200 0 0 0 0 0 0 0 0 -55 55 -55 -55 0 -55 0 55 -55 55 0
24200 0 0 0 0 0 0 0 0 -55 55 -55 -55 0 -55 0 55 55 -55 0
24200 0 0 0 0 0 0 0 0 55 -55 -55 -55 0 -55 0 55 -55 55 0
24200 0 0 0 0 0 0 0 0 55 -55 -55 -55 0 -55 0 55 55 -55 0
24200 0 0 0 0 0 0 0 0 -55 55 55 55 0 55 0 -55 -55 55 0
24200 0 0 0 0 0 0 0 0 -55 55 55 55 0 55 0 -55 55 -55 0
24200 0 0 0 0 0 0 0 0 55 -55 55 55 0 55 0 -55 -55 55 0
24200 0 0 0 0 0 0 0 0 55 -55 55 55 0 55 0 -55 55 -55 0
24200 0 0 0 0 0 0 0 0 55 55 -55 55 0 55 0 -55 -55 55 0
24200 0 0 0 0 0 0 0 0 55 55 -55 55 0 55 0 -55 55 -55 0
24200 0 0 0 0 0 0 0 0 -55 -55 -55 55 0 55 0 -55 -55 55 0
24200 0 0 0 0 0 0 0 0 -55 -55 -55 55 0 55 0 -55 55 -55 0
24200 0 0 0 0 0 0 0 0 55 55 55 -55 0 55 0 -55 -55 55 0
24200 0 0 0 0 0 0 0 0 55 55 55 -55 0 55 0 -55 55 -55 0
24200 0 0 0 0 0 0 0 0 -55 -55 55 -55 0 55 0 -55 -55 55 0
24200 0 0 0 0 0 0 0 0 -55 -55 55 -55 0 55 0 -55 55 -55 0
24200 0 0 0 0 0 0 0 0 -55 55 -55 -55 0 55 0 -55 -55 55 0
24200 0 0 0 0 0 0 0 0 -55 55 -55 -55 0 55 0 -55 55 -55 0
24200 0 0 0 0 0 0 0 0 55 -55 -55 -55 0 55 0 -55 -55 55 0
24200 0 0 0 0 0 0 0 0 55 -55 -55 -55 0 55 0 -55 55 -55 0
24200 0 0 0 0 0 0 0 0 55 55 55 55 0 -55 0 -55 -55 55 0
24200 0 0 0 0 0 0 0 0 55 55 55 55 0 -55 0 -55 55 -55 0
24200 0 0 0 0 0 0 0 0 -55 -55 55 55 0 -55 0 -55 -55 55 0
24200 0 0 0 0 0 0 0 0 -55 -55 55 55 0 -55 0 -55 55 -55 0
24200 0 0 0 0 0 0 0 0 -55 55 -55 55 0 -55 0 -55 -55 55 0
24200 0 0 0 0 0 0 0 0 -55 55 -55 55 0 -55 0 -55 55 -55 0
24200 0 0 0 0 0 0 0 0 55 -55 -55 55 0 -55 0 -55 -55 55 0
24200 0 0 0 0 0 0 0 0 55 -55 -55 55 0 -55 0 -55 55 -55 0
24200 0 0 0 0 0 0 0 0 -55 55 55 -55 0 -55 0 -55 -55 55 0
24200 0 0 0 0 0 0 0 0 -55 55 55 -55 0 -55 0 -55 55 -55 0
24200 0 0 0 0 0 0 0 0 55 -55 55 -55 0 -55 0 -55 -55 55 0
24200 0 0 0 0 0 0 0 0 55 -55 55 -55 0 -55 0 -55 55 -55 0
24200 0 0 0 0 0 0 0 0 55 55 -55 -55 0 -55 0 -55 -55 55 0
24200 0 0 0 0 0 0 0 0 55 55 -55 -55 0 -55 0 -55 55 -55 0
24200 0 0 0 0 0 0 0 0 -55 -55 -55 -55 0 -55 0 -55 -55 55 0
24200 0 0 0 0 0 0 0 0 -55 -55 -55 -55 0 -55 0 -55 55 -55 0
24200 0 0 0 0 0 0 55 55 55 0 0 0 55 55 0 55 0 -55 55
24200 0 0 0 0 0 0 55 55 55 0 0 0 55 55 0 55 0 55 -55
24200 0 0 0 0 0 0 -55 -55 55 0 0 0 55 55 0 55 0 -55 55
24200 0 0 0 0 0 0 -55 -55 55 0 0 0 55 55 0 55 0 55 -55
24200 0 0 0 0 0 0 -55 55 -55 0 0 0 55 55 0 55 0 -55 55
24200 0 0 0 0 0 0 -55 55 -55 0 0 0 55 55 0 55 0 55 -55
24200 0 0 0 0 0 0 55 -55 -55 0 0 0 55 55 0 55 0 -55 55
24200 0 0 0 0 0 0 55 -55 -55 0 0 0 55 55 0 55 0 55 -55
24200 0 0 0 0 0 0 -55 55 55 0 0 0 -55 55 0 55 0 -55 55
24200 0 0 0 0 0 0 -55 55 55 0 0 0 -55 55 0 55 0 55 -55
24200 0 0 0 0 0 0 55 -55 55 0 0 0 -55 55 0 55 0 -55 55
24200 0 0 0 0 0 0 55 -55 55 0 0 0 -55 55 0 55 0 55 -55
24200 0 0 0 0 0 0 55 55 -55 0 0 0 -55 55 0 55 0 -55 55
24200 0 0 0 0 0 0 55 55 -55 0 0 0 -55 55 0 55 0 55 -55
24200 0 0 0 0 0 0 -55 -55 -55 0 0 0 -55 55 0 55 0 -55 55
24200 0 0 0 0 0 0 -55 -55 -55 0 0 0 -55 55 0 55 0 55 -55
24200 0 0 0 0 0 0 -55 55 55 0 0 0 55 -55 0 55 0 -55 55
24200 0 0 0 0 0 0 -55 55 55 0 0 0 55 -55 0 55 0 55 -55
24200 0 0 0 0 0 0 55 -55 55 0 0 0 55 -55 0 55 0 -55 55
24200 0 0 0 0 0 0 55 -55 55 0 0 0 55 -55 0 55 0 55 -55
24200 0 0 0 0 0 0 55 55 -55 0 0 0 55 -55 0 55 0 -55 55
24200 0 0 0 0 0 0 55 55 -55 0 0 0 55 -55 0 55 0 55 -55
24200 0 0 0 0 0 0 -55 -55 -55 0 0 0 55 -55 0 55 0 -55 55
24200 0 0 0 0 0 0 -55 -55 -55 0 0 0 55 -55 0 55 0 55 -55
24200 0 0 0 0 0 0 55 55 55 0 0 0 -55 -55 0 55 0 -55 55
24200 0 0 0 0 0 0 55 55 55 0 0 0 -55 -55 0 55 0 55 -55
24200 0 0 0 0 0 0 -55 -55 55 0 0 0 -55 -55 0 55 0 -55 55
24200 0 0 0 0 0 0 -55 -55 55 0 0 0 -55 -55 0 55 0 55 -55
24200 0 0 0 0 0 0 -55 55 -55 0 0 0 -55 -55 0 55 0 -55 55
24200 0 0 0 0 0 0 -55 55 -55 0 0 0 -55 -55 0 55 0 55 -55
24200 0 0 0 0 0 0 55 -55 -55 0 0 0 -55 -55 0 55 0 -55 55
24200 0 0 0 0 0 0 55 -55 -55 0 0 0 -55 -55 0 55 0 55 -55
24200 0 0 0 0 0 0 -55 55 55 0 0 0 55 55 0 -55 0 -55 55
24200 0 0 0 0 0 0 -55 55 55 0 0 0 55 55 0 -55 0 55 -55
24200 0 0 0 0 0 0 55 -55 55 0 0 0 55 55 0 -55 0 -55 55
24200 0 0 0 0 0 0 55 -55 55 0 0 0 55 55 0 -55 0 55 -55
24200 0 0 0 0 0 0 55 55 -55 0 0 0 55 55 0 -55 0 -55 55
24200 0 0 0 0 0 0 55 55 -55 0 0 0 55 55 0 -55 0 55 -55
24200 0 0 0 0 0 0 -55 -55 -55 0 0 0 55 55 0 -55 0 -55 55
24200 0 0 0 0 0 0 -55 -55 -55 0 0 0 55 55 0 -55 0 55 -55
24200 0 0 0 0 0 0 55 55 55 0 0 0 -55 55 0 -55 0 -55 55
24200 0 0 0 0 0 0 55 55 55 0 0 0 -55 55 0 -55 0 55 -55
24200 0 0 0 0 0 0 -55 -55 55 0 0 0 -55 55 0 -55 0 -55 55
24200 0 0 0 0 0 0 -55 -55 55 0 0 0 -55 55 0 -55 0 55 -55
24200 0 0 0 0 0 0 -55 55 -55 0 0 0 -55 55 0 -55 0 -55 55
24200 0 0 0 0 0 0 -55 55 -55 0 0 0 -55 55 0 -55 0 55 -55
24200 0 0 0 0 0 0 55 -55 -55 0 0 0 -55 55 0 -55 0 -55 55
24200 0 0 0 0 0 0 55 -55 -55 0 0 0 -55 55 0 -55 0 55 -55
24200 0 0 0 0 0 0 55 55 55 0 0 0 55 -55 0 -55 0 -55 55
24200 0 0 0 0 0 0 55 55 55 0 0 0 55 -55 0 -55 0 55 -55
24200 0 0 0 0 0 0 -55 -55 55 0 0 0 55 -55 0 -55 0 -55 55
24200 0 0 0 0 0 0 -55 -55 55 0 0 0 55 -55 0 -55 0 55 -55
24200 0 0 0 0 0 0 -55 55 -55 0 0 0 55 -55 0 -55 0 -55 55
24200 0 0 0 0 0 0 -55 55 -55 0 0 0 55 -55 0 -55 0 55 -55
24200 0 0 0 0 0 0 55 -55 -55 0 0 0 55 -55 0 -55 0 -55 55
24200 0 0 0 0 0 0 55 -55 -55 0 0 0 55 -55 0 -55 0 55 -55
24200 0 0 0 0 0 0 -55 55 55 0 0 0 -55 -55 0 -55 0 -55 55
24200 0 0 0 0 0 0 -55 55 55 0 0 0 -55 -55 0 -55 0 55 -55
24200 0 0 0 0 0 0 55 -55 55 0 0 0 -55 -55 0 -55 0 -55 55
24200 0 0 0 0 0 0 55 -55 55 0 0 0 -55 -55 0 -55 0 55 -55
24200 0 0 0 0 0 0 55 55 -55 0 0 0 -55 -55 0 -55 0 -55 55
24200 0 0 0 0 0 0 55 55 -55 0 0 0 -55 -55 0 -55 0 55 -55
24200 0 0 0 0 0 0 -55 -55 -55 0 0 0 -55 -55 0 -55 0 -55 55
24200 0 0 0 0 0 0 -55 -55 -55 0 0 0 -55 -55 0 -55 0 55 -55
24200 0 0 0 55 55 0 0 0 0 55 0 0 55 55 0 55 -55 0 -55
24200 0 0 0 55 55 0 0 0 0 55 0 0 55 55 0 55 55 0 55
24200 0 0 0 -55 -55 0 0 0 0 55 0 0 55 55 0 55 -55 0 -55
24200 0 0 0 -55 -55 0 0 0 0 55 0 0 55 55 0 55 55 0 55
24200 0 0 0 -55 55 0 0 0 0 -55 0 0 55 55 0 55 -55 0 -55
24200 0 0 0 -55 55 0 0 0 0 -55 0 0 55 55 0 55 55 0 55
24200 0 0 0 55 -55 0 0 0 0 -55 0 0 55 55 0 55 -55 0 -55
24200 0 0 0 55 -55 0 0 0 0 -55 0 0 55 55 0 55 55 0 55
24200 0 0 0 -55 55 0 0 0 0 55 0 0 -55 55 0 55 -55 0 -55
24200 0 0 0 -55 55 0 0 0 0 55 0 0 -55 55 0 55 55 0 55
24200 0 0 0 55 -55 0 0 0 0 55 0 0 -55 55 0 55 -55 0 -55
24200 0 0 0 55 -55 0 0 0 0 55 0 0 -55 55 0 55 55 0 55
24200 0 0 0 55 55 0 0 0 0 -55 0 0 -55 55 0 55 -55 0 -55
24200 0 0 0 55 55 0 0 0 0 -55 0 0 -55 55 0 55 55 0 55
24200 0 0 0 -55 -55 0 0 0 0 -55 0 0 -55 55 0 55 -55 0 -55
24200 0 0 0 -55 -55 0 0 0 0 -55 0 0 -55 55 0 55 55 0 55
24200 0 0 0 -55 55 0 0 0 0 55 0 0 55 -55 0 55 -55 0 -55
24200 0 0 0 -55 55 0 0 0 0 55 0 0 55 -55 0 55 55 0 55
24200 0 0 0 55 -55 0 0 0 0 55 0 0 55 -55 0 55 -55 0 -55
24200 0 0 0 55 -55 0 0 0 0 55 0 0 55 -55 0 55 55 0 55
24200 0 0 0 55 55 0 0 0 0 -55 0 0 55 -55 0 55 -55 0 -55
24200 0 0 0 55 55 0 0 0 0 -55 0 0 55 -55 0 55 55 0 55
24200 0 0 0 -55 -55 0 0 0 0 -55 0 0 55 -55 0 55 -55 0 -55
24200 0 0 0 -55 -55 0 0 0 0 -55 0 0 55 -55 0 55 55 0 55
24200 0 0 0 55 55 0 0 0 0 55 0 0 -55 -55 0 55 -55 0 -55
24200 0 0 0 55 55 0 0 0 0 55 0 0 -55 -55 0 55 55 0 55
24200 0 0 0 -55 -55 0 0 0 0 55 0 0 -55 -55 0 55 -55 0 -55
24200 0 0 0 -55 -55 0 0 0 0 55 0 0 -55 -55 0 55 55 0 55
24200 0 0 0 -55 55 0 0 0 0 -55 0 0 -55 -55 0 55 -55 0 -55
24200 0 0 0 -55 55 0 0 0 0 -55 0 0 -55 -55 0 55 55 0 55
24200 0 0 0 55 -55 0 0 0 0 -55 0 0 -55 -55 0 55 -55 0 -55
24200 0 0 0 55 -55 0 0 0 0 -55 0 0 -55 -55 0 55 55 0 55
24200 0 0 0 -55 55 0 0 0 0 55 0 0 55 55 0 -55 -55 0 -55
24200 0 0 0 -55 55 0 0 0 0 55 0 0 55 55 0 -55 55 0 55
24200 0 0 0 55 -55 0 0 0 0 55 0 0 55 55 0 -55 -55 0 -55
24200 0 0 0 55 -55 0 0 0 0 55 0 0 55 55 0 -55 55 0 55
24200 0 0 0 55 55 0 0 0 0 -55 0 0 55 55 0 -55 -55 0 -55
24200 0 0 0 55 55 0 0 0 0 -55 0 0 55 55 0 -55 55 0 55
24200 0 0 0 -55 -55 0 0 0 0 -55 0 0 55 55 0 -55 -55 0 -55
24200 0 0 0 -55 -55 0 0 0 0 -55 0 0 55 55 0 -55 55 0 55
24200 0 0 0 55 55 0 0 0 0 55 0 0 -55 55 0 -55 -55 0 -55
24200 0 0 0 55 55 0 0 0 0 55 0 0 -55 55 0 -55 55 0 55
24200 0 0 0 -55 -55 0 0 0 0 55 0 0 -55 55 0 -55 -55 0 -55
24200 0 0 0 -55 -55 0 0 0 0 55 0 0 -55 55 0 -55 55 0 55
24200 0 0 0 -55 55 0 0 0 0 -55 0 0 -55 55 0 -55 -55 0 -55
24200 0 0 0 -55 55 0 0 0 0 -55 0 0 -55 55 0 -55 55 0 55
24200 0 0 0 55 -55 0 0 0 0 -55 0 0 -55 55 0 -55 -55 0 -55
24200 0 0 0 55 -55 0 0 0 0 -55 0 0 -55 55 0 -55 55 0 55
24200 0 0 0 55 55 0 0 0 0 55 0 0 55 -55 0 -55 -55 0 -55
24200 0 0 0 55 55 0 0 0 0 55 0 0 55 -55 0 -55 55 0 55
24200 0 0 0 -55 -55 0 0 0 0 55 0 0 55 -55 0 -55 -55 0 -55
24200 0 0 0 -55 -55 0 0 0 0 55 0 0 55 -55 0 -55 55 0 55
24200 0 0 0 -55 55 0 0 0 0 -55 0 0 55 -55 0 -55 -55 0 -55
24200 0 0 0 -55 55 0 0 0 0 -55 0 0 55 -55 0 -55 55 0 55
24200 0 0 0 55 -55 0 0 0 0 -55 0 0 55 -55 0 -55 -55 0 -55
24200 0 0 0 55 -55 0 0 0 0 -55 0 0 55 -55 0 -55 55 0 55
24200 0 0 0 -55 55 0 0 0 0 55 0 0 -55 -55 0 -55 -55 0 -55
24200 0 0 0 -55 55 0 0 0 0 55 0 0 -55 -55 0 -55 55 0 55
24200 0 0 0 55 -55 0 0 0 0 55 0 0 -55 -55 0 -55 -55 0 -55
24200 0 0 0 55 -55 0 0 0 0 55 0 0 -55 -55 0 -55 55 0 55
24200 0 0 0 55 55 0 0 0 0 -55 0 0 -55 -55 0 -55 -55 0 -55
24200 0 0 0 55 55 0 0 0 0 -55 0 0 -55 -55 0 -55 55 0 55
24200 0 0 0 -55 -55 0 0 0 0 -55 0 0 -55 -55 0 -55 -55 0 -55
24200 0 0 0 -55 -55 0 0 0 0 -55 0 0 -55 -55 0 -55 55 0 55
24200 -55 0 0 0 0 55 55 0 0 55 55 0 55 55 0 55 0 0 0
24200 55 0 0 0 0 -55 55 0 0 55 55 0 55 55 0 55 0 0 0
24200 55 0 0 0 0 55 -55 0 0 55 55 0 55 55 0 55 0 0 0
24200 -55 0 0 0 0 -55 -55 0 0 55 55 0 55 55 0 55 0 0 0
24200 55 0 0 0 0 55 55 0 0 -55 55 0 55 55 0 55 0 0 0
24200 -55 0 0 0 0 -55 55 0 0 -55 55 0 55 55 0 55 0 0 0
24200 -55 0 0 0 0 55 -55 0 0 -55 55 0 55 55 0 55 0 0 0
24200 55 0 0 0 0 -55 -55 0 0 -55 55 0 55 55 0 55 0 0 0
24200 55 0 0 0 0 55 55 0 0 55 -55 0 55 55 0 55 0 0 0
24200 -55 0 0 0 0 -55 55 0 0 55 -55 0 55 55 0 55 0 0 0
24200 -55 0 0 0 0 55 -55 0 0 55 -55 0 55 55 0 55 0 0 0
24200 55 0 0 0 0 -55 -55 0 0 55 -55 0 55 55 0 55 0 0 0
24200 -55 0 0 0 0 55 55 0 0 -55 -55 0 55 55 0 55 0 0 0
24200 55 0 0 0 0 -55 55 0 0 -55 -55 0 55 55 0 55 0 0 0
24200 55 0 0 0 0 55 -55 0 0 -55 -55 0 55 55 0 55 0 0 0
24200 -55 0 0 0 0 -55 -55 0 0 -55 -55 0 55 55 0 55 0 0 0
24200 55 0 0 0 0 55 55 0 0 55 55 0 -55 55 0 55 0 0 0
24200 -55 0 0 0 0 -55 55 0 0 55 55 0 -55 55 0 55 0 0 0
24200 -55 0 0 0 0 55 -55 0 0 55 55 0 -55 55 0 55 0 0 0
24200 55 0 0 0 0 -55 -55 0 0 55 55 0 -55 55 0 55 0 0 0
24200 -55 0 0 0 0 55 55 0 0 -55 55 0 -55 55 0 55 0 0 0
24200 55 0 0 0 0 -55 55 0 0 -55 55 0 -55 55 0 55 0 0 0
24200 55 0 0 0 0 55 -55 0 0 -55 55 0 -55 55 0 55 0 0 0
24200 -55 0 0 0 0 -55 -55 0 0 -55 55 0 -55 55 0 55 0 0 0
24200 -55 0 0 0 0 55 55 0 0 55 -55 0 -55 55 0 55 0 0 0
24200 55 0 0 0 0 -55 55 0 0 55 -55 0 -55 55 0 55 0 0 0
24200 55 0 0 0 0 55 -55 0 0 55 -55 0 -55 55 0 55 0 0 0
24200 -55 0 0 0 0 -55 -55 0 0 55 -55 0 -55 55 0 55 0 0 0
24200 55 0 0 0 0 55 55 0 0 -55 -55 0 -55 55 0 55 0 0 0
24200 -55 0 0 0 0 -55 55 0 0 -55 -55 0 -55 55 0 55 0 0 0
24200 -55 0 0 0 0 55 -55 0 0 -55 -55 0 -55 55 0 55 0 0 0
24200 55 0 0 0 0 -55 -55 0 0 -55 -55 0 -55 55 0 55 0 0 0
24200 55 0 0 0 0 55 55 0 0 55 55 0 55 -55 0 55 0 0 0
24200 -55 0 0 0 0 -55 55 0 0 55 55 0 55 -55 0 55 0 0 0
24200 -55 0 0 0 0 55 -55 0 0 55 55 0 55 -55 0 55 0 0 0
24200 55 0 0 0 0 -55 -55 0 0 55 55 0 55 -55 0 55 0 0 0
24200 -55 0 0 0 0 55 55 0 0 -55 55 0 55 -55 0 55 0 0 0
24200 55 0 0 0 0 -55 55 0 0 -55 55 0 55 -55 0 55 0 0 0
24200 55 0 0 0 0 55 -55 0 0 -55 55 0 55 -55 0 55 0 0 0
24200 -55 0 0 0 0 -55 -55 0 0 -55 55 0 55 -55 0 55 0 0 0
24200 -55 0 0 0 0 55 55 0 0 55 -55 0 55 -55 0 55 0 0 0
24200 55 0 0 0 0 -55 55 0 0 55 -55 0 55 -55 0 55 0 0 0
24200 55 0 0 0 0 55 -55 0 0 55 -55 0 55 -55 0 55 0 0 0
24200 -55 0 0 0 0 -55 -55 0 0 55 -55 0 55 -55 0 55 0 0 0
24200 55 0 0 0 0 55 55 0 0 -55 -55 0 55 -55 0 55 0 0 0
24200 -55 0 0 0 0 -55 55 0 0 -55 -55 0 55 -55 0 55 0 0 0
24200 -55 0 0 0 0 55 -55 0 0 -55 -55 0 55 -55 0 55 0 0 0
24200 55 0 0 0 0 -55 -55 0 0 -55 -55 0 55 -55 0 55 0 0 0
24200 -55 0 0 0 0 55 55 0 0 55 55 0 -55 -55 0 55 0 0 0
24200 55 0 0 0 0 -55 55 0 0 55 55 0 -55 -55 0 55 0 0 0
24200 55 0 0 0 0 55 -55 0 0 55 55 0 -55 -55 0 55 0 0 0
24200 -55 0 0 0 0 -55 -55 0 0 55 55 0 -55 -55 0 55 0 0 0
24200 55 0 0 0 0 55 55 0 0 -55 55 0 -55 -55 0 55 0 0 0
24200 -55 0 0 0 0 -55 55 0 0 -55 55 0 -55 -55 0 55 0 0 0
24200 -55 0 0 0 0 55 -55 0 0 -55 55 0 -55 -55 0 55 0 0 0
24200 55 0 0 0 0 -55 -55 0 0 -55 55 0 -55 -55 0 55 0 0 0
24200 55 0 0 0 0 55 55 0 0 55 -55 0 -55 -55 0 55 0 0 0
24200 -55 0 0 0 0 -55 55 0 0 55 -55 0 -55 -55 0 55 0 0 0
24200 -55 0 0 0 0 55 -55 0 0 55 -55 0 -55 -55 0 55 0 0 0
24200 55 0 0 0 0 -55 -55 0 0 55 -55 0 -55 -55 0 55 0 0 0
24200 -55 0 0 0 0 55 55 0 0 -55 -55 0 -55 -55 0 55 0 0 0
24200 55 0 0 0 0 -55 55 0 0 -55 -55 0 -55 -55 0 55 0 0 0
24200 55 0 0 0 0 55 -55 0 0 -55 -55 0 -55 -55 0 55 0 0 0
24200 -55 0 0 0 0 -55 -55 0 0 -55 -55 0 -55 -55 0 55 0 0 0
24200 55 0 0 0 0 55 55 0 0 55 55 0 55 55 0 -55 0 0 0
24200 -55 0 0 0 0 -55 55 0 0 55 55 0 55 55 0 -55 0 0 0
24200 -55 0 0 0 0 55 -55 0 0 55 55 0 55 55 0 -55 0 0 0
24200 55 0 0 0 0 -55 -55 0 0 55 55 0 55 55 0 -55 0 0 0
24200 -55 0 0 0 0 55 55 0 0 -55 55 0 55 55 0 -55 0 0 0
24200 55 0 0 0 0 -55 55 0 0 -55 55 0 55 55 0 -55 0 0 0
24200 55 0 0 0 0 55 -55 0 0 -55 55 0 55 55 0 -55 0 0 0
24200 -55 0 0 0 0 -55 -55 0 0 -55 55 0 55 55 0 -55 0 0 0
24200 -55 0 0 0 0 55 55 0 0 55 -55 0 55 55 0 -55 0 0 0
24200 55 0 0 0 0 -55 55 0 0 55 -55 0 55 55 0 -55 0 0 0
24200 55 0 0 0 0 55 -55 0 0 55 -55 0 55 55 0 -55 0 0 0
24200 -55 0 0 0 0 -55 -55 0 0 55 -55 0 55 55 0 -55 0 0 0
24200 55 0 0 0 0 55 55 0 0 -55 -55 0 55 55 0 -55 0 0 0
24200 -55 0 0 0 0 -55 55 0 0 -55 -55 0 55 55 0 -55 0 0 0
24200 -55 0 0 0 0 55 -55 0 0 -55 -55 0 55 55 0 -55 0 0 0
24200 55 0 0 0 0 -55 -55 0 0 -55 -55 0 55 55 0 -55 0 0 0
24200 -55 0 0 0 0 55 55 0 0 55 55 0 -55 55 0 -55 0 0 0
24200 55 0 0 0 0 -55 55 0 0 55 55 0 -55 55 0 -55 0 0 0
24200 55 0 0 0 0 55 -55 0 0 55 55 0 -55 55 0 -55 0 0 0
24200 -55 0 0 0 0 -55 -55 0 0 55 55 0 -55 55 0 -55 0 0 0
24200 55 0 0 0 0 55 55 0 0 -55 55 0 -55 55 0 -55 0 0 0
24200 -55 0 0 0 0 -55 55 0 0 -55 55 0 -55 55 0 -55 0 0 0
24200 -55 0 0 0 0 55 -55 0 0 -55 55 0 -55 55 0 -55 0 0 0
24200 55 0 0 0 0 -55 -55 0 0 -55 55 0 -55 55 0 -55 0 0 0
24200 55 0 0 0 0 55 55 0 0 55 -55 0 -55 55 0 -55 0 0 0
24200 -55 0 0 0 0 -55 55 0 0 55 -55 0 -55 55 0 -55 0 0 0
24200 -55 0 0 0 0 55 -55 0 0 55 -55 0 -55 55 0 -55 0 0 0
24200 55 0 0 0 0 -55 -55 0 0 55 -55 0 -55 55 0 -55 0 0 0
24200 -55 0 0 0 0 55 55 0 0 -55 -55 0 -55 55 0 -55 0 0 0
24200 55 0 0 0 0 -55 55 0 0 -55 -55 0 -55 55 0 -55 0 0 0
24200 55 0 0 0 0 55 -55 0 0 -55 -55 0 -55 55 0 -55 0 0 0
24200 -55 0 0 0 0 -55 -55 0 0 -55 -55 0 -55 55 0 -55 0 0 0
24200 -55 0 0 0 0 55 55 0 0 55 55 0 55 -55 0 -55 0 0 0
24200 55 0 0 0 0 -55 55 0 0 55 55 0 55 -55 0 -55 0 0 0
24200 55 0 0 0 0 55 -55 0 0 55 55 0 55 -55 0 -55 0 0 0
24200 -55 0 0 0 0 -55 -55 0 0 55 55 0 55 -55 0 -55 0 0 0
24200 55 0 0 0 0 55 55 0 0 -55 55 0 55 -55 0 -55 0 0 0
24200 -55 0 0 0 0 -55 55 0 0 -55 55 0 55 -55 0 -55 0 0 0
24200 -55 0 0 0 0 55 -55 0 0 -55 55 0 55 -55 0 -55 0 0 0
24200 55 0 0 0 0 -55 -55 0 0 -55 55 0 55 -55 0 -55 0 0 0
24200 55 0 0 0 0 55 55 0 0 55 -55 0 55 -55 0 -55 0 0 0
24200 -55 0 0 0 0 -55 55 0 0 55 -55 0 55 -55 0 -55 0 0 0
24200 -55 0 0 0 0 55 -55 0 0 55 -55 0 55 -55 0 -55 0 0 0
24200 55 0 0 0 0 -55 -55 0 0 55 -55 0 55 -55 0 -55 0 0 0
24200 -55 0 0 0 0 55 55 0 0 -55 -55 0 55 -55 0 -55 0 0 0
24200 55 0 0 0 0 -55 55 0 0 -55 -55 0 55 -55 0 -55 0 0 0
24200 55 0 0 0 0 55 -55 0 0 -55 -55 0 55 -55 0 -55 0 0 0
24200 -55 0 0 0 0 -55 -55 0 0 -55 -55 0 55 -55 0 -55 0 0 0
24200 55 0 0 0 0 55 55 0 0 55 55 0 -55 -55 0 -55 0 0 0
24200 -55 0 0 0 0 -55 55 0 0 55 55 0 -55 -55 0 -55 0 0 0
24200 -55 0 0 0 0 55 -55 0 0 55 55 0 -55 -55 0 -55 0 0 0
24200 55 0 0 0 0 -55 -55 0 0 55 55 0 -55 -55 0 -55 0 0 0
24200 -55 0 0 0 0 55 55 0 0 -55 55 0 -55 -55 0 -55 0 0 0
24200 55 0 0 0 0 -55 55 0 0 -55 55 0 -55 -55 0 -55 0 0 0
24200 55 0 0 0 0 55 -55 0 0 -55 55 0 -55 -55 0 -55 0 0 0
24200 -55 0 0 0 0 -55 -55 0 0 -55 55 0 -55 -55 0 -55 0 0 0
24200 -55 0 0 0 0 55 55 0 0 55 -55 0 -55 -55 0 -55 0 0 0
24200 55 0 0 0 0 -55 55 0 0 55 -55 0 -55 -55 0 -55 0 0 0
24200 55 0 0 0 0 55 -55 0 0 55 -55 0 -55 -55 0 -55 0 0 0
24200 -55 0 0 0 0 -55 -55 0 0 55 -55 0 -55 -55 0 -55 0 0 0
24200 55 0 0 0 0 55 55 0 0 -55 -55 0 -55 -55 0 -55 0 0 0
24200 -55 0 0 0 0 -55 55 0 0 -55 -55 0 -55 -55 0 -55 0 0 0
24200 -55 0 0 0 0 55 -55 0 0 -55 -55 0 -55 -55 0 -55 0 0 0
24200 55 0 0 0 0 -55 -55 0 0 -55 -55 0 -55 -55 0 -55 0 0 0
24200 0 0 55 0 0 0 55 0 0 0 0 55 55 55 0 55 0 -55 -55
24200 0 0 55 0 0 0 55 0 0 0 0 55 55 55 0 55 0 55 55
24200 0 0 -55 0 0 0 -55 0 0 0 0 55 55 55 0 55 0 -55 -55
24200 0 0 -55 0 0 0 -55 0 0 0 0 55 55 55 0 55 0 55 55
24200 0 0 -55 0 0 0 55 0 0 0 0 -55 55 55 0 55 0 -55 -55
24200 0 0 -55 0 0 0 55 0 0 0 0 -55 55 55 0 55 0 55 55
24200 0 0 55 0 0 0 -55 0 0 0 0 -55 55 55 0 55 0 -55 -55
24200 0 0 55 0 0 0 -55 0 0 0 0 -55 55 55 0 55 0 55 55
24200 0 0 -55 0 0 0 55 0 0 0 0 55 -55 55 0 55 0 -55 -55
24200 0 0 -55 0 0 0 55 0 0 0 0 55 -55 55 0 55 0 55 55
24200 0 0 55 0 0 0 -55 0 0 0 0 55 -55 55 0 55 0 -55 -55
24200 0 0 55 0 0 0 -55 0 0 0 0 55 -55 55 0 55 0 55 55
24200 0 0 55 0 0 0 55 0 0 0 0 -55 -55 55 0 55 0 -55 -55
24200 0 0 55 0 0 0 55 0 0 0 0 -55 -55 55 0 55 0 55 55
24200 0 0 -55 0 0 0 -55 0 0 0 0 -55 -55 55 0 55 0 -55 -55
24200 0 0 -55 0 0 0 -55 0 0 0 0 -55 -55 55 0 55 0 55 55
24200 0 0 -55 0 0 0 55 0 0 0 0 55 55 -55 0 55 0 -55 -55
24200 0 0 -55 0 0 0 55 0 0 0 0 55 55 -55 0 55 0 55 55
24200 0 0 55 0 0 0 -55 0 0 0 0 55 55 -55 0 55 0 -55 -55
24200 0 0 55 0 0 0 -55 0 0 0 0 55 55 -55 0 55 0 55 55
24200 0 0 55 0 0 0 55 0 0 0 0 -55 55 -55 0 55 0 -55 -55
24200 0 0 55 0 0 0 55 0 0 0 0 -55 55 -55 0 55 0 55 55
24200 0 0 -55 0 0 0 -55 0 0 0 0 -55 55 -55 0 55 0 -55 -55
24200 0 0 -55 0 0 0 -55 0 0 0 0 -55 55 -55 0 55 0 55 55
24200 0 0 55 0 0 0 55 0 0 0 0 55 -55 -55 0 55 0 -55 -55
24200 0 0 55 0 0 0 55 0 0 0 0 55 -55 -55 0 55 0 55 55
24200 0 0 -55 0 0 0 -55 0 0 0 0 55 -55 -55 0 55 0 -55 -55
24200 0 0 -55 0 0 0 -55 0 0 0 0 55 -55 -55 0 55 0 55 55
24200 0 0 -55 0 0 0 55 0 0 0 0 -55 -55 -55 0 55 0 -55 -55
24200 0 0 -55 0 0 0 55 0 0 0 0 -55 -55 -55 0 55 0 55 55
24200 0 0 55 0 0 0 -55 0 0 0 0 -55 -55 -55 0 55 0 -55 -55
24200 0 0 55 0 0 0 -55 0 0 0 0 -55 -55 -55 0 55 0 55 55
24200 0 0 -55 0 0 0 55 0 0 0 0 55 55 55 0 -55 0 -55 -55
24200 0 0 -55 0 0 0 55 0 0 0 0 55 55 55 0 -55 0 55 55
24200 0 0 55 0 0 0 -55 0 0 0 0 55 55 55 0 -55 0 -55 -55
24200 0 0 55 0 0 0 -55 0 0 0 0 55 55 55 0 -55 0 55 55
24200 0 0 55 0 0 0 55 0 0 0 0 -55 55 55 0 -55 0 -55 -55
24200 0 0 55 0 0 0 55 0 0 0 0 -55 55 55 0 -55 0 55 55
24200 0 0 -55 0 0 0 -55 0 0 0 0 -55 55 55 0 -55 0 -55 -55
24200 0 0 -55 0 0 0 -55 0 0 0 0 -55 55 55 0 -55 0 55 55
24200 0 0 55 0 0 0 55 0 0 0 0 55 -55 55 0 -55 0 -55 -55
24200 0 0 55 0 0 0 55 0 0 0 0 55 -55 55 0 -55 0 55 55
24200 0 0 -55 0 0 0 -55 0 0 0 0 55 -55 55 0 -55 0 -55 -55
24200 0 0 -55 0 0 0 -55 0 0 0 0 55 -55 55 0 -55 0 55 55
24200 0 0 -55 0 0 0 55 0 0 0 0 -55 -55 55 0 -55 0 -55 -55
24200 0 0 -55 0 0 0 55 0 0 0 0 -55 -55 55 0 -55 0 55 55
24200 0 0 55 0 0 0 -55 0 0 0 0 -55 -55 55 0 -55 0 -55 -55
24200 0 0 55 0 0 0 -55 0 0 0 0 -55 -55 55 0 -55 0 55 55
24200 0 0 55 0 0 0 55 0 0 0 0 55 55 -55 0 -55 0 -55 -55
24200 0 0 55 0 0 0 55 0 0 0 0 55 55 -55 0 -55 0 55 55
24200 0 0 -55 0 0 0 -55 0 0 0 0 55 55 -55 0 -55 0 -55 -55
24200 0 0 -55 0 0 0 -55 0 0 0 0 55 55 -55 0 -55 0 55 55
24200 0 0 -55 0 0 0 55 0 0 0 0 -55 55 -55 0 -55 0 -55 -55
24200 0 0 -55 0 0 0 55 0 0 0 0 -55 55 -55 0 -55 0 55 55
24200 0 0 55 0 0 0 -55 0 0 0 0 -55 55 -55 0 -55 0 -55 -55
24200 0 0 55 0 0 0 -55 0 0 0 0 -55 55 -55 0 -55 0 55 55
24200 0 0 -55 0 0 0 55 0 0 0 0 55 -55 -55 0 -55 0 -55 -55
24200 0 0 -55 0 0 0 55 0 0 0 0 55 -55 -55 0 -55 0 55 55
24200 0 0 55 0 0 0 -55 0 0 0 0 55 -55 -55 0 -55 0 -55 -55
24200 0 0 55 0 0 0 -55 0 0 0 0 55 -55 -55 0 -55 0 55 55
24200 0 0 55 0 0 0 55 0 0 0 0 -55 -55 -55 0 -55 0 -55 -55
24200 0 0 55 0 0 0 55 0 0 0 0 -55 -55 -55 0 -55 0 55 55
24200 0 0 -55 0 0 0 -55 0 0 0 0 -55 -55 -55 0 -55 0 -55 -55
24200 0 0 -55 0 0 0 -55 0 0 0 0 -55 -55 -55 0 -55 0 55 55
24200 -55 55 0 0 55 0 0 0 55 0 0 55 55 55 0 55 0 0 0
24200 55 -55 0 0 55 0 0 0 55 0 0 55 55 55 0 55 0 0 0
24200 55 55 0 0 -55 0 0 0 55 0 0 55 55 55 0 55 0 0 0
24200 -55 -55 0 0 -55 0 0 0 55 0 0 55 55 55 0 55 0 0 0
24200 55 55 0 0 55 0 0 0 -55 0 0 55 55 55 0 55 0 0 0
24200 -55 -55 0 0 55 0 0 0 -55 0 0 55 55 55 0 55 0 0 0
24200 -55 55 0 0 -55 0 0 0 -55 0 0 55 55 55 0 55 0 0 0
24200 55 -55 0 0 -55 0 0 0 -55 0 0 55 55 55 0 55 0 0 0
24200 55 55 0 0 55 0 0 0 55 0 0 -55 55 55 0 55 0 0 0
24200 -55 -55 0 0 55 0 0 0 55 0 0 -55 55 55 0 55 0 0 0
24200 -55 55 0 0 -55 0 0 0 55 0 0 -55 55 55 0 55 0 0 0
24200 55 -55 0 0 -55 0 0 0 55 0 0 -55 55 55 0 55 0 0 0
24200 -55 55 0 0 55 0 0 0 -55 0 0 -55 55 55 0 55 0 0 0
24200 55 -55 0 0 55 0 0 0 -55 0 0 -55 55 55 0 55 0 0 0
24200 55 55 0 0 -55 0 0 0 -55 0 0 -55 55 55 0 55 0 0 0
24200 -55 -55 0 0 -55 0 0 0 -55 0 0 -55 55 55 0 55 0 0 0
24200 55 55 0 0 55 0 0 0 55 0 0 55 -55 55 0 55 0 0 0
24200 -55 -55 0 0 55 0 0 0 55 0 0 55 -55 55 0 55 0 0 0
24200 -55 55 0 0 -55 0 0 0 55 0 0 55 -55 55 0 55 0 0 0
24200 55 -55 0 0 -55 0 0 0 55 0 0 55 -55 55 0 55 0 0 0
24200 -55 55 0 0 55 0 0 0 -55 0 0 55 -55 55 0 55 0 0 0
24200 55 -55 0 0 55 0 0 0 -55 0 0 55 -55 55 0 55 0 0 0
24200 55 55 0 0 -55 0 0 0 -55 0 0 55 -55 55 0 55 0 0 0
24200 -55 -55 0 0 -55 0 0 0 -55 0 0 55 -55 55 0 55 0 0 0
24200 -55 55 0 0 55 0 0 0 55 0 0 -55 -55 55 0 55 0 0 0
24200 55 -55 0 0 55 0 0 0 55 0 0 -55 -55 55 0 55 0 0 0
24200 55 55 0 0 -55 0 0 0 55 0 0 -55 -55 55 0 55 0 0 0
24200 -55 -55 0 0 -55 0 0 0 55 0 0 -55 -55 55 0 55 0 0 0
24200 55 55 0 0 55 0 0 0 -55 0 0 -55 -55 55 0 55 0 0 0
24200 -55 -55 0 0 55 0 0 0 -55 0 0 -55 -55 55 0 55 0 0 0
24200 -55 55 0 0 -55 0 0 0 -55 0 0 -55 -55 55 0 55 0 0 0
24200 55 -55 0 0 -55 0 0 0 -55 0 0 -55 -55 55 0 55 0 0 0
24200 55 55 0 0 55 0 0 0 55 0 0 55 55 -55 0 55 0 0 0
24200 -55 -55 0 0 55 0 0 0 55 0 0 55 55 -55 0 55 0 0 0
24200 -55 55 0 0 -55 0 0 0 55 0 0 55 55 -55 0 55 0 0 0
24200 55 -55 0 0 -55 0 0 0 55 0 0 55 55 -55 0 55 0 0 0
24200 -55 55 0 0 55 0 0 0 -55 0 0 55 55 -55 0 55 0 0 0
24200 55 -55 0 0 55 0 0 0 -55 0 0 55 55 -55 0 55 0 0 0
24200 55 55 0 0 -55 0 0 0 -55 0 0 55 55 -55 0 55 0 0 0
24200 -55 -55 0 0 -55 0 0 0 -55 0 0 55 55 -55 0 55 0 0 0
24200 -55 55 0 0 55 0 0 0 55 0 0 -55 55 -55 0 55 0 0 0
24200 55 -55 0 0 55 0 0 0 55 0 0 -55 55 -55 0 55 0 0 0
24200 55 55 0 0 -55 0 0 0 55 0 0 -55 55 -55 0 55 0 0 0
24200 -55 -55 0 0 -55 0 0 0 55 0 0 -55 55 -55 0 55 0 0 0
24200 55 55 0 0 55 0 0 0 -55 0 0 -55 55 -55 0 55 0 0 0
24200 -55 -55 0 0 55 0 0 0 -55 0 0 -55 55 -55 0 55 0 0 0
24200 -55 55 0 0 -55 0 0 0 -55 0 0 -55 55 -55 0 55 0 0 0
24200 55 -55 0 0 -55 0 0 0 -55 0 0 -55 55 -55 0 55 0 0 0
24200 -55 55 0 0 55 0 0 0 55 0 0 55 -55 -55 0 55 0 0 0
24200 55 -55 0 0 55 0 0 0 55 0 0 55 -55 -55 0 55 0 0 0
24200 55 55 0 0 -55 0 0 0 55 0 0 55 -55 -55 0 55 0 0 0
24200 -55 -55 0 0 -55 0 0 0 55 0 0 55 -55 -55 0 55 0 0 0
24200 55 55 0 0 55 0 0 0 -55 0 0 55 -55 -55 0 55 0 0 0
24200 -55 -55 0 0 55 0 0 0 -55 0 0 55 -55 -55 0 55 0 0 0
24200 -55 55 0 0 -55 0 0 0 -55 0 0 55 -55 -55 0 55 0 0 0
24200 55 -55 0 0 -55 0 0 0 -55 0 0 55 -55 -55 0 55 0 0 0
24200 55 55 0 0 55 0 0 0 55 0 0 -55 -55 -55 0 55 0 0 0
24200 -55 -55 0 0 55 0 0 0 55 0 0 -55 -55 -55 0 55 0 0 0
24200 -55 55 0 0 -55 0 0 0 55 0 0 -55 -55 -55 0 55 0 0 0
24200 55 -55 0 0 -55 0 0 0 55 0 0 -55 -55 -55 0 55 0 0 0
24200 -55 55 0 0 55 0 0 0 -55 0 0 -55 -55 -55 0 55 0 0 0
24200 55 -55 0 0 55 0 0 0 -55 0 0 -55 -55 -55 0 55 0 0 0
24200 55 55 0 0 -55 0 0 0 -55 0 0 -55 -55 -55 0 55 0 0 0
24200 -55 -55 0 0 -55 0 0 0 -55 0 0 -55 -55 -55 0 55 0 0 0
24200 55 55 0 0 55 0 0 0 55 0 0 55 55 55 0 -55 0 0 0
24200 -55 -55 0 0 55 0 0 0 55 0 0 55 55 55 0 -55 0 0 0
24200 -55 55 0 0 -55 0 0 0 55 0 0 55 55 55 0 -55 0 0 0
24200 55 -55 0 0 -55 0 0 0 55 0 0 55 55 55 0 -55 0 0 0
24200 -55 55 0 0 55 0 0 0 -55 0 0 55 55 55 0 -55 0 0 0
24200 55 -55 0 0 55 0 0 0 -55 0 0 55 55 55 0 -55 0 0 0
24200 55 55 0 0 -55 0 0 0 -55 0 0 55 55 55 0 -55 0 0 0
24200 -55 -55 0 0 -55 0 0 0 -55 0 0 55 55 55 0 -55 0 0 0
24200 -55 55 0 0 55 0 0 0 55 0 0 -55 55 55 0 -55 0 0 0
24200 55 -55 0 0 55 0 0 0 55 0 0 -55 55 55 0 -55 0 0 0
24200 55 55 0 0 -55 0 0 0 55 0 0 -55 55 55 0 -55 0 0 0
24200 -55 -55 0 0 -55 0 0 0 55 0 0 -55 55 55 0 -55 0 0 0
24200 55 55 0 0 55 0 0 0 -55 0 0 -55 55 55 0 -55 0 0 0
24200 -55 -55 0 0 55 0 0 0 -55 0 0 -55 55 55 0 -55 0 0 0
24200 -55 55 0 0 -55 0 0 0 -55 0 0 -55 55 55 0 -55 0 0 0
24200 55 -55 0 0 -55 0 0 0 -55 0 0 -55 55 55 0 -55 0 0 0
24200 -55 55 0 0 55 0 0 0 55 0 0 55 -55 55 0 -55 0 0 0
24200 55 -55 0 0 55 0 0 0 55 0 0 55 -55 55 0 -55 0 0 0
24200 55 55 0 0 -55 0 0 0 55 0 0 55 -55 55 0 -55 0 0 0
24200 -55 -55 0 0 -55 0 0 0 55 0 0 55 -55 55 0 -55 0 0 0
24200 55 55 0 0 55 0 0 0 -55 0 0 55 -55 55 0 -55 0 0 0
24200 -55 -55 0 0 55 0 0 0 -55 0 0 55 -55 55 0 -55 0 0 0
24200 -55 55 0 0 -55 0 0 0 -55 0 0 55 -55 55 0 -55 0 0 0
24200 55 -55 0 0 -55 0 0 0 -55 0 0 55 -55 55 0 -55 0 0 0
24200 55 55 0 0 55 0 0 0 55 0 0 -55 -55 55 0 -55 0 0 0
24200 -55 -55 0 0 55 0 0 0 55 0 0 -55 -55 55 0 -55 0 0 0
24200 -55 55 0 0 -55 0 0 0 55 0 0 -55 -55 55 0 -55 0 0 0
24200 55 -55 0 0 -55 0 0 0 55 0 0 -55 -55 55 0 -55 0 0 0
24200 -55 55 0 0 55 0 0 0 -55 0 0 -55 -55 55 0 -55 0 0 0
24200 55 -55 0 0 55 0 0 0 -55 0 0 -55 -55 55 0 -55 0 0 0
24200 55 55 0 0 -55 0 0 0 -55 0 0 -55 -55 55 0 -55 0 0 0
24200 -55 -55 0 0 -55 0 0 0 -55 0 0 -55 -55 55 0 -55 0 0 0
24200 -55 55 0 0 55 0 0 0 55 0 0 55 55 -55 0 -55 0 0 0
24200 55 -55 0 0 55 0 0 0 55 0 0 55 55 -55 0 -55 0 0 0
24200 55 55 0 0 -55 0 0 0 55 0 0 55 55 -55 0 -55 0 0 0
24200 -55 -55 0 0 -55 0 0 0 55 0 0 55 55 -55 0 -55 0 0 0
24200 55 55 0 0 55 0 0 0 -55 0 0 55 55 -55 0 -55 0 0 0
24200 -55 -55 0 0 55 0 0 0 -55 0 0 55 55 -55 0 -55 0 0 0
24200 -55 55 0 0 -55 0 0 0 -55 0 0 55 55 -55 0 -55 0 0 0
24200 55 -55 0 0 -55 0 0 0 -55 0 0 55 55 -55 0 -55 0 0 0
24200 55 55 0 0 55 0 0 0 55 0 0 -55 55 -55 0 -55 0 0 0
24200 -55 -55 0 0 55 0 0 0 55 0 0 -55 55 -55 0 -55 0 0 0
24200 -55 55 0 0 -55 0 0 0 55 0 0 -55 55 -55 0 -55 0 0 0
24200 55 -55 0 0 -55 0 0 0 55 0 0 -55 55 -55 0 -55 0 0 0
24200 -55 55 0 0 55 0 0 0 -55 0 0 -55 55 -55 0 -55 0 0 0
24200 55 -55 0 0 55 0 0 0 -55 0 0 -55 55 -55 0 -55 0 0 0
24200 55 55 0 0 -55 0 0 0 -55 0 0 -55 55 -55 0 -55 0 0 0
24200 -55 -55 0 0 -55 0 0 0 -55 0 0 -55 55 -55 0 -55 0 0 0
24200 55 55 0 0 55 0 0 0 55 0 0 55 -55 -55 0 -55 0 0 0
24200 -55 -55 0 0 55 0 0 0 55 0 0 55 -55 -55 0 -55 0 0 0
24200 -55 55 0 0 -55 0 0 0 55 0 0 55 -55 -55 0 -55 0 0 0
24200 55 -55 0 0 -55 0 0 0 55 0 0 55 -55 -55 0 -55 0 0 0
24200 -55 55 0 0 55 0 0 0 -55 0 0 55 -55 -55 0 -55 0 0 0
24200 55 -55 0 0 55 0 0 0 -55 0 0 55 -55 -55 0 -55 0 0 0
24200 55 55 0 0 -55 0 0 0 -55 0 0 55 -55 -55 0 -55 0 0 0
24200 -55 -55 0 0 -55 0 0 0 -55 0 0 55 -55 -55 0 -55 0 0 0
24200 -55 55 0 0 55 0 0 0 55 0 0 -55 -55 -55 0 -55 0 0 0
24200 55 -55 0 0 55 0 0 0 55 0 0 -55 -55 -55 0 -55 0 0 0
24200 55 55 0 0 -55 0 0 0 55 0 0 -55 -55 -55 0 -55 0 0 0
24200 -55 -55 0 0 -55 0 0 0 55 0 0 -55 -55 -55 0 -55 0 0 0
24200 55 55 0 0 55 0 0 0 -55 0 0 -55 -55 -55 0 -55 0 0 0
24200 -55 -55 0 0 55 0 0 0 -55 0 0 -55 -55 -55 0 -55 0 0 0
24200 -55 55 0 0 -55 0 0 0 -55 0 0 -55 -55 -55 0 -55 0 0 0
24200 55 -55 0 0 -55 0 0 0 -55 0 0 -55 -55 -55 0 -55 0 0 0
24200 0 0 55 0 55 0 55 55 0 0 0 0 0 0 55 55 -55 0 55
24200 0 0 -55 0 -55 0 55 55 0 0 0 0 0 0 55 55 -55 0 55
24200 0 0 55 0 55 0 55 55 0 0 0 0 0 0 55 55 55 0 -55
24200 0 0 -55 0 -55 0 55 55 0 0 0 0 0 0 55 55 55 0 -55
24200 0 0 -55 0 55 0 -55 55 0 0 0 0 0 0 55 55 -55 0 55
24200 0 0 55 0 -55 0 -55 55 0 0 0 0 0 0 55 55 -55 0 55
24200 0 0 -55 0 55 0 -55 55 0 0 0 0 0 0 55 55 55 0 -55
24200 0 0 55 0 -55 0 -55 55 0 0 0 0 0 0 55 55 55 0 -55
24200 0 0 -55 0 55 0 55 -55 0 0 0 0 0 0 55 55 -55 0 55
24200 0 0 55 0 -55 0 55 -55 0 0 0 0 0 0 55 55 -55 0 55
24200 0 0 -55 0 55 0 55 -55 0 0 0 0 0 0 55 55 55 0 -55
24200 0 0 55 0 -55 0 55 -55 0 0 0 0 0 0 55 55 55 0 -55
24200 0 0 55 0 55 0 -55 -55 0 0 0 0 0 0 55 55 -55 0 55
24200 0 0 -55 0 -55 0 -55 -55 0 0 0 0 0 0 55 55 -55 0 55
24200 0 0 55 0 55 0 -55 -55 0 0 0 0 0 0 55 55 55 0 -55
24200 0 0 -55 0 -55 0 -55 -55 0 0 0 0 0 0 55 55 55 0 -55
24200 0 0 -55 0 55 0 55 55 0 0 0 0 0 0 -55 55 -55 0 55
24200 0 0 55 0 -55 0 55 55 0 0 0 0 0 0 -55 55 -55 0 55
24200 0 0 -55 0 55 0 55 55 0 0 0 0 0 0 -55 55 55 0 -55
24200 0 0 55 0 -55 0 55 55 0 0 0 0 0 0 -55 55 55 0 -55
24200 0 0 55 0 55 0 -55 55 0 0 0 0 0 0 -55 55 -55 0 55
24200 0 0 -55 0 -55 0 -55 55 0 0 0 0 0 0 -55 55 -55 0 55
24200 0 0 55 0 55 0 -55 55 0 0 0 0 0 0 -55 55 55 0 -55
24200 0 0 -55 0 -55 0 -55 55 0 0 0 0 0 0 -55 55 55 0 -55
24200 0 0 55 0 55 0 55 -55 0 0 0 0 0 0 -55 55 -55 0 55
24200 0 0 -55 0 -55 0 55 -55 0 0 0 0 0 0 -55 55 -55 0 55
24200 0 0 55 0 55 0 55 -55 0 0 0 0 0 0 -55 55 55 0 -55
24200 0 0 -55 0 -55 0 55 -55 0 0 0 0 0 0 -55 55 55 0 -55
24200 0 0 -55 0 55 0 -55 -55 0 0 0 0 0 0 -55 55 -55 0 55
24200 0 0 55 0 -55 0 -55 -55 0 0 0 0 0 0 -55 55 -55 0 55
24200 0 0 -55 0 55 0 -55 -55 0 0 0 0 0 0 -55 55 55 0 -55
24200 0 0 55 0 -55 0 -55 -55 0 0 0 0 0 0 -55 55 55 0 -55
24200 0 0 -55 0 55 0 55 55 0 0 0 0 0 0 55 -55 -55 0 55
24200 0 0 55 0 -55 0 55 55 0 0 0 0 0 0 55 -55 -55 0 55
24200 0 0 -55 0 55 0 55 55 0 0 0 0 0 0 55 -55 55 0 -55
24200 0 0 55 0 -55 0 55 55 0 0 0 0 0 0 55 -55 55 0 -55
24200 0 0 55 0 55 0 -55 55 0 0 0 0 0 0 55 -55 -55 0 55
24200 0 0 -55 0 -55 0 -55 55 0 0 0 0 0 0 55 -55 -55 0 55
24200 0 0 55 0 55 0 -55 55 0 0 0 0 0 0 55 -55 55 0 -55
24200 0 0 -55 0 -55 0 -55 55 0 0 0 0 0 0 55 -55 55 0 -55
24200 0 0 55 0 55 0 55 -55 0 0 0 0 0 0 55 -55 -55 0 55
24200 0 0 -55 0 -55 0 55 -55 0 0 0 0 0 0 55 -55 -55 0 55
24200 0 0 55 0 55 0 55 -55 0 0 0 0 0 0 55 -55 55 0 -55
24200 0 0 -55 0 -55 0 55 -55 0 0 0 0 0 0 55 -55 55 0 -55
24200 0 0 -55 0 55 0 -55 -55 0 0 0 0 0 0 55 -55 -55 0 55
24200 0 0 55 0 -55 0 -55 -55 0 0 0 0 0 0 55 -55 -55 0 55
24200 0 0 -55 0 55 0 -55 -55 0 0 0 0 0 0 55 -55 55 0 -55
24200 0 0 55 0 -55 0 -55 -55 0 0 0 0 0 0 55 -55 55 0 -55
24200 0 0 55 0 55 0 55 55 0 0 0 0 0 0 -55 -55 -55 0 55
24200 0 0 -55 0 -55 0 55 55 0 0 0 0 0 0 -55 -55 -55 0 55
24200 0 0 55 0 55 0 55 55 0 0 0 0 0 0 -55 -55 55 0 -55
24200 0 0 -55 0 -55 0 55 55 0 0 0 0 0 0 -55 -55 55 0 -55
24200 0 0 -55 0 55 0 -55 55 0 0 0 0 0 0 -55 -55 -55 0 55
24200 0 0 55 0 -55 0 -55 55 0 0 0 0 0 0 -55 -55 -55 0 55
24200 0 0 -55 0 55 0 -55 55 0 0 0 0 0 0 -55 -55 55 0 -55
24200 0 0 55 0 -55 0 -55 55 0 0 0 0 0 0 -55 -55 55 0 -55
24200 0 0 -55 0 55 0 55 -55 0 0 0 0 0 0 -55 -55 -55 0 55
24200 0 0 55 0 -55 0 55 -55 0 0 0 0 0 0 -55 -55 -55 0 55
24200 0 0 -55 0 55 0 55 -55 0 0 0 0 0 0 -55 -55 55 0 -55
24200 0 0 55 0 -55 0 55 -55 0 0 0 0 0 0 -55 -55 55 0 -55
24200 0 0 55 0 55 0 -55 -55 0 0 0 0 0 0 -55 -55 -55 0 55
24200 0 0 -55 0 -55 0 -55 -55 0 0 0 0 0 0 -55 -55 -55 0 55
24200 0 0 55 0 55 0 -55 -55 0 0 0 0 0 0 -55 -55 55 0 -55
24200 0 0 -55 0 -55 0 -55 -55 0 0 0 0 0 0 -55 -55 55 0 -55
24200 55 55 0 0 0 0 0 55 55 0 0 0 0 0 55 55 -55 -55 0
24200 -55 -55 0 0 0 0 0 55 55 0 0 0 0 0 55 55 -55 -55 0
24200 55 55 0 0 0 0 0 55 55 0 0 0 0 0 55 55 55 55 0
24200 -55 -55 0 0 0 0 0 55 55 0 0 0 0 0 55 55 55 55 0
24200 -55 55 0 0 0 0 0 -55 55 0 0 0 0 0 55 55 -55 -55 0
24200 55 -55 0 0 0 0 0 -55 55 0 0 0 0 0 55 55 -55 -55 0
24200 -55 55 0 0 0 0 0 -55 55 0 0 0 0 0 55 55 55 55 0
24200 55 -55 0 0 0 0 0 -55 55 0 0 0 0 0 55 55 55 55 0
24200 -55 55 0 0 0 0 0 55 -55 0 0 0 0 0 55 55 -55 -55 0
24200 55 -55 0 0 0 0 0 55 -55 0 0 0 0 0 55 55 -55 -55 0
24200 -55 55 0 0 0 0 0 55 -55 0 0 0 0 0 55 55 55 55 0
24200 55 -55 0 0 0 0 0 55 -55 0 0 0 0 0 55 55 55 55 0
24200 55 55 0 0 0 0 0 -55 -55 0 0 0 0 0 55 55 -55 -55 0
24200 -55 -55 0 0 0 0 0 -55 -55 0 0 0 0 0 55 55 -55 -55 0
24200 55 55 0 0 0 0 0 -55 -55 0 0 0 0 0 55 55 55 55 0
24200 -55 -55 0 0 0 0 0 -55 -55 0 0 0 0 0 55 55 55 55 0
24200 -55 55 0 0 0 0 0 55 55 0 0 0 0 0 -55 55 -55 -55 0
24200 55 -55 0 0 0 0 0 55 55 0 0 0 0 0 -55 55 -55 -55 0
24200 -55 55 0 0 0 0 0 55 55 0 0 0 0 0 -55 55 55 55 0
24200 55 -55 0 0 0 0 0 55 55 0 0 0 0 0 -55 55 55 55 0
24200 55 55 0 0 0 0 0 -55 55 0 0 0 0 0 -55 55 -55 -55 0
24200 -55 -55 0 0 0 0 0 -55 55 0 0 0 0 0 -55 55 -55 -55 0
24200 55 55 0 0 0 0 0 -55 55 0 0 0 0 0 -55 55 55 55 0
24200 -55 -55 0 0 0 0 0 -55 55 0 0 0 0 0 -55 55 55 55 0
24200 55 55 0 0 0 0 0 55 -55 0 0 0 0 0 -55 55 -55 -55 0
24200 -55 -55 0 0 0 0 0 55 -55 0 0 0 0 0 -55 55 -55 -55 0
24200 55 55 0 0 0 0 0 55 -55 0 0 0 0 0 -55 55 55 55 0
24200 -55 -55 0 0 0 0 0 55 -55 0 0 0 0 0 -55 55 55 55 0
24200 -55 55 0 0 0 0 0 -55 -55 0 0 0 0 0 -55 55 -55 -55 0
24200 55 -55 0 0 0 0 0 -55 -55 0 0 0 0 0 -55 55 -55 -55 0
24200 -55 55 0 0 0 0 0 -55 -55 0 0 0 0 0 -55 55 55 55 0
24200 55 -55 0 0 0 0 0 -55 -55 0 0 0 0 0 -55 55 55 55 0
24200 -55 55 0 0 0 0 0 55 55 0 0 0 0 0 55 -55 -55 -55 0
24200 55 -55 0 0 0 0 0 55 55 0 0 0 0 0 55 -55 -55 -55 0
24200 -55 55 0 0 0 0 0 55 55 0 0 0 0 0 55 -55 55 55 0
24200 55 -55 0 0 0 0 0 55 55 0 0 0 0 0 55 -55 55 55 0
24200 55 55 0 0 0 0 0 -55 55 0 0 0 0 0 55 -55 -55 -55 0
24200 -55 -55 0 0 0 0 0 -55 55 0 0 0 0 0 55 -55 -55 -55 0
24200 55 55 0 0 0 0 0 -55 55 0 0 0 0 0 55 -55 55 55 0
24200 -55 -55 0 0 0 0 0 -55 55 0 0 0 0 0 55 -55 55 55 0
24200 55 55 0 0 0 0 0 55 -55 0 0 0 0 0 55 -55 -55 -55 0
24200 -55 -55 0 0 0 0 0 55 -55 0 0 0 0 0 55 -55 -55 -55 0
24200 55 55 0 0 0 0 0 55 -55 0 0 0 0 0 55 -55 55 55 0
24200 -55 -55 0 0 0 0 0 55 -55 0 0 0 0 0 55 -55 55 55 0
24200 -55 55 0 0 0 0 0 -55 -55 0 0 0 0 0 55 -55 -55 -55 0
24200 55 -55 0 0 0 0 0 -55 -55 0 0 0 0 0 55 -55 -55 -55 0
24200 -55 55 0 0 0 0 0 -55 -55 0 0 0 0 0 55 -55 55 55 0
24200 55 -55 0 0 0 0 0 -55 -55 0 0 0 0 0 55 -55 55 55 0
24200 55 55 0 0 0 0 0 55 55 0 0 0 0 0 -55 -55 -55 -55 0
24200 -55 -55 0 0 0 0 0 55 55 0 0 0 0 0 -55 -55 -55 -55 0
24200 55 55 0 0 0 0 0 55 55 0 0 0 0 0 -55 -55 55 55 0
24200 -55 -55 0 0 0 0 0 55 55 0 0 0 0 0 -55 -55 55 55 0
24200 -55 55 0 0 0 0 0 -55 55 0 0 0 0 0 -55 -55 -55 -55 0
24200 55 -55 0 0 0 0 0 -55 55 0 0 0 0 0 -55 -55 -55 -55 0
24200 -55 55 0 0 0 0 0 -55 55 0 0 0 0 0 -55 -55 55 55 0
24200 55 -55 0 0 0 0 0 -55 55 0 0 0 0 0 -55 -55 55 55 0
24200 -55 55 0 0 0 0 0 55 -55 0 0 0 0 0 -55 -55 -55 -55 0
24200 55 -55 0 0 0 0 0 55 -55 0 0 0 0 0 -55 -55 -55 -55 0
24200 -55 55 0 0 0 0 0 55 -55 0 0 0 0 0 -55 -55 55 55 0
24200 55 -55 0 0 0 0 0 55 -55 0 0 0 0 0 -55 -55 55 55 0
24200 55 55 0 0 0 0 0 -55 -55 0 0 0 0 0 -55 -55 -55 -55 0
24200 -55 -55 0 0 0 0 0 -55 -55 0 0 0 0 0 -55 -55 -55 -55 0
24200 55 55 0 0 0 0 0 -55 -55 0 0 0 0 0 -55 -55 55 55 0
24200 -55 -55 0 0 0 0 0 -55 -55 0 0 0 0 0 -55 -55 55 55 0
24200 -55 55 0 55 55 0 55 0 0 55 0 0 0 0 55 55 0 0 0
24200 55 -55 0 55 55 0 55 0 0 55 0 0 0 0 55 55 0 0 0
24200 55 55 0 -55 55 0 55 0 0 55 0 0 0 0 55 55 0 0 0
24200 -55 -55 0 -55 55 0 55 0 0 55 0 0 0 0 55 55 0 0 0
24200 55 55 0 55 -55 0 55 0 0 55 0 0 0 0 55 55 0 0 0
24200 -55 -55 0 55 -55 0 55 0 0 55 0 0 0 0 55 55 0 0 0
24200 -55 55 0 -55 -55 0 55 0 0 55 0 0 0 0 55 55 0 0 0
24200 55 -55 0 -55 -55 0 55 0 0 55 0 0 0 0 55 55 0 0 0
24200 55 55 0 55 55 0 -55 0 0 55 0 0 0 0 55 55 0 0 0
24200 -55 -55 0 55 55 0 -55 0 0 55 0 0 0 0 55 55 0 0 0
24200 -55 55 0 -55 55 0 -55 0 0 55 0 0 0 0 55 55 0 0 0
24200 55 -55 0 -55 55 0 -55 0 0 55 0 0 0 0 55 55 0 0 0
24200 -55 55 0 55 -55 0 -55 0 0 55 0 0 0 0 55 55 0 0 0
24200 55 -55 0 55 -55 0 -55 0 0 55 0 0 0 0 55 55 0 0 0
24200 55 55 0 -55 -55 0 -55 0 0 55 0 0 0 0 55 55 0 0 0
24200 -55 -55 0 -55 -55 0 -55 0 0 55 0 0 0 0 55 55 0 0 0
24200 55 55 0 55 55 0 55 0 0 -55 0 0 0 0 55 55 0 0 0
24200 -55 -55 0 55 55 0 55 0 0 -55 0 0 0 0 55 55 0 0 0
24200 -55 55 0 -55 55 0 55 0 0 -55 0 0 0 0 55 55 0 0 0
24200 55 -55 0 -55 55 0 55 0 0 -55 0 0 0 0 55 55 0 0 0
24200 -55 55 0 55 -55 0 55 0 0 -55 0 0 0 0 55 55 0 0 0
24200 55 -55 0 55 -55 0 55 0 0 -55 0 0 0 0 55 55 0 0 0
24200 55 55 0 -55 -55 0 55 0 0 -55 0 0 0 0 55 55 0 0 0
24200 -55 -55 0 -55 -55 0 55 0 0 -55 0 0 0 0 55 55 0 0 0
24200 -55 55 0 55 55 0 -55 0 0 -55 0 0 0 0 55 55 0 0 0
24200 55 -55 0 55 55 0 -55 0 0 -55 0 0 0 0 55 55 0 0 0
24200 55 55 0 -55 55 0 -55 0 0 -55 0 0 0 0 55 55 0 0 0
24200 -55 -55 0 -55 55 0 -55 0 0 -55 0 0 0 0 55 55 0 0 0
24200 55 55 0 55 -55 0 -55 0 0 -55 0 0 0 0 55 55 0 0 0
24200 -55 -55 0 55 -55 0 -55 0 0 -55 0 0 0 0 55 55 0 0 0
24200 -55 55 0 -55 -55 0 -55 0 0 -55 0 0 0 0 55 55 0 0 0
24200 55 -55 0 -55 -55 0 -55 0 0 -55 0 0 0 0 55 55 0 0 0
24200 55 55 0 55 55 0 55 0 0 55 0 0 0 0 -55 55 0 0 0
24200 -55 -55 0 55 55 0 55 0 0 55 0 0 0 0 -55 55 0 0 0
24200 -55 55 0 -55 55 0 55 0 0 55 0 0 0 0 -55 55 0 0 0
24200 55 -55 0 -55 55 0 55 0 0 55 0 0 0 0 -55 55 0 0 0
24200 -55 55 0 55 -55 0 55 0 0 55 0 0 0 0 -55 55 0 0 0
24200 55 -55 0 55 -55 0 55 0 0 55 0 0 0 0 -55 55 0 0 0
24200 55 55 0 -55 -55 0 55 0 0 55 0 0 0 0 -55 55 0 0 0
24200 -55 -55 0 -55 -55 0 55 0 0 55 0 0 0 0 -55 55 0 0 0
24200 -55 55 0 55 55 0 -55 0 0 55 0 0 0 0 -55 55 0 0 0
24200 55 -55 0 55 55 0 -55 0 0 55 0 0 0 0 -55 55 0 0 0
24200 55 55 0 -55 55 0 -55 0 0 55 0 0 0 0 -55 55 0 0 0
24200 -55 -55 0 -55 55 0 -55 0 0 55 0 0 0 0 -55 55 0 0 0
24200 55 55 0 55 -55 0 -55 0 0 55 0 0 0 0 -55 55 0 0 0
24200 -55 -55 0 55 -55 0 -55 0 0 55 0 0 0 0 -55 55 0 0 0
24200 -55 55 0 -55 -55 0 -55 0 0 55 0 0 0 0 -55 55 0 0 0
24200 55 -55 0 -55 -55 0 -55 0 0 55 0 0 0 0 -55 55 0 0 0
24200 -55 55 0 55 55 0 55 0 0 -55 0 0 0 0 -55 55 0 0 0
24200 55 -55 0 55 55 0 55 0 0 -55 0 0 0 0 -55 55 0 0 0
24200 55 55 0 -55 55 0 55 0 0 -55 0 0 0 0 -55 55 0 0 0
24200 -55 -55 0 -55 55 0 55 0 0 -55 0 0 0 0 -55 55 0 0 0
24200 55 55 0 55 -55 0 55 0 0 -55 0 0 0 0 -55 55 0 0 0
24200 -55 -55 0 55 -55 0 55 0 0 -55 0 0 0 0 -55 55 0 0 0
24200 -55 55 0 -55 -55 0 55 0 0 -55 0 0 0 0 -55 55 0 0 0
24200 55 -55 0 -55 -55 0 55 0 0 -55 0 0 0 0 -55 55 0 0 0
24200 55 55 0 55 55 0 -55 0 0 -55 0 0 0 0 -55 55 0 0 0
24200 -55 -55 0 55 55 0 -55 0 0 -55 0 0 0 0 -55 55 0 0 0
24200 -55 55 0 -55 55 0 -55 0 0 -55 0 0 0 0 -55 55 0 0 0
24200 55 -55 0 -55 55 0 -55 0 0 -55 0 0 0 0 -55 55 0 0 0
24200 -55 55 0 55 -55 0 -55 0 0 -55 0 0 0 0 -55 55 0 0 0
24200 55 -55 0 55 -55 0 -55 0 0 -55 0 0 0 0 -55 55 0 0 0
24200 55 55 0 -55 -55 0 -55 0 0 -55 0 0 0 0 -55 55 0 0 0
24200 -55 -55 0 -55 -55 0 -55 0 0 -55 0 0 0 0 -55 55 0 0 0
24200 55 55 0 55 55 0 55 0 0 55 0 0 0 0 55 -55 0 0 0
24200 -55 -55 0 55 55 0 55 0 0 55 0 0 0 0 55 -55 0 0 0
24200 -55 55 0 -55 55 0 55 0 0 55 0 0 0 0 55 -55 0 0 0
24200 55 -55 0 -55 55 0 55 0 0 55 0 0 0 0 55 -55 0 0 0
24200 -55 55 0 55 -55 0 55 0 0 55 0 0 0 0 55 -55 0 0 0
24200 55 -55 0 55 -55 0 55 0 0 55 0 0 0 0 55 -55 0 0 0
24200 55 55 0 -55 -55 0 55 0 0 55 0 0 0 0 55 -55 0 0 0
24200 -55 -55 0 -55 -55 0 55 0 0 55 0 0 0 0 55 -55 0 0 0
24200 -55 55 0 55 55 0 -55 0 0 55 0 0 0 0 55 -55 0 0 0
24200 55 -55 0 55 55 0 -55 0 0 55 0 0 0 0 55 -55 0 0 0
24200 55 55 0 -55 55 0 -55 0 0 55 0 0 0 0 55 -55 0 0 0
24200 -55 -55 0 -55 55 0 -55 0 0 55 0 0 0 0 55 -55 0 0 0
24200 55 55 0 55 -55 0 -55 0 0 55 0 0 0 0 55 -55 0 0 0
24200 -55 -55 0 55 -55 0 -55 0 0 55 0 0 0 0 55 -55 0 0 0
24200 -55 55 0 -55 -55 0 -55 0 0 55 0 0 0 0 55 -55 0 0 0
24200 55 -55 0 -55 -55 0 -55 0 0 55 0 0 0 0 55 -55 0 0 0
24200 -55 55 0 55 55 0 55 0 0 -55 0 0 0 0 55 -55 0 0 0
24200 55 -55 0 55 55 0 55 0 0 -55 0 0 0 0 55 -55 0 0 0
24200 55 55 0 -55 55 0 55 0 0 -55 0 0 0 0 55 -55 0 0 0
24200 -55 -55 0 -55 55 0 55 0 0 -55 0 0 0 0 55 -55 0 0 0
24200 55 55 0 55 -55 0 55 0 0 -55 0 0 0 0 55 -55 0 0 0
24200 -55 -55 0 55 -55 0 55 0 0 -55 0 0 0 0 55 -55 0 0 0
24200 -55 55 0 -55 -55 0 55 0 0 -55 0 0 0 0 55 -55 0 0 0
24200 55 -55 0 -55 -55 0 55 0 0 -55 0 0 0 0 55 -55 0 0 0
24200 55 55 0 55 55 0 -55 0 0 -55 0 0 0 0 55 -55 0 0 0
24200 -55 -55 0 55 55 0 -55 0 0 -55 0 0 0 0 55 -55 0 0 0
24200 -55 55 0 -55 55 0 -55 0 0 -55 0 0 0 0 55 -55 0 0 0
24200 55 -55 0 -55 55 0 -55 0 0 -55 0 0 0 0 55 -55 0 0 0
24200 -55 55 0 55 -55 0 -55 0 0 -55 0 0 0 0 55 -55 0 0 0
24200 55 -55 0 55 -55 0 -55 0 0 -55 0 0 0 0 55 -55 0 0 0
24200 55 55 0 -55 -55 0 -55 0 0 -55 0 0 0 0 55 -55 0 0 0
24200 -55 -55 0 -55 -55 0 -55 0 0 -55 0 0 0 0 55 -55 0 0 0
24200 -55 55 0 55 55 0 55 0 0 55 0 0 0 0 -55 -55 0 0 0
24200 55 -55 0 55 55 0 55 0 0 55 0 0 0 0 -55 -55 0 0 0
24200 55 55 0 -55 55 0 55 0 0 55 0 0 0 0 -55 -55 0 0 0
24200 -55 -55 0 -55 55 0 55 0 0 55 0 0 0 0 -55 -55 0 0 0
24200 55 55 0 55 -55 0 55 0 0 55 0 0 0 0 -55 -55 0 0 0
24200 -55 -55 0 55 -55 0 55 0 0 55 0 0 0 0 -55 -55 0 0 0
24200 -55 55 0 -55 -55 0 55 0 0 55 0 0 0 0 -55 -55 0 0 0
24200 55 -55 0 -55 -55 0 55 0 0 55 0 0 0 0 -55 -55 0 0 0
24200 55 55 0 55 55 0 -55 0 0 55 0 0 0 0 -55 -55 0 0 0
24200 -55 -55 0 55 55 0 -55 0 0 55 0 0 0 0 -55 -55 0 0 0
24200 -55 55 0 -55 55 0 -55 0 0 55 0 0 0 0 -55 -55 0 0 0
24200 55 -55 0 -55 55 0 -55 0 0 55 0 0 0 0 -55 -55 0 0 0
24200 -55 55 0 55 -55 0 -55 0 0 55 0 0 0 0 -55 -55 0 0 0
24200 55 -55 0 55 -55 0 -55 0 0 55 0 0 0 0 -55 -55 0 0 0
24200 55 55 0 -55 -55 0 -55 0 0 55 0 0 0 0 -55 -55 0 0 0
24200 -55 -55 0 -55 -55 0 -55 0 0 55 0 0 0 0 -55 -55 0 0 0
24200 55 55 0 55 55 0 55 0 0 -55 0 0 0 0 -55 -55 0 0 0
24200 -55 -55 0 55 55 0 55 0 0 -55 0 0 0 0 -55 -55 0 0 0
24200 -55 55 0 -55 55 0 55 0 0 -55 0 0 0 0 -55 -55 0 0 0
24200 55 -55 0 -55 55 0 55 0 0 -55 0 0 0 0 -55 -55 0 0 0
24200 -55 55 0 55 -55 0 55 0 0 -55 0 0 0 0 -55 -55 0 0 0
24200 55 -55 0 55 -55 0 55 0 0 -55 0 0 0 0 -55 -55 0 0 0
24200 55 55 0 -55 -55 0 55 0 0 -55 0 0 0 0 -55 -55 0 0 0
24200 -55 -55 0 -55 -55 0 55 0 0 -55 0 0 0 0 -55 -55 0 0 0
24200 -55 55 0 55 55 0 -55 0 0 -55 0 0 0 0 -55 -55 0 0 0
24200 55 -55 0 55 55 0 -55 0 0 -55 0 0 0 0 -55 -55 0 0 0
24200 55 55 0 -55 55 0 -55 0 0 -55 0 0 0 0 -55 -55 0 0 0
24200 -55 -55 0 -55 55 0 -55 0 0 -55 0 0 0 0 -55 -55 0 0 0
24200 55 55 0 55 -55 0 -55 0 0 -55 0 0 0 0 -55 -55 0 0 0
24200 -55 -55 0 55 -55 0 -55 0 0 -55 0 0 0 0 -55 -55 0 0 0
24200 -55 55 0 -55 -55 0 -55 0 0 -55 0 0 0 0 -55 -55 0 0 0
24200 55 -55 0 -55 -55 0 -55 0 0 -55 0 0 0 0 -55 -55 0 0 0
24200 0 0 55 55 0 0 0 0 55 55 0 0 0 0 55 55 0 -55 -55
24200 0 0 55 55 0 0 0 0 55 55 0 0 0 0 55 55 0 55 55
24200 0 0 -55 -55 0 0 0 0 55 55 0 0 0 0 55 55 0 -55 -55
24200 0 0 -55 -55 0 0 0 0 55 55 0 0 0 0 55 55 0 55 55
24200 0 0 -55 55 0 0 0 0 -55 55 0 0 0 0 55 55 0 -55 -55
24200 0 0 -55 55 0 0 0 0 -55 55 0 0 0 0 55 55 0 55 55
24200 0 0 55 -55 0 0 0 0 -55 55 0 0 0 0 55 55 0 -55 -55
24200 0 0 55 -55 0 0 0 0 -55 55 0 0 0 0 55 55 0 55 55
24200 0 0 -55 55 0 0 0 0 55 -55 0 0 0 0 55 55 0 -55 -55
24200 0 0 -55 55 0 0 0 0 55 -55 0 0 0 0 55 55 0 55 55
24200 0 0 55 -55 0 0 0 0 55 -55 0 0 0 0 55 55 0 -55 -55
24200 0 0 55 -55 0 0 0 0 55 -55 0 0 0 0 55 55 0 55 55
24200 0 0 55 55 0 0 0 0 -55 -55 0 0 0 0 55 55 0 -55 -55
24200 0 0 55 55 0 0 0 0 -55 -55 0 0 0 0 55 55 0 55 55
24200 0 0 -55 -55 0 0 0 0 -55 -55 0 0 0 0 55 55 0 -55 -55
24200 0 0 -55 -55 0 0 0 0 -55 -55 0 0 0 0 55 55 0 55 55
24200 0 0 -55 55 0 0 0 0 55 55 0 0 0 0 -55 55 0 -55 -55
24200 0 0 -55 55 0 0 0 0 55 55 0 0 0 0 -55 55 0 55 55
24200 0 0 55 -55 0 0 0 0 55 55 0 0 0 0 -55 55 0 -55 -55
24200 0 0 55 -55 0 0 0 0 55 55 0 0 0 0 -55 55 0 55 55
24200 0 0 55 55 0 0 0 0 -55 55 0 0 0 0 -55 55 0 -55 -55
24200 0 0 55 55 0 0 0 0 -55 55 0 0 0 0 -55 55 0 55 55
24200 0 0 -55 -55 0 0 0 0 -55 55 0 0 0 0 -55 55 0 -55 -55
24200 0 0 -55 -55 0 0 0 0 -55 55 0 0 0 0 -55 55 0 55 55
24200 0 0 55 55 0 0 0 0 55 -55 0 0 0 0 -55 55 0 -55 -55
24200 0 0 55 55 0 0 0 0 55 -55 0 0 0 0 -55 55 0 55 55
24200 0 0 -55 -55 0 0 0 0 55 -55 0 0 0 0 -55 55 0 -55 -55
24200 0 0 -55 -55 0 0 0 0 55 -55 0 0 0 0 -55 55 0 55 55
24200 0 0 -55 55 0 0 0 0 -55 -55 0 0 0 0 -55 55 0 -55 -55
24200 0 0 -55 55 0 0 0 0 -55 -55 0 0 0 0 -55 55 0 55 55
24200 0 0 55 -55 0 0 0 0 -55 -55 0 0 0 0 -55 55 0 -55 -55
24200 0 0 55 -55 0 0 0 0 -55 -55 0 0 0 0 -55 55 0 55 55
24200 0 0 -55 55 0 0 0 0 55 55 0 0 0 0 55 -55 0 -55 -55
24200 0 0 -55 55 0 0 0 0 55 55 0 0 0 0 55 -55 0 55 55
24200 0 0 55 -55 0 0 0 0 55 55 0 0 0 0 55 -55 0 -55 -55
24200 0 0 55 -55 0 0 0 0 55 55 0 0 0 0 55 -55 0 55 55
24200 0 0 55 55 0 0 0 0 -55 55 0 0 0 0 55 -55 0 -55 -55
24200 0 0 55 55 0 0 0 0 -55 55 0 0 0 0 55 -55 0 55 55
24200 0 0 -55 -55 0 0 0 0 -55 55 0 0 0 0 55 -55 0 -55 -55
24200 0 0 -55 -55 0 0 0 0 -55 55 0 0 0 0 55 -55 0 55 55
24200 0 0 55 55 0 0 0 0 55 -55 0 0 0 0 55 -55 0 -55 -55
24200 0 0 55 55 0 0 0 0 55 -55 0 0 0 0 55 -55 0 55 55
24200 0 0 -55 -55 0 0 0 0 55 -55 0 0 0 0 55 -55 0 -55 -55
24200 0 0 -55 -55 0 0 0 0 55 -55 0 0 0 0 55 -55 0 55 55
24200 0 0 -55 55 0 0 0 0 -55 -55 0 0 0 0 55 -55 0 -55 -55
24200 0 0 -55 55 0 0 0 0 -55 -55 0 0 0 0 55 -55 0 55 55
24200 0 0 55 -55 0 0 0 0 -55 -55 0 0 0 0 55 -55 0 -55 -55
24200 0 0 55 -55 0 0 0 0 -55 -55 0 0 0 0 55 -55 0 55 55
24200 0 0 55 55 0 0 0 0 55 55 0 0 0 0 -55 -55 0 -55 -55
24200 0 0 55 55 0 0 0 0 55 55 0 0 0 0 -55 -55 0 55 55
24200 0 0 -55 -55 0 0 0 0 55 55 0 0 0 0 -55 -55 0 -55 -55
24200 0 0 -55 -55 0 0 0 0 55 55 0 0 0 0 -55 -55 0 55 55
24200 0 0 -55 55 0 0 0 0 -55 55 0 0 0 0 -55 -55 0 -55 -55
24200 0 0 -55 55 0 0 0 0 -55 55 0 0 0 0 -55 -55 0 55 55
24200 0 0 55 -55 0 0 0 0 -55 55 0 0 0 0 -55 -55 0 -55 -55
24200 0 0 55 -55 0 0 0 0 -55 55 0 0 0 0 -55 -55 0 55 55
24200 0 0 -55 55 0 0 0 0 55 -55 0 0 0 0 -55 -55 0 -55 -55
24200 0 0 -55 55 0 0 0 0 55 -55 0 0 0 0 -55 -55 0 55 55
24200 0 0 55 -55 0 0 0 0 55 -55 0 0 0 0 -55 -55 0 -55 -55
24200 0 0 55 -55 0 0 0 0 55 -55 0 0 0 0 -55 -55 0 55 55
24200 0 0 55 55 0 0 0 0 -55 -55 0 0 0 0 -55 -55 0 -55 -55
24200 0 0 55 55 0 0 0 0 -55 -55 0 0 0 0 -55 -55 0 55 55
24200 0 0 -55 -55 0 0 0 0 -55 -55 0 0 0 0 -55 -55 0 -55 -55
24200 0 0 -55 -55 0 0 0 0 -55 -55 0 0 0 0 -55 -55 0 55 55
24200 0 55 0 0 0 55 0 0 0 55 55 0 0 0 55 55 -55 0 -55
24200 0 55 0 0 0 55 0 0 0 55 55 0 0 0 55 55 55 0 55
24200 0 -55 0 0 0 -55 0 0 0 55 55 0 0 0 55 55 -55 0 -55
24200 0 -55 0 0 0 -55 0 0 0 55 55 0 0 0 55 55 55 0 55
24200 0 -55 0 0 0 55 0 0 0 -55 55 0 0 0 55 55 -55 0 -55
24200 0 -55 0 0 0 55 0 0 0 -55 55 0 0 0 55 55 55 0 55
24200 0 55 0 0 0 -55 0 0 0 -55 55 0 0 0 55 55 -55 0 -55
24200 0 55 0 0 0 -55 0 0 0 -55 55 0 0 0 55 55 55 0 55
24200 0 -55 0 0 0 55 0 0 0 55 -55 0 0 0 55 55 -55 0 -55
24200 0 -55 0 0 0 55 0 0 0 55 -55 0 0 0 55 55 55 0 55
24200 0 55 0 0 0 -55 0 0 0 55 -55 0 0 0 55 55 -55 0 -55
24200 0 55 0 0 0 -55 0 0 0 55 -55 0 0 0 55 55 55 0 55
24200 0 55 0 0 0 55 0 0 0 -55 -55 0 0 0 55 55 -55 0 -55
24200 0 55 0 0 0 55 0 0 0 -55 -55 0 0 0 55 55 55 0 55
24200 0 -55 0 0 0 -55 0 0 0 -55 -55 0 0 0 55 55 -55 0 -55
24200 0 -55 0 0 0 -55 0 0 0 -55 -55 0 0 0 55 55 55 0 55
24200 0 -55 0 0 0 55 0 0 0 55 55 0 0 0 -55 55 -55 0 -55
24200 0 -55 0 0 0 55 0 0 0 55 55 0 0 0 -55 55 55 0 55
24200 0 55 0 0 0 -55 0 0 0 55 55 0 0 0 -55 55 -55 0 -55
24200 0 55 0 0 0 -55 0 0 0 55 55 0 0 0 -55 55 55 0 55
24200 0 55 0 0 0 55 0 0 0 -55 55 0 0 0 -55 55 -55 0 -55
24200 0 55 0 0 0 55 0 0 0 -55 55 0 0 0 -55 55 55 0 55
24200 0 -55 0 0 0 -55 0 0 0 -55 55 0 0 0 -55 55 -55 0 -55
24200 0 -55 0 0 0 -55 0 0 0 -55 55 0 0 0 -55 55 55 0 55
24200 0 55 0 0 0 55 0 0 0 55 -55 0 0 0 -55 55 -55 0 -55
24200 0 55 0 0 0 55 0 0 0 55 -55 0 0 0 -55 55 55 0 55
24200 0 -55 0 0 0 -55 0 0 0 55 -55 0 0 0 -55 55 -55 0 -55
24200 0 -55 0 0 0 -55 0 0 0 55 -55 0 0 0 -55 55 55 0 55
24200 0 -55 0 0 0 55 0 0 0 -55 -55 0 0 0 -55 55 -55 0 -55
24200 0 -55 0 0 0 55 0 0 0 -55 -55 0 0 0 -55 55 55 0 55
24200 0 55 0 0 0 -55 0 0 0 -55 -55 0 0 0 -55 55 -55 0 -55
24200 0 55 0 0 0 -55 0 0 0 -55 -55 0 0 0 -55 55 55 0 55
24200 0 -55 0 0 0 55 0 0 0 55 55 0 0 0 55 -55 -55 0 -55
24200 0 -55 0 0 0 55 0 0 0 55 55 0 0 0 55 -55 55 0 55
24200 0 55 0 0 0 -55 0 0 0 55 55 0 0 0 55 -55 -55 0 -55
24200 0 55 0 0 0 -55 0 0 0 55 55 0 0 0 55 -55 55 0 55
24200 0 55 0 0 0 55 0 0 0 -55 55 0 0 0 55 -55 -55 0 -55
24200 0 55 0 0 0 55 0 0 0 -55 55 0 0 0 55 -55 55 0 55
24200 0 -55 0 0 0 -55 0 0 0 -55 55 0 0 0 55 -55 -55 0 -55
24200 0 -55 0 0 0 -55 0 0 0 -55 55 0 0 0 55 -55 55 0 55
24200 0 55 0 0 0 55 0 0 0 55 -55 0 0 0 55 -55 -55 0 -55
24200 0 55 0 0 0 55 0 0 0 55 -55 0 0 0 55 -55 55 0 55
24200 0 -55 0 0 0 -55 0 0 0 55 -55 0 0 0 55 -55 -55 0 -55
24200 0 -55 0 0 0 -55 0 0 0 55 -55 0 0 0 55 -55 55 0 55
24200 0 -55 0 0 0 55 0 0 0 -55 -55 0 0 0 55 -55 -55 0 -55
24200 0 -55 0 0 0 55 0 0 0 -55 -55 0 0 0 55 -55 55 0 55
24200 0 55 0 0 0 -55 0 0 0 -55 -55 0 0 0 55 -55 -55 0 -55
24200 0 55 0 0 0 -55 0 0 0 -55 -55 0 0 0 55 -55 55 0 55
24200 0 55 0 0 0 55 0 0 0 55 55 0 0 0 -55 -55 -55 0 -55
24200 0 55 0 0 0 55 0 0 0 55 55 0 0 0 -55 -55 55 0 55
24200 0 -55 0 0 0 -55 0 0 0 55 55 0 0 0 -55 -55 -55 0 -55
24200 0 -55 0 0 0 -55 0 0 0 55 55 0 0 0 -55 -55 55 0 55
24200 0 -55 0 0 0 55 0 0 0 -55 55 0 0 0 -55 -55 -55 0 -55
24200 0 -55 0 0 0 55 0 0 0 -55 55 0 0 0 -55 -55 55 0 55
24200 0 55 0 0 0 -55 0 0 0 -55 55 0 0 0 -55 -55 -55 0 -55
24200 0 55 0 0 0 -55 0 0 0 -55 55 0 0 0 -55 -55 55 0 55
24200 0 -55 0 0 0 55 0 0 0 55 -55 0 0 0 -55 -55 -55 0 -55
24200 0 -55 0 0 0 55 0 0 0 55 -55 0 0 0 -55 -55 55 0 55
24200 0 55 0 0 0 -55 0 0 0 55 -55 0 0 0 -55 -55 -55 0 -55
24200 0 55 0 0 0 -55 0 0 0 55 -55 0 0 0 -55 -55 55 0 55
24200 0 55 0 0 0 55 0 0 0 -55 -55 0 0 0 -55 -55 -55 0 -55
24200 0 55 0 0 0 55 0 0 0 -55 -55 0 0 0 -55 -55 55 0 55
24200 0 -55 0 0 0 -55 0 0 0 -55 -55 0 0 0 -55 -55 -55 0 -55
24200 0 -55 0 0 0 -55 0 0 0 -55 -55 0 0 0 -55 -55 55 0 55
24200 55 55 55 0 0 0 0 0 0 0 0 55 0 0 55 55 -55 55 0
24200 -55 -55 55 0 0 0 0 0 0 0 0 55 0 0 55 55 -55 55 0
24200 -55 55 -55 0 0 0 0 0 0 0 0 55 0 0 55 55 -55 55 0
24200 55 -55 -55 0 0 0 0 0 0 0 0 55 0 0 55 55 -55 55 0
24200 55 55 55 0 0 0 0 0 0 0 0 55 0 0 55 55 55 -55 0
24200 -55 -55 55 0 0 0 0 0 0 0 0 55 0 0 55 55 55 -55 0
24200 -55 55 -55 0 0 0 0 0 0 0 0 55 0 0 55 55 55 -55 0
24200 55 -55 -55 0 0 0 0 0 0 0 0 55 0 0 55 55 55 -55 0
24200 -55 55 55 0 0 0 0 0 0 0 0 -55 0 0 55 55 -55 55 0
24200 55 -55 55 0 0 0 0 0 0 0 0 -55 0 0 55 55 -55 55 0
24200 55 55 -55 0 0 0 0 0 0 0 0 -55 0 0 55 55 -55 55 0
24200 -55 -55 -55 0 0 0 0 0 0 0 0 -55 0 0 55 55 -55 55 0
24200 -55 55 55 0 0 0 0 0 0 0 0 -55 0 0 55 55 55 -55 0
24200 55 -55 55 0 0 0 0 0 0 0 0 -55 0 0 55 55 55 -55 0
24200 55 55 -55 0 0 0 0 0 0 0 0 -55 0 0 55 55 55 -55 0
24200 -55 -55 -55 0 0 0 0 0 0 0 0 -55 0 0 55 55 55 -55 0
24200 -55 55 55 0 0 0 0 0 0 0 0 55 0 0 -55 55 -55 55 0
24200 55 -55 55 0 0 0 0 0 0 0 0 55 0 0 -55 55 -55 55 0
24200 55 55 -55 0 0 0 0 0 0 0 0 55 0 0 -55 55 -55 55 0
24200 -55 -55 -55 0 0 0 0 0 0 0 0 55 0 0 -55 55 -55 55 0
24200 -55 55 55 0 0 0 0 0 0 0 0 55 0 0 -55 55 55 -55 0
24200 55 -55 55 0 0 0 0 0 0 0 0 55 0 0 -55 55 55 -55 0
24200 55 55 -55 0 0 0 0 0 0 0 0 55 0 0 -55 55 55 -55 0
24200 -55 -55 -55 0 0 0 0 0 0 0 0 55 0 0 -55 55 55 -55 0
24200 55 55 55 0 0 0 0 0 0 0 0 -55 0 0 -55 55 -55 55 0
24200 -55 -55 55 0 0 0 0 0 0 0 0 -55 0 0 -55 55 -55 55 0
24200 -55 55 -55 0 0 0 0 0 0 0 0 -55 0 0 -55 55 -55 55 0
24200 55 -55 -55 0 0 0 0 0 0 0 0 -55 0 0 -55 55 -55 55 0
24200 55 55 55 0 0 0 0 0 0 0 0 -55 0 0 -55 55 55 -55 0
24200 -55 -55 55 0 0 0 0 0 0 0 0 -55 0 0 -55 55 55 -55 0
24200 -55 55 -55 0 0 0 0 0 0 0 0 -55 0 0 -55 55 55 -55 0
24200 55 -55 -55 0 0 0 0 0 0 0 0 -55 0 0 -55 55 55 -55 0
24200 -55 55 55 0 0 0 0 0 0 0 0 55 0 0 55 -55 -55 55 0
24200 55 -55 55 0 0 0 0 0 0 0 0 55 0 0 55 -55 -55 55 0
24200 55 55 -55 0 0 0 0 0 0 0 0 55 0 0 55 -55 -55 55 0
24200 -55 -55 -55 0 0 0 0 0 0 0 0 55 0 0 55 -55 -55 55 0
24200 -55 55 55 0 0 0 0 0 0 0 0 55 0 0 55 -55 55 -55 0
24200 55 -55 55 0 0 0 0 0 0 0 0 55 0 0 55 -55 55 -55 0
24200 55 55 -55 0 0 0 0 0 0 0 0 55 0 0 55 -55 55 -55 0
24200 -55 -55 -55 0 0 0 0 0 0 0 0 55 0 0 55 -55 55 -55 0
24200 55 55 55 0 0 0 0 0 0 0 0 -55 0 0 55 -55 -55 55 0
24200 -55 -55 55 0 0 0 0 0 0 0 0 -55 0 0 55 -55 -55 55 0
24200 -55 55 -55 0 0 0 0 0 0 0 0 -55 0 0 55 -55 -55 55 0
24200 55 -55 -55 0 0 0 0 0 0 0 0 -55 0 0 55 -55 -55 55 0
24200 55 55 55 0 0 0 0 0 0 0 0 -55 0 0 55 -55 55 -55 0
24200 -55 -55 55 0 0 0 0 0 0 0 0 -55 0 0 55 -55 55 -55 0
24200 -55 55 -55 0 0 0 0 0 0 0 0 -55 0 0 55 -55 55 -55 0
24200 55 -55 -55 0 0 0 0 0 0 0 0 -55 0 0 55 -55 55 -55 0
24200 55 55 55 0 0 0 0 0 0 0 0 55 0 0 -55 -55 -55 55 0
24200 -55 -55 55 0 0 0 0 0 0 0 0 55 0 0 -55 -55 -55 55 0
24200 -55 55 -55 0 0 0 0 0 0 0 0 55 0 0 -55 -55 -55 55 0
24200 55 -55 -55 0 0 0 0 0 0 0 0 55 0 0 -55 -55 -55 55 0
24200 55 55 55 0 0 0 0 0 0 0 0 55 0 0 -55 -55 55 -55 0
24200 -55 -55 55 0 0 0 0 0 0 0 0 55 0 0 -55 -55 55 -55 0
24200 -55 55 -55 0 0 0 0 0 0 0 0 55 0 0 -55 -55 55 -55 0
24200 55 -55 -55 0 0 0 0 0 0 0 0 55 0 0 -55 -55 55 -55 0
24200 -55 55 55 0 0 0 0 0 0 0 0 -55 0 0 -55 -55 -55 55 0
24200 55 -55 55 0 0 0 0 0 0 0 0 -55 0 0 -55 -55 -55 55 0
24200 55 55 -55 0 0 0 0 0 0 0 0 -55 0 0 -55 -55 -55 55 0
24200 -55 -55 -55 0 0 0 0 0 0 0 0 -55 0 0 -55 -55 -55 55 0
24200 -55 55 55 0 0 0 0 0 0 0 0 -55 0 0 -55 -55 55 -55 0
24200 55 -55 55 0 0 0 0 0 0 0 0 -55 0 0 -55 -55 55 -55 0
24200 55 55 -55 0 0 0 0 0 0 0 0 -55 0 0 -55 -55 55 -55 0
24200 -55 -55 -55 0 0 0 0 0 0 0 0 -55 0 0 -55 -55 55 -55 0
24200 0 0 0 0 55 0 55 0 55 0 0 55 0 0 55 55 -55 0 -55
24200 0 0 0 0 55 0 55 0 55 0 0 55 0 0 55 55 55 0 55
24200 0 0 0 0 -55 0 -55 0 55 0 0 55 0 0 55 55 -55 0 -55
24200 0 0 0 0 -55 0 -55 0 55 0 0 55 0 0 55 55 55 0 55
24200 0 0 0 0 -55 0 55 0 -55 0 0 55 0 0 55 55 -55 0 -55
24200 0 0 0 0 -55 0 55 0 -55 0 0 55 0 0 55 55 55 0 55
24200 0 0 0 0 55 0 -55 0 -55 0 0 55 0 0 55 55 -55 0 -55
24200 0 0 0 0 55 0 -55 0 -55 0 0 55 0 0 55 55 55 0 55
24200 0 0 0 0 -55 0 55 0 55 0 0 -55 0 0 55 55 -55 0 -55
24200 0 0 0 0 -55 0 55 0 55 0 0 -55 0 0 55 55 55 0 55
24200 0 0 0 0 55 0 -55 0 55 0 0 -55 0 0 55 55 -55 0 -55
24200 0 0 0 0 55 0 -55 0 55 0 0 -55 0 0 55 55 55 0 55
24200 0 0 0 0 55 0 55 0 -55 0 0 -55 0 0 55 55 -55 0 -55
24200 0 0 0 0 55 0 55 0 -55 0 0 -55 0 0 55 55 55 0 55
24200 0 0 0 0 -55 0 -55 0 -55 0 0 -55 0 0 55 55 -55 0 -55
24200 0 0 0 0 -55 0 -55 0 -55 0 0 -55 0 0 55 55 55 0 55
24200 0 0 0 0 -55 0 55 0 55 0 0 55 0 0 -55 55 -55 0 -55
24200 0 0 0 0 -55 0 55 0 55 0 0 55 0 0 -55 55 55 0 55
24200 0 0 0 0 55 0 -55 0 55 0 0 55 0 0 -55 55 -55 0 -55
24200 0 0 0 0 55 0 -55 0 55 0 0 55 0 0 -55 55 55 0 55
24200 0 0 0 0 55 0 55 0 -55 0 0 55 0 0 -55 55 -55 0 -55
24200 0 0 0 0 55 0 55 0 -55 0 0 55 0 0 -55 55 55 0 55
24200 0 0 0 0 -55 0 -55 0 -55 0 0 55 0 0 -55 55 -55 0 -55
24200 0 0 0 0 -55 0 -55 0 -55 0 0 55 0 0 -55 55 55 0 55
24200 0 0 0 0 55 0 55 0 55 0 0 -55 0 0 -55 55 -55 0 -55
24200 0 0 0 0 55 0 55 0 55 0 0 -55 0 0 -55 55 55 0 55
24200 0 0 0 0 -55 0 -55 0 55 0 0 -55 0 0 -55 55 -55 0 -55
24200 0 0 0 0 -55 0 -55 0 55 0 0 -55 0 0 -55 55 55 0 55
24200 0 0 0 0 -55 0 55 0 -55 0 0 -55 0 0 -55 55 -55 0 -55
24200 0 0 0 0 -55 0 55 0 -55 0 0 -55 0 0 -55 55 55 0 55
24200 0 0 0 0 55 0 -55 0 -55 0 0 -55 0 0 -55 55 -55 0 -55
24200 0 0 0 0 55 0 -55 0 -55 0 0 -55 0 0 -55 55 55 0 55
24200 0 0 0 0 -55 0 55 0 55 0 0 55 0 0 55 -55 -55 0 -55
24200 0 0 0 0 -55 0 55 0 55 0 0 55 0 0 55 -55 55 0 55
24200 0 0 0 0 55 0 -55 0 55 0 0 55 0 0 55 -55 -55 0 -55
24200 0 0 0 0 55 0 -55 0 55 0 0 55 0 0 55 -55 55 0 55
24200 0 0 0 0 55 0 55 0 -55 0 0 55 0 0 55 -55 -55 0 -55
24200 0 0 0 0 55 0 55 0 -55 0 0 55 0 0 55 -55 55 0 55
24200 0 0 0 0 -55 0 -55 0 -55 0 0 55 0 0 55 -55 -55 0 -55
24200 0 0 0 0 -55 0 -55 0 -55 0 0 55 0 0 55 -55 55 0 55
24200 0 0 0 0 55 0 55 0 55 0 0 -55 0 0 55 -55 -55 0 -55
24200 0 0 0 0 55 0 55 0 55 0 0 -55 0 0 55 -55 55 0 55
24200 0 0 0 0 -55 0 -55 0 55 0 0 -55 0 0 55 -55 -55 0 -55
24200 0 0 0 0 -55 0 -55 0 55 0 0 -55 0 0 55 -55 55 0 55
24200 0 0 0 0 -55 0 55 0 -55 0 0 -55 0 0 55 -55 -55 0 -55
24200 0 0 0 0 -55 0 55 0 -55 0 0 -55 0 0 55 -55 55 0 55
24200 0 0 0 0 55 0 -55 0 -55 0 0 -55 0 0 55 -55 -55 0 -55
24200 0 0 0 0 55 0 -55 0 -55 0 0 -55 0 0 55 -55 55 0 55
24200 0 0 0 0 55 0 55 0 55 0 0 55 0 0 -55 -55 -55 0 -55
24200 0 0 0 0 55 0 55 0 55 0 0 55 0 0 -55 -55 55 0 55
24200 0 0 0 0 -55 0 -55 0 55 0 0 55 0 0 -55 -55 -55 0 -55
24200 0 0 0 0 -55 0 -55 0 55 0 0 55 0 0 -55 -55 55 0 55
24200 0 0 0 0 -55 0 55 0 -55 0 0 55 0 0 -55 -55 -55 0 -55
24200 0 0 0 0 -55 0 55 0 -55 0 0 55 0 0 -55 -55 55 0 55
24200 0 0 0 0 55 0 -55 0 -55 0 0 55 0 0 -55 -55 -55 0 -55
24200 0 0 0 0 55 0 -55 0 -55 0 0 55 0 0 -55 -55 55 0 55
24200 0 0 0 0 -55 0 55 0 55 0 0 -55 0 0 -55 -55 -55 0 -55
24200 0 0 0 0 -55 0 55 0 55 0 0 -55 0 0 -55 -55 55 0 55
24200 0 0 0 0 55 0 -55 0 55 0 0 -55 0 0 -55 -55 -55 0 -55
24200 0 0 0 0 55 0 -55 0 55 0 0 -55 0 0 -55 -55 55 0 55
24200 0 0 0 0 55 0 55 0 -55 0 0 -55 0 0 -55 -55 -55 0 -55
24200 0 0 0 0 55 0 55 0 -55 0 0 -55 0 0 -55 -55 55 0 55
24200 0 0 0 0 -55 0 -55 0 -55 0 0 -55 0 0 -55 -55 -55 0 -55
24200 0 0 0 0 -55 0 -55 0 -55 0 0 -55 0 0 -55 -55 55 0 55
24200 0 0 0 55 0 0 0 55 0 55 0 55 0 0 55 55 0 -55 55
24200 0 0 0 55 0 0 0 55 0 55 0 55 0 0 55 55 0 55 -55
24200 0 0 0 -55 0 0 0 -55 0 55 0 55 0 0 55 55 0 -55 55
24200 0 0 0 -55 0 0 0 -55 0 55 0 55 0 0 55 55 0 55 -55
24200 0 0 0 -55 0 0 0 55 0 -55 0 55 0 0 55 55 0 -55 55
24200 0 0 0 -55 0 0 0 55 0 -55 0 55 0 0 55 55 0 55 -55
24200 0 0 0 55 0 0 0 -55 0 -55 0 55 0 0 55 55 0 -55 55
24200 0 0 0 55 0 0 0 -55 0 -55 0 55 0 0 55 55 0 55 -55
24200 0 0 0 -55 0 0 0 55 0 55 0 -55 0 0 55 55 0 -55 55
24200 0 0 0 -55 0 0 0 55 0 55 0 -55 0 0 55 55 0 55 -55
24200 0 0 0 55 0 0 0 -55 0 55 0 -55 0 0 55 55 0 -55 55
24200 0 0 0 55 0 0 0 -55 0 55 0 -55 0 0 55 55 0 55 -55
24200 0 0 0 55 0 0 0 55 0 -55 0 -55 0 0 55 55 0 -55 55
24200 0 0 0 55 0 0 0 55 0 -55 0 -55 0 0 55 55 0 55 -55
24200 0 0 0 -55 0 0 0 -55 0 -55 0 -55 0 0 55 55 0 -55 55
24200 0 0 0 -55 0 0 0 -55 0 -55 0 -55 0 0 55 55 0 55 -55
24200 0 0 0 -55 0 0 0 55 0 55 0 55 0 0 -55 55 0 -55 55
24200 0 0 0 -55 0 0 0 55 0 55 0 55 0 0 -55 55 0 55 -55
24200 0 0 0 55 0 0 0 -55 0 55 0 55 0 0 -55 55 0 -55 55
24200 0 0 0 55 0 0 0 -55 0 55 0 55 0 0 -55 55 0 55 -55
24200 0 0 0 55 0 0 0 55 0 -55 0 55 0 0 -55 55 0 -55 55
24200 0 0 0 55 0 0 0 55 0 -55 0 55 0 0 -55 55 0 55 -55
24200 0 0 0 -55 0 0 0 -55 0 -55 0 55 0 0 -55 55 0 -55 55
24200 0 0 0 -55 0 0 0 -55 0 -55 0 55 0 0 -55 55 0 55 -55
24200 0 0 0 55 0 0 0 55 0 55 0 -55 0 0 -55 55 0 -55 55
24200 0 0 0 55 0 0 0 55 0 55 0 -55 0 0 -55 55 0 55 -55
24200 0 0 0 -55 0 0 0 -55 0 55 0 -55 0 0 -55 55 0 -55 55
24200 0 0 0 -55 0 0 0 -55 0 55 0 -55 0 0 -55 55 0 55 -55
24200 0 0 0 -55 0 0 0 55 0 -55 0 -55 0 0 -55 55 0 -55 55
24200 0 0 0 -55 0 0 0 55 0 -55 0 -55 0 0 -55 55 0 55 -55
24200 0 0 0 55 0 0 0 -55 0 -55 0 -55 0 0 -55 55 0 -55 55
24200 0 0 0 55 0 0 0 -55 0 -55 0 -55 0 0 -55 55 0 55 -55
24200 0 0 0 -55 0 0 0 55 0 55 0 55 0 0 55 -55 0 -55 55
24200 0 0 0 -55 0 0 0 55 0 55 0 55 0 0 55 -55 0 55 -55
24200 0 0 0 55 0 0 0 -55 0 55 0 55 0 0 55 -55 0 -55 55
24200 0 0 0 55 0 0 0 -55 0 55 0 55 0 0 55 -55 0 55 -55
24200 0 0 0 55 0 0 0 55 0 -55 0 55 0 0 55 -55 0 -55 55
24200 0 0 0 55 0 0 0 55 0 -55 0 55 0 0 55 -55 0 55 -55
24200 0 0 0 -55 0 0 0 -55 0 -55 0 55 0 0 55 -55 0 -55 55
24200 0 0 0 -55 0 0 0 -55 0 -55 0 55 0 0 55 -55 0 55 -55
24200 0 0 0 55 0 0 0 55 0 55 0 -55 0 0 55 -55 0 -55 55
24200 0 0 0 55 0 0 0 55 0 55 0 -55 0 0 55 -55 0 55 -55
24200 0 0 0 -55 0 0 0 -55 0 55 0 -55 0 0 55 -55 0 -55 55
24200 0 0 0 -55 0 0 0 -55 0 55 0 -55 0 0 55 -55 0 55 -55
24200 0 0 0 -55 0 0 0 55 0 -55 0 -55 0 0 55 -55 0 -55 55
24200 0 0 0 -55 0 0 0 55 0 -55 0 -55 0 0 55 -55 0 55 -55
24200 0 0 0 55 0 0 0 -55 0 -55 0 -55 0 0 55 -55 0 -55 55
24200 0 0 0 55 0 0 0 -55 0 -55 0 -55 0 0 55 -55 0 55 -55
24200 0 0 0 55 0 0 0 55 0 55 0 55 0 0 -55 -55 0 -55 55
24200 0 0 0 55 0 0 0 55 0 55 0 55 0 0 -55 -55 0 55 -55
24200 0 0 0 -55 0 0 0 -55 0 55 0 55 0 0 -55 -55 0 -55 55
24200 0 0 0 -55 0 0 0 -55 0 55 0 55 0 0 -55 -55 0 55 -55
24200 0 0 0 -55 0 0 0 55 0 -55 0 55 0 0 -55 -55 0 -55 55
24200 0 0 0 -55 0 0 0 55 0 -55 0 55 0 0 -55 -55 0 55 -55
24200 0 0 0 55 0 0 0 -55 0 -55 0 55 0 0 -55 -55 0 -55 55
24200 0 0 0 55 0 0 0 -55 0 -55 0 55 0 0 -55 -55 0 55 -55
24200 0 0 0 -55 0 0 0 55 0 55 0 -55 0 0 -55 -55 0 -55 55
24200 0 0 0 -55 0 0 0 55 0 55 0 -55 0 0 -55 -55 0 55 -55
24200 0 0 0 55 0 0 0 -55 0 55 0 -55 0 0 -55 -55 0 -55 55
24200 0 0 0 55 0 0 0 -55 0 55 0 -55 0 0 -55 -55 0 55 -55
24200 0 0 0 55 0 0 0 55 0 -55 0 -55 0 0 -55 -55 0 -55 55
24200 0 0 0 55 0 0 0 55 0 -55 0 -55 0 0 -55 -55 0 55 -55
24200 0 0 0 -55 0 0 0 -55 0 -55 0 -55 0 0 -55 -55 0 -55 55
24200 0 0 0 -55 0 0 0 -55 0 -55 0 -55 0 0 -55 -55 0 55 -55
24200 -55 0 0 55 0 55 0 0 55 0 55 55 0 0 55 55 0 0 0
24200 55 0 0 -55 0 55 0 0 55 0 55 55 0 0 55 55 0 0 0
24200 55 0 0 55 0 -55 0 0 55 0 55 55 0 0 55 55 0 0 0
24200 -55 0 0 -55 0 -55 0 0 55 0 55 55 0 0 55 55 0 0 0
24200 55 0 0 55 0 55 0 0 -55 0 55 55 0 0 55 55 0 0 0
24200 -55 0 0 -55 0 55 0 0 -55 0 55 55 0 0 55 55 0 0 0
24200 -55 0 0 55 0 -55 0 0 -55 0 55 55 0 0 55 55 0 0 0
24200 55 0 0 -55 0 -55 0 0 -55 0 55 55 0 0 55 55 0 0 0
24200 55 0 0 55 0 55 0 0 55 0 -55 55 0 0 55 55 0 0 0
24200 -55 0 0 -55 0 55 0 0 55 0 -55 55 0 0 55 55 0 0 0
24200 -55 0 0 55 0 -55 0 0 55 0 -55 55 0 0 55 55 0 0 0
24200 55 0 0 -55 0 -55 0 0 55 0 -55 55 0 0 55 55 0 0 0
24200 -55 0 0 55 0 55 0 0 -55 0 -55 55 0 0 55 55 0 0 0
24200 55 0 0 -55 0 55 0 0 -55 0 -55 55 0 0 55 55 0 0 0
24200 55 0 0 55 0 -55 0 0 -55 0 -55 55 0 0 55 55 0 0 0
24200 -55 0 0 -55 0 -55 0 0 -55 0 -55 55 0 0 55 55 0 0 0
24200 55 0 0 55 0 55 0 0 55 0 55 -55 0 0 55 55 0 0 0
24200 -55 0 0 -55 0 55 0 0 55 0 55 -55 0 0 55 55 0 0 0
24200 -55 0 0 55 0 -55 0 0 55 0 55 -55 0 0 55 55 0 0 0
24200 55 0 0 -55 0 -55 0 0 55 0 55 -55 0 0 55 55 0 0 0
24200 -55 0 0 55 0 55 0 0 -55 0 55 -55 0 0 55 55 0 0 0
24200 55 0 0 -55 0 55 0 0 -55 0 55 -55 0 0 55 55 0 0 0
24200 55 0 0 55 0 -55 0 0 -55 0 55 -55 0 0 55 55 0 0 0
24200 -55 0 0 -55 0 -55 0 0 -55 0 55 -55 0 0 55 55 0 0 0
24200 -55 0 0 55 0 55 0 0 55 0 -55 -55 0 0 55 55 0 0 0
24200 55 0 0 -55 0 55 0 0 55 0 -55 -55 0 0 55 55 0 0 0
24200 55 0 0 55 0 -55 0 0 55 0 -55 -55 0 0 55 55 0 0 0
24200 -55 0 0 -55 0 -55 0 0 55 0 -55 -55 0 0 55 55 0 0 0
24200 55 0 0 55 0 55 0 0 -55 0 -55 -55 0 0 55 55 0 0 0
24200 -55 0 0 -55 0 55 0 0 -55 0 -55 -55 0 0 55 55 0 0 0
24200 -55 0 0 55 0 -55 0 0 -55 0 -55 -55 0 0 55 55 0 0 0
24200 55 0 0 -55 0 -55 0 0 -55 0 -55 -55 0 0 55 55 0 0 0
24200 55 0 0 55 0 55 0 0 55 0 55 55 0 0 -55 55 0 0 0
24200 -55 0 0 -55 0 55 0 0 55 0 55 55 0 0 -55 55 0 0 0
24200 -55 0 0 55 0 -55 0 0 55 0 55 55 0 0 -55 55 0 0 0
24200 55 0 0 -55 0 -55 0 0 55 0 55 55 0 0 -55 55 0 0 0
24200 -55 0 0 55 0 55 0 0 -55 0 55 55 0 0 -55 55 0 0 0
24200 55 0 0 -55 0 55 0 0 -55 0 55 55 0 0 -55 55 0 0 0
24200 55 0 0 55 0 -55 0 0 -55 0 55 55 0 0 -55 55 0 0 0
24200 -55 0 0 -55 0 -55 0 0 -55 0 55 55 0 0 -55 55 0 0 0
24200 -55 0 0 55 0 55 0 0 55 0 -55 55 0 0 -55 55 0 0 0
24200 55 0 0 -55 0 55 0 0 55 0 -55 55 0 0 -55 55 0 0 0
24200 55 0 0 55 0 -55 0 0 55 0 -55 55 0 0 -55 55 0 0 0
24200 -55 0 0 -55 0 -55 0 0 55 0 -55 55 0 0 -55 55 0 0 0
24200 55 0 0 55 0 55 0 0 -55 0 -55 55 0 0 -55 55 0 0 0
24200 -55 0 0 -55 0 55 0 0 -55 0 -55 55 0 0 -55 55 0 0 0
24200 -55 0 0 55 0 -55 0 0 -55 0 -55 55 0 0 -55 55 0 0 0
24200 55 0 0 -55 0 -55 0 0 -55 0 -55 55 0 0 -55 55 0 0 0
24200 -55 0 0 55 0 55 0 0 55 0 55 -55 0 0 -55 55 0 0 0
24200 55 0 0 -55 0 55 0 0 55 0 55 -55 0 0 -55 55 0 0 0
24200 55 0 0 55 0 -55 0 0 55 0 55 -55 0 0 -55 55 0 0 0
24200 -55 0 0 -55 0 -55 0 0 55 0 55 -55 0 0 -55 55 0 0 0
24200 55 0 0 55 0 55 0 0 -55 0 55 -55 0 0 -55 55 0 0 0
24200 -55 0 0 -55 0 55 0 0 -55 0 55 -55 0 0 -55 55 0 0 0
24200 -55 0 0 55 0 -55 0 0 -55 0 55 -55 0 0 -55 55 0 0 0
24200 55 0 0 -55 0 -55 0 0 -55 0 55 -55 0 0 -55 55 0 0 0
24200 55 0 0 55 0 55 0 0 55 0 -55 -55 0 0 -55 55 0 0 0
24200 -55 0 0 -55 0 55 0 0 55 0 -55 -55 0 0 -55 55 0 0 0
24200 -55 0 0 55 0 -55 0 0 55 0 -55 -55 0 0 -55 55 0 0 0
24200 55 0 0 -55 0 -55 0 0 55 0 -55 -55 0 0 -55 55 0 0 0
24200 -55 0 0 55 0 55 0 0 -55 0 -55 -55 0 0 -55 55 0 0 0
24200 55 0 0 -55 0 55 0 0 -55 0 -55 -55 0 0 -55 55 0 0 0
24200 55 0 0 55 0 -55 0 0 -55 0 -55 -55 0 0 -55 55 0 0 0
24200 -55 0 0 -55 0 -55 0 0 -55 0 -55 -55 0 0 -55 55 0 0 0
24200 55 0 0 55 0 55 0 0 55 0 55 55 0 0 55 -55 0 0 0
24200 -55 0 0 -55 0 55 0 0 55 0 55 55 0 0 55 -55 0 0 0
24200 -55 0 0 55 0 -55 0 0 55 0 55 55 0 0 55 -55 0 0 0
24200 55 0 0 -55 0 -55 0 0 55 0 55 55 0 0 55 -55 0 0 0
24200 -55 0 0 55 0 55 0 0 -55 0 55 55 0 0 55 -55 0 0 0
24200 55 0 0 -55 0 55 0 0 -55 0 55 55 0 0 55 -55 0 0 0
24200 55 0 0 55 0 -55 0 0 -55 0 55 55 0 0 55 -55 0 0 0
24200 -55 0 0 -55 0 -55 0 0 -55 0 55 55 0 0 55 -55 0 0 0
24200 -55 0 0 55 0 55 0 0 55 0 -55 55 0 0 55 -55 0 0 0
24200 55 0 0 -55 0 55 0 0 55 0 -55 55 0 0 55 -55 0 0 0
24200 55 0 0 55 0 -55 0 0 55 0 -55 55 0 0 55 -55 0 0 0
24200 -55 0 0 -55 0 -55 0 0 55 0 -55 55 0 0 55 -55 0 0 0
24200 55 0 0 55 0 55 0 0 -55 0 -55 55 0 0 55 -55 0 0 0
24200 -55 0 0 -55 0 55 0 0 -55 0 -55 55 0 0 55 -55 0 0 0
24200 -55 0 0 55 0 -55 0 0 -55 0 -55 55 0 0 55 -55 0 0 0
24200 55 0 0 -55 0 -55 0 0 -55 0 -55 55 0 0 55 -55 0 0 0
24200 -55 0 0 55 0 55 0 0 55 0 55 -55 0 0 55 -55 0 0 0
24200 55 0 0 -55 0 55 0 0 55 0 55 -55 0 0 55 -55 0 0 0
24200 55 0 0 55 0 -55 0 0 55 0 55 -55 0 0 55 -55 0 0 0
24200 -55 0 0 -55 0 -55 0 0 55 0 55 -55 0 0 55 -55 0 0 0
24200 55 0 0 55 0 55 0 0 -55 0 55 -55 0 0 55 -55 0 0 0
24200 -55 0 0 -55 0 55 0 0 -55 0 55 -55 0 0 55 -55 0 0 0
24200 -55 0 0 55 0 -55 0 0 -55 0 55 -55 0 0 55 -55 0 0 0
24200 55 0 0 -55 0 -55 0 0 -55 0 55 -55 0 0 55 -55 0 0 0
24200 55 0 0 55 0 55 0 0 55 0 -55 -55 0 0 55 -55 0 0 0
24200 -55 0 0 -55 0 55 0 0 55 0 -55 -55 0 0 55 -55 0 0 0
24200 -55 0 0 55 0 -55 0 0 55 0 -55 -55 0 0 55 -55 0 0 0
24200 55 0 0 -55 0 -55 0 0 55 0 -55 -55 0 0 55 -55 0 0 0
24200 -55 0 0 55 0 55 0 0 -55 0 -55 -55 0 0 55 -55 0 0 0
24200 55 0 0 -55 0 55 0 0 -55 0 -55 -55 0 0 55 -55 0 0 0
24200 55 0 0 55 0 -55 0 0 -55 0 -55 -55 0 0 55 -55 0 0 0
24200 -55 0 0 -55 0 -55 0 0 -55 0 -55 -55 0 0 55 -55 0 0 0
24200 -55 0 0 55 0 55 0 0 55 0 55 55 0 0 -55 -55 0 0 0
24200 55 0 0 -55 0 55 0 0 55 0 55 55 0 0 -55 -55 0 0 0
24200 55 0 0 55 0 -55 0 0 55 0 55 55 0 0 -55 -55 0 0 0
24200 -55 0 0 -55 0 -55 0 0 55 0 55 55 0 0 -55 -55 0 0 0
24200 55 0 0 55 0 55 0 0 -55 0 55 55 0 0 -55 -55 0 0 0
24200 -55 0 0 -55 0 55 0 0 -55 0 55 55 0 0 -55 -55 0 0 0
24200 -55 0 0 55 0 -55 0 0 -55 0 55 55 0 0 -55 -55 0 0 0
24200 55 0 0 -55 0 -55 0 0 -55 0 55 55 0 0 -55 -55 0 0 0
24200 55 0 0 55 0 55 0 0 55 0 -55 55 0 0 -55 -55 0 0 0
24200 -55 0 0 -55 0 55 0 0 55 0 -55 55 0 0 -55 -55 0 0 0
24200 -55 0 0 55 0 -55 0 0 55 0 -55 55 0 0 -55 -55 0 0 0
24200 55 0 0 -55 0 -55 0 0 55 0 -55 55 0 0 -55 -55 0 0 0
24200 -55 0 0 55 0 55 0 0 -55 0 -55 55 0 0 -55 -55 0 0 0
24200 55 0 0 -55 0 55 0 0 -55 0 -55 55 0 0 -55 -55 0 0 0
24200 55 0 0 55 0 -55 0 0 -55 0 -55 55 0 0 -55 -55 0 0 0
24200 -55 0 0 -55 0 -55 0 0 -55 0 -55 55 0 0 -55 -55 0 0 0
24200 55 0 0 55 0 55 0 0 55 0 55 -55 0 0 -55 -55 0 0 0
24200 -55 0 0 -55 0 55 0 0 55 0 55 -55 0 0 -55 -55 0 0 0
24200 -55 0 0 55 0 -55 0 0 55 0 55 -55 0 0 -55 -55 0 0 0
24200 55 0 0 -55 0 -55 0 0 55 0 55 -55 0 0 -55 -55 0 0 0
24200 -55 0 0 55 0 55 0 0 -55 0 55 -55 0 0 -55 -55 0 0 0
24200 55 0 0 -55 0 55 0 0 -55 0 55 -55 0 0 -55 -55 0 0 0
24200 55 0 0 55 0 -55 0 0 -55 0 55 -55 0 0 -55 -55 0 0 0
24200 -55 0 0 -55 0 -55 0 0 -55 0 55 -55 0 0 -55 -55 0 0 0
24200 -55 0 0 55 0 55 0 0 55 0 -55 -55 0 0 -55 -55 0 0 0
24200 55 0 0 -55 0 55 0 0 55 0 -55 -55 0 0 -55 -55 0 0 0
24200 55 0 0 55 0 -55 0 0 55 0 -55 -55 0 0 -55 -55 0 0 0
24200 -55 0 0 -55 0 -55 0 0 55 0 -55 -55 0 0 -55 -55 0 0 0
24200 55 0 0 55 0 55 0 0 -55 0 -55 -55 0 0 -55 -55 0 0 0
24200 -55 0 0 -55 0 55 0 0 -55 0 -55 -55 0 0 -55 -55 0 0 0
24200 -55 0 0 55 0 -55 0 0 -55 0 -55 -55 0 0 -55 -55 0 0 0
24200 55 0 0 -55 0 -55 0 0 -55 0 -55 -55 0 0 -55 -55 0 0 0
24200 55 0 0 0 55 55 0 0 0 0 0 0 55 0 55 55 0 -55 -55
24200 55 0 0 0 55 55 0 0 0 0 0 0 55 0 55 55 0 55 55
24200 -55 0 0 0 -55 55 0 0 0 0 0 0 55 0 55 55 0 -55 -55
24200 -55 0 0 0 -55 55 0 0 0 0 0 0 55 0 55 55 0 55 55
24200 -55 0 0 0 55 -55 0 0 0 0 0 0 55 0 55 55 0 -55 -55
24200 -55 0 0 0 55 -55 0 0 0 0 0 0 55 0 55 55 0 55 55
24200 55 0 0 0 -55 -55 0 0 0 0 0 0 55 0 55 55 0 -55 -55
24200 55 0 0 0 -55 -55 0 0 0 0 0 0 55 0 55 55 0 55 55
24200 -55 0 0 0 55 55 0 0 0 0 0 0 -55 0 55 55 0 -55 -55
24200 -55 0 0 0 55 55 0 0 0 0 0 0 -55 0 55 55 0 55 55
24200 55 0 0 0 -55 55 0 0 0 0 0 0 -55 0 55 55 0 -55 -55
24200 55 0 0 0 -55 55 0 0 0 0 0 0 -55 0 55 55 0 55 55
24200 55 0 0 0 55 -55 0 0 0 0 0 0 -55 0 55 55 0 -55 -55
24200 55 0 0 0 55 -55 0 0 0 0 0 0 -55 0 55 55 0 55 55
24200 -55 0 0 0 -55 -55 0 0 0 0 0 0 -55 0 55 55 0 -55 -55
24200 -55 0 0 0 -55 -55 0 0 0 0 0 0 -55 0 55 55 0 55 55
24200 -55 0 0 0 55 55 0 0 0 0 0 0 55 0 -55 55 0 -55 -55
24200 -55 0 0 0 55 55 0 0 0 0 0 0 55 0 -55 55 0 55 55
24200 55 0 0 0 -55 55 0 0 0 0 0 0 55 0 -55 55 0 -55 -55
24200 55 0 0 0 -55 55 0 0 0 0 0 0 55 0 -55 55 0 55 55
24200 55 0 0 0 55 -55 0 0 0 0 0 0 55 0 -55 55 0 -55 -55
24200 55 0 0 0 55 -55 0 0 0 0 0 0 55 0 -55 55 0 55 55
24200 -55 0 0 0 -55 -55 0 0 0 0 0 0 55 0 -55 55 0 -55 -55
24200 -55 0 0 0 -55 -55 0 0 0 0 0 0 55 0 -55 55 0 55 55
24200 55 0 0 0 55 55 0 0 0 0 0 0 -55 0 -55 55 0 -55 -55
24200 55 0 0 0 55 55 0 0 0 0 0 0 -55 0 -55 55 0 55 55
24200 -55 0 0 0 -55 55 0 0 0 0 0 0 -55 0 -55 55 0 -55 -55
24200 -55 0 0 0 -55 55 0 0 0 0 0 0 -55 0 -55 55 0 55 55
24200 -55 0 0 0 55 -55 0 0 0 0 0 0 -55 0 -55 55 0 -55 -55
24200 -55 0 0 0 55 -55 0 0 0 0 0 0 -55 0 -55 55 0 55 55
24200 55 0 0 0 -55 -55 0 0 0 0 0 0 -55 0 -55 55 0 -55 -55
24200 55 0 0 0 -55 -55 0 0 0 0 0 0 -55 0 -55 55 0 55 55
24200 -55 0 0 0 55 55 0 0 0 0 0 0 55 0 55 -55 0 -55 -55
24200 -55 0 0 0 55 55 0 0 0 0 0 0 55 0 55 -55 0 55 55
24200 55 0 0 0 -55 55 0 0 0 0 0 0 55 0 55 -55 0 -55 -55
24200 55 0 0 0 -55 55 0 0 0 0 0 0 55 0 55 -55 0 55 55
24200 55 0 0 0 55 -55 0 0 0 0 0 0 55 0 55 -55 0 -55 -55
24200 55 0 0 0 55 -55 0 0 0 0 0 0 55 0 55 -55 0 55 55
24200 -55 0 0 0 -55 -55 0 0 0 0 0 0 55 0 55 -55 0 -55 -55
24200 -55 0 0 0 -55 -55 0 0 0 0 0 0 55 0 55 -55 0 55 55
24200 55 0 0 0 55 55 0 0 0 0 0 0 -55 0 55 -55 0 -55 -55
24200 55 0 0 0 55 55 0 0 0 0 0 0 -55 0 55 -55 0 55 55
24200 -55 0 0 0 -55 55 0 0 0 0 0 0 -55 0 55 -55 0 -55 -55
24200 -55 0 0 0 -55 55 0 0 0 0 0 0 -55 0 55 -55 0 55 55
24200 -55 0 0 0 55 -55 0 0 0 0 0 0 -55 0 55 -55 0 -55 -55
24200 -55 0 0 0 55 -55 0 0 0 0 0 0 -55 0 55 -55 0 55 55
24200 55 0 0 0 -55 -55 0 0 0 0 0 0 -55 0 55 -55 0 -55 -55
24200 55 0 0 0 -55 -55 0 0 0 0 0 0 -55 0 55 -55 0 55 55
24200 55 0 0 0 55 55 0 0 0 0 0 0 55 0 -55 -55 0 -55 -55
24200 55 0 0 0 55 55 0 0 0 0 0 0 55 0 -55 -55 0 55 55
24200 -55 0 0 0 -55 55 0 0 0 0 0 0 55 0 -55 -55 0 -55 -55
24200 -55 0 0 0 -55 55 0 0 0 0 0 0 55 0 -55 -55 0 55 55
24200 -55 0 0 0 55 -55 0 0 0 0 0 0 55 0 -55 -55 0 -55 -55
24200 -55 0 0 0 55 -55 0 0 0 0 0 0 55 0 -55 -55 0 55 55
24200 55 0 0 0 -55 -55 0 0 0 0 0 0 55 0 -55 -55 0 -55 -55
24200 55 0 0 0 -55 -55 0 0 0 0 0 0 55 0 -55 -55 0 55 55
24200 -55 0 0 0 55 55 0 0 0 0 0 0 -55 0 -55 -55 0 -55 -55
24200 -55 0 0 0 55 55 0 0 0 0 0 0 -55 0 -55 -55 0 55 55
24200 55 0 0 0 -55 55 0 0 0 0 0 0 -55 0 -55 -55 0 -55 -55
24200 55 0 0 0 -55 55 0 0 0 0 0 0 -55 0 -55 -55 0 55 55
24200 55 0 0 0 55 -55 0 0 0 0 0 0 -55 0 -55 -55 0 -55 -55
24200 55 0 0 0 55 -55 0 0 0 0 0 0 -55 0 -55 -55 0 55 55
24200 -55 0 0 0 -55 -55 0 0 0 0 0 0 -55 0 -55 -55 0 -55 -55
24200 -55 0 0 0 -55 -55 0 0 0 0 0 0 -55 0 -55 -55 0 55 55
24200 0 -55 55 0 0 55 55 0 55 0 0 0 55 0 55 55 0 0 0
24200 0 55 -55 0 0 55 55 0 55 0 0 0 55 0 55 55 0 0 0
24200 0 55 55 0 0 -55 55 0 55 0 0 0 55 0 55 55 0 0 0
24200 0 -55 -55 0 0 -55 55 0 55 0 0 0 55 0 55 55 0 0 0
24200 0 55 55 0 0 55 -55 0 55 0 0 0 55 0 55 55 0 0 0
24200 0 -55 -55 0 0 55 -55 0 55 0 0 0 55 0 55 55 0 0 0
24200 0 -55 55 0 0 -55 -55 0 55 0 0 0 55 0 55 55 0 0 0
24200 0 55 -55 0 0 -55 -55 0 55 0 0 0 55 0 55 55 0 0 0
24200 0 55 55 0 0 55 55 0 -55 0 0 0 55 0 55 55 0 0 0
24200 0 -55 -55 0 0 55 55 0 -55 0 0 0 55 0 55 55 0 0 0
24200 0 -55 55 0 0 -55 55 0 -55 0 0 0 55 0 55 55 0 0 0
24200 0 55 -55 0 0 -55 55 0 -55 0 0 0 55 0 55 55 0 0 0
24200 0 -55 55 0 0 55 -55 0 -55 0 0 0 55 0 55 55 0 0 0
24200 0 55 -55 0 0 55 -55 0 -55 0 0 0 55 0 55 55 0 0 0
24200 0 55 55 0 0 -55 -55 0 -55 0 0 0 55 0 55 55 0 0 0
24200 0 -55 -55 0 0 -55 -55 0 -55 0 0 0 55 0 55 55 0 0 0
24200 0 55 55 0 0 55 55 0 55 0 0 0 -55 0 55 55 0 0 0
24200 0 -55 -55 0 0 55 55 0 55 0 0 0 -55 0 55 55 0 0 0
24200 0 -55 55 0 0 -55 55 0 55 0 0 0 -55 0 55 55 0 0 0
24200 0 55 -55 0 0 -55 55 0 55 0 0 0 -55 0 55 55 0 0 0
24200 0 -55 55 0 0 55 -55 0 55 0 0 0 -55 0 55 55 0 0 0
24200 0 55 -55 0 0 55 -55 0 55 0 0 0 -55 0 55 55 0 0 0
24200 0 55 55 0 0 -55 -55 0 55 0 0 0 -55 0 55 55 0 0 0
24200 0 -55 -55 0 0 -55 -55 0 55 0 0 0 -55 0 55 55 0 0 0
24200 0 -55 55 0 0 55 55 0 -55 0 0 0 -55 0 55 55 0 0 0
24200 0 55 -55 0 0 55 55 0 -55 0 0 0 -55 0 55 55 0 0 0
24200 0 55 55 0 0 -55 55 0 -55 0 0 0 -55 0 55 55 0 0 0
24200 0 -55 -55 0 0 -55 55 0 -55 0 0 0 -55 0 55 55 0 0 0
24200 0 55 55 0 0 55 -55 0 -55 0 0 0 -55 0 55 55 0 0 0
24200 0 -55 -55 0 0 55 -55 0 -55 0 0 0 -55 0 55 55 0 0 0
24200 0 -55 55 0 0 -55 -55 0 -55 0 0 0 -55 0 55 55 0 0 0
24200 0 55 -55 0 0 -55 -55 0 -55 0 0 0 -55 0 55 55 0 0 0
24200 0 55 55 0 0 55 55 0 55 0 0 0 55 0 -55 55 0 0 0
24200 0 -55 -55 0 0 55 55 0 55 0 0 0 55 0 -55 55 0 0 0
24200 0 -55 55 0 0 -55 55 0 55 0 0 0 55 0 -55 55 0 0 0
24200 0 55 -55 0 0 -55 55 0 55 0 0 0 55 0 -55 55 0 0 0
24200 0 -55 55 0 0 55 -55 0 55 0 0 0 55 0 -55 55 0 0 0
24200 0 55 -55 0 0 55 -55 0 55 0 0 0 55 0 -55 55 0 0 0
24200 0 55 55 0 0 -55 -55 0 55 0 0 0 55 0 -55 55 0 0 0
24200 0 -55 -55 0 0 -55 -55 0 55 0 0 0 55 0 -55 55 0 0 0
24200 0 -55 55 0 0 55 55 0 -55 0 0 0 55 0 -55 55 0 0 0
24200 0 55 -55 0 0 55 55 0 -55 0 0 0 55 0 -55 55 0 0 0
24200 0 55 55 0 0 -55 55 0 -55 0 0 0 55 0 -55 55 0 0 0
24200 0 -55 -55 0 0 -55 55 0 -55 0 0 0 55 0 -55 55 0 0 0
24200 0 55 55 0 0 55 -55 0 -55 0 0 0 55 0 -55 55 0 0 0
24200 0 -55 -55 0 0 55 -55 0 -55 0 0 0 55 0 -55 55 0 0 0
24200 0 -55 55 0 0 -55 -55 0 -55 0 0 0 55 0 -55 55 0 0 0
24200 0 55 -55 0 0 -55 -55 0 -55 0 0 0 55 0 -55 55 0 0 0
24200 0 -55 55 0 0 55 55 0 55 0 0 0 -55 0 -55 55 0 0 0
24200 0 55 -55 0 0 55 55 0 55 0 0 0 -55 0 -55 55 0 0 0
24200 0 55 55 0 0 -55 55 0 55 0 0 0 -55 0 -55 55 0 0 0
24200 0 -55 -55 0 0 -55 55 0 55 0 0 0 -55 0 -55 55 0 0 0
24200 0 55 55 0 0 55 -55 0 55 0 0 0 -55 0 -55 55 0 0 0
24200 0 -55 -55 0 0 55 -55 0 55 0 0 0 -55 0 -55 55 0 0 0
24200 0 -55 55 0 0 -55 -55 0 55 0 0 0 -55 0 -55 55 0 0 0
24200 0 55 -55 0 0 -55 -55 0 55 0 0 0 -55 0 -55 55 0 0 0
24200 0 55 55 0 0 55 55 0 -55 0 0 0 -55 0 -55 55 0 0 0
24200 0 -55 -55 0 0 55 55 0 -55 0 0 0 -55 0 -55 55 0 0 0
24200 0 -55 55 0 0 -55 55 0 -55 0 0 0 -55 0 -55 55 0 0 0
24200 0 55 -55 0 0 -55 55 0 -55 0 0 0 -55 0 -55 55 0 0 0
24200 0 -55 55 0 0 55 -55 0 -55 0 0 0 -55 0 -55 55 0 0 0
24200 0 55 -55 0 0 55 -55 0 -55 0 0 0 -55 0 -55 55 0 0 0
24200 0 55 55 0 0 -55 -55 0 -55 0 0 0 -55 0 -55 55 0 0 0
24200 0 -55 -55 0 0 -55 -55 0 -55 0 0 0 -55 0 -55 55 0 0 0
24200 0 55 55 0 0 55 55 0 55 0 0 0 55 0 55 -55 0 0 0
24200 0 -55 -55 0 0 55 55 0 55 0 0 0 55 0 55 -55 0 0 0
24200 0 -55 55 0 0 -55 55 0 55 0 0 0 55 0 55 -55 0 0 0
24200 0 55 -55 0 0 -55 55 0 55 0 0 0 55 0 55 -55 0 0 0
24200 0 -55 55 0 0 55 -55 0 55 0 0 0 55 0 55 -55 0 0 0
24200 0 55 -55 0 0 55 -55 0 55 0 0 0 55 0 55 -55 0 0 0
24200 0 55 55 0 0 -55 -55 0 55 0 0 0 55 0 55 -55 0 0 0
24200 0 -55 -55 0 0 -55 -55 0 55 0 0 0 55 0 55 -55 0 0 0
24200 0 -55 55 0 0 55 55 0 -55 0 0 0 55 0 55 -55 0 0 0
24200 0 55 -55 0 0 55 55 0 -55 0 0 0 55 0 55 -55 0 0 0
24200 0 55 55 0 0 -55 55 0 -55 0 0 0 55 0 55 -55 0 0 0
24200 0 -55 -55 0 0 -55 55 0 -55 0 0 0 55 0 55 -55 0 0 0
24200 0 55 55 0 0 55 -55 0 -55 0 0 0 55 0 55 -55 0 0 0
24200 0 -55 -55 0 0 55 -55 0 -55 0 0 0 55 0 55 -55 0 0 0
24200 0 -55 55 0 0 -55 -55 0 -55 0 0 0 55 0 55 -55 0 0 0
24200 0 55 -55 0 0 -55 -55 0 -55 0 0 0 55 0 55 -55 0 0 0
24200 0 -55 55 0 0 55 55 0 55 0 0 0 -55 0 55 -55 0 0 0
24200 0 55 -55 0 0 55 55 0 55 0 0 0 -55 0 55 -55 0 0 0
24200 0 55 55 0 0 -55 55 0 55 0 0 0 -55 0 55 -55 0 0 0
24200 0 -55 -55 0 0 -55 55 0 55 0 0 0 -55 0 55 -55 0 0 0
24200 0 55 55 0 0 55 -55 0 55 0 0 0 -55 0 55 -55 0 0 0
24200 0 -55 -55 0 0 55 -55 0 55 0 0 0 -55 0 55 -55 0 0 0
24200 0 -55 55 0 0 -55 -55 0 55 0 0 0 -55 0 55 -55 0 0 0
24200 0 55 -55 0 0 -55 -55 0 55 0 0 0 -55 0 55 -55 0 0 0
24200 0 55 55 0 0 55 55 0 -55 0 0 0 -55 0 55 -55 0 0 0
24200 0 -55 -55 0 0 55 55 0 -55 0 0 0 -55 0 55 -55 0 0 0
24200 0 -55 55 0 0 -55 55 0 -55 0 0 0 -55 0 55 -55 0 0 0
24200 0 55 -55 0 0 -55 55 0 -55 0 0 0 -55 0 55 -55 0 0 0
24200 0 -55 55 0 0 55 -55 0 -55 0 0 0 -55 0 55 -55 0 0 0
24200 0 55 -55 0 0 55 -55 0 -55 0 0 0 -55 0 55 -55 0 0 0
24200 0 55 55 0 0 -55 -55 0 -55 0 0 0 -55 0 55 -55 0 0 0
24200 0 -55 -55 0 0 -55 -55 0 -55 0 0 0 -55 0 55 -55 0 0 0
24200 0 -55 55 0 0 55 55 0 55 0 0 0 55 0 -55 -55 0 0 0
24200 0 55 -55 0 0 55 55 0 55 0 0 0 55 0 -55 -55 0 0 0
24200 0 55 55 0 0 -55 55 0 55 0 0 0 55 0 -55 -55 0 0 0
24200 0 -55 -55 0 0 -55 55 0 55 0 0 0 55 0 -55 -55 0 0 0
24200 0 55 55 0 0 55 -55 0 55 0 0 0 55 0 -55 -55 0 0 0
24200 0 -55 -55 0 0 55 -55 0 55 0 0 0 55 0 -55 -55 0 0 0
24200 0 -55 55 0 0 -55 -55 0 55 0 0 0 55 0 -55 -55 0 0 0
24200 0 55 -55 0 0 -55 -55 0 55 0 0 0 55 0 -55 -55 0 0 0
24200 0 55 55 0 0 55 55 0 -55 0 0 0 55 0 -55 -55 0 0 0
24200 0 -55 -55 0 0 55 55 0 -55 0 0 0 55 0 -55 -55 0 0 0
24200 0 -55 55 0 0 -55 55 0 -55 0 0 0 55 0 -55 -55 0 0 0
24200 0 55 -55 0 0 -55 55 0 -55 0 0 0 55 0 -55 -55 0 0 0
24200 0 -55 55 0 0 55 -55 0 -55 0 0 0 55 0 -55 -55 0 0 0
24200 0 55 -55 0 0 55 -55 0 -55 0 0 0 55 0 -55 -55 0 0 0
24200 0 55 55 0 0 -55 -55 0 -55 0 0 0 55 0 -55 -55 0 0 0
24200 0 -55 -55 0 0 -55 -55 0 -55 0 0 0 55 0 -55 -55 0 0 0
24200 0 55 55 0 0 55 55 0 55 0 0 0 -55 0 -55 -55 0 0 0
24200 0 -55 -55 0 0 55 55 0 55 0 0 0 -55 0 -55 -55 0 0 0
24200 0 -55 55 0 0 -55 55 0 55 0 0 0 -55 0 -55 -55 0 0 0
24200 0 55 -55 0 0 -55 55 0 55 0 0 0 -55 0 -55 -55 0 0 0
24200 0 -55 55 0 0 55 -55 0 55 0 0 0 -55 0 -55 -55 0 0 0
24200 0 55 -55 0 0 55 -55 0 55 0 0 0 -55 0 -55 -55 0 0 0
24200 0 55 55 0 0 -55 -55 0 55 0 0 0 -55 0 -55 -55 0 0 0
24200 0 -55 -55 0 0 -55 -55 0 55 0 0 0 -55 0 -55 -55 0 0 0
24200 0 -55 55 0 0 55 55 0 -55 0 0 0 -55 0 -55 -55 0 0 0
24200 0 55 -55 0 0 55 55 0 -55 0 0 0 -55 0 -55 -55 0 0 0
24200 0 55 55 0 0 -55 55 0 -55 0 0 0 -55 0 -55 -55 0 0 0
24200 0 -55 -55 0 0 -55 55 0 -55 0 0 0 -55 0 -55 -55 0 0 0
24200 0 55 55 0 0 55 -55 0 -55 0 0 0 -55 0 -55 -55 0 0 0
24200 0 -55 -55 0 0 55 -55 0 -55 0 0 0 -55 0 -55 -55 0 0 0
24200 0 -55 55 0 0 -55 -55 0 -55 0 0 0 -55 0 -55 -55 0 0 0
24200 0 55 -55 0 0 -55 -55 0 -55 0 0 0 -55 0 -55 -55 0 0 0
24200 0 0 0 55 0 0 55 0 0 0 55 0 55 0 55 55 -55 55 0
24200 0 0 0 55 0 0 55 0 0 0 55 0 55 0 55 55 55 -55 0
24200 0 0 0 -55 0 0 -55 0 0 0 55 0 55 0 55 55 -55 55 0
24200 0 0 0 -55 0 0 -55 0 0 0 55 0 55 0 55 55 55 -55 0
24200 0 0 0 -55 0 0 55 0 0 0 -55 0 55 0 55 55 -55 55 0
24200 0 0 0 -55 0 0 55 0 0 0 -55 0 55 0 55 55 55 -55 0
24200 0 0 0 55 0 0 -55 0 0 0 -55 0 55 0 55 55 -55 55 0
24200 0 0 0 55 0 0 -55 0 0 0 -55 0 55 0 55 55 55 -55 0
24200 0 0 0 -55 0 0 55 0 0 0 55 0 -55 0 55 55 -55 55 0
24200 0 0 0 -55 0 0 55 0 0 0 55 0 -55 0 55 55 55 -55 0
24200 0 0 0 55 0 0 -55 0 0 0 55 0 -55 0 55 55 -55 55 0
24200 0 0 0 55 0 0 -55 0 0 0 55 0 -55 0 55 55 55 -55 0
24200 0 0 0 55 0 0 55 0 0 0 -55 0 -55 0 55 55 -55 55 0
24200 0 0 0 55 0 0 55 0 0 0 -55 0 -55 0 55 55 55 -55 0
24200 0 0 0 -55 0 0 -55 0 0 0 -55 0 -55 0 55 55 -55 55 0
24200 0 0 0 -55 0 0 -55 0 0 0 -55 0 -55 0 55 55 55 -55 0
24200 0 0 0 -55 0 0 55 0 0 0 55 0 55 0 -55 55 -55 55 0
24200 0 0 0 -55 0 0 55 0 0 0 55 0 55 0 -55 55 55 -55 0
24200 0 0 0 55 0 0 -55 0 0 0 55 0 55 0 -55 55 -55 55 0
24200 0 0 0 55 0 0 -55 0 0 0 55 0 55 0 -55 55 55 -55 0
24200 0 0 0 55 0 0 55 0 0 0 -55 0 55 0 -55 55 -55 55 0
24200 0 0 0 55 0 0 55 0 0 0 -55 0 55 0 -55 55 55 -55 0
24200 0 0 0 -55 0 0 -55 0 0 0 -55 0 55 0 -55 55 -55 55 0
24200 0 0 0 -55 0 0 -55 0 0 0 -55 0 55 0 -55 55 55 -55 0
24200 0 0 0 55 0 0 55 0 0 0 55 0 -55 0 -55 55 -55 55 0
24200 0 0 0 55 0 0 55 0 0 0 55 0 -55 0 -55 55 55 -55 0
24200 0 0 0 -55 0 0 -55 0 0 0 55 0 -55 0 -55 55 -55 55 0
24200 0 0 0 -55 0 0 -55 0 0 0 55 0 -55 0 -55 55 55 -55 0
24200 0 0 0 -55 0 0 55 0 0 0 -55 0 -55 0 -55 55 -55 55 0
24200 0 0 0 -55 0 0 55 0 0 0 -55 0 -55 0 -55 55 55 -55 0
24200 0 0 0 55 0 0 -55 0 0 0 -55 0 -55 0 -55 55 -55 55 0
24200 0 0 0 55 0 0 -55 0 0 0 -55 0 -55 0 -55 55 55 -55 0
24200 0 0 0 -55 0 0 55 0 0 0 55 0 55 0 55 -55 -55 55 0
24200 0 0 0 -55 0 0 55 0 0 0 55 0 55 0 55 -55 55 -55 0
24200 0 0 0 55 0 0 -55 0 0 0 55 0 55 0 55 -55 -55 55 0
24200 0 0 0 55 0 0 -55 0 0 0 55 0 55 0 55 -55 55 -55 0
24200 0 0 0 55 0 0 55 0 0 0 -55 0 55 0 55 -55 -55 55 0
24200 0 0 0 55 0 0 55 0 0 0 -55 0 55 0 55 -55 55 -55 0
24200 0 0 0 -55 0 0 -55 0 0 0 -55 0 55 0 55 -55 -55 55 0
24200 0 0 0 -55 0 0 -55 0 0 0 -55 0 55 0 55 -55 55 -55 0
24200 0 0 0 55 0 0 55 0 0 0 55 0 -55 0 55 -55 -55 55 0
24200 0 0 0 55 0 0 55 0 0 0 55 0 -55 0 55 -55 55 -55 0
24200 0 0 0 -55 0 0 -55 0 0 0 55 0 -55 0 55 -55 -55 55 0
24200 0 0 0 -55 0 0 -55 0 0 0 55 0 -55 0 55 -55 55 -55 0
24200 0 0 0 -55 0 0 55 0 0 0 -55 0 -55 0 55 -55 -55 55 0
24200 0 0 0 -55 0 0 55 0 0 0 -55 0 -55 0 55 -55 55 -55 0
24200 0 0 0 55 0 0 -55 0 0 0 -55 0 -55 0 55 -55 -55 55 0
24200 0 0 0 55 0 0 -55 0 0 0 -55 0 -55 0 55 -55 55 -55 0
24200 0 0 0 55 0 0 55 0 0 0 55 0 55 0 -55 -55 -55 55 0
24200 0 0 0 55 0 0 55 0 0 0 55 0 55 0 -55 -55 55 -55 0
24200 0 0 0 -55 0 0 -55 0 0 0 55 0 55 0 -55 -55 -55 55 0
24200 0 0 0 -55 0 0 -55 0 0 0 55 0 55 0 -55 -55 55 -55 0
24200 0 0 0 -55 0 0 55 0 0 0 -55 0 55 0 -55 -55 -55 55 0
24200 0 0 0 -55 0 0 55 0 0 0 -55 0 55 0 -55 -55 55 -55 0
24200 0 0 0 55 0 0 -55 0 0 0 -55 0 55 0 -55 -55 -55 55 0
24200 0 0 0 55 0 0 -55 0 0 0 -55 0 55 0 -55 -55 55 -55 0
24200 0 0 0 -55 0 0 55 0 0 0 55 0 -55 0 -55 -55 -55 55 0
24200 0 0 0 -55 0 0 55 0 0 0 55 0 -55 0 -55 -55 55 -55 0
24200 0 0 0 55 0 0 -55 0 0 0 55 0 -55 0 -55 -55 -55 55 0
24200 0 0 0 55 0 0 -55 0 0 0 55 0 -55 0 -55 -55 55 -55 0
24200 0 0 0 55 0 0 55 0 0 0 -55 0 -55 0 -55 -55 -55 55 0
24200 0 0 0 55 0 0 55 0 0 0 -55 0 -55 0 -55 -55 55 -55 0
24200 0 0 0 -55 0 0 -55 0 0 0 -55 0 -55 0 -55 -55 -55 55 0
24200 0 0 0 -55 0 0 -55 0 0 0 -55 0 -55 0 -55 -55 55 -55 0
24200 0 0 -55 0 55 0 0 0 0 55 55 55 55 0 55 55 0 0 0
24200 0 0 55 0 -55 0 0 0 0 55 55 55 55 0 55 55 0 0 0
24200 0 0 55 0 55 0 0 0 0 -55 55 55 55 0 55 55 0 0 0
24200 0 0 -55 0 -55 0 0 0 0 -55 55 55 55 0 55 55 0 0 0
24200 0 0 55 0 55 0 0 0 0 55 -55 55 55 0 55 55 0 0 0
24200 0 0 -55 0 -55 0 0 0 0 55 -55 55 55 0 55 55 0 0 0
24200 0 0 -55 0 55 0 0 0 0 -55 -55 55 55 0 55 55 0 0 0
24200 0 0 55 0 -55 0 0 0 0 -55 -55 55 55 0 55 55 0 0 0
24200 0 0 55 0 55 0 0 0 0 55 55 -55 55 0 55 55 0 0 0
24200 0 0 -55 0 -55 0 0 0 0 55 55 -55 55 0 55 55 0 0 0
24200 0 0 -55 0 55 0 0 0 0 -55 55 -55 55 0 55 55 0 0 0
24200 0 0 55 0 -55 0 0 0 0 -55 55 -55 55 0 55 55 0 0 0
24200 0 0 -55 0 55 0 0 0 0 55 -55 -55 55 0 55 55 0 0 0
24200 0 0 55 0 -55 0 0 0 0 55 -55 -55 55 0 55 55 0 0 0
24200 0 0 55 0 55 0 0 0 0 -55 -55 -55 55 0 55 55 0 0 0
24200 0 0 -55 0 -55 0 0 0 0 -55 -55 -55 55 0 55 55 0 0 0
24200 0 0 55 0 55 0 0 0 0 55 55 55 -55 0 55 55 0 0 0
24200 0 0 -55 0 -55 0 0 0 0 55 55 55 -55 0 55 55 0 0 0
24200 0 0 -55 0 55 0 0 0 0 -55 55 55 -55 0 55 55 0 0 0
24200 0 0 55 0 -55 0 0 0 0 -55 55 55 -55 0 55 55 0 0 0
24200 0 0 -55 0 55 0 0 0 0 55 -55 55 -55 0 55 55 0 0 0
24200 0 0 55 0 -55 0 0 0 0 55 -55 55 -55 0 55 55 0 0 0
24200 0 0 55 0 55 0 0 0 0 -55 -55 55 -55 0 55 55 0 0 0
24200 0 0 -55 0 -55 0 0 0 0 -55 -55 55 -55 0 55 55 0 0 0
24200 0 0 -55 0 55 0 0 0 0 55 55 -55 -55 0 55 55 0 0 0
24200 0 0 55 0 -55 0 0 0 0 55 55 -55 -55 0 55 55 0 0 0
24200 0 0 55 0 55 0 0 0 0 -55 55 -55 -55 0 55 55 0 0 0
24200 0 0 -55 0 -55 0 0 0 0 -55 55 -55 -55 0 55 55 0 0 0
24200 0 0 55 0 55 0 0 0 0 55 -55 -55 -55 0 55 55 0 0 0
24200 0 0 -55 0 -55 0 0 0 0 55 -55 -55 -55 0 55 55 0 0 0
24200 0 0 -55 0 55 0 0 0 0 -55 -55 -55 -55 0 55 55 0 0 0
24200 0 0 55 0 -55 0 0 0 0 -55 -55 -55 -55 0 55 55 0 0 0
24200 0 0 55 0 55 0 0 0 0 55 55 55 55 0 -55 55 0 0 0
24200 0 0 -55 0 -55 0 0 0 0 55 55 55 55 0 -55 55 0 0 0
24200 0 0 -55 0 55 0 0 0 0 -55 55 55 55 0 -55 55 0 0 0
24200 0 0 55 0 -55 0 0 0 0 -55 55 55 55 0 -55 55 0 0 0
24200 0 0 -55 0 55 0 0 0 0 55 -55 55 55 0 -55 55 0 0 0
24200 0 0 55 0 -55 0 0 0 0 55 -55 55 55 0 -55 55 0 0 0
24200 0 0 55 0 55 0 0 0 0 -55 -55 55 55 0 -55 55 0 0 0
24200 0 0 -55 0 -55 0 0 0 0 -55 -55 55 55 0 -55 55 0 0 0
24200 0 0 -55 0 55 0 0 0 0 55 55 -55 55 0 -55 55 0 0 0
24200 0 0 55 0 -55 0 0 0 0 55 55 -55 55 0 -55 55 0 0 0
24200 0 0 55 0 55 0 0 0 0 -55 55 -55 55 0 -55 55 0 0 0
24200 0 0 -55 0 -55 0 0 0 0 -55 55 -55 55 0 -55 55 0 0 0
24200 0 0 55 0 55 0 0 0 0 55 -55 -55 55 0 -55 55 0 0 0
24200 0 0 -55 0 -55 0 0 0 0 55 -55 -55 55 0 -55 55 0 0 0
24200 0 0 -55 0 55 0 0 0 0 -55 -55 -55 55 0 -55 55 0 0 0
24200 0 0 55 0 -55 0 0 0 0 -55 -55 -55 55 0 -55 55 0 0 0
24200 0 0 -55 0 55 0 0 0 0 55 55 55 -55 0 -55 55 0 0 0
24200 0 0 55 0 -55 0 0 0 0 55 55 55 -55 0 -55 55 0 0 0
24200 0 0 55 0 55 0 0 0 0 -55 55 55 -55 0 -55 55 0 0 0
24200 0 0 -55 0 -55 0 0 0 0 -55 55 55 -55 0 -55 55 0 0 0
24200 0 0 55 0 55 0 0 0 0 55 -55 55 -55 0 -55 55 0 0 0
24200 0 0 -55 0 -55 0 0 0 0 55 -55 55 -55 0 -55 55 0 0 0
24200 0 0 -55 0 55 0 0 0 0 -55 -55 55 -55 0 -55 55 0 0 0
24200 0 0 55 0 -55 0 0 0 0 -55 -55 55 -55 0 -55 55 0 0 0
24200 0 0 55 0 55 0 0 0 0 55 55 -55 -55 0 -55 55 0 0 0
24200 0 0 -55 0 -55 0 0 0 0 55 55 -55 -55 0 -55 55 0 0 0
24200 0 0 -55 0 55 0 0 0 0 -55 55 -55 -55 0 -55 55 0 0 0
24200 0 0 55 0 -55 0 0 0 0 -55 55 -55 -55 0 -55 55 0 0 0
24200 0 0 -55 0 55 0 0 0 0 55 -55 -55 -55 0 -55 55 0 0 0
24200 0 0 55 0 -55 0 0 0 0 55 -55 -55 -55 0 -55 55 0 0 0
24200 0 0 55 0 55 0 0 0 0 -55 -55 -55 -55 0 -55 55 0 0 0
24200 0 0 -55 0 -55 0 0 0 0 -55 -55 -55 -55 0 -55 55 0 0 0
24200 0 0 55 0 55 0 0 0 0 55 55 55 55 0 55 -55 0 0 0
24200 0 0 -55 0 -55 0 0 0 0 55 55 55 55 0 55 -55 0 0 0
24200 0 0 -55 0 55 0 0 0 0 -55 55 55 55 0 55 -55 0 0 0
24200 0 0 55 0 -55 0 0 0 0 -55 55 55 55 0 55 -55 0 0 0
24200 0 0 -55 0 55 0 0 0 0 55 -55 55 55 0 55 -55 0 0 0
24200 0 0 55 0 -55 0 0 0 0 55 -55 55 55 0 55 -55 0 0 0
24200 0 0 55 0 55 0 0 0 0 -55 -55 55 55 0 55 -55 0 0 0
24200 0 0 -55 0 -55 0 0 0 0 -55 -55 55 55 0 55 -55 0 0 0
24200 0 0 -55 0 55 0 0 0 0 55 55 -55 55 0 55 -55 0 0 0
24200 0 0 55 0 -55 0 0 0 0 55 55 -55 55 0 55 -55 0 0 0
24200 0 0 55 0 55 0 0 0 0 -55 55 -55 55 0 55 -55 0 0 0
24200 0 0 -55 0 -55 0 0 0 0 -55 55 -55 55 0 55 -55 0 0 0
24200 0 0 55 0 55 0 0 0 0 55 -55 -55 55 0 55 -55 0 0 0
24200 0 0 -55 0 -55 0 0 0 0 55 -55 -55 55 0 55 -55 0 0 0
24200 0 0 -55 0 55 0 0 0 0 -55 -55 -55 55 0 55 -55 0 0 0
24200 0 0 55 0 -55 0 0 0 0 -55 -55 -55 55 0 55 -55 0 0 0
24200 0 0 -55 0 55 0 0 0 0 55 55 55 -55 0 55 -55 0 0 0
24200 0 0 55 0 -55 0 0 0 0 55 55 55 -55 0 55 -55 0 0 0
24200 0 0 55 0 55 0 0 0 0 -55 55 55 -55 0 55 -55 0 0 0
24200 0 0 -55 0 -55 0 0 0 0 -55 55 55 -55 0 55 -55 0 0 0
24200 0 0 55 0 55 0 0 0 0 55 -55 55 -55 0 55 -55 0 0 0
24200 0 0 -55 0 -55 0 0 0 0 55 -55 55 -55 0 55 -55 0 0 0
24200 0 0 -55 0 55 0 0 0 0 -55 -55 55 -55 0 55 -55 0 0 0
24200 0 0 55 0 -55 0 0 0 0 -55 -55 55 -55 0 55 -55 0 0 0
24200 0 0 55 0 55 0 0 0 0 55 55 -55 -55 0 55 -55 0 0 0
24200 0 0 -55 0 -55 0 0 0 0 55 55 -55 -55 0 55 -55 0 0 0
24200 0 0 -55 0 55 0 0 0 0 -55 55 -55 -55 0 55 -55 0 0 0
24200 0 0 55 0 -55 0 0 0 0 -55 55 -55 -55 0 55 -55 0 0 0
24200 0 0 -55 0 55 0 0 0 0 55 -55 -55 -55 0 55 -55 0 0 0
24200 0 0 55 0 -55 0 0 0 0 55 -55 -55 -55 0 55 -55 0 0 0
24200 0 0 55 0 55 0 0 0 0 -55 -55 -55 -55 0 55 -55 0 0 0
24200 0 0 -55 0 -55 0 0 0 0 -55 -55 -55 -55 0 55 -55 0 0 0
24200 0 0 -55 0 55 0 0 0 0 55 55 55 55 0 -55 -55 0 0 0
24200 0 0 55 0 -55 0 0 0 0 55 55 55 55 0 -55 -55 0 0 0
24200 0 0 55 0 55 0 0 0 0 -55 55 55 55 0 -55 -55 0 0 0
24200 0 0 -55 0 -55 0 0 0 0 -55 55 55 55 0 -55 -55 0 0 0
24200 0 0 55 0 55 0 0 0 0 55 -55 55 55 0 -55 -55 0 0 0
24200 0 0 -55 0 -55 0 0 0 0 55 -55 55 55 0 -55 -55 0 0 0
24200 0 0 -55 0 55 0 0 0 0 -55 -55 55 55 0 -55 -55 0 0 0
24200 0 0 55 0 -55 0 0 0 0 -55 -55 55 55 0 -55 -55 0 0 0
24200 0 0 55 0 55 0 0 0 0 55 55 -55 55 0 -55 -55 0 0 0
24200 0 0 -55 0 -55 0 0 0 0 55 55 -55 55 0 -55 -55 0 0 0
24200 0 0 -55 0 55 0 0 0 0 -55 55 -55 55 0 -55 -55 0 0 0
24200 0 0 55 0 -55 0 0 0 0 -55 55 -55 55 0 -55 -55 0 0 0
24200 0 0 -55 0 55 0 0 0 0 55 -55 -55 55 0 -55 -55 0 0 0
24200 0 0 55 0 -55 0 0 0 0 55 -55 -55 55 0 -55 -55 0 0 0
24200 0 0 55 0 55 0 0 0 0 -55 -55 -55 55 0 -55 -55 0 0 0
24200 0 0 -55 0 -55 0 0 0 0 -55 -55 -55 55 0 -55 -55 0 0 0
24200 0 0 55 0 55 0 0 0 0 55 55 55 -55 0 -55 -55 0 0 0
24200 0 0 -55 0 -55 0 0 0 0 55 55 55 -55 0 -55 -55 0 0 0
24200 0 0 -55 0 55 0 0 0 0 -55 55 55 -55 0 -55 -55 0 0 0
24200 0 0 55 0 -55 0 0 0 0 -55 55 55 -55 0 -55 -55 0 0 0
24200 0 0 -55 0 55 0 0 0 0 55 -55 55 -55 0 -55 -55 0 0 0
24200 0 0 55 0 -55 0 0 0 0 55 -55 55 -55 0 -55 -55 0 0 0
24200 0 0 55 0 55 0 0 0 0 -55 -55 55 -55 0 -55 -55 0 0 0
24200 0 0 -55 0 -55 0 0 0 0 -55 -55 55 -55 0 -55 -55 0 0 0
24200 0 0 -55 0 55 0 0 0 0 55 55 -55 -55 0 -55 -55 0 0 0
24200 0 0 55 0 -55 0 0 0 0 55 55 -55 -55 0 -55 -55 0 0 0
24200 0 0 55 0 55 0 0 0 0 -55 55 -55 -55 0 -55 -55 0 0 0
24200 0 0 -55 0 -55 0 0 0 0 -55 55 -55 -55 0 -55 -55 0 0 0
24200 0 0 55 0 55 0 0 0 0 55 -55 -55 -55 0 -55 -55 0 0 0
24200 0 0 -55 0 -55 0 0 0 0 55 -55 -55 -55 0 -55 -55 0 0 0
24200 0 0 -55 0 55 0 0 0 0 -55 -55 -55 -55 0 -55 -55 0 0 0
24200 0 0 55 0 -55 0 0 0 0 -55 -55 -55 -55 0 -55 -55 0 0 0
24200 0 0 0 55 0 55 55 0 0 0 0 0 0 55 55 55 -55 -55 0
24200 0 0 0 55 0 55 55 0 0 0 0 0 0 55 55 55 55 55 0
24200 0 0 0 -55 0 -55 55 0 0 0 0 0 0 55 55 55 -55 -55 0
24200 0 0 0 -55 0 -55 55 0 0 0 0 0 0 55 55 55 55 55 0
24200 0 0 0 -55 0 55 -55 0 0 0 0 0 0 55 55 55 -55 -55 0
24200 0 0 0 -55 0 55 -55 0 0 0 0 0 0 55 55 55 55 55 0
24200 0 0 0 55 0 -55 -55 0 0 0 0 0 0 55 55 55 -55 -55 0
24200 0 0 0 55 0 -55 -55 0 0 0 0 0 0 55 55 55 55 55 0
24200 0 0 0 -55 0 55 55 0 0 0 0 0 0 -55 55 55 -55 -55 0
24200 0 0 0 -55 0 55 55 0 0 0 0 0 0 -55 55 55 55 55 0
24200 0 0 0 55 0 -55 55 0 0 0 0 0 0 -55 55 55 -55 -55 0
24200 0 0 0 55 0 -55 55 0 0 0 0 0 0 -55 55 55 55 55 0
24200 0 0 0 55 0 55 -55 0 0 0 0 0 0 -55 55 55 -55 -55 0
24200 0 0 0 55 0 55 -55 0 0 0 0 0 0 -55 55 55 55 55 0
24200 0 0 0 -55 0 -55 -55 0 0 0 0 0 0 -55 55 55 -55 -55 0
24200 0 0 0 -55 0 -55 -55 0 0 0 0 0 0 -55 55 55 55 55 0
24200 0 0 0 -55 0 55 55 0 0 0 0 0 0 55 -55 55 -55 -55 0
24200 0 0 0 -55 0 55 55 0 0 0 0 0 0 55 -55 55 55 55 0
24200 0 0 0 55 0 -55 55 0 0 0 0 0 0 55 -55 55 -55 -55 0
24200 0 0 0 55 0 -55 55 0 0 0 0 0 0 55 -55 55 55 55 0
24200 0 0 0 55 0 55 -55 0 0 0 0 0 0 55 -55 55 -55 -55 0
24200 0 0 0 55 0 55 -55 0 0 0 0 0 0 55 -55 55 55 55 0
24200 0 0 0 -55 0 -55 -55 0 0 0 0 0 0 55 -55 55 -55 -55 0
24200 0 0 0 -55 0 -55 -55 0 0 0 0 0 0 55 -55 55 55 55 0
24200 0 0 0 55 0 55 55 0 0 0 0 0 0 -55 -55 55 -55 -55 0
24200 0 0 0 55 0 55 55 0 0 0 0 0 0 -55 -55 55 55 55 0
24200 0 0 0 -55 0 -55 55 0 0 0 0 0 0 -55 -55 55 -55 -55 0
24200 0 0 0 -55 0 -55 55 0 0 0 0 0 0 -55 -55 55 55 55 0
24200 0 0 0 -55 0 55 -55 0 0 0 0 0 0 -55 -55 55 -55 -55 0
24200 0 0 0 -55 0 55 -55 0 0 0 0 0 0 -55 -55 55 55 55 0
24200 0 0 0 55 0 -55 -55 0 0 0 0 0 0 -55 -55 55 -55 -55 0
24200 0 0 0 55 0 -55 -55 0 0 0 0 0 0 -55 -55 55 55 55 0
24200 0 0 0 -55 0 55 55 0 0 0 0 0 0 55 55 -55 -55 -55 0
24200 0 0 0 -55 0 55 55 0 0 0 0 0 0 55 55 -55 55 55 0
24200 0 0 0 55 0 -55 55 0 0 0 0 0 0 55 55 -55 -55 -55 0
24200 0 0 0 55 0 -55 55 0 0 0 0 0 0 55 55 -55 55 55 0
24200 0 0 0 55 0 55 -55 0 0 0 0 0 0 55 55 -55 -55 -55 0
24200 0 0 0 55 0 55 -55 0 0 0 0 0 0 55 55 -55 55 55 0
24200 0 0 0 -55 0 -55 -55 0 0 0 0 0 0 55 55 -55 -55 -55 0
24200 0 0 0 -55 0 -55 -55 0 0 0 0 0 0 55 55 -55 55 55 0
24200 0 0 0 55 0 55 55 0 0 0 0 0 0 -55 55 -55 -55 -55 0
24200 0 0 0 55 0 55 55 0 0 0 0 0 0 -55 55 -55 55 55 0
24200 0 0 0 -55 0 -55 55 0 0 0 0 0 0 -55 55 -55 -55 -55 0
24200 0 0 0 -55 0 -55 55 0 0 0 0 0 0 -55 55 -55 55 55 0
24200 0 0 0 -55 0 55 -55 0 0 0 0 0 0 -55 55 -55 -55 -55 0
24200 0 0 0 -55 0 55 -55 0 0 0 0 0 0 -55 55 -55 55 55 0
24200 0 0 0 55 0 -55 -55 0 0 0 0 0 0 -55 55 -55 -55 -55 0
24200 0 0 0 55 0 -55 -55 0 0 0 0 0 0 -55 55 -55 55 55 0
24200 0 0 0 55 0 55 55 0 0 0 0 0 0 55 -55 -55 -55 -55 0
24200 0 0 0 55 0 55 55 0 0 0 0 0 0 55 -55 -55 55 55 0
24200 0 0 0 -55 0 -55 55 0 0 0 0 0 0 55 -55 -55 -55 -55 0
24200 0 0 0 -55 0 -55 55 0 0 0 0 0 0 55 -55 -55 55 55 0
24200 0 0 0 -55 0 55 -55 0 0 0 0 0 0 55 -55 -55 -55 -55 0
24200 0 0 0 -55 0 55 -55 0 0 0 0 0 0 55 -55 -55 55 55 0
24200 0 0 0 55 0 -55 -55 0 0 0 0 0 0 55 -55 -55 -55 -55 0
24200 0 0 0 55 0 -55 -55 0 0 0 0 0 0 55 -55 -55 55 55 0
24200 0 0 0 -55 0 55 55 0 0 0 0 0 0 -55 -55 -55 -55 -55 0
24200 0 0 0 -55 0 55 55 0 0 0 0 0 0 -55 -55 -55 55 55 0
24200 0 0 0 55 0 -55 55 0 0 0 0 0 0 -55 -55 -55 -55 -55 0
24200 0 0 0 55 0 -55 55 0 0 0 0 0 0 -55 -55 -55 55 55 0
24200 0 0 0 55 0 55 -55 0 0 0 0 0 0 -55 -55 -55 -55 -55 0
24200 0 0 0 55 0 55 -55 0 0 0 0 0 0 -55 -55 -55 55 55 0
24200 0 0 0 -55 0 -55 -55 0 0 0 0 0 0 -55 -55 -55 -55 -55 0
24200 0 0 0 -55 0 -55 -55 0 0 0 0 0 0 -55 -55 -55 55 55 0
24200 0 0 0 0 -55 55 0 55 55 55 0 0 0 55 55 55 0 0 0
24200 0 0 0 0 55 -55 0 55 55 55 0 0 0 55 55 55 0 0 0
24200 0 0 0 0 55 55 0 -55 55 55 0 0 0 55 55 55 0 0 0
24200 0 0 0 0 -55 -55 0 -55 55 55 0 0 0 55 55 55 0 0 0
24200 0 0 0 0 55 55 0 55 -55 55 0 0 0 55 55 55 0 0 0
24200 0 0 0 0 -55 -55 0 55 -55 55 0 0 0 55 55 55 0 0 0
24200 0 0 0 0 -55 55 0 -55 -55 55 0 0 0 55 55 55 0 0 0
24200 0 0 0 0 55 -55 0 -55 -55 55 0 0 0 55 55 55 0 0 0
24200 0 0 0 0 55 55 0 55 55 -55 0 0 0 55 55 55 0 0 0
24200 0 0 0 0 -55 -55 0 55 55 -55 0 0 0 55 55 55 0 0 0
24200 0 0 0 0 -55 55 0 -55 55 -55 0 0 0 55 55 55 0 0 0
24200 0 0 0 0 55 -55 0 -55 55 -55 0 0 0 55 55 55 0 0 0
24200 0 0 0 0 -55 55 0 55 -55 -55 0 0 0 55 55 55 0 0 0
24200 0 0 0 0 55 -55 0 55 -55 -55 0 0 0 55 55 55 0 0 0
24200 0 0 0 0 55 55 0 -55 -55 -55 0 0 0 55 55 55 0 0 0
24200 0 0 0 0 -55 -55 0 -55 -55 -55 0 0 0 55 55 55 0 0 0
24200 0 0 0 0 55 55 0 55 55 55 0 0 0 -55 55 55 0 0 0
24200 0 0 0 0 -55 -55 0 55 55 55 0 0 0 -55 55 55 0 0 0
24200 0 0 0 0 -55 55 0 -55 55 55 0 0 0 -55 55 55 0 0 0
24200 0 0 0 0 55 -55 0 -55 55 55 0 0 0 -55 55 55 0 0 0
24200 0 0 0 0 -55 55 0 55 -55 55 0 0 0 -55 55 55 0 0 0
24200 0 0 0 0 55 -55 0 55 -55 55 0 0 0 -55 55 55 0 0 0
24200 0 0 0 0 55 55 0 -55 -55 55 0 0 0 -55 55 55 0 0 0
24200 0 0 0 0 -55 -55 0 -55 -55 55 0 0 0 -55 55 55 0 0 0
24200 0 0 0 0 -55 55 0 55 55 -55 0 0 0 -55 55 55 0 0 0
24200 0 0 0 0 55 -55 0 55 55 -55 0 0 0 -55 55 55 0 0 0
24200 0 0 0 0 55 55 0 -55 55 -55 0 0 0 -55 55 55 0 0 0
24200 0 0 0 0 -55 -55 0 -55 55 -55 0 0 0 -55 55 55 0 0 0
24200 0 0 0 0 55 55 0 55 -55 -55 0 0 0 -55 55 55 0 0 0
24200 0 0 0 0 -55 -55 0 55 -55 -55 0 0 0 -55 55 55 0 0 0
24200 0 0 0 0 -55 55 0 -55 -55 -55 0 0 0 -55 55 55 0 0 0
24200 0 0 0 0 55 -55 0 -55 -55 -55 0 0 0 -55 55 55 0 0 0
24200 0 0 0 0 55 55 0 55 55 55 0 0 0 55 -55 55 0 0 0
24200 0 0 0 0 -55 -55 0 55 55 55 0 0 0 55 -55 55 0 0 0
24200 0 0 0 0 -55 55 0 -55 55 55 0 0 0 55 -55 55 0 0 0
24200 0 0 0 0 55 -55 0 -55 55 55 0 0 0 55 -55 55 0 0 0
24200 0 0 0 0 -55 55 0 55 -55 55 0 0 0 55 -55 55 0 0 0
24200 0 0 0 0 55 -55 0 55 -55 55 0 0 0 55 -55 55 0 0 0
24200 0 0 0 0 55 55 0 -55 -55 55 0 0 0 55 -55 55 0 0 0
24200 0 0 0 0 -55 -55 0 -55 -55 55 0 0 0 55 -55 55 0 0 0
24200 0 0 0 0 -55 55 0 55 55 -55 0 0 0 55 -55 55 0 0 0
24200 0 0 0 0 55 -55 0 55 55 -55 0 0 0 55 -55 55 0 0 0
24200 0 0 0 0 55 55 0 -55 55 -55 0 0 0 55 -55 55 0 0 0
24200 0 0 0 0 -55 -55 0 -55 55 -55 0 0 0 55 -55 55 0 0 0
24200 0 0 0 0 55 55 0 55 -55 -55 0 0 0 55 -55 55 0 0 0
24200 0 0 0 0 -55 -55 0 55 -55 -55 0 0 0 55 -55 55 0 0 0
24200 0 0 0 0 -55 55 0 -55 -55 -55 0 0 0 55 -55 55 0 0 0
24200 0 0 0 0 55 -55 0 -55 -55 -55 0 0 0 55 -55 55 0 0 0
24200 0 0 0 0 -55 55 0 55 55 55 0 0 0 -55 -55 55 0 0 0
24200 0 0 0 0 55 -55 0 55 55 55 0 0 0 -55 -55 55 0 0 0
24200 0 0 0 0 55 55 0 -55 55 55 0 0 0 -55 -55 55 0 0 0
24200 0 0 0 0 -55 -55 0 -55 55 55 0 0 0 -55 -55 55 0 0 0
24200 0 0 0 0 55 55 0 55 -55 55 0 0 0 -55 -55 55 0 0 0
24200 0 0 0 0 -55 -55 0 55 -55 55 0 0 0 -55 -55 55 0 0 0
24200 0 0 0 0 -55 55 0 -55 -55 55 0 0 0 -55 -55 55 0 0 0
24200 0 0 0 0 55 -55 0 -55 -55 55 0 0 0 -55 -55 55 0 0 0
24200 0 0 0 0 55 55 0 55 55 -55 0 0 0 -55 -55 55 0 0 0
24200 0 0 0 0 -55 -55 0 55 55 -55 0 0 0 -55 -55 55 0 0 0
24200 0 0 0 0 -55 55 0 -55 55 -55 0 0 0 -55 -55 55 0 0 0
24200 0 0 0 0 55 -55 0 -55 55 -55 0 0 0 -55 -55 55 0 0 0
24200 0 0 0 0 -55 55 0 55 -55 -55 0 0 0 -55 -55 55 0 0 0
24200 0 0 0 0 55 -55 0 55 -55 -55 0 0 0 -55 -55 55 0 0 0
24200 0 0 0 0 55 55 0 -55 -55 -55 0 0 0 -55 -55 55 0 0 0
24200 0 0 0 0 -55 -55 0 -55 -55 -55 0 0 0 -55 -55 55 0 0 0
24200 0 0 0 0 55 55 0 55 55 55 0 0 0 55 55 -55 0 0 0
24200 0 0 0 0 -55 -55 0 55 55 55 0 0 0 55 55 -55 0 0 0
24200 0 0 0 0 -55 55 0 -55 55 55 0 0 0 55 55 -55 0 0 0
24200 0 0 0 0 55 -55 0 -55 55 55 0 0 0 55 55 -55 0 0 0
24200 0 0 0 0 -55 55 0 55 -55 55 0 0 0 55 55 -55 0 0 0
24200 0 0 0 0 55 -55 0 55 -55 55 0 0 0 55 55 -55 0 0 0
24200 0 0 0 0 55 55 0 -55 -55 55 0 0 0 55 55 -55 0 0 0
24200 0 0 0 0 -55 -55 0 -55 -55 55 0 0 0 55 55 -55 0 0 0
24200 0 0 0 0 -55 55 0 55 55 -55 0 0 0 55 55 -55 0 0 0
24200 0 0 0 0 55 -55 0 55 55 -55 0 0 0 55 55 -55 0 0 0
24200 0 0 0 0 55 55 0 -55 55 -55 0 0 0 55 55 -55 0 0 0
24200 0 0 0 0 -55 -55 0 -55 55 -55 0 0 0 55 55 -55 0 0 0
24200 0 0 0 0 55 55 0 55 -55 -55 0 0 0 55 55 -55 0 0 0
24200 0 0 0 0 -55 -55 0 55 -55 -55 0 0 0 55 55 -55 0 0 0
24200 0 0 0 0 -55 55 0 -55 -55 -55 0 0 0 55 55 -55 0 0 0
24200 0 0 0 0 55 -55 0 -55 -55 -55 0 0 0 55 55 -55 0 0 0
24200 0 0 0 0 -55 55 0 55 55 55 0 0 0 -55 55 -55 0 0 0
24200 0 0 0 0 55 -55 0 55 55 55 0 0 0 -55 55 -55 0 0 0
24200 0 0 0 0 55 55 0 -55 55 55 0 0 0 -55 55 -55 0 0 0
24200 0 0 0 0 -55 -55 0 -55 55 55 0 0 0 -55 55 -55 0 0 0
24200 0 0 0 0 55 55 0 55 -55 55 0 0 0 -55 55 -55 0 0 0
24200 0 0 0 0 -55 -55 0 55 -55 55 0 0 0 -55 55 -55 0 0 0
24200 0 0 0 0 -55 55 0 -55 -55 55 0 0 0 -55 55 -55 0 0 0
24200 0 0 0 0 55 -55 0 -55 -55 55 0 0 0 -55 55 -55 0 0 0
24200 0 0 0 0 55 55 0 55 55 -55 0 0 0 -55 55 -55 0 0 0
24200 0 0 0 0 -55 -55 0 55 55 -55 0 0 0 -55 55 -55 0 0 0
24200 0 0 0 0 -55 55 0 -55 55 -55 0 0 0 -55 55 -55 0 0 0
24200 0 0 0 0 55 -55 0 -55 55 -55 0 0 0 -55 55 -55 0 0 0
24200 0 0 0 0 -55 55 0 55 -55 -55 0 0 0 -55 55 -55 0 0 0
24200 0 0 0 0 55 -55 0 55 -55 -55 0 0 0 -55 55 -55 0 0 0
24200 0 0 0 0 55 55 0 -55 -55 -55 0 0 0 -55 55 -55 0 0 0
24200 0 0 0 0 -55 -55 0 -55 -55 -55 0 0 0 -55 55 -55 0 0 0
24200 0 0 0 0 -55 55 0 55 55 55 0 0 0 55 -55 -55 0 0 0
24200 0 0 0 0 55 -55 0 55 55 55 0 0 0 55 -55 -55 0 0 0
24200 0 0 0 0 55 55 0 -55 55 55 0 0 0 55 -55 -55 0 0 0
24200 0 0 0 0 -55 -55 0 -55 55 55 0 0 0 55 -55 -55 0 0 0
24200 0 0 0 0 55 55 0 55 -55 55 0 0 0 55 -55 -55 0 0 0
24200 0 0 0 0 -55 -55 0 55 -55 55 0 0 0 55 -55 -55 0 0 0
24200 0 0 0 0 -55 55 0 -55 -55 55 0 0 0 55 -55 -55 0 0 0
24200 0 0 0 0 55 -55 0 -55 -55 55 0 0 0 55 -55 -55 0 0 0
24200 0 0 0 0 55 55 0 55 55 -55 0 0 0 55 -55 -55 0 0 0
24200 0 0 0 0 -55 -55 0 55 55 -55 0 0 0 55 -55 -55 0 0 0
24200 0 0 0 0 -55 55 0 -55 55 -55 0 0 0 55 -55 -55 0 0 0
24200 0 0 0 0 55 -55 0 -55 55 -55 0 0 0 55 -55 -55 0 0 0
24200 0 0 0 0 -55 55 0 55 -55 -55 0 0 0 55 -55 -55 0 0 0
24200 0 0 0 0 55 -55 0 55 -55 -55 0 0 0 55 -55 -55 0 0 0
24200 0 0 0 0 55 55 0 -55 -55 -55 0 0 0 55 -55 -55 0 0 0
24200 0 0 0 0 -55 -55 0 -55 -55 -55 0 0 0 55 -55 -55 0 0 0
24200 0 0 0 0 55 55 0 55 55 55 0 0 0 -55 -55 -55 0 0 0
24200 0 0 0 0 -55 -55 0 55 55 55 0 0 0 -55 -55 -55 0 0 0
24200 0 0 0 0 -55 55 0 -55 55 55 0 0 0 -55 -55 -55 0 0 0
24200 0 0 0 0 55 -55 0 -55 55 55 0 0 0 -55 -55 -55 0 0 0
24200 0 0 0 0 -55 55 0 55 -55 55 0 0 0 -55 -55 -55 0 0 0
24200 0 0 0 0 55 -55 0 55 -55 55 0 0 0 -55 -55 -55 0 0 0
24200 0 0 0 0 55 55 0 -55 -55 55 0 0 0 -55 -55 -55 0 0 0
24200 0 0 0 0 -55 -55 0 -55 -55 55 0 0 0 -55 -55 -55 0 0 0
24200 0 0 0 0 -55 55 0 55 55 -55 0 0 0 -55 -55 -55 0 0 0
24200 0 0 0 0 55 -55 0 55 55 -55 0 0 0 -55 -55 -55 0 0 0
24200 0 0 0 0 55 55 0 -55 55 -55 0 0 0 -55 -55 -55 0 0 0
24200 0 0 0 0 -55 -55 0 -55 55 -55 0 0 0 -55 -55 -55 0 0 0
24200 0 0 0 0 55 55 0 55 -55 -55 0 0 0 -55 -55 -55 0 0 0
24200 0 0 0 0 -55 -55 0 55 -55 -55 0 0 0 -55 -55 -55 0 0 0
24200 0 0 0 0 -55 55 0 -55 -55 -55 0 0 0 -55 -55 -55 0 0 0
24200 0 0 0 0 55 -55 0 -55 -55 -55 0 0 0 -55 -55 -55 0 0 0
24200 55 0 0 0 55 0 0 0 0 0 55 0 0 55 55 55 0 -55 55
24200 -55 0 0 0 -55 0 0 0 0 0 55 0 0 55 55 55 0 -55 55
24200 55 0 0 0 55 0 0 0 0 0 55 0 0 55 55 55 0 55 -55
24200 -55 0 0 0 -55 0 0 0 0 0 55 0 0 55 55 55 0 55 -55
24200 -55 0 0 0 55 0 0 0 0 0 -55 0 0 55 55 55 0 -55 55
24200 55 0 0 0 -55 0 0 0 0 0 -55 0 0 55 55 55 0 -55 55
24200 -55 0 0 0 55 0 0 0 0 0 -55 0 0 55 55 55 0 55 -55
24200 55 0 0 0 -55 0 0 0 0 0 -55 0 0 55 55 55 0 55 -55
24200 -55 0 0 0 55 0 0 0 0 0 55 0 0 -55 55 55 0 -55 55
24200 55 0 0 0 -55 0 0 0 0 0 55 0 0 -55 55 55 0 -55 55
24200 -55 0 0 0 55 0 0 0 0 0 55 0 0 -55 55 55 0 55 -55
24200 55 0 0 0 -55 0 0 0 0 0 55 0 0 -55 55 55 0 55 -55
24200 55 0 0 0 55 0 0 0 0 0 -55 0 0 -55 55 55 0 -55 55
24200 -55 0 0 0 -55 0 0 0 0 0 -55 0 0 -55 55 55 0 -55 55
24200 55 0 0 0 55 0 0 0 0 0 -55 0 0 -55 55 55 0 55 -55
24200 -55 0 0 0 -55 0 0 0 0 0 -55 0 0 -55 55 55 0 55 -55
24200 -55 0 0 0 55 0 0 0 0 0 55 0 0 55 -55 55 0 -55 55
24200 55 0 0 0 -55 0 0 0 0 0 55 0 0 55 -55 55 0 -55 55
24200 -55 0 0 0 55 0 0 0 0 0 55 0 0 55 -55 55 0 55 -55
24200 55 0 0 0 -55 0 0 0 0 0 55 0 0 55 -55 55 0 55 -55
24200 55 0 0 0 55 0 0 0 0 0 -55 0 0 55 -55 55 0 -55 55
24200 -55 0 0 0 -55 0 0 0 0 0 -55 0 0 55 -55 55 0 -55 55
24200 55 0 0 0 55 0 0 0 0 0 -55 0 0 55 -55 55 0 55 -55
24200 -55 0 0 0 -55 0 0 0 0 0 -55 0 0 55 -55 55 0 55 -55
24200 55 0 0 0 55 0 0 0 0 0 55 0 0 -55 -55 55 0 -55 55
24200 -55 0 0 0 -55 0 0 0 0 0 55 0 0 -55 -55 55 0 -55 55
24200 55 0 0 0 55 0 0 0 0 0 55 0 0 -55 -55 55 0 55 -55
24200 -55 0 0 0 -55 0 0 0 0 0 55 0 0 -55 -55 55 0 55 -55
24200 -55 0 0 0 55 0 0 0 0 0 -55 0 0 -55 -55 55 0 -55 55
24200 55 0 0 0 -55 0 0 0 0 0 -55 0 0 -55 -55 55 0 -55 55
24200 -55 0 0 0 55 0 0 0 0 0 -55 0 0 -55 -55 55 0 55 -55
24200 55 0 0 0 -55 0 0 0 0 0 -55 0 0 -55 -55 55 0 55 -55
24200 -55 0 0 0 55 0 0 0 0 0 55 0 0 55 55 -55 0 -55 55
24200 55 0 0 0 -55 0 0 0 0 0 55 0 0 55 55 -55 0 -55 55
24200 -55 0 0 0 55 0 0 0 0 0 55 0 0 55 55 -55 0 55 -55
24200 55 0 0 0 -55 0 0 0 0 0 55 0 0 55 55 -55 0 55 -55
24200 55 0 0 0 55 0 0 0 0 0 -55 0 0 55 55 -55 0 -55 55
24200 -55 0 0 0 -55 0 0 0 0 0 -55 0 0 55 55 -55 0 -55 55
24200 55 0 0 0 55 0 0 0 0 0 -55 0 0 55 55 -55 0 55 -55
24200 -55 0 0 0 -55 0 0 0 0 0 -55 0 0 55 55 -55 0 55 -55
24200 55 0 0 0 55 0 0 0 0 0 55 0 0 -55 55 -55 0 -55 55
24200 -55 0 0 0 -55 0 0 0 0 0 55 0 0 -55 55 -55 0 -55 55
24200 55 0 0 0 55 0 0 0 0 0 55 0 0 -55 55 -55 0 55 -55
24200 -55 0 0 0 -55 0 0 0 0 0 55 0 0 -55 55 -55 0 55 -55
24200 -55 0 0 0 55 0 0 0 0 0 -55 0 0 -55 55 -55 0 -55 55
24200 55 0 0 0 -55 0 0 0 0 0 -55 0 0 -55 55 -55 0 -55 55
24200 -55 0 0 0 55 0 0 0 0 0 -55 0 0 -55 55 -55 0 55 -55
24200 55 0 0 0 -55 0 0 0 0 0 -55 0 0 -55 55 -55 0 55 -55
24200 55 0 0 0 55 0 0 0 0 0 55 0 0 55 -55 -55 0 -55 55
24200 -55 0 0 0 -55 0 0 0 0 0 55 0 0 55 -55 -55 0 -55 55
24200 55 0 0 0 55 0 0 0 0 0 55 0 0 55 -55 -55 0 55 -55
24200 -55 0 0 0 -55 0 0 0 0 0 55 0 0 55 -55 -55 0 55 -55
24200 -55 0 0 0 55 0 0 0 0 0 -55 0 0 55 -55 -55 0 -55 55
24200 55 0 0 0 -55 0 0 0 0 0 -55 0 0 55 -55 -55 0 -55 55
24200 -55 0 0 0 55 0 0 0 0 0 -55 0 0 55 -55 -55 0 55 -55
24200 55 0 0 0 -55 0 0 0 0 0 -55 0 0 55 -55 -55 0 55 -55
24200 -55 0 0 0 55 0 0 0 0 0 55 0 0 -55 -55 -55 0 -55 55
24200 55 0 0 0 -55 0 0 0 0 0 55 0 0 -55 -55 -55 0 -55 55
24200 -55 0 0 0 55 0 0 0 0 0 55 0 0 -55 -55 -55 0 55 -55
24200 55 0 0 0 -55 0 0 0 0 0 55 0 0 -55 -55 -55 0 55 -55
24200 55 0 0 0 55 0 0 0 0 0 -55 0 0 -55 -55 -55 0 -55 55
24200 -55 0 0 0 -55 0 0 0 0 0 -55 0 0 -55 -55 -55 0 -55 55
24200 55 0 0 0 55 0 0 0 0 0 -55 0 0 -55 -55 -55 0 55 -55
24200 -55 0 0 0 -55 0 0 0 0 0 -55 0 0 -55 -55 -55 0 55 -55
24200 0 -55 0 0 0 0 55 55 0 0 55 55 0 55 55 55 0 0 0
24200 0 55 0 0 0 0 -55 55 0 0 55 55 0 55 55 55 0 0 0
24200 0 55 0 0 0 0 55 -55 0 0 55 55 0 55 55 55 0 0 0
24200 0 -55 0 0 0 0 -55 -55 0 0 55 55 0 55 55 55 0 0 0
24200 0 55 0 0 0 0 55 55 0 0 -55 55 0 55 55 55 0 0 0
24200 0 -55 0 0 0 0 -55 55 0 0 -55 55 0 55 55 55 0 0 0
24200 0 -55 0 0 0 0 55 -55 0 0 -55 55 0 55 55 55 0 0 0
24200 0 55 0 0 0 0 -55 -55 0 0 -55 55 0 55 55 55 0 0 0
24200 0 55 0 0 0 0 55 55 0 0 55 -55 0 55 55 55 0 0 0
24200 0 -55 0 0 0 0 -55 55 0 0 55 -55 0 55 55 55 0 0 0
24200 0 -55 0 0 0 0 55 -55 0 0 55 -55 0 55 55 55 0 0 0
24200 0 55 0 0 0 0 -55 -55 0 0 55 -55 0 55 55 55 0 0 0
24200 0 -55 0 0 0 0 55 55 0 0 -55 -55 0 55 55 55 0 0 0
24200 0 55 0 0 0 0 -55 55 0 0 -55 -55 0 55 55 55 0 0 0
24200 0 55 0 0 0 0 55 -55 0 0 -55 -55 0 55 55 55 0 0 0
24200 0 -55 0 0 0 0 -55 -55 0 0 -55 -55 0 55 55 55 0 0 0
24200 0 55 0 0 0 0 55 55 0 0 55 55 0 -55 55 55 0 0 0
24200 0 -55 0 0 0 0 -55 55 0 0 55 55 0 -55 55 55 0 0 0
24200 0 -55 0 0 0 0 55 -55 0 0 55 55 0 -55 55 55 0 0 0
24200 0 55 0 0 0 0 -55 -55 0 0 55 55 0 -55 55 55 0 0 0
24200 0 -55 0 0 0 0 55 55 0 0 -55 55 0 -55 55 55 0 0 0
24200 0 55 0 0 0 0 -55 55 0 0 -55 55 0 -55 55 55 0 0 0
24200 0 55 0 0 0 0 55 -55 0 0 -55 55 0 -55 55 55 0 0 0
24200 0 -55 0 0 0 0 -55 -55 0 0 -55 55 0 -55 55 55 0 0 0
24200 0 -55 0 0 0 0 55 55 0 0 55 -55 0 -55 55 55 0 0 0
24200 0 55 0 0 0 0 -55 55 0 0 55 -55 0 -55 55 55 0 0 0
24200 0 55 0 0 0 0 55 -55 0 0 55 -55 0 -55 55 55 0 0 0
24200 0 -55 0 0 0 0 -55 -55 0 0 55 -55 0 -55 55 55 0 0 0
24200 0 55 0 0 0 0 55 55 0 0 -55 -55 0 -55 55 55 0 0 0
24200 0 -55 0 0 0 0 -55 55 0 0 -55 -55 0 -55 55 55 0 0 0
24200 0 -55 0 0 0 0 55 -55 0 0 -55 -55 0 -55 55 55 0 0 0
24200 0 55 0 0 0 0 -55 -55 0 0 -55 -55 0 -55 55 55 0 0 0
24200 0 55 0 0 0 0 55 55 0 0 55 55 0 55 -55 55 0 0 0
24200 0 -55 0 0 0 0 -55 55 0 0 55 55 0 55 -55 55 0 0 0
24200 0 -55 0 0 0 0 55 -55 0 0 55 55 0 55 -55 55 0 0 0
24200 0 55 0 0 0 0 -55 -55 0 0 55 55 0 55 -55 55 0 0 0
24200 0 -55 0 0 0 0 55 55 0 0 -55 55 0 55 -55 55 0 0 0
24200 0 55 0 0 0 0 -55 55 0 0 -55 55 0 55 -55 55 0 0 0
24200 0 55 0 0 0 0 55 -55 0 0 -55 55 0 55 -55 55 0 0 0
24200 0 -55 0 0 0 0 -55 -55 0 0 -55 55 0 55 -55 55 0 0 0
24200 0 -55 0 0 0 0 55 55 0 0 55 -55 0 55 -55 55 0 0 0
24200 0 55 0 0 0 0 -55 55 0 0 55 -55 0 55 -55 55 0 0 0
24200 0 55 0 0 0 0 55 -55 0 0 55 -55 0 55 -55 55 0 0 0
24200 0 -55 0 0 0 0 -55 -55 0 0 55 -55 0 55 -55 55 0 0 0
24200 0 55 0 0 0 0 55 55 0 0 -55 -55 0 55 -55 55 0 0 0
24200 0 -55 0 0 0 0 -55 55 0 0 -55 -55 0 55 -55 55 0 0 0
24200 0 -55 0 0 0 0 55 -55 0 0 -55 -55 0 55 -55 55 0 0 0
24200 0 55 0 0 0 0 -55 -55 0 0 -55 -55 0 55 -55 55 0 0 0
24200 0 -55 0 0 0 0 55 55 0 0 55 55 0 -55 -55 55 0 0 0
24200 0 55 0 0 0 0 -55 55 0 0 55 55 0 -55 -55 55 0 0 0
24200 0 55 0 0 0 0 55 -55 0 0 55 55 0 -55 -55 55 0 0 0
24200 0 -55 0 0 0 0 -55 -55 0 0 55 55 0 -55 -55 55 0 0 0
24200 0 55 0 0 0 0 55 55 0 0 -55 55 0 -55 -55 55 0 0 0
24200 0 -55 0 0 0 0 -55 55 0 0 -55 55 0 -55 -55 55 0 0 0
24200 0 -55 0 0 0 0 55 -55 0 0 -55 55 0 -55 -55 55 0 0 0
24200 0 55 0 0 0 0 -55 -55 0 0 -55 55 0 -55 -55 55 0 0 0
24200 0 55 0 0 0 0 55 55 0 0 55 -55 0 -55 -55 55 0 0 0
24200 0 -55 0 0 0 0 -55 55 0 0 55 -55 0 -55 -55 55 0 0 0
24200 0 -55 0 0 0 0 55 -55 0 0 55 -55 0 -55 -55 55 0 0 0
24200 0 55 0 0 0 0 -55 -55 0 0 55 -55 0 -55 -55 55 0 0 0
24200 0 -55 0 0 0 0 55 55 0 0 -55 -55 0 -55 -55 55 0 0 0
24200 0 55 0 0 0 0 -55 55 0 0 -55 -55 0 -55 -55 55 0 0 0
24200 0 55 0 0 0 0 55 -55 0 0 -55 -55 0 -55 -55 55 0 0 0
24200 0 -55 0 0 0 0 -55 -55 0 0 -55 -55 0 -55 -55 55 0 0 0
24200 0 55 0 0 0 0 55 55 0 0 55 55 0 55 55 -55 0 0 0
24200 0 -55 0 0 0 0 -55 55 0 0 55 55 0 55 55 -55 0 0 0
24200 0 -55 0 0 0 0 55 -55 0 0 55 55 0 55 55 -55 0 0 0
24200 0 55 0 0 0 0 -55 -55 0 0 55 55 0 55 55 -55 0 0 0
24200 0 -55 0 0 0 0 55 55 0 0 -55 55 0 55 55 -55 0 0 0
24200 0 55 0 0 0 0 -55 55 0 0 -55 55 0 55 55 -55 0 0 0
24200 0 55 0 0 0 0 55 -55 0 0 -55 55 0 55 55 -55 0 0 0
24200 0 -55 0 0 0 0 -55 -55 0 0 -55 55 0 55 55 -55 0 0 0
24200 0 -55 0 0 0 0 55 55 0 0 55 -55 0 55 55 -55 0 0 0
24200 0 55 0 0 0 0 -55 55 0 0 55 -55 0 55 55 -55 0 0 0
24200 0 55 0 0 0 0 55 -55 0 0 55 -55 0 55 55 -55 0 0 0
24200 0 -55 0 0 0 0 -55 -55 0 0 55 -55 0 55 55 -55 0 0 0
24200 0 55 0 0 0 0 55 55 0 0 -55 -55 0 55 55 -55 0 0 0
24200 0 -55 0 0 0 0 -55 55 0 0 -55 -55 0 55 55 -55 0 0 0
24200 0 -55 0 0 0 0 55 -55 0 0 -55 -55 0 55 55 -55 0 0 0
24200 0 55 0 0 0 0 -55 -55 0 0 -55 -55 0 55 55 -55 0 0 0
24200 0 -55 0 0 0 0 55 55 0 0 55 55 0 -55 55 -55 0 0 0
24200 0 55 0 0 0 0 -55 55 0 0 55 55 0 -55 55 -55 0 0 0
24200 0 55 0 0 0 0 55 -55 0 0 55 55 0 -55 55 -55 0 0 0
24200 0 -55 0 0 0 0 -55 -55 0 0 55 55 0 -55 55 -55 0 0 0
24200 0 55 0 0 0 0 55 55 0 0 -55 55 0 -55 55 -55 0 0 0
24200 0 -55 0 0 0 0 -55 55 0 0 -55 55 0 -55 55 -55 0 0 0
24200 0 -55 0 0 0 0 55 -55 0 0 -55 55 0 -55 55 -55 0 0 0
24200 0 55 0 0 0 0 -55 -55 0 0 -55 55 0 -55 55 -55 0 0 0
24200 0 55 0 0 0 0 55 55 0 0 55 -55 0 -55 55 -55 0 0 0
24200 0 -55 0 0 0 0 -55 55 0 0 55 -55 0 -55 55 -55 0 0 0
24200 0 -55 0 0 0 0 55 -55 0 0 55 -55 0 -55 55 -55 0 0 0
24200 0 55 0 0 0 0 -55 -55 0 0 55 -55 0 -55 55 -55 0 0 0
24200 0 -55 0 0 0 0 55 55 0 0 -55 -55 0 -55 55 -55 0 0 0
24200 0 55 0 0 0 0 -55 55 0 0 -55 -55 0 -55 55 -55 0 0 0
24200 0 55 0 0 0 0 55 -55 0 0 -55 -55 0 -55 55 -55 0 0 0
24200 0 -55 0 0 0 0 -55 -55 0 0 -55 -55 0 -55 55 -55 0 0 0
24200 0 -55 0 0 0 0 55 55 0 0 55 55 0 55 -55 -55 0 0 0
24200 0 55 0 0 0 0 -55 55 0 0 55 55 0 55 -55 -55 0 0 0
24200 0 55 0 0 0 0 55 -55 0 0 55 55 0 55 -55 -55 0 0 0
24200 0 -55 0 0 0 0 -55 -55 0 0 55 55 0 55 -55 -55 0 0 0
24200 0 55 0 0 0 0 55 55 0 0 -55 55 0 55 -55 -55 0 0 0
24200 0 -55 0 0 0 0 -55 55 0 0 -55 55 0 55 -55 -55 0 0 0
24200 0 -55 0 0 0 0 55 -55 0 0 -55 55 0 55 -55 -55 0 0 0
24200 0 55 0 0 0 0 -55 -55 0 0 -55 55 0 55 -55 -55 0 0 0
24200 0 55 0 0 0 0 55 55 0 0 55 -55 0 55 -55 -55 0 0 0
24200 0 -55 0 0 0 0 -55 55 0 0 55 -55 0 55 -55 -55 0 0 0
24200 0 -55 0 0 0 0 55 -55 0 0 55 -55 0 55 -55 -55 0 0 0
24200 0 55 0 0 0 0 -55 -55 0 0 55 -55 0 55 -55 -55 0 0 0
24200 0 -55 0 0 0 0 55 55 0 0 -55 -55 0 55 -55 -55 0 0 0
24200 0 55 0 0 0 0 -55 55 0 0 -55 -55 0 55 -55 -55 0 0 0
24200 0 55 0 0 0 0 55 -55 0 0 -55 -55 0 55 -55 -55 0 0 0
24200 0 -55 0 0 0 0 -55 -55 0 0 -55 -55 0 55 -55 -55 0 0 0
24200 0 55 0 0 0 0 55 55 0 0 55 55 0 -55 -55 -55 0 0 0
24200 0 -55 0 0 0 0 -55 55 0 0 55 55 0 -55 -55 -55 0 0 0
24200 0 -55 0 0 0 0 55 -55 0 0 55 55 0 -55 -55 -55 0 0 0
24200 0 55 0 0 0 0 -55 -55 0 0 55 55 0 -55 -55 -55 0 0 0
24200 0 -55 0 0 0 0 55 55 0 0 -55 55 0 -55 -55 -55 0 0 0
24200 0 55 0 0 0 0 -55 55 0 0 -55 55 0 -55 -55 -55 0 0 0
24200 0 55 0 0 0 0 55 -55 0 0 -55 55 0 -55 -55 -55 0 0 0
24200 0 -55 0 0 0 0 -55 -55 0 0 -55 55 0 -55 -55 -55 0 0 0
24200 0 -55 0 0 0 0 55 55 0 0 55 -55 0 -55 -55 -55 0 0 0
24200 0 55 0 0 0 0 -55 55 0 0 55 -55 0 -55 -55 -55 0 0 0
24200 0 55 0 0 0 0 55 -55 0 0 55 -55 0 -55 -55 -55 0 0 0
24200 0 -55 0 0 0 0 -55 -55 0 0 55 -55 0 -55 -55 -55 0 0 0
24200 0 55 0 0 0 0 55 55 0 0 -55 -55 0 -55 -55 -55 0 0 0
24200 0 -55 0 0 0 0 -55 55 0 0 -55 -55 0 -55 -55 -55 0 0 0
24200 0 -55 0 0 0 0 55 -55 0 0 -55 -55 0 -55 -55 -55 0 0 0
24200 0 55 0 0 0 0 -55 -55 0 0 -55 -55 0 -55 -55 -55 0 0 0
24200 -55 0 55 55 0 0 0 55 0 0 0 0 55 55 55 55 0 0 0
24200 55 0 -55 55 0 0 0 55 0 0 0 0 55 55 55 55 0 0 0
24200 55 0 55 -55 0 0 0 55 0 0 0 0 55 55 55 55 0 0 0
24200 -55 0 -55 -55 0 0 0 55 0 0 0 0 55 55 55 55 0 0 0
24200 55 0 55 55 0 0 0 -55 0 0 0 0 55 55 55 55 0 0 0
24200 -55 0 -55 55 0 0 0 -55 0 0 0 0 55 55 55 55 0 0 0
24200 -55 0 55 -55 0 0 0 -55 0 0 0 0 55 55 55 55 0 0 0
24200 55 0 -55 -55 0 0 0 -55 0 0 0 0 55 55 55 55 0 0 0
24200 55 0 55 55 0 0 0 55 0 0 0 0 -55 55 55 55 0 0 0
24200 -55 0 -55 55 0 0 0 55 0 0 0 0 -55 55 55 55 0 0 0
24200 -55 0 55 -55 0 0 0 55 0 0 0 0 -55 55 55 55 0 0 0
24200 55 0 -55 -55 0 0 0 55 0 0 0 0 -55 55 55 55 0 0 0
24200 -55 0 55 55 0 0 0 -55 0 0 0 0 -55 55 55 55 0 0 0
24200 55 0 -55 55 0 0 0 -55 0 0 0 0 -55 55 55 55 0 0 0
24200 55 0 55 -55 0 0 0 -55 0 0 0 0 -55 55 55 55 0 0 0
24200 -55 0 -55 -55 0 0 0 -55 0 0 0 0 -55 55 55 55 0 0 0
24200 55 0 55 55 0 0 0 55 0 0 0 0 55 -55 55 55 0 0 0
24200 -55 0 -55 55 0 0 0 55 0 0 0 0 55 -55 55 55 0 0 0
24200 -55 0 55 -55 0 0 0 55 0 0 0 0 55 -55 55 55 0 0 0
24200 55 0 -55 -55 0 0 0 55 0 0 0 0 55 -55 55 55 0 0 0
24200 -55 0 55 55 0 0 0 -55 0 0 0 0 55 -55 55 55 0 0 0
24200 55 0 -55 55 0 0 0 -55 0 0 0 0 55 -55 55 55 0 0 0
24200 55 0 55 -55 0 0 0 -55 0 0 0 0 55 -55 55 55 0 0 0
24200 -55 0 -55 -55 0 0 0 -55 0 0 0 0 55 -55 55 55 0 0 0
24200 -55 0 55 55 0 0 0 55 0 0 0 0 -55 -55 55 55 0 0 0
24200 55 0 -55 55 0 0 0 55 0 0 0 0 -55 -55 55 55 0 0 0
24200 55 0 55 -55 0 0 0 55 0 0 0 0 -55 -55 55 55 0 0 0
24200 -55 0 -55 -55 0 0 0 55 0 0 0 0 -55 -55 55 55 0 0 0
24200 55 0 55 55 0 0 0 -55 0 0 0 0 -55 -55 55 55 0 0 0
24200 -55 0 -55 55 0 0 0 -55 0 0 0 0 -55 -55 55 55 0 0 0
24200 -55 0 55 -55 0 0 0 -55 0 0 0 0 -55 -55 55 55 0 0 0
24200 55 0 -55 -55 0 0 0 -55 0 0 0 0 -55 -55 55 55 0 0 0
24200 55 0 55 55 0 0 0 55 0 0 0 0 55 55 -55 55 0 0 0
24200 -55 0 -55 55 0 0 0 55 0 0 0 0 55 55 -55 55 0 0 0
24200 -55 0 55 -55 0 0 0 55 0 0 0 0 55 55 -55 55 0 0 0
24200 55 0 -55 -55 0 0 0 55 0 0 0 0 55 55 -55 55 0 0 0
24200 -55 0 55 55 0 0 0 -55 0 0 0 0 55 55 -55 55 0 0 0
24200 55 0 -55 55 0 0 0 -55 0 0 0 0 55 55 -55 55 0 0 0
24200 55 0 55 -55 0 0 0 -55 0 0 0 0 55 55 -55 55 0 0 0
24200 -55 0 -55 -55 0 0 0 -55 0 0 0 0 55 55 -55 55 0 0 0
24200 -55 0 55 55 0 0 0 55 0 0 0 0 -55 55 -55 55 0 0 0
24200 55 0 -55 55 0 0 0 55 0 0 0 0 -55 55 -55 55 0 0 0
24200 55 0 55 -55 0 0 0 55 0 0 0 0 -55 55 -55 55 0 0 0
24200 -55 0 -55 -55 0 0 0 55 0 0 0 0 -55 55 -55 55 0 0 0
24200 55 0 55 55 0 0 0 -55 0 0 0 0 -55 55 -55 55 0 0 0
24200 -55 0 -55 55 0 0 0 -55 0 0 0 0 -55 55 -55 55 0 0 0
24200 -55 0 55 -55 0 0 0 -55 0 0 0 0 -55 55 -55 55 0 0 0
24200 55 0 -55 -55 0 0 0 -55 0 0 0 0 -55 55 -55 55 0 0 0
24200 -55 0 55 55 0 0 0 55 0 0 0 0 55 -55 -55 55 0 0 0
24200 55 0 -55 55 0 0 0 55 0 0 0 0 55 -55 -55 55 0 0 0
24200 55 0 55 -55 0 0 0 55 0 0 0 0 55 -55 -55 55 0 0 0
24200 -55 0 -55 -55 0 0 0 55 0 0 0 0 55 -55 -55 55 0 0 0
24200 55 0 55 55 0 0 0 -55 0 0 0 0 55 -55 -55 55 0 0 0
24200 -55 0 -55 55 0 0 0 -55 0 0 0 0 55 -55 -55 55 0 0 0
24200 -55 0 55 -55 0 0 0 -55 0 0 0 0 55 -55 -55 55 0 0 0
24200 55 0 -55 -55 0 0 0 -55 0 0 0 0 55 -55 -55 55 0 0 0
24200 55 0 55 55 0 0 0 55 0 0 0 0 -55 -55 -55 55 0 0 0
24200 -55 0 -55 55 0 0 0 55 0 0 0 0 -55 -55 -55 55 0 0 0
24200 -55 0 55 -55 0 0 0 55 0 0 0 0 -55 -55 -55 55 0 0 0
24200 55 0 -55 -55 0 0 0 55 0 0 0 0 -55 -55 -55 55 0 0 0
24200 -55 0 55 55 0 0 0 -55 0 0 0 0 -55 -55 -55 55 0 0 0
24200 55 0 -55 55 0 0 0 -55 0 0 0 0 -55 -55 -55 55 0 0 0
24200 55 0 55 -55 0 0 0 -55 0 0 0 0 -55 -55 -55 55 0 0 0
24200 -55 0 -55 -55 0 0 0 -55 0 0 0 0 -55 -55 -55 55 0 0 0
24200 55 0 55 55 0 0 0 55 0 0 0 0 55 55 55 -55 0 0 0
24200 -55 0 -55 55 0 0 0 55 0 0 0 0 55 55 55 -55 0 0 0
24200 -55 0 55 -55 0 0 0 55 0 0 0 0 55 55 55 -55 0 0 0
24200 55 0 -55 -55 0 0 0 55 0 0 0 0 55 55 55 -55 0 0 0
24200 -55 0 55 55 0 0 0 -55 0 0 0 0 55 55 55 -55 0 0 0
24200 55 0 -55 55 0 0 0 -55 0 0 0 0 55 55 55 -55 0 0 0
24200 55 0 55 -55 0 0 0 -55 0 0 0 0 55 55 55 -55 0 0 0
24200 -55 0 -55 -55 0 0 0 -55 0 0 0 0 55 55 55 -55 0 0 0
24200 -55 0 55 55 0 0 0 55 0 0 0 0 -55 55 55 -55 0 0 0
24200 55 0 -55 55 0 0 0 55 0 0 0 0 -55 55 55 -55 0 0 0
24200 55 0 55 -55 0 0 0 55 0 0 0 0 -55 55 55 -55 0 0 0
24200 -55 0 -55 -55 0 0 0 55 0 0 0 0 -55 55 55 -55 0 0 0
24200 55 0 55 55 0 0 0 -55 0 0 0 0 -55 55 55 -55 0 0 0
24200 -55 0 -55 55 0 0 0 -55 0 0 0 0 -55 55 55 -55 0 0 0
24200 -55 0 55 -55 0 0 0 -55 0 0 0 0 -55 55 55 -55 0 0 0
24200 55 0 -55 -55 0 0 0 -55 0 0 0 0 -55 55 55 -55 0 0 0
24200 -55 0 55 55 0 0 0 55 0 0 0 0 55 -55 55 -55 0 0 0
24200 55 0 -55 55 0 0 0 55 0 0 0 0 55 -55 55 -55 0 0 0
24200 55 0 55 -55 0 0 0 55 0 0 0 0 55 -55 55 -55 0 0 0
24200 -55 0 -55 -55 0 0 0 55 0 0 0 0 55 -55 55 -55 0 0 0
24200 55 0 55 55 0 0 0 -55 0 0 0 0 55 -55 55 -55 0 0 0
24200 -55 0 -55 55 0 0 0 -55 0 0 0 0 55 -55 55 -55 0 0 0
24200 -55 0 55 -55 0 0 0 -55 0 0 0 0 55 -55 55 -55 0 0 0
24200 55 0 -55 -55 0 0 0 -55 0 0 0 0 55 -55 55 -55 0 0 0
24200 55 0 55 55 0 0 0 55 0 0 0 0 -55 -55 55 -55 0 0 0
24200 -55 0 -55 55 0 0 0 55 0 0 0 0 -55 -55 55 -55 0 0 0
24200 -55 0 55 -55 0 0 0 55 0 0 0 0 -55 -55 55 -55 0 0 0
24200 55 0 -55 -55 0 0 0 55 0 0 0 0 -55 -55 55 -55 0 0 0
24200 -55 0 55 55 0 0 0 -55 0 0 0 0 -55 -55 55 -55 0 0 0
24200 55 0 -55 55 0 0 0 -55 0 0 0 0 -55 -55 55 -55 0 0 0
24200 55 0 55 -55 0 0 0 -55 0 0 0 0 -55 -55 55 -55 0 0 0
24200 -55 0 -55 -55 0 0 0 -55 0 0 0 0 -55 -55 55 -55 0 0 0
24200 -55 0 55 55 0 0 0 55 0 0 0 0 55 55 -55 -55 0 0 0
24200 55 0 -55 55 0 0 0 55 0 0 0 0 55 55 -55 -55 0 0 0
24200 55 0 55 -55 0 0 0 55 0 0 0 0 55 55 -55 -55 0 0 0
24200 -55 0 -55 -55 0 0 0 55 0 0 0 0 55 55 -55 -55 0 0 0
24200 55 0 55 55 0 0 0 -55 0 0 0 0 55 55 -55 -55 0 0 0
24200 -55 0 -55 55 0 0 0 -55 0 0 0 0 55 55 -55 -55 0 0 0
24200 -55 0 55 -55 0 0 0 -55 0 0 0 0 55 55 -55 -55 0 0 0
24200 55 0 -55 -55 0 0 0 -55 0 0 0 0 55 55 -55 -55 0 0 0
24200 55 0 55 55 0 0 0 55 0 0 0 0 -55 55 -55 -55 0 0 0
24200 -55 0 -55 55 0 0 0 55 0 0 0 0 -55 55 -55 -55 0 0 0
24200 -55 0 55 -55 0 0 0 55 0 0 0 0 -55 55 -55 -55 0 0 0
24200 55 0 -55 -55 0 0 0 55 0 0 0 0 -55 55 -55 -55 0 0 0
24200 -55 0 55 55 0 0 0 -55 0 0 0 0 -55 55 -55 -55 0 0 0
24200 55 0 -55 55 0 0 0 -55 0 0 0 0 -55 55 -55 -55 0 0 0
24200 55 0 55 -55 0 0 0 -55 0 0 0 0 -55 55 -55 -55 0 0 0
24200 -55 0 -55 -55 0 0 0 -55 0 0 0 0 -55 55 -55 -55 0 0 0
24200 55 0 55 55 0 0 0 55 0 0 0 0 55 -55 -55 -55 0 0 0
24200 -55 0 -55 55 0 0 0 55 0 0 0 0 55 -55 -55 -55 0 0 0
24200 -55 0 55 -55 0 0 0 55 0 0 0 0 55 -55 -55 -55 0 0 0
24200 55 0 -55 -55 0 0 0 55 0 0 0 0 55 -55 -55 -55 0 0 0
24200 -55 0 55 55 0 0 0 -55 0 0 0 0 55 -55 -55 -55 0 0 0
24200 55 0 -55 55 0 0 0 -55 0 0 0 0 55 -55 -55 -55 0 0 0
24200 55 0 55 -55 0 0 0 -55 0 0 0 0 55 -55 -55 -55 0 0 0
24200 -55 0 -55 -55 0 0 0 -55 0 0 0 0 55 -55 -55 -55 0 0 0
24200 -55 0 55 55 0 0 0 55 0 0 0 0 -55 -55 -55 -55 0 0 0
24200 55 0 -55 55 0 0 0 55 0 0 0 0 -55 -55 -55 -55 0 0 0
24200 55 0 55 -55 0 0 0 55 0 0 0 0 -55 -55 -55 -55 0 0 0
24200 -55 0 -55 -55 0 0 0 55 0 0 0 0 -55 -55 -55 -55 0 0 0
24200 55 0 55 55 0 0 0 -55 0 0 0 0 -55 -55 -55 -55 0 0 0
24200 -55 0 -55 55 0 0 0 -55 0 0 0 0 -55 -55 -55 -55 0 0 0
24200 -55 0 55 -55 0 0 0 -55 0 0 0 0 -55 -55 -55 -55 0 0 0
24200 55 0 -55 -55 0 0 0 -55 0 0 0 0 -55 -55 -55 -55 0 0 0
24200 0 55 0 0 0 0 0 0 0 55 0 0 55 55 55 55 -55 0 55
24200 0 55 0 0 0 0 0 0 0 55 0 0 55 55 55 55 55 0 -55
24200 0 -55 0 0 0 0 0 0 0 -55 0 0 55 55 55 55 -55 0 55
24200 0 -55 0 0 0 0 0 0 0 -55 0 0 55 55 55 55 55 0 -55
24200 0 -55 0 0 0 0 0 0 0 55 0 0 -55 55 55 55 -55 0 55
24200 0 -55 0 0 0 0 0 0 0 55 0 0 -55 55 55 55 55 0 -55
24200 0 55 0 0 0 0 0 0 0 -55 0 0 -55 55 55 55 -55 0 55
24200 0 55 0 0 0 0 0 0 0 -55 0 0 -55 55 55 55 55 0 -55
24200 0 -55 0 0 0 0 0 0 0 55 0 0 55 -55 55 55 -55 0 55
24200 0 -55 0 0 0 0 0 0 0 55 0 0 55 -55 55 55 55 0 -55
24200 0 55 0 0 0 0 0 0 0 -55 0 0 55 -55 55 55 -55 0 55
24200 0 55 0 0 0 0 0 0 0 -55 0 0 55 -55 55 55 55 0 -55
24200 0 55 0 0 0 0 0 0 0 55 0 0 -55 -55 55 55 -55 0 55
24200 0 55 0 0 0 0 0 0 0 55 0 0 -55 -55 55 55 55 0 -55
24200 0 -55 0 0 0 0 0 0 0 -55 0 0 -55 -55 55 55 -55 0 55
24200 0 -55 0 0 0 0 0 0 0 -55 0 0 -55 -55 55 55 55 0 -55
24200 0 -55 0 0 0 0 0 0 0 55 0 0 55 55 -55 55 -55 0 55
24200 0 -55 0 0 0 0 0 0 0 55 0 0 55 55 -55 55 55 0 -55
24200 0 55 0 0 0 0 0 0 0 -55 0 0 55 55 -55 55 -55 0 55
24200 0 55 0 0 0 0 0 0 0 -55 0 0 55 55 -55 55 55 0 -55
24200 0 55 0 0 0 0 0 0 0 55 0 0 -55 55 -55 55 -55 0 55
24200 0 55 0 0 0 0 0 0 0 55 0 0 -55 55 -55 55 55 0 -55
24200 0 -55 0 0 0 0 0 0 0 -55 0 0 -55 55 -55 55 -55 0 55
24200 0 -55 0 0 0 0 0 0 0 -55 0 0 -55 55 -55 55 55 0 -55
24200 0 55 0 0 0 0 0 0 0 55 0 0 55 -55 -55 55 -55 0 55
24200 0 55 0 0 0 0 0 0 0 55 0 0 55 -55 -55 55 55 0 -55
24200 0 -55 0 0 0 0 0 0 0 -55 0 0 55 -55 -55 55 -55 0 55
24200 0 -55 0 0 0 0 0 0 0 -55 0 0 55 -55 -55 55 55 0 -55
24200 0 -55 0 0 0 0 0 0 0 55 0 0 -55 -55 -55 55 -55 0 55
24200 0 -55 0 0 0 0 0 0 0 55 0 0 -55 -55 -55 55 55 0 -55
24200 0 55 0 0 0 0 0 0 0 -55 0 0 -55 -55 -55 55 -55 0 55
24200 0 55 0 0 0 0 0 0 0 -55 0 0 -55 -55 -55 55 55 0 -55
24200 0 -55 0 0 0 0 0 0 0 55 0 0 55 55 55 -55 -55 0 55
24200 0 -55 0 0 0 0 0 0 0 55 0 0 55 55 55 -55 55 0 -55
24200 0 55 0 0 0 0 0 0 0 -55 0 0 55 55 55 -55 -55 0 55
24200 0 55 0 0 0 0 0 0 0 -55 0 0 55 55 55 -55 55 0 -55
24200 0 55 0 0 0 0 0 0 0 55 0 0 -55 55 55 -55 -55 0 55
24200 0 55 0 0 0 0 0 0 0 55 0 0 -55 55 55 -55 55 0 -55
24200 0 -55 0 0 0 0 0 0 0 -55 0 0 -55 55 55 -55 -55 0 55
24200 0 -55 0 0 0 0 0 0 0 -55 0 0 -55 55 55 -55 55 0 -55
24200 0 55 0 0 0 0 0 0 0 55 0 0 55 -55 55 -55 -55 0 55
24200 0 55 0 0 0 0 0 0 0 55 0 0 55 -55 55 -55 55 0 -55
24200 0 -55 0 0 0 0 0 0 0 -55 0 0 55 -55 55 -55 -55 0 55
24200 0 -55 0 0 0 0 0 0 0 -55 0 0 55 -55 55 -55 55 0 -55
24200 0 -55 0 0 0 0 0 0 0 55 0 0 -55 -55 55 -55 -55 0 55
24200 0 -55 0 0 0 0 0 0 0 55 0 0 -55 -55 55 -55 55 0 -55
24200 0 55 0 0 0 0 0 0 0 -55 0 0 -55 -55 55 -55 -55 0 55
24200 0 55 0 0 0 0 0 0 0 -55 0 0 -55 -55 55 -55 55 0 -55
24200 0 55 0 0 0 0 0 0 0 55 0 0 55 55 -55 -55 -55 0 55
24200 0 55 0 0 0 0 0 0 0 55 0 0 55 55 -55 -55 55 0 -55
24200 0 -55 0 0 0 0 0 0 0 -55 0 0 55 55 -55 -55 -55 0 55
24200 0 -55 0 0 0 0 0 0 0 -55 0 0 55 55 -55 -55 55 0 -55
24200 0 -55 0 0 0 0 0 0 0 55 0 0 -55 55 -55 -55 -55 0 55
24200 0 -55 0 0 0 0 0 0 0 55 0 0 -55 55 -55 -55 55 0 -55
24200 0 55 0 0 0 0 0 0 0 -55 0 0 -55 55 -55 -55 -55 0 55
24200 0 55 0 0 0 0 0 0 0 -55 0 0 -55 55 -55 -55 55 0 -55
24200 0 -55 0 0 0 0 0 0 0 55 0 0 55 -55 -55 -55 -55 0 55
24200 0 -55 0 0 0 0 0 0 0 55 0 0 55 -55 -55 -55 55 0 -55
24200 0 55 0 0 0 0 0 0 0 -55 0 0 55 -55 -55 -55 -55 0 55
24200 0 55 0 0 0 0 0 0 0 -55 0 0 55 -55 -55 -55 55 0 -55
24200 0 55 0 0 0 0 0 0 0 55 0 0 -55 -55 -55 -55 -55 0 55
24200 0 55 0 0 0 0 0 0 0 55 0 0 -55 -55 -55 -55 55 0 -55
24200 0 -55 0 0 0 0 0 0 0 -55 0 0 -55 -55 -55 -55 -55 0 55
24200 0 -55 0 0 0 0 0 0 0 -55 0 0 -55 -55 -55 -55 55 0 -55
72116 55 55 55 55 -55 55 55 -55 55 55 55 -55 -55 -55 -55 55 0 0 -154
72116 -55 55 55 55 -55 -55 -55 -55 55 -55 -55 -55 55 55 -55 -55 0 0 -154
72116 55 55 55 55 -55 -55 55 -55 55 55 -55 -55 55 55 -55 55 0 0 154
72116 -55 55 55 55 -55 55 -55 -55 55 -55 55 -55 -55 -55 -55 -55 0 0 154
72116 55 55 -55 55 -55 -55 55 55 -55 55 -55 55 55 55 -55 55 0 0 -154
72116 -55 55 -55 55 -55 55 -55 55 -55 -55 55 55 -55 -55 -55 -55 0 0 -154
72116 55 55 -55 55 -55 55 55 55 -55 55 55 55 -55 -55 -55 55 0 0 154
72116 -55 55 -55 55 -55 -55 -55 55 -55 -55 -55 55 55 55 -55 -55 0 0 154
72116 55 -55 55 -55 55 -55 55 -55 55 55 -55 -55 55 55 55 55 0 0 -154
72116 -55 -55 55 -55 55 55 -55 -55 55 -55 55 -55 -55 -55 55 -55 0 0 -154
72116 55 -55 55 -55 55 55 55 -55 55 55 55 -55 -55 -55 55 55 0 0 154
72116 -55 -55 55 -55 55 -55 -55 -55 55 -55 -55 -55 55 55 55 -55 0 0 154
72116 55 -55 -55 -55 55 55 55 55 -55 55 55 55 -55 -55 55 55 0 0 -154
72116 -55 -55 -55 -55 55 -55 -55 55 -55 -55 -55 55 55 55 55 -55 0 0 -154
72116 55 -55 -55 -55 55 -55 55 55 -55 55 -55 55 55 55 55 55 0 0 154
72116 -55 -55 -55 -55 55 55 -55 55 -55 -55 55 55 -55 -55 55 -55 0 0 154
72116 55 -55 55 55 55 55 55 55 -55 55 -55 -55 -55 55 -55 55 -154 0 0
72116 55 -55 55 55 -55 55 55 -55 -55 55 -55 55 55 -55 55 55 0 154 0
72116 -55 -55 55 55 55 -55 -55 55 -55 -55 55 -55 55 -55 -55 -55 -154 0 0
72116 -55 -55 55 55 -55 -55 -55 -55 -55 -55 55 55 -55 55 55 -55 0 154 0
72116 55 -55 55 55 -55 -55 55 -55 -55 55 55 55 -55 55 55 55 0 -154 0
72116 55 -55 55 55 55 -55 55 55 -55 55 55 -55 55 -55 -55 55 154 0 0
72116 -55 -55 55 55 -55 55 -55 -55 -55 -55 -55 55 55 -55 55 -55 0 -154 0
72116 -55 -55 55 55 55 55 -55 55 -55 -55 -55 -55 -55 55 -55 -55 154 0 0
72116 55 -55 -55 55 55 -55 55 -55 55 55 55 55 55 -55 -55 55 -154 0 0
72116 55 -55 -55 55 -55 -55 55 55 55 55 55 -55 -55 55 55 55 0 154 0
72116 -55 -55 -55 55 55 55 -55 -55 55 -55 -55 55 -55 55 -55 -55 -154 0 0
72116 -55 -55 -55 55 -55 55 -55 55 55 -55 -55 -55 55 -55 55 -55 0 154 0
72116 55 -55 -55 55 -55 55 55 55 55 55 -55 -55 55 -55 55 55 0 -154 0
72116 55 -55 -55 55 55 55 55 -55 55 55 -55 55 -55 55 -55 55 154 0 0
72116 -55 -55 -55 55 -55 -55 -55 55 55 -55 55 -55 -55 55 55 -55 0 -154 0
72116 -55 -55 -55 55 55 -55 -55 -55 55 -55 55 55 55 -55 -55 -55 154 0 0
72116 55 55 55 -55 -55 -55 55 55 -55 55 55 -55 55 -55 55 55 -154 0 0
72116 55 55 55 -55 55 -55 55 -55 -55 55 55 55 -55 55 -55 55 0 154 0
72116 -55 55 55 -55 -55 55 -55 55 -55 -55 -55 -55 -55 55 55 -55 -154 0 0
72116 -55 55 55 -55 55 55 -55 -55 -55 -55 -55 55 55 -55 -55 -55 0 154 0
72116 55 55 55 -55 55 55 55 -55 -55 55 -55 55 55 -55 -55 55 0 -154 0
72116 55 55 55 -55 -55 55 55 55 -55 55 -55 -55 -55 55 55 55 154 0 0
72116 -55 55 55 -55 55 -55 -55 -55 -55 -55 55 55 -55 55 -55 -55 0 -154 0
72116 -55 55 55 -55 -55 -55 -55 55 -55 -55 55 -55 55 -55 55 -55 154 0 0
72116 55 55 -55 -55 -55 55 55 -55 55 55 -55 55 -55 55 55 55 -154 0 0
72116 55 55 -55 -55 55 55 55 55 55 55 -55 -55 55 -55 -55 55 0 154 0
72116 -55 55 -55 -55 -55 -55 -55 -55 55 -55 55 55 55 -55 55 -55 -154 0 0
72116 -55 55 -55 -55 55 -55 -55 55 55 -55 55 -55 -55 55 -55 -55 0 154 0
72116 55 55 -55 -55 55 -55 55 55 55 55 55 -55 -55 55 -55 55 0 -154 0
72116 55 55 -55 -55 -55 -55 55 -55 55 55 55 55 55 -55 55 55 154 0 0
72116 -55 55 -55 -55 55 55 -55 55 55 -55 -55 -55 55 -55 -55 -55 0 -154 0
72116 -55 55 -55 -55 -55 55 -55 -55 55 -55 -55 55 -55 55 55 -55 154 0 0
54475 55 55 -55 -55 55 55 55 55 55 55 55 55 55 -55 55 -55 -45 -45 -45
54475 55 55 -55 -55 -55 55 55 -55 55 55 55 -55 -55 55 -55 -55 45 45 -45
54475 -55 55 -55 -55 55 -55 -55 55 55 -55 -55 55 -55 55 55 55 -45 -45 -45
54475 -55 55 -55 -55 -55 -55 -55 -55 55 -55 -55 -55 55 -55 -55 55 45 45 -45
54475 55 55 -55 -55 -55 -55 55 -55 55 55 -55 -55 55 -55 -55 -55 -45 -45 45
54475 55 55 -55 -55 55 -55 55 55 55 55 -55 55 -55 55 55 -55 45 45 45
54475 -55 55 -55 -55 -55 55 -55 -55 55 -55 55 -55 -55 55 -55 55 -45 -45 45
54475 -55 55 -55 -55 55 55 -55 55 55 -55 55 55 55 -55 55 55 45 45 45
54475 55 55 55 -55 55 -55 55 -55 -55 55 -55 -55 -55 55 55 -55 -45 -45 -45
54475 55 55 55 -55 -55 -55 55 55 -55 55 -55 55 55 -55 -55 -55 45 45 -45
54475 -55 55 55 -55 55 55 -55 -55 -55 -55 55 -55 55 -55 55 55 -45 -45 -45
54475 -55 55 55 -55 -55 55 -55 55 -55 -55 55 55 -55 55 -55 55 45 45 -45
54475 55 55 55 -55 -55 55 55 55 -55 55 55 55 -55 55 -55 -55 -45 -45 45
54475 55 55 55 -55 55 55 55 -55 -55 55 55 -55 55 -55 55 -55 45 45 45
54475 -55 55 55 -55 -55 -55 -55 55 -55 -55 -55 55 55 -55 -55 55 -45 -45 45
54475 -55 55 55 -55 55 -55 -55 -55 -55 -55 -55 -55 -55 55 55 55 45 45 45
54475 55 -55 -55 55 -55 -55 55 55 55 55 -55 55 -55 55 -55 -55 -45 -45 -45
54475 55 -55 -55 55 55 -55 55 -55 55 55 -55 -55 55 -55 55 -55 45 45 -45
54475 -55 -55 -55 55 -55 55 -55 55 55 -55 55 55 55 -55 -55 55 -45 -45 -45
54475 -55 -55 -55 55 55 55 -55 -55 55 -55 55 -55 -55 55 55 55 45 45 -45
54475 55 -55 -55 55 55 55 55 -55 55 55 55 -55 -55 55 55 -55 -45 -45 45
54475 55 -55 -55 55 -55 55 55 55 55 55 55 55 55 -55 -55 -55 45 45 45
54475 -55 -55 -55 55 55 -55 -55 -55 55 -55 -55 -55 55 -55 55 55 -45 -45 45
54475 -55 -55 -55 55 -55 -55 -55 55 55 -55 -55 55 -55 55 -55 55 45 45 45
54475 55 -55 55 55 -55 55 55 -55 -55 55 55 -55 55 -55 -55 -55 -45 -45 -45
54475 55 -55 55 55 55 55 55 55 -55 55 55 55 -55 55 55 -55 45 45 -45
54475 -55 -55 55 55 -55 -55 -55 -55 -55 -55 -55 -55 -55 55 -55 55 -45 -45 -45
54475 -55 -55 55 55 55 -55 -55 55 -55 -55 -55 55 55 -55 55 55 45 45 -45
54475 55 -55 55 55 55 -55 55 55 -55 55 -55 55 55 -55 55 -55 -45 -45 45
54475 55 -55 55 55 -55 -55 55 -55 -55 55 -55 -55 -55 55 -55 -55 45 45 45
54475 -55 -55 55 55 55 55 -55 55 -55 -55 55 55 -55 55 55 55 -45 -45 45
54475 -55 -55 55 55 -55 55 -55 -55 -55 -55 55 -55 55 -55 -55 55 45 45 45
54475 55 -55 -55 -55 55 55 55 55 -55 55 -55 -55 -55 -55 -55 -55 -45 45 45
54475 55 -55 -55 -55 -55 55 55 -55 -55 55 -55 55 55 55 55 -55 -45 45 -45
54475 -55 -55 -55 -55 55 -55 -55 55 -55 -55 55 -55 55 55 -55 55 -45 45 45
54475 -55 -55 -55 -55 -55 -55 -55 -55 -55 -55 55 55 -55 -55 55 55 -45 45 -45
54475 55 -55 -55 -55 -55 -55 55 -55 -55 55 55 55 -55 -55 55 -55 45 -45 45
54475 55 -55 -55 -55 55 -55 55 55 -55 55 55 -55 55 55 -55 -55 45 -45 -45
54475 -55 -55 -55 -55 -55 55 -55 -55 -55 -55 -55 55 55 55 55 55 45 -45 45
54475 -55 -55 -55 -55 55 55 -55 55 -55 -55 -55 -55 -55 -55 -55 55 45 -45 -45
54475 55 -55 55 -55 55 -55 55 -55 55 55 55 55 55 55 -55 -55 -45 45 45
54475 55 -55 55 -55 -55 -55 55 55 55 55 55 -55 -55 -55 55 -55 -45 45 -45
54475 -55 -55 55 -55 55 55 -55 -55 55 -55 -55 55 -55 -55 -55 55 -45 45 45
54475 -55 -55 55 -55 -55 55 -55 55 55 -55 -55 -55 55 55 55 55 -45 45 -45
54475 55 -55 55 -55 -55 55 55 55 55 55 -55 -55 55 55 55 -55 45 -45 45
54475 55 -55 55 -55 55 55 55 -55 55 55 -55 55 -55 -55 -55 -55 45 -45 -45
54475 -55 -55 55 -55 -55 -55 -55 55 55 -55 55 -55 -55 -55 55 55 45 -45 45
54475 -55 -55 55 -55 55 -55 -55 -55 55 -55 55 55 55 55 -55 55 45 -45 -45
54475 55 55 -55 55 -55 -55 55 55 -55 55 55 -55 55 55 55 -55 -45 45 45
54475 55 55 -55 55 55 -55 55 -55 -55 55 55 55 -55 -55 -55 -55 -45 45 -45
54475 -55 55 -55 55 -55 55 -55 55 -55 -55 -55 -55 -55 -55 55 55 -45 45 45
54475 -55 55 -55 55 55 55 -55 -55 -55 -55 -55 55 55 55 -55 55 -45 45 -45
54475 55 55 -55 55 55 55 55 -55 -55 55 -55 55 55 55 -55 -55 45 -45 45
54475 55 55 -55 55 -55 55 55 55 -55 55 -55 -55 -55 -55 55 -55 45 -45 -45
54475 -55 55 -55 55 55 -55 -55 -55 -55 -55 55 55 -55 -55 -55 55 45 -45 45
54475 -55 55 -55 55 -55 -55 -55 55 -55 -55 55 -55 55 55 55 55 45 -45 -45
54475 55 55 55 55 -55 55 55 -55 55 55 -55 55 -55 -55 55 -55 -45 45 45
54475 55 55 55 55 55 55 55 55 55 55 -55 -55 55 55 -55 -55 -45 45 -45
54475 -55 55 55 55 -55 -55 -55 -55 55 -55 55 55 55 55 55 55 -45 45 45
54475 -55 55 55 55 55 -55 -55 55 55 -55 55 -55 -55 -55 -55 55 -45 45 -45
54475 55 55 55 55 55 -55 55 55 55 55 55 -55 -55 -55 -55 -55 45 -45 45
54475 55 55 55 55 -55 -55 55 -55 55 55 55 55 55 55 55 -55 45 -45 -45
54475 -55 55 55 55 55 55 -55 55 55 -55 -55 -55 55 55 -55 55 45 -45 45
54475 -55 55 55 55 -55 55 -55 -55 55 -55 -55 55 -55 -55 55 55 45 -45 -45
54475 55 55 55 55 55 55 55 -55 -55 55 55 -55 -55 55 -55 -55 45 -45 -45
54475 55 55 55 55 -55 55 55 55 -55 55 55 55 55 -55 55 -55 45 -45 45
54475 -55 55 55 55 55 -55 -55 -55 -55 -55 -55 -55 55 -55 -55 55 45 -45 -45
54475 -55 55 55 55 -55 -55 -55 55 -55 -55 -55 55 -55 55 55 55 45 -45 45
54475 55 55 55 55 -55 -55 55 55 -55 55 -55 55 -55 55 55 -55 -45 45 -45
54475 55 55 55 55 55 -55 55 -55 -55 55 -55 -55 55 -55 -55 -55 -45 45 45
54475 -55 55 55 55 -55 55 -55 55 -55 -55 55 55 55 -55 55 55 -45 45 -45
54475 -55 55 55 55 55 55 -55 -55 -55 -55 55 -55 -55 55 -55 55 -45 45 45
54475 55 55 -55 55 55 -55 55 55 55 55 -55 55 55 -55 -55 -55 45 -45 -45
54475 55 55 -55 55 -55 -55 55 -55 55 55 -55 -55 -55 55 55 -55 45 -45 45
54475 -55 55 -55 55 55 55 -55 55 55 -55 55 55 -55 55 -55 55 45 -45 -45
54475 -55 55 -55 55 -55 55 -55 -55 55 -55 55 -55 55 -55 55 55 45 -45 45
54475 55 55 -55 55 -55 55 55 -55 55 55 55 -55 55 -55 55 -55 -45 45 -45
54475 55 55 -55 55 55 55 55 55 55 55 55 55 -55 55 -55 -55 -45 45 45
54475 -55 55 -55 55 -55 -55 -55 -55 55 -55 -55 -55 -55 55 55 55 -45 45 -45
54475 -55 55 -55 55 55 -55 -55 55 55 -55 -55 55 55 -55 -55 55 -45 45 45
54475 55 -55 55 -55 -55 -55 55 -55 -55 55 -55 -55 55 -55 55 -55 45 -45 -45
54475 55 -55 55 -55 55 -55 55 55 -55 55 -55 55 -55 55 -55 -55 45 -45 45
54475 -55 -55 55 -55 -55 55 -55 -55 -55 -55 55 -55 -55 55 55 55 45 -45 -45
54475 -55 -55 55 -55 55 55 -55 55 -55 -55 55 55 55 -55 -55 55 45 -45 45
54475 55 -55 55 -55 55 55 55 55 -55 55 55 55 55 -55 -55 -55 -45 45 -45
54475 55 -55 55 -55 -55 55 55 -55 -55 55 55 -55 -55 55 55 -55 -45 45 45
54475 -55 -55 55 -55 55 -55 -55 55 -55 -55 -55 55 -55 55 -55 55 -45 45 -45
54475 -55 -55 55 -55 -55 -55 -55 -55 -55 -55 -55 -55 55 -55 55 55 -45 45 45
54475 55 -55 -55 -55 -55 55 55 55 55 55 55 55 -55 55 55 -55 45 -45 -45
54475 55 -55 -55 -55 55 55 55 -55 55 55 55 -55 55 -55 -55 -55 45 -45 45
54475 -55 -55 -55 -55 -55 -55 -55 55 55 -55 -55 55 55 -55 55 55 45 -45 -45
54475 -55 -55 -55 -55 55 -55 -55 -55 55 -55 -55 -55 -55 55 -55 55 45 -45 45
54475 55 -55 -55 -55 55 -55 55 -55 55 55 -55 -55 -55 55 -55 -55 -45 45 -45
54475 55 -55 -55 -55 -55 -55 55 55 55 55 -55 55 55 -55 55 -55 -45 45 45
54475 -55 -55 -55 -55 55 55 -55 -55 55 -55 55 -55 55 -55 -55 55 -45 45 -45
54475 -55 -55 -55 -55 -55 55 -55 55 55 -55 55 55 -55 55 55 55 -45 45 45
54475 55 -55 55 55 55 55 55 -55 55 55 -55 55 55 55 55 -55 45 45 45
54475 55 -55 55 55 -55 55 55 55 55 55 -55 -55 -55 -55 -55 -55 -45 -45 45
54475 -55 -55 55 55 55 -55 -55 -55 55 -55 55 55 -55 -55 55 55 45 45 45
54475 -55 -55 55 55 -55 -55 -55 55 55 -55 55 -55 55 55 -55 55 -45 -45 45
54475 55 -55 55 55 -55 -55 55 55 55 55 55 -55 55 55 -55 -55 45 45 -45
54475 55 -55 55 55 55 -55 55 -55 55 55 55 55 -55 -55 55 -55 -45 -45 -45
54475 -55 -55 55 55 -55 55 -55 55 55 -55 -55 -55 -55 -55 -55 55 45 45 -45
54475 -55 -55 55 55 55 55 -55 -55 55 -55 -55 55 55 55 55 55 -45 -45 -45
54475 55 -55 -55 55 55 -55 55 55 -55 55 55 -55 -55 -55 55 -55 45 45 45
54475 55 -55 -55 55 -55 -55 55 -55 -55 55 55 55 55 55 -55 -55 -45 -45 45
54475 -55 -55 -55 55 55 55 -55 55 -55 -55 -55 -55 55 55 55 55 45 45 45
54475 -55 -55 -55 55 -55 55 -55 -55 -55 -55 -55 55 -55 -55 -55 55 -45 -45 45
54475 55 -55 -55 55 -55 55 55 -55 -55 55 -55 55 -55 -55 -55 -55 45 45 -45
54475 55 -55 -55 55 55 55 55 55 -55 55 -55 -55 55 55 55 -55 -45 -45 -45
54475 -55 -55 -55 55 -55 -55 -55 -55 -55 -55 55 55 55 55 -55 55 45 45 -45
54475 -55 -55 -55 55 55 -55 -55 55 -55 -55 55 -55 -55 -55 55 55 -45 -45 -45
54475 55 55 55 -55 -55 -55 55 -55 55 55 55 55 -55 -55 -55 -55 45 45 45
54475 55 55 55 -55 55 -55 55 55 55 55 55 -55 55 55 55 -55 -45 -45 45
54475 -55 55 55 -55 -55 55 -55 -55 55 -55 -55 55 55 55 -55 55 45 45 45
54475 -55 55 55 -55 55 55 -55 55 55 -55 -55 -55 -55 -55 55 55 -45 -45 45
54475 55 55 55 -55 55 55 55 55 55 55 -55 -55 -55 -55 55 -55 45 45 -45
54475 55 55 55 -55 -55 55 55 -55 55 55 -55 55 55 55 -55 -55 -45 -45 -45
54475 -55 55 55 -55 55 -55 -55 55 55 -55 55 -55 55 55 55 55 45 45 -45
54475 -55 55 55 -55 -55 -55 -55 -55 55 -55 55 55 -55 -55 -55 55 -45 -45 -45
54475 55 55 -55 -55 -55 55 55 55 -55 55 -55 -55 55 55 -55 -55 45 45 45
54475 55 55 -55 -55 55 55 55 -55 -55 55 -55 55 -55 -55 55 -55 -45 -45 45
54475 -55 55 -55 -55 -55 -55 -55 55 -55 -55 55 -55 -55 -55 -55 55 45 45 45
54475 -55 55 -55 -55 55 -55 -55 -55 -55 -55 55 55 55 55 55 55 -45 -45 45
54475 55 55 -55 -55 55 -55 55 -55 -55 55 55 55 55 55 55 -55 45 45 -45
54475 55 55 -55 -55 -55 -55 55 55 -55 55 55 -55 -55 -55 -55 -55 -45 -45 -45
54475 -55 55 -55 -55 55 55 -55 -55 -55 -55 -55 55 -55 -55 55 55 45 45 -45
54475 -55 55 -55 -55 -55 55 -55 55 -55 -55 -55 -55 55 55 -55 55 -45 -45 -45
72116 55 55 -55 -55 55 55 55 -55 -55 55 55 -55 -55 -55 -55 55 154 0 0
72116 55 55 -55 -55 -55 55 55 55 -55 55 55 55 55 55 55 55 0 -154 0
72116 -55 55 -55 -55 55 -55 -55 -55 -55 -55 -55 -55 55 55 -55 -55 154 0 0
72116 -55 55 -55 -55 -55 -55 -55 55 -55 -55 -55 55 -55 -55 55 -55 0 -154 0
72116 55 55 -55 -55 -55 -55 55 55 -55 55 -55 55 -55 -55 55 55 0 154 0
72116 55 55 -55 -55 55 -55 55 -55 -55 55 -55 -55 55 55 -55 55 -154 0 0
72116 -55 55 -55 -55 -55 55 -55 55 -55 -55 55 55 55 55 55 -55 0 154 0
72116 -55 55 -55 -55 55 55 -55 -55 -55 -55 55 -55 -55 -55 -55 -55 -154 0 0
72116 55 55 55 -55 55 -55 55 55 55 55 -55 55 55 55 -55 55 154 0 0
72116 55 55 55 -55 -55 -55 55 -55 55 55 -55 -55 -55 -55 55 55 0 -154 0
72116 -55 55 55 -55 55 55 -55 55 55 -55 55 55 -55 -55 -55 -55 154 0 0
72116 -55 55 55 -55 -55 55 -55 -55 55 -55 55 -55 55 55 55 -55 0 -154 0
72116 55 55 55 -55 -55 55 55 -55 55 55 55 -55 55 55 55 55 0 154 0
72116 55 55 55 -55 55 55 55 55 55 55 55 55 -55 -55 -55 55 -154 0 0
72116 -55 55 55 -55 -55 -55 -55 -55 55 -55 -55 -55 -55 -55 55 -55 0 154 0
72116 -55 55 55 -55 55 -55 -55 55 55 -55 -55 55 55 55 -55 -55 -154 0 0
72116 55 -55 -55 55 -55 -55 55 -55 -55 55 -55 -55 55 55 55 55 154 0 0
72116 55 -55 -55 55 55 -55 55 55 -55 55 -55 55 -55 -55 -55 55 0 -154 0
72116 -55 -55 -55 55 -55 55 -55 -55 -55 -55 55 -55 -55 -55 55 -55 154 0 0
72116 -55 -55 -55 55 55 55 -55 55 -55 -55 55 55 55 55 -55 -55 0 -154 0
72116 55 -55 -55 55 55 55 55 55 -55 55 55 55 55 55 -55 55 0 154 0
72116 55 -55 -55 55 -55 55 55 -55 -55 55 55 -55 -55 -55 55 55 -154 0 0
72116 -55 -55 -55 55 55 -55 -55 55 -55 -55 -55 55 -55 -55 -55 -55 0 154 0
72116 -55 -55 -55 55 -55 -55 -55 -55 -55 -55 -55 -55 55 55 55 -55 -154 0 0
72116 55 -55 55 55 -55 55 55 55 55 55 55 55 -55 -55 55 55 154 0 0
72116 55 -55 55 55 55 55 55 -55 55 55 55 -55 55 55 -55 55 0 -154 0
72116 -55 -55 55 55 -55 -55 -55 55 55 -55 -55 55 55 55 55 -55 154 0 0
72116 -55 -55 55 55 55 -55 -55 -55 55 -55 -55 -55 -55 -55 -55 -55 0 -154 0
72116 55 -55 55 55 55 -55 55 -55 55 55 -55 -55 -55 -55 -55 55 0 154 0
72116 55 -55 55 55 -55 -55 55 55 55 55 -55 55 55 55 55 55 -154 0 0
72116 -55 -55 55 55 55 55 -55 -55 55 -55 55 -55 55 55 -55 -55 0 154 0
72116 -55 -55 55 55 -55 55 -55 55 55 -55 55 55 -55 -55 55 -55 -154 0 0
72116 55 -55 -55 -55 -55 55 55 55 55 55 -55 -55 -55 55 -55 55 0 0 154
72116 -55 -55 -55 -55 -55 -55 -55 55 55 -55 55 -55 55 -55 -55 -55 0 0 154
72116 55 -55 -55 -55 -55 -55 55 55 55 55 55 -55 55 -55 -55 55 0 0 -154
72116 -55 -55 -55 -55 -55 55 -55 55 55 -55 -55 -55 -55 55 -55 -55 0 0 -154
72116 55 -55 55 -55 -55 -55 55 -55 -55 55 55 55 55 -55 -55 55 0 0 154
72116 -55 -55 55 -55 -55 55 -55 -55 -55 -55 -55 55 -55 55 -55 -55 0 0 154
72116 55 -55 55 -55 -55 55 55 -55 -55 55 -55 55 -55 55 -55 55 0 0 -154
72116 -55 -55 55 -55 -55 -55 -55 -55 -55 -55 55 55 55 -55 -55 -55 0 0 -154
72116 55 55 -55 55 55 -55 55 55 55 55 55 -55 55 -55 55 55 0 0 154
72116 -55 55 -55 55 55 55 -55 55 55 -55 -55 -55 -55 55 55 -55 0 0 154
72116 55 55 -55 55 55 55 55 55 55 55 -55 -55 -55 55 55 55 0 0 -154
72116 -55 55 -55 55 55 -55 -55 55 55 -55 55 -55 55 -55 55 -55 0 0 -154
72116 55 55 55 55 55 55 55 -55 -55 55 -55 55 -55 55 55 55 0 0 154
72116 -55 55 55 55 55 -55 -55 -55 -55 -55 55 55 55 -55 55 -55 0 0 154
72116 55 55 55 55 55 -55 55 -55 -55 55 55 55 55 -55 55 55 0 0 -154
72116 -55 55 55 55 55 55 -55 -55 -55 -55 -55 55 -55 55 55 -55 0 0 -154
54475 55 55 55 55 55 -55 55 55 -55 55 55 55 55 55 -55 -55 -45 -45 -45
54475 55 55 55 55 -55 -55 55 -55 -55 55 55 -55 -55 -55 55 -55 45 45 -45
54475 -55 55 55 55 55 55 -55 55 -55 -55 -55 55 -55 -55 -55 55 -45 -45 -45
54475 -55 55 55 55 -55 55 -55 -55 -55 -55 -55 -55 55 55 55 55 45 45 -45
54475 55 55 55 55 -55 55 55 -55 -55 55 -55 -55 55 55 55 -55 -45 -45 45
54475 55 55 55 55 55 55 55 55 -55 55 -55 55 -55 -55 -55 -55 45 45 45
54475 -55 55 55 55 -55 -55 -55 -55 -55 -55 55 -55 -55 -55 55 55 -45 -45 45
54475 -55 55 55 55 55 -55 -55 55 -55 -55 55 55 55 55 -55 55 45 45 45
54475 55 55 -55 55 55 55 55 -55 55 55 -55 -55 -55 -55 -55 -55 -45 -45 -45
54475 55 55 -55 55 -55 55 55 55 55 55 -55 55 55 55 55 -55 45 45 -45
54475 -55 55 -55 55 55 -55 -55 -55 55 -55 55 -55 55 55 -55 55 -45 -45 -45
54475 -55 55 -55 55 -55 -55 -55 55 55 -55 55 55 -55 -55 55 55 45 45 -45
54475 55 55 -55 55 -55 -55 55 55 55 55 55 55 -55 -55 55 -55 -45 -45 45
54475 55 55 -55 55 55 -55 55 -55 55 55 55 -55 55 55 -55 -55 45 45 45
54475 -55 55 -55 55 -55 55 -55 55 55 -55 -55 55 55 55 55 55 -45 -45 45
54475 -55 55 -55 55 55 55 -55 -55 55 -55 -55 -55 -55 -55 -55 55 45 45 45
54475 55 -55 55 -55 -55 55 55 55 -55 55 -55 55 -55 -55 55 -55 -45 -45 -45
54475 55 -55 55 -55 55 55 55 -55 -55 55 -55 -55 55 55 -55 -55 45 45 -45
54475 -55 -55 55 -55 -55 -55 -55 55 -55 -55 55 55 55 55 55 55 -45 -45 -45
54475 -55 -55 55 -55 55 -55 -55 -55 -55 -55 55 -55 -55 -55 -55 55 45 45 -45
54475 55 -55 55 -55 55 -55 55 -55 -55 55 55 -55 -55 -55 -55 -55 -45 -45 45
54475 55 -55 55 -55 -55 -55 55 55 -55 55 55 55 55 55 55 -55 45 45 45
54475 -55 -55 55 -55 55 55 -55 -55 -55 -55 -55 -55 55 55 -55 55 -45 -45 45
54475 -55 -55 55 -55 -55 55 -55 55 -55 -55 -55 55 -55 -55 55 55 45 45 45
54475 55 -55 -55 -55 -55 -55 55 -55 55 55 55 -55 55 55 55 -55 -45 -45 -45
54475 55 -55 -55 -55 55 -55 55 55 55 55 55 55 -55 -55 -55 -55 45 45 -45
54475 -55 -55 -55 -55 -55 55 -55 -55 55 -55 -55 -55 -55 -55 55 55 -45 -45 -45
54475 -55 -55 -55 -55 55 55 -55 55 55 -55 -55 55 55 55 -55 55 45 45 -45
54475 55 -55 -55 -55 55 55 55 55 55 55 -55 55 55 55 -55 -55 -45 -45 45
54475 55 -55 -55 -55 -55 55 55 -55 55 55 -55 -55 -55 -55 55 -55 45 45 45
54475 -55 -55 -55 -55 55 -55 -55 55 55 -55 55 55 -55 -55 -55 55 -45 -45 45
54475 -55 -55 -55 -55 -55 -55 -55 -55 55 -55 55 -55 55 55 55 55 45 45 45
54475 55 -55 55 55 55 -55 55 55 55 55 -55 -55 -55 55 55 -55 -45 45 45
54475 55 -55 55 55 -55 -55 55 -55 55 55 -55 55 55 -55 -55 -55 -45 45 -45
54475 -55 -55 55 55 55 55 -55 55 55 -55 55 -55 55 -55 55 55 -45 45 45
54475 -55 -55 55 55 -55 55 -55 -55 55 -55 55 55 -55 55 -55 55 -45 45 -45
54475 55 -55 55 55 -55 55 55 -55 55 55 55 55 -55 55 -55 -55 45 -45 45
54475 55 -55 55 55 55 55 55 55 55 55 55 -55 55 -55 55 -55 45 -45 -45
54475 -55 -55 55 55 -55 -55 -55 -55 55 -55 -55 55 55 -55 -55 55 45 -45 45
54475 -55 -55 55 55 55 -55 -55 55 55 -55 -55 -55 -55 55 55 55 45 -45 -45
54475 55 -55 -55 55 55 55 55 -55 -55 55 55 55 55 -55 55 -55 -45 45 45
54475 55 -55 -55 55 -55 55 55 55 -55 55 55 -55 -55 55 -55 -55 -45 45 -45
54475 -55 -55 -55 55 55 -55 -55 -55 -55 -55 -55 55 -55 55 55 55 -45 45 45
54475 -55 -55 -55 55 -55 -55 -55 55 -55 -55 -55 -55 55 -55 -55 55 -45 45 -45
54475 55 -55 -55 55 -55 -55 55 55 -55 55 -55 -55 55 -55 -55 -55 45 -45 45
54475 55 -55 -55 55 55 -55 55 -55 -55 55 -55 55 -55 55 55 -55 45 -45 -45
54475 -55 -55 -55 55 -55 55 -55 55 -55 -55 55 -55 -55 55 -55 55 45 -45 45
54475 -55 -55 -55 55 55 55 -55 -55 -55 -55 55 55 55 -55 55 55 45 -45 -45
54475 55 55 55 -55 -55 55 55 55 55 55 55 -55 55 -55 -55 -55 -45 45 45
54475 55 55 55 -55 55 55 55 -55 55 55 55 55 -55 55 55 -55 -45 45 -45
54475 -55 55 55 -55 -55 -55 -55 55 55 -55 -55 -55 -55 55 -55 55 -45 45 45
54475 -55 55 55 -55 55 -55 -55 -55 55 -55 -55 55 55 -55 55 55 -45 45 -45
54475 55 55 55 -55 55 -55 55 -55 55 55 -55 55 55 -55 55 -55 45 -45 45
54475 55 55 55 -55 -55 -55 55 55 55 55 -55 -55 -55 55 -55 -55 45 -45 -45
54475 -55 55 55 -55 55 55 -55 -55 55 -55 55 55 -55 55 55 55 45 -45 45
54475 -55 55 55 -55 -55 55 -55 55 55 -55 55 -55 55 -55 -55 55 45 -45 -45
54475 55 55 -55 -55 -55 -55 55 -55 -55 55 -55 55 -55 55 -55 -55 -45 45 45
54475 55 55 -55 -55 55 -55 55 55 -55 55 -55 -55 55 -55 55 -55 -45 45 -45
54475 -55 55 -55 -55 -55 55 -55 -55 -55 -55 55 55 55 -55 -55 55 -45 45 45
54475 -55 55 -55 -55 55 55 -55 55 -55 -55 55 -55 -55 55 55 55 -45 45 -45
54475 55 55 -55 -55 55 55 55 55 -55 55 55 -55 -55 55 55 -55 45 -45 45
54475 55 55 -55 -55 -55 55 55 -55 -55 55 55 55 55 -55 -55 -55 45 -45 -45
54475 -55 55 -55 -55 55 -55 -55 55 -55 -55 -55 -55 55 -55 55 55 45 -45 45
54475 -55 55 -55 -55 -55 -55 -55 -55 -55 -55 -55 55 -55 55 -55 55 45 -45 -45
72116 55 55 -55 -55 -55 -55 55 -55 -55 55 55 -55 -55 55 55 55 0 0 -154
72116 -55 55 -55 -55 -55 55 -55 -55 -55 -55 -55 -55 55 -55 55 -55 0 0 -154
72116 55 55 -55 -55 -55 55 55 -55 -55 55 -55 -55 55 -55 55 55 0 0 154
72116 -55 55 -55 -55 -55 -55 -55 -55 -55 -55 55 -55 -55 55 55 -55 0 0 154
72116 55 55 55 -55 -55 55 55 55 55 55 -55 55 55 -55 55 55 0 0 -154
72116 -55 55 55 -55 -55 -55 -55 55 55 -55 55 55 -55 55 55 -55 0 0 -154
72116 55 55 55 -55 -55 -55 55 55 55 55 55 55 -55 55 55 55 0 0 154
72116 -55 55 55 -55 -55 55 -55 55 55 -55 -55 55 55 -55 55 -55 0 0 154
72116 55 -55 -55 55 55 55 55 -55 -55 55 -55 -55 55 -55 -55 55 0 0 -154
72116 -55 -55 -55 55 55 -55 -55 -55 -55 -55 55 -55 -55 55 -55 -55 0 0 -154
72116 55 -55 -55 55 55 -55 55 -55 -55 55 55 -55 -55 55 -55 55 0 0 154
72116 -55 -55 -55 55 55 55 -55 -55 -55 -55 -55 -55 55 -55 -55 -55 0 0 154
72116 55 -55 55 55 55 -55 55 55 55 55 55 55 -55 55 -55 55 0 0 -154
72116 -55 -55 55 55 55 55 -55 55 55 -55 -55 55 55 -55 -55 -55 0 0 -154
72116 55 -55 55 55 55 55 55 55 55 55 -55 55 55 -55 -55 55 0 0 154
72116 -55 -55 55 55 55 -55 -55 55 55 -55 55 55 -55 55 -55 -55 0 0 154
72116 55 -55 -55 -55 55 -55 55 55 55 55 -55 -55 -55 -55 55 55 -154 0 0
72116 55 -55 -55 -55 -55 -55 55 -55 55 55 -55 55 55 55 -55 55 0 154 0
72116 -55 -55 -55 -55 55 55 -55 55 55 -55 55 -55 55 55 55 -55 -154 0 0
72116 -55 -55 -55 -55 -55 55 -55 -55 55 -55 55 55 -55 -55 -55 -55 0 154 0
72116 55 -55 -55 -55 -55 55 55 -55 55 55 55 55 -55 -55 -55 55 0 -154 0
72116 55 -55 -55 -55 55 55 55 55 55 55 55 -55 55 55 55 55 154 0 0
72116 -55 -55 -55 -55 -55 -55 -55 -55 55 -55 -55 55 55 55 -55 -55 0 -154 0
72116 -55 -55 -55 -55 55 -55 -55 55 55 -55 -55 -55 -55 -55 55 -55 154 0 0
72116 55 -55 55 -55 55 55 55 -55 -55 55 55 55 55 55 55 55 -154 0 0
72116 55 -55 55 -55 -55 55 55 55 -55 55 55 -55 -55 -55 -55 55 0 154 0
72116 -55 -55 55 -55 55 -55 -55 -55 -55 -55 -55 55 -55 -55 55 -55 -154 0 0
72116 -55 -55 55 -55 -55 -55 -55 55 -55 -55 -55 -55 55 55 -55 -55 0 154 0
72116 55 -55 55 -55 -55 -55 55 55 -55 55 -55 -55 55 55 -55 55 0 -154 0
72116 55 -55 55 -55 55 -55 55 -55 -55 55 -55 55 -55 -55 55 55 154 0 0
72116 -55 -55 55 -55 -55 55 -55 55 -55 -55 55 -55 -55 -55 -55 -55 0 -154 0
72116 -55 -55 55 -55 55 55 -55 -55 -55 -55 55 55 55 55 55 -55 154 0 0
72116 55 55 -55 55 -55 55 55 55 55 55 55 -55 55 55 -55 55 -154 0 0
72116 55 55 -55 55 55 55 55 -55 55 55 55 55 -55 -55 55 55 0 154 0
72116 -55 55 -55 55 -55 -55 -55 55 55 -55 -55 -55 -55 -55 -55 -55 -154 0 0
72116 -55 55 -55 55 55 -55 -55 -55 55 -55 -55 55 55 55 55 -55 0 154 0
72116 55 55 -55 55 55 -55 55 -55 55 55 -55 55 55 55 55 55 0 -154 0
72116 55 55 -55 55 -55 -55 55 55 55 55 -55 -55 -55 -55 -55 55 154 0 0
72116 -55 55 -55 55 55 55 -55 -55 55 -55 55 55 -55 -55 55 -55 0 -154 0
72116 -55 55 -55 55 -55 55 -55 55 55 -55 55 -55 55 55 -55 -55 154 0 0
72116 55 55 55 55 -55 -55 55 -55 -55 55 -55 55 -55 -55 -55 55 -154 0 0
72116 55 55 55 55 55 -55 55 55 -55 55 -55 -55 55 55 55 55 0 154 0
72116 -55 55 55 55 -55 55 -55 -55 -55 -55 55 55 55 55 -55 -55 -154 0 0
72116 -55 55 55 55 55 55 -55 55 -55 -55 55 -55 -55 -55 55 -55 0 154 0
72116 55 55 55 55 55 55 55 55 -55 55 55 -55 -55 -55 55 55 0 -154 0
72116 55 55 55 55 -55 55 55 -55 -55 55 55 55 55 55 -55 55 154 0 0
72116 -55 55 55 55 55 -55 -55 55 -55 -55 -55 -55 55 55 55 -55 0 -154 0
72116 -55 55 55 55 -55 -55 -55 -55 -55 -55 -55 55 -55 -55 -55 -55 154 0 0
72116 55 55 55 55 55 -55 55 -55 55 55 55 -55 -55 55 55 55 154 0 0
72116 55 55 55 55 -55 -55 55 55 55 55 55 55 55 -55 -55 55 0 -154 0
72116 -55 55 55 55 55 55 -55 -55 55 -55 -55 -55 55 -55 55 -55 154 0 0
72116 -55 55 55 55 -55 55 -55 55 55 -55 -55 55 -55 55 -55 -55 0 -154 0
72116 55 55 55 55 -55 55 55 55 55 55 -55 55 -55 55 -55 55 0 154 0
72116 55 55 55 55 55 55 55 -55 55 55 -55 -55 55 -55 55 55 -154 0 0
72116 -55 55 55 55 -55 -55 -55 55 55 -55 55 55 55 -55 -55 -55 0 154 0
72116 -55 55 55 55 55 -55 -55 -55 55 -55 55 -55 -55 55 55 -55 -154 0 0
72116 55 55 -55 55 55 55 55 55 -55 55 -55 55 55 -55 55 55 154 0 0
72116 55 55 -55 55 -55 55 55 -55 -55 55 -55 -55 -55 55 -55 55 0 -154 0
72116 -55 55 -55 55 55 -55 -55 55 -55 -55 55 55 -55 55 55 -55 154 0 0
72116 -55 55 -55 55 -55 -55 -55 -55 -55 -55 55 -55 55 -55 -55 -55 0 -154 0
72116 55 55 -55 55 -55 -55 55 -55 -55 55 55 -55 55 -55 -55 55 0 154 0
72116 55 55 -55 55 55 -55 55 55 -55 55 55 55 -55 55 55 55 -154 0 0
72116 -55 55 -55 55 -55 55 -55 -55 -55 -55 -55 -55 -55 55 -55 -55 0 154 0
72116 -55 55 -55 55 55 55 -55 55 -55 -55 -55 55 55 -55 55 -55 -154 0 0
72116 55 -55 55 -55 -55 55 55 -55 55 55 -55 -55 55 -55 -55 55 154 0 0
72116 55 -55 55 -55 55 55 55 55 55 55 -55 55 -55 55 55 55 0 -154 0
72116 -55 -55 55 -55 -55 -55 -55 -55 55 -55 55 -55 -55 55 -55 -55 154 0 0
72116 -55 -55 55 -55 55 -55 -55 55 55 -55 55 55 55 -55 55 -55 0 -154 0
72116 55 -55 55 -55 55 -55 55 55 55 55 55 55 55 -55 55 55 0 154 0
72116 55 -55 55 -55 -55 -55 55 -55 55 55 55 -55 -55 55 -55 55 -154 0 0
72116 -55 -55 55 -55 55 55 -55 55 55 -55 -55 55 -55 55 55 -55 0 154 0
72116 -55 -55 55 -55 -55 55 -55 -55 55 -55 -55 -55 55 -55 -55 -55 -154 0 0
72116 55 -55 -55 -55 -55 -55 55 55 -55 55 55 55 -55 55 -55 55 154 0 0
72116 55 -55 -55 -55 55 -55 55 -55 -55 55 55 -55 55 -55 55 55 0 -154 0
72116 -55 -55 -55 -55 -55 55 -55 55 -55 -55 -55 55 55 -55 -55 -55 154 0 0
72116 -55 -55 -55 -55 55 55 -55 -55 -55 -55 -55 -55 -55 55 55 -55 0 -154 0
72116 55 -55 -55 -55 55 55 55 -55 -55 55 -55 -55 -55 55 55 55 0 154 0
72116 55 -55 -55 -55 -55 55 55 55 -55 55 -55 55 55 -55 -55 55 -154 0 0
72116 -55 -55 -55 -55 55 -55 -55 -55 -55 -55 55 -55 55 -55 55 -55 0 154 0
72116 -55 -55 -55 -55 -55 -55 -55 55 -55 -55 55 55 -55 55 -55 -55 -154 0 0
72116 55 -55 55 55 -55 -55 55 55 -55 55 -55 -55 -55 -55 55 55 0 0 154
72116 -55 -55 55 55 -55 55 -55 55 -55 -55 55 -55 55 55 55 -55 0 0 154
72116 55 -55 55 55 -55 55 55 55 -55 55 55 -55 55 55 55 55 0 0 -154
72116 -55 -55 55 55 -55 -55 -55 55 -55 -55 -55 -55 -55 -55 55 -55 0 0 -154
72116 55 -55 -55 55 -55 55 55 -55 55 55 55 55 55 55 55 55 0 0 154
72116 -55 -55 -55 55 -55 -55 -55 -55 55 -55 -55 55 -55 -55 55 -55 0 0 154
72116 55 -55 -55 55 -55 -55 55 -55 55 55 -55 55 -55 -55 55 55 0 0 -154
72116 -55 -55 -55 55 -55 55 -55 -55 55 -55 55 55 55 55 55 -55 0 0 -154
72116 55 55 55 -55 55 55 55 55 -55 55 55 -55 55 55 -55 55 0 0 154
72116 -55 55 55 -55 55 -55 -55 55 -55 -55 -55 -55 -55 -55 -55 -55 0 0 154
72116 55 55 55 -55 55 -55 55 55 -55 55 -55 -55 -55 -55 -55 55 0 0 -154
72116 -55 55 55 -55 55 55 -55 55 -55 -55 55 -55 55 55 -55 -55 0 0 -154
72116 55 55 -55 -55 55 -55 55 -55 55 55 -55 55 -55 -55 -55 55 0 0 154
72116 -55 55 -55 -55 55 55 -55 -55 55 -55 55 55 55 55 -55 -55 0 0 154
72116 55 55 -55 -55 55 55 55 -55 55 55 55 55 55 55 -55 55 0 0 -154
72116 -55 55 -55 -55 55 -55 -55 -55 55 -55 -55 55 -55 -55 -55 -55 0 0 -154
54475 55 55 -55 -55 55 -55 55 -55 55 55 55 -55 -55 -55 55 -55 45 -45 -45
54475 55 55 -55 -55 -55 -55 55 55 55 55 55 55 55 55 -55 -55 45 -45 45
54475 -55 55 -55 -55 55 55 -55 -55 55 -55 -55 -55 55 55 55 55 45 -45 -45
54475 -55 55 -55 -55 -55 55 -55 55 55 -55 -55 55 -55 -55 -55 55 45 -45 45
54475 55 55 -55 -55 -55 55 55 55 55 55 -55 55 -55 -55 -55 -55 -45 45 -45
54475 55 55 -55 -55 55 55 55 -55 55 55 -55 -55 55 55 55 -55 -45 45 45
54475 -55 55 -55 -55 -55 -55 -55 55 55 -55 55 55 55 55 -55 55 -45 45 -45
54475 -55 55 -55 -55 55 -55 -55 -55 55 -55 55 -55 -55 -55 55 55 -45 45 45
54475 55 55 55 -55 55 55 55 55 -55 55 -55 55 55 55 55 -55 45 -45 -45
54475 55 55 55 -55 -55 55 55 -55 -55 55 -55 -55 -55 -55 -55 -55 45 -45 45
54475 -55 55 55 -55 55 -55 -55 55 -55 -55 55 55 -55 -55 55 55 45 -45 -45
54475 -55 55 55 -55 -55 -55 -55 -55 -55 -55 55 -55 55 55 -55 55 45 -45 45
54475 55 55 55 -55 -55 -55 55 -55 -55 55 55 -55 55 55 -55 -55 -45 45 -45
54475 55 55 55 -55 55 -55 55 55 -55 55 55 55 -55 -55 55 -55 -45 45 45
54475 -55 55 55 -55 -55 55 -55 -55 -55 -55 -55 -55 -55 -55 -55 55 -45 45 -45
54475 -55 55 55 -55 55 55 -55 55 -55 -55 -55 55 55 55 55 55 -45 45 45
54475 55 -55 -55 55 -55 55 55 -55 55 55 -55 -55 55 55 -55 -55 45 -45 -45
54475 55 -55 -55 55 55 55 55 55 55 55 -55 55 -55 -55 55 -55 45 -45 45
54475 -55 -55 -55 55 -55 -55 -55 -55 55 -55 55 -55 -55 -55 -55 55 45 -45 -45
54475 -55 -55 -55 55 55 -55 -55 55 55 -55 55 55 55 55 55 55 45 -45 45
54475 55 -55 -55 55 55 -55 55 55 55 55 55 55 55 55 55 -55 -45 45 -45
54475 55 -55 -55 55 -55 -55 55 -55 55 55 55 -55 -55 -55 -55 -55 -45 45 45
54475 -55 -55 -55 55 55 55 -55 55 55 -55 -55 55 -55 -55 55 55 -45 45 -45
54475 -55 -55 -55 55 -55 55 -55 -55 55 -55 -55 -55 55 55 -55 55 -45 45 45
54475 55 -55 55 55 -55 -55 55 55 -55 55 55 55 -55 -55 -55 -55 45 -45 -45
54475 55 -55 55 55 55 -55 55 -55 -55 55 55 -55 55 55 55 -55 45 -45 45
54475 -55 -55 55 55 -55 55 -55 55 -55 -55 -55 55 55 55 -55 55 45 -45 -45
54475 -55 -55 55 55 55 55 -55 -55 -55 -55 -55 -55 -55 -55 55 55 45 -45 45
54475 55 -55 55 55 55 55 55 -55 -55 55 -55 -55 -55 -55 55 -55 -45 45 -45
54475 55 -55 55 55 -55 55 55 55 -55 55 -55 55 55 55 -55 -55 -45 45 45
54475 -55 -55 55 55 55 -55 -55 -55 -55 -55 55 -55 55 55 55 55 -45 45 -45
54475 -55 -55 55 55 -55 -55 -55 55 -55 -55 55 55 -55 -55 -55 55 -45 45 45
54475 55 -55 -55 -55 55 -55 55 -55 -55 55 -55 55 55 -55 -55 -55 45 45 45
54475 55 -55 -55 -55 -55 -55 55 55 -55 55 -55 -55 -55 55 55 -55 -45 -45 45
54475 -55 -55 -55 -55 55 55 -55 -55 -55 -55 55 55 -55 55 -55 55 45 45 45
54475 -55 -55 -55 -55 -55 55 -55 55 -55 -55 55 -55 55 -55 55 55 -45 -45 45
54475 55 -55 -55 -55 -55 55 55 55 -55 55 55 -55 55 -55 55 -55 45 45 -45
54475 55 -55 -55 -55 55 55 55 -55 -55 55 55 55 -55 55 -55 -55 -45 -45 -45
54475 -55 -55 -55 -55 -55 -55 -55 55 -55 -55 -55 -55 -55 55 55 55 45 45 -45
54475 -55 -55 -55 -55 55 -55 -55 -55 -55 -55 -55 55 55 -55 -55 55 -45 -45 -45
54475 55 -55 55 -55 55 55 55 55 55 55 55 -55 -55 55 -55 -55 45 45 45
54475 55 -55 55 -55 -55 55 55 -55 55 55 55 55 55 -55 55 -55 -45 -45 45
54475 -55 -55 55 -55 55 -55 -55 55 55 -55 -55 -55 55 -55 -55 55 45 45 45
54475 -55 -55 55 -55 -55 -55 -55 -55 55 -55 -55 55 -55 55 55 55 -45 -45 45
54475 55 -55 55 -55 -55 -55 55 -55 55 55 -55 55 -55 55 55 -55 45 45 -45
54475 55 -55 55 -55 55 -55 55 55 55 55 -55 -55 55 -55 -55 -55 -45 -45 -45
54475 -55 -55 55 -55 -55 55 -55 -55 55 -55 55 55 55 -55 55 55 45 45 -45
54475 -55 -55 55 -55 55 55 -55 55 55 -55 55 -55 -55 55 -55 55 -45 -45 -45
54475 55 55 -55 55 -55 55 55 -55 -55 55 55 55 -55 55 55 -55 45 45 45
54475 55 55 -55 55 55 55 55 55 -55 55 55 -55 55 -55 -55 -55 -45 -45 45
54475 -55 55 -55 55 -55 -55 -55 -55 -55 -55 -55 55 55 -55 55 55 45 45 45
54475 -55 55 -55 55 55 -55 -55 55 -55 -55 -55 -55 -55 55 -55 55 -45 -45 45
54475 55 55 -55 55 55 -55 55 55 -55 55 -55 -55 -55 55 -55 -55 45 45 -45
54475 55 55 -55 55 -55 -55 55 -55 -55 55 -55 55 55 -55 55 -55 -45 -45 -45
54475 -55 55 -55 55 55 55 -55 55 -55 -55 55 -55 55 -55 -55 55 45 45 -45
54475 -55 55 -55 55 -55 55 -55 -55 -55 -55 55 55 -55 55 55 55 -45 -45 -45
54475 55 55 55 55 -55 -55 55 55 55 55 -55 -55 55 -55 55 -55 45 45 45
54475 55 55 55 55 55 -55 55 -55 55 55 -55 55 -55 55 -55 -55 -45 -45 45
54475 -55 55 55 55 -55 55 -55 55 55 -55 55 -55 -55 55 55 55 45 45 45
54475 -55 55 55 55 55 55 -55 -55 55 -55 55 55 55 -55 -55 55 -45 -45 45
54475 55 55 55 55 55 55 55 -55 55 55 55 55 55 -55 -55 -55 45 45 -45
54475 55 55 55 55 -55 55 55 55 55 55 55 -55 -55 55 55 -55 -45 -45 -45
54475 -55 55 55 55 55 -55 -55 -55 55 -55 -55 55 -55 55 -55 55 45 45 -45
54475 -55 55 55 55 -55 -55 -55 55 55 -55 -55 -55 55 -55 55 55 -45 -45 -45
72116 55 -55 -55 -55 55 55 55 55 -55 -55 -55 55 55 -55 55 -55 0 -154 0
72116 55 -55 -55 -55 -55 55 55 -55 -55 -55 -55 -55 -55 55 -55 -55 154 0 0
72116 -55 -55 -55 -55 55 -55 -55 55 -55 55 55 55 -55 55 55 55 0 -154 0
72116 -55 -55 -55 -55 -55 -55 -55 -55 -55 55 55 -55 55 -55 -55 55 154 0 0
72116 55 -55 -55 -55 -55 -55 55 -55 -55 -55 55 -55 55 -55 -55 -55 -154 0 0
72116 55 -55 -55 -55 55 -55 55 55 -55 -55 55 55 -55 55 55 -55 0 154 0
72116 -55 -55 -55 -55 -55 55 -55 -55 -55 55 -55 -55 -55 55 -55 55 -154 0 0
72116 -55 -55 -55 -55 55 55 -55 55 -55 55 -55 55 55 -55 55 55 0 154 0
72116 55 -55 55 -55 55 -55 55 -55 55 -55 55 -55 -55 55 55 -55 0 -154 0
72116 55 -55 55 -55 -55 -55 55 55 55 -55 55 55 55 -55 -55 -55 154 0 0
72116 -55 -55 55 -55 55 55 -55 -55 55 55 -55 -55 55 -55 55 55 0 -154 0
72116 -55 -55 55 -55 -55 55 -55 55 55 55 -55 55 -55 55 -55 55 154 0 0
72116 55 -55 55 -55 -55 55 55 55 55 -55 -55 55 -55 55 -55 -55 -154 0 0
72116 55 -55 55 -55 55 55 55 -55 55 -55 -55 -55 55 -55 55 -55 0 154 0
72116 -55 -55 55 -55 -55 -55 -55 55 55 55 55 55 55 -55 -55 55 -154 0 0
72116 -55 -55 55 -55 55 -55 -55 -55 55 55 55 -55 -55 55 55 55 0 154 0
72116 55 55 -55 55 -55 -55 55 55 -55 -55 55 55 -55 55 -55 -55 0 -154 0
72116 55 55 -55 55 55 -55 55 -55 -55 -55 55 -55 55 -55 55 -55 154 0 0
72116 -55 55 -55 55 -55 55 -55 55 -55 55 -55 55 55 -55 -55 55 0 -154 0
72116 -55 55 -55 55 55 55 -55 -55 -55 55 -55 -55 -55 55 55 55 154 0 0
72116 55 55 -55 55 55 55 55 -55 -55 -55 -55 -55 -55 55 55 -55 -154 0 0
72116 55 55 -55 55 -55 55 55 55 -55 -55 -55 55 55 -55 -55 -55 0 154 0
72116 -55 55 -55 55 55 -55 -55 -55 -55 55 55 -55 55 -55 55 55 -154 0 0
72116 -55 55 -55 55 -55 -55 -55 55 -55 55 55 55 -55 55 -55 55 0 154 0
72116 55 55 55 55 -55 55 55 -55 55 -55 -55 -55 55 -55 -55 -55 0 -154 0
72116 55 55 55 55 55 55 55 55 55 -55 -55 55 -55 55 55 -55 154 0 0
72116 -55 55 55 55 -55 -55 -55 -55 55 55 55 -55 -55 55 -55 55 0 -154 0
72116 -55 55 55 55 55 -55 -55 55 55 55 55 55 55 -55 55 55 154 0 0
72116 55 55 55 55 55 -55 55 55 55 -55 55 55 55 -55 55 -55 -154 0 0
72116 55 55 55 55 -55 -55 55 -55 55 -55 55 -55 -55 55 -55 -55 0 154 0
72116 -55 55 55 55 55 55 -55 55 55 55 -55 55 -55 55 55 55 -154 0 0
72116 -55 55 55 55 -55 55 -55 -55 55 55 -55 -55 55 -55 -55 55 0 154 0
72116 55 55 -55 -55 55 55 55 55 55 -55 55 -55 -55 -55 -55 -55 0 0 154
72116 -55 55 -55 -55 55 -55 -55 55 55 55 -55 -55 55 55 -55 55 0 0 154
72116 55 55 -55 -55 55 -55 55 55 55 -55 -55 -55 55 55 -55 -55 0 0 -154
72116 -55 55 -55 -55 55 55 -55 55 55 55 55 -55 -55 -55 -55 55 0 0 -154
72116 55 55 55 -55 55 -55 55 -55 -55 -55 -55 55 55 55 -55 -55 0 0 154
72116 -55 55 55 -55 55 55 -55 -55 -55 55 55 55 -55 -55 -55 55 0 0 154
72116 55 55 55 -55 55 55 55 -55 -55 -55 55 55 -55 -55 -55 -55 0 0 -154
72116 -55 55 55 -55 55 -55 -55 -55 -55 55 -55 55 55 55 -55 55 0 0 -154
72116 55 -55 -55 55 -55 -55 55 55 55 -55 -55 -55 55 55 55 -55 0 0 154
72116 -55 -55 -55 55 -55 55 -55 55 55 55 55 -55 -55 -55 55 55 0 0 154
72116 55 -55 -55 55 -55 55 55 55 55 -55 55 -55 -55 -55 55 -55 0 0 -154
72116 -55 -55 -55 55 -55 -55 -55 55 55 55 -55 -55 55 55 55 55 0 0 -154
72116 55 -55 55 55 -55 55 55 -55 -55 -55 55 55 -55 -55 55 -55 0 0 154
72116 -55 -55 55 55 -55 -55 -55 -55 -55 55 -55 55 55 55 55 55 0 0 154
72116 55 -55 55 55 -55 -55 55 -55 -55 -55 -55 55 55 55 55 -55 0 0 -154
72116 -55 -55 55 55 -55 55 -55 -55 -55 55 55 55 -55 -55 55 55 0 0 -154
54475 55 -55 55 55 55 55 55 55 -55 -55 -55 55 55 55 55 55 45 -45 45
54475 55 -55 55 55 -55 55 55 -55 -55 -55 -55 -55 -55 -55 -55 55 45 -45 -45
54475 -55 -55 55 55 55 -55 -55 55 -55 55 55 55 -55 -55 55 -55 45 -45 45
54475 -55 -55 55 55 -55 -55 -55 -55 -55 55 55 -55 55 55 -55 -55 45 -45 -45
54475 55 -55 55 55 -55 -55 55 -55 -55 -55 55 -55 55 55 -55 55 -45 45 45
54475 55 -55 55 55 55 -55 55 55 -55 -55 55 55 -55 -55 55 55 -45 45 -45
54475 -55 -55 55 55 -55 55 -55 -55 -55 55 -55 -55 -55 -55 -55 -55 -45 45 45
54475 -55 -55 55 55 55 55 -55 55 -55 55 -55 55 55 55 55 -55 -45 45 -45
54475 55 -55 -55 55 55 -55 55 -55 55 -55 55 -55 -55 -55 55 55 45 -45 45
54475 55 -55 -55 55 -55 -55 55 55 55 -55 55 55 55 55 -55 55 45 -45 -45
54475 -55 -55 -55 55 55 55 -55 -55 55 55 -55 -55 55 55 55 -55 45 -45 45
54475 -55 -55 -55 55 -55 55 -55 55 55 55 -55 55 -55 -55 -55 -55 45 -45 -45
54475 55 -55 -55 55 -55 55 55 55 55 -55 -55 55 -55 -55 -55 55 -45 45 45
54475 55 -55 -55 55 55 55 55 -55 55 -55 -55 -55 55 55 55 55 -45 45 -45
54475 -55 -55 -55 55 -55 -55 -55 55 55 55 55 55 55 55 -55 -55 -45 45 45
54475 -55 -55 -55 55 55 -55 -55 -55 55 55 55 -55 -55 -55 55 -55 -45 45 -45
54475 55 55 55 -55 -55 -55 55 55 -55 -55 55 55 -55 -55 -55 55 45 -45 45
54475 55 55 55 -55 55 -55 55 -55 -55 -55 55 -55 55 55 55 55 45 -45 -45
54475 -55 55 55 -55 -55 55 -55 55 -55 55 -55 55 55 55 -55 -55 45 -45 45
54475 -55 55 55 -55 55 55 -55 -55 -55 55 -55 -55 -55 -55 55 -55 45 -45 -45
54475 55 55 55 -55 55 55 55 -55 -55 -55 -55 -55 -55 -55 55 55 -45 45 45
54475 55 55 55 -55 -55 55 55 55 -55 -55 -55 55 55 55 -55 55 -45 45 -45
54475 -55 55 55 -55 55 -55 -55 -55 -55 55 55 -55 55 55 55 -55 -45 45 45
54475 -55 55 55 -55 -55 -55 -55 55 -55 55 55 55 -55 -55 -55 -55 -45 45 -45
54475 55 55 -55 -55 -55 55 55 -55 55 -55 -55 -55 55 55 -55 55 45 -45 45
54475 55 55 -55 -55 55 55 55 55 55 -55 -55 55 -55 -55 55 55 45 -45 -45
54475 -55 55 -55 -55 -55 -55 -55 -55 55 55 55 -55 -55 -55 -55 -55 45 -45 45
54475 -55 55 -55 -55 55 -55 -55 55 55 55 55 55 55 55 55 -55 45 -45 -45
54475 55 55 -55 -55 55 -55 55 55 55 -55 55 55 55 55 55 55 -45 45 45
54475 55 55 -55 -55 -55 -55 55 -55 55 -55 55 -55 -55 -55 -55 55 -45 45 -45
54475 -55 55 -55 -55 55 55 -55 55 55 55 -55 55 -55 -55 55 -55 -45 45 45
54475 -55 55 -55 -55 -55 55 -55 -55 55 55 -55 -55 55 55 -55 -55 -45 45 -45
54475 55 55 55 55 55 55 55 55 55 -55 55 -55 -55 55 -55 55 -45 -45 45
54475 55 55 55 55 -55 55 55 -55 55 -55 55 55 55 -55 55 55 45 45 45
54475 -55 55 55 55 55 -55 -55 55 55 55 -55 -55 55 -55 -55 -55 -45 -45 45
54475 -55 55 55 55 -55 -55 -55 -55 55 55 -55 55 -55 55 55 -55 45 45 45
54475 55 55 55 55 -55 -55 55 -55 55 -55 -55 55 -55 55 55 55 -45 -45 -45
54475 55 55 55 55 55 -55 55 55 55 -55 -55 -55 55 -55 -55 55 45 45 -45
54475 -55 55 55 55 -55 55 -55 -55 55 55 55 55 55 -55 55 -55 -45 -45 -45
54475 -55 55 55 55 55 55 -55 55 55 55 55 -55 -55 55 -55 -55 45 45 -45
54475 55 55 -55 55 55 -55 55 -55 -55 -55 -55 55 55 -55 -55 55 -45 -45 45
54475 55 55 -55 55 -55 -55 55 55 -55 -55 -55 -55 -55 55 55 55 45 45 45
54475 -55 55 -55 55 55 55 -55 -55 -55 55 55 55 -55 55 -55 -55 -45 -45 45
54475 -55 55 -55 55 -55 55 -55 55 -55 55 55 -55 55 -55 55 -55 45 45 45
54475 55 55 -55 55 -55 55 55 55 -55 -55 55 -55 55 -55 55 55 -45 -45 -45
54475 55 55 -55 55 55 55 55 -55 -55 -55 55 55 -55 55 -55 55 45 45 -45
54475 -55 55 -55 55 -55 -55 -55 55 -55 55 -55 -55 -55 55 55 -55 -45 -45 -45
54475 -55 55 -55 55 55 -55 -55 -55 -55 55 -55 55 55 -55 -55 -55 45 45 -45
54475 55 -55 55 -55 -55 -55 55 55 55 -55 -55 -55 55 -55 55 55 -45 -45 45
54475 55 -55 55 -55 55 -55 55 -55 55 -55 -55 55 -55 55 -55 55 45 45 45
54475 -55 -55 55 -55 -55 55 -55 55 55 55 55 -55 -55 55 55 -55 -45 -45 45
54475 -55 -55 55 -55 55 55 -55 -55 55 55 55 55 55 -55 -55 -55 45 45 45
54475 55 -55 55 -55 55 55 55 -55 55 -55 55 55 55 -55 -55 55 -45 -45 -45
54475 55 -55 55 -55 -55 55 55 55 55 -55 55 -55 -55 55 55 55 45 45 -45
54475 -55 -55 55 -55 55 -55 -55 -55 55 55 -55 55 -55 55 -55 -55 -45 -45 -45
54475 -55 -55 55 -55 -55 -55 -55 55 55 55 -55 -55 55 -55 55 -55 45 45 -45
54475 55 -55 -55 -55 -55 55 55 -55 -55 -55 55 55 -55 55 55 55 -45 -45 45
54475 55 -55 -55 -55 55 55 55 55 -55 -55 55 -55 55 -55 -55 55 45 45 45
54475 -55 -55 -55 -55 -55 -55 -55 -55 -55 55 -55 55 55 -55 55 -55 -45 -45 45
54475 -55 -55 -55 -55 55 -55 -55 55 -55 55 -55 -55 -55 55 -55 -55 45 45 45
54475 55 -55 -55 -55 55 -55 55 55 -55 -55 -55 -55 -55 55 -55 55 -45 -45 -45
54475 55 -55 -55 -55 -55 -55 55 -55 -55 -55 -55 55 55 -55 55 55 45 45 -45
54475 -55 -55 -55 -55 55 55 -55 55 -55 55 55 -55 55 -55 -55 -55 -45 -45 -45
54475 -55 -55 -55 -55 -55 55 -55 -55 -55 55 55 55 -55 55 55 -55 45 45 -45
54475 55 -55 -55 -55 55 55 55 -55 55 -55 -55 -55 -55 -55 -55 55 45 45 -45
54475 55 -55 -55 -55 -55 55 55 55 55 -55 -55 55 55 55 55 55 -45 -45 -45
54475 -55 -55 -55 -55 55 -55 -55 -55 55 55 55 -55 55 55 -55 -55 45 45 -45
54475 -55 -55 -55 -55 -55 -55 -55 55 55 55 55 55 -55 -55 55 -55 -45 -45 -45
54475 55 -55 -55 -55 -55 -55 55 55 55 -55 55 55 -55 -55 55 55 45 45 45
54475 55 -55 -55 -55 55 -55 55 -55 55 -55 55 -55 55 55 -55 55 -45 -45 45
54475 -55 -55 -55 -55 -55 55 -55 55 55 55 -55 55 55 55 55 -55 45 45 45
54475 -55 -55 -55 -55 55 55 -55 -55 55 55 -55 -55 -55 -55 -55 -55 -45 -45 45
54475 55 -55 55 -55 55 -55 55 55 -55 -55 55 55 55 55 -55 55 45 45 -45
54475 55 -55 55 -55 -55 -55 55 -55 -55 -55 55 -55 -55 -55 55 55 -45 -45 -45
54475 -55 -55 55 -55 55 55 -55 55 -55 55 -55 55 -55 -55 -55 -55 45 45 -45
54475 -55 -55 55 -55 -55 55 -55 -55 -55 55 -55 -55 55 55 55 -55 -45 -45 -45
54475 55 -55 55 -55 -55 55 55 -55 -55 -55 -55 -55 55 55 55 55 45 45 45
54475 55 -55 55 -55 55 55 55 55 -55 -55 -55 55 -55 -55 -55 55 -45 -45 45
54475 -55 -55 55 -55 -55 -55 -55 -55 -55 55 55 -55 -55 -55 55 -55 45 45 45
54475 -55 -55 55 -55 55 -55 -55 55 -55 55 55 55 55 55 -55 -55 -45 -45 45
54475 55 55 -55 55 -55 -55 55 -55 55 -55 55 -55 55 55 55 55 45 45 -45
54475 55 55 -55 55 55 -55 55 55 55 -55 55 55 -55 -55 -55 55 -45 -45 -45
54475 -55 55 -55 55 -55 55 -55 -55 55 55 -55 -55 -55 -55 55 -55 45 45 -45
54475 -55 55 -55 55 55 55 -55 55 55 55 -55 55 55 55 -55 -55 -45 -45 -45
54475 55 55 -55 55 55 55 55 55 55 -55 -55 55 55 55 -55 55 45 45 45
54475 55 55 -55 55 -55 55 55 -55 55 -55 -55 -55 -55 -55 55 55 -45 -45 45
54475 -55 55 -55 55 55 -55 -55 55 55 55 55 55 -55 -55 -55 -55 45 45 45
54475 -55 55 -55 55 -55 -55 -55 -55 55 55 55 -55 55 55 55 -55 -45 -45 45
54475 55 55 55 55 -55 55 55 55 -55 -55 -55 55 -55 -55 55 55 45 45 -45
54475 55 55 55 55 55 55 55 -55 -55 -55 -55 -55 55 55 -55 55 -45 -45 -45
54475 -55 55 55 55 -55 -55 -55 55 -55 55 55 55 55 55 55 -55 45 45 -45
54475 -55 55 55 55 55 -55 -55 -55 -55 55 55 -55 -55 -55 -55 -55 -45 -45 -45
54475 55 55 55 55 55 -55 55 -55 -55 -55 55 -55 -55 -55 -55 55 45 45 45
54475 55 55 55 55 -55 -55 55 55 -55 -55 55 55 55 55 55 55 -45 -45 45
54475 -55 55 55 55 55 55 -55 -55 -55 55 -55 -55 55 55 -55 -55 45 45 45
54475 -55 55 55 55 -55 55 -55 55 -55 55 -55 55 -55 -55 55 -55 -45 -45 45
54475 55 55 -55 -55 55 55 55 -55 -55 -55 55 55 55 -55 55 55 -45 45 -45
54475 55 55 -55 -55 -55 55 55 55 -55 -55 55 -55 -55 55 -55 55 -45 45 45
54475 -55 55 -55 -55 55 -55 -55 -55 -55 55 -55 55 -55 55 55 -55 -45 45 -45
54475 -55 55 -55 -55 -55 -55 -55 55 -55 55 -55 -55 55 -55 -55 -55 -45 45 45
54475 55 55 -55 -55 -55 -55 55 55 -55 -55 -55 -55 55 -55 -55 55 45 -45 -45
54475 55 55 -55 -55 55 -55 55 -55 -55 -55 -55 55 -55 55 55 55 45 -45 45
54475 -55 55 -55 -55 -55 55 -55 55 -55 55 55 -55 -55 55 -55 -55 45 -45 -45
54475 -55 55 -55 -55 55 55 -55 -55 -55 55 55 55 55 -55 55 -55 45 -45 45
54475 55 55 55 -55 55 -55 55 55 55 -55 -55 -55 -55 55 55 55 -45 45 -45
54475 55 55 55 -55 -55 -55 55 -55 55 -55 -55 55 55 -55 -55 55 -45 45 45
54475 -55 55 55 -55 55 55 -55 55 55 55 55 -55 55 -55 55 -55 -45 45 -45
54475 -55 55 55 -55 -55 55 -55 -55 55 55 55 55 -55 55 -55 -55 -45 45 45
54475 55 55 55 -55 -55 55 55 -55 55 -55 55 55 -55 55 -55 55 45 -45 -45
54475 55 55 55 -55 55 55 55 55 55 -55 55 -55 55 -55 55 55 45 -45 45
54475 -55 55 55 -55 -55 -55 -55 -55 55 55 -55 55 55 -55 -55 -55 45 -45 -45
54475 -55 55 55 -55 55 -55 -55 55 55 55 -55 -55 -55 55 55 -55 45 -45 45
54475 55 -55 -55 55 -55 -55 55 -55 -55 -55 -55 55 -55 55 -55 55 -45 45 -45
54475 55 -55 -55 55 55 -55 55 55 -55 -55 -55 -55 55 -55 55 55 -45 45 45
54475 -55 -55 -55 55 -55 55 -55 -55 -55 55 55 55 55 -55 -55 -55 -45 45 -45
54475 -55 -55 -55 55 55 55 -55 55 -55 55 55 -55 -55 55 55 -55 -45 45 45
54475 55 -55 -55 55 55 55 55 55 -55 -55 55 -55 -55 55 55 55 45 -45 -45
54475 55 -55 -55 55 -55 55 55 -55 -55 -55 55 55 55 -55 -55 55 45 -45 45
54475 -55 -55 -55 55 55 -55 -55 55 -55 55 -55 -55 55 -55 55 -55 45 -45 -45
54475 -55 -55 -55 55 -55 -55 -55 -55 -55 55 -55 55 -55 55 -55 -55 45 -45 45
54475 55 -55 55 55 -55 55 55 55 55 -55 55 -55 55 -55 -55 55 -45 45 -45
54475 55 -55 55 55 55 55 55 -55 55 -55 55 55 -55 55 55 55 -45 45 45
54475 -55 -55 55 55 -55 -55 -55 55 55 55 -55 -55 -55 55 -55 -55 -45 45 -45
54475 -55 -55 55 55 55 -55 -55 -55 55 55 -55 55 55 -55 55 -55 -45 45 45
54475 55 -55 55 55 55 -55 55 -55 55 -55 -55 55 55 -55 55 55 45 -45 -45
54475 55 -55 55 55 -55 -55 55 55 55 -55 -55 -55 -55 55 -55 55 45 -45 45
54475 -55 -55 55 55 55 55 -55 -55 55 55 55 55 -55 55 55 -55 45 -45 -45
54475 -55 -55 55 55 -55 55 -55 55 55 55 55 -55 55 -55 -55 -55 45 -45 45
72116 55 -55 55 55 55 55 55 -55 55 -55 -55 -55 -55 55 -55 -55 0 0 -154
72116 -55 -55 55 55 55 -55 -55 -55 55 55 55 -55 55 -55 -55 55 0 0 -154
72116 55 -55 55 55 55 -55 55 -55 55 -55 55 -55 55 -55 -55 -55 0 0 154
72116 -55 -55 55 55 55 55 -55 -55 55 55 -55 -55 -55 55 -55 55 0 0 154
72116 55 -55 -55 55 55 -55 55 55 -55 -55 55 55 55 -55 -55 -55 0 0 -154
72116 -55 -55 -55 55 55 55 -55 55 -55 55 -55 55 -55 55 -55 55 0 0 -154
72116 55 -55 -55 55 55 55 55 55 -55 -55 -55 55 -55 55 -55 -55 0 0 154
72116 -55 -55 -55 55 55 -55 -55 55 -55 55 55 55 55 -55 -55 55 0 0 154
72116 55 55 55 -55 -55 -55 55 -55 55 -55 55 -55 55 -55 55 -55 0 0 -154
72116 -55 55 55 -55 -55 55 -55 -55 55 55 -55 -55 -55 55 55 55 0 0 -154
72116 55 55 55 -55 -55 55 55 -55 55 -55 -55 -55 -55 55 55 -55 0 0 154
72116 -55 55 55 -55 -55 -55 -55 -55 55 55 55 -55 55 -55 55 55 0 0 154
72116 55 55 -55 -55 -55 55 55 55 -55 -55 -55 55 -55 55 55 -55 0 0 -154
72116 -55 55 -55 -55 -55 -55 -55 55 -55 55 55 55 55 -55 55 55 0 0 -154
72116 55 55 -55 -55 -55 -55 55 55 -55 -55 55 55 55 -55 55 -55 0 0 154
72116 -55 55 -55 -55 -55 55 -55 55 -55 55 -55 55 -55 55 55 55 0 0 154
72116 55 55 55 55 55 55 55 -55 -55 -55 55 55 55 55 55 -55 0 154 0
72116 55 55 55 55 -55 55 55 55 -55 -55 55 -55 -55 -55 -55 -55 -154 0 0
72116 -55 55 55 55 55 -55 -55 -55 -55 55 -55 55 -55 -55 55 55 0 154 0
72116 -55 55 55 55 -55 -55 -55 55 -55 55 -55 -55 55 55 -55 55 -154 0 0
72116 55 55 55 55 -55 -55 55 55 -55 -55 -55 -55 55 55 -55 -55 154 0 0
72116 55 55 55 55 55 -55 55 -55 -55 -55 -55 55 -55 -55 55 -55 0 -154 0
72116 -55 55 55 55 -55 55 -55 55 -55 55 55 -55 -55 -55 -55 55 154 0 0
72116 -55 55 55 55 55 55 -55 -55 -55 55 55 55 55 55 55 55 0 -154 0
72116 55 55 -55 55 55 -55 55 55 55 -55 -55 -55 -55 -55 55 -55 0 154 0
72116 55 55 -55 55 -55 -55 55 -55 55 -55 -55 55 55 55 -55 -55 -154 0 0
72116 -55 55 -55 55 55 55 -55 55 55 55 55 -55 55 55 55 55 0 154 0
72116 -55 55 -55 55 -55 55 -55 -55 55 55 55 55 -55 -55 -55 55 -154 0 0
72116 55 55 -55 55 -55 55 55 -55 55 -55 55 55 -55 -55 -55 -55 154 0 0
72116 55 55 -55 55 55 55 55 55 55 -55 55 -55 55 55 55 -55 0 -154 0
72116 -55 55 -55 55 -55 -55 -55 -55 55 55 -55 55 55 55 -55 55 154 0 0
72116 -55 55 -55 55 55 -55 -55 55 55 55 -55 -55 -55 -55 55 55 0 -154 0
72116 55 -55 55 -55 -55 -55 55 -55 -55 -55 -55 55 -55 -55 -55 -55 0 154 0
72116 55 -55 55 -55 55 -55 55 55 -55 -55 -55 -55 55 55 55 -55 -154 0 0
72116 -55 -55 55 -55 -55 55 -55 -55 -55 55 55 55 55 55 -55 55 0 154 0
72116 -55 -55 55 -55 55 55 -55 55 -55 55 55 -55 -55 -55 55 55 -154 0 0
72116 55 -55 55 -55 55 55 55 55 -55 -55 55 -55 -55 -55 55 -55 154 0 0
72116 55 -55 55 -55 -55 55 55 -55 -55 -55 55 55 55 55 -55 -55 0 -154 0
72116 -55 -55 55 -55 55 -55 -55 55 -55 55 -55 -55 55 55 55 55 154 0 0
72116 -55 -55 55 -55 -55 -55 -55 -55 -55 55 -55 55 -55 -55 -55 55 0 -154 0
72116 55 -55 -55 -55 -55 55 55 55 55 -55 55 -55 55 55 -55 -55 0 154 0
72116 55 -55 -55 -55 55 55 55 -55 55 -55 55 55 -55 -55 55 -55 -154 0 0
72116 -55 -55 -55 -55 -55 -55 -55 55 55 55 -55 -55 -55 -55 -55 55 0 154 0
72116 -55 -55 -55 -55 55 -55 -55 -55 55 55 -55 55 55 55 55 55 -154 0 0
72116 55 -55 -55 -55 55 -55 55 -55 55 -55 -55 55 55 55 55 -55 154 0 0
72116 55 -55 -55 -55 -55 -55 55 55 55 -55 -55 -55 -55 -55 -55 -55 0 -154 0
72116 -55 -55 -55 -55 55 55 -55 -55 55 55 55 55 -55 -55 55 55 154 0 0
72116 -55 -55 -55 -55 -55 55 -55 55 55 55 55 -55 55 55 -55 55 0 -154 0
54475 55 -55 -55 -55 55 -55 55 55 55 -55 -55 55 55 -55 -55 55 45 -45 45
54475 55 -55 -55 -55 -55 -55 55 -55 55 -55 -55 -55 -55 55 55 55 45 -45 -45
54475 -55 -55 -55 -55 55 55 -55 55 55 55 55 55 -55 55 -55 -55 45 -45 45
54475 -55 -55 -55 -55 -55 55 -55 -55 55 55 55 -55 55 -55 55 -55 45 -45 -45
54475 55 -55 -55 -55 -55 55 55 -55 55 -55 55 -55 55 -55 55 55 -45 45 45
54475 55 -55 -55 -55 55 55 55 55 55 -55 55 55 -55 55 -55 55 -45 45 -45
54475 -55 -55 -55 -55 -55 -55 -55 -55 55 55 -55 -55 -55 55 55 -55 -45 45 45
54475 -55 -55 -55 -55 55 -55 -55 55 55 55 -55 55 55 -55 -55 -55 -45 45 -45
54475 55 -55 55 -55 55 55 55 -55 -55 -55 55 -55 -55 55 -55 55 45 -45 45
54475 55 -55 55 -55 -55 55 55 55 -55 -55 55 55 55 -55 55 55 45 -45 -45
54475 -55 -55 55 -55 55 -55 -55 -55 -55 55 -55 -55 55 -55 -55 -55 45 -45 45
54475 -55 -55 55 -55 -55 -55 -55 55 -55 55 -55 55 -55 55 55 -55 45 -45 -45
54475 55 -55 55 -55 -55 -55 55 55 -55 -55 -55 55 -55 55 55 55 -45 45 45
54475 55 -55 55 -55 55 -55 55 -55 -55 -55 -55 -55 55 -55 -55 55 -45 45 -45
54475 -55 -55 55 -55 -55 55 -55 55 -55 55 55 55 55 -55 55 -55 -45 45 45
54475 -55 -55 55 -55 55 55 -55 -55 -55 55 55 -55 -55 55 -55 -55 -45 45 -45
54475 55 55 -55 55 -55 55 55 55 55 -55 55 55 -55 55 55 55 45 -45 45
54475 55 55 -55 55 55 55 55 -55 55 -55 55 -55 55 -55 -55 55 45 -45 -45
54475 -55 55 -55 55 -55 -55 -55 55 55 55 -55 55 55 -55 55 -55 45 -45 45
54475 -55 55 -55 55 55 -55 -55 -55 55 55 -55 -55 -55 55 -55 -55 45 -45 -45
54475 55 55 -55 55 55 -55 55 -55 55 -55 -55 -55 -55 55 -55 55 -45 45 45
54475 55 55 -55 55 -55 -55 55 55 55 -55 -55 55 55 -55 55 55 -45 45 -45
54475 -55 55 -55 55 55 55 -55 -55 55 55 55 -55 55 -55 -55 -55 -45 45 45
54475 -55 55 -55 55 -55 55 -55 55 55 55 55 55 -55 55 55 -55 -45 45 -45
54475 55 55 55 55 -55 -55 55 -55 -55 -55 -55 -55 55 -55 55 55 45 -45 45
54475 55 55 55 55 55 -55 55 55 -55 -55 -55 55 -55 55 -55 55 45 -45 -45
54475 -55 55 55 55 -55 55 -55 -55 -55 55 55 -55 -55 55 55 -55 45 -45 45
54475 -55 55 55 55 55 55 -55 55 -55 55 55 55 55 -55 -55 -55 45 -45 -45
54475 55 55 55 55 55 55 55 55 -55 -55 55 55 55 -55 -55 55 -45 45 45
54475 55 55 55 55 -55 55 55 -55 -55 -55 55 -55 -55 55 55 55 -45 45 -45
54475 -55 55 55 55 55 -55 -55 55 -55 55 -55 55 -55 55 -55 -55 -45 45 45
54475 -55 55 55 55 -55 -55 -55 -55 -55 55 -55 -55 55 -55 55 -55 -45 45 -45
54475 55 55 -55 -55 55 -55 55 55 -55 -55 55 -55 -55 -55 55 55 -45 -45 45
54475 55 55 -55 -55 -55 -55 55 -55 -55 -55 55 55 55 55 -55 55 45 45 45
54475 -55 55 -55 -55 55 55 -55 55 -55 55 -55 -55 55 55 55 -55 -45 -45 45
54475 -55 55 -55 -55 -55 55 -55 -55 -55 55 -55 55 -55 -55 -55 -55 45 45 45
54475 55 55 -55 -55 -55 55 55 -55 -55 -55 -55 55 -55 -55 -55 55 -45 -45 -45
54475 55 55 -55 -55 55 55 55 55 -55 -55 -55 -55 55 55 55 55 45 45 -45
54475 -55 55 -55 -55 -55 -55 -55 -55 -55 55 55 55 55 55 -55 -55 -45 -45 -45
54475 -55 55 -55 -55 55 -55 -55 55 -55 55 55 -55 -55 -55 55 -55 45 45 -45
54475 55 55 55 -55 55 55 55 -55 55 -55 -55 55 55 55 55 55 -45 -45 45
54475 55 55 55 -55 -55 55 55 55 55 -55 -55 -55 -55 -55 -55 55 45 45 45
54475 -55 55 55 -55 55 -55 -55 -55 55 55 55 55 -55 -55 55 -55 -45 -45 45
54475 -55 55 55 -55 -55 -55 -55 55 55 55 55 -55 55 55 -55 -55 45 45 45
54475 55 55 55 -55 -55 -55 55 55 55 -55 55 -55 55 55 -55 55 -45 -45 -45
54475 55 55 55 -55 55 -55 55 -55 55 -55 55 55 -55 -55 55 55 45 45 -45
54475 -55 55 55 -55 -55 55 -55 55 55 55 -55 -55 -55 -55 -55 -55 -45 -45 -45
54475 -55 55 55 -55 55 55 -55 -55 55 55 -55 55 55 55 55 -55 45 45 -45
54475 55 -55 -55 55 -55 55 55 55 -55 -55 -55 -55 55 55 -55 55 -45 -45 45
54475 55 -55 -55 55 55 55 55 -55 -55 -55 -55 55 -55 -55 55 55 45 45 45
54475 -55 -55 -55 55 -55 -55 -55 55 -55 55 55 -55 -55 -55 -55 -55 -45 -45 45
54475 -55 -55 -55 55 55 -55 -55 -55 -55 55 55 55 55 55 55 -55 45 45 45
54475 55 -55 -55 55 55 -55 55 -55 -55 -55 55 55 55 55 55 55 -45 -45 -45
54475 55 -55 -55 55 -55 -55 55 55 -55 -55 55 -55 -55 -55 -55 55 45 45 -45
54475 -55 -55 -55 55 55 55 -55 -55 -55 55 -55 55 -55 -55 55 -55 -45 -45 -45
54475 -55 -55 -55 55 -55 55 -55 55 -55 55 -55 -55 55 55 -55 -55 45 45 -45
54475 55 -55 55 55 -55 -55 55 -55 55 -55 55 55 -55 -55 -55 55 -45 -45 45
54475 55 -55 55 55 55 -55 55 55 55 -55 55 -55 55 55 55 55 45 45 45
54475 -55 -55 55 55 -55 55 -55 -55 55 55 -55 55 55 55 -55 -55 -45 -45 45
54475 -55 -55 55 55 55 55 -55 55 55 55 -55 -55 -55 -55 55 -55 45 45 45
54475 55 -55 55 55 55 55 55 55 55 -55 -55 -55 -55 -55 55 55 -45 -45 -45
54475 55 -55 55 55 -55 55 55 -55 55 -55 -55 55 55 55 -55 55 45 45 -45
54475 -55 -55 55 55 55 -55 -55 55 55 55 55 -55 55 55 55 -55 -45 -45 -45
54475 -55 -55 55 55 -55 -55 -55 -55 55 55 55 55 -55 -55 -55 -55 45 45 -45
72116 55 -55 55 55 55 -55 55 55 55 -55 -55 55 55 55 -55 -55 0 -154 0
72116 55 -55 55 55 -55 -55 55 -55 55 -55 -55 -55 -55 -55 55 -55 154 0 0
72116 -55 -55 55 55 55 55 -55 55 55 55 55 55 -55 -55 -55 55 0 -154 0
72116 -55 -55 55 55 -55 55 -55 -55 55 55 55 -55 55 55 55 55 154 0 0
72116 55 -55 55 55 -55 55 55 -55 55 -55 55 -55 55 55 55 -55 -154 0 0
72116 55 -55 55 55 55 55 55 55 55 -55 55 55 -55 -55 -55 -55 0 154 0
72116 -55 -55 55 55 -55 -55 -55 -55 55 55 -55 -55 -55 -55 55 55 -154 0 0
72116 -55 -55 55 55 55 -55 -55 55 55 55 -55 55 55 55 -55 55 0 154 0
72116 55 -55 -55 55 55 55 55 -55 -55 -55 55 -55 -55 -55 -55 -55 0 -154 0
72116 55 -55 -55 55 -55 55 55 55 -55 -55 55 55 55 55 55 -55 154 0 0
72116 -55 -55 -55 55 55 -55 -55 -55 -55 55 -55 -55 55 55 -55 55 0 -154 0
72116 -55 -55 -55 55 -55 -55 -55 55 -55 55 -55 55 -55 -55 55 55 154 0 0
72116 55 -55 -55 55 -55 -55 55 55 -55 -55 -55 55 -55 -55 55 -55 -154 0 0
72116 55 -55 -55 55 55 -55 55 -55 -55 -55 -55 -55 55 55 -55 -55 0 154 0
72116 -55 -55 -55 55 -55 55 -55 55 -55 55 55 55 55 55 55 55 -154 0 0
72116 -55 -55 -55 55 55 55 -55 -55 -55 55 55 -55 -55 -55 -55 55 0 154 0
72116 55 55 55 -55 -55 55 55 55 55 -55 55 55 -55 -55 55 -55 0 -154 0
72116 55 55 55 -55 55 55 55 -55 55 -55 55 -55 55 55 -55 -55 154 0 0
72116 -55 55 55 -55 -55 -55 -55 55 55 55 -55 55 55 55 55 55 0 -154 0
72116 -55 55 55 -55 55 -55 -55 -55 55 55 -55 -55 -55 -55 -55 55 154 0 0
72116 55 55 55 -55 55 -55 55 -55 55 -55 -55 -55 -55 -55 -55 -55 -154 0 0
72116 55 55 55 -55 -55 -55 55 55 55 -55 -55 55 55 55 55 -55 0 154 0
72116 -55 55 55 -55 55 55 -55 -55 55 55 55 -55 55 55 -55 55 -154 0 0
72116 -55 55 55 -55 -55 55 -55 55 55 55 55 55 -55 -55 55 55 0 154 0
72116 55 55 -55 -55 -55 -55 55 -55 -55 -55 -55 -55 55 55 55 -55 0 -154 0
72116 55 55 -55 -55 55 -55 55 55 -55 -55 -55 55 -55 -55 -55 -55 154 0 0
72116 -55 55 -55 -55 -55 55 -55 -55 -55 55 55 -55 -55 -55 55 55 0 -154 0
72116 -55 55 -55 -55 55 55 -55 55 -55 55 55 55 55 55 -55 55 154 0 0
72116 55 55 -55 -55 55 55 55 55 -55 -55 55 55 55 55 -55 -55 -154 0 0
72116 55 55 -55 -55 -55 55 55 -55 -55 -55 55 -55 -55 -55 55 -55 0 154 0
72116 -55 55 -55 -55 55 -55 -55 55 -55 55 -55 55 -55 -55 -55 55 -154 0 0
72116 -55 55 -55 -55 -55 -55 -55 -55 -55 55 -55 -55 55 55 55 55 0 154 0
72116 55 55 55 55 55 -55 55 55 -55 -55 55 -55 -55 55 55 -55 0 0 154
72116 -55 55 55 55 55 55 -55 55 -55 55 -55 -55 55 -55 55 55 0 0 154
72116 55 55 55 55 55 55 55 55 -55 -55 -55 -55 55 -55 55 -55 0 0 -154
72116 -55 55 55 55 55 -55 -55 55 -55 55 55 -55 -55 55 55 55 0 0 -154
72116 55 55 -55 55 55 55 55 -55 55 -55 -55 55 55 -55 55 -55 0 0 154
72116 -55 55 -55 55 55 -55 -55 -55 55 55 55 55 -55 55 55 55 0 0 154
72116 55 55 -55 55 55 -55 55 -55 55 -55 55 55 -55 55 55 -55 0 0 -154
72116 -55 55 -55 55 55 55 -55 -55 55 55 -55 55 55 -55 55 55 0 0 -154
72116 55 -55 55 -55 -55 55 55 55 -55 -55 -55 -55 55 -55 -55 -55 0 0 154
72116 -55 -55 55 -55 -55 -55 -55 55 -55 55 55 -55 -55 55 -55 55 0 0 154
72116 55 -55 55 -55 -55 -55 55 55 -55 -55 55 -55 -55 55 -55 -55 0 0 -154
72116 -55 -55 55 -55 -55 55 -55 55 -55 55 -55 -55 55 -55 -55 55 0 0 -154
72116 55 -55 -55 -55 -55 -55 55 -55 55 -55 55 55 -55 55 -55 -55 0 0 154
72116 -55 -55 -55 -55 -55 55 -55 -55 55 55 -55 55 55 -55 -55 55 0 0 154
72116 55 -55 -55 -55 -55 55 55 -55 55 -55 -55 55 55 -55 -55 -55 0 0 -154
72116 -55 -55 -55 -55 -55 -55 -55 -55 55 55 55 55 -55 55 -55 55 0 0 -154
72116 55 -55 -55 -55 55 -55 55 -55 -55 -55 -55 -55 -55 -55 55 -55 0 0 -154
72116 -55 -55 -55 -55 55 55 -55 -55 -55 55 55 -55 55 55 55 55 0 0 -154
72116 55 -55 -55 -55 55 55 55 -55 -55 -55 55 -55 55 55 55 -55 0 0 154
72116 -55 -55 -55 -55 55 -55 -55 -55 -55 55 -55 -55 -55 -55 55 55 0 0 154
72116 55 -55 55 -55 55 55 55 55 55 -55 55 55 55 55 55 -55 0 0 -154
72116 -55 -55 55 -55 55 -55 -55 55 55 55 -55 55 -55 -55 55 55 0 0 -154
72116 55 -55 55 -55 55 -55 55 55 55 -55 -55 55 -55 -55 55 -55 0 0 154
72116 -55 -55 55 -55 55 55 -55 55 55 55 55 55 55 55 55 55 0 0 154
72116 55 55 -55 55 -55 55 55 -55 -55 -55 55 -55 55 55 -55 -55 0 0 -154
72116 -55 55 -55 55 -55 -55 -55 -55 -55 55 -55 -55 -55 -55 -55 55 0 0 -154
72116 55 55 -55 55 -55 -55 55 -55 -55 -55 -55 -55 -55 -55 -55 -55 0 0 154
72116 -55 55 -55 55 -55 55 -55 -55 -55 55 55 -55 55 55 -55 55 0 0 154
72116 55 55 55 55 -55 -55 55 55 55 -55 -55 55 -55 -55 -55 -55 0 0 -154
72116 -55 55 55 55 -55 55 -55 55 55 55 55 55 55 55 -55 55 0 0 -154
72116 55 55 55 55 -55 55 55 55 55 -55 55 55 55 55 -55 -55 0 0 154
72116 -55 55 55 55 -55 -55 -55 55 55 55 -55 55 -55 -55 -55 55 0 0 154
72116 55 55 -55 -55 55 -55 55 -55 55 -55 55 55 55 -55 -55 -55 0 154 0
72116 55 55 -55 -55 -55 -55 55 55 55 -55 55 -55 -55 55 55 -55 -154 0 0
72116 -55 55 -55 -55 55 55 -55 -55 55 55 -55 55 -55 55 -55 55 0 154 0
72116 -55 55 -55 -55 -55 55 -55 55 55 55 -55 -55 55 -55 55 55 -154 0 0
72116 55 55 -55 -55 -55 55 55 55 55 -55 -55 -55 55 -55 55 -55 154 0 0
72116 55 55 -55 -55 55 55 55 -55 55 -55 -55 55 -55 55 -55 -55 0 -154 0
72116 -55 55 -55 -55 -55 -55 -55 55 55 55 55 -55 -55 55 55 55 154 0 0
72116 -55 55 -55 -55 55 -55 -55 -55 55 55 55 55 55 -55 -55 55 0 -154 0
72116 55 55 55 -55 55 55 55 55 -55 -55 -55 -55 -55 55 -55 -55 0 154 0
72116 55 55 55 -55 -55 55 55 -55 -55 -55 -55 55 55 -55 55 -55 -154 0 0
72116 -55 55 55 -55 55 -55 -55 55 -55 55 55 -55 55 -55 -55 55 0 154 0
72116 -55 55 55 -55 -55 -55 -55 -55 -55 55 55 55 -55 55 55 55 -154 0 0
72116 55 55 55 -55 -55 -55 55 -55 -55 -55 55 55 -55 55 55 -55 154 0 0
72116 55 55 55 -55 55 -55 55 55 -55 -55 55 -55 55 -55 -55 -55 0 -154 0
72116 -55 55 55 -55 -55 55 -55 -55 -55 55 -55 55 55 -55 55 55 154 0 0
72116 -55 55 55 -55 55 55 -55 55 -55 55 -55 -55 -55 55 -55 55 0 -154 0
72116 55 -55 -55 55 -55 55 55 -55 55 -55 -55 55 -55 55 55 -55 0 154 0
72116 55 -55 -55 55 55 55 55 55 55 -55 -55 -55 55 -55 -55 -55 -154 0 0
72116 -55 -55 -55 55 -55 -55 -55 -55 55 55 55 55 55 -55 55 55 0 154 0
72116 -55 -55 -55 55 55 -55 -55 55 55 55 55 -55 -55 55 -55 55 -154 0 0
72116 55 -55 -55 55 55 -55 55 55 55 -55 55 -55 -55 55 -55 -55 154 0 0
72116 55 -55 -55 55 -55 -55 55 -55 55 -55 55 55 55 -55 55 -55 0 -154 0
72116 -55 -55 -55 55 55 55 -55 55 55 55 -55 -55 55 -55 -55 55 154 0 0
72116 -55 -55 -55 55 -55 55 -55 -55 55 55 -55 55 -55 55 55 55 0 -154 0
72116 55 -55 55 55 -55 -55 55 55 -55 -55 55 -55 55 -55 55 -55 0 154 0
72116 55 -55 55 55 55 -55 55 -55 -55 -55 55 55 -55 55 -55 -55 -154 0 0
72116 -55 -55 55 55 -55 55 -55 55 -55 55 -55 -55 -55 55 55 55 0 154 0
72116 -55 -55 55 55 55 55 -55 -55 -55 55 -55 55 55 -55 -55 55 -154 0 0
72116 55 -55 55 55 55 55 55 -55 -55 -55 -55 55 55 -55 -55 -55 154 0 0
72116 55 -55 55 55 -55 55 55 55 -55 -55 -55 -55 -55 55 55 -55 0 -154 0
72116 -55 -55 55 55 55 -55 -55 -55 -55 55 55 55 -55 55 -55 55 154 0 0
72116 -55 -55 55 55 -55 -55 -55 55 -55 55 55 -55 55 -55 55 55 0 -154 0
54475 55 -55 55 55 55 -55 55 -55 -55 -55 -55 -55 -55 55 55 55 45 45 -45
54475 55 -55 55 55 -55 -55 55 55 -55 -55 -55 55 55 -55 -55 55 -45 -45 -45
54475 -55 -55 55 55 55 55 -55 -55 -55 55 55 -55 55 -55 55 -55 45 45 -45
54475 -55 -55 55 55 -55 55 -55 55 -55 55 55 55 -55 55 -55 -55 -45 -45 -45
54475 55 -55 55 55 -55 55 55 55 -55 -55 55 55 -55 55 -55 55 45 45 45
54475 55 -55 55 55 55 55 55 -55 -55 -55 55 -55 55 -55 55 55 -45 -45 45
54475 -55 -55 55 55 -55 -55 -55 55 -55 55 -55 55 55 -55 -55 -55 45 45 45
54475 -55 -55 55 55 55 -55 -55 -55 -55 55 -55 -55 -55 55 55 -55 -45 -45 45
54475 55 -55 -55 55 55 55 55 55 55 -55 55 55 55 -55 55 55 45 45 -45
54475 55 -55 -55 55 -55 55 55 -55 55 -55 55 -55 -55 55 -55 55 -45 -45 -45
54475 -55 -55 -55 55 55 -55 -55 55 55 55 -55 55 -55 55 55 -55 45 45 -45
54475 -55 -55 -55 55 -55 -55 -55 -55 55 55 -55 -55 55 -55 -55 -55 -45 -45 -45
54475 55 -55 -55 55 -55 -55 55 -55 55 -55 -55 -55 55 -55 -55 55 45 45 45
54475 55 -55 -55 55 55 -55 55 55 55 -55 -55 55 -55 55 55 55 -45 -45 45
54475 -55 -55 -55 55 -55 55 -55 -55 55 55 55 -55 -55 55 -55 -55 45 45 45
54475 -55 -55 -55 55 55 55 -55 55 55 55 55 55 55 -55 55 -55 -45 -45 45
54475 55 55 55 -55 -55 55 55 -55 -55 -55 55 -55 55 -55 -55 55 45 45 -45
54475 55 55 55 -55 55 55 55 55 -55 -55 55 55 -55 55 55 55 -45 -45 -45
54475 -55 55 55 -55 -55 -55 -55 -55 -55 55 -55 -55 -55 55 -55 -55 45 45 -45
54475 -55 55 55 -55 55 -55 -55 55 -55 55 -55 55 55 -55 55 -55 -45 -45 -45
54475 55 55 55 -55 55 -55 55 55 -55 -55 -55 55 55 -55 55 55 45 45 45
54475 55 55 55 -55 -55 -55 55 -55 -55 -55 -55 -55 -55 55 -55 55 -45 -45 45
54475 -55 55 55 -55 55 55 -55 55 -55 55 55 55 -55 55 55 -55 45 45 45
54475 -55 55 55 -55 -55 55 -55 -55 -55 55 55 -55 55 -55 -55 -55 -45 -45 45
54475 55 55 -55 -55 -55 -55 55 55 55 -55 -55 55 -55 55 -55 55 45 45 -45
54475 55 55 -55 -55 55 -55 55 -55 55 -55 -55 -55 55 -55 55 55 -45 -45 -45
54475 -55 55 -55 -55 -55 55 -55 55 55 55 55 55 55 -55 -55 -55 45 45 -45
54475 -55 55 -55 -55 55 55 -55 -55 55 55 55 -55 -55 55 55 -55 -45 -45 -45
54475 55 55 -55 -55 55 55 55 -55 55 -55 55 -55 -55 55 55 55 45 45 45
54475 55 55 -55 -55 -55 55 55 55 55 -55 55 55 55 -55 -55 55 -45 -45 45
54475 -55 55 -55 -55 55 -55 -55 -55 55 55 -55 -55 55 -55 55 -55 45 45 45
54475 -55 55 -55 -55 -55 -55 -55 55 55 55 -55 55 -55 55 -55 -55 -45 -45 45
54475 55 55 55 55 55 -55 55 -55 55 -55 55 55 55 55 -55 55 -45 45 -45
54475 55 55 55 55 -55 -55 55 55 55 -55 55 -55 -55 -55 55 55 -45 45 45
54475 -55 55 55 55 55 55 -55 -55 55 55 -55 55 -55 -55 -55 -55 -45 45 -45
54475 -55 55 55 55 -55 55 -55 55 55 55 -55 -55 55 55 55 -55 -45 45 45
54475 55 55 55 55 -55 55 55 55 55 -55 -55 -55 55 55 55 55 45 -45 -45
54475 55 55 55 55 55 55 55 -55 55 -55 -55 55 -55 -55 -55 55 45 -45 45
54475 -55 55 55 55 -55 -55 -55 55 55 55 55 -55 -55 -55 55 -55 45 -45 -45
54475 -55 55 55 55 55 -55 -55 -55 55 55 55 55 55 55 -55 -55 45 -45 45
54475 55 55 -55 55 55 55 55 55 -55 -55 -55 -55 -55 -55 -55 55 -45 45 -45
54475 55 55 -55 55 -55 55 55 -55 -55 -55 -55 55 55 55 55 55 -45 45 45
54475 -55 55 -55 55 55 -55 -55 55 -55 55 55 -55 55 55 -55 -55 -45 45 -45
54475 -55 55 -55 55 -55 -55 -55 -55 -55 55 55 55 -55 -55 55 -55 -45 45 45
54475 55 55 -55 55 -55 -55 55 -55 -55 -55 55 55 -55 -55 55 55 45 -45 -45
54475 55 55 -55 55 55 -55 55 55 -55 -55 55 -55 55 55 -55 55 45 -45 45
54475 -55 55 -55 55 -55 55 -55 -55 -55 55 -55 55 55 55 55 -55 45 -45 -45
54475 -55 55 -55 55 55 55 -55 55 -55 55 -55 -55 -55 -55 -55 -55 45 -45 45
54475 55 -55 55 -55 -55 55 55 -55 55 -55 -55 55 -55 -55 55 55 -45 45 -45
54475 55 -55 55 -55 55 55 55 55 55 -55 -55 -55 55 55 -55 55 -45 45 45
54475 -55 -55 55 -55 -55 -55 -55 -55 55 55 55 55 55 55 55 -55 -45 45 -45
54475 -55 -55 55 -55 55 -55 -55 55 55 55 55 -55 -55 -55 -55 -55 -45 45 45
54475 55 -55 55 -55 55 -55 55 55 55 -55 55 -55 -55 -55 -55 55 45 -45 -45
54475 55 -55 55 -55 -55 -55 55 -55 55 -55 55 55 55 55 55 55 45 -45 45
54475 -55 -55 55 -55 55 55 -55 55 55 55 -55 -55 55 55 -55 -55 45 -45 -45
54475 -55 -55 55 -55 -55 55 -55 -55 55 55 -55 55 -55 -55 55 -55 45 -45 45
54475 55 -55 -55 -55 -55 -55 55 55 -55 -55 55 -55 55 55 55 55 -45 45 -45
54475 55 -55 -55 -55 55 -55 55 -55 -55 -55 55 55 -55 -55 -55 55 -45 45 45
54475 -55 -55 -55 -55 -55 55 -55 55 -55 55 -55 -55 -55 -55 55 -55 -45 45 -45
54475 -55 -55 -55 -55 55 55 -55 -55 -55 55 -55 55 55 55 -55 -55 -45 45 45
54475 55 -55 -55 -55 55 55 55 -55 -55 -55 -55 55 55 55 -55 55 45 -45 -45
54475 55 -55 -55 -55 -55 55 55 55 -55 -55 -55 -55 -55 -55 55 55 45 -45 45
54475 -55 -55 -55 -55 55 -55 -55 -55 -55 55 55 55 -55 -55 -55 -55 45 -45 -45
54475 -55 -55 -55 -55 -55 -55 -55 55 -55 55 55 -55 55 55 55 -55 45 -45 45
72116 -55 55 55 -55 -55 55 55 55 -55 -55 55 -55 -55 -55 55 55 0 0 154
72116 55 55 55 -55 -55 -55 -55 55 -55 55 -55 -55 55 55 55 -55 0 0 154
72116 -55 55 55 -55 -55 -55 55 55 -55 -55 -55 -55 55 55 55 55 0 0 -154
72116 55 55 55 -55 -55 55 -55 55 -55 55 55 -55 -55 -55 55 -55 0 0 -154
72116 -55 55 -55 -55 -55 -55 55 -55 55 -55 -55 55 55 55 55 55 0 0 154
72116 55 55 -55 -55 -55 55 -55 -55 55 55 55 55 -55 -55 55 -55 0 0 154
72116 -55 55 -55 -55 -55 55 55 -55 55 -55 55 55 -55 -55 55 55 0 0 -154
72116 55 55 -55 -55 -55 -55 -55 -55 55 55 -55 55 55 55 55 -55 0 0 -154
72116 -55 -55 55 55 55 -55 55 55 -55 -55 -55 -55 55 55 -55 55 0 0 154
72116 55 -55 55 55 55 55 -55 55 -55 55 55 -55 -55 -55 -55 -55 0 0 154
72116 -55 -55 55 55 55 55 55 55 -55 -55 55 -55 -55 -55 -55 55 0 0 -154
72116 55 -55 55 55 55 -55 -55 55 -55 55 -55 -55 55 55 -55 -55 0 0 -154
72116 -55 -55 -55 55 55 55 55 -55 55 -55 55 55 -55 -55 -55 55 0 0 154
72116 55 -55 -55 55 55 -55 -55 -55 55 55 -55 55 55 55 -55 -55 0 0 154
72116 -55 -55 -55 55 55 -55 55 -55 55 -55 -55 55 55 55 -55 55 0 0 -154
72116 55 -55 -55 55 55 55 -55 -55 55 55 55 55 -55 -55 -55 -55 0 0 -154
72116 -55 -55 55 -55 -55 55 55 55 55 -55 -55 55 55 -55 -55 55 0 -154 0
72116 -55 -55 55 -55 55 55 55 -55 55 -55 -55 -55 -55 55 55 55 154 0 0
72116 55 -55 55 -55 -55 -55 -55 55 55 55 55 55 -55 55 -55 -55 0 -154 0
72116 55 -55 55 -55 55 -55 -55 -55 55 55 55 -55 55 -55 55 -55 154 0 0
72116 -55 -55 55 -55 55 -55 55 -55 55 -55 55 -55 55 -55 55 55 -154 0 0
72116 -55 -55 55 -55 -55 -55 55 55 55 -55 55 55 -55 55 -55 55 0 154 0
72116 55 -55 55 -55 55 55 -55 -55 55 55 -55 -55 -55 55 55 -55 -154 0 0
72116 55 -55 55 -55 -55 55 -55 55 55 55 -55 55 55 -55 -55 -55 0 154 0
72116 -55 -55 -55 -55 -55 -55 55 -55 -55 -55 55 -55 -55 55 -55 55 0 -154 0
72116 -55 -55 -55 -55 55 -55 55 55 -55 -55 55 55 55 -55 55 55 154 0 0
72116 55 -55 -55 -55 -55 55 -55 -55 -55 55 -55 -55 55 -55 -55 -55 0 -154 0
72116 55 -55 -55 -55 55 55 -55 55 -55 55 -55 55 -55 55 55 -55 154 0 0
72116 -55 -55 -55 -55 55 55 55 55 -55 -55 -55 55 -55 55 55 55 -154 0 0
72116 -55 -55 -55 -55 -55 55 55 -55 -55 -55 -55 -55 55 -55 -55 55 0 154 0
72116 55 -55 -55 -55 55 -55 -55 55 -55 55 55 55 55 -55 55 -55 -154 0 0
72116 55 -55 -55 -55 -55 -55 -55 -55 -55 55 55 -55 -55 55 -55 -55 0 154 0
72116 -55 55 55 55 55 -55 55 55 55 -55 55 55 -55 55 55 55 0 -154 0
72116 -55 55 55 55 -55 -55 55 -55 55 -55 55 -55 55 -55 -55 55 154 0 0
72116 55 55 55 55 55 55 -55 55 55 55 -55 55 55 -55 55 -55 0 -154 0
72116 55 55 55 55 -55 55 -55 -55 55 55 -55 -55 -55 55 -55 -55 154 0 0
72116 -55 55 55 55 -55 55 55 -55 55 -55 -55 -55 -55 55 -55 55 -154 0 0
72116 -55 55 55 55 55 55 55 55 55 -55 -55 55 55 -55 55 55 0 154 0
72116 55 55 55 55 -55 -55 -55 -55 55 55 55 -55 55 -55 -55 -55 -154 0 0
72116 55 55 55 55 55 -55 -55 55 55 55 55 55 -55 55 55 -55 0 154 0
72116 -55 55 -55 55 55 55 55 -55 -55 -55 -55 -55 55 -55 55 55 0 -154 0
72116 -55 55 -55 55 -55 55 55 55 -55 -55 -55 55 -55 55 -55 55 154 0 0
72116 55 55 -55 55 55 -55 -55 -55 -55 55 55 -55 -55 55 55 -55 0 -154 0
72116 55 55 -55 55 -55 -55 -55 55 -55 55 55 55 55 -55 -55 -55 154 0 0
72116 -55 55 -55 55 -55 -55 55 55 -55 -55 55 55 55 -55 -55 55 -154 0 0
72116 -55 55 -55 55 55 -55 55 -55 -55 -55 55 -55 -55 55 55 55 0 154 0
72116 55 55 -55 55 -55 55 -55 55 -55 55 -55 55 -55 55 -55 -55 -154 0 0
72116 55 55 -55 55 55 55 -55 -55 -55 55 -55 -55 55 -55 55 -55 0 154 0
54475 -55 55 -55 55 -55 55 55 55 -55 -55 55 -55 -55 55 55 -55 -45 -45 45
54475 -55 55 -55 55 55 55 55 -55 -55 -55 55 55 55 -55 -55 -55 45 45 45
54475 55 55 -55 55 -55 -55 -55 55 -55 55 -55 -55 55 -55 55 55 -45 -45 45
54475 55 55 -55 55 55 -55 -55 -55 -55 55 -55 55 -55 55 -55 55 45 45 45
54475 -55 55 -55 55 55 -55 55 -55 -55 -55 -55 55 -55 55 -55 -55 -45 -45 -45
54475 -55 55 -55 55 -55 -55 55 55 -55 -55 -55 -55 55 -55 55 -55 45 45 -45
54475 55 55 -55 55 55 55 -55 -55 -55 55 55 55 55 -55 -55 55 -45 -45 -45
54475 55 55 -55 55 -55 55 -55 55 -55 55 55 -55 -55 55 55 55 45 45 -45
54475 -55 55 55 55 -55 -55 55 -55 55 -55 -55 55 55 -55 55 -55 -45 -45 45
54475 -55 55 55 55 55 -55 55 55 55 -55 -55 -55 -55 55 -55 -55 45 45 45
54475 55 55 55 55 -55 55 -55 -55 55 55 55 55 -55 55 55 55 -45 -45 45
54475 55 55 55 55 55 55 -55 55 55 55 55 -55 55 -55 -55 55 45 45 45
54475 -55 55 55 55 55 55 55 55 55 -55 55 -55 55 -55 -55 -55 -45 -45 -45
54475 -55 55 55 55 -55 55 55 -55 55 -55 55 55 -55 55 55 -55 45 45 -45
54475 55 55 55 55 55 -55 -55 55 55 55 -55 -55 -55 55 -55 55 -45 -45 -45
54475 55 55 55 55 -55 -55 -55 -55 55 55 -55 55 55 -55 55 55 45 45 -45
54475 -55 -55 -55 -55 55 -55 55 55 -55 -55 -55 -55 55 -55 -55 -55 -45 -45 45
54475 -55 -55 -55 -55 -55 -55 55 -55 -55 -55 -55 55 -55 55 55 -55 45 45 45
54475 55 -55 -55 -55 55 55 -55 55 -55 55 55 -55 -55 55 -55 55 -45 -45 45
54475 55 -55 -55 -55 -55 55 -55 -55 -55 55 55 55 55 -55 55 55 45 45 45
54475 -55 -55 -55 -55 -55 55 55 -55 -55 -55 55 55 55 -55 55 -55 -45 -45 -45
54475 -55 -55 -55 -55 55 55 55 55 -55 -55 55 -55 -55 55 -55 -55 45 45 -45
54475 55 -55 -55 -55 -55 -55 -55 -55 -55 55 -55 55 -55 55 55 55 -45 -45 -45
54475 55 -55 -55 -55 55 -55 -55 55 -55 55 -55 -55 55 -55 -55 55 45 45 -45
54475 -55 -55 55 -55 55 55 55 -55 55 -55 55 55 -55 55 -55 -55 -45 -45 45
54475 -55 -55 55 -55 -55 55 55 55 55 -55 55 -55 55 -55 55 -55 45 45 45
54475 55 -55 55 -55 55 -55 -55 -55 55 55 -55 55 55 -55 -55 55 -45 -45 45
54475 55 -55 55 -55 -55 -55 -55 55 55 55 -55 -55 -55 55 55 55 45 45 45
54475 -55 -55 55 -55 -55 -55 55 55 55 -55 -55 -55 -55 55 55 -55 -45 -45 -45
54475 -55 -55 55 -55 55 -55 55 -55 55 -55 -55 55 55 -55 -55 -55 45 45 -45
54475 55 -55 55 -55 -55 55 -55 55 55 55 55 -55 55 -55 55 55 -45 -45 -45
54475 55 -55 55 -55 55 55 -55 -55 55 55 55 55 -55 55 -55 55 45 45 -45
54475 -55 -55 -55 55 -55 55 55 55 55 -55 -55 55 55 55 -55 -55 45 -45 45
54475 -55 -55 -55 55 55 55 55 -55 55 -55 -55 -55 -55 -55 55 -55 45 -45 -45
54475 55 -55 -55 55 -55 -55 -55 55 55 55 55 55 -55 -55 -55 55 45 -45 45
54475 55 -55 -55 55 55 -55 -55 -55 55 55 55 -55 55 55 55 55 45 -45 -45
54475 -55 -55 -55 55 55 -55 55 -55 55 -55 55 -55 55 55 55 -55 -45 45 45
54475 -55 -55 -55 55 -55 -55 55 55 55 -55 55 55 -55 -55 -55 -55 -45 45 -45
54475 55 -55 -55 55 55 55 -55 -55 55 55 -55 -55 -55 -55 55 55 -45 45 45
54475 55 -55 -55 55 -55 55 -55 55 55 55 -55 55 55 55 -55 55 -45 45 -45
54475 -55 -55 55 55 -55 -55 55 -55 -55 -55 55 -55 -55 -55 -55 -55 45 -45 45
54475 -55 -55 55 55 55 -55 55 55 -55 -55 55 55 55 55 55 -55 45 -45 -45
54475 55 -55 55 55 -55 55 -55 -55 -55 55 -55 -55 55 55 -55 55 45 -45 45
54475 55 -55 55 55 55 55 -55 55 -55 55 -55 55 -55 -55 55 55 45 -45 -45
54475 -55 -55 55 55 55 55 55 55 -55 -55 -55 55 -55 -55 55 -55 -45 45 45
54475 -55 -55 55 55 -55 55 55 -55 -55 -55 -55 -55 55 55 -55 -55 -45 45 -45
54475 55 -55 55 55 55 -55 -55 55 -55 55 55 55 55 55 55 55 -45 45 45
54475 55 -55 55 55 -55 -55 -55 -55 -55 55 55 -55 -55 -55 -55 55 -45 45 -45
54475 -55 55 -55 -55 55 -55 55 55 55 -55 55 55 -55 -55 55 -55 45 -45 45
54475 -55 55 -55 -55 -55 -55 55 -55 55 -55 55 -55 55 55 -55 -55 45 -45 -45
54475 55 55 -55 -55 55 55 -55 55 55 55 -55 55 55 55 55 55 45 -45 45
54475 55 55 -55 -55 -55 55 -55 -55 55 55 -55 -55 -55 -55 -55 55 45 -45 -45
54475 -55 55 -55 -55 -55 55 55 -55 55 -55 -55 -55 -55 -55 -55 -55 -45 45 45
54475 -55 55 -55 -55 55 55 55 55 55 -55 -55 55 55 55 55 -55 -45 45 -45
54475 55 55 -55 -55 -55 -55 -55 -55 55 55 55 -55 55 55 -55 55 -45 45 45
54475 55 55 -55 -55 55 -55 -55 55 55 55 55 55 -55 -55 55 55 -45 45 -45
54475 -55 55 55 -55 55 55 55 -55 -55 -55 -55 -55 55 55 55 -55 45 -45 45
54475 -55 55 55 -55 -55 55 55 55 -55 -55 -55 55 -55 -55 -55 -55 45 -45 -45
54475 55 55 55 -55 55 -55 -55 -55 -55 55 55 -55 -55 -55 55 55 45 -45 45
54475 55 55 55 -55 -55 -55 -55 55 -55 55 55 55 55 55 -55 55 45 -45 -45
54475 -55 55 55 -55 -55 -55 55 55 -55 -55 55 55 55 55 -55 -55 -45 45 45
54475 -55 55 55 -55 55 -55 55 -55 -55 -55 55 -55 -55 -55 55 -55 -45 45 -45
54475 55 55 55 -55 -55 55 -55 55 -55 55 -55 55 -55 -55 -55 55 -45 45 45
54475 55 55 55 -55 55 55 -55 -55 -55 55 -55 -55 55 55 55 55 -45 45 -45
54475 -55 55 55 -55 -55 55 55 -55 55 -55 55 55 55 -55 -55 -55 -45 45 -45
54475 -55 55 55 -55 55 55 55 55 55 -55 55 -55 -55 55 55 -55 -45 45 45
54475 55 55 55 -55 -55 -55 -55 -55 55 55 -55 55 -55 55 -55 55 -45 45 -45
54475 55 55 55 -55 55 -55 -55 55 55 55 -55 -55 55 -55 55 55 -45 45 45
54475 -55 55 55 -55 55 -55 55 55 55 -55 -55 -55 55 -55 55 -55 45 -45 -45
54475 -55 55 55 -55 -55 -55 55 -55 55 -55 -55 55 -55 55 -55 -55 45 -45 45
54475 55 55 55 -55 55 55 -55 55 55 55 55 -55 -55 55 55 55 45 -45 -45
54475 55 55 55 -55 -55 55 -55 -55 55 55 55 55 55 -55 -55 55 45 -45 45
54475 -55 55 -55 -55 -55 -55 55 55 -55 -55 -55 -55 -55 55 -55 -55 -45 45 -45
54475 -55 55 -55 -55 55 -55 55 -55 -55 -55 -55 55 55 -55 55 -55 -45 45 45
54475 55 55 -55 -55 -55 55 -55 55 -55 55 55 -55 55 -55 -55 55 -45 45 -45
54475 55 55 -55 -55 55 55 -55 -55 -55 55 55 55 -55 55 55 55 -45 45 45
54475 -55 55 -55 -55 55 55 55 -55 -55 -55 55 55 -55 55 55 -55 45 -45 -45
54475 -55 55 -55 -55 -55 55 55 55 -55 -55 55 -55 55 -55 -55 -55 45 -45 45
54475 55 55 -55 -55 55 -55 -55 -55 -55 55 -55 55 55 -55 55 55 45 -45 -45
54475 55 55 -55 -55 -55 -55 -55 55 -55 55 -55 -55 -55 55 -55 55 45 -45 45
54475 -55 -55 55 55 55 -55 55 -55 55 -55 -55 55 -55 55 55 -55 -45 45 -45
54475 -55 -55 55 55 -55 -55 55 55 55 -55 -55 -55 55 -55 -55 -55 -45 45 45
54475 55 -55 55 55 55 55 -55 -55 55 55 55 55 55 -55 55 55 -45 45 -45
54475 55 -55 55 55 -55 55 -55 55 55 55 55 -55 -55 55 -55 55 -45 45 45
54475 -55 -55 55 55 -55 55 55 55 55 -55 55 -55 -55 55 -55 -55 45 -45 -45
54475 -55 -55 55 55 55 55 55 -55 55 -55 55 55 55 -55 55 -55 45 -45 45
54475 55 -55 55 55 -55 -55 -55 55 55 55 -55 -55 55 -55 -55 55 45 -45 -45
54475 55 -55 55 55 55 -55 -55 -55 55 55 -55 55 -55 55 55 55 45 -45 45
54475 -55 -55 -55 55 55 55 55 55 -55 -55 55 -55 55 -55 55 -55 -45 45 -45
54475 -55 -55 -55 55 -55 55 55 -55 -55 -55 55 55 -55 55 -55 -55 -45 45 45
54475 55 -55 -55 55 55 -55 -55 55 -55 55 -55 -55 -55 55 55 55 -45 45 -45
54475 55 -55 -55 55 -55 -55 -55 -55 -55 55 -55 55 55 -55 -55 55 -45 45 45
54475 -55 -55 -55 55 -55 -55 55 -55 -55 -55 -55 55 55 -55 -55 -55 45 -45 -45
54475 -55 -55 -55 55 55 -55 55 55 -55 -55 -55 -55 -55 55 55 -55 45 -45 45
54475 55 -55 -55 55 -55 55 -55 -55 -55 55 55 55 -55 55 -55 55 45 -45 -45
54475 55 -55 -55 55 55 55 -55 55 -55 55 55 -55 55 -55 55 55 45 -45 45
54475 -55 -55 55 -55 -55 55 55 -55 -55 -55 -55 -55 -55 -55 55 -55 45 45 -45
54475 -55 -55 55 -55 55 55 55 55 -55 -55 -55 55 55 55 -55 -55 -45 -45 -45
54475 55 -55 55 -55 -55 -55 -55 -55 -55 55 55 -55 55 55 55 55 45 45 -45
54475 55 -55 55 -55 55 -55 -55 55 -55 55 55 55 -55 -55 -55 55 -45 -45 -45
54475 -55 -55 55 -55 55 -55 55 55 -55 -55 55 55 -55 -55 -55 -55 45 45 45
54475 -55 -55 55 -55 -55 -55 55 -55 -55 -55 55 -55 55 55 55 -55 -45 -45 45
54475 55 -55 55 -55 55 55 -55 55 -55 55 -55 55 55 55 -55 55 45 45 45
54475 55 -55 55 -55 -55 55 -55 -55 -55 55 -55 -55 -55 -55 55 55 -45 -45 45
54475 -55 -55 -55 -55 -55 -55 55 55 55 -55 55 55 55 55 55 -55 45 45 -45
54475 -55 -55 -55 -55 55 -55 55 -55 55 -55 55 -55 -55 -55 -55 -55 -45 -45 -45
54475 55 -55 -55 -55 -55 55 -55 55 55 55 -55 55 -55 -55 55 55 45 45 -45
54475 55 -55 -55 -55 55 55 -55 -55 55 55 -55 -55 55 55 -55 55 -45 -45 -45
54475 -55 -55 -55 -55 55 55 55 -55 55 -55 -55 -55 55 55 -55 -55 45 45 45
54475 -55 -55 -55 -55 -55 55 55 55 55 -55 -55 55 -55 -55 55 -55 -45 -45 45
54475 55 -55 -55 -55 55 -55 -55 -55 55 55 55 -55 -55 -55 -55 55 45 45 45
54475 55 -55 -55 -55 -55 -55 -55 55 55 55 55 55 55 55 55 55 -45 -45 45
54475 -55 55 55 55 55 -55 55 -55 -55 -55 55 -55 55 55 -55 -55 45 45 -45
54475 -55 55 55 55 -55 -55 55 55 -55 -55 55 55 -55 -55 55 -55 -45 -45 -45
54475 55 55 55 55 55 55 -55 -55 -55 55 -55 -55 -55 -55 -55 55 45 45 -45
54475 55 55 55 55 -55 55 -55 55 -55 55 -55 55 55 55 55 55 -45 -45 -45
54475 -55 55 55 55 -55 55 55 55 -55 -55 -55 55 55 55 55 -55 45 45 45
54475 -55 55 55 55 55 55 55 -55 -55 -55 -55 -55 -55 -55 -55 -55 -45 -45 45
54475 55 55 55 55 -55 -55 -55 55 -55 55 55 55 -55 -55 55 55 45 45 45
54475 55 55 55 55 55 -55 -55 -55 -55 55 55 -55 55 55 -55 55 -45 -45 45
54475 -55 55 -55 55 55 55 55 55 55 -55 -55 55 -55 -55 -55 -55 45 45 -45
54475 -55 55 -55 55 -55 55 55 -55 55 -55 -55 -55 55 55 55 -55 -45 -45 -45
54475 55 55 -55 55 55 -55 -55 55 55 55 55 55 55 55 -55 55 45 45 -45
54475 55 55 -55 55 -55 -55 -55 -55 55 55 55 -55 -55 -55 55 55 -45 -45 -45
54475 -55 55 -55 55 -55 -55 55 -55 55 -55 55 -55 -55 -55 55 -55 45 45 45
54475 -55 55 -55 55 55 -55 55 55 55 -55 55 55 55 55 -55 -55 -45 -45 45
54475 55 55 -55 55 -55 55 -55 -55 55 55 -55 -55 55 55 55 55 45 45 45
54475 55 55 -55 55 55 55 -55 55 55 55 -55 55 -55 -55 -55 55 -45 -45 45
72116 -55 55 -55 55 -55 55 55 -55 55 -55 55 55 55 55 -55 55 0 154 0
72116 -55 55 -55 55 55 55 55 55 55 -55 55 -55 -55 -55 55 55 -154 0 0
72116 55 55 -55 55 -55 -55 -55 -55 55 55 -55 55 -55 -55 -55 -55 0 154 0
72116 55 55 -55 55 55 -55 -55 55 55 55 -55 -55 55 55 55 -55 -154 0 0
72116 -55 55 -55 55 55 -55 55 55 55 -55 -55 -55 55 55 55 55 154 0 0
72116 -55 55 -55 55 -55 -55 55 -55 55 -55 -55 55 -55 -55 -55 55 0 -154 0
72116 55 55 -55 55 55 55 -55 55 55 55 55 -55 -55 -55 55 -55 154 0 0
72116 55 55 -55 55 -55 55 -55 -55 55 55 55 55 55 55 -55 -55 0 -154 0
72116 -55 55 55 55 -55 -55 55 55 -55 -55 -55 -55 -55 -55 -55 55 0 154 0
72116 -55 55 55 55 55 -55 55 -55 -55 -55 -55 55 55 55 55 55 -154 0 0
72116 55 55 55 55 -55 55 -55 55 -55 55 55 -55 55 55 -55 -55 0 154 0
72116 55 55 55 55 55 55 -55 -55 -55 55 55 55 -55 -55 55 -55 -154 0 0
72116 -55 55 55 55 55 55 55 -55 -55 -55 55 55 -55 -55 55 55 154 0 0
72116 -55 55 55 55 -55 55 55 55 -55 -55 55 -55 55 55 -55 55 0 -154 0
72116 55 55 55 55 55 -55 -55 -55 -55 55 -55 55 55 55 55 -55 154 0 0
72116 55 55 55 55 -55 -55 -55 55 -55 55 -55 -55 -55 -55 -55 -55 0 -154 0
72116 -55 -55 -55 -55 55 -55 55 -55 55 -55 -55 55 -55 -55 55 55 0 154 0
72116 -55 -55 -55 -55 -55 -55 55 55 55 -55 -55 -55 55 55 -55 55 -154 0 0
72116 55 -55 -55 -55 55 55 -55 -55 55 55 55 55 55 55 55 -55 0 154 0
72116 55 -55 -55 -55 -55 55 -55 55 55 55 55 -55 -55 -55 -55 -55 -154 0 0
72116 -55 -55 -55 -55 -55 55 55 55 55 -55 55 -55 -55 -55 -55 55 154 0 0
72116 -55 -55 -55 -55 55 55 55 -55 55 -55 55 55 55 55 55 55 0 -154 0
72116 55 -55 -55 -55 -55 -55 -55 55 55 55 -55 -55 55 55 -55 -55 154 0 0
72116 55 -55 -55 -55 55 -55 -55 -55 55 55 -55 55 -55 -55 55 -55 0 -154 0
72116 -55 -55 55 -55 55 55 55 55 -55 -55 55 -55 55 55 55 55 0 154 0
72116 -55 -55 55 -55 -55 55 55 -55 -55 -55 55 55 -55 -55 -55 55 -154 0 0
72116 55 -55 55 -55 55 -55 -55 55 -55 55 -55 -55 -55 -55 55 -55 0 154 0
72116 55 -55 55 -55 -55 -55 -55 -55 -55 55 -55 55 55 55 -55 -55 -154 0 0
72116 -55 -55 55 -55 -55 -55 55 -55 -55 -55 -55 55 55 55 -55 55 154 0 0
72116 -55 -55 55 -55 55 -55 55 55 -55 -55 -55 -55 -55 -55 55 55 0 -154 0
72116 55 -55 55 -55 -55 55 -55 -55 -55 55 55 55 -55 -55 -55 -55 154 0 0
72116 55 -55 55 -55 55 55 -55 55 -55 55 55 -55 55 55 55 -55 0 -154 0
72116 -55 -55 -55 55 -55 55 55 -55 -55 -55 -55 -55 -55 55 55 55 0 0 -154
72116 55 -55 -55 55 -55 -55 -55 -55 -55 55 55 -55 55 -55 55 -55 0 0 -154
72116 -55 -55 -55 55 -55 -55 55 -55 -55 -55 55 -55 55 -55 55 55 0 0 154
72116 55 -55 -55 55 -55 55 -55 -55 -55 55 -55 -55 -55 55 55 -55 0 0 154
72116 -55 -55 55 55 -55 -55 55 55 55 -55 55 55 55 -55 55 55 0 0 -154
72116 55 -55 55 55 -55 55 -55 55 55 55 -55 55 -55 55 55 -55 0 0 -154
72116 -55 -55 55 55 -55 55 55 55 55 -55 -55 55 -55 55 55 55 0 0 154
72116 55 -55 55 55 -55 -55 -55 55 55 55 55 55 55 -55 55 -55 0 0 154
72116 -55 55 -55 -55 55 -55 55 -55 -55 -55 55 -55 55 -55 -55 55 0 0 -154
72116 55 55 -55 -55 55 55 -55 -55 -55 55 -55 -55 -55 55 -55 -55 0 0 -154
72116 -55 55 -55 -55 55 55 55 -55 -55 -55 -55 -55 -55 55 -55 55 0 0 154
72116 55 55 -55 -55 55 -55 -55 -55 -55 55 55 -55 55 -55 -55 -55 0 0 154
72116 -55 55 55 -55 55 55 55 55 55 -55 -55 55 -55 55 -55 55 0 0 -154
72116 55 55 55 -55 55 -55 -55 55 55 55 55 55 55 -55 -55 -55 0 0 -154
72116 -55 55 55 -55 55 -55 55 55 55 -55 55 55 55 -55 -55 55 0 0 154
72116 55 55 55 -55 55 55 -55 55 55 55 -55 55 -55 55 -55 -55 0 0 154
54475 -55 55 55 -55 -55 -55 55 55 55 -55 55 -55 -55 -55 -55 -55 -45 -45 45
54475 -55 55 55 -55 55 -55 55 -55 55 -55 55 55 55 55 55 -55 45 45 45
54475 55 55 55 -55 -55 55 -55 55 55 55 -55 -55 55 55 -55 55 -45 -45 45
54475 55 55 55 -55 55 55 -55 -55 55 55 -55 55 -55 -55 55 55 45 45 45
54475 -55 55 55 -55 55 55 55 -55 55 -55 -55 55 -55 -55 55 -55 -45 -45 -45
54475 -55 55 55 -55 -55 55 55 55 55 -55 -55 -55 55 55 -55 -55 45 45 -45
54475 55 55 55 -55 55 -55 -55 -55 55 55 55 55 55 55 55 55 -45 -45 -45
54475 55 55 55 -55 -55 -55 -55 55 55 55 55 -55 -55 -55 -55 55 45 45 -45
54475 -55 55 -55 -55 -55 55 55 -55 -55 -55 -55 55 55 55 -55 -55 -45 -45 45
54475 -55 55 -55 -55 55 55 55 55 -55 -55 -55 -55 -55 -55 55 -55 45 45 45
54475 55 55 -55 -55 -55 -55 -55 -55 -55 55 55 55 -55 -55 -55 55 -45 -45 45
54475 55 55 -55 -55 55 -55 -55 55 -55 55 55 -55 55 55 55 55 45 45 45
54475 -55 55 -55 -55 55 -55 55 55 -55 -55 55 -55 55 55 55 -55 -45 -45 -45
54475 -55 55 -55 -55 -55 -55 55 -55 -55 -55 55 55 -55 -55 -55 -55 45 45 -45
54475 55 55 -55 -55 55 55 -55 55 -55 55 -55 -55 -55 -55 55 55 -45 -45 -45
54475 55 55 -55 -55 -55 55 -55 -55 -55 55 -55 55 55 55 -55 55 45 45 -45
54475 -55 -55 55 55 55 55 55 55 55 -55 -55 -55 55 55 55 -55 -45 -45 45
54475 -55 -55 55 55 -55 55 55 -55 55 -55 -55 55 -55 -55 -55 -55 45 45 45
54475 55 -55 55 55 55 -55 -55 55 55 55 55 -55 -55 -55 55 55 -45 -45 45
54475 55 -55 55 55 -55 -55 -55 -55 55 55 55 55 55 55 -55 55 45 45 45
54475 -55 -55 55 55 -55 -55 55 -55 55 -55 55 55 55 55 -55 -55 -45 -45 -45
54475 -55 -55 55 55 55 -55 55 55 55 -55 55 -55 -55 -55 55 -55 45 45 -45
54475 55 -55 55 55 -55 55 -55 -55 55 55 -55 55 -55 -55 -55 55 -45 -45 -45
54475 55 -55 55 55 55 55 -55 55 55 55 -55 -55 55 55 55 55 45 45 -45
54475 -55 -55 -55 55 55 -55 55 -55 -55 -55 55 55 -55 -55 55 -55 -45 -45 45
54475 -55 -55 -55 55 -55 -55 55 55 -55 -55 55 -55 55 55 -55 -55 45 45 45
54475 55 -55 -55 55 55 55 -55 -55 -55 55 -55 55 55 55 55 55 -45 -45 45
54475 55 -55 -55 55 -55 55 -55 55 -55 55 -55 -55 -55 -55 -55 55 45 45 45
54475 -55 -55 -55 55 -55 55 55 55 -55 -55 -55 -55 -55 -55 -55 -55 -45 -45 -45
54475 -55 -55 -55 55 55 55 55 -55 -55 -55 -55 55 55 55 55 -55 45 45 -45
54475 55 -55 -55 55 -55 -55 -55 55 -55 55 55 -55 55 55 -55 55 -45 -45 -45
54475 55 -55 -55 55 55 -55 -55 -55 -55 55 55 55 -55 -55 55 55 45 45 -45
54475 -55 -55 55 -55 -55 -55 55 55 -55 -55 -55 55 55 -55 55 -55 45 -45 45
54475 -55 -55 55 -55 55 -55 55 -55 -55 -55 -55 -55 -55 55 -55 -55 45 -45 -45
54475 55 -55 55 -55 -55 55 -55 55 -55 55 55 55 -55 55 55 55 45 -45 45
54475 55 -55 55 -55 55 55 -55 -55 -55 55 55 -55 55 -55 -55 55 45 -45 -45
54475 -55 -55 55 -55 55 55 55 -55 -55 -55 55 -55 55 -55 -55 -55 -45 45 45
54475 -55 -55 55 -55 -55 55 55 55 -55 -55 55 55 -55 55 55 -55 -45 45 -45
54475 55 -55 55 -55 55 -55 -55 -55 -55 55 -55 -55 -55 55 -55 55 -45 45 45
54475 55 -55 55 -55 -55 -55 -55 55 -55 55 -55 55 55 -55 55 55 -45 45 -45
54475 -55 -55 -55 -55 -55 55 55 -55 55 -55 55 -55 -55 55 55 -55 45 -45 45
54475 -55 -55 -55 -55 55 55 55 55 55 -55 55 55 55 -55 -55 -55 45 -45 -45
54475 55 -55 -55 -55 -55 -55 -55 -55 55 55 -55 -55 55 -55 55 55 45 -45 45
54475 55 -55 -55 -55 55 -55 -55 55 55 55 -55 55 -55 55 -55 55 45 -45 -45
54475 -55 -55 -55 -55 55 -55 55 55 55 -55 -55 55 -55 55 -55 -55 -45 45 45
54475 -55 -55 -55 -55 -55 -55 55 -55 55 -55 -55 -55 55 -55 55 -55 -45 45 -45
54475 55 -55 -55 -55 55 55 -55 55 55 55 55 55 55 -55 -55 55 -45 45 45
54475 55 -55 -55 -55 -55 55 -55 -55 55 55 55 -55 -55 55 55 55 -45 45 -45
54475 -55 55 55 55 55 55 55 55 -55 -55 55 55 -55 55 -55 -55 45 -45 45
54475 -55 55 55 55 -55 55 55 -55 -55 -55 55 -55 55 -55 55 -55 45 -45 -45
54475 55 55 55 55 55 -55 -55 55 -55 55 -55 55 55 -55 -55 55 45 -45 45
54475 55 55 55 55 -55 -55 -55 -55 -55 55 -55 -55 -55 55 55 55 45 -45 -45
54475 -55 55 55 55 -55 -55 55 -55 -55 -55 -55 -55 -55 55 55 -55 -45 45 45
54475 -55 55 55 55 55 -55 55 55 -55 -55 -55 55 55 -55 -55 -55 -45 45 -45
54475 55 55 55 55 -55 55 -55 -55 -55 55 55 -55 55 -55 55 55 -45 45 45
54475 55 55 55 55 55 55 -55 55 -55 55 55 55 -55 55 -55 55 -45 45 -45
54475 -55 55 -55 55 55 -55 55 -55 55 -55 -55 -55 55 -55 -55 -55 45 -45 45
54475 -55 55 -55 55 -55 -55 55 55 55 -55 -55 55 -55 55 55 -55 45 -45 -45
54475 55 55 -55 55 55 55 -55 -55 55 55 55 -55 -55 55 -55 55 45 -45 45
54475 55 55 -55 55 -55 55 -55 55 55 55 55 55 55 -55 55 55 45 -45 -45
54475 -55 55 -55 55 -55 55 55 55 55 -55 55 55 55 -55 55 -55 -45 45 45
54475 -55 55 -55 55 55 55 55 -55 55 -55 55 -55 -55 55 -55 -55 -45 45 -45
54475 55 55 -55 55 -55 -55 -55 55 55 55 -55 55 -55 55 55 55 -45 45 45
54475 55 55 -55 55 55 -55 -55 -55 55 55 -55 -55 55 -55 -55 55 -45 45 -45
72116 -55 55 -55 55 -55 -55 55 55 55 -55 55 -55 -55 55 -55 55 0 0 154
72116 55 55 -55 55 -55 55 -55 55 55 55 -55 -55 55 -55 -55 -55 0 0 154
72116 -55 55 -55 55 -55 55 55 55 55 -55 -55 -55 55 -55 -55 55 0 0 -154
72116 55 55 -55 55 -55 -55 -55 55 55 55 55 -55 -55 55 -55 -55 0 0 -154
72116 -55 55 55 55 -55 55 55 -55 -55 -55 -55 55 55 -55 -55 55 0 0 154
72116 55 55 55 55 -55 -55 -55 -55 -55 55 55 55 -55 55 -55 -55 0 0 154
72116 -55 55 55 55 -55 -55 55 -55 -55 -55 55 55 -55 55 -55 55 0 0 -154
72116 55 55 55 55 -55 55 -55 -55 -55 55 -55 55 55 -55 -55 -55 0 0 -154
72116 -55 -55 -55 -55 55 55 55 55 55 -55 -55 -55 55 -55 55 55 0 0 154
72116 55 -55 -55 -55 55 -55 -55 55 55 55 55 -55 -55 55 55 -55 0 0 154
72116 -55 -55 -55 -55 55 -55 55 55 55 -55 55 -55 -55 55 55 55 0 0 -154
72116 55 -55 -55 -55 55 55 -55 55 55 55 -55 -55 55 -55 55 -55 0 0 -154
72116 -55 -55 55 -55 55 -55 55 -55 -55 -55 55 55 -55 55 55 55 0 0 154
72116 55 -55 55 -55 55 55 -55 -55 -55 55 -55 55 55 -55 55 -55 0 0 154
72116 -55 -55 55 -55 55 55 55 -55 -55 -55 -55 55 55 -55 55 55 0 0 -154
72116 55 -55 55 -55 55 -55 -55 -55 -55 55 55 55 -55 55 55 -55 0 0 -154
72116 -55 -55 -55 55 -55 -55 55 55 -55 -55 -55 55 55 55 55 55 0 -154 0
72116 -55 -55 -55 55 55 -55 55 -55 -55 -55 -55 -55 -55 -55 -55 55 154 0 0
72116 55 -55 -55 55 -55 55 -55 55 -55 55 55 55 -55 -55 55 -55 0 -154 0
72116 55 -55 -55 55 55 55 -55 -55 -55 55 55 -55 55 55 -55 -55 154 0 0
72116 -55 -55 -55 55 55 55 55 -55 -55 -55 55 -55 55 55 -55 55 -154 0 0
72116 -55 -55 -55 55 -55 55 55 55 -55 -55 55 55 -55 -55 55 55 0 154 0
72116 55 -55 -55 55 55 -55 -55 -55 -55 55 -55 -55 -55 -55 -55 -55 -154 0 0
72116 55 -55 -55 55 -55 -55 -55 55 -55 55 -55 55 55 55 55 -55 0 154 0
72116 -55 -55 55 55 -55 55 55 -55 55 -55 55 -55 -55 -55 55 55 0 -154 0
72116 -55 -55 55 55 55 55 55 55 55 -55 55 55 55 55 -55 55 154 0 0
72116 55 -55 55 55 -55 -55 -55 -55 55 55 -55 -55 55 55 55 -55 0 -154 0
72116 55 -55 55 55 55 -55 -55 55 55 55 -55 55 -55 -55 -55 -55 154 0 0
72116 -55 -55 55 55 55 -55 55 55 55 -55 -55 55 -55 -55 -55 55 -154 0 0
72116 -55 -55 55 55 -55 -55 55 -55 55 -55 -55 -55 55 55 55 55 0 154 0
72116 55 -55 55 55 55 55 -55 55 55 55 55 55 55 55 -55 -55 -154 0 0
72116 55 -55 55 55 -55 55 -55 -55 55 55 55 -55 -55 -55 55 -55 0 154 0
72116 -55 55 -55 -55 55 55 55 55 -55 -55 55 55 -55 -55 -55 55 0 -154 0
72116 -55 55 -55 -55 -55 55 55 -55 -55 -55 55 -55 55 55 55 55 154 0 0
72116 55 55 -55 -55 55 -55 -55 55 -55 55 -55 55 55 55 -55 -55 0 -154 0
72116 55 55 -55 -55 -55 -55 -55 -55 -55 55 -55 -55 -55 -55 55 -55 154 0 0
72116 -55 55 -55 -55 -55 -55 55 -55 -55 -55 -55 -55 -55 -55 55 55 -154 0 0
72116 -55 55 -55 -55 55 -55 55 55 -55 -55 -55 55 55 55 -55 55 0 154 0
72116 55 55 -55 -55 -55 55 -55 -55 -55 55 55 -55 55 55 55 -55 -154 0 0
72116 55 55 -55 -55 55 55 -55 55 -55 55 55 55 -55 -55 -55 -55 0 154 0
72116 -55 55 55 -55 55 -55 55 -55 55 -55 -55 -55 55 55 -55 55 0 -154 0
72116 -55 55 55 -55 -55 -55 55 55 55 -55 -55 55 -55 -55 55 55 154 0 0
72116 55 55 55 -55 55 55 -55 -55 55 55 55 -55 -55 -55 -55 -55 0 -154 0
72116 55 55 55 -55 -55 55 -55 55 55 55 55 55 55 55 55 -55 154 0 0
72116 -55 55 55 -55 -55 55 55 55 55 -55 55 55 55 55 55 55 -154 0 0
72116 -55 55 55 -55 55 55 55 -55 55 -55 55 -55 -55 -55 -55 55 0 154 0
72116 55 55 55 -55 -55 -55 -55 55 55 55 -55 55 -55 -55 55 -55 -154 0 0
72116 55 55 55 -55 55 -55 -55 -55 55 55 -55 -55 55 55 -55 -55 0 154 0
72116 -55 55 55 -55 -55 -55 55 -55 -55 -55 55 55 55 -55 55 55 0 154 0
72116 -55 55 55 -55 55 -55 55 55 -55 -55 55 -55 -55 55 -55 55 -154 0 0
72116 55 55 55 -55 -55 55 -55 -55 -55 55 -55 55 -55 55 55 -55 0 154 0
72116 55 55 55 -55 55 55 -55 55 -55 55 -55 -55 55 -55 -55 -55 -154 0 0
72116 -55 55 55 -55 55 55 55 55 -55 -55 -55 -55 55 -55 -55 55 154 0 0
72116 -55 55 55 -55 -55 55 55 -55 -55 -55 -55 55 -55 55 55 55 0 -154 0
72116 55 55 55 -55 55 -55 -55 55 -55 55 55 -55 -55 55 -55 -55 154 0 0
72116 55 55 55 -55 -55 -55 -55 -55 -55 55 55 55 55 -55 55 -55 0 -154 0
72116 -55 55 -55 -55 -55 55 55 55 55 -55 -55 -55 -55 55 55 55 0 154 0
72116 -55 55 -55 -55 55 55 55 -55 55 -55 -55 55 55 -55 -55 55 -154 0 0
72116 55 55 -55 -55 -55 -55 -55 55 55 55 55 -55 55 -55 55 -55 0 154 0
72116 55 55 -55 -55 55 -55 -55 -55 55 55 55 55 -55 55 -55 -55 -154 0 0
72116 -55 55 -55 -55 55 -55 55 -55 55 -55 55 55 -55 55 -55 55 154 0 0
72116 -55 55 -55 -55 -55 -55 55 55 55 -55 55 -55 55 -55 55 55 0 -154 0
72116 55 55 -55 -55 55 55 -55 -55 55 55 -55 55 55 -55 -55 -55 154 0 0
72116 55 55 -55 -55 -55 55 -55 55 55 55 -55 -55 -55 55 55 -55 0 -154 0
72116 -55 -55 55 55 55 55 55 -55 -55 -55 -55 55 -55 55 -55 55 0 154 0
72116 -55 -55 55 55 -55 55 55 55 -55 -55 -55 -55 55 -55 55 55 -154 0 0
72116 55 -55 55 55 55 -55 -55 -55 -55 55 55 55 55 -55 -55 -55 0 154 0
72116 55 -55 55 55 -55 -55 -55 55 -55 55 55 -55 -55 55 55 -55 -154 0 0
72116 -55 -55 55 55 -55 -55 55 55 -55 -55 55 -55 -55 55 55 55 154 0 0
72116 -55 -55 55 55 55 -55 55 -55 -55 -55 55 55 55 -55 -55 55 0 -154 0
72116 55 -55 55 55 -55 55 -55 55 -55 55 -55 -55 55 -55 55 -55 154 0 0
72116 55 -55 55 55 55 55 -55 -55 -55 55 -55 55 -55 55 -55 -55 0 -154 0
72116 -55 -55 -55 55 55 -55 55 55 55 -55 55 -55 55 -55 -55 55 0 154 0
72116 -55 -55 -55 55 -55 -55 55 -55 55 -55 55 55 -55 55 55 55 -154 0 0
72116 55 -55 -55 55 55 55 -55 55 55 55 -55 -55 -55 55 -55 -55 0 154 0
72116 55 -55 -55 55 -55 55 -55 -55 55 55 -55 55 55 -55 55 -55 -154 0 0
72116 -55 -55 -55 55 -55 55 55 -55 55 -55 -55 55 55 -55 55 55 154 0 0
72116 -55 -55 -55 55 55 55 55 55 55 -55 -55 -55 -55 55 -55 55 0 -154 0
72116 55 -55 -55 55 -55 -55 -55 -55 55 55 55 55 -55 55 55 -55 154 0 0
72116 55 -55 -55 55 55 -55 -55 55 55 55 55 -55 55 -55 -55 -55 0 -154 0
72116 -55 -55 55 -55 -55 -55 55 -55 55 -55 -55 -55 -55 -55 -55 55 0 0 -154
72116 55 -55 55 -55 -55 55 -55 -55 55 55 55 -55 55 55 -55 -55 0 0 -154
72116 -55 -55 55 -55 -55 55 55 -55 55 -55 55 -55 55 55 -55 55 0 0 154
72116 55 -55 55 -55 -55 -55 -55 -55 55 55 -55 -55 -55 -55 -55 -55 0 0 154
72116 -55 -55 -55 -55 -55 55 55 55 -55 -55 55 55 55 55 -55 55 0 0 -154
72116 55 -55 -55 -55 -55 -55 -55 55 -55 55 -55 55 -55 -55 -55 -55 0 0 -154
72116 -55 -55 -55 -55 -55 -55 55 55 -55 -55 -55 55 -55 -55 -55 55 0 0 154
72116 55 -55 -55 -55 -55 55 -55 55 -55 55 55 55 55 55 -55 -55 0 0 154
72116 -55 55 55 55 55 55 55 -55 55 -55 55 -55 55 55 55 55 0 0 -154
72116 55 55 55 55 55 -55 -55 -55 55 55 -55 -55 -55 -55 55 -55 0 0 -154
72116 -55 55 55 55 55 -55 55 -55 55 -55 -55 -55 -55 -55 55 55 0 0 154
72116 55 55 55 55 55 55 -55 -55 55 55 55 -55 55 55 55 -55 0 0 154
72116 -55 55 -55 55 55 -55 55 55 -55 -55 -55 55 -55 -55 55 55 0 0 -154
72116 55 55 -55 55 55 55 -55 55 -55 55 55 55 55 55 55 -55 0 0 -154
72116 -55 55 -55 55 55 55 55 55 -55 -55 55 55 55 55 55 55 0 0 154
72116 55 55 -55 55 55 -55 -55 55 -55 55 -55 55 -55 -55 55 -55 0 0 154
54475 -55 55 -55 55 -55 -55 55 -55 -55 -55 55 55 55 55 55 -55 -45 45 -45
54475 -55 55 -55 55 55 -55 55 55 -55 -55 55 -55 -55 -55 -55 -55 -45 45 45
54475 55 55 -55 55 -55 55 -55 -55 -55 55 -55 55 -55 -55 55 55 -45 45 -45
54475 55 55 -55 55 55 55 -55 55 -55 55 -55 -55 55 55 -55 55 -45 45 45
54475 -55 55 -55 55 55 55 55 55 -55 -55 -55 -55 55 55 -55 -55 45 -45 -45
54475 -55 55 -55 55 -55 55 55 -55 -55 -55 -55 55 -55 -55 55 -55 45 -45 45
54475 55 55 -55 55 55 -55 -55 55 -55 55 55 -55 -55 -55 -55 55 45 -45 -45
54475 55 55 -55 55 -55 -55 -55 -55 -55 55 55 55 55 55 55 55 45 -45 45
54475 -55 55 55 55 -55 55 55 55 55 -55 -55 -55 -55 -55 55 -55 -45 45 -45
54475 -55 55 55 55 55 55 55 -55 55 -55 -55 55 55 55 -55 -55 -45 45 45
54475 55 55 55 55 -55 -55 -55 55 55 55 55 -55 55 55 55 55 -45 45 -45
54475 55 55 55 55 55 -55 -55 -55 55 55 55 55 -55 -55 -55 55 -45 45 45
54475 -55 55 55 55 55 -55 55 -55 55 -55 55 55 -55 -55 -55 -55 45 -45 -45
54475 -55 55 55 55 -55 -55 55 55 55 -55 55 -55 55 55 55 -55 45 -45 45
54475 55 55 55 55 55 55 -55 -55 55 55 -55 55 55 55 -55 55 45 -45 -45
54475 55 55 55 55 -55 55 -55 55 55 55 -55 -55 -55 -55 55 55 45 -45 45
54475 -55 -55 -55 -55 55 55 55 -55 -55 -55 -55 55 -55 -55 -55 -55 -45 45 -45
54475 -55 -55 -55 -55 -55 55 55 55 -55 -55 -55 -55 55 55 55 -55 -45 45 45
54475 55 -55 -55 -55 55 -55 -55 -55 -55 55 55 55 55 55 -55 55 -45 45 -45
54475 55 -55 -55 -55 -55 -55 -55 55 -55 55 55 -55 -55 -55 55 55 -45 45 45
54475 -55 -55 -55 -55 -55 -55 55 55 -55 -55 55 -55 -55 -55 55 -55 45 -45 -45
54475 -55 -55 -55 -55 55 -55 55 -55 -55 -55 55 55 55 55 -55 -55 45 -45 45
54475 55 -55 -55 -55 -55 55 -55 55 -55 55 -55 -55 55 55 55 55 45 -45 -45
54475 55 -55 -55 -55 55 55 -55 -55 -55 55 -55 55 -55 -55 -55 55 45 -45 45
54475 -55 -55 55 -55 55 -55 55 55 55 -55 55 -55 55 55 -55 -55 -45 45 -45
54475 -55 -55 55 -55 -55 -55 55 -55 55 -55 55 55 -55 -55 55 -55 -45 45 45
54475 55 -55 55 -55 55 55 -55 55 55 55 -55 -55 -55 -55 -55 55 -45 45 -45
54475 55 -55 55 -55 -55 55 -55 -55 55 55 -55 55 55 55 55 55 -45 45 45
54475 -55 -55 55 -55 -55 55 55 -55 55 -55 -55 55 55 55 55 -55 45 -45 -45
54475 -55 -55 55 -55 55 55 55 55 55 -55 -55 -55 -55 -55 -55 -55 45 -45 45
54475 55 -55 55 -55 -55 -55 -55 -55 55 55 55 55 -55 -55 55 55 45 -45 -45
54475 55 -55 55 -55 55 -55 -55 55 55 55 55 -55 55 55 -55 55 45 -45 45
54475 -55 -55 -55 55 -55 -55 55 -55 55 -55 -55 -55 -55 55 -55 -55 45 45 -45
54475 -55 -55 -55 55 55 -55 55 55 55 -55 -55 55 55 -55 55 -55 -45 -45 -45
54475 55 -55 -55 55 -55 55 -55 -55 55 55 55 -55 55 -55 -55 55 45 45 -45
54475 55 -55 -55 55 55 55 -55 55 55 55 55 55 -55 55 55 55 -45 -45 -45
54475 -55 -55 -55 55 55 55 55 55 55 -55 55 55 -55 55 55 -55 45 45 45
54475 -55 -55 -55 55 -55 55 55 -55 55 -55 55 -55 55 -55 -55 -55 -45 -45 45
54475 55 -55 -55 55 55 -55 -55 55 55 55 -55 55 55 -55 55 55 45 45 45
54475 55 -55 -55 55 -55 -55 -55 -55 55 55 -55 -55 -55 55 -55 55 -45 -45 45
54475 -55 -55 55 55 -55 55 55 55 -55 -55 55 55 55 -55 -55 -55 45 45 -45
54475 -55 -55 55 55 55 55 55 -55 -55 -55 55 -55 -55 55 55 -55 -45 -45 -45
54475 55 -55 55 55 -55 -55 -55 55 -55 55 -55 55 -55 55 -55 55 45 45 -45
54475 55 -55 55 55 55 -55 -55 -55 -55 55 -55 -55 55 -55 55 55 -45 -45 -45
54475 -55 -55 55 55 55 -55 55 -55 -55 -55 -55 -55 55 -55 55 -55 45 45 45
54475 -55 -55 55 55 -55 -55 55 55 -55 -55 -55 55 -55 55 -55 -55 -45 -45 45
54475 55 -55 55 55 55 55 -55 -55 -55 55 55 -55 -55 55 55 55 45 45 45
54475 55 -55 55 55 -55 55 -55 55 -55 55 55 55 55 -55 -55 55 -45 -45 45
54475 -55 55 -55 -55 55 55 55 -55 55 -55 55 -55 55 -55 55 -55 45 45 -45
54475 -55 55 -55 -55 -55 55 55 55 55 -55 55 55 -55 55 -55 -55 -45 -45 -45
54475 55 55 -55 -55 55 -55 -55 -55 55 55 -55 -55 -55 55 55 55 45 45 -45
54475 55 55 -55 -55 -55 -55 -55 55 55 55 -55 55 55 -55 -55 55 -45 -45 -45
54475 -55 55 -55 -55 -55 -55 55 55 55 -55 -55 55 55 -55 -55 -55 45 45 45
54475 -55 55 -55 -55 55 -55 55 -55 55 -55 -55 -55 -55 55 55 -55 -45 -45 45
54475 55 55 -55 -55 -55 55 -55 55 55 55 55 55 -55 55 -55 55 45 45 45
54475 55 55 -55 -55 55 55 -55 -55 55 55 55 -55 55 -55 55 55 -45 -45 45
54475 -55 55 55 -55 55 -55 55 55 -55 -55 -55 55 -55 55 55 -55 45 45 -45
54475 -55 55 55 -55 -55 -55 55 -55 -55 -55 -55 -55 55 -55 -55 -55 -45 -45 -45
54475 55 55 55 -55 55 55 -55 55 -55 55 55 55 55 -55 55 55 45 45 -45
54475 55 55 55 -55 -55 55 -55 -55 -55 55 55 -55 -55 55 -55 55 -45 -45 -45
54475 -55 55 55 -55 -55 55 55 -55 -55 -55 55 -55 -55 55 -55 -55 45 45 45
54475 -55 55 55 -55 55 55 55 55 -55 -55 55 55 55 -55 55 -55 -45 -45 45
54475 55 55 55 -55 -55 -55 -55 -55 -55 55 -55 -55 55 -55 -55 55 45 45 45
54475 55 55 55 -55 55 -55 -55 55 -55 55 -55 55 -55 55 55 55 -45 -45 45
72116 -55 -55 -55 55 -55 55 55 55 55 55 -55 -55 -55 55 55 -55 -154 0 0
72116 -55 -55 -55 55 55 55 55 -55 55 55 -55 55 55 -55 -55 -55 0 154 0
72116 55 -55 -55 55 -55 -55 -55 55 55 -55 55 -55 55 -55 55 55 -154 0 0
72116 55 -55 -55 55 55 -55 -55 -55 55 -55 55 55 -55 55 -55 55 0 154 0
72116 -55 -55 -55 55 55 -55 55 -55 55 55 55 55 -55 55 -55 -55 0 -154 0
72116 -55 -55 -55 55 -55 -55 55 55 55 55 55 -55 55 -55 55 -55 154 0 0
72116 55 -55 -55 55 55 55 -55 -55 55 -55 -55 55 55 -55 -55 55 0 -154 0
72116 55 -55 -55 55 -55 55 -55 55 55 -55 -55 -55 -55 55 55 55 154 0 0
72116 -55 -55 55 55 -55 -55 55 -55 -55 55 55 55 55 -55 55 -55 -154 0 0
72116 -55 -55 55 55 55 -55 55 55 -55 55 55 -55 -55 55 -55 -55 0 154 0
72116 55 -55 55 55 -55 55 -55 -55 -55 -55 -55 55 -55 55 55 55 -154 0 0
72116 55 -55 55 55 55 55 -55 55 -55 -55 -55 -55 55 -55 -55 55 0 154 0
72116 -55 -55 55 55 55 55 55 55 -55 55 -55 -55 55 -55 -55 -55 0 -154 0
72116 -55 -55 55 55 -55 55 55 -55 -55 55 -55 55 -55 55 55 -55 154 0 0
72116 55 -55 55 55 55 -55 -55 55 -55 -55 55 -55 -55 55 -55 55 0 -154 0
72116 55 -55 55 55 -55 -55 -55 -55 -55 -55 55 55 55 -55 55 55 154 0 0
72116 -55 55 -55 -55 55 -55 55 55 55 55 55 -55 55 -55 -55 -55 -154 0 0
72116 -55 55 -55 -55 -55 -55 55 -55 55 55 55 55 -55 55 55 -55 0 154 0
72116 55 55 -55 -55 55 55 -55 55 55 -55 -55 -55 -55 55 -55 55 -154 0 0
72116 55 55 -55 -55 -55 55 -55 -55 55 -55 -55 55 55 -55 55 55 0 154 0
72116 -55 55 -55 -55 -55 55 55 -55 55 55 -55 55 55 -55 55 -55 0 -154 0
72116 -55 55 -55 -55 55 55 55 55 55 55 -55 -55 -55 55 -55 -55 154 0 0
72116 55 55 -55 -55 -55 -55 -55 -55 55 -55 55 55 -55 55 55 55 0 -154 0
72116 55 55 -55 -55 55 -55 -55 55 55 -55 55 -55 55 -55 -55 55 154 0 0
72116 -55 55 55 -55 55 55 55 -55 -55 55 -55 55 -55 55 -55 -55 -154 0 0
72116 -55 55 55 -55 -55 55 55 55 -55 55 -55 -55 55 -55 55 -55 0 154 0
72116 55 55 55 -55 55 -55 -55 -55 -55 -55 55 55 55 -55 -55 55 -154 0 0
72116 55 55 55 -55 -55 -55 -55 55 -55 -55 55 -55 -55 55 55 55 0 154 0
72116 -55 55 55 -55 -55 -55 55 55 -55 55 55 -55 -55 55 55 -55 0 -154 0
72116 -55 55 55 -55 55 -55 55 -55 -55 55 55 55 55 -55 -55 -55 154 0 0
72116 55 55 55 -55 -55 55 -55 55 -55 -55 -55 -55 55 -55 55 55 0 -154 0
72116 55 55 55 -55 55 55 -55 -55 -55 -55 -55 55 -55 55 -55 55 154 0 0
72116 -55 55 -55 55 55 55 55 -55 -55 55 55 -55 -55 -55 55 -55 0 0 -154
72116 55 55 -55 55 55 -55 -55 -55 -55 -55 -55 -55 55 55 55 55 0 0 -154
72116 -55 55 -55 55 55 -55 55 -55 -55 55 -55 -55 55 55 55 -55 0 0 154
72116 55 55 -55 55 55 55 -55 -55 -55 -55 55 -55 -55 -55 55 55 0 0 154
72116 -55 55 55 55 55 -55 55 55 55 55 -55 55 55 55 55 -55 0 0 -154
72116 55 55 55 55 55 55 -55 55 55 -55 55 55 -55 -55 55 55 0 0 -154
72116 -55 55 55 55 55 55 55 55 55 55 55 55 -55 -55 55 -55 0 0 154
72116 55 55 55 55 55 -55 -55 55 55 -55 -55 55 55 55 55 55 0 0 154
72116 -55 -55 -55 -55 -55 -55 55 -55 -55 55 -55 -55 55 55 -55 -55 0 0 -154
72116 55 -55 -55 -55 -55 55 -55 -55 -55 -55 55 -55 -55 -55 -55 55 0 0 -154
72116 -55 -55 -55 -55 -55 55 55 -55 -55 55 55 -55 -55 -55 -55 -55 0 0 154
72116 55 -55 -55 -55 -55 -55 -55 -55 -55 -55 -55 -55 55 55 -55 55 0 0 154
72116 -55 -55 55 -55 -55 55 55 55 55 55 55 55 -55 -55 -55 -55 0 0 -154
72116 55 -55 55 -55 -55 -55 -55 55 55 -55 -55 55 55 55 -55 55 0 0 -154
72116 -55 -55 55 -55 -55 -55 55 55 55 55 -55 55 55 55 -55 -55 0 0 154
72116 55 -55 55 -55 -55 55 -55 55 55 -55 55 55 -55 -55 -55 55 0 0 154
54475 -55 -55 55 -55 -55 55 55 55 55 55 -55 -55 -55 -55 55 55 -45 45 45
54475 -55 -55 55 -55 55 55 55 -55 55 55 -55 55 55 55 -55 55 -45 45 -45
54475 55 -55 55 -55 -55 -55 -55 55 55 -55 55 -55 55 55 55 -55 -45 45 45
54475 55 -55 55 -55 55 -55 -55 -55 55 -55 55 55 -55 -55 -55 -55 -45 45 -45
54475 -55 -55 55 -55 55 -55 55 -55 55 55 55 55 -55 -55 -55 55 45 -45 45
54475 -55 -55 55 -55 -55 -55 55 55 55 55 55 -55 55 55 55 55 45 -45 -45
54475 55 -55 55 -55 55 55 -55 -55 55 -55 -55 55 55 55 -55 -55 45 -45 45
54475 55 -55 55 -55 -55 55 -55 55 55 -55 -55 -55 -55 -55 55 -55 45 -45 -45
54475 -55 -55 -55 -55 -55 -55 55 -55 -55 55 55 55 55 55 55 55 -45 45 45
54475 -55 -55 -55 -55 55 -55 55 55 -55 55 55 -55 -55 -55 -55 55 -45 45 -45
54475 55 -55 -55 -55 -55 55 -55 -55 -55 -55 -55 55 -55 -55 55 -55 -45 45 45
54475 55 -55 -55 -55 55 55 -55 55 -55 -55 -55 -55 55 55 -55 -55 -45 45 -45
54475 -55 -55 -55 -55 55 55 55 55 -55 55 -55 -55 55 55 -55 55 45 -45 45
54475 -55 -55 -55 -55 -55 55 55 -55 -55 55 -55 55 -55 -55 55 55 45 -45 -45
54475 55 -55 -55 -55 55 -55 -55 55 -55 -55 55 -55 -55 -55 -55 -55 45 -45 45
54475 55 -55 -55 -55 -55 -55 -55 -55 -55 -55 55 55 55 55 55 -55 45 -45 -45
54475 -55 55 55 55 55 -55 55 55 55 55 55 -55 55 55 -55 55 -45 45 45
54475 -55 55 55 55 -55 -55 55 -55 55 55 55 55 -55 -55 55 55 -45 45 -45
54475 55 55 55 55 55 55 -55 55 55 -55 -55 -55 -55 -55 -55 -55 -45 45 45
54475 55 55 55 55 -55 55 -55 -55 55 -55 -55 55 55 55 55 -55 -45 45 -45
54475 -55 55 55 55 -55 55 55 -55 55 55 -55 55 55 55 55 55 45 -45 45
54475 -55 55 55 55 55 55 55 55 55 55 -55 -55 -55 -55 -55 55 45 -45 -45
54475 55 55 55 55 -55 -55 -55 -55 55 -55 55 55 -55 -55 55 -55 45 -45 45
54475 55 55 55 55 55 -55 -55 55 55 -55 55 -55 55 55 -55 -55 45 -45 -45
54475 -55 55 -55 55 55 55 55 -55 -55 55 -55 55 -55 -55 -55 55 -45 45 45
54475 -55 55 -55 55 -55 55 55 55 -55 55 -55 -55 55 55 55 55 -45 45 -45
54475 55 55 -55 55 55 -55 -55 -55 -55 -55 55 55 55 55 -55 -55 -45 45 45
54475 55 55 -55 55 -55 -55 -55 55 -55 -55 55 -55 -55 -55 55 -55 -45 45 -45
54475 -55 55 -55 55 -55 -55 55 55 -55 55 55 -55 -55 -55 55 55 45 -45 45
54475 -55 55 -55 55 55 -55 55 -55 -55 55 55 55 55 55 -55 55 45 -45 -45
54475 55 55 -55 55 -55 55 -55 55 -55 -55 -55 -55 55 55 55 -55 45 -45 45
54475 55 55 -55 55 55 55 -55 -55 -55 -55 -55 55 -55 -55 -55 -55 45 -45 -45
54475 -55 55 55 -55 -55 55 55 55 -55 55 55 55 55 -55 -55 55 -45 -45 -45
54475 -55 55 55 -55 55 55 55 -55 -55 55 55 -55 -55 55 55 55 45 45 -45
54475 55 55 55 -55 -55 -55 -55 55 -55 -55 -55 55 -55 55 -55 -55 -45 -45 -45
54475 55 55 55 -55 55 -55 -55 -55 -55 -55 -55 -55 55 -55 55 -55 45 45 -45
54475 -55 55 55 -55 55 -55 55 -55 -55 55 -55 -55 55 -55 55 55 -45 -45 45
54475 -55 55 55 -55 -55 -55 55 55 -55 55 -55 55 -55 55 -55 55 45 45 45
54475 55 55 55 -55 55 55 -55 -55 -55 -55 55 -55 -55 55 55 -55 -45 -45 45
54475 55 55 55 -55 -55 55 -55 55 -55 -55 55 55 55 -55 -55 -55 45 45 45
54475 -55 55 -55 -55 -55 -55 55 -55 55 55 -55 -55 -55 55 -55 55 -45 -45 -45
54475 -55 55 -55 -55 55 -55 55 55 55 55 -55 55 55 -55 55 55 45 45 -45
54475 55 55 -55 -55 -55 55 -55 -55 55 -55 55 -55 55 -55 -55 -55 -45 -45 -45
54475 55 55 -55 -55 55 55 -55 55 55 -55 55 55 -55 55 55 -55 45 45 -45
54475 -55 55 -55 -55 55 55 55 55 55 55 55 55 -55 55 55 55 -45 -45 45
54475 -55 55 -55 -55 -55 55 55 -55 55 55 55 -55 55 -55 -55 55 45 45 45
54475 55 55 -55 -55 55 -55 -55 55 55 -55 -55 55 55 -55 55 -55 -45 -45 45
54475 55 55 -55 -55 -55 -55 -55 -55 55 -55 -55 -55 -55 55 -55 -55 45 45 45
54475 -55 -55 55 55 55 -55 55 55 -55 55 -55 55 -55 55 55 55 -45 -45 -45
54475 -55 -55 55 55 -55 -55 55 -55 -55 55 -55 -55 55 -55 -55 55 45 45 -45
54475 55 -55 55 55 55 55 -55 55 -55 -55 55 55 55 -55 55 -55 -45 -45 -45
54475 55 -55 55 55 -55 55 -55 -55 -55 -55 55 -55 -55 55 -55 -55 45 45 -45
54475 -55 -55 55 55 -55 55 55 -55 -55 55 55 -55 -55 55 -55 55 -45 -45 45
54475 -55 -55 55 55 55 55 55 55 -55 55 55 55 55 -55 55 55 45 45 45
54475 55 -55 55 55 -55 -55 -55 -55 -55 -55 -55 -55 55 -55 -55 -55 -45 -45 45
54475 55 -55 55 55 55 -55 -55 55 -55 -55 -55 55 -55 55 55 -55 45 45 45
54475 -55 -55 -55 55 55 55 55 -55 55 55 55 -55 55 -55 55 55 -45 -45 -45
54475 -55 -55 -55 55 -55 55 55 55 55 55 55 55 -55 55 -55 55 45 45 -45
54475 55 -55 -55 55 55 -55 -55 -55 55 -55 -55 -55 -55 55 55 -55 -45 -45 -45
54475 55 -55 -55 55 -55 -55 -55 55 55 -55 -55 55 55 -55 -55 -55 45 45 -45
54475 -55 -55 -55 55 -55 -55 55 55 55 55 -55 55 55 -55 -55 55 -45 -45 45
54475 -55 -55 -55 55 55 -55 55 -55 55 55 -55 -55 -55 55 55 55 45 45 45
54475 55 -55 -55 55 -55 55 -55 55 55 -55 55 55 -55 55 -55 -55 -45 -45 45
54475 55 -55 -55 55 55 55 -55 -55 55 -55 55 -55 55 -55 55 -55 45 45 45
54475 -55 -55 -55 55 -55 55 55 -55 -55 55 -55 55 55 55 -55 55 45 45 45
54475 -55 -55 -55 55 55 55 55 55 -55 55 -55 -55 -55 -55 55 55 -45 -45 45
54475 55 -55 -55 55 -55 -55 -55 -55 -55 -55 55 55 -55 -55 -55 -55 45 45 45
54475 55 -55 -55 55 55 -55 -55 55 -55 -55 55 -55 55 55 55 -55 -45 -45 45
54475 -55 -55 -55 55 55 -55 55 55 -55 55 55 -55 55 55 55 55 45 45 -45
54475 -55 -55 -55 55 -55 -55 55 -55 -55 55 55 55 -55 -55 -55 55 -45 -45 -45
54475 55 -55 -55 55 55 55 -55 55 -55 -55 -55 -55 -55 -55 55 -55 45 45 -45
54475 55 -55 -55 55 -55 55 -55 -55 -55 -55 -55 55 55 55 -55 -55 -45 -45 -45
54475 -55 -55 55 55 -55 -55 55 55 55 55 55 -55 -55 -55 -55 55 45 45 45
54475 -55 -55 55 55 55 -55 55 -55 55 55 55 55 55 55 55 55 -45 -45 45
54475 55 -55 55 55 -55 55 -55 55 55 -55 -55 -55 55 55 -55 -55 45 45 45
54475 55 -55 55 55 55 55 -55 -55 55 -55 -55 55 -55 -55 55 -55 -45 -45 45
54475 -55 -55 55 55 55 55 55 -55 55 55 -55 55 -55 -55 55 55 45 45 -45
54475 -55 -55 55 55 -55 55 55 55 55 55 -55 -55 55 55 -55 55 -45 -45 -45
54475 55 -55 55 55 55 -55 -55 -55 55 -55 55 55 55 55 55 -55 45 45 -45
54475 55 -55 55 55 -55 -55 -55 55 55 -55 55 -55 -55 -55 -55 -55 -45 -45 -45
54475 -55 55 -55 -55 55 -55 55 -55 -55 55 55 55 -55 -55 55 55 45 45 45
54475 -55 55 -55 -55 -55 -55 55 55 -55 55 55 -55 55 55 -55 55 -45 -45 45
54475 55 55 -55 -55 55 55 -55 -55 -55 -55 -55 55 55 55 55 -55 45 45 45
54475 55 55 -55 -55 -55 55 -55 55 -55 -55 -55 -55 -55 -55 -55 -55 -45 -45 45
54475 -55 55 -55 -55 -55 55 55 55 -55 55 -55 -55 -55 -55 -55 55 45 45 -45
54475 -55 55 -55 -55 55 55 55 -55 -55 55 -55 55 55 55 55 55 -45 -45 -45
54475 55 55 -55 -55 -55 -55 -55 55 -55 -55 55 -55 55 55 -55 -55 45 45 -45
54475 55 55 -55 -55 55 -55 -55 -55 -55 -55 55 55 -55 -55 55 -55 -45 -45 -45
54475 -55 55 55 -55 55 55 55 55 55 55 -55 -55 55 55 55 55 45 45 45
54475 -55 55 55 -55 -55 55 55 -55 55 55 -55 55 -55 -55 -55 55 -45 -45 45
54475 55 55 55 -55 55 -55 -55 55 55 -55 55 -55 -55 -55 55 -55 45 45 45
54475 55 55 55 -55 -55 -55 -55 -55 55 -55 55 55 55 55 -55 -55 -45 -45 45
54475 -55 55 55 -55 -55 -55 55 -55 55 55 55 55 55 55 -55 55 45 45 -45
54475 -55 55 55 -55 55 -55 55 55 55 55 55 -55 -55 -55 55 55 -45 -45 -45
54475 55 55 55 -55 -55 55 -55 -55 55 -55 -55 55 -55 -55 -55 -55 45 45 -45
54475 55 55 55 -55 55 55 -55 55 55 -55 -55 -55 55 55 55 -55 -45 -45 -45
54475 -55 55 -55 55 -55 55 55 -55 55 55 55 -55 -55 55 55 55 45 -45 -45
54475 -55 55 -55 55 55 55 55 55 55 55 55 55 55 -55 -55 55 45 -45 45
54475 55 55 -55 55 -55 -55 -55 -55 55 -55 -55 -55 55 -55 55 -55 45 -45 -45
54475 55 55 -55 55 55 -55 -55 55 55 -55 -55 55 -55 55 -55 -55 45 -45 45
54475 -55 55 -55 55 55 -55 55 55 55 55 -55 55 -55 55 -55 55 -45 45 -45
54475 -55 55 -55 55 -55 -55 55 -55 55 55 -55 -55 55 -55 55 55 -45 45 45
54475 55 55 -55 55 55 55 -55 55 55 -55 55 55 55 -55 -55 -55 -45 45 -45
54475 55 55 -55 55 -55 55 -55 -55 55 -55 55 -55 -55 55 55 -55 -45 45 45
54475 -55 55 55 55 -55 -55 55 55 -55 55 -55 55 55 -55 55 55 45 -45 -45
54475 -55 55 55 55 55 -55 55 -55 -55 55 -55 -55 -55 55 -55 55 45 -45 45
54475 55 55 55 55 -55 55 -55 55 -55 -55 55 55 -55 55 55 -55 45 -45 -45
54475 55 55 55 55 55 55 -55 -55 -55 -55 55 -55 55 -55 -55 -55 45 -45 45
54475 -55 55 55 55 55 55 55 -55 -55 55 55 -55 55 -55 -55 55 -45 45 -45
54475 -55 55 55 55 -55 55 55 55 -55 55 55 55 -55 55 55 55 -45 45 45
54475 55 55 55 55 55 -55 -55 -55 -55 -55 -55 -55 -55 55 -55 -55 -45 45 -45
54475 55 55 55 55 -55 -55 -55 55 -55 -55 -55 55 55 -55 55 -55 -45 45 45
54475 -55 -55 -55 -55 55 -55 55 -55 55 55 -55 -55 55 -55 -55 55 45 -45 -45
54475 -55 -55 -55 -55 -55 -55 55 55 55 55 -55 55 -55 55 55 55 45 -45 45
54475 55 -55 -55 -55 55 55 -55 -55 55 -55 55 -55 -55 55 -55 -55 45 -45 -45
54475 55 -55 -55 -55 -55 55 -55 55 55 -55 55 55 55 -55 55 -55 45 -45 45
54475 -55 -55 -55 -55 -55 55 55 55 55 55 55 55 55 -55 55 55 -45 45 -45
54475 -55 -55 -55 -55 55 55 55 -55 55 55 55 -55 -55 55 -55 55 -45 45 45
54475 55 -55 -55 -55 -55 -55 -55 55 55 -55 -55 55 -55 55 55 -55 -45 45 -45
54475 55 -55 -55 -55 55 -55 -55 -55 55 -55 -55 -55 55 -55 -55 -55 -45 45 45
54475 -55 -55 55 -55 55 55 55 55 -55 55 55 55 -55 55 -55 55 45 -45 -45
54475 -55 -55 55 -55 -55 55 55 -55 -55 55 55 -55 55 -55 55 55 45 -45 45
54475 55 -55 55 -55 55 -55 -55 55 -55 -55 -55 55 55 -55 -55 -55 45 -45 -45
54475 55 -55 55 -55 -55 -55 -55 -55 -55 -55 -55 -55 -55 55 55 -55 45 -45 45
54475 -55 -55 55 -55 -55 -55 55 -55 -55 55 -55 -55 -55 55 55 55 -45 45 -45
54475 -55 -55 55 -55 55 -55 55 55 -55 55 -55 55 55 -55 -55 55 -45 45 45
54475 55 -55 55 -55 -55 55 -55 -55 -55 -55 55 -55 55 -55 55 -55 -45 45 -45
54475 55 -55 55 -55 55 55 -55 55 -55 -55 55 55 -55 55 -55 -55 -45 45 45
72116 -55 -55 55 -55 55 55 55 55 -55 55 -55 -55 -55 55 55 -55 0 0 154
72116 55 -55 55 -55 55 -55 -55 55 -55 -55 55 -55 55 -55 55 55 0 0 154
72116 -55 -55 55 -55 55 -55 55 55 -55 55 55 -55 55 -55 55 -55 0 0 -154
72116 55 -55 55 -55 55 55 -55 55 -55 -55 -55 -55 -55 55 55 55 0 0 -154
72116 -55 -55 -55 -55 55 -55 55 -55 55 55 55 55 55 -55 55 -55 0 0 154
72116 55 -55 -55 -55 55 55 -55 -55 55 -55 -55 55 -55 55 55 55 0 0 154
72116 -55 -55 -55 -55 55 55 55 -55 55 55 -55 55 -55 55 55 -55 0 0 -154
72116 55 -55 -55 -55 55 -55 -55 -55 55 -55 55 55 55 -55 55 55 0 0 -154
72116 -55 55 55 55 -55 -55 55 55 -55 55 55 -55 55 -55 -55 -55 0 0 154
72116 55 55 55 55 -55 55 -55 55 -55 -55 -55 -55 -55 55 -55 55 0 0 154
72116 -55 55 55 55 -55 55 55 55 -55 55 -55 -55 -55 55 -55 -55 0 0 -154
72116 55 55 55 55 -55 -55 -55 55 -55 -55 55 -55 55 -55 -55 55 0 0 -154
72116 -55 55 -55 55 -55 55 55 -55 55 55 -55 55 -55 55 -55 -55 0 0 154
72116 55 55 -55 55 -55 -55 -55 -55 55 -55 55 55 55 -55 -55 55 0 0 154
72116 -55 55 -55 55 -55 -55 55 -55 55 55 55 55 55 -55 -55 -55 0 0 -154
72116 55 55 -55 55 -55 55 -55 -55 55 -55 -55 55 -55 55 -55 55 0 0 -154
72116 -55 55 55 -55 -55 55 55 -55 55 55 55 -55 -55 -55 55 -55 154 0 0
72116 -55 55 55 -55 55 55 55 55 55 55 55 55 55 55 -55 -55 0 -154 0
72116 55 55 55 -55 -55 -55 -55 -55 55 -55 -55 -55 55 55 55 55 154 0 0
72116 55 55 55 -55 55 -55 -55 55 55 -55 -55 55 -55 -55 -55 55 0 -154 0
72116 -55 55 55 -55 55 -55 55 55 55 55 -55 55 -55 -55 -55 -55 0 154 0
72116 -55 55 55 -55 -55 -55 55 -55 55 55 -55 -55 55 55 55 -55 -154 0 0
72116 55 55 55 -55 55 55 -55 55 55 -55 55 55 55 55 -55 55 0 154 0
72116 55 55 55 -55 -55 55 -55 -55 55 -55 55 -55 -55 -55 55 55 -154 0 0
72116 -55 55 -55 -55 -55 -55 55 55 -55 55 -55 55 55 55 55 -55 154 0 0
72116 -55 55 -55 -55 55 -55 55 -55 -55 55 -55 -55 -55 -55 -55 -55 0 -154 0
72116 55 55 -55 -55 -55 55 -55 55 -55 -55 55 55 -55 -55 55 55 154 0 0
72116 55 55 -55 -55 55 55 -55 -55 -55 -55 55 -55 55 55 -55 55 0 -154 0
72116 -55 55 -55 -55 55 55 55 -55 -55 55 55 -55 55 55 -55 -55 0 154 0
72116 -55 55 -55 -55 -55 55 55 55 -55 55 55 55 -55 -55 55 -55 -154 0 0
72116 55 55 -55 -55 55 -55 -55 -55 -55 -55 -55 -55 -55 -55 -55 55 0 154 0
72116 55 55 -55 -55 -55 -55 -55 55 -55 -55 -55 55 55 55 55 55 -154 0 0
72116 -55 -55 55 55 55 -55 55 -55 55 55 -55 -55 55 55 -55 -55 154 0 0
72116 -55 -55 55 55 -55 -55 55 55 55 55 -55 55 -55 -55 55 -55 0 -154 0
72116 55 -55 55 55 55 55 -55 -55 55 -55 55 -55 -55 -55 -55 55 154 0 0
72116 55 -55 55 55 -55 55 -55 55 55 -55 55 55 55 55 55 55 0 -154 0
72116 -55 -55 55 55 -55 55 55 55 55 55 55 55 55 55 55 -55 0 154 0
72116 -55 -55 55 55 55 55 55 -55 55 55 55 -55 -55 -55 -55 -55 -154 0 0
72116 55 -55 55 55 -55 -55 -55 55 55 -55 -55 55 -55 -55 55 55 0 154 0
72116 55 -55 55 55 55 -55 -55 -55 55 -55 -55 -55 55 55 -55 55 -154 0 0
72116 -55 -55 -55 55 55 55 55 55 -55 55 55 55 -55 -55 -55 -55 154 0 0
72116 -55 -55 -55 55 -55 55 55 -55 -55 55 55 -55 55 55 55 -55 0 -154 0
72116 55 -55 -55 55 55 -55 -55 55 -55 -55 -55 55 55 55 -55 55 154 0 0
72116 55 -55 -55 55 -55 -55 -55 -55 -55 -55 -55 -55 -55 -55 55 55 0 -154 0
72116 -55 -55 -55 55 -55 -55 55 -55 -55 55 -55 -55 -55 -55 55 -55 0 154 0
72116 -55 -55 -55 55 55 -55 55 55 -55 55 -55 55 55 55 -55 -55 -154 0 0
72116 55 -55 -55 55 -55 55 -55 -55 -55 -55 55 -55 55 55 55 55 0 154 0
72116 55 -55 -55 55 55 55 -55 55 -55 -55 55 55 -55 -55 -55 55 -154 0 0
54475 -55 -55 -55 55 -55 -55 55 55 -55 55 -55 -55 -55 55 -55 55 -45 45 45
54475 -55 -55 -55 55 55 -55 55 -55 -55 55 -55 55 55 -55 55 55 -45 45 -45
54475 55 -55 -55 55 -55 55 -55 55 -55 -55 55 -55 55 -55 -55 -55 -45 45 45
54475 55 -55 -55 55 55 55 -55 -55 -55 -55 55 55 -55 55 55 -55 -45 45 -45
54475 -55 -55 -55 55 55 55 55 -55 -55 55 55 55 -55 55 55 55 45 -45 45
54475 -55 -55 -55 55 -55 55 55 55 -55 55 55 -55 55 -55 -55 55 45 -45 -45
54475 55 -55 -55 55 55 -55 -55 -55 -55 -55 -55 55 55 -55 55 -55 45 -45 45
54475 55 -55 -55 55 -55 -55 -55 55 -55 -55 -55 -55 -55 55 -55 -55 45 -45 -45
54475 -55 -55 55 55 -55 55 55 -55 55 55 55 55 55 -55 -55 55 -45 45 45
54475 -55 -55 55 55 55 55 55 55 55 55 55 -55 -55 55 55 55 -45 45 -45
54475 55 -55 55 55 -55 -55 -55 -55 55 -55 -55 55 -55 55 -55 -55 -45 45 45
54475 55 -55 55 55 55 -55 -55 55 55 -55 -55 -55 55 -55 55 -55 -45 45 -45
54475 -55 -55 55 55 55 -55 55 55 55 55 -55 -55 55 -55 55 55 45 -45 45
54475 -55 -55 55 55 -55 -55 55 -55 55 55 -55 55 -55 55 -55 55 45 -45 -45
54475 55 -55 55 55 55 55 -55 55 55 -55 55 -55 -55 55 55 -55 45 -45 45
54475 55 -55 55 55 -55 55 -55 -55 55 -55 55 55 55 -55 -55 -55 45 -45 -45
54475 -55 55 -55 -55 55 55 55 55 -55 55 55 -55 55 -55 55 55 -45 45 45
54475 -55 55 -55 -55 -55 55 55 -55 -55 55 55 55 -55 55 -55 55 -45 45 -45
54475 55 55 -55 -55 55 -55 -55 55 -55 -55 -55 -55 -55 55 55 -55 -45 45 45
54475 55 55 -55 -55 -55 -55 -55 -55 -55 -55 -55 55 55 -55 -55 -55 -45 45 -45
54475 -55 55 -55 -55 -55 -55 55 -55 -55 55 -55 55 55 -55 -55 55 45 -45 45
54475 -55 55 -55 -55 55 -55 55 55 -55 55 -55 -55 -55 55 55 55 45 -45 -45
54475 55 55 -55 -55 -55 55 -55 -55 -55 -55 55 55 -55 55 -55 -55 45 -45 45
54475 55 55 -55 -55 55 55 -55 55 -55 -55 55 -55 55 -55 55 -55 45 -45 -45
54475 -55 55 55 -55 55 -55 55 -55 55 55 -55 55 -55 55 55 55 -45 45 45
54475 -55 55 55 -55 -55 -55 55 55 55 55 -55 -55 55 -55 -55 55 -45 45 -45
54475 55 55 55 -55 55 55 -55 -55 55 -55 55 55 55 -55 55 -55 -45 45 45
54475 55 55 55 -55 -55 55 -55 55 55 -55 55 -55 -55 55 -55 -55 -45 45 -45
54475 -55 55 55 -55 -55 55 55 55 55 55 55 -55 -55 55 -55 55 45 -45 45
54475 -55 55 55 -55 55 55 55 -55 55 55 55 55 55 -55 55 55 45 -45 -45
54475 55 55 55 -55 -55 -55 -55 55 55 -55 -55 -55 55 -55 -55 -55 45 -45 45
54475 55 55 55 -55 55 -55 -55 -55 55 -55 -55 55 -55 55 55 -55 45 -45 -45
54475 -55 55 -55 55 -55 -55 55 55 55 55 55 55 55 55 55 55 -45 -45 -45
54475 -55 55 -55 55 55 -55 55 -55 55 55 55 -55 -55 -55 -55 55 45 45 -45
54475 55 55 -55 55 -55 55 -55 55 55 -55 -55 55 -55 -55 55 -55 -45 -45 -45
54475 55 55 -55 55 55 55 -55 -55 55 -55 -55 -55 55 55 -55 -55 45 45 -45
54475 -55 55 -55 55 55 55 55 -55 55 55 -55 -55 55 55 -55 55 -45 -45 45
54475 -55 55 -55 55 -55 55 55 55 55 55 -55 55 -55 -55 55 55 45 45 45
54475 55 55 -55 55 55 -55 -55 -55 55 -55 55 -55 -55 -55 -55 -55 -45 -45 45
54475 55 55 -55 55 -55 -55 -55 55 55 -55 55 55 55 55 55 -55 45 45 45
54475 -55 55 55 55 -55 55 55 -55 -55 55 -55 -55 -55 -55 55 55 -45 -45 -45
54475 -55 55 55 55 55 55 55 55 -55 55 -55 55 55 55 -55 55 45 45 -45
54475 55 55 55 55 -55 -55 -55 -55 -55 -55 55 -55 55 55 55 -55 -45 -45 -45
54475 55 55 55 55 55 -55 -55 55 -55 -55 55 55 -55 -55 -55 -55 45 45 -45
54475 -55 55 55 55 55 -55 55 55 -55 55 55 55 -55 -55 -55 55 -45 -45 45
54475 -55 55 55 55 -55 -55 55 -55 -55 55 55 -55 55 55 55 55 45 45 45
54475 55 55 55 55 55 55 -55 55 -55 -55 -55 55 55 55 -55 -55 -45 -45 45
54475 55 55 55 55 -55 55 -55 -55 -55 -55 -55 -55 -55 -55 55 -55 45 45 45
54475 -55 -55 -55 -55 55 55 55 55 55 55 -55 55 -55 -55 -55 55 -45 -45 -45
54475 -55 -55 -55 -55 -55 55 55 -55 55 55 -55 -55 55 55 55 55 45 45 -45
54475 55 -55 -55 -55 55 -55 -55 55 55 -55 55 55 55 55 -55 -55 -45 -45 -45
54475 55 -55 -55 -55 -55 -55 -55 -55 55 -55 55 -55 -55 -55 55 -55 45 45 -45
54475 -55 -55 -55 -55 -55 -55 55 -55 55 55 55 -55 -55 -55 55 55 -45 -45 45
54475 -55 -55 -55 -55 55 -55 55 55 55 55 55 55 55 55 -55 55 45 45 45
54475 55 -55 -55 -55 -55 55 -55 -55 55 -55 -55 -55 55 55 55 -55 -45 -45 45
54475 55 -55 -55 -55 55 55 -55 55 55 -55 -55 55 -55 -55 -55 -55 45 45 45
54475 -55 -55 55 -55 55 -55 55 -55 -55 55 55 -55 55 55 -55 55 -45 -45 -45
54475 -55 -55 55 -55 -55 -55 55 55 -55 55 55 55 -55 -55 55 55 45 45 -45
54475 55 -55 55 -55 55 55 -55 -55 -55 -55 -55 -55 -55 -55 -55 -55 -45 -45 -45
54475 55 -55 55 -55 -55 55 -55 55 -55 -55 -55 55 55 55 55 -55 45 45 -45
54475 -55 -55 55 -55 -55 55 55 55 -55 55 -55 55 55 55 55 55 -45 -45 45
54475 -55 -55 55 -55 55 55 55 -55 -55 55 -55 -55 -55 -55 -55 55 45 45 45
54475 55 -55 55 -55 -55 -55 -55 55 -55 -55 55 55 -55 -55 55 -55 -45 -45 45
54475 55 -55 55 -55 55 -55 -55 -55 -55 -55 55 -55 55 55 -55 -55 45 45 45
72116 -55 -55 55 -55 -55 -55 55 55 -55 55 -55 -55 -55 -55 -55 -55 -154 0 0
72116 -55 -55 55 -55 55 -55 55 -55 -55 55 -55 55 55 55 55 -55 0 154 0
72116 55 -55 55 -55 -55 55 -55 55 -55 -55 55 -55 55 55 -55 55 -154 0 0
72116 55 -55 55 -55 55 55 -55 -55 -55 -55 55 55 -55 -55 55 55 0 154 0
72116 -55 -55 55 -55 55 55 55 -55 -55 55 55 55 -55 -55 55 -55 0 -154 0
72116 -55 -55 55 -55 -55 55 55 55 -55 55 55 -55 55 55 -55 -55 154 0 0
72116 55 -55 55 -55 55 -55 -55 -55 -55 -55 -55 55 55 55 55 55 0 -154 0
72116 55 -55 55 -55 -55 -55 -55 55 -55 -55 -55 -55 -55 -55 -55 55 154 0 0
72116 -55 -55 -55 -55 -55 55 55 -55 55 55 55 55 55 55 -55 -55 -154 0 0
72116 -55 -55 -55 -55 55 55 55 55 55 55 55 -55 -55 -55 55 -55 0 154 0
72116 55 -55 -55 -55 -55 -55 -55 -55 55 -55 -55 55 -55 -55 -55 55 -154 0 0
72116 55 -55 -55 -55 55 -55 -55 55 55 -55 -55 -55 55 55 55 55 0 154 0
72116 -55 -55 -55 -55 55 -55 55 55 55 55 -55 -55 55 55 55 -55 0 -154 0
72116 -55 -55 -55 -55 -55 -55 55 -55 55 55 -55 55 -55 -55 -55 -55 154 0 0
72116 55 -55 -55 -55 55 55 -55 55 55 -55 55 -55 -55 -55 55 55 0 -154 0
72116 55 -55 -55 -55 -55 55 -55 -55 55 -55 55 55 55 55 -55 55 154 0 0
72116 -55 55 55 55 55 55 55 55 -55 55 55 -55 55 55 55 -55 -154 0 0
72116 -55 55 55 55 -55 55 55 -55 -55 55 55 55 -55 -55 -55 -55 0 154 0
72116 55 55 55 55 55 -55 -55 55 -55 -55 -55 -55 -55 -55 55 55 -154 0 0
72116 55 55 55 55 -55 -55 -55 -55 -55 -55 -55 55 55 55 -55 55 0 154 0
72116 -55 55 55 55 -55 -55 55 -55 -55 55 -55 55 55 55 -55 -55 0 -154 0
72116 -55 55 55 55 55 -55 55 55 -55 55 -55 -55 -55 -55 55 -55 154 0 0
72116 55 55 55 55 -55 55 -55 -55 -55 -55 55 55 -55 -55 -55 55 0 -154 0
72116 55 55 55 55 55 55 -55 55 -55 -55 55 -55 55 55 55 55 154 0 0
72116 -55 55 -55 55 55 -55 55 -55 55 55 -55 55 -55 -55 55 -55 -154 0 0
72116 -55 55 -55 55 -55 -55 55 55 55 55 -55 -55 55 55 -55 -55 0 154 0
72116 55 55 -55 55 55 55 -55 -55 55 -55 55 55 55 55 55 55 -154 0 0
72116 55 55 -55 55 -55 55 -55 55 55 -55 55 -55 -55 -55 -55 55 0 154 0
72116 -55 55 -55 55 -55 55 55 55 55 55 55 -55 -55 -55 -55 -55 0 -154 0
72116 -55 55 -55 55 55 55 55 -55 55 55 55 55 55 55 55 -55 154 0 0
72116 55 55 -55 55 -55 -55 -55 55 55 -55 -55 -55 55 55 -55 55 0 -154 0
72116 55 55 -55 55 55 -55 -55 -55 55 -55 -55 55 -55 -55 55 55 154 0 0
72116 -55 55 55 -55 55 -55 55 -55 55 55 55 -55 -55 55 -55 -55 0 0 -154
72116 55 55 55 -55 55 55 -55 -55 55 -55 -55 -55 55 -55 -55 55 0 0 -154
72116 -55 55 55 -55 55 55 55 -55 55 55 -55 -55 55 -55 -55 -55 0 0 154
72116 55 55 55 -55 55 -55 -55 -55 55 -55 55 -55 -55 55 -55 55 0 0 154
72116 -55 55 -55 -55 55 55 55 55 -55 55 -55 55 55 -55 -55 -55 0 0 -154
72116 55 55 -55 -55 55 -55 -55 55 -55 -55 55 55 -55 55 -55 55 0 0 -154
72116 -55 55 -55 -55 55 -55 55 55 -55 55 55 55 -55 55 -55 -55 0 0 154
72116 55 55 -55 -55 55 55 -55 55 -55 -55 -55 55 55 -55 -55 55 0 0 154
72116 -55 -55 55 55 -55 55 55 -55 55 55 -55 -55 55 -55 55 -55 0 0 -154
72116 55 -55 55 55 -55 -55 -55 -55 55 -55 55 -55 -55 55 55 55 0 0 -154
72116 -55 -55 55 55 -55 -55 55 -55 55 55 55 -55 -55 55 55 -55 0 0 154
72116 55 -55 55 55 -55 55 -55 -55 55 -55 -55 -55 55 -55 55 55 0 0 154
72116 -55 -55 -55 55 -55 -55 55 55 -55 55 55 55 -55 55 55 -55 0 0 -154
72116 55 -55 -55 55 -55 55 -55 55 -55 -55 -55 55 55 -55 55 55 0 0 -154
72116 -55 -55 -55 55 -55 55 55 55 -55 55 -55 55 55 -55 55 -55 0 0 154
72116 55 -55 -55 55 -55 -55 -55 55 -55 -55 55 55 -55 55 55 55 0 0 154
72116 -55 -55 -55 55 55 -55 55 55 55 55 -55 -55 -55 -55 -55 -55 0 0 154
72116 55 -55 -55 55 55 55 -55 55 55 -55 55 -55 55 55 -55 55 0 0 154
72116 -55 -55 -55 55 55 55 55 55 55 55 55 -55 55 55 -55 -55 0 0 -154
72116 55 -55 -55 55 55 -55 -55 55 55 -55 -55 -55 -55 -55 -55 55 0 0 -154
72116 -55 -55 55 55 55 55 55 -55 -55 55 55 55 55 55 -55 -55 0 0 154
72116 55 -55 55 55 55 -55 -55 -55 -55 -55 -55 55 -55 -55 -55 55 0 0 154
72116 -55 -55 55 55 55 -55 55 -55 -55 55 -55 55 -55 -55 -55 -55 0 0 -154
72116 55 -55 55 55 55 55 -55 -55 -55 -55 55 55 55 55 -55 55 0 0 -154
72116 -55 55 -55 -55 -55 55 55 55 55 55 55 -55 55 55 55 -55 0 0 154
72116 55 55 -55 -55 -55 -55 -55 55 55 -55 -55 -55 -55 -55 55 55 0 0 154
72116 -55 55 -55 -55 -55 -55 55 55 55 55 -55 -55 -55 -55 55 -55 0 0 -154
72116 55 55 -55 -55 -55 55 -55 55 55 -55 55 -55 55 55 55 55 0 0 -154
72116 -55 55 55 -55 -55 -55 55 -55 -55 55 -55 55 -55 -55 55 -55 0 0 154
72116 55 55 55 -55 -55 55 -55 -55 -55 -55 55 55 55 55 55 55 0 0 154
72116 -55 55 55 -55 -55 55 55 -55 -55 55 55 55 55 55 55 -55 0 0 -154
72116 55 55 55 -55 -55 -55 -55 -55 -55 -55 -55 55 -55 -55 55 55 0 0 -154
72116 -55 55 -55 55 -55 -55 55 -55 -55 55 55 -55 -55 55 -55 -55 154 0 0
72116 -55 55 -55 55 55 -55 55 55 -55 55 55 55 55 -55 55 -55 0 -154 0
72116 55 55 -55 55 -55 55 -55 -55 -55 -55 -55 -55 55 -55 -55 55 154 0 0
72116 55 55 -55 55 55 55 -55 55 -55 -55 -55 55 -55 55 55 55 0 -154 0
72116 -55 55 -55 55 55 55 55 55 -55 55 -55 55 -55 55 55 -55 0 154 0
72116 -55 55 -55 55 -55 55 55 -55 -55 55 -55 -55 55 -55 -55 -55 -154 0 0
72116 55 55 -55 55 55 -55 -55 55 -55 -55 55 55 55 -55 55 55 0 154 0
72116 55 55 -55 55 -55 -55 -55 -55 -55 -55 55 -55 -55 55 -55 55 -154 0 0
72116 -55 55 55 55 -55 55 55 55 55 55 -55 55 55 -55 -55 -55 154 0 0
72116 -55 55 55 55 55 55 55 -55 55 55 -55 -55 -55 55 55 -55 0 -154 0
72116 55 55 55 55 -55 -55 -55 55 55 -55 55 55 -55 55 -55 55 154 0 0
72116 55 55 55 55 55 -55 -55 -55 55 -55 55 -55 55 -55 55 55 0 -154 0
72116 -55 55 55 55 55 -55 55 -55 55 55 55 -55 55 -55 55 -55 0 154 0
72116 -55 55 55 55 -55 -55 55 55 55 55 55 55 -55 55 -55 -55 -154 0 0
72116 55 55 55 55 55 55 -55 -55 55 -55 -55 -55 -55 55 55 55 0 154 0
72116 55 55 55 55 -55 55 -55 55 55 -55 -55 55 55 -55 -55 55 -154 0 0
72116 -55 -55 -55 -55 55 55 55 -55 -55 55 -55 -55 55 -55 55 -55 154 0 0
72116 -55 -55 -55 -55 -55 55 55 55 -55 55 -55 55 -55 55 -55 -55 0 -154 0
72116 55 -55 -55 -55 55 -55 -55 -55 -55 -55 55 -55 -55 55 55 55 154 0 0
72116 55 -55 -55 -55 -55 -55 -55 55 -55 -55 55 55 55 -55 -55 55 0 -154 0
72116 -55 -55 -55 -55 -55 -55 55 55 -55 55 55 55 55 -55 -55 -55 0 154 0
72116 -55 -55 -55 -55 55 -55 55 -55 -55 55 55 -55 -55 55 55 -55 -154 0 0
72116 55 -55 -55 -55 -55 55 -55 55 -55 -55 -55 55 -55 55 -55 55 0 154 0
72116 55 -55 -55 -55 55 55 -55 -55 -55 -55 -55 -55 55 -55 55 55 -154 0 0
72116 -55 -55 55 -55 55 -55 55 55 55 55 55 55 -55 55 55 -55 154 0 0
72116 -55 -55 55 -55 -55 -55 55 -55 55 55 55 -55 55 -55 -55 -55 0 -154 0
72116 55 -55 55 -55 55 55 -55 55 55 -55 -55 55 55 -55 55 55 154 0 0
72116 55 -55 55 -55 -55 55 -55 -55 55 -55 -55 -55 -55 55 -55 55 0 -154 0
72116 -55 -55 55 -55 -55 55 55 -55 55 55 -55 -55 -55 55 -55 -55 0 154 0
72116 -55 -55 55 -55 55 55 55 55 55 55 -55 55 55 -55 55 -55 -154 0 0
72116 55 -55 55 -55 -55 -55 -55 -55 55 -55 55 -55 55 -55 -55 55 0 154 0
72116 55 -55 55 -55 55 -55 -55 55 55 -55 55 55 -55 55 55 55 -154 0 0
54475 -55 -55 55 -55 -55 -55 55 -55 55 55 -55 55 55 -55 55 55 45 45 45
54475 -55 -55 55 -55 55 -55 55 55 55 55 -55 -55 -55 55 -55 55 -45 -45 45
54475 55 -55 55 -55 -55 55 -55 -55 55 -55 55 55 -55 55 55 -55 45 45 45
54475 55 -55 55 -55 55 55 -55 55 55 -55 55 -55 55 -55 -55 -55 -45 -45 45
54475 -55 -55 55 -55 55 55 55 55 55 55 55 -55 55 -55 -55 55 45 45 -45
54475 -55 -55 55 -55 -55 55 55 -55 55 55 55 55 -55 55 55 55 -45 -45 -45
54475 55 -55 55 -55 55 -55 -55 55 55 -55 -55 -55 -55 55 -55 -55 45 45 -45
54475 55 -55 55 -55 -55 -55 -55 -55 55 -55 -55 55 55 -55 55 -55 -45 -45 -45
54475 -55 -55 -55 -55 -55 55 55 55 -55 55 55 -55 -55 55 55 55 45 45 45
54475 -55 -55 -55 -55 55 55 55 -55 -55 55 55 55 55 -55 -55 55 -45 -45 45
54475 55 -55 -55 -55 -55 -55 -55 55 -55 -55 -55 -55 55 -55 55 -55 45 45 45
54475 55 -55 -55 -55 55 -55 -55 -55 -55 -55 -55 55 -55 55 -55 -55 -45 -45 45
54475 -55 -55 -55 -55 55 -55 55 -55 -55 55 -55 55 -55 55 -55 55 45 45 -45
54475 -55 -55 -55 -55 -55 -55 55 55 -55 55 -55 -55 55 -55 55 55 -45 -45 -45
54475 55 -55 -55 -55 55 55 -55 -55 -55 -55 55 55 55 -55 -55 -55 45 45 -45
54475 55 -55 -55 -55 -55 55 -55 55 -55 -55 55 -55 -55 55 55 -55 -45 -45 -45
54475 -55 55 55 55 55 55 55 -55 55 55 55 55 -55 55 -55 55 45 45 45
54475 -55 55 55 55 -55 55 55 55 55 55 55 -55 55 -55 55 55 -45 -45 45
54475 55 55 55 55 55 -55 -55 -55 55 -55 -55 55 55 -55 -55 -55 45 45 45
54475 55 55 55 55 -55 -55 -55 55 55 -55 -55 -55 -55 55 55 -55 -45 -45 45
54475 -55 55 55 55 -55 -55 55 55 55 55 -55 -55 -55 55 55 55 45 45 -45
54475 -55 55 55 55 55 -55 55 -55 55 55 -55 55 55 -55 -55 55 -45 -45 -45
54475 55 55 55 55 -55 55 -55 55 55 -55 55 -55 55 -55 55 -55 45 45 -45
54475 55 55 55 55 55 55 -55 -55 55 -55 55 55 -55 55 -55 -55 -45 -45 -45
54475 -55 55 -55 55 55 -55 55 55 -55 55 -55 -55 55 -55 -55 55 45 45 45
54475 -55 55 -55 55 -55 -55 55 -55 -55 55 -55 55 -55 55 55 55 -45 -45 45
54475 55 55 -55 55 55 55 -55 55 -55 -55 55 -55 -55 55 -55 -55 45 45 45
54475 55 55 -55 55 -55 55 -55 -55 -55 -55 55 55 55 -55 55 -55 -45 -45 45
54475 -55 55 -55 55 -55 55 55 -55 -55 55 55 55 55 -55 55 55 45 45 -45
54475 -55 55 -55 55 55 55 55 55 -55 55 55 -55 -55 55 -55 55 -45 -45 -45
54475 55 55 -55 55 -55 -55 -55 -55 -55 -55 -55 55 -55 55 55 -55 45 45 -45
54475 55 55 -55 55 55 -55 -55 55 -55 -55 -55 -55 55 -55 -55 -55 -45 -45 -45
54475 -55 55 55 -55 -55 -55 55 -55 -55 55 55 -55 -55 -55 -55 55 45 -45 -45
54475 -55 55 55 -55 55 -55 55 55 -55 55 55 55 55 55 55 55 45 -45 45
54475 55 55 55 -55 -55 55 -55 -55 -55 -55 -55 -55 55 55 -55 -55 45 -45 -45
54475 55 55 55 -55 55 55 -55 55 -55 -55 -55 55 -55 -55 55 -55 45 -45 45
54475 -55 55 55 -55 55 55 55 55 -55 55 -55 55 -55 -55 55 55 -45 45 -45
54475 -55 55 55 -55 -55 55 55 -55 -55 55 -55 -55 55 55 -55 55 -45 45 45
54475 55 55 55 -55 55 -55 -55 55 -55 -55 55 55 55 55 55 -55 -45 45 -45
54475 55 55 55 -55 -55 -55 -55 -55 -55 -55 55 -55 -55 -55 -55 -55 -45 45 45
54475 -55 55 -55 -55 -55 55 55 55 55 55 -55 55 55 55 -55 55 45 -45 -45
54475 -55 55 -55 -55 55 55 55 -55 55 55 -55 -55 -55 -55 55 55 45 -45 45
54475 55 55 -55 -55 -55 -55 -55 55 55 -55 55 55 -55 -55 -55 -55 45 -45 -45
54475 55 55 -55 -55 55 -55 -55 -55 55 -55 55 -55 55 55 55 -55 45 -45 45
54475 -55 55 -55 -55 55 -55 55 -55 55 55 55 -55 55 55 55 55 -45 45 -45
54475 -55 55 -55 -55 -55 -55 55 55 55 55 55 55 -55 -55 -55 55 -45 45 45
54475 55 55 -55 -55 55 55 -55 -55 55 -55 -55 -55 -55 -55 55 -55 -45 45 -45
54475 55 55 -55 -55 -55 55 -55 55 55 -55 -55 55 55 55 -55 -55 -45 45 45
54475 -55 -55 55 55 55 55 55 -55 -55 55 -55 -55 55 55 55 55 45 -45 -45
54475 -55 -55 55 55 -55 55 55 55 -55 55 -55 55 -55 -55 -55 55 45 -45 45
54475 55 -55 55 55 55 -55 -55 -55 -55 -55 55 -55 -55 -55 55 -55 45 -45 -45
54475 55 -55 55 55 -55 -55 -55 55 -55 -55 55 55 55 55 -55 -55 45 -45 45
54475 -55 -55 55 55 -55 -55 55 55 -55 55 55 55 55 55 -55 55 -45 45 -45
54475 -55 -55 55 55 55 -55 55 -55 -55 55 55 -55 -55 -55 55 55 -45 45 45
54475 55 -55 55 55 -55 55 -55 55 -55 -55 -55 55 -55 -55 -55 -55 -45 45 -45
54475 55 -55 55 55 55 55 -55 -55 -55 -55 -55 -55 55 55 55 -55 -45 45 45
54475 -55 -55 -55 55 55 -55 55 55 55 55 55 55 -55 -55 55 55 45 -45 -45
54475 -55 -55 -55 55 -55 -55 55 -55 55 55 55 -55 55 55 -55 55 45 -45 45
54475 55 -55 -55 55 55 55 -55 55 55 -55 -55 55 55 55 55 -55 45 -45 -45
54475 55 -55 -55 55 -55 55 -55 -55 55 -55 -55 -55 -55 -55 -55 -55 45 -45 45
54475 -55 -55 -55 55 -55 55 55 -55 55 55 -55 -55 -55 -55 -55 55 -45 45 -45
54475 -55 -55 -55 55 55 55 55 55 55 55 -55 55 55 55 55 55 -45 45 45
54475 55 -55 -55 55 -55 -55 -55 -55 55 -55 55 -55 55 55 -55 -55 -45 45 -45
54475 55 -55 -55 55 55 -55 -55 55 55 -55 55 55 -55 -55 55 -55 -45 45 45
